epoch,train_mse,val_mse,val_psnr,val_ssim,noisy_mse,noisy_psnr,noisy_ssim,train_phase_time_sec,validation_time_sec,epoch_time_sec,total_time_sec,train_images_per_sec,validation_images_per_sec,val_lambda_mean,val_lambda_std,val_lambda_min,val_lambda_max,val_lambda_p01,val_lambda_median,val_lambda_p99,val_lambda_lower_saturation_fraction,val_lambda_upper_saturation_fraction
1,0.0012294897956599,0.0011331098829396,29.970425529479986,0.7949114561080932,0.0096982070058584,20.136563453674317,0.3222671094536781,79.67695783300223,5.268510083002184,84.94579212499957,84.94587841699831,6.275339992874323,9.490349114318906,2.964763813018799,0.0683480903506279,2.266331911087036,3.1306982040405273,2.5079651498794555,2.9717373609542848,3.040343403816223,0.0,0.0
2,0.0011621444458323,0.0011280993808759,29.99530197143555,0.7963289034366607,0.0096982070058584,20.136563453674317,0.3222671094536781,81.27776087500024,5.3089697920004255,86.58705604100032,171.6510027089971,6.151744273183984,9.418023073956869,2.9955603456497193,0.1160038559138774,2.273445844650269,3.343374013900757,2.545425157546997,3.0023668718338015,3.216689805984497,0.0,0.0
3,0.0011664965416421,0.0011181636422406,30.02792423248291,0.796517847776413,0.0096982070058584,20.136563453674317,0.3222671094536781,86.20058187500035,5.519574124999053,91.72049666599924,263.4674757499997,5.800424882572731,9.058669902364718,2.958577136993408,0.2704401655495166,2.216683864593506,3.9822990894317623,2.42004415512085,2.947496576309204,3.607465844154358,0.0,0.0
4,0.0011409369323519,0.0011130862816935,30.037138290405274,0.7949098086357117,0.0096982070058584,20.136563453674317,0.3222671094536781,90.13546320800016,5.816285459000937,95.95207870800004,359.5136300419981,5.547206196147018,8.596551932062237,2.9192156314849855,0.4771704867482185,2.024524688720703,4.865455627441406,2.154575996398926,2.870439324378967,4.129690828323365,0.0,0.0
5,0.0010911688345986,0.0011196545127313,29.873239479064942,0.7709044218063354,0.0096982070058584,20.136563453674317,0.3222671094536781,93.55630341700088,5.35986958400099,98.91650520799884,458.5238109589991,5.3443753305578,9.32858518596201,2.0573519611358644,0.4310250401496887,1.1311578750610352,4.245688438415527,1.4307955265045167,1.9870609331130984,3.2778174018859865,0.0,0.0
6,0.0010424154158026,0.0010876315552741,30.147113304138184,0.7976528620719909,0.0096982070058584,20.136563453674317,0.3222671094536781,91.32569950000106,6.045962958000018,97.37199462499848,555.9430900419975,5.474910159324804,8.269981200238748,3.098670558929443,0.7089714574813842,0.6681845784187317,5.817327499389648,1.5025398743152618,3.158507924079895,4.604120216369629,0.0,0.0
7,0.0009974001174268,0.0008808308219886,31.003382835388184,0.834106034040451,0.0096982070058584,20.136563453674317,0.3222671094536781,103.51344199999949,6.9748821670000325,110.48877395800082,666.5248272919998,4.830290543328687,7.168579884626999,4.249676475524902,1.9542138171195984,0.0210543014109134,8.222381591796875,0.5633341962099075,4.640547134876251,7.5238689422607425,0.00017822265625,0.0
8,0.000861243328014,0.0008742289373185,31.08464107513428,0.8405419683456421,0.0096982070058584,20.136563453674317,0.3222671094536781,111.2278262079999,6.98457454200252,118.21274237499892,784.8301305839996,4.49527799873552,7.158632168547907,5.541492028236389,2.3712554144859315,0.0175613649189472,8.299494743347168,0.5812204292416573,6.506280941963196,8.070796899795532,0.0002392578125,0.0011447143554687
9,0.0008155468060485,0.0008564877149183,31.174983139038087,0.8433387124538422,0.0096982070058584,20.136563453674317,0.3222671094536781,110.58157591599957,7.0828068330010865,117.66470412499984,902.5870894589972,4.521548873383863,7.059348246945524,5.716148319244385,2.5346450853347777,0.0145840989425778,8.315461158752441,0.5863971783220768,6.693807508945465,8.250803155899048,0.0009555053710937,0.0670034790039062
10,0.0008298851544313,0.0008548587094992,31.19400909423828,0.8427162253856659,0.0096982070058584,20.136563453674317,0.3222671094536781,110.9386898340017,7.147879457999807,118.08698175000244,1020.7668262499974,4.506993914820459,6.995081589413305,6.280496954917908,2.4559822702407836,0.0668282359838485,8.319758415222168,0.8212421768903733,7.489086608886719,8.301392917633057,7.62939453125e-06,0.2970504760742187
11,0.0008765873137635,0.0008685496178804,31.1325931930542,0.8412214136123657,0.0096982070058584,20.136563453674317,0.3222671094536781,114.44355679100045,7.119524958998227,121.56342212500022,1142.4242083339996,4.368965925387236,7.022940475376238,6.157934517860412,2.271465619802475,0.0440461486577987,8.315397262573242,0.8088328158855438,7.145058078765869,8.272747325897218,3.265380859375e-05,0.1490374755859375
12,0.0007915671182854,0.0008177049577352,31.35239933013916,0.850108094215393,0.0096982070058584,20.136563453674317,0.3222671094536781,113.63464579100037,7.149347708997084,120.78433162500004,1263.2559051669996,4.400066515977991,6.993645019821541,5.683317079544067,2.633476662635803,0.0368356555700302,8.320088386535645,0.6634630085527897,6.492416541576386,8.313270168304443,0.0001690673828125,0.2935223388671875
13,0.0007653513589066,0.0008112079522106,31.38908000946045,0.8518015778064728,0.0096982070058584,20.136563453674317,0.3222671094536781,113.49524437500077,7.154768542000966,120.65035716700004,1384.0040572090002,4.405470931873983,6.98834626256359,5.886082696914673,2.604561014175415,0.0704787299036979,8.320244789123535,0.7974477103352546,6.919910306930542,8.317167835235596,8.544921875e-06,0.3727963256835938
14,0.0008616826033321,0.0008029966012691,31.427720565795894,0.8534915053844452,0.0096982070058584,20.136563453674317,0.3222671094536781,114.21370616700004,7.173208249998424,121.38724012499732,1505.4901159999972,4.377758298718668,6.970381767462416,5.424491820335388,2.640166847705841,0.039028100669384,8.32019329071045,0.6763914249837398,5.93353444814682,8.316028327941895,0.0001724243164062,0.3034957885742187
15,0.0007883391543628,0.0008131019110442,31.38152515411377,0.8493860065937042,0.0096982070058584,20.136563453674317,0.3222671094536781,114.33427637500064,7.163787833000242,121.49839087500004,1627.0899944589985,4.373141772114507,6.979547854512557,6.2580950069427494,2.5070473164319993,0.0447682924568653,8.320316314697266,0.8645514908432961,7.456816895008087,8.319943466186523,5.706787109375e-05,0.4713934326171875
16,0.0007420736822709,0.0008012874226551,31.438070526123045,0.8528144001960755,0.0096982070058584,20.136563453674317,0.3222671094536781,114.6670438330002,7.157364917002269,121.82474241700038,1748.962072167,4.360450773704382,6.9858112000444965,5.710218930244446,2.6001814609766005,0.02631695009768,8.320310592651367,0.7269237169623375,6.41604368686676,8.319242496490478,0.000252685546875,0.3868695068359375
17,0.0007703875629449,0.0008122479991288,31.35941951751709,0.8542184388637543,0.0096982070058584,20.136563453674317,0.3222671094536781,115.09037375000116,7.164920499999425,122.25562416699904,1871.3169878339977,4.344411993014272,6.9784444921620565,4.845015230178833,2.733397855758667,0.0169144179672002,8.320335388183594,0.467525532990694,4.821778166294098,8.316683330535888,0.0005172729492187,0.2630038452148437
18,0.0007846999459043,0.0007925835749483,31.478195037841797,0.8538432359695435,0.0096982070058584,20.136563453674317,0.3222671094536781,116.1095326249997,7.126788458001101,123.23664804099826,1994.602281708998,4.306278637903537,7.015782816433398,6.052607622146606,2.635992884039879,0.0261797811836004,8.320335388183594,0.6954112984240055,7.194998145103455,8.320321140289307,0.0002633666992187,0.5146112060546875
19,0.0007503836091091,0.0007958991121267,31.451380844116212,0.8561044263839722,0.0096982070058584,20.136563453674317,0.3222671094536781,116.02268999999797,7.118654083002184,123.1416814160002,2117.840355917,4.309501874159346,7.023799642040376,5.173502259254455,2.767674741744995,0.025137286633253,8.320335388183594,0.5599240019917489,5.4140939831733705,8.320216255187988,0.0002658081054687,0.37114013671875
20,0.0007959228357813,0.0007870176981668,31.507892532348635,0.8544295191764831,0.0096982070058584,20.136563453674317,0.3222671094536781,116.26013220800088,7.113946166999085,123.37442641600136,2241.262416833997,4.300700425021456,7.028447900258961,5.943518214225769,2.603631145954132,0.0294011291116476,8.320335388183594,0.7527810508012771,6.877837924957276,8.320334873199464,0.0001971435546875,0.5001605224609375
21,0.0007797661278409,0.0008196250873152,31.356499862670898,0.8473916208744049,0.0096982070058584,20.136563453674317,0.3222671094536781,129.67796704097418,7.2808685839991085,136.95916220796062,2378.2216764169716,3.855705108655934,6.867312522283828,6.397469844818115,2.393728967308998,0.0507651530206203,8.320335388183594,0.935785471200943,7.516620721817016,8.320320777893066,2.716064453125e-05,0.5255670166015625
22,0.0007633975104781,0.0007849852723302,31.504029159545897,0.8557507169246673,0.0096982070058584,20.136563453674317,0.3222671094536781,130.60470895899925,7.252980165998451,137.8585326250177,2516.156101500019,3.828345884197522,6.893718010480311,5.10164101600647,2.6528012704849244,0.0244015511125326,8.320335388183594,0.6052831120789051,5.163957614898681,8.320084362030029,0.0001885986328125,0.31727294921875
23,0.0007686076296795,0.0007755892392015,31.56191375732422,0.8576930749416352,0.0096982070058584,20.136563453674317,0.3222671094536781,130.24039108405125,7.268113124999218,137.50882087502396,2653.7274462919886,3.8390548111708505,6.879364580611888,5.672045583724976,2.7225278556346892,0.0296249091625213,8.320335388183594,0.5961279006302357,6.49684693813324,8.320334911346436,0.0001788330078125,0.4655731201171875
24,0.0007750573612229,0.0007741258922033,31.569068145751952,0.8575061094760895,0.0096982070058584,20.136563453674317,0.3222671094536781,130.68238895904506,7.2372942920192145,137.9201922090142,2791.7651905839884,3.826070245445976,6.908659228509821,5.488502697944641,2.6217321872711183,0.0201449729502201,8.320335388183594,0.6471575224399566,5.88079431772232,8.320329685211181,0.00015380859375,0.3993185424804688
25,0.0007674182203627,0.0007889093484845,31.49724479675293,0.8519450724124908,0.0096982070058584,20.136563453674317,0.3222671094536781,129.46252858295338,7.37851120805135,136.84136812499491,2928.725775499988,3.862121383482974,6.776434783407329,6.458922786712646,2.5133331537246706,0.028615079820156,8.320335388183594,0.6945701482892036,7.810159521102905,8.320335388183594,0.0001559448242187,0.5992733764648438
26,0.000756866331118,0.0007860661766608,31.474791984558102,0.8544583463668823,0.0096982070058584,20.136563453674317,0.3222671094536781,130.8444266670267,7.219800082966685,138.06455537502188,3066.8507242500054,3.8213320409313383,6.925399515973096,5.219031052589417,2.7610167121887206,0.0194360092282295,8.320335388183594,0.4800233809649944,5.50207505941391,8.320322074890136,0.0003643798828125,0.3534298706054687
27,0.0007847054519406,0.0007719866736442,31.58233013153076,0.8563263297080994,0.0096982070058584,20.136563453674317,0.3222671094536781,130.38746420800453,7.183351541985758,137.57164758298313,3204.480180791972,3.834724473223591,6.960539200644224,6.029919972419739,2.6009357237815856,0.0263405516743659,8.320335388183594,0.6365481041371822,7.149565935134888,8.320335216522217,0.0001925659179687,0.5044976806640625
28,0.0007340136635466,0.0007738083947333,31.572210845947264,0.8580239629745483,0.0096982070058584,20.136563453674317,0.3222671094536781,129.83267508400604,7.266931042016949,137.09992333402624,3341.7004741669953,3.851110667453193,6.880483619688018,5.7746941614151,2.7035698771476744,0.0140981003642082,8.320335388183594,0.5363537523895502,6.694370574951172,8.32033483505249,0.0004278564453125,0.483760986328125
29,0.0007474859795165,0.0007692176973796,31.59443328857422,0.858644585609436,0.0096982070058584,20.136563453674317,0.3222671094536781,129.6802683750284,7.229355084011331,136.90994479099754,3478.6714528339653,3.8556366844802232,6.9162462514231136,5.718186140060425,2.6967408895492553,0.0167567301541566,8.320335388183594,0.5781418915092945,6.553399093151093,8.320335025787353,0.0003140258789062,0.466787109375
30,0.0007584603682971,0.0007680044532753,31.60149238586426,0.8580829751491547,0.0096982070058584,20.136563453674317,0.3222671094536781,130.67827795800986,7.25081570801558,137.9296149170259,3616.7201624589943,3.826190609587481,6.895775870392949,5.6103291416168215,2.6544492161273956,0.0231589339673519,8.320335388183594,0.6191682127118111,6.194248356819153,8.320334129333496,0.0001849365234375,0.4321035766601562
31,0.0008089324112543,0.0007687606368563,31.599362564086913,0.856914176940918,0.0096982070058584,20.136563453674317,0.3222671094536781,131.48868137499085,7.207783707999624,138.69681258301716,3755.5347367499926,3.8026086714951273,6.936945117332953,5.858132152557373,2.5384602093696595,0.0170562956482172,8.320335388183594,0.6545352241396905,6.634933433532715,8.320334644317628,0.00031494140625,0.4433370971679687
32,0.0007422122542975,0.0007643013849155,31.62076992034912,0.858782970905304,0.0096982070058584,20.136563453674317,0.3222671094536781,130.91656383295776,7.248252500023227,138.16513366700383,3893.759618166994,3.819226424533813,6.898214431663325,5.700584273338318,2.652440291643143,0.0218556318432092,8.320335388183594,0.5973157489299774,6.3951438045501705,8.320335102081298,0.0002029418945312,0.4520443725585937
33,0.0007826581924464,0.0007684732516645,31.59928508758545,0.8578356778621674,0.0096982070058584,20.136563453674317,0.3222671094536781,129.86998504196526,7.257360374962445,137.1282160829869,4031.0067437090183,3.850004293435727,6.8895572793239905,5.580361857414245,2.6654873645305632,0.0104619283229112,8.320335388183594,0.5708348673582077,6.128757152557373,8.320335121154786,0.0004434204101562,0.4331613159179687
34,0.0007390528804535,0.0007635771829518,31.62647636413574,0.8585113036632538,0.0096982070058584,20.136563453674317,0.3222671094536781,132.01018329098588,7.238129333010875,139.2486401660135,4170.315290792016,3.787586590178924,6.907862197483185,5.810826110839844,2.6437470269203187,0.0203651916235685,8.320335388183594,0.5931534649431706,6.680577545166016,8.320335350036622,0.0001956176757812,0.4811520385742187
35,0.0007484515454216,0.0007640959700802,31.623766555786133,0.8579803311824798,0.0096982070058584,20.136563453674317,0.3222671094536781,131.33465487498324,7.2131962919957004,138.54817116598133,4308.980051791979,3.8070682903605855,6.93173982461613,5.856792182922363,2.591594399213791,0.0220599900931119,8.320335388183594,0.6697314722836017,6.681044631004333,8.320335350036622,0.0001895141601562,0.4864669799804687
36,0.000753105939988,0.0007626860029995,31.63135391235351,0.8585355007648467,0.0096982070058584,20.136563453674317,0.3222671094536781,131.2115814590361,7.22545483300928,138.43736266699852,4447.479829750009,3.810639231995681,6.919979593751864,5.887040028572082,2.6186154770851133,0.0137569904327392,8.320335388183594,0.5954269519448281,6.829366965293884,8.320335388183594,0.000345458984375,0.4929095458984375
37,0.0007514238367293,0.000763188759447,31.629515380859377,0.8576015186309814,0.0096982070058584,20.136563453674317,0.3222671094536781,131.3010378750041,7.161871124990284,138.4632606250234,4586.062484333976,3.8080430139172985,6.981415767945395,5.973304886817932,2.59315731883049,0.0253501869738101,8.320335388183594,0.6209273317456245,7.005425505638122,8.320335388183594,0.0001931762695312,0.5000775146484375
38,0.0007596340701384,0.0007703963809763,31.59327407836914,0.8553421199321747,0.0096982070058584,20.136563453674317,0.3222671094536781,130.72317283402663,7.160634375002701,137.8843205840094,4724.006529042017,3.8248765628939223,6.982621564165695,6.236482682228089,2.478734780550003,0.0339498743414878,8.320335388183594,0.7248993918299675,7.386437487602234,8.320335388183594,7.598876953125e-05,0.5351980590820312
39,0.0007887448263909,0.0008495032382779,31.24670383453369,0.843011691570282,0.0096982070058584,20.136563453674317,0.3222671094536781,130.99951637501363,7.187381416966673,138.1872233329923,4862.253261958991,3.816807983997781,6.9566365132604515,6.89357741355896,2.18272509098053,0.0622981786727905,8.320335388183594,0.9621488055586817,8.109191722869873,8.320335388183594,8.23974609375e-06,0.6248947143554687
40,0.0007412299960292,0.0007680235034786,31.607563934326173,0.8555898368358612,0.0096982070058584,20.136563453674317,0.3222671094536781,129.7818887499743,7.356322000036016,137.13854041695595,4999.453511374988,3.8526176866115223,6.796874851285086,6.2641249990463255,2.5017062282562255,0.028438251465559,8.320335388183594,0.6920101018249989,7.4569182777404786,8.320335388183594,0.00015625,0.5501934814453125
41,0.0007794681538198,0.000759656393202,31.643899307250976,0.8597056078910827,0.0096982070058584,20.136563453674317,0.3222671094536781,131.6091614579782,7.215469999995548,138.8249438329949,5138.339462749995,3.799127617416256,6.929555524453826,5.54441737651825,2.611692681312561,0.0292590465396642,8.320335388183594,0.6739230462908745,5.974239099025726,8.320335025787353,7.049560546875e-05,0.4248123168945312
42,0.0007891129044019,0.0007587270272779,31.649508361816405,0.860064046382904,0.0096982070058584,20.136563453674317,0.3222671094536781,131.14225412503583,7.186108041962143,138.32885741704376,5276.7897405419935,3.812653696826666,6.957869226016767,5.5314120054244995,2.6394459545612334,0.0185735318809747,8.320335388183594,0.6046357111632824,5.961670582294464,8.320334510803223,0.0002581787109375,0.4260903930664062
43,0.0007551971425932,0.0007594363973475,31.64569034576416,0.8601552176475525,0.0096982070058584,20.136563453674317,0.3222671094536781,131.53555591701297,7.164048250007909,138.6999180840212,5415.609760541978,3.8012535585089617,6.979294144193515,5.691575784683227,2.635818227529526,0.0307463053613901,8.320335388183594,0.6601889176666736,6.399747259616852,8.320335388183594,7.62939453125e-05,0.46635009765625
44,0.0007257149922952,0.0007612067105947,31.640916213989257,0.8580484938621521,0.0096982070058584,20.136563453674317,0.3222671094536781,131.21428345801542,7.234454749966972,138.44905533298152,5554.118980958985,3.8105607623120146,6.911370894983934,5.871597137451172,2.5428908228874207,0.0121413879096508,8.320335388183594,0.5692431426048279,6.659105672836303,8.320335369110108,0.0005905151367187,0.450213623046875
45,0.0007372680589032,0.0007574293197831,31.652917976379396,0.8599783480167389,0.0096982070058584,20.136563453674317,0.3222671094536781,130.41733566694893,7.211089374963194,137.62877195799956,5691.807875792016,3.833846148159832,6.933765122035421,5.523168830871582,2.651916742324829,0.0182735938578844,8.320335388183594,0.5787660227715969,5.970999877452851,8.320335025787353,0.0002142333984375,0.417740478515625
46,0.0007568596815945,0.0007576094381511,31.659686851501466,0.857840439081192,0.0096982070058584,20.136563453674317,0.3222671094536781,130.38480300002266,7.178333375020884,137.563459625002,5829.489338874977,3.834802741542763,6.965405113948826,6.164860954284668,2.532983024120331,0.0210671611130237,8.320335388183594,0.6027168196439743,7.304818167686462,8.320335388183594,0.000223388671875,0.5294009399414062
47,0.0007691448343075,0.0007634467401658,31.61949489593506,0.8587197101116181,0.0096982070058584,20.136563453674317,0.3222671094536781,131.53178008302348,7.187980582995806,138.72028466698248,5968.3291767500195,3.8013626796839337,6.956056631299497,5.680477442741394,2.6436003637313843,0.0266871806234121,8.320335388183594,0.6490557950735092,6.427553076744079,8.320335388183594,0.0001461791992187,0.4699221801757812
48,0.0007299154929833,0.000758534905035,31.65703716278076,0.858401917219162,0.0096982070058584,20.136563453674317,0.3222671094536781,130.53523404098814,7.200324624951463,137.73588966601528,6106.126357874993,3.8303834491383353,6.9441313557910656,5.9265702438354495,2.615135531425476,0.0257372073829174,8.320335388183594,0.620706062912941,6.869246068000794,8.320335388183594,0.0001812744140625,0.5190740966796875
49,0.0007358850766731,0.0007574595356709,31.656091079711913,0.8612182629108429,0.0096982070058584,20.136563453674317,0.3222671094536781,130.7776612919988,7.231315917044412,138.00931950000813,6244.196980874971,3.823282929671038,6.914370852219111,5.456311631202698,2.6607003128528595,0.0156739354133605,8.320335388183594,0.5394636312127113,5.884249255657196,8.320334129333496,0.0003414916992187,0.4168832397460937
50,0.0007542289796874,0.0007526009556022,31.683252029418945,0.8606904900074005,0.0096982070058584,20.136563453674317,0.3222671094536781,129.9380047500017,7.204633000015747,137.14357662497787,6381.402112875003,3.847988900260479,6.9399787608738315,5.767351775169373,2.644081782102585,0.0208617653697729,8.320335388183594,0.5950034666061401,6.557010903358459,8.320335388183594,0.000224609375,0.4828103637695312
51,0.0007480742460684,0.0007896342582534,31.47875858306885,0.8589185214042664,0.0096982070058584,20.136563453674317,0.3222671094536781,131.073576166993,7.183335667010397,138.2572417090414,6519.775935583966,3.814651393679683,6.960554583245488,5.0753821182250975,2.8430188965797423,0.0134624084457755,8.320335388183594,0.4126932622492313,5.239716484546661,8.320327396392821,0.000623779296875,0.39162353515625
52,0.0007239211560699,0.0007534896416473,31.679877319335937,0.8594957041740418,0.0096982070058584,20.136563453674317,0.3222671094536781,129.8855390419485,7.254733874986414,137.14076745900093,6656.974538292023,3.849543249295192,6.892051570960436,5.939289646148682,2.584789822101593,0.0256222616881132,8.320335388183594,0.5964461098611354,6.863734338283539,8.320335388183594,0.0001406860351562,0.4796664428710937
53,0.0007293671506577,0.0007550111753516,31.675088157653807,0.859114087820053,0.0096982070058584,20.136563453674317,0.3222671094536781,130.7195921660168,7.1945777089567855,137.91449699999066,6794.9479119590105,3.824981333823233,6.949678219161247,5.829093255996704,2.5774192333221437,0.038396205753088,8.320335388183594,0.6509366348385811,6.569606814384461,8.320335388183594,4.852294921875e-05,0.4786126708984375
54,0.0007178502066717,0.0007540904564666,31.674648246765138,0.8603204786777496,0.0096982070058584,20.136563453674317,0.3222671094536781,129.86462041694904,7.2186101250117645,137.08356558397645,6932.091631208998,3.850163334668658,6.926541139374598,5.851590528488159,2.6465052723884583,0.0158853586763143,8.320335388183594,0.5497863586246967,6.771818459033966,8.320335388183594,0.0003384399414062,0.48913818359375
55,0.000720241074538,0.0007586077539599,31.63544330596924,0.859512619972229,0.0096982070058584,20.136563453674317,0.3222671094536781,130.56841716601048,7.162950082973111,137.73170766601106,7069.882258084006,3.829409981774366,6.980364154547702,5.181922125816345,2.6397033667564394,0.0234363302588462,8.320335388183594,0.5162056218087673,5.290294723510742,8.320319080352784,0.0002655029296875,0.3470245361328125
56,0.0007253441867605,0.000752893226454,31.683672065734864,0.8591144108772277,0.0096982070058584,20.136563453674317,0.3222671094536781,130.2605733340024,7.211254374997225,137.47214066702873,7207.418285374981,3.8384599975461886,6.933606471206924,5.904754867553711,2.516676253080368,0.0264954082667827,8.320335388183594,0.7022087590396404,6.6819614934921265,8.320335388183594,9.918212890625e-05,0.4735836791992187
57,0.0007670729752153,0.0007490903392317,31.703126487731932,0.8602980327606201,0.0096982070058584,20.136563453674317,0.3222671094536781,131.665692959039,7.198923624993768,138.86493670899654,7346.399766542003,3.797496437857576,6.945482770008313,5.9391614437103275,2.6025335383415222,0.0248498786240816,8.320335388183594,0.5921617014706135,6.911533238887787,8.320335388183594,0.0002017211914062,0.5022677612304688
58,0.0007390385494068,0.0007497979424078,31.697450523376464,0.8611640000343322,0.0096982070058584,20.136563453674317,0.3222671094536781,131.1659276249702,7.204587583022658,138.3708422499476,7484.888215625004,3.8119655695158934,6.940022509799609,5.582972364425659,2.60715166926384,0.0160130262374877,8.320335388183594,0.6044584728777409,6.066724400520325,8.320335388183594,0.0002206420898437,0.436436767578125
59,0.0007420770978988,0.0007483938575023,31.706494560241698,0.860786714553833,0.0096982070058584,20.136563453674317,0.3222671094536781,131.37700774997938,7.238434207974933,138.61596237501362,7623.565471334019,3.8058409805735463,6.907571245852118,5.786708798408508,2.5983633279800413,0.0156952757388353,8.320335388183594,0.5748310895264148,6.52135792016983,8.320335388183594,0.0002328491210937,0.4668350219726562
60,0.0007368922701498,0.0007737548454315,31.599192810058593,0.8564504754543304,0.0096982070058584,20.136563453674317,0.3222671094536781,130.89403879101155,7.137699582963251,138.03205408301437,7761.714274624988,3.819883660235372,7.005058060911308,6.154568114280701,2.4417213559150697,0.0380506105720996,8.320335388183594,0.8085197749733924,7.129415774345398,8.320335388183594,1.220703125e-05,0.5163369750976563
61,0.0007535507631428,0.0007476830243831,31.710600547790527,0.8606920433044434,0.0096982070058584,20.136563453674317,0.3222671094536781,130.58238970895763,7.049247834016569,137.63195470895153,7899.405946874976,3.8290002282421183,7.0929553304569595,5.93086151599884,2.5775886690616607,0.0215575285255908,8.320335388183594,0.5987084582448006,6.900625298023224,8.320335388183594,0.0002273559570312,0.4907745361328125
62,0.0007328380323187,0.0007489454894675,31.70628890991211,0.8595547091960907,0.0096982070058584,20.136563453674317,0.3222671094536781,129.3804825419793,7.106260958011262,136.48763437499292,8036.00867754202,3.864570530085696,7.036048956748818,6.086431083679199,2.5638267898559572,0.0325440056622028,8.320335388183594,0.6198949804902076,7.20830677986145,8.320335388183594,0.0001156616210937,0.5283212280273437
63,0.000713076579279,0.0007461581245297,31.717327919006348,0.8617436397075653,0.0096982070058584,20.136563453674317,0.3222671094536781,130.1578826670302,7.449477875023149,137.60768270900007,8173.677349916994,3.841488427397821,6.711879790614805,5.712780723571777,2.6415195536613463,0.0231755189597606,8.320335388183594,0.5399939832091332,6.433824853897095,8.320335388183594,0.000233154296875,0.4615411376953125
64,0.0007304921278987,0.0007459592624218,31.719207801818847,0.8608112132549286,0.0096982070058584,20.136563453674317,0.3222671094536781,131.59280920802848,7.241459458018653,138.83476350002456,8312.62885754199,3.799599712242445,6.904685483619427,5.807277321815491,2.5466007626056673,0.0177845694124698,8.320335388183594,0.5911054418981075,6.501193568706513,8.320335388183594,0.0001956176757812,0.4438214111328125
65,0.0007335610099503,0.000745104952075,31.72404197692871,0.860644543170929,0.0096982070058584,20.136563453674317,0.3222671094536781,129.89375683304388,7.258485499944072,137.15256462502293,8449.89723287498,3.849299706087215,6.888489341252422,6.008133158683777,2.581487171649933,0.0230561159551143,8.320335388183594,0.5978588074445724,7.079023723602295,8.320335388183594,0.0002011108398437,0.5122189331054687
66,0.0007198832501981,0.0007522392159444,31.68671657562256,0.8577583754062652,0.0096982070058584,20.136563453674317,0.3222671094536781,130.6094028329826,7.2154775420203805,137.82519875001162,8587.839599583982,3.828208300128111,6.929548281290843,6.316312103271485,2.4724604761600495,0.0120146954432129,8.320335388183594,0.6475957591831684,7.4895885467529295,8.320335388183594,0.0002239990234375,0.5663845825195313
67,0.0007487680798785,0.0007456536625977,31.72254154205322,0.8605713784694672,0.0096982070058584,20.136563453674317,0.3222671094536781,131.4360830829828,7.229788834054489,138.6662134170183,8726.56750250001,3.8041304052276312,6.9158313123178505,5.878630757331848,2.532666751146317,0.0134776523336768,8.320335388183594,0.6550667324662208,6.674502935409546,8.320335388183594,0.0001693725585937,0.4650634765625
68,0.0007490657966263,0.0007563947077142,31.66744125366211,0.8575889563560486,0.0096982070058584,20.136563453674317,0.3222671094536781,130.42480862501543,7.226476415991783,137.65178916603327,8864.278620833982,3.833626480047602,6.919001339207699,6.254826650619507,2.480271382331848,0.0222969930619001,8.320335388183594,0.7088673007488251,7.42175461769104,8.320335388183594,8.209228515625e-05,0.5621722412109375
69,0.0007381667036133,0.0007444998720893,31.728657722473145,0.8602122366428375,0.0096982070058584,20.136563453674317,0.3222671094536781,131.3621828329633,7.3209765840438195,138.68349808297353,9003.021422791979,3.806270489854655,6.829689922649905,6.027014169692993,2.50576145529747,0.0187676008790731,8.320335388183594,0.6344173409044742,6.9732290410995486,8.320335388183594,0.0001583862304687,0.4890213012695312
70,0.0007253619039715,0.0007643650606041,31.62743396759033,0.854404685497284,0.0096982070058584,20.136563453674317,0.3222671094536781,130.52188445796492,7.192461500002537,137.71466429100838,9140.850851375011,3.830775215025546,6.951722994969436,6.573030133247375,2.426665915250778,0.0156227611005306,8.320335388183594,0.6564227268099785,7.802844362258911,8.320335388183594,0.0002468872070312,0.6208001708984375
71,0.000728244605485,0.0007448190817376,31.72596836090088,0.8613483357429504,0.0096982070058584,20.136563453674317,0.3222671094536781,131.2897567920154,7.301004374981858,138.59106937499018,9279.50420083401,3.808370220321775,6.84837283091263,5.70541018486023,2.6092301452159883,0.0144214704632759,8.320335388183594,0.5859598289430141,6.341115520000458,8.320335350036622,0.0001651000976562,0.4543521118164062
72,0.0008028478129472,0.0007428061673999,31.734480171203614,0.8619178175926209,0.0096982070058584,20.136563453674317,0.3222671094536781,132.45513124996796,7.266749917005654,139.72219324996695,9419.287604833997,3.7748631954197767,6.880655116944365,5.646513767242432,2.6077829539775848,0.015310363844037,8.320335388183594,0.5927041739225387,6.207204077243805,8.320335369110108,0.0001760864257812,0.4402505493164062
73,0.0007194317181865,0.0007423118155566,31.741312904357912,0.8609897041320801,0.0096982070058584,20.136563453674317,0.3222671094536781,131.28473341697827,7.231066625041421,138.51612237497466,9557.921477959011,3.808515940782936,6.914609226092366,6.00641360282898,2.5520831823348997,0.0131597761064767,8.320335388183594,0.5757468342781067,7.007771201133728,8.320335388183594,0.0002517700195312,0.49824462890625
74,0.0007439205311156,0.000747624078358,31.7063809967041,0.8609008276462555,0.0096982070058584,20.136563453674317,0.3222671094536781,130.95267091598362,7.232815916999243,138.18580799998017,9696.222698917016,3.8181733637245863,6.912936893981403,5.624983477592468,2.6171488857269285,0.0102559486404061,8.320335388183594,0.5280096732079983,6.241516833305359,8.320335388183594,0.0003424072265625,0.4500714111328125
75,0.0007362252865223,0.0007410448809969,31.74655876159668,0.8614555335044861,0.0096982070058584,20.136563453674317,0.3222671094536781,131.78027862502495,7.242558750032913,139.0233349580085,9835.30836554202,3.7941944365038736,6.903637474776823,5.930670185089111,2.5709890186786652,0.0205111857503652,8.320335388183594,0.6211137518286705,6.879260468482971,8.320335388183594,0.0001046752929687,0.4965692138671875
76,0.0007336930617593,0.0007481033631484,31.710096130371095,0.8583092474937439,0.0096982070058584,20.136563453674317,0.3222671094536781,130.07356095901923,7.172758125001565,137.24669120903127,9972.67366741701,3.8439787172239344,6.970819192371566,6.2204651308059695,2.432747528553009,0.0224210433661937,8.320335388183594,0.6796100240945816,7.263364014625549,8.320335388183594,0.0001272583007812,0.5145974731445313
77,0.0007504217022042,0.0007454845251049,31.72012535095215,0.8627910482883453,0.0096982070058584,20.136563453674317,0.3222671094536781,130.8803899170016,7.1979313750052825,138.07885500002885,10110.811531291967,3.820282017169091,6.946440219425307,5.576784982681274,2.674927809238434,0.008277834393084,8.320335388183594,0.4709432457387447,6.185887236595153,8.320335388183594,0.0005703735351562,0.4326834106445312
78,0.0007198736548307,0.0007427054247818,31.740482521057128,0.8604469621181488,0.0096982070058584,20.136563453674317,0.3222671094536781,130.1596331250039,7.398244249983691,137.55820058303652,10248.43069170897,3.841436764959267,6.758360269074683,6.09075924873352,2.527046010494232,0.0156209077686071,8.320335388183594,0.5943171946704388,7.111039237976074,8.320335388183594,0.0002325439453125,0.5139004516601563
79,0.0006870218951244,0.0007430632036994,31.73747615814209,0.8599602675437927,0.0096982070058584,20.136563453674317,0.3222671094536781,131.06235020799795,7.164412959013134,138.22708908299683,10386.718159708997,3.81497813221335,6.9789388587794745,6.129039549827576,2.495008970499039,0.0156367477029562,8.320335388183594,0.6480680333077907,7.166994433403016,8.320335388183594,0.0001593017578125,0.5206454467773437
80,0.0007242792165934,0.0007426500282599,31.733421173095703,0.8629433798789978,0.0096982070058584,20.136563453674317,0.3222671094536781,131.16773066698806,7.25060037500225,138.41892608400667,10525.194659834016,3.8119131699351616,6.895980665598948,5.4423078918457035,2.6681609749794006,0.01123758405447,8.320335388183594,0.5083212591707706,5.805875658988953,8.320335388183594,0.0003555297851562,0.42223388671875
81,0.000772652091506,0.0007392283700755,31.756989860534667,0.8627258336544037,0.0096982070058584,20.136563453674317,0.3222671094536781,130.40028287499445,7.195950207998976,137.59658429102274,10662.854149334002,3.834347510421543,6.948352692104552,5.880177121162415,2.634118136167526,0.0103151584044098,8.320335388183594,0.4979654401540756,6.8725447082519535,8.320335388183594,0.0004159545898437,0.4925726318359375
82,0.0007120812124412,0.000743235182017,31.735998229980467,0.8607898616790771,0.0096982070058584,20.136563453674317,0.3222671094536781,130.50734583399026,7.2041368749924,137.7118005839875,10800.679454000012,3.831201966485602,6.940456694203599,6.095854420661926,2.5441368126869204,0.0174278859049081,8.320335388183594,0.6310569855570793,7.1677485704422,8.320335388183594,0.0001156616210937,0.5323638916015625
83,0.0007135962361635,0.0007380803930573,31.763267860412597,0.8628295183181762,0.0096982070058584,20.136563453674317,0.3222671094536781,130.989378749975,7.194432249991223,138.18413420801517,10938.924050958987,3.817103377170536,6.949818729624009,5.721111955642701,2.6045569622516633,0.0120603833347558,8.320335388183594,0.5582327692210675,6.402968683242798,8.320335388183594,0.0002627563476562,0.4636148071289062
84,0.0007425007980982,0.0007386533933458,31.759105491638184,0.8621797633171081,0.0096982070058584,20.136563453674317,0.3222671094536781,132.01699233299587,7.198711917037144,139.21604295802535,11078.255140584006,3.787391237779561,6.945687030712443,5.701895604133606,2.60829195022583,0.0137134008109569,8.320335388183594,0.5805002096295356,6.366236300468445,8.320335388183594,0.00025390625,0.4607394409179687
85,0.0007438638396315,0.0007406572866602,31.745340728759764,0.8629192984104157,0.0096982070058584,20.136563453674317,0.3222671094536781,131.45611008396372,7.254278999986127,138.7112477920018,11217.028483333985,3.803550855723935,6.892483732717699,5.569210648536682,2.66126610994339,0.0192025825381279,8.320335388183594,0.5165242762863635,6.160127582550049,8.320335388183594,0.0002377319335937,0.4358108520507812
86,0.000698007118535,0.0007371530958334,31.766037979125976,0.8628833496570587,0.0096982070058584,20.136563453674317,0.3222671094536781,130.13463579199745,7.209101666987408,137.34405299997889,11354.434834458969,3.8421746597822137,6.9356769136666045,5.708603558540344,2.6551875996589662,0.0133087569847702,8.320335388183594,0.5108227397501469,6.4617823481559755,8.320335388183594,0.0003091430664062,0.4636502075195312
87,0.0006979617877527,0.0007374272856395,31.767995719909667,0.8618387269973755,0.0096982070058584,20.136563453674317,0.3222671094536781,130.89186258299742,7.182976499956567,138.07514725002693,11492.627099334017,3.819947169618388,6.960902628639023,5.8817810583114625,2.55495787024498,0.0162209887057542,8.320335388183594,0.5996661216020585,6.698721148967743,8.320335388183594,0.000181884765625,0.4719488525390625
88,0.0007126423188619,0.0007401451256009,31.75091419219971,0.8622107720375061,0.0096982070058584,20.136563453674317,0.3222671094536781,131.1153521250235,7.260018332977779,138.37569829198765,11631.121655750016,3.8134359699025246,6.887034950432684,5.653352384567261,2.656259686946869,0.0152978347614407,8.320335388183594,0.5183089181780816,6.322918083667755,8.320335388183594,0.0001669311523437,0.4571319580078125
89,0.0007133253447229,0.0007435781243839,31.737241020202635,0.8596516478061677,0.0096982070058584,20.136563453674317,0.3222671094536781,128.5479978749645,7.165821875038091,135.71467600000324,11766.897108624966,3.8895977243172455,6.977566686966276,6.12348473072052,2.455268337726593,0.0122659103944897,8.320335388183594,0.6588414034247398,7.101338410377503,8.320335388183594,0.0002301025390625,0.4949612426757812
90,0.0007508391168341,0.0007359541067853,31.77287014007568,0.8626532101631165,0.0096982070058584,20.136563453674317,0.3222671094536781,130.73392237501685,7.196347624994814,137.93059770797845,11904.888300875013,3.824562064050406,6.947968970584023,5.707119584083557,2.6052162873744966,0.01106633618474,8.320335388183594,0.5241250878572464,6.40796112537384,8.320335388183594,0.0004681396484375,0.4518997192382812
91,0.000719134629654,0.0007451704988488,31.727752990722657,0.8589300322532654,0.0096982070058584,20.136563453674317,0.3222671094536781,130.32541141600814,7.175521541037597,137.50126679096138,12042.503935416971,3.8365503286535874,6.9681346107101065,6.045293607711792,2.5222486424446107,0.0181120801717042,8.320335388183594,0.6041864784061909,6.989316930770874,8.320335388183594,0.0001528930664062,0.4863922119140625
92,0.000744147975336,0.0007413605242618,31.745221405029294,0.8605030477046967,0.0096982070058584,20.136563453674317,0.3222671094536781,130.9275389999966,7.164976041996852,138.09283279202646,12180.656166709014,3.8189062730340706,6.9783903961338565,6.145553936958313,2.495361406803131,0.0110241696238517,8.320335388183594,0.6421790388226509,7.214971141815186,8.320335388183594,0.0001974487304687,0.5220196533203125
93,0.0007622555047573,0.0007380616659065,31.76499382019043,0.8616899454593658,0.0096982070058584,20.136563453674317,0.3222671094536781,131.51830504200188,7.406983874971047,138.92581187502947,12319.64115299999,3.801752157924475,6.750385966000965,5.828068623542785,2.5799408960342407,0.0084157837554812,8.320335388183594,0.5460630477964878,6.637016396522522,8.320335388183594,0.0004568481445312,0.470076904296875
94,0.0007380401398695,0.0007370021753013,31.769219131469725,0.8618203496932983,0.0096982070058584,20.136563453674317,0.3222671094536781,131.16521745896898,7.239661666972097,138.40521674999036,12458.108616625002,3.811986208587728,6.906400091609793,5.788589954376221,2.5404162514209747,0.0161689240485429,8.320335388183594,0.6108231650292874,6.482378392219544,8.320335388183594,0.00019775390625,0.4568661499023437
95,0.0007161446000254,0.0007380240529892,31.76488632202149,0.8606431150436401,0.0096982070058584,20.136563453674317,0.3222671094536781,131.48159604199464,7.161382667021826,138.6432987920125,12596.81332904198,3.8028135879967735,6.981891950872845,6.193876705169678,2.513454933166504,0.0108275450766086,8.320335388183594,0.5751639306545258,7.345876340866089,8.320335388183594,0.0003118896484375,0.5268154907226562
96,0.0007527638456103,0.0007477523919078,31.70686016082764,0.8580856466293335,0.0096982070058584,20.136563453674317,0.3222671094536781,131.9379143330152,7.201973166025709,139.14020437502768,12736.015948874978,3.78966123974027,6.942541835044309,6.2898637437820435,2.452734932899475,0.0127132479101419,8.320335388183594,0.7108568222820759,7.406463222503662,8.320335388183594,0.0001730346679687,0.5592819213867187
97,0.0007319551545997,0.0007349106488982,31.778332824707032,0.8635633361339569,0.0096982070058584,20.136563453674317,0.3222671094536781,129.61057299998356,7.186218290997203,136.7971316250041,12872.872505791996,3.8577099724731823,6.957762480251862,5.727865734100342,2.711319252252579,0.0144665753468871,8.320335388183594,0.4533842806518078,6.637454957962036,8.320335388183594,0.0004180908203125,0.4811239624023437
98,0.0007457544744256,0.00074228363781,31.737455787658693,0.858569507598877,0.0096982070058584,20.136563453674317,0.3222671094536781,130.53421958297258,7.121581125014927,137.65613516699523,13010.648743416985,3.83041321729572,7.020912789208056,6.389878153800964,2.436915113925934,0.0087074004113674,8.320335388183594,0.6025606168806553,7.561251106262207,8.320335388183594,0.0006631469726562,0.5523788452148437
99,0.000714421937384,0.0007419126853346,31.733263740539552,0.863507649898529,0.0096982070058584,20.136563453674317,0.3222671094536781,130.37468283303315,7.21950545796426,137.594514291035,13148.305448958983,3.835100413170973,6.9256821386348655,5.633850765228272,2.770850796699524,0.0048453961499035,8.320335388183594,0.3767777723073959,6.540181088447571,8.320335388183594,0.000911865234375,0.48197021484375
100,0.000740751135052,0.0007356506586074,31.77635513305664,0.8636713719367981,0.0096982070058584,20.136563453674317,0.3222671094536781,131.67019929201342,7.21137637499487,138.88208904198837,13287.249975875004,3.797366470837627,6.93348917044086,5.795810890197754,2.6779134237766264,0.0068040029145777,8.320335388183594,0.427583906725049,6.75345739364624,8.320335388183594,0.00092529296875,0.4818865966796875
101,0.0007180677319879,0.000735208254191,31.77909683227539,0.8616942954063416,0.0096982070058584,20.136563453674317,0.3222671094536781,131.5191547909635,7.204397083027288,138.72388370800763,13425.973950416008,3.801727594696755,6.940206019153791,6.010775942802429,2.579805291891098,0.010178972966969,8.320335388183594,0.5595317181944847,7.111636199951172,8.320335388183594,0.000382080078125,0.5195584106445312
102,0.0007265607631552,0.0007350026795757,31.781776695251462,0.8615321111679077,0.0096982070058584,20.136563453674317,0.3222671094536781,130.12367075000657,7.189667167025618,137.3141568339779,13563.421069540998,3.842498425675367,6.954424848665854,5.981222791671753,2.5477524614334106,0.0075838440097868,8.320335388183594,0.553533394485712,6.974936594963074,8.320335388183594,0.0003976440429687,0.4983355712890625
103,0.0007124764291093,0.0007339139055693,31.788366622924805,0.8619297802448272,0.0096982070058584,20.136563453674317,0.3222671094536781,131.01807979197474,7.207419834041502,138.22586641699309,13701.77086391601,3.816267196053247,6.937295336098509,6.053472919464111,2.5602872705459596,0.0108217177912592,8.320335388183594,0.5461209028959274,7.148905553817749,8.320335388183594,0.0003936767578125,0.5023007202148437
104,0.0006799824831791,0.0007335808756761,31.79008731842041,0.8622294282913208,0.0096982070058584,20.136563453674317,0.3222671094536781,129.02057466597762,7.234161333006341,136.25506875000428,13838.148135583016,3.875350898834964,6.911651219592199,5.903794364929199,2.582809257507324,0.0085809351876378,8.320335388183594,0.5523093709349632,6.866303110122681,8.320335388183594,0.0002853393554687,0.4855035400390625
105,0.0007439738825005,0.0007398495957022,31.76235004425049,0.8599220871925354,0.0096982070058584,20.136563453674317,0.3222671094536781,130.2714940420119,7.224648916977458,137.4964538749773,13975.760616750033,3.838138218010706,6.920751523648884,6.202168779373169,2.509107962846756,0.007390808314085,8.320335388183594,0.5515882503986359,7.365335507392883,8.320335388183594,0.0004598999023437,0.5271881103515625
106,0.0007327992911741,0.0007331915409304,31.790967216491698,0.8620445680618286,0.0096982070058584,20.136563453674317,0.3222671094536781,130.79448566702197,7.183475416968577,137.9784602500149,14113.803187500029,3.8227911325933537,6.960419170070742,6.058114352226258,2.5525259160995484,0.0105262082070112,8.320335388183594,0.5627536258101463,7.141922264099121,8.320335388183594,0.0003302001953125,0.5058352661132812
107,0.0007456204197628,0.0007311539800139,31.803100967407225,0.8624997413158417,0.0096982070058584,20.136563453674317,0.3222671094536781,130.71434925001813,7.177113834011834,137.89179462502943,14251.815175791022,3.825134752755009,6.966588681240298,5.965569314956665,2.6065765714645384,0.0057740402407944,8.320335388183594,0.483290129750967,7.0121520280838014,8.320335388183594,0.000677490234375,0.4976675415039062
108,0.0007696364693711,0.0007358004769776,31.77485366821289,0.8613470041751862,0.0096982070058584,20.136563453674317,0.3222671094536781,131.85667875001673,7.190133041993249,139.04713216703385,14390.98335358301,3.791996012184833,6.953974246092531,6.101112632751465,2.527627770900726,0.010439908131957,8.320335388183594,0.5643068997561932,7.221987791061402,8.320335388183594,0.0003976440429687,0.516142578125
109,0.0006826913643471,0.0007376993421348,31.75578968048096,0.863365033864975,0.0096982070058584,20.136563453674317,0.3222671094536781,129.7823774999706,7.188890624966007,136.97177154099336,14528.022080125038,3.85260317796315,6.955176063794465,5.318827314376831,2.71190859079361,0.003931138664484,8.320335388183594,0.4374611189216375,5.646845402717591,8.320334300994872,0.0007852172851562,0.3997775268554687
110,0.0007462195776988,0.0007335075130686,31.78452693939209,0.8633978974819183,0.0096982070058584,20.136563453674317,0.3222671094536781,130.73974137502955,7.209901458001696,137.94997216702905,14666.035016250024,3.8243918394005383,6.934907542253436,5.595114483833313,2.6804862141609194,0.0038792372215539,8.320335388183594,0.4500695690512657,6.259113826751709,8.320335388183594,0.00084228515625,0.44304931640625
111,0.0007293929141731,0.0007304882575408,31.806906051635742,0.8631478655338287,0.0096982070058584,20.136563453674317,0.3222671094536781,130.6310958749964,7.33010020799702,137.96151474997168,14804.060527875014,3.827572574897943,6.821189149017473,5.835159616470337,2.625646936893463,0.0073658903129398,8.320335388183594,0.4851011537015438,6.738389811515808,8.320335388183594,0.0005224609375,0.4775482177734375
112,0.0007118487225816,0.000730655278021,31.803366394042968,0.8639896082878112,0.0096982070058584,20.136563453674317,0.3222671094536781,131.77610616700258,7.248011375020724,139.02460499998415,14943.216674166017,3.794314572979867,6.898443919709913,5.612384357452393,2.6489065361022948,0.0064643179066479,8.320335388183594,0.4730951166152954,6.261670770645142,8.320335388183594,0.0005825805664062,0.43594970703125
113,0.000722108910827,0.0007326900347834,31.794571647644045,0.861552654504776,0.0096982070058584,20.136563453674317,0.3222671094536781,131.24282174999826,7.174993375025224,138.41813208296662,15081.69765804101,3.809732169218669,6.968647549423587,6.172503824234009,2.518699073791504,0.0091185392811894,8.320335388183594,0.5457045882940292,7.29042457818985,8.320335388183594,0.0005255126953125,0.5292782592773437
114,0.0007183907886683,0.000740534205106,31.76014995574951,0.8620079100131989,0.0096982070058584,20.136563453674317,0.3222671094536781,130.73608949995833,7.207437417004257,137.94385624997085,15219.706566833,3.824498666836439,6.937278412163071,6.02586715221405,2.572786020040512,0.0050851730629801,8.320335388183594,0.4762370048463344,7.09149373292923,8.320335388183594,0.0020831298828125,0.4881134033203125
115,0.0007200640382852,0.0007283921274938,31.81787338256836,0.863387657403946,0.0096982070058584,20.136563453674317,0.3222671094536781,131.05807908304268,7.225623999955133,138.28424716601148,15358.054688708024,3.815102460666951,6.9198175825797845,5.90515962600708,2.617285839319229,0.0065329908393323,8.320335388183594,0.4885076314210891,6.891337051391601,8.320335388183594,0.00063720703125,0.4917742919921875
116,0.0007446272480015,0.0007291257361066,31.811326751708982,0.8641905403137207,0.0096982070058584,20.136563453674317,0.3222671094536781,129.94090208300622,7.394168458005879,137.33545537496684,15495.514626500006,3.847903100446387,6.7620855927164545,5.800593333244324,2.682481014728546,0.0056767398491501,8.320335388183594,0.4365691318362951,6.80861279964447,8.320335388183594,0.0008584594726562,0.4890707397460938
117,0.0007291919399344,0.0007287488959264,31.816312255859376,0.8630066514015198,0.0096982070058584,20.136563453674317,0.3222671094536781,131.2423310420127,7.159242458001245,138.401907499996,15633.982217041004,3.8097464136014345,6.983979142111534,6.007555212974548,2.5788096845149995,0.0051225563511252,8.320335388183594,0.4817686174064874,7.083464765548706,8.320335388183594,0.0007467651367187,0.4903048706054687
118,0.0006948097250506,0.0007280295644886,31.819124336242677,0.8641735327243805,0.0096982070058584,20.136563453674317,0.3222671094536781,131.0567753330106,7.1652611249592155,138.22284087503795,15772.266769958003,3.8151404132256257,6.9781127481637455,5.796509509086609,2.6452646505832673,0.0053779236041009,8.320335388183594,0.4578056439757347,6.714690268039703,8.320335388183594,0.0007574462890625,0.4749923706054687
119,0.0007131522714444,0.0007313967286609,31.797182502746583,0.8636089444160462,0.0096982070058584,20.136563453674317,0.3222671094536781,131.58733420801582,7.165423167054541,138.75308508297894,15911.138953041036,3.799757803510103,6.977954941990297,5.696176118850708,2.694758331775666,0.0040176142938435,8.320335388183594,0.4248106448352337,6.556549530029297,8.320335388183594,0.0009298706054687,0.4598001098632812
120,0.0007054961268429,0.0007279020902933,31.82118511199951,0.8631281542778015,0.0096982070058584,20.136563453674317,0.3222671094536781,130.55670741695212,7.174258542014286,137.73129424999934,16048.93101670801,3.829753445015859,6.969361322454057,5.962110414505005,2.5870166099071503,0.0050876275636255,8.320335388183594,0.4850437501817942,6.992102966308594,8.320335388183594,0.0008853149414062,0.4840011596679687
121,0.0007192847048181,0.000729047456989,31.814646911621093,0.8627491199970245,0.0096982070058584,20.136563453674317,0.3222671094536781,131.46864254202228,7.17257283400977,138.64152845798526,16187.701559916006,3.8031882761714937,6.970999271407592,6.071192407608033,2.5839160299301147,0.0031174963805824,8.320335388183594,0.4684106715023517,7.223457322120667,8.320335388183594,0.0013671875,0.5141195678710937
122,0.0007472103376776,0.0007274644979042,31.823185386657716,0.8634093010425568,0.0096982070058584,20.136563453674317,0.3222671094536781,131.694742749969,7.196820875047706,138.8918907920015,16326.657085416007,3.796658769813479,6.947512084586732,5.8824543237686155,2.643404786586762,0.0083299903199076,8.320335388183594,0.4688191548734903,6.880563457012176,8.320335388183594,0.000806884765625,0.494522705078125
123,0.0007011241133723,0.000727665577433,31.820040855407715,0.863970754146576,0.0096982070058584,20.136563453674317,0.3222671094536781,130.76853037497494,7.219274749979377,137.98827754094964,16464.768530415997,3.823549890529966,6.925903464214717,5.821752257347107,2.665839170217514,0.0086206514388322,8.320335388183594,0.4342438381910324,6.831040637493134,8.320335388183594,0.0007958984375,0.4879022216796875
124,0.000671650219424,0.0007261467858916,31.831069564819337,0.8638483428955078,0.0096982070058584,20.136563453674317,0.3222671094536781,130.71320800000103,7.230490416986868,137.9440331660444,16602.775923375026,3.8251681498016334,6.915160261126007,5.84822744846344,2.625883446931839,0.0055896448902785,8.320335388183594,0.4714878536760807,6.825901799201965,8.320335388183594,0.0011175537109375,0.47631591796875
125,0.0007169644920204,0.0007291608391096,31.81191349029541,0.8634476280212402,0.0096982070058584,20.136563453674317,0.3222671094536781,132.10630570800276,7.171128166024573,139.27776083297795,16742.179875957998,3.784830688590748,6.972403622193003,5.885339121818543,2.698699905872345,0.0048944526351988,8.320335388183594,0.4299703683704138,6.996099560260773,8.320335388183594,0.001016845703125,0.5214401245117187
126,0.0007369347640888,0.0007302111820899,31.80835132598877,0.861477426290512,0.0096982070058584,20.136563453674317,0.3222671094536781,130.8824373750249,7.195642999955453,138.07839450001484,16880.31937741603,3.820222254627805,6.948649342429793,6.164677534103394,2.551800513267517,0.0057961270213127,8.320335388183594,0.5162764926999808,7.356064262390137,8.320335388183594,0.00075439453125,0.5328622436523438
127,0.0007166591437389,0.0007273271953454,31.824438400268555,0.863335851430893,0.0096982070058584,20.136563453674317,0.3222671094536781,131.22870166698704,7.117338166048285,138.3468201669748,17018.72991400001,3.8101420927628062,7.025098264757762,5.924093079566956,2.641222529411316,0.0045910947956144,8.320335388183594,0.4281443211436271,6.9991609930992125,8.320335388183594,0.0010113525390625,0.4953424072265625
128,0.0007222053741061,0.0007258553127758,31.830696029663088,0.8641905272006989,0.0096982070058584,20.136563453674317,0.3222671094536781,130.70769458299037,7.156855374982115,137.86508449999383,17156.662321125026,3.825329500265453,6.986308564342751,5.806446385383606,2.6690016233921052,0.0047532012686133,8.320335388183594,0.4282053977996111,6.760954465866089,8.320335388183594,0.000999755859375,0.4792788696289062
129,0.0006973900285984,0.0007274424153729,31.819055290222167,0.8641733193397522,0.0096982070058584,20.136563453674317,0.3222671094536781,129.59771566698328,7.052224084036425,136.6502621669788,17293.376063582997,3.858092694201566,7.089961890629814,5.731697912216187,2.6836973905563353,0.0025461169425398,8.320335388183594,0.400539425984025,6.655788276195526,8.320335388183594,0.0013836669921875,0.4554879760742187
130,0.0006928398672093,0.0007264755142387,31.82606266021729,0.8649722957611083,0.0096982070058584,20.136563453674317,0.3222671094536781,129.482278957963,7.168941708980128,136.65154733299278,17430.088114291008,3.861532280894803,6.97453013704489,5.666011056900024,2.7171413898468018,0.0037924374919384,8.320335388183594,0.4119181697815656,6.566528062820435,8.320335388183594,0.001156005859375,0.4649322509765625
131,0.0007107589536678,0.0007256595246144,31.833120918273927,0.864401627779007,0.0096982070058584,20.136563453674317,0.3222671094536781,130.92815241700737,7.344790124974679,138.2732589999796,17568.422591583032,3.818888380915171,6.807546457996629,5.862003574371338,2.6727986335754395,0.003721090266481,8.320335388183594,0.4264601004123687,6.953819661140442,8.320335388183594,0.0012167358398437,0.491097412109375
132,0.0007375282941959,0.0007281338152824,31.818370742797853,0.8647350370883942,0.0096982070058584,20.136563453674317,0.3222671094536781,130.54948633298045,7.142408332962077,137.6924289999879,17706.235486166013,3.829965280175032,7.000439861335141,5.700090136528015,2.7163393104076388,0.0024495136458426,8.320335388183594,0.3888409398496151,6.61317660331726,8.320335388183594,0.0015853881835937,0.4643307495117187
133,0.0007101541288402,0.0007261741062393,31.831980056762696,0.8638640129566193,0.0096982070058584,20.136563453674317,0.3222671094536781,130.34231966600055,7.164202750020195,137.506833499996,17843.805642415988,3.8360526441545577,6.9791436318380375,5.941470475196838,2.652831799983978,0.0022037657909095,8.320335388183594,0.4114896906167268,7.066520328521729,8.320335388183594,0.001424560546875,0.5019943237304687
134,0.0006789419509266,0.0007254089909838,31.83592674255371,0.8633566701412201,0.0096982070058584,20.136563453674317,0.3222671094536781,130.03770441602683,7.194821165991016,137.23283850000007,17981.10153708303,3.845038654330291,6.949443057228927,6.073378877639771,2.6019717299938203,0.0038059027865529,8.320335388183594,0.4451222968846559,7.234390406608582,8.320335388183594,0.0011651611328125,0.5151324462890625
135,0.0006901162627573,0.0007258620113134,31.833696098327636,0.8631162989139557,0.0096982070058584,20.136563453674317,0.3222671094536781,130.44720741698984,7.183026750048157,137.63056079199305,18118.857414833023,3.832968216802765,6.960853932454698,6.027747316360474,2.58838002204895,0.0033203018829226,8.320335388183594,0.4721360225975513,7.113106906414032,8.320335388183594,0.0009176635742187,0.4995791625976562
136,0.0007625046703337,0.00072570311866,31.833846473693846,0.8642587554454804,0.0096982070058584,20.136563453674317,0.3222671094536781,129.81220649997704,7.209648333024234,137.02218570798868,18255.943883249987,3.8517179045106857,6.935151021301823,5.870784192085266,2.676103069782257,0.0026479731313884,8.320335388183594,0.4350218271464109,6.943964376449585,8.320335388183594,0.0010317993164062,0.5035888671875
137,0.0007116863965438,0.0007262656945385,31.82774410247803,0.8640583980083466,0.0096982070058584,20.136563453674317,0.3222671094536781,129.3397274580202,7.367010499991011,136.70762845803984,18392.715147625,3.865788260318431,6.7870135382677965,5.775640683174133,2.6871872568130493,0.0029078987427055,8.320335388183594,0.3982915627211332,6.728701820373535,8.320335388183594,0.0012289428710937,0.4611416625976562
138,0.0007080062322543,0.0007244348395033,31.838242416381835,0.8648577225208283,0.0096982070058584,20.136563453674317,0.3222671094536781,130.83742154203355,7.17384579195641,138.0115905420389,18530.790930625037,3.8215366376611697,6.969762307417022,5.705551958084106,2.6879660308361055,0.0027179718017578,8.320335388183594,0.4055628657341003,6.59560733795166,8.320335388183594,0.0015420532226562,0.4629083251953125
139,0.0007103261649231,0.0007285324318218,31.820725708007817,0.8626830506324769,0.0096982070058584,20.136563453674317,0.3222671094536781,130.0429876249982,7.40591954102274,137.44921741704457,18668.36138433304,3.844882443348947,6.751356090630052,6.021863565444947,2.569377280473709,0.0049434667453169,8.320335388183594,0.4912838520109653,7.0913691902160645,8.320335388183594,0.0008566284179687,0.497279052734375
140,0.0007182398754662,0.0007260242628399,31.83293758392334,0.8630813860893249,0.0096982070058584,20.136563453674317,0.3222671094536781,130.58195808401797,7.159764625015669,137.74254875001498,18806.168560416016,3.829012884599986,6.983469795264475,6.011353120803833,2.5643855011463166,0.0041277087293565,8.320335388183594,0.4891348473727703,7.0807832551002505,8.320335388183594,0.0010494995117187,0.494671630859375
141,0.0006875605448285,0.0007246635787305,31.841336402893067,0.8638066160678863,0.0096982070058584,20.136563453674317,0.3222671094536781,130.2560368329869,7.170923584024422,137.42730762501014,18943.662659500013,3.8385936817738098,6.972602540541828,5.9355773878097535,2.6104567682743074,0.0038356012664735,8.320335388183594,0.44918761074543,6.989316873550415,8.320335388183594,0.0011569213867187,0.4778680419921875
142,0.0007299995011494,0.0007244947226718,31.841542892456054,0.8637378621101379,0.0096982070058584,20.136563453674317,0.3222671094536781,131.16380212496733,7.137589291960467,138.30170616594842,19082.08577650004,3.812027342144451,7.005166304023442,5.953269062042236,2.6557580256462097,0.0042327847331762,8.320335388183594,0.4393481991440058,7.1134770965576175,8.320335388183594,0.0010357666015625,0.5043157958984374
143,0.0007071070913812,0.0007252783366129,31.83709087371826,0.8646173298358917,0.0096982070058584,20.136563453674317,0.3222671094536781,128.8210907499888,7.179985666996799,136.00191320799058,19218.208740290997,3.881352013781513,6.963802202256163,5.848676781654358,2.685960689783096,0.0015015710378065,8.320335388183594,0.4062522296607494,6.909354343414306,8.320335388183594,0.0021524047851562,0.4885003662109375
144,0.0007294125879755,0.0007233023142907,31.84771427154541,0.8634540748596191,0.0096982070058584,20.136563453674317,0.3222671094536781,130.16303424997022,7.219827583001461,137.38317883299896,19355.6745295,3.841336389253037,6.925373137403063,6.0976978158950805,2.638084120750427,0.0035526719875633,8.320335388183594,0.4178979584574699,7.3423414087295535,8.320335388183594,0.0015402221679687,0.5286843872070313
145,0.0007195026046297,0.0007281734721618,31.819983406066896,0.8638684093952179,0.0096982070058584,20.136563453674317,0.3222671094536781,130.54592904198216,7.163884083041921,137.71013374999166,19493.50386258301,3.830069644218514,6.979454081111967,5.834364757537842,2.716907444000244,0.0022085167001932,8.320335388183594,0.3866779496520757,6.869899344444275,8.320335388183594,0.0016458129882812,0.506517333984375
146,0.0007383059999897,0.00072375767224,31.844844627380372,0.8635220873355866,0.0096982070058584,20.136563453674317,0.3222671094536781,131.35286908299895,7.211379999993369,138.56457491603214,19632.128559708,3.806540378528475,6.93348568513183,6.030311832427978,2.6042104065418243,0.002835621824488,8.320335388183594,0.4558205768465996,7.188594846725464,8.320335388183594,0.00127685546875,0.5028927612304688
147,0.0007442447815701,0.0007243687062873,31.842677116394043,0.8640222477912903,0.0096982070058584,20.136563453674317,0.3222671094536781,131.34211379196495,7.175249708991032,138.5181462499895,19770.711301874995,3.806852087000508,6.968398596267236,5.877311220169068,2.6701365876197816,0.0025845812633633,8.320335388183594,0.417700851559639,6.908399736881256,8.320335388183594,0.0013198852539062,0.4926272583007812
148,0.0006971697940816,0.0007211945313611,31.860307235717773,0.8647778809070588,0.0096982070058584,20.136563453674317,0.3222671094536781,130.306871583045,7.1248392079724,137.43203716602875,19908.20770866603,3.837096186300109,7.017702230255536,5.9501039505004885,2.6584047257900236,0.001708744210191,8.320335388183594,0.3879043804109096,7.08631150007248,8.320335388183594,0.0018948364257812,0.4918960571289062
149,0.0006891054836878,0.0007223863282706,31.85288589477539,0.8647125434875488,0.0096982070058584,20.136563453674317,0.3222671094536781,130.15179904096294,7.154054125014227,137.30618687497918,20045.638244207992,3.841667988335943,6.989044131658784,5.871132702827453,2.6893190002441405,0.0022998775821179,8.320335388183594,0.400490156635642,6.990415687561035,8.320335388183594,0.001416015625,0.4852957153320312
150,0.0007109894256132,0.0007241171502391,31.84630859375,0.8641164696216583,0.0096982070058584,20.136563453674317,0.3222671094536781,130.68104412499815,7.142005666042678,137.8233740410069,20183.52591225003,3.826109619400832,7.000834546761786,6.079313645362854,2.655020767450333,0.0024334536865353,8.320335388183594,0.4181365603208541,7.328826889991761,8.320335388183594,0.0013198852539062,0.5307040405273438
151,0.0007158509212804,0.0007352206349605,31.788184890747072,0.8601142680644989,0.0096982070058584,20.136563453674317,0.3222671094536781,131.93851158296457,7.1014645409886725,139.04046604200266,20322.630170583012,3.7896440849690336,7.040801191276378,6.2897140455245975,2.5721407282352446,0.0031275614164769,8.320335388183594,0.4752215014398098,7.577572555541992,8.320335388183594,0.0009481811523437,0.5672805786132813
152,0.0007324173534302,0.0007217675590072,31.856523513793945,0.8641296315193177,0.0096982070058584,20.136563453674317,0.3222671094536781,131.3830417910358,7.159692290995736,138.54304583300836,20461.23649850003,3.805666189364439,6.983540348917179,5.967175884246826,2.636104884147644,0.0031800414435565,8.320335388183594,0.4231389019638299,7.110050723552704,8.320335388183594,0.0013272094726562,0.4872726440429687
153,0.0006923468997256,0.0007217042145202,31.85633964538574,0.8649518692493439,0.0096982070058584,20.136563453674317,0.3222671094536781,130.34331379196374,7.162829083041288,137.5064528340008,20598.807694208037,3.8360233866543543,6.98048207214381,5.794644145965576,2.715721011161804,0.0026343143545091,8.320335388183594,0.3620556706935167,6.845265882015228,8.320335388183594,0.0016860961914062,0.4767782592773437
154,0.0007007358458104,0.000722956196696,31.849369773864748,0.8649189388751983,0.0096982070058584,20.136563453674317,0.3222671094536781,131.1521899580257,7.190028332988732,138.34270820801612,20737.21573654101,3.812364857651415,6.954075517420963,5.679135813713073,2.6994546926021576,0.0018799543613567,8.320335388183594,0.4077967996895313,6.550592620372772,8.320335388183594,0.0016470336914062,0.4509951782226562
155,0.0007164486632782,0.0007228287495672,31.849497032165527,0.8638814449310303,0.0096982070058584,20.136563453674317,0.3222671094536781,131.28724629199132,7.169122708030045,138.45669912500307,20875.749503665997,3.808443044711043,6.974354050879283,5.8365147590637205,2.669926427602768,0.002006473718211,8.320335388183594,0.4274754556268453,6.840112791061402,8.320335388183594,0.0014382934570312,0.4828631591796875
156,0.0007208591133253,0.0007221928957733,31.85406352996826,0.8649803721904754,0.0096982070058584,20.136563453674317,0.3222671094536781,130.8703904169961,7.145291000022553,138.0160012920387,21013.828310958037,3.820573915970111,6.997615632427312,5.739302434921265,2.711357297897339,0.0028354001697152,8.320335388183594,0.3844550652056932,6.749542820453644,8.320335388183594,0.0018310546875,0.4670391845703125
157,0.0007245431351425,0.0007215208938578,31.8596549987793,0.8642178916931152,0.0096982070058584,20.136563453674317,0.3222671094536781,130.73438429203816,7.2103015829925425,137.94500466703903,21151.83812283304,3.8245485509235726,6.93452269984637,5.996729826927185,2.647399077415466,0.0023225154727697,8.320335388183594,0.3986032753437757,7.158093223571777,8.320335388183594,0.0017849731445312,0.49272705078125
158,0.0007322446759562,0.0007213416628655,31.85767818450928,0.8654613244533539,0.0096982070058584,20.136563453674317,0.3222671094536781,131.4494888749905,7.172239791951142,138.6222205000231,21290.525111500043,3.8037424434225375,6.971322968887793,5.692615661621094,2.732194782495499,0.0020949300378561,8.320335388183594,0.3728087250143289,6.644187049865723,8.320335388183594,0.001961669921875,0.4576046752929688
159,0.0007452895088654,0.0007207948344876,31.86282081604004,0.8648811268806458,0.0096982070058584,20.136563453674317,0.3222671094536781,131.7693602500367,7.199151833017822,138.9688201250392,21429.55891704104,3.794508822470061,6.945262603114238,5.8894789600372315,2.6943813228607176,0.002127188257873,8.320335388183594,0.3714774415642023,7.052271909713745,8.320335388183594,0.0020956420898437,0.4885223388671875
160,0.0007308288804888,0.0007209891558159,31.861372871398927,0.8649411249160767,0.0096982070058584,20.136563453674317,0.3222671094536781,131.1196615829831,7.119971041975077,138.2399397919653,21567.922895250013,3.8133106352136186,7.022500471593213,5.869602460861206,2.6971469640731813,0.0033227032981812,8.320335388183594,0.3730200760811567,7.01402509689331,8.320335388183594,0.0018402099609375,0.4900698852539062
161,0.0006940043711367,0.0007197266779257,31.86833839416504,0.8649416220188141,0.0096982070058584,20.136563453674317,0.3222671094536781,130.77558037498966,7.156633083010092,137.93252937495708,21705.919927125025,3.823343766216029,6.9865255658698535,5.898937573432923,2.708153589963913,0.0030331453308463,8.320335388183594,0.3660805056244134,7.0553195714950565,8.320335388183594,0.0018118286132812,0.4954196166992187
162,0.0007085203657784,0.0007200392254162,31.86685230255127,0.8648517382144928,0.0096982070058584,20.136563453674317,0.3222671094536781,131.75993929198012,7.21025795902824,138.97051745798672,21845.01329979101,3.7947801333757423,6.934564655539554,5.77881344795227,2.6896712589263916,0.0022039541509002,8.320335388183594,0.372056994214654,6.784513206481933,8.320335388183594,0.0024349975585937,0.4609616088867188
163,0.0006854206703635,0.0007227606826927,31.852549362182614,0.8642459499835968,0.0096982070058584,20.136563453674317,0.3222671094536781,130.75222391699208,7.140979499963578,137.89353754202602,21982.97350425004,3.824026735617319,7.001840573867356,5.9324485254287715,2.6511330676078795,0.00235360651277,8.320335388183594,0.3948349494487047,7.073517966270447,8.320335388183594,0.0013851928710937,0.480382080078125
164,0.0007193451921693,0.0007212607198744,31.86056541442871,0.8658928024768829,0.0096982070058584,20.136563453674317,0.3222671094536781,131.45018579100724,7.183007500017993,138.63398745795712,22121.66999070799,3.803722276931205,6.960872587126597,5.755347580909729,2.7421919071674346,0.000844195485115,8.320335388183594,0.3315025676786899,6.840361399650574,8.320335388183594,0.0031390380859375,0.47146484375
165,0.0007092207740597,0.0007249247148865,31.84079776763916,0.8636090314388275,0.0096982070058584,20.136563453674317,0.3222671094536781,130.63817520800512,7.184255291009322,137.82277166604763,22259.55986879101,3.8273651572665375,6.95966359416154,5.959123363494873,2.6312958550453187,0.0025761297438293,8.320335388183594,0.4571840727329254,7.074156799316406,8.320335388183594,0.0010885620117187,0.4923333740234375
166,0.0007355208744174,0.0007210746567579,31.861641006469725,0.8641065657138824,0.0096982070058584,20.136563453674317,0.3222671094536781,130.78582962497603,7.1455434169620275,137.93169808300445,22397.55530129104,3.823044143495769,6.997368441049626,6.005526671409607,2.6608275997638704,0.0017416349146515,8.320335388183594,0.3926482511311769,7.222920906543732,8.320335388183594,0.0018533325195312,0.5014080810546875
167,0.0006880203157525,0.00072285314498,31.85238956451416,0.8637704563140869,0.0096982070058584,20.136563453674317,0.3222671094536781,130.7959569580271,7.215215791016817,138.0116714159958,22535.629053875033,3.82274813097206,6.929799668951226,6.044696216583252,2.63345131278038,0.0017984545556828,8.320335388183594,0.3945814077556133,7.277803730964661,8.320335388183594,0.0016973876953125,0.494443359375
168,0.0007053257456009,0.0007213691581273,31.86073875427246,0.864259078502655,0.0096982070058584,20.136563453674317,0.3222671094536781,130.996949916007,7.15679633297259,138.15407016599784,22673.846653458007,3.816882761931415,6.986366199865352,5.842333159446716,2.6639747941493988,0.0022314456291496,8.320335388183594,0.3998525776714086,6.877964186668396,8.320335388183594,0.001781005859375,0.4547015380859375
169,0.0006910482987452,0.0007208248414099,31.8579040145874,0.8653850591182709,0.0096982070058584,20.136563453674317,0.3222671094536781,130.03722904104507,7.168133208004292,137.2057037500199,22811.114875000017,3.84505271057552,6.975316801335043,5.673046717643738,2.7379092264175413,0.001391825499013,8.320335388183594,0.3353847884386778,6.6019782853126525,8.320335388183594,0.0027676391601562,0.4448980712890625
170,0.0007002792917137,0.0007204859078046,31.86469543457031,0.865050128698349,0.0096982070058584,20.136563453674317,0.3222671094536781,131.06331983295968,7.181621249997988,138.24543195799924,22949.42454016603,3.814949908466003,6.962216226595632,5.942977514266968,2.700872149467468,0.0011249561794102,8.320335388183594,0.3607236628979444,7.1282936429977415,8.320335388183594,0.0028140258789062,0.498778076171875
171,0.000722145760953,0.0007189259069855,31.873254928588867,0.8652574861049652,0.0096982070058584,20.136563453674317,0.3222671094536781,131.2663329159841,7.210942832985893,138.4776147909579,23087.965967375017,3.809049806548803,6.933906031161268,5.831465897560119,2.6919938695430754,0.0012543158372864,8.320335388183594,0.3468818218261003,6.893096089363098,8.320335388183594,0.0029364013671875,0.4531130981445312
172,0.0006908312859795,0.0007185077370377,31.87514301300049,0.865348756313324,0.0096982070058584,20.136563453674317,0.3222671094536781,130.50719537498662,7.158759583020583,137.66634541598614,23225.74996820801,3.831206383397857,6.984450227745026,5.934344587326049,2.6860313045978548,0.0008450085297226,8.320335388183594,0.3539047638326883,7.110039482116699,8.320335388183594,0.0028262329101562,0.4847625732421875
173,0.0006854987377626,0.0007243240822572,31.843591995239255,0.8622492122650146,0.0096982070058584,20.136563453674317,0.3222671094536781,130.7640952920192,7.161860916996375,137.92627908301074,23363.796471125024,3.8236795726182495,6.981425718745958,6.246940822601318,2.5935516357421875,0.0017029916634783,8.320335388183594,0.4205832805484533,7.564514570236206,8.320335388183594,0.0019476318359375,0.5432421875
174,0.0006989467305947,0.000722437762306,31.8500382232666,0.866044465303421,0.0096982070058584,20.136563453674317,0.3222671094536781,131.64431895897724,7.164213375013787,138.80885820899857,23502.668970375016,3.7981130059688266,6.9791332813148905,5.532060890197754,2.7979975962638854,0.0013235619990155,8.320335388183594,0.3178493849188089,6.359154644012452,8.320335369110108,0.002916259765625,0.4361279296875
175,0.0007058615706168,0.0007204240991268,31.866321563720703,0.8640484285354614,0.0096982070058584,20.136563453674317,0.3222671094536781,130.98415483301503,7.122104915964883,138.10675133299085,23640.840896666035,3.817255611088412,7.020396440372592,6.062777910232544,2.6477374267578124,0.0011650642845779,8.320335388183594,0.3775810629874467,7.305431549549103,8.320335388183594,0.0023773193359375,0.5100677490234375
176,0.000754462435796,0.0007182719340198,31.8750284576416,0.8657595932483673,0.0096982070058584,20.136563453674317,0.3222671094536781,130.89932587498333,7.163537417014595,138.06319058296503,23778.969244750027,3.8197293733775974,6.979791838769721,5.739048900604248,2.727586945295334,0.0017555146478116,8.320335388183594,0.3403324390947819,6.775844376087189,8.320335388183594,0.0027938842773437,0.4628765869140625
177,0.0007278322907059,0.0007196699726046,31.870043601989742,0.8649220371246338,0.0096982070058584,20.136563453674317,0.3222671094536781,129.8364562499919,7.423482874990441,137.2602873329888,23916.2952715,3.850998513370402,6.7353829519091315,5.885266041755676,2.703141006231308,0.0018601175397634,8.320335388183594,0.3503351875394582,7.024774062633514,8.320335388183594,0.0025393676757812,0.489046630859375
178,0.0007092110814583,0.0007196118548745,31.870201683044435,0.8645645546913147,0.0096982070058584,20.136563453674317,0.3222671094536781,131.55588508298388,7.221256375021767,138.77793245803332,24055.13701608304,3.800666155562756,6.924002888603894,5.939609756469727,2.642111395597458,0.0018536784918978,8.320335388183594,0.3830541814863681,7.049093880653381,8.320335388183594,0.0020993041992187,0.4766268920898437
179,0.0006614449818007,0.0007176263540168,31.880304412841795,0.8656686735153198,0.0096982070058584,20.136563453674317,0.3222671094536781,130.26039433397818,7.218935666023754,137.4796582920244,24192.683016500017,3.838465272245656,6.9262287840196795,5.8782228040695195,2.7207388210296632,0.0019679234828799,8.320335388183594,0.3381218503415584,7.045673484802246,8.320335388183594,0.0025201416015625,0.4800497436523437
180,0.00071367060487,0.0007197452225955,31.871103401184083,0.8647378969192505,0.0096982070058584,20.136563453674317,0.3222671094536781,130.79122516699135,7.207994666998275,137.99954358302057,24330.804705208036,3.8228864311165447,6.936742091239948,5.946786012649536,2.693069729804993,0.0008793306769803,8.320335388183594,0.3549442394822836,7.143747265338898,8.320335388183594,0.0027166748046875,0.490919189453125
181,0.0006990627443085,0.0007229490729514,31.847025146484373,0.8647457158565521,0.0096982070058584,20.136563453674317,0.3222671094536781,130.40154016698943,7.140158082998823,137.54201333399396,24468.41063420799,3.834310540808879,7.002646078530561,5.800783519744873,2.75222558259964,0.0023669567890465,8.320335388183594,0.333853633403778,6.916475274562836,8.320335388183594,0.0021295166015625,0.4738494873046875
182,0.0006955290055557,0.0007208171204547,31.863625907897948,0.8641046762466431,0.0096982070058584,20.136563453674317,0.3222671094536781,130.00573845900362,7.1875552499550395,137.19410816696472,24605.671348582997,3.845984076754207,6.956468265104851,6.048730635643006,2.6780557203292847,0.0016276094829663,8.320335388183594,0.3701849719882011,7.327306942939758,8.320335388183594,0.0022683715820312,0.5178994750976562
183,0.0007328999770843,0.0007210106635466,31.855837059020995,0.8661644864082336,0.0096982070058584,20.136563453674317,0.3222671094536781,132.19784983305726,7.198049625032581,139.39624475000892,24745.13474779103,3.782209775963924,6.946326102853685,5.61448715209961,2.8038472890853883,0.0006774867651984,8.320335388183594,0.2750459685176611,6.610089869499206,8.320335388183594,0.0042428588867187,0.448795166015625
184,0.0007148747725714,0.0007196780369849,31.873550682067872,0.8644966542720794,0.0096982070058584,20.136563453674317,0.3222671094536781,130.87329558399506,7.186841332993936,138.06046387500828,24883.260902333,3.8204891056563777,6.95715929757012,5.949428286552429,2.674270595312118,0.0011686024954542,8.320335388183594,0.3747434479743242,7.114430665969849,8.320335388183594,0.002366943359375,0.4869149780273437
185,0.0007075965581207,0.0007183628028724,31.876097145080568,0.8655390787124634,0.0096982070058584,20.136563453674317,0.3222671094536781,131.67741050000768,7.220549208985176,138.8982789160218,25022.227662250036,3.797158511102182,6.924681011491553,5.722072229385376,2.7320133328437803,0.0019442592747509,8.320335388183594,0.3361205314099789,6.708949108123779,8.320335388183594,0.0024822998046875,0.447216796875
186,0.0007310193091118,0.0007208035251824,31.86526779174805,0.8643456137180329,0.0096982070058584,20.136563453674317,0.3222671094536781,131.25505949999206,7.178951291949488,138.4343296670122,25160.729472708,3.809376963484065,6.964805577671247,6.031561560630799,2.6876115906238556,0.0012735022464767,8.320335388183594,0.3517088163644075,7.303837852478027,8.320335388183594,0.0025241088867187,0.5121371459960937
187,0.000717433030858,0.000727941711666,31.82639820098877,0.8619534766674042,0.0096982070058584,20.136563453674317,0.3222671094536781,131.75558933295542,7.226263291959185,138.982337290945,25299.778773125017,3.79490541943132,6.919205401169931,6.283332629203796,2.5729603123664857,0.0009252761374227,8.320335388183594,0.4279156699776649,7.585510406494141,8.320335388183594,0.0019656372070312,0.5435455322265625
188,0.0007176757582383,0.0007467310706852,31.740953102111817,0.8606548416614532,0.0096982070058584,20.136563453674317,0.3222671094536781,131.54622112499783,7.260353457997553,138.80691633402603,25438.65303041604,3.800945369041731,6.886717057132131,6.005192351341248,2.633882063627243,0.0022994540631771,8.320335388183594,0.4195229974389076,7.196843495368958,8.320335388183594,0.001263427734375,0.4876336669921875
189,0.0007429000817221,0.0007187123547191,31.873235130310057,0.8654229116439819,0.0096982070058584,20.136563453674317,0.3222671094536781,131.807268708013,7.191529834002722,138.99912824999774,25577.71966204104,3.7934175019408727,6.952623593882886,5.735225224494934,2.7188399267196655,0.0007446814561262,8.320335388183594,0.3358382301777601,6.732592854499817,8.320335350036622,0.0031341552734375,0.4400222778320312
190,0.0006978895304191,0.0007267743974807,31.829320945739745,0.8629732465744019,0.0096982070058584,20.136563453674317,0.3222671094536781,131.2990699589718,7.139026042015757,138.43891149997944,25716.22391683304,3.808100089027587,7.003756493635388,6.133850622177124,2.708411781787872,0.000955213792622,8.320335388183594,0.303226428553462,7.505698599815369,8.320335388183594,0.0042520141601562,0.54298828125
191,0.0007227038942746,0.0007186073021148,31.873811531066895,0.8662505257129669,0.0096982070058584,20.136563453674317,0.3222671094536781,131.56803108297754,7.22239075001562,138.79074362502433,25855.081580291026,3.8003152884811295,6.9229153794942295,5.723775792121887,2.758534276485443,0.0008862855611369,8.320335388183594,0.320692903548479,6.767475247383118,8.320335388183594,0.0034536743164062,0.4634646606445312
192,0.0007029854581187,0.000717980764748,31.877725257873536,0.8651895427703857,0.0096982070058584,20.136563453674317,0.3222671094536781,131.2604519589804,7.214880915998947,138.4756628749892,25993.621098583026,3.809220466163355,6.930121312068416,5.83028664112091,2.717177405357361,0.0006645660614594,8.320335388183594,0.323562846109271,6.9489487719535825,8.320335388183594,0.0036572265625,0.4587258911132812
193,0.0006641151740623,0.0007220217137364,31.85326267242432,0.8664407503604888,0.0096982070058584,20.136563453674317,0.3222671094536781,130.4050857090042,7.197604207962286,137.60327241697814,26131.290314208003,3.8342062909704144,6.946755969811169,5.753217229843139,2.81355886220932,0.000727591512259,8.320335388183594,0.2702228646725416,6.917040796279907,8.320335388183594,0.0048321533203125,0.4900833129882812
194,0.0006737827092463,0.0007194133190205,31.87187969207764,0.8645415925979614,0.0096982070058584,20.136563453674317,0.3222671094536781,130.75984387501376,7.175321582995821,137.9354820830049,26269.288956166,3.8238038925614113,6.968328794975644,6.023664236068726,2.664080137014389,0.0016780630685389,8.320335388183594,0.3630292872339487,7.274763431549072,8.320335388183594,0.0024795532226562,0.4998443603515625
195,0.0006896137493799,0.0007205186766805,31.868975257873537,0.8637295019626617,0.0096982070058584,20.136563453674317,0.3222671094536781,130.95954100001836,7.161233416991308,138.12109383399363,26407.472667500013,3.8179730639093328,6.982037463178626,6.091640105247498,2.6409876108169557,0.0003749249444808,8.320335388183594,0.3447414200007915,7.355760636329651,8.320335388183594,0.0032684326171875,0.501290283203125
196,0.0006937852111286,0.0007170168578159,31.88337085723877,0.8660642659664154,0.0096982070058584,20.136563453674317,0.3222671094536781,130.91639737499645,7.171552458952647,138.08826275001047,26545.625153125016,3.819231280614925,6.97199111157337,5.817073259353638,2.746330943107605,0.0005315343150869,8.320335388183594,0.3119271466881037,6.953390665054322,8.320335388183594,0.003973388671875,0.4807550048828125
197,0.0007209233808725,0.000719235932338,31.87417037963867,0.8649109518527984,0.0096982070058584,20.136563453674317,0.3222671094536781,130.11594599997625,7.1758943750173785,137.29216137499316,26683.040349833012,3.842726547905906,6.967772571189624,5.894780044555664,2.6949331903457643,0.0008117089746519,8.320335388183594,0.348698553815484,7.058299112319946,8.320335388183594,0.0031307983398437,0.4756411743164062
198,0.0007308531587932,0.0007199294012389,31.87037643432617,0.8643955564498902,0.0096982070058584,20.136563453674317,0.3222671094536781,131.89369191700823,7.16098658402916,139.05549270898337,26822.159291833043,3.790931868937417,6.982278127920647,6.05531042098999,2.661680965423584,0.0009271141607314,8.320335388183594,0.3479761148244142,7.296472282409668,8.320335388183594,0.003419189453125,0.500987548828125
199,0.0007002890371886,0.0007174701159237,31.880541229248045,0.8652285969257355,0.0096982070058584,20.136563453674317,0.3222671094536781,130.96805708302418,7.140910917019937,138.1092811250128,26960.33231720804,3.8177248035605857,7.001907821147575,5.900628471374512,2.690823734998703,0.0012181405909359,8.320335388183594,0.341975045800209,7.053831486701966,8.320335388183594,0.0029702758789062,0.4681637573242188
200,0.0007061714929545,0.0007172209006967,31.88483558654785,0.8653637039661407,0.0096982070058584,20.136563453674317,0.3222671094536781,130.420086041966,7.209159124991856,137.62956441700226,27098.02434895803,3.8337652977710217,6.935621635353551,5.941546182632447,2.7104347455501556,0.0004533997271209,8.320335388183594,0.3129258976131677,7.185422658920288,8.320335388183594,0.0041104125976562,0.485753173828125
201,0.0007060510147812,0.0007170796481659,31.883420333862304,0.8660586285591125,0.0096982070058584,20.136563453674317,0.3222671094536781,131.36689679097617,7.141457416990306,138.50867045798805,27236.533103457987,3.806133905983733,7.001372000208885,5.929574365615845,2.734238522052765,0.0009354516514576,8.320335388183594,0.3115334437042474,7.173412318229675,8.320335388183594,0.00350830078125,0.4990936279296875
202,0.0007087125531568,0.0007214646498323,31.86183471679687,0.8644647657871246,0.0096982070058584,20.136563453674317,0.3222671094536781,130.9771300420398,7.185317166033201,138.162943250034,27374.771692250026,3.817460344714492,6.958635067128638,6.008281245231628,2.6705096685886383,0.0010769022628664,8.320335388183594,0.354928155168891,7.267453451156616,8.320335388183594,0.0031265258789062,0.4929690551757812
203,0.0007120829949908,0.0007170174177736,31.88408981323242,0.8658928859233856,0.0096982070058584,20.136563453674317,0.3222671094536781,131.42578424996464,7.164557208016049,138.5907069160021,27513.4280995,3.8044285058176057,6.978798346959615,5.874014348983764,2.726771674156189,0.0009753237245604,8.320335388183594,0.3053409253060817,7.05690532207489,8.320335388183594,0.0037277221679687,0.4725888061523438
204,0.0007053326873351,0.0007208232150878,31.858740158081055,0.8663709330558776,0.0096982070058584,20.136563453674317,0.3222671094536781,131.02442050003447,7.163134708011057,138.18787454202538,27651.681050916013,3.816082514174283,6.980184240299341,5.8015323781967165,2.80667897939682,0.0004369081289041,8.320335388183594,0.2439253725856542,7.025547122955322,8.320335388183594,0.0058602905273437,0.4853985595703125
205,0.0007134304220662,0.0007173828297527,31.882972869873047,0.8647409975528717,0.0096982070058584,20.136563453674317,0.3222671094536781,130.43822054198245,7.146441416989546,137.5849804999889,27789.33219183299,3.8332322989569727,6.996489173077502,5.932616939544678,2.6777885007858275,0.0005921819829382,8.320335388183594,0.3309862524271011,7.098522753715515,8.320335388183594,0.0036477661132812,0.4730859375
206,0.0006891026078041,0.0007162895769579,31.888583984375,0.8660873329639435,0.0096982070058584,20.136563453674317,0.3222671094536781,130.44088504096726,7.167785249999724,137.60898341599386,27927.004986041036,3.83315399801961,6.975655416015975,5.851247730255127,2.7227406132221224,0.0004755447735078,8.320335388183594,0.318688887283206,6.98606776714325,8.320335388183594,0.0036416625976562,0.4726077270507812
207,0.0007139205110997,0.0007165285185328,31.88664905548096,0.8662418103218079,0.0096982070058584,20.136563453674317,0.3222671094536781,131.34180312498938,7.342594166984782,138.6849087909795,28065.808594999995,3.806861091469734,6.80958239865957,5.750162386894226,2.7635813975334167,0.0003562456113286,8.320335388183594,0.297938789576292,6.851892549991607,8.320335388183594,0.0039108276367187,0.4635177612304687
208,0.00068841440109,0.0007182252994971,31.87555969238281,0.8660804033279419,0.0096982070058584,20.136563453674317,0.3222671094536781,129.9189990410232,7.1826144580263644,137.10197108302964,28202.97279229101,3.8485518183689216,6.961253495115061,5.7111238098144534,2.7821541941165924,0.0004497619811445,8.320335388183594,0.2628906628489494,6.8034538292884825,8.320335388183594,0.0047662353515625,0.4516510009765625
209,0.0006985814345953,0.0007160725042922,31.888406829833983,0.8662551212310791,0.0096982070058584,20.136563453674317,0.3222671094536781,130.76776166597847,7.167377125006169,137.93546937499195,28340.97129474998,3.823572366996351,6.976052623986486,5.84098406791687,2.757362402677536,0.0004241761926095,8.320335388183594,0.2893151938542723,7.054739837646484,8.320335388183594,0.0045803833007812,0.47906005859375
210,0.0007116577049223,0.0007176873480784,31.881083221435546,0.86517294049263,0.0096982070058584,20.136563453674317,0.3222671094536781,130.25143562501762,7.162291583954357,137.4142239590292,28478.44795758299,3.838729282335558,6.981005927211164,6.017708582878113,2.7017974412441252,0.0004062552470713,8.320335388183594,0.3178219607472419,7.322623443603516,8.320335388183594,0.0039041137695312,0.5018670654296875
211,0.0007167504526369,0.0007227262077503,31.861642265319823,0.8638157343864441,0.0096982070058584,20.136563453674317,0.3222671094536781,131.26299174997257,7.188563917006832,138.45187479199376,28616.964636665987,3.8091467620393047,6.955492164674103,6.049130549430847,2.6315826642513276,0.0005156674887984,8.320335388183594,0.358304121568799,7.26454936504364,8.320335388183594,0.002882080078125,0.4793377685546875
212,0.0007075950256275,0.0007199528691126,31.86999485015869,0.864457004070282,0.0096982070058584,20.136563453674317,0.3222671094536781,130.28695204202086,7.184116832970176,137.47138695803005,28754.500213999985,3.8376828390208817,6.9597977263585475,6.001015410423279,2.6563239598274233,0.0005374906468205,8.320335388183594,0.3519008561968803,7.235067100524902,8.320335388183594,0.0030123901367187,0.48234130859375
213,0.0007401740208929,0.0007203503302298,31.85553596496582,0.8664251911640167,0.0096982070058584,20.136563453674317,0.3222671094536781,131.90100874996278,7.186058291001245,139.08738370798528,28893.65046541601,3.790721577784302,6.95791739716509,5.568659181594849,2.848458318710327,0.0003028645005542,8.320335388183594,0.2314165244251489,6.583813004493713,8.320335350036622,0.0054058837890625,0.440955810546875
214,0.0007162229019363,0.0007164388030651,31.88892074584961,0.8656535470485687,0.0096982070058584,20.136563453674317,0.3222671094536781,131.23808779200772,7.1901158330147155,138.428518834,29032.145524708016,3.809869592068603,6.95399088988469,5.954058785438537,2.7157209169864656,0.000409738975577,8.320335388183594,0.3126544266566634,7.1987842440605165,8.320335388183594,0.0041195678710937,0.4880731201171875
215,0.0006951649335896,0.0007177319045877,31.881292572021483,0.8645065236091614,0.0096982070058584,20.136563453674317,0.3222671094536781,131.16009100002702,7.294164415972773,138.45478758303216,29170.724163749997,3.8121352020097103,6.85479475764351,6.049438018798828,2.650195161104202,0.0003851559013128,8.320335388183594,0.3587789734452963,7.282635197639466,8.320335388183594,0.0032894897460937,0.499317626953125
216,0.0006856666374242,0.0007166765493457,31.88698215484619,0.8656155002117157,0.0096982070058584,20.136563453674317,0.3222671094536781,129.8871192500228,7.21177966700634,137.09921800001757,29307.88853645801,3.849496415711077,6.93310144079254,5.787871475219727,2.725962665081024,0.0002622187312226,8.320335388183594,0.3016381392255425,6.870549495220184,8.320335388183594,0.0042730712890625,0.4455987548828125
217,0.0007060516176622,0.0007162085492745,31.88919403076172,0.8661538779735565,0.0096982070058584,20.136563453674317,0.3222671094536781,130.62051675003022,7.178232292004395,137.79907554201782,29445.751175833037,3.8278825749622087,6.9655031999582135,5.906516170501709,2.7506523978710176,0.0002246651274617,8.320335388183594,0.2873033238947391,7.171789264678955,8.320335388183594,0.0050588989257812,0.4980194091796875
218,0.0006802529306696,0.0007171744861989,31.8847998046875,0.8652387750148773,0.0096982070058584,20.136563453674317,0.3222671094536781,130.37402495800052,7.169267290970311,137.54361745796632,29583.41779745799,3.8351197653142415,6.974213398763215,5.935308380126953,2.716413016319275,0.0002603853063192,8.320335388183594,0.2874296645447611,7.155942420959473,8.320335388183594,0.005572509765625,0.4849960327148437
219,0.0007065488900964,0.0007156381438835,31.890978088378905,0.8660046422481537,0.0096982070058584,20.136563453674317,0.3222671094536781,131.14569329103688,7.176351959002204,138.3228760000202,29721.80582225001,3.812553713757159,6.967328286801582,5.822517228126526,2.7190689635276795,0.0002475067158229,8.320335388183594,0.3030256831273437,6.930077304840088,8.320335388183594,0.0048040771484375,0.4515570068359375
220,0.0007119518461565,0.0007169700664235,31.88460720062256,0.8655924773216248,0.0096982070058584,20.136563453674317,0.3222671094536781,131.09403695800574,7.1773862080299295,138.2717556669959,29860.201612291028,3.8140560135482624,6.966324306759598,5.873215522766113,2.7128332543373106,0.0003688591532409,8.320335388183594,0.3285854716598987,7.040298933982849,8.320335388183594,0.0035552978515625,0.4745724487304688
221,0.000711968006399,0.0007175249967258,31.88330089569092,0.8650234997272491,0.0096982070058584,20.136563453674317,0.3222671094536781,130.86767062504077,7.168657500005793,138.03664391703205,29998.300869416023,3.820653318057362,6.974806649635528,5.993859829902649,2.6808700513839723,0.0002828608849085,8.320335388183594,0.334489122480154,7.236872463226319,8.320335388183594,0.003609619140625,0.4863101196289062
222,0.0007198324044647,0.0007173963522654,31.88188041687012,0.8663093781471253,0.0096982070058584,20.136563453674317,0.3222671094536781,130.1716010000091,7.337051333975978,137.50896841601934,30135.87574820801,3.8410835862729,6.8147267511218015,5.782496209144592,2.797775888442993,0.0002709690597839,8.320335388183594,0.2600206182152033,6.9674660897254945,8.320335388183594,0.0057839965820312,0.479603271484375
223,0.0006889680171493,0.0007144346807035,31.89910327911377,0.8661795091629029,0.0096982070058584,20.136563453674317,0.3222671094536781,130.56122587498976,7.174003499967512,137.73557195800822,30273.677078666035,3.829620905051411,6.969609089293925,5.850987515449524,2.735604358911514,0.000379388773581,8.320335388183594,0.294153750911355,7.020397834777832,8.320335388183594,0.0046536254882812,0.4615109252929688
224,0.0006955786984824,0.0007166766482987,31.889169883728027,0.8651782703399659,0.0096982070058584,20.136563453674317,0.3222671094536781,131.19759370799875,7.192276167043019,138.39035687496653,30412.188065249986,3.8110455067707263,6.9519021292749725,6.030403308868408,2.709995889663696,0.000193669256987,8.320335388183594,0.2950101784244179,7.345845880508423,8.320335388183594,0.00491943359375,0.4996649169921875
225,0.0006876408171419,0.0007152443146333,31.89580993652344,0.8659379994869232,0.0096982070058584,20.136563453674317,0.3222671094536781,129.68888704199344,7.144515291962307,136.8337368330103,30549.084754166004,3.85538045243691,6.99837539101509,5.943651866912842,2.7410596680641173,0.00020486304129,8.320335388183594,0.2931838941574096,7.232422399520874,8.320335388183594,0.004649658203125,0.4951931762695312
226,0.0007082089599989,0.0007156779870274,31.892663612365723,0.8662393283843994,0.0096982070058584,20.136563453674317,0.3222671094536781,130.0019562500529,7.141094084014185,137.14338554203275,30686.291332915993,3.846095969804274,7.001728224240643,5.850478873252869,2.7598223197460174,0.0001801793259801,8.320335388183594,0.284001498632133,7.045730614662171,8.320335388183594,0.004976806640625,0.4766961669921875
227,0.0006883100608415,0.0007149201983702,31.89463821411133,0.8663249218463898,0.0096982070058584,20.136563453674317,0.3222671094536781,130.1142474579974,7.184088792011607,137.29864941700362,30823.654441125036,3.842776711761766,6.959824891863504,5.7480393075943,2.7648601150512695,0.0002441896067466,8.320335388183594,0.2994383788108826,6.845495505332947,8.320335388183594,0.0044393920898437,0.4629812622070312
228,0.0007061498611342,0.0007171492703491,31.885201835632323,0.8654471063613891,0.0096982070058584,20.136563453674317,0.3222671094536781,131.25630787498085,7.150070292002056,138.40670745802345,30962.124569541003,3.809340732608756,6.992938245086783,5.934983553886414,2.693372142314911,0.000334750424372,8.320335388183594,0.3394554297626018,7.14661456823349,8.320335388183594,0.0035589599609375,0.4740411376953125
229,0.0006867475163635,0.0007149301969911,31.89458080291748,0.8665671074390411,0.0096982070058584,20.136563453674317,0.3222671094536781,131.23903391696513,7.159612541960087,138.39911837497493,31100.59000687503,3.809842126057936,6.983618136731112,5.8298634433746335,2.775417606830597,0.0003260067896917,8.320335388183594,0.2789231817796826,7.042536149024963,8.320335388183594,0.0046975708007812,0.4753182983398437
230,0.000675033623329,0.0007200250218738,31.870775146484377,0.8647108614444733,0.0096982070058584,20.136563453674317,0.3222671094536781,130.20309254102176,7.314904625003692,137.5183095409884,31238.174787915996,3.840154563475288,6.835359114470308,6.009703040122986,2.683607738018036,0.0004021829518023,8.320335388183594,0.3133255124092102,7.274583129882813,8.320335388183594,0.0046505737304687,0.4839352416992187
231,0.000690805791758,0.0007172392497886,31.886283493041994,0.8655556344985962,0.0096982070058584,20.136563453674317,0.3222671094536781,130.42157212499296,7.151429624995217,137.57333470904268,31375.813370582982,3.8337216140962616,6.991609037896873,5.970629992485047,2.736231039762497,0.0002945075393654,8.320335388183594,0.2754776609316468,7.268665504455567,8.320335388183594,0.00513671875,0.4890444946289062
232,0.0006647729598662,0.0007171618985012,31.884143142700196,0.8650226044654846,0.0096982070058584,20.136563453674317,0.3222671094536781,129.96125183301046,7.177004625031259,137.13856883300468,31513.015257999985,3.8473005834266583,6.966694688424035,6.026968030929566,2.691970076560974,0.0002577161067165,8.320335388183594,0.3127518435567617,7.31058853149414,8.320335388183594,0.004398193359375,0.4892709350585937
233,0.0006849508511643,0.0007175630278652,31.883293380737303,0.8658492922782898,0.0096982070058584,20.136563453674317,0.3222671094536781,131.022528624977,7.24196266697254,138.2649894169881,31651.34500216598,3.81613761577705,6.904205710425487,5.957755498886108,2.7838102662563324,0.0006285674171522,8.320335388183594,0.2606997888535261,7.324722664356232,8.320335388183594,0.0055255126953125,0.50197509765625
234,0.0006626389552329,0.0007204496470512,31.861524200439455,0.8660465204715728,0.0096982070058584,20.136563453674317,0.3222671094536781,130.40307191596366,7.151495041965973,137.55490804096917,31788.964096125022,3.8342655019830945,6.991545083453601,5.7049840497970585,2.8027745294570923,0.0003567348176147,8.320335388183594,0.2614544509351253,6.799599075317383,8.320335388183594,0.0049468994140625,0.4635552978515625
235,0.0006891109642615,0.0007169715189957,31.884645538330076,0.8663737940788269,0.0096982070058584,20.136563453674317,0.3222671094536781,130.54926674999297,7.173670749994926,137.7232651669765,31926.751348874983,3.829971722150841,6.969932373887575,5.7509322309494015,2.7739491260051725,0.000271730707027,8.320335388183594,0.2758971851319075,6.853232197761535,8.320335388183594,0.0052883911132812,0.4576388549804687
236,0.0006867583077264,0.0007189452587044,31.8770219039917,0.8653370869159699,0.0096982070058584,20.136563453674317,0.3222671094536781,130.8533479589969,7.220338416984305,138.07418379199223,32064.888707791033,3.821071510961078,6.924883172011117,5.878435583114624,2.7412255096435545,0.0003798482066486,8.320335388183594,0.2783688657730818,7.097803635597229,8.320335388183594,0.0051889038085937,0.4710809326171875
237,0.0006567251249962,0.0007158638053806,31.89081298828125,0.866350554227829,0.0096982070058584,20.136563453674317,0.3222671094536781,130.3596618329757,7.197265041002538,137.55725491599878,32202.508965750036,3.835542321677919,6.947083331675567,5.72879912853241,2.771107305288315,0.0002640041639097,8.320335388183594,0.2815281984582543,6.7939123129844665,8.320335388183594,0.005196533203125,0.4677560424804687
238,0.0006868487335507,0.0007206170563586,31.868526802062988,0.8651165759563446,0.0096982070058584,20.136563453674317,0.3222671094536781,130.56076795898844,7.182224832999054,137.74330737499986,32340.318272999997,3.82963433668726,6.961631132775565,5.77383355140686,2.725157092809677,0.0002774903841782,8.320335388183594,0.3095866466686129,6.839484162330628,8.320335388183594,0.0043069458007812,0.4489224243164063
239,0.0006748109243296,0.0007165211866958,31.88507125854492,0.8666347944736481,0.0096982070058584,20.136563453674317,0.3222671094536781,131.07549112499692,7.179665207979269,138.25548458303092,32478.641083625014,3.814595663221184,6.964113026388955,5.72368745803833,2.790644633769989,0.0002721680502872,8.320335388183594,0.269609924480319,6.837176990509033,8.320335388183594,0.0052517700195312,0.4545147705078125
240,0.0007024981132344,0.0007160770066548,31.888046188354497,0.8664238691329956,0.0096982070058584,20.136563453674317,0.3222671094536781,130.93646724999417,7.169126374996267,138.10592866601655,32616.813157541023,3.818645870789845,6.9743504835379655,5.771542782783508,2.77258493900299,0.0002839702065102,8.320335388183594,0.2743962953984737,6.919177780151367,8.320335388183594,0.0049789428710937,0.4626925659179687
241,0.0006837352048123,0.000716203067277,31.88808479309082,0.8667712080478668,0.0096982070058584,20.136563453674317,0.3222671094536781,131.17944100004388,7.1658581249648705,138.34608545800438,32755.223819249994,3.8115728820633774,6.9775313895494016,5.785572729110718,2.7676137673854826,0.0001576637587277,8.320335388183594,0.2746458192542195,6.950357582569122,8.320335388183594,0.0060125732421875,0.4608480834960937
242,0.0006861398607393,0.0007179839667514,31.881790161132812,0.8643039011955261,0.0096982070058584,20.136563453674317,0.3222671094536781,129.59954195900357,7.182054958015215,136.7819206250133,32892.07312629103,3.858038326695367,6.961795794141023,6.134671792984009,2.6613129127025603,0.0001936256012413,8.320335388183594,0.3158167777955532,7.454597225189209,8.320335388183594,0.0048992919921875,0.5002639770507813
243,0.0007200859070812,0.0007164411377743,31.88866256713867,0.8663081383705139,0.0096982070058584,20.136563453674317,0.3222671094536781,132.08362387499074,7.152935041987803,139.23707091697725,33031.376872332985,3.785480632127569,6.9901375738070435,5.881090126037598,2.769547060728073,0.0003022718592546,8.320335388183594,0.2656039896979928,7.1219181632995605,8.320335388183594,0.0060037231445312,0.4774844360351562
244,0.0006864088455959,0.0007176038520992,31.879957122802736,0.8659075284004212,0.0096982070058584,20.136563453674317,0.3222671094536781,131.4576694170246,7.145221667014994,138.60320354200667,33170.043644707985,3.803505738519102,6.997683533153161,5.807151403427124,2.7647902274131777,0.0002747223770711,8.320335388183594,0.2864589423686265,6.975053949356079,8.320335388183594,0.0050833129882812,0.4645462036132812
245,0.0007288780949102,0.000719391235616,31.87178478240967,0.8654337465763092,0.0096982070058584,20.136563453674317,0.3222671094536781,130.58183458296116,7.4218390000169165,138.00401866598986,33308.111635875,3.829016505985297,6.736874782636222,5.932769660949707,2.725336036682129,0.00042068111361,8.320335388183594,0.3084467293322086,7.182773468494415,8.320335388183594,0.0046844482421875,0.4836102294921875
246,0.0006821438199918,0.0007483367895474,31.73145252227783,0.8585220992565155,0.0096982070058584,20.136563453674317,0.3222671094536781,130.39976362499874,7.129802583018318,137.53040145896375,33445.70662566599,3.834362778738548,7.012816893288101,6.45067334651947,2.5097900366783144,0.0002639312879182,8.320335388183594,0.4198329418897629,7.779548969268799,8.320335388183594,0.0025918579101562,0.5389126586914063
247,0.0006788494943643,0.0007191373911336,31.874726181030272,0.8654918050765992,0.0096982070058584,20.136563453674317,0.3222671094536781,129.70613312500063,7.202713375038002,136.9091819160385,33582.680109666006,3.854867830483691,6.941828363361217,5.917352666854859,2.7231714713573454,0.0002007598232012,8.320335388183594,0.3064776090532541,7.138941943645477,8.320335388183594,0.0050057983398437,0.4810797119140625
248,0.0006607941056039,0.0007299963425612,31.799114265441897,0.8657707417011261,0.0096982070058584,20.136563453674317,0.3222671094536781,130.02190945798066,7.202556249976624,137.22479783301242,33719.969970291,3.845505746564856,6.941979800596806,5.207332692146301,2.8685854148864744,0.000131385779241,8.320335388183594,0.2181671246141195,5.736386389732361,8.3203058052063,0.0075155639648437,0.3726547241210937
249,0.0007000258605521,0.000719279415498,31.875518798828125,0.8651691591739654,0.0096982070058584,20.136563453674317,0.3222671094536781,130.88507629098604,7.166488582966849,138.05208154098364,33858.08633870799,3.820145230984097,6.976917554691831,6.0108975982666015,2.7074968004226685,0.0003693347098305,8.320335388183594,0.3284206196665764,7.289172406196594,8.320335388183594,0.00388427734375,0.497872314453125
250,0.0007048807472708,0.0007151270180474,31.894770431518555,0.8666272246837616,0.0096982070058584,20.136563453674317,0.3222671094536781,131.14500108297216,7.16982970898971,138.31515624996973,33996.465607958016,3.8125738371351456,6.973666325339466,5.873483247756958,2.760442349910736,0.0001586561702424,8.320335388183594,0.2698782283440232,7.100948638916016,8.320335388183594,0.0062823486328125,0.473104248046875
251,0.0007058708560030027,0.0007183667513891123,31.876834754943847,0.8650251042842865,0.009698207005858422,20.136563453674317,0.32226710945367815,127.34931191697251,7.105020624992903,134.45482699997956,34130.920527541006,3.9262088854157553,7.037277249290172,6.0071639060974125,2.6976063549518585,0.00020227822824381292,8.320335388183594,0.29354862194508313,7.279641904830933,8.320335388183594,0.00558990478515625,0.48320831298828126
252,0.0007073666363030497,0.0007216368967783637,31.861975593566896,0.8639139330387116,0.009698207005858422,20.136563453674317,0.32226710945367815,128.13374837499578,7.19385300000431,135.3280026250286,34266.40199454104,3.9021725840463337,6.950378329939469,6.116820421218872,2.664670068025589,0.00016947690164670348,8.320335388183594,0.32511488541960715,7.437449431419372,8.320335388183594,0.0047064208984375,0.492265625
253,0.0007049459915637044,0.0007158312390674837,31.893520011901856,0.8659910261631012,0.009698207005858422,20.136563453674317,0.32226710945367815,127.63624775002245,7.20751741604181,134.8440968330251,34401.40309650001,3.917382474132722,6.9372014126132715,5.937676634788513,2.7458078861236572,0.000186262303031981,8.320335388183594,0.2802163790538907,7.214183869361878,8.320335388183594,0.0056488037109375,0.4824267578125
254,0.0006729099958279221,0.000716469832987059,31.888283805847166,0.8663316059112549,0.009698207005858422,20.136563453674317,0.32226710945367815,125.62087141699158,7.400763833022211,133.02196699997876,34534.5806495,3.9802303101391288,6.75605939172116,5.823989286422729,2.755199453830719,0.00016510311979800463,8.320335388183594,0.28296286091208456,7.016817305088043,8.320335330963134,0.0052105712890625,0.45178558349609377
255,0.0006590035036961126,0.0007154596093459986,31.893340454101562,0.8663588154315949,0.009698207005858422,20.136563453674317,0.32226710945367815,125.6547343749553,7.2214627920184284,132.87653858296108,34667.611966915996,3.979157669523169,6.923804974147737,5.752438488006592,2.759592368602753,0.00015037687262520194,8.320335388183594,0.2834016444534063,6.854369385242462,8.320335369110108,0.005537109375,0.44080535888671873
256,0.0006780020261371646,0.0007175356047810055,31.88326385498047,0.8661891341209411,0.009698207005858422,20.136563453674317,0.32226710945367815,125.40020970901242,7.245995209028479,132.64653425000142,34800.428747249985,3.9872341614119757,6.900363381099151,5.870370860099793,2.759213970899582,0.0001452000578865409,8.320335388183594,0.27135314416140316,7.095603308677673,8.320335388183594,0.00613800048828125,0.47266387939453125
257,0.0006778213142297318,0.0007182959897909314,31.87413070678711,0.8663291788101196,0.009698207005858422,20.136563453674317,0.32226710945367815,127.03187074995367,7.12723212497076,134.1594389169477,34934.76463120802,3.9360201266671684,7.015346087132686,5.594521312713623,2.7785818219184875,0.00019745912868529558,8.320335388183594,0.27073217920959,6.534939074516297,8.320297870635986,0.0050518798828125,0.40178497314453127
258,0.0006904090054179051,0.0007179075348540209,31.880304069519042,0.8652407693862915,0.009698207005858422,20.136563453674317,0.32226710945367815,127.12853566702688,7.158718332997523,134.2875880000065,35069.209141916,3.933027289086318,6.98449047359904,5.990889682769775,2.7009800159931183,0.0001523636165075004,8.320335388183594,0.3220669688284397,7.269663329124451,8.320335388183594,0.0045269775390625,0.4781710815429687
259,0.0006887788731360161,0.000715126687719021,31.896376724243165,0.8663714933395386,0.009698207005858422,20.136563453674317,0.32226710945367815,125.98760970798321,7.15311766701052,133.14105724997353,35202.504836875,3.9686442274673737,6.9899591098011875,5.82678759098053,2.7658934807777404,0.00020502498955465853,8.320335388183594,0.2725377919152379,7.045483727455139,8.320335388183594,0.0053570556640625,0.45381134033203124
260,0.0006709471269105052,0.000722303087823093,31.859112167358397,0.8642923438549042,0.009698207005858422,20.136563453674317,0.32226710945367815,127.33566533296835,7.129955250013154,134.46595591696678,35337.12694366601,3.9266296578618145,7.012666734466216,5.989581804275513,2.69199994802475,0.00022198710939846933,8.320335388183594,0.3164346156269312,7.260218157768249,8.320335388183594,0.0048272705078125,0.46561737060546876
261,0.0006751991372821067,0.0007168646703939885,31.888429832458495,0.8657437169551849,0.009698207005858422,20.136563453674317,0.32226710945367815,125.68447604199173,7.087708833045326,132.77252670901362,35470.058417749984,3.9782160513836873,7.054465861645286,5.8605823850631715,2.7391994643211364,0.00018809066386893392,8.320335388183594,0.2999707967787981,7.046468961238861,8.320335388183594,0.00484039306640625,0.463719482421875
262,0.0007134325597862698,0.0007194393387180753,31.873489799499513,0.8652327930927277,0.009698207005858422,20.136563453674317,0.32226710945367815,127.39269366703229,7.842867625004146,135.23598925000988,35605.450494415985,3.924871871434445,6.375219166085768,6.029425168037415,2.7157569789886473,0.0001847182575147599,8.320335388183594,0.2987166150659323,7.358536744117737,8.320335388183594,0.00522674560546875,0.5045181274414062
263,0.0007464286879735482,0.0007183755550067872,31.880479125976564,0.8656326079368591,0.009698207005858422,20.136563453674317,0.32226710945367815,127.01708254200639,7.164459082996473,134.18196695897495,35739.799065791,3.9364783853749965,6.9788939291545145,5.840114316940308,2.7421885573863984,0.00017944065621122718,8.320335388183594,0.29682331267744305,7.018934273719788,8.320335388183594,0.00489837646484375,0.45162506103515626
264,0.0006841645857546155,0.0007213760670856573,31.85975528717041,0.8663825857639312,0.009698207005858422,20.136563453674317,0.32226710945367815,126.49910062499112,7.163134167029057,133.66256641596556,35873.62260125,3.9525972716775204,6.980184767464398,5.726044154167175,2.8013087368011473,0.0001381594775011763,8.320335388183594,0.2450917390361428,6.906214187145233,8.320335330963134,0.0062762451171875,0.44610687255859377
265,0.0006834750759242069,0.0007166147965472192,31.88936653137207,0.865852484703064,0.009698207005858422,20.136563453674317,0.32226710945367815,127.38442729099188,7.316926042025443,134.70169212500332,36008.480158707986,3.9251265687117316,6.8334707379602255,5.839118986129761,2.7478277397155764,0.00019165428238920867,8.320335388183594,0.2862660147249699,7.027836446762085,8.320335388183594,0.005885009765625,0.4532745361328125
266,0.000711274937260896,0.0007181988455704413,31.878799819946288,0.8665480744838715,0.009698207005858422,20.136563453674317,0.32226710945367815,125.48843774996931,7.1079720830312,132.59674462501425,36141.232143916,3.9844308285694816,7.034355146014792,5.701858143806458,2.80691602230072,0.0002083310973830521,8.320335388183594,0.2659665696322918,6.835777807235718,8.320335350036622,0.0053948974609375,0.445123291015625
267,0.0007054505552148384,0.0007169879772118292,31.886275367736815,0.8663738584518432,0.009698207005858422,20.136563453674317,0.32226710945367815,125.49126024998259,7.1099943749723025,132.60158508300083,36273.9929,3.9843412123201576,7.032354368099592,5.723886270523071,2.7882240867614745,0.00015182567585725337,8.320335388183594,0.25676954444497824,6.8435059881210325,8.320332984924317,0.00602294921875,0.4192898559570313
268,0.0006898037884664063,0.0007199933918309398,31.870609397888185,0.8654273331165314,0.009698207005858422,20.136563453674317,0.32226710945367815,125.02451233402826,7.184103542007506,132.20895812503295,36406.36390874999,3.999215759099695,6.959810602343872,5.849052276611328,2.7383285570144653,0.00015840254491195083,8.320335388183594,0.2895377163589001,7.010004072189331,8.320335311889648,0.00536773681640625,0.4319952392578125
269,0.0006860683684865307,0.0007186050445307046,31.880339431762696,0.8656327629089355,0.009698207005858422,20.136563453674317,0.32226710945367815,126.05983225000091,7.271297040977515,133.3314540410065,36539.852563332985,3.9663705010205295,6.87635228188646,5.855425696372986,2.7585309958457946,0.00012563285417854786,8.320335388183594,0.25597277905792,7.090102114677429,8.320333919525147,0.00563507080078125,0.431983642578125
270,0.0007075906471873168,0.0007207757863216103,31.868458442687988,0.8654060018062592,0.009698207005858422,20.136563453674317,0.32226710945367815,128.5347550419974,7.213509500026703,135.74859620898496,36675.76885083299,3.8899984664585863,6.93143885092477,5.868820166587829,2.7255772137641907,0.0001954070175997913,8.320335388183594,0.29012286074459553,7.0443351936340335,8.32033477783203,0.00452850341796875,0.43551361083984375
271,0.0006932040116844291,0.00072095663723303,31.866533432006836,0.8643943250179291,0.009698207005858422,20.136563453674317,0.32226710945367815,126.6379879169981,7.208842459018342,133.84716070897412,36809.78383462502,3.9482623517969446,6.9359262994365265,5.997500658035278,2.707605118751526,0.00012090143718523905,8.320335388183594,0.2733465595915914,7.272719383239746,8.320334129333496,0.00575927734375,0.43414337158203126
272,0.0007009365093751967,0.0007195938783115708,31.87519889831543,0.8649884283542633,0.009698207005858422,20.136563453674317,0.32226710945367815,127.46581291698385,7.205052083008923,134.6712029170012,36944.615721958035,3.92262041529238,6.939575095912333,5.834419631958008,2.7270840930938722,0.00017873800243251026,8.320335388183594,0.25950080204755066,7.013901307582855,8.320322856903076,0.00582061767578125,0.3613458251953125
273,0.0006675893528056349,0.0007188235109788366,31.88161159515381,0.8646443581581116,0.009698207005858422,20.136563453674317,0.32226710945367815,127.51263229199685,7.347308665979654,134.8602698330069,37079.63592687504,3.9211801294716255,6.805212938924929,5.70184510231018,2.7823777103424074,0.00026050175074487925,8.320335388183594,0.21998322430998088,6.798621387481689,8.32032075881958,0.00587646484375,0.31129913330078124
274,0.0006912593673259835,0.0007203680012025871,31.871113929748535,0.8647386634349823,0.009698207005858422,20.136563453674317,0.32226710945367815,128.4705551250372,7.37079229101073,135.84186825004872,37215.64769604102,3.8919423949975336,6.783531271255465,5.888881902694703,2.7091120982170107,0.00012281381350476295,8.320335388183594,0.2584474151954055,7.096136507987976,8.320324153900147,0.0062548828125,0.3630108642578125
275,0.000681804714441796,0.000716334122698754,31.89262840270996,0.8665773355960846,0.009698207005858422,20.136563453674317,0.32226710945367815,127.61699299997417,7.182852833997458,134.80018908396596,37350.624753625,3.91797352567382,6.961022473319087,5.741883563995361,2.794752445220947,0.0001622000418137759,8.320335388183594,0.21675430409610272,6.890543189048767,8.320327587127686,0.00788604736328125,0.36456298828125
276,0.0006709121038727517,0.0007187807952868752,31.88016124725342,0.8661123478412628,0.009698207005858422,20.136563453674317,0.32226710945367815,127.30715483397944,7.443830625037663,134.75136358401505,37485.53245175,3.927509028475636,6.716971747291338,5.623092827796936,2.781445758342743,0.0001493774907430634,8.320335388183594,0.22648054745048285,6.6354323625564575,8.320312919616699,0.0067572021484375,0.3279458618164062
277,0.0006695374426534499,0.0007186808649566955,31.877653465270996,0.8664226388931274,0.009698207005858422,20.136563453674317,0.32226710945367815,128.942654457991,7.190852750034537,136.13386316603282,37621.822790333,3.8776927782489383,6.953278246416581,5.515054240226745,2.8283171534538267,0.00013523905363399535,8.320335388183594,0.1971161148324609,6.484230678081513,8.320310039520264,0.00742095947265625,0.3129217529296875
278,0.0006997071520530653,0.0007218019000720233,31.864814910888672,0.86443110704422,0.009698207005858422,20.136563453674317,0.32226710945367815,126.75125195801957,7.146440208016429,133.89802245801548,37755.87921354103,3.944734211900342,6.996490356683196,5.682112784385681,2.7482091426849364,0.00022744692978449166,8.320335388183594,0.2396353556960821,6.740008287429809,8.320301609039307,0.00525482177734375,0.30753173828125
279,0.0006903696691379082,0.0007189940413809381,31.87754146575928,0.8659073376655578,0.009698207005858422,20.136563453674317,0.32226710945367815,124.36085737502435,7.06832833297085,131.42952491698088,37887.46510025002,4.020557678307033,7.073808352502603,5.754633893966675,2.7785875153541566,0.0001393195998389274,8.320335388183594,0.22063602536916732,6.931099419593811,8.320309219360352,0.00626861572265625,0.3561135864257812
280,0.0006318591495178225,0.000717385841999203,31.885063705444335,0.866965937614441,0.009698207005858422,20.136563453674317,0.32226710945367815,125.81391866598278,7.1792880409630015,132.99371083301958,38020.61627791599,3.974123096248401,6.964478889092351,5.478275475502014,2.844767460823059,0.00013143123942427337,8.320335388183594,0.18848275285214186,6.416691060066223,8.320289802551269,0.00749786376953125,0.308402099609375
281,0.0006760070287537018,0.0007165379120851867,31.894401359558106,0.8667597484588623,0.009698207005858422,20.136563453674317,0.32226710945367815,124.84167008398799,7.210553749988321,132.0525577919907,38152.83643225003,4.005072982952102,6.93428018618972,5.595912094116211,2.80634619474411,0.0001348437217529863,8.320335388183594,0.20320349868386983,6.624613716602325,8.320312671661377,0.00733489990234375,0.32795257568359376
282,0.000680696921398976,0.0007174162729643286,31.890392189025878,0.8658417642116547,0.009698207005858422,20.136563453674317,0.32226710945367815,125.36754499998642,7.156395916012116,132.52427204197738,38285.52456037501,3.9882730414801864,6.986757103268593,5.717475743293762,2.8009707951545715,0.00013460192712955177,8.320335388183594,0.21631752785295247,6.864233922958374,8.320329895019531,0.00655364990234375,0.3604736328125
283,0.0006995168448211188,0.0007176859391620383,31.885937538146973,0.8665178990364075,0.009698207005858422,20.136563453674317,0.32226710945367815,124.87399333302164,7.332110832969192,132.20643662498333,38417.88674725003,4.004036282130974,6.8193186299329485,5.514530797004699,2.815160660743713,0.00012938152940478176,8.320335388183594,0.2044043782353401,6.457124710083008,8.320298767089843,0.006593017578125,0.307706298828125
284,0.0006910403712463448,0.0007170874410076067,31.888196220397948,0.8667402112483978,0.009698207005858422,20.136563453674317,0.32226710945367815,125.92963933304418,7.139709708979353,133.06968266703188,38551.11243825003,3.9704711507801407,7.003085844949244,5.539944429397583,2.8467257452011108,0.0001606678415555507,8.320335388183594,0.18662428591400385,6.55168927192688,8.320319271087646,0.0073797607421875,0.32461669921875
285,0.000713065606635837,0.0007181137363659218,31.885910682678222,0.8660963606834412,0.009698207005858422,20.136563453674317,0.32226710945367815,125.91742795903701,7.148193375032861,133.06594658404356,38684.33985383301,3.9708562039772457,6.994774396372587,5.681108117103577,2.806677758693695,0.00014371791621670127,8.320335388183594,0.21009974367916584,6.799421317577362,8.320325088500976,0.006241455078125,0.34924346923828126
286,0.0006649705305007956,0.0007240444901981391,31.854070739746092,0.8651678442955018,0.009698207005858422,20.136563453674317,0.32226710945367815,125.95018725004047,7.432377999997698,133.382911584049,38817.88179133301,3.9698233953982416,6.727321995734809,5.645726156234741,2.802444975376129,0.0002846306888386607,8.320335388183594,0.20853380858898163,6.733441119194031,8.32032527923584,0.00581298828125,0.32751220703125
287,0.0006899346512200282,0.0007256110876915045,31.845701904296874,0.8635056948661805,0.009698207005858422,20.136563453674317,0.32226710945367815,125.0780007080175,7.169530666957144,132.24784970801556,38950.29508037503,3.9975055339044125,6.973957197845525,5.920974130630493,2.7158608770370485,0.0001372194237774238,8.320335388183594,0.25149200931191446,7.141185722351074,8.32033182144165,0.005152587890625,0.379130859375
288,0.0007160702517812752,0.0007223894528578967,31.862464714050294,0.8650173246860504,0.009698207005858422,20.136563453674317,0.32226710945367815,125.62476020801114,7.168470458011143,132.79356595803984,39083.24647275002,3.9801070996839587,6.974988638492939,5.752286901473999,2.7950561308860777,0.00011848134454339743,8.320335388183594,0.2069709113612771,6.9392815113067625,8.32033016204834,0.006234130859375,0.353094482421875
289,0.0006837015033834177,0.0007222961366642267,31.86491310119629,0.8644204986095428,0.009698207005858422,20.136563453674317,0.32226710945367815,125.09529333299724,7.1596038329880685,132.25523241696646,39215.659569583004,3.996952936262963,6.983626631633394,5.7101500129699705,2.80162855386734,0.0001712388766463846,8.320335388183594,0.22374155938625337,6.863007805347443,8.320330352783204,0.00489013671875,0.34803009033203125
290,0.0006895182531413298,0.000718655702075921,31.882579612731934,0.8658413779735565,0.009698207005858422,20.136563453674317,0.32226710945367815,124.54710937500931,7.146693458955269,131.69412979204208,39347.51787479104,4.014545199074096,6.996242428356398,5.762835755348205,2.8001137566566467,0.00012742528633680195,8.320335388183594,0.20794866304844617,6.960218667984009,8.320333137512208,0.0064227294921875,0.38086029052734377
291,0.0006876317848309554,0.0007209837503614836,31.87255153656006,0.8647020268440246,0.009698207005858422,20.136563453674317,0.32226710945367815,124.21021004201612,7.1526034160051495,131.36315233301139,39479.039623125034,4.025433978663001,6.990461667162563,5.887527770996094,2.7886176896095276,0.00010363911133026704,8.320335388183594,0.17798468604683876,7.2029955768585205,8.320333576202392,0.008857421875,0.3869989013671875
292,0.0007056610765112055,0.0007183687313226983,31.88377872467041,0.8661685192584991,0.009698207005858422,20.136563453674317,0.32226710945367815,125.40462570800446,7.14727108302759,132.55223533295793,39611.752506832985,3.987093754932243,6.995677010031633,5.540678277015686,2.8637764048576355,0.00010445615771459416,8.320335388183594,0.17899526961147785,6.59096510887146,8.320327548980712,0.007283935546875,0.33091156005859373
293,0.0006777034851302233,0.0007154242432443425,31.89982250213623,0.8665286219120025,0.009698207005858422,20.136563453674317,0.32226710945367815,125.49759595800424,7.128580666030757,132.62650950002717,39744.53890129102,3.984140064063992,7.0140189670940964,5.54762791633606,2.829841310977936,0.00010843922063941136,8.320335388183594,0.18513799976557493,6.520978012084961,8.320329685211181,0.00732513427734375,0.32860748291015623
294,0.0007147630021022451,0.0007167622016277164,31.891272506713868,0.8671104753017426,0.009698207005858422,20.136563453674317,0.32226710945367815,125.63225870899623,7.151829250040464,132.78441637498327,39877.540611750024,3.9798695425683386,6.991218365527548,5.419732050895691,2.8600159454345704,0.00012955394049640745,8.320335388183594,0.17742900252342225,6.291076922416687,8.320305786132813,0.007529296875,0.30610595703125
295,0.0006717692569396263,0.0007201200831332244,31.8765771484375,0.8653428268432617,0.009698207005858422,20.136563453674317,0.32226710945367815,124.13783208298264,7.194871707994025,131.3330428749905,40009.04649725002,4.027780988359488,6.949394239294964,5.761521320343018,2.8112926292419433,0.00013589294394478202,8.320335388183594,0.19974769800901412,6.975656685829162,8.320333366394044,0.00625946044921875,0.374591064453125
296,0.0006646593644404674,0.0007203063581255265,31.87666564941406,0.8655059039592743,0.009698207005858422,20.136563453674317,0.32226710945367815,125.12266037502559,7.1571743749664165,132.28017358400393,40141.49122125002,3.9960787158886184,6.985997179960369,5.538295288085937,2.844390528202057,0.00013951156870462,8.320335388183594,0.19652323555201293,6.548617548942566,8.32032793045044,0.0062481689453125,0.3229901123046875
297,0.0006851379569493474,0.0007183563741273247,31.882257614135742,0.866922219991684,0.009698207005858422,20.136563453674317,0.32226710945367815,126.28319866600214,7.067588375008199,133.35174770798767,40275.00616070801,3.9593548887086403,7.074548961680581,5.359072704315185,2.8865595173835756,0.00012511308887042105,8.320335388183594,0.17214139964431524,6.183714661598206,8.32032054901123,0.00726226806640625,0.315810546875
298,0.0006687731662491387,0.0007225314356037416,31.865608596801756,0.8651242864131927,0.009698207005858422,20.136563453674317,0.32226710945367815,124.67288170894608,7.2721978750196286,131.94548329198733,40407.149325583,4.01049525082183,6.875500482701737,5.814254355430603,2.778460891246796,0.00011260322207817808,8.320335388183594,0.20141952365636825,7.040198273658753,8.32033317565918,0.006900634765625,0.3814459228515625
299,0.0006926092331204927,0.0007192274965927936,31.87976043701172,0.8658637428283691,0.009698207005858422,20.136563453674317,0.32226710945367815,126.17313554201974,7.12983270798577,133.30329295800766,40540.613128375015,3.9628087060853283,7.012787262735841,5.599464693069458,2.8534807753562927,0.00014089190517552197,8.320335388183594,0.17027801439166068,6.689361534118652,8.32033254623413,0.00799957275390625,0.349217529296875
300,0.0007162658676047613,0.0007194387706113048,31.877520942687987,0.8660108041763306,0.009698207005858422,20.136563453674317,0.32226710945367815,125.88526012498187,7.156585541961249,133.0421935839695,40673.811858832996,3.9718708886456455,6.986571977213814,5.462425498962403,2.8853143215179444,0.00015969236847013235,8.320335388183594,0.16236335720866918,6.438203501701355,8.320330448150635,0.0075201416015625,0.32082427978515626
