sample_id,dataset,image_name,sigma,first_method,second_method,metric,difference
div2k/0801.png/sigma_0.050,div2k,0801.png,0.05000000074505806,U-TV (final),DEAL (official pretrained),PSNR,-1.0261802673339844
div2k/0802.png/sigma_0.050,div2k,0802.png,0.05000000074505806,U-TV (final),DEAL (official pretrained),PSNR,-2.4087696075439453
div2k/0803.png/sigma_0.050,div2k,0803.png,0.05000000074505806,U-TV (final),DEAL (official pretrained),PSNR,-2.54345703125
div2k/0804.png/sigma_0.050,div2k,0804.png,0.05000000074505806,U-TV (final),DEAL (official pretrained),PSNR,-1.344503402709961
div2k/0805.png/sigma_0.050,div2k,0805.png,0.05000000074505806,U-TV (final),DEAL (official pretrained),PSNR,-1.3556957244873047
div2k/0806.png/sigma_0.050,div2k,0806.png,0.05000000074505806,U-TV (final),DEAL (official pretrained),PSNR,-1.3884410858154297
div2k/0807.png/sigma_0.050,div2k,0807.png,0.05000000074505806,U-TV (final),DEAL (official pretrained),PSNR,-1.2878570556640625
div2k/0808.png/sigma_0.050,div2k,0808.png,0.05000000074505806,U-TV (final),DEAL (official pretrained),PSNR,-1.5440425872802734
div2k/0809.png/sigma_0.050,div2k,0809.png,0.05000000074505806,U-TV (final),DEAL (official pretrained),PSNR,-0.8530616760253906
div2k/0810.png/sigma_0.050,div2k,0810.png,0.05000000074505806,U-TV (final),DEAL (official pretrained),PSNR,-1.0247802734375
div2k/0811.png/sigma_0.050,div2k,0811.png,0.05000000074505806,U-TV (final),DEAL (official pretrained),PSNR,-0.9727268218994141
div2k/0812.png/sigma_0.050,div2k,0812.png,0.05000000074505806,U-TV (final),DEAL (official pretrained),PSNR,-2.1836280822753906
div2k/0813.png/sigma_0.050,div2k,0813.png,0.05000000074505806,U-TV (final),DEAL (official pretrained),PSNR,-1.676605224609375
div2k/0814.png/sigma_0.050,div2k,0814.png,0.05000000074505806,U-TV (final),DEAL (official pretrained),PSNR,-1.5172462463378906
div2k/0815.png/sigma_0.050,div2k,0815.png,0.05000000074505806,U-TV (final),DEAL (official pretrained),PSNR,-1.3758964538574219
div2k/0816.png/sigma_0.050,div2k,0816.png,0.05000000074505806,U-TV (final),DEAL (official pretrained),PSNR,-1.2271003723144531
div2k/0817.png/sigma_0.050,div2k,0817.png,0.05000000074505806,U-TV (final),DEAL (official pretrained),PSNR,-1.1368789672851562
div2k/0818.png/sigma_0.050,div2k,0818.png,0.05000000074505806,U-TV (final),DEAL (official pretrained),PSNR,-1.688390731811527
div2k/0819.png/sigma_0.050,div2k,0819.png,0.05000000074505806,U-TV (final),DEAL (official pretrained),PSNR,-1.0247459411621094
div2k/0820.png/sigma_0.050,div2k,0820.png,0.05000000074505806,U-TV (final),DEAL (official pretrained),PSNR,-3.7024669647216797
div2k/0821.png/sigma_0.050,div2k,0821.png,0.05000000074505806,U-TV (final),DEAL (official pretrained),PSNR,-4.631278991699219
div2k/0822.png/sigma_0.050,div2k,0822.png,0.05000000074505806,U-TV (final),DEAL (official pretrained),PSNR,-1.45233154296875
div2k/0823.png/sigma_0.050,div2k,0823.png,0.05000000074505806,U-TV (final),DEAL (official pretrained),PSNR,-1.4860420227050781
div2k/0824.png/sigma_0.050,div2k,0824.png,0.05000000074505806,U-TV (final),DEAL (official pretrained),PSNR,-2.3289241790771484
div2k/0825.png/sigma_0.050,div2k,0825.png,0.05000000074505806,U-TV (final),DEAL (official pretrained),PSNR,-1.7293548583984375
div2k/0826.png/sigma_0.050,div2k,0826.png,0.05000000074505806,U-TV (final),DEAL (official pretrained),PSNR,-1.872598648071289
div2k/0827.png/sigma_0.050,div2k,0827.png,0.05000000074505806,U-TV (final),DEAL (official pretrained),PSNR,-1.2379264831542969
div2k/0828.png/sigma_0.050,div2k,0828.png,0.05000000074505806,U-TV (final),DEAL (official pretrained),PSNR,-5.74565315246582
div2k/0829.png/sigma_0.050,div2k,0829.png,0.05000000074505806,U-TV (final),DEAL (official pretrained),PSNR,-1.4739875793457031
div2k/0830.png/sigma_0.050,div2k,0830.png,0.05000000074505806,U-TV (final),DEAL (official pretrained),PSNR,-1.6835346221923828
div2k/0831.png/sigma_0.050,div2k,0831.png,0.05000000074505806,U-TV (final),DEAL (official pretrained),PSNR,-1.8239154815673828
div2k/0832.png/sigma_0.050,div2k,0832.png,0.05000000074505806,U-TV (final),DEAL (official pretrained),PSNR,-1.496713638305664
div2k/0833.png/sigma_0.050,div2k,0833.png,0.05000000074505806,U-TV (final),DEAL (official pretrained),PSNR,-3.540803909301758
div2k/0834.png/sigma_0.050,div2k,0834.png,0.05000000074505806,U-TV (final),DEAL (official pretrained),PSNR,-1.1846027374267578
div2k/0835.png/sigma_0.050,div2k,0835.png,0.05000000074505806,U-TV (final),DEAL (official pretrained),PSNR,-1.1038990020751953
div2k/0836.png/sigma_0.050,div2k,0836.png,0.05000000074505806,U-TV (final),DEAL (official pretrained),PSNR,-2.4674453735351562
div2k/0837.png/sigma_0.050,div2k,0837.png,0.05000000074505806,U-TV (final),DEAL (official pretrained),PSNR,-1.5472927093505895
div2k/0838.png/sigma_0.050,div2k,0838.png,0.05000000074505806,U-TV (final),DEAL (official pretrained),PSNR,-1.98321533203125
div2k/0839.png/sigma_0.050,div2k,0839.png,0.05000000074505806,U-TV (final),DEAL (official pretrained),PSNR,-0.9190940856933594
div2k/0840.png/sigma_0.050,div2k,0840.png,0.05000000074505806,U-TV (final),DEAL (official pretrained),PSNR,-1.0041828155517578
div2k/0841.png/sigma_0.050,div2k,0841.png,0.05000000074505806,U-TV (final),DEAL (official pretrained),PSNR,-1.28839111328125
div2k/0842.png/sigma_0.050,div2k,0842.png,0.05000000074505806,U-TV (final),DEAL (official pretrained),PSNR,-1.32135009765625
div2k/0843.png/sigma_0.050,div2k,0843.png,0.05000000074505806,U-TV (final),DEAL (official pretrained),PSNR,-2.576568603515625
div2k/0844.png/sigma_0.050,div2k,0844.png,0.05000000074505806,U-TV (final),DEAL (official pretrained),PSNR,-1.2893638610839844
div2k/0845.png/sigma_0.050,div2k,0845.png,0.05000000074505806,U-TV (final),DEAL (official pretrained),PSNR,-3.371967315673828
div2k/0846.png/sigma_0.050,div2k,0846.png,0.05000000074505806,U-TV (final),DEAL (official pretrained),PSNR,-3.278512954711914
div2k/0847.png/sigma_0.050,div2k,0847.png,0.05000000074505806,U-TV (final),DEAL (official pretrained),PSNR,-1.9979915618896484
div2k/0848.png/sigma_0.050,div2k,0848.png,0.05000000074505806,U-TV (final),DEAL (official pretrained),PSNR,-1.8537979125976562
div2k/0849.png/sigma_0.050,div2k,0849.png,0.05000000074505806,U-TV (final),DEAL (official pretrained),PSNR,-1.8965377807617188
div2k/0850.png/sigma_0.050,div2k,0850.png,0.05000000074505806,U-TV (final),DEAL (official pretrained),PSNR,-1.4857978820800781
div2k/0851.png/sigma_0.050,div2k,0851.png,0.05000000074505806,U-TV (final),DEAL (official pretrained),PSNR,-1.9471073150634766
div2k/0852.png/sigma_0.050,div2k,0852.png,0.05000000074505806,U-TV (final),DEAL (official pretrained),PSNR,-0.19038009643554688
div2k/0853.png/sigma_0.050,div2k,0853.png,0.05000000074505806,U-TV (final),DEAL (official pretrained),PSNR,-1.5161361694335938
div2k/0854.png/sigma_0.050,div2k,0854.png,0.05000000074505806,U-TV (final),DEAL (official pretrained),PSNR,-1.771707534790039
div2k/0855.png/sigma_0.050,div2k,0855.png,0.05000000074505806,U-TV (final),DEAL (official pretrained),PSNR,-1.7440757751464844
div2k/0856.png/sigma_0.050,div2k,0856.png,0.05000000074505806,U-TV (final),DEAL (official pretrained),PSNR,-1.1096267700195312
div2k/0857.png/sigma_0.050,div2k,0857.png,0.05000000074505806,U-TV (final),DEAL (official pretrained),PSNR,-1.9271583557128906
div2k/0858.png/sigma_0.050,div2k,0858.png,0.05000000074505806,U-TV (final),DEAL (official pretrained),PSNR,-0.8799800872802734
div2k/0859.png/sigma_0.050,div2k,0859.png,0.05000000074505806,U-TV (final),DEAL (official pretrained),PSNR,-1.1377296447753906
div2k/0860.png/sigma_0.050,div2k,0860.png,0.05000000074505806,U-TV (final),DEAL (official pretrained),PSNR,-1.4201946258544922
div2k/0861.png/sigma_0.050,div2k,0861.png,0.05000000074505806,U-TV (final),DEAL (official pretrained),PSNR,-1.4852848052978516
div2k/0862.png/sigma_0.050,div2k,0862.png,0.05000000074505806,U-TV (final),DEAL (official pretrained),PSNR,-0.7782745361328125
div2k/0863.png/sigma_0.050,div2k,0863.png,0.05000000074505806,U-TV (final),DEAL (official pretrained),PSNR,-1.4711723327636719
div2k/0864.png/sigma_0.050,div2k,0864.png,0.05000000074505806,U-TV (final),DEAL (official pretrained),PSNR,-1.1224746704101562
div2k/0865.png/sigma_0.050,div2k,0865.png,0.05000000074505806,U-TV (final),DEAL (official pretrained),PSNR,-1.1527671813964844
div2k/0866.png/sigma_0.050,div2k,0866.png,0.05000000074505806,U-TV (final),DEAL (official pretrained),PSNR,-1.6395549774169922
div2k/0867.png/sigma_0.050,div2k,0867.png,0.05000000074505806,U-TV (final),DEAL (official pretrained),PSNR,-2.1261959075927734
div2k/0868.png/sigma_0.050,div2k,0868.png,0.05000000074505806,U-TV (final),DEAL (official pretrained),PSNR,-2.228668212890625
div2k/0869.png/sigma_0.050,div2k,0869.png,0.05000000074505806,U-TV (final),DEAL (official pretrained),PSNR,-1.610036849975586
div2k/0870.png/sigma_0.050,div2k,0870.png,0.05000000074505806,U-TV (final),DEAL (official pretrained),PSNR,-1.2147693634033203
div2k/0871.png/sigma_0.050,div2k,0871.png,0.05000000074505806,U-TV (final),DEAL (official pretrained),PSNR,-1.318838119506836
div2k/0872.png/sigma_0.050,div2k,0872.png,0.05000000074505806,U-TV (final),DEAL (official pretrained),PSNR,-1.3994560241699183
div2k/0873.png/sigma_0.050,div2k,0873.png,0.05000000074505806,U-TV (final),DEAL (official pretrained),PSNR,-1.2311248779296875
div2k/0874.png/sigma_0.050,div2k,0874.png,0.05000000074505806,U-TV (final),DEAL (official pretrained),PSNR,-1.0738601684570312
div2k/0875.png/sigma_0.050,div2k,0875.png,0.05000000074505806,U-TV (final),DEAL (official pretrained),PSNR,-1.3632144927978516
div2k/0876.png/sigma_0.050,div2k,0876.png,0.05000000074505806,U-TV (final),DEAL (official pretrained),PSNR,-0.9947719573974645
div2k/0877.png/sigma_0.050,div2k,0877.png,0.05000000074505806,U-TV (final),DEAL (official pretrained),PSNR,-1.2474479675292969
div2k/0878.png/sigma_0.050,div2k,0878.png,0.05000000074505806,U-TV (final),DEAL (official pretrained),PSNR,-1.6745281219482422
div2k/0879.png/sigma_0.050,div2k,0879.png,0.05000000074505806,U-TV (final),DEAL (official pretrained),PSNR,-1.916891098022461
div2k/0880.png/sigma_0.050,div2k,0880.png,0.05000000074505806,U-TV (final),DEAL (official pretrained),PSNR,-1.0557270050048828
div2k/0881.png/sigma_0.050,div2k,0881.png,0.05000000074505806,U-TV (final),DEAL (official pretrained),PSNR,-1.1800498962402344
div2k/0882.png/sigma_0.050,div2k,0882.png,0.05000000074505806,U-TV (final),DEAL (official pretrained),PSNR,-2.2589492797851562
div2k/0883.png/sigma_0.050,div2k,0883.png,0.05000000074505806,U-TV (final),DEAL (official pretrained),PSNR,-0.9783935546875
div2k/0884.png/sigma_0.050,div2k,0884.png,0.05000000074505806,U-TV (final),DEAL (official pretrained),PSNR,-1.6658058166503906
div2k/0885.png/sigma_0.050,div2k,0885.png,0.05000000074505806,U-TV (final),DEAL (official pretrained),PSNR,-2.254802703857422
div2k/0886.png/sigma_0.050,div2k,0886.png,0.05000000074505806,U-TV (final),DEAL (official pretrained),PSNR,-1.7934684753417969
div2k/0887.png/sigma_0.050,div2k,0887.png,0.05000000074505806,U-TV (final),DEAL (official pretrained),PSNR,-1.3164539337158203
div2k/0888.png/sigma_0.050,div2k,0888.png,0.05000000074505806,U-TV (final),DEAL (official pretrained),PSNR,-1.8820648193359375
div2k/0889.png/sigma_0.050,div2k,0889.png,0.05000000074505806,U-TV (final),DEAL (official pretrained),PSNR,-1.4969348907470668
div2k/0890.png/sigma_0.050,div2k,0890.png,0.05000000074505806,U-TV (final),DEAL (official pretrained),PSNR,-0.8878746032714844
div2k/0891.png/sigma_0.050,div2k,0891.png,0.05000000074505806,U-TV (final),DEAL (official pretrained),PSNR,-2.711963653564453
div2k/0892.png/sigma_0.050,div2k,0892.png,0.05000000074505806,U-TV (final),DEAL (official pretrained),PSNR,-2.9661178588867188
div2k/0893.png/sigma_0.050,div2k,0893.png,0.05000000074505806,U-TV (final),DEAL (official pretrained),PSNR,-1.9104995727539062
div2k/0894.png/sigma_0.050,div2k,0894.png,0.05000000074505806,U-TV (final),DEAL (official pretrained),PSNR,-2.2007179260253906
div2k/0895.png/sigma_0.050,div2k,0895.png,0.05000000074505806,U-TV (final),DEAL (official pretrained),PSNR,-1.8671760559082031
div2k/0896.png/sigma_0.050,div2k,0896.png,0.05000000074505806,U-TV (final),DEAL (official pretrained),PSNR,-3.0202102661132812
div2k/0897.png/sigma_0.050,div2k,0897.png,0.05000000074505806,U-TV (final),DEAL (official pretrained),PSNR,-1.9929504394531286
div2k/0898.png/sigma_0.050,div2k,0898.png,0.05000000074505806,U-TV (final),DEAL (official pretrained),PSNR,-1.2690353393554688
div2k/0899.png/sigma_0.050,div2k,0899.png,0.05000000074505806,U-TV (final),DEAL (official pretrained),PSNR,-2.3024330139160156
div2k/0900.png/sigma_0.050,div2k,0900.png,0.05000000074505806,U-TV (final),DEAL (official pretrained),PSNR,-1.9271812438964844
div2k/0801.png/sigma_0.050,div2k,0801.png,0.05000000074505806,U-TV (final),DEAL (official pretrained),SSIM,-0.01701974868774403
div2k/0802.png/sigma_0.050,div2k,0802.png,0.05000000074505806,U-TV (final),DEAL (official pretrained),SSIM,-0.010797679424285889
div2k/0803.png/sigma_0.050,div2k,0803.png,0.05000000074505806,U-TV (final),DEAL (official pretrained),SSIM,-0.018826544284820446
div2k/0804.png/sigma_0.050,div2k,0804.png,0.05000000074505806,U-TV (final),DEAL (official pretrained),SSIM,-0.0141945481300354
div2k/0805.png/sigma_0.050,div2k,0805.png,0.05000000074505806,U-TV (final),DEAL (official pretrained),SSIM,-0.018695414066314697
div2k/0806.png/sigma_0.050,div2k,0806.png,0.05000000074505806,U-TV (final),DEAL (official pretrained),SSIM,-0.013978898525237926
div2k/0807.png/sigma_0.050,div2k,0807.png,0.05000000074505806,U-TV (final),DEAL (official pretrained),SSIM,-0.022558093070983887
div2k/0808.png/sigma_0.050,div2k,0808.png,0.05000000074505806,U-TV (final),DEAL (official pretrained),SSIM,-0.011152923107147106
div2k/0809.png/sigma_0.050,div2k,0809.png,0.05000000074505806,U-TV (final),DEAL (official pretrained),SSIM,-0.01998138427734386
div2k/0810.png/sigma_0.050,div2k,0810.png,0.05000000074505806,U-TV (final),DEAL (official pretrained),SSIM,-0.02026093006134022
div2k/0811.png/sigma_0.050,div2k,0811.png,0.05000000074505806,U-TV (final),DEAL (official pretrained),SSIM,-0.023372232913970836
div2k/0812.png/sigma_0.050,div2k,0812.png,0.05000000074505806,U-TV (final),DEAL (official pretrained),SSIM,-0.01695340871810902
div2k/0813.png/sigma_0.050,div2k,0813.png,0.05000000074505806,U-TV (final),DEAL (official pretrained),SSIM,-0.018240034580230824
div2k/0814.png/sigma_0.050,div2k,0814.png,0.05000000074505806,U-TV (final),DEAL (official pretrained),SSIM,-0.006831049919128307
div2k/0815.png/sigma_0.050,div2k,0815.png,0.05000000074505806,U-TV (final),DEAL (official pretrained),SSIM,-0.015091180801391602
div2k/0816.png/sigma_0.050,div2k,0816.png,0.05000000074505806,U-TV (final),DEAL (official pretrained),SSIM,-0.015953540802001842
div2k/0817.png/sigma_0.050,div2k,0817.png,0.05000000074505806,U-TV (final),DEAL (official pretrained),SSIM,-0.014466285705566517
div2k/0818.png/sigma_0.050,div2k,0818.png,0.05000000074505806,U-TV (final),DEAL (official pretrained),SSIM,-0.013015389442443737
div2k/0819.png/sigma_0.050,div2k,0819.png,0.05000000074505806,U-TV (final),DEAL (official pretrained),SSIM,-0.021455466747283936
div2k/0820.png/sigma_0.050,div2k,0820.png,0.05000000074505806,U-TV (final),DEAL (official pretrained),SSIM,-0.04034221172332764
div2k/0821.png/sigma_0.050,div2k,0821.png,0.05000000074505806,U-TV (final),DEAL (official pretrained),SSIM,-0.023010969161987416
div2k/0822.png/sigma_0.050,div2k,0822.png,0.05000000074505806,U-TV (final),DEAL (official pretrained),SSIM,-0.023634374141693115
div2k/0823.png/sigma_0.050,div2k,0823.png,0.05000000074505806,U-TV (final),DEAL (official pretrained),SSIM,-0.009769201278686523
div2k/0824.png/sigma_0.050,div2k,0824.png,0.05000000074505806,U-TV (final),DEAL (official pretrained),SSIM,-0.02124553918838501
div2k/0825.png/sigma_0.050,div2k,0825.png,0.05000000074505806,U-TV (final),DEAL (official pretrained),SSIM,-0.02329063415527355
div2k/0826.png/sigma_0.050,div2k,0826.png,0.05000000074505806,U-TV (final),DEAL (official pretrained),SSIM,-0.020876765251159557
div2k/0827.png/sigma_0.050,div2k,0827.png,0.05000000074505806,U-TV (final),DEAL (official pretrained),SSIM,-0.016503751277923695
div2k/0828.png/sigma_0.050,div2k,0828.png,0.05000000074505806,U-TV (final),DEAL (official pretrained),SSIM,-0.0486530065536499
div2k/0829.png/sigma_0.050,div2k,0829.png,0.05000000074505806,U-TV (final),DEAL (official pretrained),SSIM,-0.01277470588684082
div2k/0830.png/sigma_0.050,div2k,0830.png,0.05000000074505806,U-TV (final),DEAL (official pretrained),SSIM,-0.027040958404541127
div2k/0831.png/sigma_0.050,div2k,0831.png,0.05000000074505806,U-TV (final),DEAL (official pretrained),SSIM,-0.019132554531097523
div2k/0832.png/sigma_0.050,div2k,0832.png,0.05000000074505806,U-TV (final),DEAL (official pretrained),SSIM,-0.014429271221161
div2k/0833.png/sigma_0.050,div2k,0833.png,0.05000000074505806,U-TV (final),DEAL (official pretrained),SSIM,-0.016352295875549316
div2k/0834.png/sigma_0.050,div2k,0834.png,0.05000000074505806,U-TV (final),DEAL (official pretrained),SSIM,-0.00967186689376831
div2k/0835.png/sigma_0.050,div2k,0835.png,0.05000000074505806,U-TV (final),DEAL (official pretrained),SSIM,-0.02272665500640869
div2k/0836.png/sigma_0.050,div2k,0836.png,0.05000000074505806,U-TV (final),DEAL (official pretrained),SSIM,-0.018323957920074463
div2k/0837.png/sigma_0.050,div2k,0837.png,0.05000000074505806,U-TV (final),DEAL (official pretrained),SSIM,-0.015578269958496094
div2k/0838.png/sigma_0.050,div2k,0838.png,0.05000000074505806,U-TV (final),DEAL (official pretrained),SSIM,-0.013158857822418324
div2k/0839.png/sigma_0.050,div2k,0839.png,0.05000000074505806,U-TV (final),DEAL (official pretrained),SSIM,-0.015211284160614014
div2k/0840.png/sigma_0.050,div2k,0840.png,0.05000000074505806,U-TV (final),DEAL (official pretrained),SSIM,-0.014738023281097412
div2k/0841.png/sigma_0.050,div2k,0841.png,0.05000000074505806,U-TV (final),DEAL (official pretrained),SSIM,-0.017268657684326283
div2k/0842.png/sigma_0.050,div2k,0842.png,0.05000000074505806,U-TV (final),DEAL (official pretrained),SSIM,-0.013787031173706166
div2k/0843.png/sigma_0.050,div2k,0843.png,0.05000000074505806,U-TV (final),DEAL (official pretrained),SSIM,-0.0004762411117553711
div2k/0844.png/sigma_0.050,div2k,0844.png,0.05000000074505806,U-TV (final),DEAL (official pretrained),SSIM,-0.010760366916656494
div2k/0845.png/sigma_0.050,div2k,0845.png,0.05000000074505806,U-TV (final),DEAL (official pretrained),SSIM,-0.03342235088348389
div2k/0846.png/sigma_0.050,div2k,0846.png,0.05000000074505806,U-TV (final),DEAL (official pretrained),SSIM,-0.03298979997634888
div2k/0847.png/sigma_0.050,div2k,0847.png,0.05000000074505806,U-TV (final),DEAL (official pretrained),SSIM,-0.015438675880432129
div2k/0848.png/sigma_0.050,div2k,0848.png,0.05000000074505806,U-TV (final),DEAL (official pretrained),SSIM,-0.014148056507110485
div2k/0849.png/sigma_0.050,div2k,0849.png,0.05000000074505806,U-TV (final),DEAL (official pretrained),SSIM,-0.015029966831207275
div2k/0850.png/sigma_0.050,div2k,0850.png,0.05000000074505806,U-TV (final),DEAL (official pretrained),SSIM,-0.017573177814483643
div2k/0851.png/sigma_0.050,div2k,0851.png,0.05000000074505806,U-TV (final),DEAL (official pretrained),SSIM,-0.009567558765411488
div2k/0852.png/sigma_0.050,div2k,0852.png,0.05000000074505806,U-TV (final),DEAL (official pretrained),SSIM,0.006713807582855225
div2k/0853.png/sigma_0.050,div2k,0853.png,0.05000000074505806,U-TV (final),DEAL (official pretrained),SSIM,-0.01337289810180653
div2k/0854.png/sigma_0.050,div2k,0854.png,0.05000000074505806,U-TV (final),DEAL (official pretrained),SSIM,-0.018718183040618785
div2k/0855.png/sigma_0.050,div2k,0855.png,0.05000000074505806,U-TV (final),DEAL (official pretrained),SSIM,-0.02208876609802246
div2k/0856.png/sigma_0.050,div2k,0856.png,0.05000000074505806,U-TV (final),DEAL (official pretrained),SSIM,-0.0369793176651001
div2k/0857.png/sigma_0.050,div2k,0857.png,0.05000000074505806,U-TV (final),DEAL (official pretrained),SSIM,-0.015338420867919922
div2k/0858.png/sigma_0.050,div2k,0858.png,0.05000000074505806,U-TV (final),DEAL (official pretrained),SSIM,-0.019486963748931885
div2k/0859.png/sigma_0.050,div2k,0859.png,0.05000000074505806,U-TV (final),DEAL (official pretrained),SSIM,-0.021234750747680775
div2k/0860.png/sigma_0.050,div2k,0860.png,0.05000000074505806,U-TV (final),DEAL (official pretrained),SSIM,-0.025872766971588024
div2k/0861.png/sigma_0.050,div2k,0861.png,0.05000000074505806,U-TV (final),DEAL (official pretrained),SSIM,-0.005603313446044922
div2k/0862.png/sigma_0.050,div2k,0862.png,0.05000000074505806,U-TV (final),DEAL (official pretrained),SSIM,-0.00927215814590443
div2k/0863.png/sigma_0.050,div2k,0863.png,0.05000000074505806,U-TV (final),DEAL (official pretrained),SSIM,-0.011328637599945068
div2k/0864.png/sigma_0.050,div2k,0864.png,0.05000000074505806,U-TV (final),DEAL (official pretrained),SSIM,-0.01839977502822887
div2k/0865.png/sigma_0.050,div2k,0865.png,0.05000000074505806,U-TV (final),DEAL (official pretrained),SSIM,-0.013369202613830455
div2k/0866.png/sigma_0.050,div2k,0866.png,0.05000000074505806,U-TV (final),DEAL (official pretrained),SSIM,-0.022625863552093506
div2k/0867.png/sigma_0.050,div2k,0867.png,0.05000000074505806,U-TV (final),DEAL (official pretrained),SSIM,-0.019485533237457275
div2k/0868.png/sigma_0.050,div2k,0868.png,0.05000000074505806,U-TV (final),DEAL (official pretrained),SSIM,-0.0021715164184569202
div2k/0869.png/sigma_0.050,div2k,0869.png,0.05000000074505806,U-TV (final),DEAL (official pretrained),SSIM,-0.03465944528579712
div2k/0870.png/sigma_0.050,div2k,0870.png,0.05000000074505806,U-TV (final),DEAL (official pretrained),SSIM,-0.02083510160446178
div2k/0871.png/sigma_0.050,div2k,0871.png,0.05000000074505806,U-TV (final),DEAL (official pretrained),SSIM,-0.014185667037963978
div2k/0872.png/sigma_0.050,div2k,0872.png,0.05000000074505806,U-TV (final),DEAL (official pretrained),SSIM,-0.01684051752090454
div2k/0873.png/sigma_0.050,div2k,0873.png,0.05000000074505806,U-TV (final),DEAL (official pretrained),SSIM,-0.018648087978363037
div2k/0874.png/sigma_0.050,div2k,0874.png,0.05000000074505806,U-TV (final),DEAL (official pretrained),SSIM,-0.018797159194946178
div2k/0875.png/sigma_0.050,div2k,0875.png,0.05000000074505806,U-TV (final),DEAL (official pretrained),SSIM,-0.01217561960220348
div2k/0876.png/sigma_0.050,div2k,0876.png,0.05000000074505806,U-TV (final),DEAL (official pretrained),SSIM,-0.019856810569763184
div2k/0877.png/sigma_0.050,div2k,0877.png,0.05000000074505806,U-TV (final),DEAL (official pretrained),SSIM,-0.015029311180114635
div2k/0878.png/sigma_0.050,div2k,0878.png,0.05000000074505806,U-TV (final),DEAL (official pretrained),SSIM,-0.021431267261505127
div2k/0879.png/sigma_0.050,div2k,0879.png,0.05000000074505806,U-TV (final),DEAL (official pretrained),SSIM,-0.00913780927658081
div2k/0880.png/sigma_0.050,div2k,0880.png,0.05000000074505806,U-TV (final),DEAL (official pretrained),SSIM,-0.01138460636138905
div2k/0881.png/sigma_0.050,div2k,0881.png,0.05000000074505806,U-TV (final),DEAL (official pretrained),SSIM,-0.014962971210479625
div2k/0882.png/sigma_0.050,div2k,0882.png,0.05000000074505806,U-TV (final),DEAL (official pretrained),SSIM,-0.015212178230285756
div2k/0883.png/sigma_0.050,div2k,0883.png,0.05000000074505806,U-TV (final),DEAL (official pretrained),SSIM,-0.012307047843933105
div2k/0884.png/sigma_0.050,div2k,0884.png,0.05000000074505806,U-TV (final),DEAL (official pretrained),SSIM,-0.021021783351898082
div2k/0885.png/sigma_0.050,div2k,0885.png,0.05000000074505806,U-TV (final),DEAL (official pretrained),SSIM,-0.04784667491912842
div2k/0886.png/sigma_0.050,div2k,0886.png,0.05000000074505806,U-TV (final),DEAL (official pretrained),SSIM,-0.015617489814758412
div2k/0887.png/sigma_0.050,div2k,0887.png,0.05000000074505806,U-TV (final),DEAL (official pretrained),SSIM,-0.017941772937774547
div2k/0888.png/sigma_0.050,div2k,0888.png,0.05000000074505806,U-TV (final),DEAL (official pretrained),SSIM,-0.01739150285720814
div2k/0889.png/sigma_0.050,div2k,0889.png,0.05000000074505806,U-TV (final),DEAL (official pretrained),SSIM,-0.013544738292694092
div2k/0890.png/sigma_0.050,div2k,0890.png,0.05000000074505806,U-TV (final),DEAL (official pretrained),SSIM,-0.009683609008789174
div2k/0891.png/sigma_0.050,div2k,0891.png,0.05000000074505806,U-TV (final),DEAL (official pretrained),SSIM,-0.023642122745513916
div2k/0892.png/sigma_0.050,div2k,0892.png,0.05000000074505806,U-TV (final),DEAL (official pretrained),SSIM,-0.028596997261047474
div2k/0893.png/sigma_0.050,div2k,0893.png,0.05000000074505806,U-TV (final),DEAL (official pretrained),SSIM,-0.016852974891662487
div2k/0894.png/sigma_0.050,div2k,0894.png,0.05000000074505806,U-TV (final),DEAL (official pretrained),SSIM,-0.04806452989578236
div2k/0895.png/sigma_0.050,div2k,0895.png,0.05000000074505806,U-TV (final),DEAL (official pretrained),SSIM,-0.04507410526275624
div2k/0896.png/sigma_0.050,div2k,0896.png,0.05000000074505806,U-TV (final),DEAL (official pretrained),SSIM,-0.007803857326507679
div2k/0897.png/sigma_0.050,div2k,0897.png,0.05000000074505806,U-TV (final),DEAL (official pretrained),SSIM,-0.012169241905212402
div2k/0898.png/sigma_0.050,div2k,0898.png,0.05000000074505806,U-TV (final),DEAL (official pretrained),SSIM,-0.0011535286903382458
div2k/0899.png/sigma_0.050,div2k,0899.png,0.05000000074505806,U-TV (final),DEAL (official pretrained),SSIM,-0.023699641227722057
div2k/0900.png/sigma_0.050,div2k,0900.png,0.05000000074505806,U-TV (final),DEAL (official pretrained),SSIM,-0.016205430030822865
div2k/0801.png/sigma_0.050,div2k,0801.png,0.05000000074505806,U-TGV (final),DEAL (official pretrained),PSNR,-0.7557945251464844
div2k/0802.png/sigma_0.050,div2k,0802.png,0.05000000074505806,U-TGV (final),DEAL (official pretrained),PSNR,-1.5617713928222656
div2k/0803.png/sigma_0.050,div2k,0803.png,0.05000000074505806,U-TGV (final),DEAL (official pretrained),PSNR,-2.003063201904297
div2k/0804.png/sigma_0.050,div2k,0804.png,0.05000000074505806,U-TGV (final),DEAL (official pretrained),PSNR,-1.0205135345458984
div2k/0805.png/sigma_0.050,div2k,0805.png,0.05000000074505806,U-TGV (final),DEAL (official pretrained),PSNR,-0.8944225311279297
div2k/0806.png/sigma_0.050,div2k,0806.png,0.05000000074505806,U-TGV (final),DEAL (official pretrained),PSNR,-0.8852062225341797
div2k/0807.png/sigma_0.050,div2k,0807.png,0.05000000074505806,U-TGV (final),DEAL (official pretrained),PSNR,-1.1412391662597656
div2k/0808.png/sigma_0.050,div2k,0808.png,0.05000000074505806,U-TGV (final),DEAL (official pretrained),PSNR,-0.9914398193359375
div2k/0809.png/sigma_0.050,div2k,0809.png,0.05000000074505806,U-TGV (final),DEAL (official pretrained),PSNR,-0.6287918090820312
div2k/0810.png/sigma_0.050,div2k,0810.png,0.05000000074505806,U-TGV (final),DEAL (official pretrained),PSNR,-0.6923885345458984
div2k/0811.png/sigma_0.050,div2k,0811.png,0.05000000074505806,U-TGV (final),DEAL (official pretrained),PSNR,-0.7132396697998047
div2k/0812.png/sigma_0.050,div2k,0812.png,0.05000000074505806,U-TGV (final),DEAL (official pretrained),PSNR,-1.6183815002441406
div2k/0813.png/sigma_0.050,div2k,0813.png,0.05000000074505806,U-TGV (final),DEAL (official pretrained),PSNR,-1.2537364959716797
div2k/0814.png/sigma_0.050,div2k,0814.png,0.05000000074505806,U-TGV (final),DEAL (official pretrained),PSNR,-1.0707969665527344
div2k/0815.png/sigma_0.050,div2k,0815.png,0.05000000074505806,U-TGV (final),DEAL (official pretrained),PSNR,-0.9519214630126953
div2k/0816.png/sigma_0.050,div2k,0816.png,0.05000000074505806,U-TGV (final),DEAL (official pretrained),PSNR,-0.9736385345458984
div2k/0817.png/sigma_0.050,div2k,0817.png,0.05000000074505806,U-TGV (final),DEAL (official pretrained),PSNR,-0.8233203887939453
div2k/0818.png/sigma_0.050,div2k,0818.png,0.05000000074505806,U-TGV (final),DEAL (official pretrained),PSNR,-1.1133861541748082
div2k/0819.png/sigma_0.050,div2k,0819.png,0.05000000074505806,U-TGV (final),DEAL (official pretrained),PSNR,-0.725189208984375
div2k/0820.png/sigma_0.050,div2k,0820.png,0.05000000074505806,U-TGV (final),DEAL (official pretrained),PSNR,-2.775463104248047
div2k/0821.png/sigma_0.050,div2k,0821.png,0.05000000074505806,U-TGV (final),DEAL (official pretrained),PSNR,-3.943002700805664
div2k/0822.png/sigma_0.050,div2k,0822.png,0.05000000074505806,U-TGV (final),DEAL (official pretrained),PSNR,-1.1094970703125
div2k/0823.png/sigma_0.050,div2k,0823.png,0.05000000074505806,U-TGV (final),DEAL (official pretrained),PSNR,-1.0309371948242188
div2k/0824.png/sigma_0.050,div2k,0824.png,0.05000000074505806,U-TGV (final),DEAL (official pretrained),PSNR,-1.887308120727539
div2k/0825.png/sigma_0.050,div2k,0825.png,0.05000000074505806,U-TGV (final),DEAL (official pretrained),PSNR,-1.2823448181152344
div2k/0826.png/sigma_0.050,div2k,0826.png,0.05000000074505806,U-TGV (final),DEAL (official pretrained),PSNR,-1.4429264068603516
div2k/0827.png/sigma_0.050,div2k,0827.png,0.05000000074505806,U-TGV (final),DEAL (official pretrained),PSNR,-1.0661888122558594
div2k/0828.png/sigma_0.050,div2k,0828.png,0.05000000074505806,U-TGV (final),DEAL (official pretrained),PSNR,-6.083288192749023
div2k/0829.png/sigma_0.050,div2k,0829.png,0.05000000074505806,U-TGV (final),DEAL (official pretrained),PSNR,-1.1308517456054688
div2k/0830.png/sigma_0.050,div2k,0830.png,0.05000000074505806,U-TGV (final),DEAL (official pretrained),PSNR,-1.31256103515625
div2k/0831.png/sigma_0.050,div2k,0831.png,0.05000000074505806,U-TGV (final),DEAL (official pretrained),PSNR,-1.3183765411376953
div2k/0832.png/sigma_0.050,div2k,0832.png,0.05000000074505806,U-TGV (final),DEAL (official pretrained),PSNR,-1.0208606719970703
div2k/0833.png/sigma_0.050,div2k,0833.png,0.05000000074505806,U-TGV (final),DEAL (official pretrained),PSNR,-2.636486053466797
div2k/0834.png/sigma_0.050,div2k,0834.png,0.05000000074505806,U-TGV (final),DEAL (official pretrained),PSNR,-0.8698253631591797
div2k/0835.png/sigma_0.050,div2k,0835.png,0.05000000074505806,U-TGV (final),DEAL (official pretrained),PSNR,-0.7874011993408203
div2k/0836.png/sigma_0.050,div2k,0836.png,0.05000000074505806,U-TGV (final),DEAL (official pretrained),PSNR,-1.8649425506591797
div2k/0837.png/sigma_0.050,div2k,0837.png,0.05000000074505806,U-TGV (final),DEAL (official pretrained),PSNR,-1.1636772155761754
div2k/0838.png/sigma_0.050,div2k,0838.png,0.05000000074505806,U-TGV (final),DEAL (official pretrained),PSNR,-1.2416267395019531
div2k/0839.png/sigma_0.050,div2k,0839.png,0.05000000074505806,U-TGV (final),DEAL (official pretrained),PSNR,-0.6810817718505859
div2k/0840.png/sigma_0.050,div2k,0840.png,0.05000000074505806,U-TGV (final),DEAL (official pretrained),PSNR,-0.7644805908203125
div2k/0841.png/sigma_0.050,div2k,0841.png,0.05000000074505806,U-TGV (final),DEAL (official pretrained),PSNR,-0.9666976928710938
div2k/0842.png/sigma_0.050,div2k,0842.png,0.05000000074505806,U-TGV (final),DEAL (official pretrained),PSNR,-0.8461894989013672
div2k/0843.png/sigma_0.050,div2k,0843.png,0.05000000074505806,U-TGV (final),DEAL (official pretrained),PSNR,-2.3186111450195312
div2k/0844.png/sigma_0.050,div2k,0844.png,0.05000000074505806,U-TGV (final),DEAL (official pretrained),PSNR,-1.1001396179199219
div2k/0845.png/sigma_0.050,div2k,0845.png,0.05000000074505806,U-TGV (final),DEAL (official pretrained),PSNR,-3.2460708618164062
div2k/0846.png/sigma_0.050,div2k,0846.png,0.05000000074505806,U-TGV (final),DEAL (official pretrained),PSNR,-2.9788150787353516
div2k/0847.png/sigma_0.050,div2k,0847.png,0.05000000074505806,U-TGV (final),DEAL (official pretrained),PSNR,-1.6155624389648438
div2k/0848.png/sigma_0.050,div2k,0848.png,0.05000000074505806,U-TGV (final),DEAL (official pretrained),PSNR,-1.5285358428955078
div2k/0849.png/sigma_0.050,div2k,0849.png,0.05000000074505806,U-TGV (final),DEAL (official pretrained),PSNR,-1.214529037475586
div2k/0850.png/sigma_0.050,div2k,0850.png,0.05000000074505806,U-TGV (final),DEAL (official pretrained),PSNR,-1.1584320068359375
div2k/0851.png/sigma_0.050,div2k,0851.png,0.05000000074505806,U-TGV (final),DEAL (official pretrained),PSNR,-1.2706489562988281
div2k/0852.png/sigma_0.050,div2k,0852.png,0.05000000074505806,U-TGV (final),DEAL (official pretrained),PSNR,-0.0751800537109375
div2k/0853.png/sigma_0.050,div2k,0853.png,0.05000000074505806,U-TGV (final),DEAL (official pretrained),PSNR,-1.2964820861816406
div2k/0854.png/sigma_0.050,div2k,0854.png,0.05000000074505806,U-TGV (final),DEAL (official pretrained),PSNR,-1.2426834106445312
div2k/0855.png/sigma_0.050,div2k,0855.png,0.05000000074505806,U-TGV (final),DEAL (official pretrained),PSNR,-1.4048271179199219
div2k/0856.png/sigma_0.050,div2k,0856.png,0.05000000074505806,U-TGV (final),DEAL (official pretrained),PSNR,-0.9357376098632812
div2k/0857.png/sigma_0.050,div2k,0857.png,0.05000000074505806,U-TGV (final),DEAL (official pretrained),PSNR,-1.0969047546386719
div2k/0858.png/sigma_0.050,div2k,0858.png,0.05000000074505806,U-TGV (final),DEAL (official pretrained),PSNR,-0.5894870758056641
div2k/0859.png/sigma_0.050,div2k,0859.png,0.05000000074505806,U-TGV (final),DEAL (official pretrained),PSNR,-0.6891098022460938
div2k/0860.png/sigma_0.050,div2k,0860.png,0.05000000074505806,U-TGV (final),DEAL (official pretrained),PSNR,-0.9807300567626953
div2k/0861.png/sigma_0.050,div2k,0861.png,0.05000000074505806,U-TGV (final),DEAL (official pretrained),PSNR,-1.1413440704345703
div2k/0862.png/sigma_0.050,div2k,0862.png,0.05000000074505806,U-TGV (final),DEAL (official pretrained),PSNR,-0.5836906433105469
div2k/0863.png/sigma_0.050,div2k,0863.png,0.05000000074505806,U-TGV (final),DEAL (official pretrained),PSNR,-1.2080192565917969
div2k/0864.png/sigma_0.050,div2k,0864.png,0.05000000074505806,U-TGV (final),DEAL (official pretrained),PSNR,-0.9114952087402344
div2k/0865.png/sigma_0.050,div2k,0865.png,0.05000000074505806,U-TGV (final),DEAL (official pretrained),PSNR,-0.8353424072265625
div2k/0866.png/sigma_0.050,div2k,0866.png,0.05000000074505806,U-TGV (final),DEAL (official pretrained),PSNR,-1.2391185760498047
div2k/0867.png/sigma_0.050,div2k,0867.png,0.05000000074505806,U-TGV (final),DEAL (official pretrained),PSNR,-1.78179931640625
div2k/0868.png/sigma_0.050,div2k,0868.png,0.05000000074505806,U-TGV (final),DEAL (official pretrained),PSNR,-1.936767578125
div2k/0869.png/sigma_0.050,div2k,0869.png,0.05000000074505806,U-TGV (final),DEAL (official pretrained),PSNR,-1.211252212524414
div2k/0870.png/sigma_0.050,div2k,0870.png,0.05000000074505806,U-TGV (final),DEAL (official pretrained),PSNR,-0.8142471313476562
div2k/0871.png/sigma_0.050,div2k,0871.png,0.05000000074505806,U-TGV (final),DEAL (official pretrained),PSNR,-1.0032386779785156
div2k/0872.png/sigma_0.050,div2k,0872.png,0.05000000074505806,U-TGV (final),DEAL (official pretrained),PSNR,-1.0401382446289027
div2k/0873.png/sigma_0.050,div2k,0873.png,0.05000000074505806,U-TGV (final),DEAL (official pretrained),PSNR,-0.8084774017333984
div2k/0874.png/sigma_0.050,div2k,0874.png,0.05000000074505806,U-TGV (final),DEAL (official pretrained),PSNR,-0.7545585632324219
div2k/0875.png/sigma_0.050,div2k,0875.png,0.05000000074505806,U-TGV (final),DEAL (official pretrained),PSNR,-1.0237445831298828
div2k/0876.png/sigma_0.050,div2k,0876.png,0.05000000074505806,U-TGV (final),DEAL (official pretrained),PSNR,-0.794662475585941
div2k/0877.png/sigma_0.050,div2k,0877.png,0.05000000074505806,U-TGV (final),DEAL (official pretrained),PSNR,-1.0314598083496094
div2k/0878.png/sigma_0.050,div2k,0878.png,0.05000000074505806,U-TGV (final),DEAL (official pretrained),PSNR,-1.2515697479248047
div2k/0879.png/sigma_0.050,div2k,0879.png,0.05000000074505806,U-TGV (final),DEAL (official pretrained),PSNR,-1.4897212982177734
div2k/0880.png/sigma_0.050,div2k,0880.png,0.05000000074505806,U-TGV (final),DEAL (official pretrained),PSNR,-0.7540931701660156
div2k/0881.png/sigma_0.050,div2k,0881.png,0.05000000074505806,U-TGV (final),DEAL (official pretrained),PSNR,-0.8018379211425781
div2k/0882.png/sigma_0.050,div2k,0882.png,0.05000000074505806,U-TGV (final),DEAL (official pretrained),PSNR,-1.6448745727539062
div2k/0883.png/sigma_0.050,div2k,0883.png,0.05000000074505806,U-TGV (final),DEAL (official pretrained),PSNR,-0.7047748565673828
div2k/0884.png/sigma_0.050,div2k,0884.png,0.05000000074505806,U-TGV (final),DEAL (official pretrained),PSNR,-1.3239326477050781
div2k/0885.png/sigma_0.050,div2k,0885.png,0.05000000074505806,U-TGV (final),DEAL (official pretrained),PSNR,-1.9143638610839844
div2k/0886.png/sigma_0.050,div2k,0886.png,0.05000000074505806,U-TGV (final),DEAL (official pretrained),PSNR,-1.1601791381835938
div2k/0887.png/sigma_0.050,div2k,0887.png,0.05000000074505806,U-TGV (final),DEAL (official pretrained),PSNR,-0.8753871917724609
div2k/0888.png/sigma_0.050,div2k,0888.png,0.05000000074505806,U-TGV (final),DEAL (official pretrained),PSNR,-1.4369831085205078
div2k/0889.png/sigma_0.050,div2k,0889.png,0.05000000074505806,U-TGV (final),DEAL (official pretrained),PSNR,-1.0527153015136683
div2k/0890.png/sigma_0.050,div2k,0890.png,0.05000000074505806,U-TGV (final),DEAL (official pretrained),PSNR,-0.7331180572509766
div2k/0891.png/sigma_0.050,div2k,0891.png,0.05000000074505806,U-TGV (final),DEAL (official pretrained),PSNR,-2.1800060272216797
div2k/0892.png/sigma_0.050,div2k,0892.png,0.05000000074505806,U-TGV (final),DEAL (official pretrained),PSNR,-2.114622116088867
div2k/0893.png/sigma_0.050,div2k,0893.png,0.05000000074505806,U-TGV (final),DEAL (official pretrained),PSNR,-1.574178695678711
div2k/0894.png/sigma_0.050,div2k,0894.png,0.05000000074505806,U-TGV (final),DEAL (official pretrained),PSNR,-1.9176254272460938
div2k/0895.png/sigma_0.050,div2k,0895.png,0.05000000074505806,U-TGV (final),DEAL (official pretrained),PSNR,-1.4679183959960938
div2k/0896.png/sigma_0.050,div2k,0896.png,0.05000000074505806,U-TGV (final),DEAL (official pretrained),PSNR,-2.4604034423828125
div2k/0897.png/sigma_0.050,div2k,0897.png,0.05000000074505806,U-TGV (final),DEAL (official pretrained),PSNR,-0.6817932128906286
div2k/0898.png/sigma_0.050,div2k,0898.png,0.05000000074505806,U-TGV (final),DEAL (official pretrained),PSNR,-0.8859062194824219
div2k/0899.png/sigma_0.050,div2k,0899.png,0.05000000074505806,U-TGV (final),DEAL (official pretrained),PSNR,-2.0420608520507812
div2k/0900.png/sigma_0.050,div2k,0900.png,0.05000000074505806,U-TGV (final),DEAL (official pretrained),PSNR,-1.4303035736083984
div2k/0801.png/sigma_0.050,div2k,0801.png,0.05000000074505806,U-TGV (final),DEAL (official pretrained),SSIM,-0.011215925216674694
div2k/0802.png/sigma_0.050,div2k,0802.png,0.05000000074505806,U-TGV (final),DEAL (official pretrained),SSIM,-0.005813241004943848
div2k/0803.png/sigma_0.050,div2k,0803.png,0.05000000074505806,U-TGV (final),DEAL (official pretrained),SSIM,-0.011060357093810924
div2k/0804.png/sigma_0.050,div2k,0804.png,0.05000000074505806,U-TGV (final),DEAL (official pretrained),SSIM,-0.010823845863342285
div2k/0805.png/sigma_0.050,div2k,0805.png,0.05000000074505806,U-TGV (final),DEAL (official pretrained),SSIM,-0.01155012845993042
div2k/0806.png/sigma_0.050,div2k,0806.png,0.05000000074505806,U-TGV (final),DEAL (official pretrained),SSIM,-0.007766723632812389
div2k/0807.png/sigma_0.050,div2k,0807.png,0.05000000074505806,U-TGV (final),DEAL (official pretrained),SSIM,-0.017757892608642578
div2k/0808.png/sigma_0.050,div2k,0808.png,0.05000000074505806,U-TGV (final),DEAL (official pretrained),SSIM,-0.006939411163329967
div2k/0809.png/sigma_0.050,div2k,0809.png,0.05000000074505806,U-TGV (final),DEAL (official pretrained),SSIM,-0.01263040304183971
div2k/0810.png/sigma_0.050,div2k,0810.png,0.05000000074505806,U-TGV (final),DEAL (official pretrained),SSIM,-0.011512041091918834
div2k/0811.png/sigma_0.050,div2k,0811.png,0.05000000074505806,U-TGV (final),DEAL (official pretrained),SSIM,-0.01735621690750111
div2k/0812.png/sigma_0.050,div2k,0812.png,0.05000000074505806,U-TGV (final),DEAL (official pretrained),SSIM,-0.012783944606780895
div2k/0813.png/sigma_0.050,div2k,0813.png,0.05000000074505806,U-TGV (final),DEAL (official pretrained),SSIM,-0.012104094028473011
div2k/0814.png/sigma_0.050,div2k,0814.png,0.05000000074505806,U-TGV (final),DEAL (official pretrained),SSIM,-0.010714411735534557
div2k/0815.png/sigma_0.050,div2k,0815.png,0.05000000074505806,U-TGV (final),DEAL (official pretrained),SSIM,-0.009115993976593018
div2k/0816.png/sigma_0.050,div2k,0816.png,0.05000000074505806,U-TGV (final),DEAL (official pretrained),SSIM,-0.012299895286559948
div2k/0817.png/sigma_0.050,div2k,0817.png,0.05000000074505806,U-TGV (final),DEAL (official pretrained),SSIM,-0.011664152145385853
div2k/0818.png/sigma_0.050,div2k,0818.png,0.05000000074505806,U-TGV (final),DEAL (official pretrained),SSIM,-0.007117748260497936
div2k/0819.png/sigma_0.050,div2k,0819.png,0.05000000074505806,U-TGV (final),DEAL (official pretrained),SSIM,-0.014593362808227539
div2k/0820.png/sigma_0.050,div2k,0820.png,0.05000000074505806,U-TGV (final),DEAL (official pretrained),SSIM,-0.029321670532226562
div2k/0821.png/sigma_0.050,div2k,0821.png,0.05000000074505806,U-TGV (final),DEAL (official pretrained),SSIM,-0.01809835433959972
div2k/0822.png/sigma_0.050,div2k,0822.png,0.05000000074505806,U-TGV (final),DEAL (official pretrained),SSIM,-0.01655632257461548
div2k/0823.png/sigma_0.050,div2k,0823.png,0.05000000074505806,U-TGV (final),DEAL (official pretrained),SSIM,-0.00909346342086792
div2k/0824.png/sigma_0.050,div2k,0824.png,0.05000000074505806,U-TGV (final),DEAL (official pretrained),SSIM,-0.01578342914581299
div2k/0825.png/sigma_0.050,div2k,0825.png,0.05000000074505806,U-TGV (final),DEAL (official pretrained),SSIM,-0.019824981689453236
div2k/0826.png/sigma_0.050,div2k,0826.png,0.05000000074505806,U-TGV (final),DEAL (official pretrained),SSIM,-0.01780337095260609
div2k/0827.png/sigma_0.050,div2k,0827.png,0.05000000074505806,U-TGV (final),DEAL (official pretrained),SSIM,-0.012900948524475209
div2k/0828.png/sigma_0.050,div2k,0828.png,0.05000000074505806,U-TGV (final),DEAL (official pretrained),SSIM,-0.05668759346008301
div2k/0829.png/sigma_0.050,div2k,0829.png,0.05000000074505806,U-TGV (final),DEAL (official pretrained),SSIM,-0.008388817310333252
div2k/0830.png/sigma_0.050,div2k,0830.png,0.05000000074505806,U-TGV (final),DEAL (official pretrained),SSIM,-0.02175074815750133
div2k/0831.png/sigma_0.050,div2k,0831.png,0.05000000074505806,U-TGV (final),DEAL (official pretrained),SSIM,-0.013328492641449086
div2k/0832.png/sigma_0.050,div2k,0832.png,0.05000000074505806,U-TGV (final),DEAL (official pretrained),SSIM,-0.009665727615356556
div2k/0833.png/sigma_0.050,div2k,0833.png,0.05000000074505806,U-TGV (final),DEAL (official pretrained),SSIM,-0.01310640573501587
div2k/0834.png/sigma_0.050,div2k,0834.png,0.05000000074505806,U-TGV (final),DEAL (official pretrained),SSIM,-0.0061910152435302734
div2k/0835.png/sigma_0.050,div2k,0835.png,0.05000000074505806,U-TGV (final),DEAL (official pretrained),SSIM,-0.01601386070251465
div2k/0836.png/sigma_0.050,div2k,0836.png,0.05000000074505806,U-TGV (final),DEAL (official pretrained),SSIM,-0.01455014944076538
div2k/0837.png/sigma_0.050,div2k,0837.png,0.05000000074505806,U-TGV (final),DEAL (official pretrained),SSIM,-0.011574506759643555
div2k/0838.png/sigma_0.050,div2k,0838.png,0.05000000074505806,U-TGV (final),DEAL (official pretrained),SSIM,-0.0073850154876710095
div2k/0839.png/sigma_0.050,div2k,0839.png,0.05000000074505806,U-TGV (final),DEAL (official pretrained),SSIM,-0.01005476713180542
div2k/0840.png/sigma_0.050,div2k,0840.png,0.05000000074505806,U-TGV (final),DEAL (official pretrained),SSIM,-0.01003873348236084
div2k/0841.png/sigma_0.050,div2k,0841.png,0.05000000074505806,U-TGV (final),DEAL (official pretrained),SSIM,-0.01311790943145763
div2k/0842.png/sigma_0.050,div2k,0842.png,0.05000000074505806,U-TGV (final),DEAL (official pretrained),SSIM,-0.00583016872406017
div2k/0843.png/sigma_0.050,div2k,0843.png,0.05000000074505806,U-TGV (final),DEAL (official pretrained),SSIM,-0.009123682975769043
div2k/0844.png/sigma_0.050,div2k,0844.png,0.05000000074505806,U-TGV (final),DEAL (official pretrained),SSIM,-0.00823366641998291
div2k/0845.png/sigma_0.050,div2k,0845.png,0.05000000074505806,U-TGV (final),DEAL (official pretrained),SSIM,-0.029634475708007812
div2k/0846.png/sigma_0.050,div2k,0846.png,0.05000000074505806,U-TGV (final),DEAL (official pretrained),SSIM,-0.031059324741363525
div2k/0847.png/sigma_0.050,div2k,0847.png,0.05000000074505806,U-TGV (final),DEAL (official pretrained),SSIM,-0.012585639953613281
div2k/0848.png/sigma_0.050,div2k,0848.png,0.05000000074505806,U-TGV (final),DEAL (official pretrained),SSIM,-0.010974109172820934
div2k/0849.png/sigma_0.050,div2k,0849.png,0.05000000074505806,U-TGV (final),DEAL (official pretrained),SSIM,-0.009260177612304688
div2k/0850.png/sigma_0.050,div2k,0850.png,0.05000000074505806,U-TGV (final),DEAL (official pretrained),SSIM,-0.012100517749786377
div2k/0851.png/sigma_0.050,div2k,0851.png,0.05000000074505806,U-TGV (final),DEAL (official pretrained),SSIM,-0.009557366371154896
div2k/0852.png/sigma_0.050,div2k,0852.png,0.05000000074505806,U-TGV (final),DEAL (official pretrained),SSIM,0.009672880172729492
div2k/0853.png/sigma_0.050,div2k,0853.png,0.05000000074505806,U-TGV (final),DEAL (official pretrained),SSIM,-0.011390447616577037
div2k/0854.png/sigma_0.050,div2k,0854.png,0.05000000074505806,U-TGV (final),DEAL (official pretrained),SSIM,-0.01458144187927235
div2k/0855.png/sigma_0.050,div2k,0855.png,0.05000000074505806,U-TGV (final),DEAL (official pretrained),SSIM,-0.014555931091308594
div2k/0856.png/sigma_0.050,div2k,0856.png,0.05000000074505806,U-TGV (final),DEAL (official pretrained),SSIM,-0.02837902307510376
div2k/0857.png/sigma_0.050,div2k,0857.png,0.05000000074505806,U-TGV (final),DEAL (official pretrained),SSIM,-0.005761265754699707
div2k/0858.png/sigma_0.050,div2k,0858.png,0.05000000074505806,U-TGV (final),DEAL (official pretrained),SSIM,-0.009476125240325928
div2k/0859.png/sigma_0.050,div2k,0859.png,0.05000000074505806,U-TGV (final),DEAL (official pretrained),SSIM,-0.013020217418670765
div2k/0860.png/sigma_0.050,div2k,0860.png,0.05000000074505806,U-TGV (final),DEAL (official pretrained),SSIM,-0.017569124698638805
div2k/0861.png/sigma_0.050,div2k,0861.png,0.05000000074505806,U-TGV (final),DEAL (official pretrained),SSIM,-0.0026468634605407715
div2k/0862.png/sigma_0.050,div2k,0862.png,0.05000000074505806,U-TGV (final),DEAL (official pretrained),SSIM,-0.006497621536254772
div2k/0863.png/sigma_0.050,div2k,0863.png,0.05000000074505806,U-TGV (final),DEAL (official pretrained),SSIM,-0.01020747423171997
div2k/0864.png/sigma_0.050,div2k,0864.png,0.05000000074505806,U-TGV (final),DEAL (official pretrained),SSIM,-0.013566315174102894
div2k/0865.png/sigma_0.050,div2k,0865.png,0.05000000074505806,U-TGV (final),DEAL (official pretrained),SSIM,-0.0076538920402525745
div2k/0866.png/sigma_0.050,div2k,0866.png,0.05000000074505806,U-TGV (final),DEAL (official pretrained),SSIM,-0.015517234802246094
div2k/0867.png/sigma_0.050,div2k,0867.png,0.05000000074505806,U-TGV (final),DEAL (official pretrained),SSIM,-0.014896690845489502
div2k/0868.png/sigma_0.050,div2k,0868.png,0.05000000074505806,U-TGV (final),DEAL (official pretrained),SSIM,-0.010519385337829479
div2k/0869.png/sigma_0.050,div2k,0869.png,0.05000000074505806,U-TGV (final),DEAL (official pretrained),SSIM,-0.029784798622131348
div2k/0870.png/sigma_0.050,div2k,0870.png,0.05000000074505806,U-TGV (final),DEAL (official pretrained),SSIM,-0.012464463710785023
div2k/0871.png/sigma_0.050,div2k,0871.png,0.05000000074505806,U-TGV (final),DEAL (official pretrained),SSIM,-0.00999438762664806
div2k/0872.png/sigma_0.050,div2k,0872.png,0.05000000074505806,U-TGV (final),DEAL (official pretrained),SSIM,-0.012029409408569336
div2k/0873.png/sigma_0.050,div2k,0873.png,0.05000000074505806,U-TGV (final),DEAL (official pretrained),SSIM,-0.01227349042892456
div2k/0874.png/sigma_0.050,div2k,0874.png,0.05000000074505806,U-TGV (final),DEAL (official pretrained),SSIM,-0.012685775756835826
div2k/0875.png/sigma_0.050,div2k,0875.png,0.05000000074505806,U-TGV (final),DEAL (official pretrained),SSIM,-0.008434414863586537
div2k/0876.png/sigma_0.050,div2k,0876.png,0.05000000074505806,U-TGV (final),DEAL (official pretrained),SSIM,-0.01465451717376709
div2k/0877.png/sigma_0.050,div2k,0877.png,0.05000000074505806,U-TGV (final),DEAL (official pretrained),SSIM,-0.011115550994872936
div2k/0878.png/sigma_0.050,div2k,0878.png,0.05000000074505806,U-TGV (final),DEAL (official pretrained),SSIM,-0.015345394611358643
div2k/0879.png/sigma_0.050,div2k,0879.png,0.05000000074505806,U-TGV (final),DEAL (official pretrained),SSIM,-0.011448204517364502
div2k/0880.png/sigma_0.050,div2k,0880.png,0.05000000074505806,U-TGV (final),DEAL (official pretrained),SSIM,-0.009016752243041881
div2k/0881.png/sigma_0.050,div2k,0881.png,0.05000000074505806,U-TGV (final),DEAL (official pretrained),SSIM,-0.008672952651977428
div2k/0882.png/sigma_0.050,div2k,0882.png,0.05000000074505806,U-TGV (final),DEAL (official pretrained),SSIM,-0.009640157222747914
div2k/0883.png/sigma_0.050,div2k,0883.png,0.05000000074505806,U-TGV (final),DEAL (official pretrained),SSIM,-0.00800168514251709
div2k/0884.png/sigma_0.050,div2k,0884.png,0.05000000074505806,U-TGV (final),DEAL (official pretrained),SSIM,-0.01631242036819447
div2k/0885.png/sigma_0.050,div2k,0885.png,0.05000000074505806,U-TGV (final),DEAL (official pretrained),SSIM,-0.04132723808288574
div2k/0886.png/sigma_0.050,div2k,0886.png,0.05000000074505806,U-TGV (final),DEAL (official pretrained),SSIM,-0.006306886672973744
div2k/0887.png/sigma_0.050,div2k,0887.png,0.05000000074505806,U-TGV (final),DEAL (official pretrained),SSIM,-0.012174487113952526
div2k/0888.png/sigma_0.050,div2k,0888.png,0.05000000074505806,U-TGV (final),DEAL (official pretrained),SSIM,-0.012515723705291637
div2k/0889.png/sigma_0.050,div2k,0889.png,0.05000000074505806,U-TGV (final),DEAL (official pretrained),SSIM,-0.009040594100952148
div2k/0890.png/sigma_0.050,div2k,0890.png,0.05000000074505806,U-TGV (final),DEAL (official pretrained),SSIM,-0.011648058891296498
div2k/0891.png/sigma_0.050,div2k,0891.png,0.05000000074505806,U-TGV (final),DEAL (official pretrained),SSIM,-0.017453312873840332
div2k/0892.png/sigma_0.050,div2k,0892.png,0.05000000074505806,U-TGV (final),DEAL (official pretrained),SSIM,-0.01811116933822643
div2k/0893.png/sigma_0.050,div2k,0893.png,0.05000000074505806,U-TGV (final),DEAL (official pretrained),SSIM,-0.013317525386810192
div2k/0894.png/sigma_0.050,div2k,0894.png,0.05000000074505806,U-TGV (final),DEAL (official pretrained),SSIM,-0.04247730970382679
div2k/0895.png/sigma_0.050,div2k,0895.png,0.05000000074505806,U-TGV (final),DEAL (official pretrained),SSIM,-0.03357189893722523
div2k/0896.png/sigma_0.050,div2k,0896.png,0.05000000074505806,U-TGV (final),DEAL (official pretrained),SSIM,-0.009811997413635365
div2k/0897.png/sigma_0.050,div2k,0897.png,0.05000000074505806,U-TGV (final),DEAL (official pretrained),SSIM,-0.0036841630935668945
div2k/0898.png/sigma_0.050,div2k,0898.png,0.05000000074505806,U-TGV (final),DEAL (official pretrained),SSIM,-0.00712341070175182
div2k/0899.png/sigma_0.050,div2k,0899.png,0.05000000074505806,U-TGV (final),DEAL (official pretrained),SSIM,-0.01937139034271229
div2k/0900.png/sigma_0.050,div2k,0900.png,0.05000000074505806,U-TGV (final),DEAL (official pretrained),SSIM,-0.010567426681518666
div2k/0801.png/sigma_0.050,div2k,0801.png,0.05000000074505806,U-Tikhonov T16/CG32 (final),DEAL (official pretrained),PSNR,-0.7707691192626953
div2k/0802.png/sigma_0.050,div2k,0802.png,0.05000000074505806,U-Tikhonov T16/CG32 (final),DEAL (official pretrained),PSNR,-2.0838584899902344
div2k/0803.png/sigma_0.050,div2k,0803.png,0.05000000074505806,U-Tikhonov T16/CG32 (final),DEAL (official pretrained),PSNR,-2.3056602478027344
div2k/0804.png/sigma_0.050,div2k,0804.png,0.05000000074505806,U-Tikhonov T16/CG32 (final),DEAL (official pretrained),PSNR,-1.163431167602539
div2k/0805.png/sigma_0.050,div2k,0805.png,0.05000000074505806,U-Tikhonov T16/CG32 (final),DEAL (official pretrained),PSNR,-1.01287841796875
div2k/0806.png/sigma_0.050,div2k,0806.png,0.05000000074505806,U-Tikhonov T16/CG32 (final),DEAL (official pretrained),PSNR,-1.16693115234375
div2k/0807.png/sigma_0.050,div2k,0807.png,0.05000000074505806,U-Tikhonov T16/CG32 (final),DEAL (official pretrained),PSNR,-1.1634178161621094
div2k/0808.png/sigma_0.050,div2k,0808.png,0.05000000074505806,U-Tikhonov T16/CG32 (final),DEAL (official pretrained),PSNR,-1.0558242797851562
div2k/0809.png/sigma_0.050,div2k,0809.png,0.05000000074505806,U-Tikhonov T16/CG32 (final),DEAL (official pretrained),PSNR,-0.6760482788085938
div2k/0810.png/sigma_0.050,div2k,0810.png,0.05000000074505806,U-Tikhonov T16/CG32 (final),DEAL (official pretrained),PSNR,-0.7598400115966797
div2k/0811.png/sigma_0.050,div2k,0811.png,0.05000000074505806,U-Tikhonov T16/CG32 (final),DEAL (official pretrained),PSNR,-0.7487964630126953
div2k/0812.png/sigma_0.050,div2k,0812.png,0.05000000074505806,U-Tikhonov T16/CG32 (final),DEAL (official pretrained),PSNR,-2.1410255432128906
div2k/0813.png/sigma_0.050,div2k,0813.png,0.05000000074505806,U-Tikhonov T16/CG32 (final),DEAL (official pretrained),PSNR,-1.5103034973144531
div2k/0814.png/sigma_0.050,div2k,0814.png,0.05000000074505806,U-Tikhonov T16/CG32 (final),DEAL (official pretrained),PSNR,-1.0606193542480469
div2k/0815.png/sigma_0.050,div2k,0815.png,0.05000000074505806,U-Tikhonov T16/CG32 (final),DEAL (official pretrained),PSNR,-1.0992927551269531
div2k/0816.png/sigma_0.050,div2k,0816.png,0.05000000074505806,U-Tikhonov T16/CG32 (final),DEAL (official pretrained),PSNR,-1.1519546508789062
div2k/0817.png/sigma_0.050,div2k,0817.png,0.05000000074505806,U-Tikhonov T16/CG32 (final),DEAL (official pretrained),PSNR,-0.9364910125732422
div2k/0818.png/sigma_0.050,div2k,0818.png,0.05000000074505806,U-Tikhonov T16/CG32 (final),DEAL (official pretrained),PSNR,-1.3180465698242223
div2k/0819.png/sigma_0.050,div2k,0819.png,0.05000000074505806,U-Tikhonov T16/CG32 (final),DEAL (official pretrained),PSNR,-0.8325271606445312
div2k/0820.png/sigma_0.050,div2k,0820.png,0.05000000074505806,U-Tikhonov T16/CG32 (final),DEAL (official pretrained),PSNR,-2.9065704345703125
div2k/0821.png/sigma_0.050,div2k,0821.png,0.05000000074505806,U-Tikhonov T16/CG32 (final),DEAL (official pretrained),PSNR,-3.547637939453125
div2k/0822.png/sigma_0.050,div2k,0822.png,0.05000000074505806,U-Tikhonov T16/CG32 (final),DEAL (official pretrained),PSNR,-1.2179718017578125
div2k/0823.png/sigma_0.050,div2k,0823.png,0.05000000074505806,U-Tikhonov T16/CG32 (final),DEAL (official pretrained),PSNR,-1.1069812774658203
div2k/0824.png/sigma_0.050,div2k,0824.png,0.05000000074505806,U-Tikhonov T16/CG32 (final),DEAL (official pretrained),PSNR,-2.179208755493164
div2k/0825.png/sigma_0.050,div2k,0825.png,0.05000000074505806,U-Tikhonov T16/CG32 (final),DEAL (official pretrained),PSNR,-1.5714588165283203
div2k/0826.png/sigma_0.050,div2k,0826.png,0.05000000074505806,U-Tikhonov T16/CG32 (final),DEAL (official pretrained),PSNR,-1.5920047760009766
div2k/0827.png/sigma_0.050,div2k,0827.png,0.05000000074505806,U-Tikhonov T16/CG32 (final),DEAL (official pretrained),PSNR,-1.1708793640136719
div2k/0828.png/sigma_0.050,div2k,0828.png,0.05000000074505806,U-Tikhonov T16/CG32 (final),DEAL (official pretrained),PSNR,-5.396247863769531
div2k/0829.png/sigma_0.050,div2k,0829.png,0.05000000074505806,U-Tikhonov T16/CG32 (final),DEAL (official pretrained),PSNR,-1.2652053833007812
div2k/0830.png/sigma_0.050,div2k,0830.png,0.05000000074505806,U-Tikhonov T16/CG32 (final),DEAL (official pretrained),PSNR,-1.529642105102539
div2k/0831.png/sigma_0.050,div2k,0831.png,0.05000000074505806,U-Tikhonov T16/CG32 (final),DEAL (official pretrained),PSNR,-1.6132545471191406
div2k/0832.png/sigma_0.050,div2k,0832.png,0.05000000074505806,U-Tikhonov T16/CG32 (final),DEAL (official pretrained),PSNR,-1.2793617248535156
div2k/0833.png/sigma_0.050,div2k,0833.png,0.05000000074505806,U-Tikhonov T16/CG32 (final),DEAL (official pretrained),PSNR,-3.618165969848633
div2k/0834.png/sigma_0.050,div2k,0834.png,0.05000000074505806,U-Tikhonov T16/CG32 (final),DEAL (official pretrained),PSNR,-0.8776035308837891
div2k/0835.png/sigma_0.050,div2k,0835.png,0.05000000074505806,U-Tikhonov T16/CG32 (final),DEAL (official pretrained),PSNR,-1.030893325805664
div2k/0836.png/sigma_0.050,div2k,0836.png,0.05000000074505806,U-Tikhonov T16/CG32 (final),DEAL (official pretrained),PSNR,-2.389434814453125
div2k/0837.png/sigma_0.050,div2k,0837.png,0.05000000074505806,U-Tikhonov T16/CG32 (final),DEAL (official pretrained),PSNR,-1.267360687255863
div2k/0838.png/sigma_0.050,div2k,0838.png,0.05000000074505806,U-Tikhonov T16/CG32 (final),DEAL (official pretrained),PSNR,-1.5729904174804688
div2k/0839.png/sigma_0.050,div2k,0839.png,0.05000000074505806,U-Tikhonov T16/CG32 (final),DEAL (official pretrained),PSNR,-0.7612171173095703
div2k/0840.png/sigma_0.050,div2k,0840.png,0.05000000074505806,U-Tikhonov T16/CG32 (final),DEAL (official pretrained),PSNR,-0.8463630676269531
div2k/0841.png/sigma_0.050,div2k,0841.png,0.05000000074505806,U-Tikhonov T16/CG32 (final),DEAL (official pretrained),PSNR,-1.0705528259277344
div2k/0842.png/sigma_0.050,div2k,0842.png,0.05000000074505806,U-Tikhonov T16/CG32 (final),DEAL (official pretrained),PSNR,-1.0354175567626953
div2k/0843.png/sigma_0.050,div2k,0843.png,0.05000000074505806,U-Tikhonov T16/CG32 (final),DEAL (official pretrained),PSNR,-2.3290557861328125
div2k/0844.png/sigma_0.050,div2k,0844.png,0.05000000074505806,U-Tikhonov T16/CG32 (final),DEAL (official pretrained),PSNR,-1.1337509155273438
div2k/0845.png/sigma_0.050,div2k,0845.png,0.05000000074505806,U-Tikhonov T16/CG32 (final),DEAL (official pretrained),PSNR,-3.215066909790039
div2k/0846.png/sigma_0.050,div2k,0846.png,0.05000000074505806,U-Tikhonov T16/CG32 (final),DEAL (official pretrained),PSNR,-3.188943862915039
div2k/0847.png/sigma_0.050,div2k,0847.png,0.05000000074505806,U-Tikhonov T16/CG32 (final),DEAL (official pretrained),PSNR,-1.8529644012451172
div2k/0848.png/sigma_0.050,div2k,0848.png,0.05000000074505806,U-Tikhonov T16/CG32 (final),DEAL (official pretrained),PSNR,-1.7147769927978516
div2k/0849.png/sigma_0.050,div2k,0849.png,0.05000000074505806,U-Tikhonov T16/CG32 (final),DEAL (official pretrained),PSNR,-1.1725330352783203
div2k/0850.png/sigma_0.050,div2k,0850.png,0.05000000074505806,U-Tikhonov T16/CG32 (final),DEAL (official pretrained),PSNR,-1.2529277801513672
div2k/0851.png/sigma_0.050,div2k,0851.png,0.05000000074505806,U-Tikhonov T16/CG32 (final),DEAL (official pretrained),PSNR,-1.3612213134765625
div2k/0852.png/sigma_0.050,div2k,0852.png,0.05000000074505806,U-Tikhonov T16/CG32 (final),DEAL (official pretrained),PSNR,-0.11990547180175781
div2k/0853.png/sigma_0.050,div2k,0853.png,0.05000000074505806,U-Tikhonov T16/CG32 (final),DEAL (official pretrained),PSNR,-1.2678146362304688
div2k/0854.png/sigma_0.050,div2k,0854.png,0.05000000074505806,U-Tikhonov T16/CG32 (final),DEAL (official pretrained),PSNR,-1.356302261352539
div2k/0855.png/sigma_0.050,div2k,0855.png,0.05000000074505806,U-Tikhonov T16/CG32 (final),DEAL (official pretrained),PSNR,-1.5013694763183594
div2k/0856.png/sigma_0.050,div2k,0856.png,0.05000000074505806,U-Tikhonov T16/CG32 (final),DEAL (official pretrained),PSNR,-0.9211006164550781
div2k/0857.png/sigma_0.050,div2k,0857.png,0.05000000074505806,U-Tikhonov T16/CG32 (final),DEAL (official pretrained),PSNR,-1.4497795104980469
div2k/0858.png/sigma_0.050,div2k,0858.png,0.05000000074505806,U-Tikhonov T16/CG32 (final),DEAL (official pretrained),PSNR,-0.6774978637695312
div2k/0859.png/sigma_0.050,div2k,0859.png,0.05000000074505806,U-Tikhonov T16/CG32 (final),DEAL (official pretrained),PSNR,-0.7552909851074219
div2k/0860.png/sigma_0.050,div2k,0860.png,0.05000000074505806,U-Tikhonov T16/CG32 (final),DEAL (official pretrained),PSNR,-1.0105552673339844
div2k/0861.png/sigma_0.050,div2k,0861.png,0.05000000074505806,U-Tikhonov T16/CG32 (final),DEAL (official pretrained),PSNR,-1.2540416717529297
div2k/0862.png/sigma_0.050,div2k,0862.png,0.05000000074505806,U-Tikhonov T16/CG32 (final),DEAL (official pretrained),PSNR,-0.5789604187011719
div2k/0863.png/sigma_0.050,div2k,0863.png,0.05000000074505806,U-Tikhonov T16/CG32 (final),DEAL (official pretrained),PSNR,-1.4214439392089844
div2k/0864.png/sigma_0.050,div2k,0864.png,0.05000000074505806,U-Tikhonov T16/CG32 (final),DEAL (official pretrained),PSNR,-1.0231971740722656
div2k/0865.png/sigma_0.050,div2k,0865.png,0.05000000074505806,U-Tikhonov T16/CG32 (final),DEAL (official pretrained),PSNR,-1.0312862396240234
div2k/0866.png/sigma_0.050,div2k,0866.png,0.05000000074505806,U-Tikhonov T16/CG32 (final),DEAL (official pretrained),PSNR,-1.5229949951171875
div2k/0867.png/sigma_0.050,div2k,0867.png,0.05000000074505806,U-Tikhonov T16/CG32 (final),DEAL (official pretrained),PSNR,-2.1808109283447266
div2k/0868.png/sigma_0.050,div2k,0868.png,0.05000000074505806,U-Tikhonov T16/CG32 (final),DEAL (official pretrained),PSNR,-2.0011672973632812
div2k/0869.png/sigma_0.050,div2k,0869.png,0.05000000074505806,U-Tikhonov T16/CG32 (final),DEAL (official pretrained),PSNR,-1.391092300415039
div2k/0870.png/sigma_0.050,div2k,0870.png,0.05000000074505806,U-Tikhonov T16/CG32 (final),DEAL (official pretrained),PSNR,-0.8840827941894531
div2k/0871.png/sigma_0.050,div2k,0871.png,0.05000000074505806,U-Tikhonov T16/CG32 (final),DEAL (official pretrained),PSNR,-1.1915435791015625
div2k/0872.png/sigma_0.050,div2k,0872.png,0.05000000074505806,U-Tikhonov T16/CG32 (final),DEAL (official pretrained),PSNR,-1.102390289306637
div2k/0873.png/sigma_0.050,div2k,0873.png,0.05000000074505806,U-Tikhonov T16/CG32 (final),DEAL (official pretrained),PSNR,-0.9278011322021484
div2k/0874.png/sigma_0.050,div2k,0874.png,0.05000000074505806,U-Tikhonov T16/CG32 (final),DEAL (official pretrained),PSNR,-0.8932132720947266
div2k/0875.png/sigma_0.050,div2k,0875.png,0.05000000074505806,U-Tikhonov T16/CG32 (final),DEAL (official pretrained),PSNR,-1.2379035949707031
div2k/0876.png/sigma_0.050,div2k,0876.png,0.05000000074505806,U-Tikhonov T16/CG32 (final),DEAL (official pretrained),PSNR,-0.8149452209472692
div2k/0877.png/sigma_0.050,div2k,0877.png,0.05000000074505806,U-Tikhonov T16/CG32 (final),DEAL (official pretrained),PSNR,-1.03704833984375
div2k/0878.png/sigma_0.050,div2k,0878.png,0.05000000074505806,U-Tikhonov T16/CG32 (final),DEAL (official pretrained),PSNR,-1.4728736877441406
div2k/0879.png/sigma_0.050,div2k,0879.png,0.05000000074505806,U-Tikhonov T16/CG32 (final),DEAL (official pretrained),PSNR,-1.701425552368164
div2k/0880.png/sigma_0.050,div2k,0880.png,0.05000000074505806,U-Tikhonov T16/CG32 (final),DEAL (official pretrained),PSNR,-0.824249267578125
div2k/0881.png/sigma_0.050,div2k,0881.png,0.05000000074505806,U-Tikhonov T16/CG32 (final),DEAL (official pretrained),PSNR,-0.8961143493652344
div2k/0882.png/sigma_0.050,div2k,0882.png,0.05000000074505806,U-Tikhonov T16/CG32 (final),DEAL (official pretrained),PSNR,-2.042438507080078
div2k/0883.png/sigma_0.050,div2k,0883.png,0.05000000074505806,U-Tikhonov T16/CG32 (final),DEAL (official pretrained),PSNR,-0.7995128631591797
div2k/0884.png/sigma_0.050,div2k,0884.png,0.05000000074505806,U-Tikhonov T16/CG32 (final),DEAL (official pretrained),PSNR,-1.5121536254882812
div2k/0885.png/sigma_0.050,div2k,0885.png,0.05000000074505806,U-Tikhonov T16/CG32 (final),DEAL (official pretrained),PSNR,-2.2363834381103516
div2k/0886.png/sigma_0.050,div2k,0886.png,0.05000000074505806,U-Tikhonov T16/CG32 (final),DEAL (official pretrained),PSNR,-1.6170768737792969
div2k/0887.png/sigma_0.050,div2k,0887.png,0.05000000074505806,U-Tikhonov T16/CG32 (final),DEAL (official pretrained),PSNR,-0.9982337951660156
div2k/0888.png/sigma_0.050,div2k,0888.png,0.05000000074505806,U-Tikhonov T16/CG32 (final),DEAL (official pretrained),PSNR,-1.7849063873291016
div2k/0889.png/sigma_0.050,div2k,0889.png,0.05000000074505806,U-Tikhonov T16/CG32 (final),DEAL (official pretrained),PSNR,-1.164005279541012
div2k/0890.png/sigma_0.050,div2k,0890.png,0.05000000074505806,U-Tikhonov T16/CG32 (final),DEAL (official pretrained),PSNR,-0.7012786865234375
div2k/0891.png/sigma_0.050,div2k,0891.png,0.05000000074505806,U-Tikhonov T16/CG32 (final),DEAL (official pretrained),PSNR,-2.4849681854248047
div2k/0892.png/sigma_0.050,div2k,0892.png,0.05000000074505806,U-Tikhonov T16/CG32 (final),DEAL (official pretrained),PSNR,-2.0261192321777344
div2k/0893.png/sigma_0.050,div2k,0893.png,0.05000000074505806,U-Tikhonov T16/CG32 (final),DEAL (official pretrained),PSNR,-1.7816543579101562
div2k/0894.png/sigma_0.050,div2k,0894.png,0.05000000074505806,U-Tikhonov T16/CG32 (final),DEAL (official pretrained),PSNR,-1.9645233154296875
div2k/0895.png/sigma_0.050,div2k,0895.png,0.05000000074505806,U-Tikhonov T16/CG32 (final),DEAL (official pretrained),PSNR,-1.2464752197265625
div2k/0896.png/sigma_0.050,div2k,0896.png,0.05000000074505806,U-Tikhonov T16/CG32 (final),DEAL (official pretrained),PSNR,-2.750690460205078
div2k/0897.png/sigma_0.050,div2k,0897.png,0.05000000074505806,U-Tikhonov T16/CG32 (final),DEAL (official pretrained),PSNR,-0.863815307617191
div2k/0898.png/sigma_0.050,div2k,0898.png,0.05000000074505806,U-Tikhonov T16/CG32 (final),DEAL (official pretrained),PSNR,-0.9893608093261719
div2k/0899.png/sigma_0.050,div2k,0899.png,0.05000000074505806,U-Tikhonov T16/CG32 (final),DEAL (official pretrained),PSNR,-2.16461181640625
div2k/0900.png/sigma_0.050,div2k,0900.png,0.05000000074505806,U-Tikhonov T16/CG32 (final),DEAL (official pretrained),PSNR,-1.9578933715820312
div2k/0801.png/sigma_0.050,div2k,0801.png,0.05000000074505806,U-Tikhonov T16/CG32 (final),DEAL (official pretrained),SSIM,-0.012737572193145641
div2k/0802.png/sigma_0.050,div2k,0802.png,0.05000000074505806,U-Tikhonov T16/CG32 (final),DEAL (official pretrained),SSIM,-0.008765041828155518
div2k/0803.png/sigma_0.050,div2k,0803.png,0.05000000074505806,U-Tikhonov T16/CG32 (final),DEAL (official pretrained),SSIM,-0.01462799310684193
div2k/0804.png/sigma_0.050,div2k,0804.png,0.05000000074505806,U-Tikhonov T16/CG32 (final),DEAL (official pretrained),SSIM,-0.011667966842651367
div2k/0805.png/sigma_0.050,div2k,0805.png,0.05000000074505806,U-Tikhonov T16/CG32 (final),DEAL (official pretrained),SSIM,-0.014702022075653076
div2k/0806.png/sigma_0.050,div2k,0806.png,0.05000000074505806,U-Tikhonov T16/CG32 (final),DEAL (official pretrained),SSIM,-0.011298894882202037
div2k/0807.png/sigma_0.050,div2k,0807.png,0.05000000074505806,U-Tikhonov T16/CG32 (final),DEAL (official pretrained),SSIM,-0.01945972442626953
div2k/0808.png/sigma_0.050,div2k,0808.png,0.05000000074505806,U-Tikhonov T16/CG32 (final),DEAL (official pretrained),SSIM,-0.006634473800659069
div2k/0809.png/sigma_0.050,div2k,0809.png,0.05000000074505806,U-Tikhonov T16/CG32 (final),DEAL (official pretrained),SSIM,-0.01584899425506603
div2k/0810.png/sigma_0.050,div2k,0810.png,0.05000000074505806,U-Tikhonov T16/CG32 (final),DEAL (official pretrained),SSIM,-0.014698743820190319
div2k/0811.png/sigma_0.050,div2k,0811.png,0.05000000074505806,U-Tikhonov T16/CG32 (final),DEAL (official pretrained),SSIM,-0.020220637321472057
div2k/0812.png/sigma_0.050,div2k,0812.png,0.05000000074505806,U-Tikhonov T16/CG32 (final),DEAL (official pretrained),SSIM,-0.015785813331603893
div2k/0813.png/sigma_0.050,div2k,0813.png,0.05000000074505806,U-Tikhonov T16/CG32 (final),DEAL (official pretrained),SSIM,-0.015744805335998646
div2k/0814.png/sigma_0.050,div2k,0814.png,0.05000000074505806,U-Tikhonov T16/CG32 (final),DEAL (official pretrained),SSIM,-0.005308270454406627
div2k/0815.png/sigma_0.050,div2k,0815.png,0.05000000074505806,U-Tikhonov T16/CG32 (final),DEAL (official pretrained),SSIM,-0.012324988842010498
div2k/0816.png/sigma_0.050,div2k,0816.png,0.05000000074505806,U-Tikhonov T16/CG32 (final),DEAL (official pretrained),SSIM,-0.013882279396057018
div2k/0817.png/sigma_0.050,div2k,0817.png,0.05000000074505806,U-Tikhonov T16/CG32 (final),DEAL (official pretrained),SSIM,-0.011510014533996693
div2k/0818.png/sigma_0.050,div2k,0818.png,0.05000000074505806,U-Tikhonov T16/CG32 (final),DEAL (official pretrained),SSIM,-0.009110271930694469
div2k/0819.png/sigma_0.050,div2k,0819.png,0.05000000074505806,U-Tikhonov T16/CG32 (final),DEAL (official pretrained),SSIM,-0.017340123653411865
div2k/0820.png/sigma_0.050,div2k,0820.png,0.05000000074505806,U-Tikhonov T16/CG32 (final),DEAL (official pretrained),SSIM,-0.03683781623840332
div2k/0821.png/sigma_0.050,div2k,0821.png,0.05000000074505806,U-Tikhonov T16/CG32 (final),DEAL (official pretrained),SSIM,-0.015245795249939076
div2k/0822.png/sigma_0.050,div2k,0822.png,0.05000000074505806,U-Tikhonov T16/CG32 (final),DEAL (official pretrained),SSIM,-0.01957714557647705
div2k/0823.png/sigma_0.050,div2k,0823.png,0.05000000074505806,U-Tikhonov T16/CG32 (final),DEAL (official pretrained),SSIM,-0.006514370441436768
div2k/0824.png/sigma_0.050,div2k,0824.png,0.05000000074505806,U-Tikhonov T16/CG32 (final),DEAL (official pretrained),SSIM,-0.018890559673309326
div2k/0825.png/sigma_0.050,div2k,0825.png,0.05000000074505806,U-Tikhonov T16/CG32 (final),DEAL (official pretrained),SSIM,-0.0218944549560548
div2k/0826.png/sigma_0.050,div2k,0826.png,0.05000000074505806,U-Tikhonov T16/CG32 (final),DEAL (official pretrained),SSIM,-0.017619848251342662
div2k/0827.png/sigma_0.050,div2k,0827.png,0.05000000074505806,U-Tikhonov T16/CG32 (final),DEAL (official pretrained),SSIM,-0.015144944190979115
div2k/0828.png/sigma_0.050,div2k,0828.png,0.05000000074505806,U-Tikhonov T16/CG32 (final),DEAL (official pretrained),SSIM,-0.04383009672164917
div2k/0829.png/sigma_0.050,div2k,0829.png,0.05000000074505806,U-Tikhonov T16/CG32 (final),DEAL (official pretrained),SSIM,-0.009676933288574219
div2k/0830.png/sigma_0.050,div2k,0830.png,0.05000000074505806,U-Tikhonov T16/CG32 (final),DEAL (official pretrained),SSIM,-0.024396061897277943
div2k/0831.png/sigma_0.050,div2k,0831.png,0.05000000074505806,U-Tikhonov T16/CG32 (final),DEAL (official pretrained),SSIM,-0.016991376876831166
div2k/0832.png/sigma_0.050,div2k,0832.png,0.05000000074505806,U-Tikhonov T16/CG32 (final),DEAL (official pretrained),SSIM,-0.012175679206848256
div2k/0833.png/sigma_0.050,div2k,0833.png,0.05000000074505806,U-Tikhonov T16/CG32 (final),DEAL (official pretrained),SSIM,-0.01379615068435669
div2k/0834.png/sigma_0.050,div2k,0834.png,0.05000000074505806,U-Tikhonov T16/CG32 (final),DEAL (official pretrained),SSIM,-0.007380962371826172
div2k/0835.png/sigma_0.050,div2k,0835.png,0.05000000074505806,U-Tikhonov T16/CG32 (final),DEAL (official pretrained),SSIM,-0.02262967824935913
div2k/0836.png/sigma_0.050,div2k,0836.png,0.05000000074505806,U-Tikhonov T16/CG32 (final),DEAL (official pretrained),SSIM,-0.01731586456298828
div2k/0837.png/sigma_0.050,div2k,0837.png,0.05000000074505806,U-Tikhonov T16/CG32 (final),DEAL (official pretrained),SSIM,-0.013326287269592285
div2k/0838.png/sigma_0.050,div2k,0838.png,0.05000000074505806,U-Tikhonov T16/CG32 (final),DEAL (official pretrained),SSIM,-0.009827613830566517
div2k/0839.png/sigma_0.050,div2k,0839.png,0.05000000074505806,U-Tikhonov T16/CG32 (final),DEAL (official pretrained),SSIM,-0.011951267719268799
div2k/0840.png/sigma_0.050,div2k,0840.png,0.05000000074505806,U-Tikhonov T16/CG32 (final),DEAL (official pretrained),SSIM,-0.013123869895935059
div2k/0841.png/sigma_0.050,div2k,0841.png,0.05000000074505806,U-Tikhonov T16/CG32 (final),DEAL (official pretrained),SSIM,-0.015899896621704213
div2k/0842.png/sigma_0.050,div2k,0842.png,0.05000000074505806,U-Tikhonov T16/CG32 (final),DEAL (official pretrained),SSIM,-0.010778725147247425
div2k/0843.png/sigma_0.050,div2k,0843.png,0.05000000074505806,U-Tikhonov T16/CG32 (final),DEAL (official pretrained),SSIM,-0.00043076276779174805
div2k/0844.png/sigma_0.050,div2k,0844.png,0.05000000074505806,U-Tikhonov T16/CG32 (final),DEAL (official pretrained),SSIM,-0.00898134708404541
div2k/0845.png/sigma_0.050,div2k,0845.png,0.05000000074505806,U-Tikhonov T16/CG32 (final),DEAL (official pretrained),SSIM,-0.031138718128204346
div2k/0846.png/sigma_0.050,div2k,0846.png,0.05000000074505806,U-Tikhonov T16/CG32 (final),DEAL (official pretrained),SSIM,-0.03314018249511719
div2k/0847.png/sigma_0.050,div2k,0847.png,0.05000000074505806,U-Tikhonov T16/CG32 (final),DEAL (official pretrained),SSIM,-0.01374286413192749
div2k/0848.png/sigma_0.050,div2k,0848.png,0.05000000074505806,U-Tikhonov T16/CG32 (final),DEAL (official pretrained),SSIM,-0.012348473072051891
div2k/0849.png/sigma_0.050,div2k,0849.png,0.05000000074505806,U-Tikhonov T16/CG32 (final),DEAL (official pretrained),SSIM,-0.009724259376525879
div2k/0850.png/sigma_0.050,div2k,0850.png,0.05000000074505806,U-Tikhonov T16/CG32 (final),DEAL (official pretrained),SSIM,-0.014119982719421387
div2k/0851.png/sigma_0.050,div2k,0851.png,0.05000000074505806,U-Tikhonov T16/CG32 (final),DEAL (official pretrained),SSIM,-0.006049692630767933
div2k/0852.png/sigma_0.050,div2k,0852.png,0.05000000074505806,U-Tikhonov T16/CG32 (final),DEAL (official pretrained),SSIM,0.006276428699493408
div2k/0853.png/sigma_0.050,div2k,0853.png,0.05000000074505806,U-Tikhonov T16/CG32 (final),DEAL (official pretrained),SSIM,-0.008766770362853893
div2k/0854.png/sigma_0.050,div2k,0854.png,0.05000000074505806,U-Tikhonov T16/CG32 (final),DEAL (official pretrained),SSIM,-0.013663470745086559
div2k/0855.png/sigma_0.050,div2k,0855.png,0.05000000074505806,U-Tikhonov T16/CG32 (final),DEAL (official pretrained),SSIM,-0.01802617311477661
div2k/0856.png/sigma_0.050,div2k,0856.png,0.05000000074505806,U-Tikhonov T16/CG32 (final),DEAL (official pretrained),SSIM,-0.03164219856262207
div2k/0857.png/sigma_0.050,div2k,0857.png,0.05000000074505806,U-Tikhonov T16/CG32 (final),DEAL (official pretrained),SSIM,-0.009033799171447754
div2k/0858.png/sigma_0.050,div2k,0858.png,0.05000000074505806,U-Tikhonov T16/CG32 (final),DEAL (official pretrained),SSIM,-0.015606462955474854
div2k/0859.png/sigma_0.050,div2k,0859.png,0.05000000074505806,U-Tikhonov T16/CG32 (final),DEAL (official pretrained),SSIM,-0.014410436153411976
div2k/0860.png/sigma_0.050,div2k,0860.png,0.05000000074505806,U-Tikhonov T16/CG32 (final),DEAL (official pretrained),SSIM,-0.019043028354644664
div2k/0861.png/sigma_0.050,div2k,0861.png,0.05000000074505806,U-Tikhonov T16/CG32 (final),DEAL (official pretrained),SSIM,-0.00955665111541748
div2k/0862.png/sigma_0.050,div2k,0862.png,0.05000000074505806,U-Tikhonov T16/CG32 (final),DEAL (official pretrained),SSIM,-0.006482243537902721
div2k/0863.png/sigma_0.050,div2k,0863.png,0.05000000074505806,U-Tikhonov T16/CG32 (final),DEAL (official pretrained),SSIM,-0.010351598262786865
div2k/0864.png/sigma_0.050,div2k,0864.png,0.05000000074505806,U-Tikhonov T16/CG32 (final),DEAL (official pretrained),SSIM,-0.01663702726364147
div2k/0865.png/sigma_0.050,div2k,0865.png,0.05000000074505806,U-Tikhonov T16/CG32 (final),DEAL (official pretrained),SSIM,-0.010869383811950573
div2k/0866.png/sigma_0.050,div2k,0866.png,0.05000000074505806,U-Tikhonov T16/CG32 (final),DEAL (official pretrained),SSIM,-0.020396411418914795
div2k/0867.png/sigma_0.050,div2k,0867.png,0.05000000074505806,U-Tikhonov T16/CG32 (final),DEAL (official pretrained),SSIM,-0.019788146018981934
div2k/0868.png/sigma_0.050,div2k,0868.png,0.05000000074505806,U-Tikhonov T16/CG32 (final),DEAL (official pretrained),SSIM,-0.002401709556579479
div2k/0869.png/sigma_0.050,div2k,0869.png,0.05000000074505806,U-Tikhonov T16/CG32 (final),DEAL (official pretrained),SSIM,-0.03132832050323486
div2k/0870.png/sigma_0.050,div2k,0870.png,0.05000000074505806,U-Tikhonov T16/CG32 (final),DEAL (official pretrained),SSIM,-0.014894425868988148
div2k/0871.png/sigma_0.050,div2k,0871.png,0.05000000074505806,U-Tikhonov T16/CG32 (final),DEAL (official pretrained),SSIM,-0.012048959732055775
div2k/0872.png/sigma_0.050,div2k,0872.png,0.05000000074505806,U-Tikhonov T16/CG32 (final),DEAL (official pretrained),SSIM,-0.012945294380187988
div2k/0873.png/sigma_0.050,div2k,0873.png,0.05000000074505806,U-Tikhonov T16/CG32 (final),DEAL (official pretrained),SSIM,-0.0137709379196167
div2k/0874.png/sigma_0.050,div2k,0874.png,0.05000000074505806,U-Tikhonov T16/CG32 (final),DEAL (official pretrained),SSIM,-0.014817535877227672
div2k/0875.png/sigma_0.050,div2k,0875.png,0.05000000074505806,U-Tikhonov T16/CG32 (final),DEAL (official pretrained),SSIM,-0.010891079902649037
div2k/0876.png/sigma_0.050,div2k,0876.png,0.05000000074505806,U-Tikhonov T16/CG32 (final),DEAL (official pretrained),SSIM,-0.018736839294433594
div2k/0877.png/sigma_0.050,div2k,0877.png,0.05000000074505806,U-Tikhonov T16/CG32 (final),DEAL (official pretrained),SSIM,-0.01081395149230946
div2k/0878.png/sigma_0.050,div2k,0878.png,0.05000000074505806,U-Tikhonov T16/CG32 (final),DEAL (official pretrained),SSIM,-0.01821112632751465
div2k/0879.png/sigma_0.050,div2k,0879.png,0.05000000074505806,U-Tikhonov T16/CG32 (final),DEAL (official pretrained),SSIM,-0.007594406604766846
div2k/0880.png/sigma_0.050,div2k,0880.png,0.05000000074505806,U-Tikhonov T16/CG32 (final),DEAL (official pretrained),SSIM,-0.008357226848602184
div2k/0881.png/sigma_0.050,div2k,0881.png,0.05000000074505806,U-Tikhonov T16/CG32 (final),DEAL (official pretrained),SSIM,-0.011247873306274303
div2k/0882.png/sigma_0.050,div2k,0882.png,0.05000000074505806,U-Tikhonov T16/CG32 (final),DEAL (official pretrained),SSIM,-0.012041687965393177
div2k/0883.png/sigma_0.050,div2k,0883.png,0.05000000074505806,U-Tikhonov T16/CG32 (final),DEAL (official pretrained),SSIM,-0.009782195091247559
div2k/0884.png/sigma_0.050,div2k,0884.png,0.05000000074505806,U-Tikhonov T16/CG32 (final),DEAL (official pretrained),SSIM,-0.019317030906677135
div2k/0885.png/sigma_0.050,div2k,0885.png,0.05000000074505806,U-Tikhonov T16/CG32 (final),DEAL (official pretrained),SSIM,-0.04656672477722168
div2k/0886.png/sigma_0.050,div2k,0886.png,0.05000000074505806,U-Tikhonov T16/CG32 (final),DEAL (official pretrained),SSIM,-0.01208186149597179
div2k/0887.png/sigma_0.050,div2k,0887.png,0.05000000074505806,U-Tikhonov T16/CG32 (final),DEAL (official pretrained),SSIM,-0.014291286468505748
div2k/0888.png/sigma_0.050,div2k,0888.png,0.05000000074505806,U-Tikhonov T16/CG32 (final),DEAL (official pretrained),SSIM,-0.015962541103362926
div2k/0889.png/sigma_0.050,div2k,0889.png,0.05000000074505806,U-Tikhonov T16/CG32 (final),DEAL (official pretrained),SSIM,-0.010321557521820068
div2k/0890.png/sigma_0.050,div2k,0890.png,0.05000000074505806,U-Tikhonov T16/CG32 (final),DEAL (official pretrained),SSIM,-0.00775134563446056
div2k/0891.png/sigma_0.050,div2k,0891.png,0.05000000074505806,U-Tikhonov T16/CG32 (final),DEAL (official pretrained),SSIM,-0.021138668060302734
div2k/0892.png/sigma_0.050,div2k,0892.png,0.05000000074505806,U-Tikhonov T16/CG32 (final),DEAL (official pretrained),SSIM,-0.01927173137664806
div2k/0893.png/sigma_0.050,div2k,0893.png,0.05000000074505806,U-Tikhonov T16/CG32 (final),DEAL (official pretrained),SSIM,-0.01450681686401356
div2k/0894.png/sigma_0.050,div2k,0894.png,0.05000000074505806,U-Tikhonov T16/CG32 (final),DEAL (official pretrained),SSIM,-0.04393625259399403
div2k/0895.png/sigma_0.050,div2k,0895.png,0.05000000074505806,U-Tikhonov T16/CG32 (final),DEAL (official pretrained),SSIM,-0.030550956726074108
div2k/0896.png/sigma_0.050,div2k,0896.png,0.05000000074505806,U-Tikhonov T16/CG32 (final),DEAL (official pretrained),SSIM,-0.005829572677612416
div2k/0897.png/sigma_0.050,div2k,0897.png,0.05000000074505806,U-Tikhonov T16/CG32 (final),DEAL (official pretrained),SSIM,-0.003564774990081787
div2k/0898.png/sigma_0.050,div2k,0898.png,0.05000000074505806,U-Tikhonov T16/CG32 (final),DEAL (official pretrained),SSIM,-0.000835716724395863
div2k/0899.png/sigma_0.050,div2k,0899.png,0.05000000074505806,U-Tikhonov T16/CG32 (final),DEAL (official pretrained),SSIM,-0.021144986152648815
div2k/0900.png/sigma_0.050,div2k,0900.png,0.05000000074505806,U-Tikhonov T16/CG32 (final),DEAL (official pretrained),SSIM,-0.016820430755615345
div2k/0801.png/sigma_0.100,div2k,0801.png,0.10000000149011612,U-TV (final),DEAL (official pretrained),PSNR,-0.7049617767333984
div2k/0802.png/sigma_0.100,div2k,0802.png,0.10000000149011612,U-TV (final),DEAL (official pretrained),PSNR,-2.0387516021728516
div2k/0803.png/sigma_0.100,div2k,0803.png,0.10000000149011612,U-TV (final),DEAL (official pretrained),PSNR,-2.0876388549804688
div2k/0804.png/sigma_0.100,div2k,0804.png,0.10000000149011612,U-TV (final),DEAL (official pretrained),PSNR,-1.2508735656738281
div2k/0805.png/sigma_0.100,div2k,0805.png,0.10000000149011612,U-TV (final),DEAL (official pretrained),PSNR,-0.8078804016113281
div2k/0806.png/sigma_0.100,div2k,0806.png,0.10000000149011612,U-TV (final),DEAL (official pretrained),PSNR,-1.1326484680175781
div2k/0807.png/sigma_0.100,div2k,0807.png,0.10000000149011612,U-TV (final),DEAL (official pretrained),PSNR,-0.7091064453125
div2k/0808.png/sigma_0.100,div2k,0808.png,0.10000000149011612,U-TV (final),DEAL (official pretrained),PSNR,-1.3169841766357422
div2k/0809.png/sigma_0.100,div2k,0809.png,0.10000000149011612,U-TV (final),DEAL (official pretrained),PSNR,-0.6101341247558594
div2k/0810.png/sigma_0.100,div2k,0810.png,0.10000000149011612,U-TV (final),DEAL (official pretrained),PSNR,-0.6355419158935547
div2k/0811.png/sigma_0.100,div2k,0811.png,0.10000000149011612,U-TV (final),DEAL (official pretrained),PSNR,-0.4839820861816406
div2k/0812.png/sigma_0.100,div2k,0812.png,0.10000000149011612,U-TV (final),DEAL (official pretrained),PSNR,-1.962545394897461
div2k/0813.png/sigma_0.100,div2k,0813.png,0.10000000149011612,U-TV (final),DEAL (official pretrained),PSNR,-1.4010677337646484
div2k/0814.png/sigma_0.100,div2k,0814.png,0.10000000149011612,U-TV (final),DEAL (official pretrained),PSNR,-1.2750797271728516
div2k/0815.png/sigma_0.100,div2k,0815.png,0.10000000149011612,U-TV (final),DEAL (official pretrained),PSNR,-1.0342636108398438
div2k/0816.png/sigma_0.100,div2k,0816.png,0.10000000149011612,U-TV (final),DEAL (official pretrained),PSNR,-1.1013545989990234
div2k/0817.png/sigma_0.100,div2k,0817.png,0.10000000149011612,U-TV (final),DEAL (official pretrained),PSNR,-0.8908939361572266
div2k/0818.png/sigma_0.100,div2k,0818.png,0.10000000149011612,U-TV (final),DEAL (official pretrained),PSNR,-1.3812980651855504
div2k/0819.png/sigma_0.100,div2k,0819.png,0.10000000149011612,U-TV (final),DEAL (official pretrained),PSNR,-0.7109355926513672
div2k/0820.png/sigma_0.100,div2k,0820.png,0.10000000149011612,U-TV (final),DEAL (official pretrained),PSNR,-2.5741615295410156
div2k/0821.png/sigma_0.100,div2k,0821.png,0.10000000149011612,U-TV (final),DEAL (official pretrained),PSNR,-3.663022994995117
div2k/0822.png/sigma_0.100,div2k,0822.png,0.10000000149011612,U-TV (final),DEAL (official pretrained),PSNR,-1.0595722198486328
div2k/0823.png/sigma_0.100,div2k,0823.png,0.10000000149011612,U-TV (final),DEAL (official pretrained),PSNR,-0.9602527618408203
div2k/0824.png/sigma_0.100,div2k,0824.png,0.10000000149011612,U-TV (final),DEAL (official pretrained),PSNR,-2.212371826171875
div2k/0825.png/sigma_0.100,div2k,0825.png,0.10000000149011612,U-TV (final),DEAL (official pretrained),PSNR,-1.4805736541748082
div2k/0826.png/sigma_0.100,div2k,0826.png,0.10000000149011612,U-TV (final),DEAL (official pretrained),PSNR,-1.6169776916503906
div2k/0827.png/sigma_0.100,div2k,0827.png,0.10000000149011612,U-TV (final),DEAL (official pretrained),PSNR,-0.8496360778808594
div2k/0828.png/sigma_0.100,div2k,0828.png,0.10000000149011612,U-TV (final),DEAL (official pretrained),PSNR,-4.29168701171875
div2k/0829.png/sigma_0.100,div2k,0829.png,0.10000000149011612,U-TV (final),DEAL (official pretrained),PSNR,-1.6438312530517578
div2k/0830.png/sigma_0.100,div2k,0830.png,0.10000000149011612,U-TV (final),DEAL (official pretrained),PSNR,-1.492355346679684
div2k/0831.png/sigma_0.100,div2k,0831.png,0.10000000149011612,U-TV (final),DEAL (official pretrained),PSNR,-1.4450054168701172
div2k/0832.png/sigma_0.100,div2k,0832.png,0.10000000149011612,U-TV (final),DEAL (official pretrained),PSNR,-1.2466239929199219
div2k/0833.png/sigma_0.100,div2k,0833.png,0.10000000149011612,U-TV (final),DEAL (official pretrained),PSNR,-3.082813262939453
div2k/0834.png/sigma_0.100,div2k,0834.png,0.10000000149011612,U-TV (final),DEAL (official pretrained),PSNR,-0.9753913879394531
div2k/0835.png/sigma_0.100,div2k,0835.png,0.10000000149011612,U-TV (final),DEAL (official pretrained),PSNR,-0.7164974212646484
div2k/0836.png/sigma_0.100,div2k,0836.png,0.10000000149011612,U-TV (final),DEAL (official pretrained),PSNR,-2.2840347290039062
div2k/0837.png/sigma_0.100,div2k,0837.png,0.10000000149011612,U-TV (final),DEAL (official pretrained),PSNR,-1.2552070617675746
div2k/0838.png/sigma_0.100,div2k,0838.png,0.10000000149011612,U-TV (final),DEAL (official pretrained),PSNR,-1.793386459350586
div2k/0839.png/sigma_0.100,div2k,0839.png,0.10000000149011612,U-TV (final),DEAL (official pretrained),PSNR,-0.6308898925781214
div2k/0840.png/sigma_0.100,div2k,0840.png,0.10000000149011612,U-TV (final),DEAL (official pretrained),PSNR,-0.7560710906982422
div2k/0841.png/sigma_0.100,div2k,0841.png,0.10000000149011612,U-TV (final),DEAL (official pretrained),PSNR,-0.9367599487304688
div2k/0842.png/sigma_0.100,div2k,0842.png,0.10000000149011612,U-TV (final),DEAL (official pretrained),PSNR,-1.0361957550048828
div2k/0843.png/sigma_0.100,div2k,0843.png,0.10000000149011612,U-TV (final),DEAL (official pretrained),PSNR,-1.4886341094970703
div2k/0844.png/sigma_0.100,div2k,0844.png,0.10000000149011612,U-TV (final),DEAL (official pretrained),PSNR,-1.0227203369140625
div2k/0845.png/sigma_0.100,div2k,0845.png,0.10000000149011612,U-TV (final),DEAL (official pretrained),PSNR,-2.5335922241210938
div2k/0846.png/sigma_0.100,div2k,0846.png,0.10000000149011612,U-TV (final),DEAL (official pretrained),PSNR,-2.1832962036132812
div2k/0847.png/sigma_0.100,div2k,0847.png,0.10000000149011612,U-TV (final),DEAL (official pretrained),PSNR,-1.6482295989990234
div2k/0848.png/sigma_0.100,div2k,0848.png,0.10000000149011612,U-TV (final),DEAL (official pretrained),PSNR,-1.7060508728027344
div2k/0849.png/sigma_0.100,div2k,0849.png,0.10000000149011612,U-TV (final),DEAL (official pretrained),PSNR,-1.2424468994140625
div2k/0850.png/sigma_0.100,div2k,0850.png,0.10000000149011612,U-TV (final),DEAL (official pretrained),PSNR,-1.2786197662353516
div2k/0851.png/sigma_0.100,div2k,0851.png,0.10000000149011612,U-TV (final),DEAL (official pretrained),PSNR,-1.6246585845947266
div2k/0852.png/sigma_0.100,div2k,0852.png,0.10000000149011612,U-TV (final),DEAL (official pretrained),PSNR,0.20522308349609375
div2k/0853.png/sigma_0.100,div2k,0853.png,0.10000000149011612,U-TV (final),DEAL (official pretrained),PSNR,-1.1273365020751953
div2k/0854.png/sigma_0.100,div2k,0854.png,0.10000000149011612,U-TV (final),DEAL (official pretrained),PSNR,-1.4904937744140625
div2k/0855.png/sigma_0.100,div2k,0855.png,0.10000000149011612,U-TV (final),DEAL (official pretrained),PSNR,-1.2662086486816406
div2k/0856.png/sigma_0.100,div2k,0856.png,0.10000000149011612,U-TV (final),DEAL (official pretrained),PSNR,-0.6910438537597656
div2k/0857.png/sigma_0.100,div2k,0857.png,0.10000000149011612,U-TV (final),DEAL (official pretrained),PSNR,-1.798696517944336
div2k/0858.png/sigma_0.100,div2k,0858.png,0.10000000149011612,U-TV (final),DEAL (official pretrained),PSNR,-0.3606719970703125
div2k/0859.png/sigma_0.100,div2k,0859.png,0.10000000149011612,U-TV (final),DEAL (official pretrained),PSNR,-0.870803833007809
div2k/0860.png/sigma_0.100,div2k,0860.png,0.10000000149011612,U-TV (final),DEAL (official pretrained),PSNR,-0.7729816436767578
div2k/0861.png/sigma_0.100,div2k,0861.png,0.10000000149011612,U-TV (final),DEAL (official pretrained),PSNR,-0.9502735137939453
div2k/0862.png/sigma_0.100,div2k,0862.png,0.10000000149011612,U-TV (final),DEAL (official pretrained),PSNR,-0.66815185546875
div2k/0863.png/sigma_0.100,div2k,0863.png,0.10000000149011612,U-TV (final),DEAL (official pretrained),PSNR,-1.125040054321289
div2k/0864.png/sigma_0.100,div2k,0864.png,0.10000000149011612,U-TV (final),DEAL (official pretrained),PSNR,-0.9335460662841797
div2k/0865.png/sigma_0.100,div2k,0865.png,0.10000000149011612,U-TV (final),DEAL (official pretrained),PSNR,-1.0852222442626989
div2k/0866.png/sigma_0.100,div2k,0866.png,0.10000000149011612,U-TV (final),DEAL (official pretrained),PSNR,-1.1362953186035156
div2k/0867.png/sigma_0.100,div2k,0867.png,0.10000000149011612,U-TV (final),DEAL (official pretrained),PSNR,-2.1619567871093714
div2k/0868.png/sigma_0.100,div2k,0868.png,0.10000000149011612,U-TV (final),DEAL (official pretrained),PSNR,-1.968780517578125
div2k/0869.png/sigma_0.100,div2k,0869.png,0.10000000149011612,U-TV (final),DEAL (official pretrained),PSNR,-0.9103527069091797
div2k/0870.png/sigma_0.100,div2k,0870.png,0.10000000149011612,U-TV (final),DEAL (official pretrained),PSNR,-0.8394699096679688
div2k/0871.png/sigma_0.100,div2k,0871.png,0.10000000149011612,U-TV (final),DEAL (official pretrained),PSNR,-1.1892776489257812
div2k/0872.png/sigma_0.100,div2k,0872.png,0.10000000149011612,U-TV (final),DEAL (official pretrained),PSNR,-1.1424579620361328
div2k/0873.png/sigma_0.100,div2k,0873.png,0.10000000149011612,U-TV (final),DEAL (official pretrained),PSNR,-0.8737964630126918
div2k/0874.png/sigma_0.100,div2k,0874.png,0.10000000149011612,U-TV (final),DEAL (official pretrained),PSNR,-1.0459232330322266
div2k/0875.png/sigma_0.100,div2k,0875.png,0.10000000149011612,U-TV (final),DEAL (official pretrained),PSNR,-1.2499713897705078
div2k/0876.png/sigma_0.100,div2k,0876.png,0.10000000149011612,U-TV (final),DEAL (official pretrained),PSNR,-0.618667602539059
div2k/0877.png/sigma_0.100,div2k,0877.png,0.10000000149011612,U-TV (final),DEAL (official pretrained),PSNR,-1.0130348205566406
div2k/0878.png/sigma_0.100,div2k,0878.png,0.10000000149011612,U-TV (final),DEAL (official pretrained),PSNR,-1.3780879974365234
div2k/0879.png/sigma_0.100,div2k,0879.png,0.10000000149011612,U-TV (final),DEAL (official pretrained),PSNR,-1.5952625274658203
div2k/0880.png/sigma_0.100,div2k,0880.png,0.10000000149011612,U-TV (final),DEAL (official pretrained),PSNR,-0.7922763824462891
div2k/0881.png/sigma_0.100,div2k,0881.png,0.10000000149011612,U-TV (final),DEAL (official pretrained),PSNR,-1.0387516021728516
div2k/0882.png/sigma_0.100,div2k,0882.png,0.10000000149011612,U-TV (final),DEAL (official pretrained),PSNR,-1.9020519256591797
div2k/0883.png/sigma_0.100,div2k,0883.png,0.10000000149011612,U-TV (final),DEAL (official pretrained),PSNR,-0.8650093078613281
div2k/0884.png/sigma_0.100,div2k,0884.png,0.10000000149011612,U-TV (final),DEAL (official pretrained),PSNR,-1.425924301147461
div2k/0885.png/sigma_0.100,div2k,0885.png,0.10000000149011612,U-TV (final),DEAL (official pretrained),PSNR,-2.3007106781005895
div2k/0886.png/sigma_0.100,div2k,0886.png,0.10000000149011612,U-TV (final),DEAL (official pretrained),PSNR,-1.5512466430664062
div2k/0887.png/sigma_0.100,div2k,0887.png,0.10000000149011612,U-TV (final),DEAL (official pretrained),PSNR,-0.9404716491699219
div2k/0888.png/sigma_0.100,div2k,0888.png,0.10000000149011612,U-TV (final),DEAL (official pretrained),PSNR,-1.6170024871826172
div2k/0889.png/sigma_0.100,div2k,0889.png,0.10000000149011612,U-TV (final),DEAL (official pretrained),PSNR,-1.1949424743652344
div2k/0890.png/sigma_0.100,div2k,0890.png,0.10000000149011612,U-TV (final),DEAL (official pretrained),PSNR,-0.7475509643554688
div2k/0891.png/sigma_0.100,div2k,0891.png,0.10000000149011612,U-TV (final),DEAL (official pretrained),PSNR,-2.3875274658203125
div2k/0892.png/sigma_0.100,div2k,0892.png,0.10000000149011612,U-TV (final),DEAL (official pretrained),PSNR,-2.1001319885253906
div2k/0893.png/sigma_0.100,div2k,0893.png,0.10000000149011612,U-TV (final),DEAL (official pretrained),PSNR,-1.6978340148925746
div2k/0894.png/sigma_0.100,div2k,0894.png,0.10000000149011612,U-TV (final),DEAL (official pretrained),PSNR,-1.3867244720458984
div2k/0895.png/sigma_0.100,div2k,0895.png,0.10000000149011612,U-TV (final),DEAL (official pretrained),PSNR,-1.0874843597412074
div2k/0896.png/sigma_0.100,div2k,0896.png,0.10000000149011612,U-TV (final),DEAL (official pretrained),PSNR,-2.4102745056152344
div2k/0897.png/sigma_0.100,div2k,0897.png,0.10000000149011612,U-TV (final),DEAL (official pretrained),PSNR,-2.2554359436035156
div2k/0898.png/sigma_0.100,div2k,0898.png,0.10000000149011612,U-TV (final),DEAL (official pretrained),PSNR,-0.940704345703125
div2k/0899.png/sigma_0.100,div2k,0899.png,0.10000000149011612,U-TV (final),DEAL (official pretrained),PSNR,-1.9789581298828125
div2k/0900.png/sigma_0.100,div2k,0900.png,0.10000000149011612,U-TV (final),DEAL (official pretrained),PSNR,-1.4593067169189453
div2k/0801.png/sigma_0.100,div2k,0801.png,0.10000000149011612,U-TV (final),DEAL (official pretrained),SSIM,-0.025655388832092285
div2k/0802.png/sigma_0.100,div2k,0802.png,0.10000000149011612,U-TV (final),DEAL (official pretrained),SSIM,-0.022016525268554576
div2k/0803.png/sigma_0.100,div2k,0803.png,0.10000000149011612,U-TV (final),DEAL (official pretrained),SSIM,-0.03336155414581299
div2k/0804.png/sigma_0.100,div2k,0804.png,0.10000000149011612,U-TV (final),DEAL (official pretrained),SSIM,-0.025918662548065186
div2k/0805.png/sigma_0.100,div2k,0805.png,0.10000000149011612,U-TV (final),DEAL (official pretrained),SSIM,-0.01874828338623047
div2k/0806.png/sigma_0.100,div2k,0806.png,0.10000000149011612,U-TV (final),DEAL (official pretrained),SSIM,-0.023970544338226207
div2k/0807.png/sigma_0.100,div2k,0807.png,0.10000000149011612,U-TV (final),DEAL (official pretrained),SSIM,-0.028641939163208008
div2k/0808.png/sigma_0.100,div2k,0808.png,0.10000000149011612,U-TV (final),DEAL (official pretrained),SSIM,-0.01992410421371471
div2k/0809.png/sigma_0.100,div2k,0809.png,0.10000000149011612,U-TV (final),DEAL (official pretrained),SSIM,-0.025261998176574707
div2k/0810.png/sigma_0.100,div2k,0810.png,0.10000000149011612,U-TV (final),DEAL (official pretrained),SSIM,-0.02626168727874756
div2k/0811.png/sigma_0.100,div2k,0811.png,0.10000000149011612,U-TV (final),DEAL (official pretrained),SSIM,-0.012868106365203857
div2k/0812.png/sigma_0.100,div2k,0812.png,0.10000000149011612,U-TV (final),DEAL (official pretrained),SSIM,-0.0311700701713562
div2k/0813.png/sigma_0.100,div2k,0813.png,0.10000000149011612,U-TV (final),DEAL (official pretrained),SSIM,-0.033393800258636475
div2k/0814.png/sigma_0.100,div2k,0814.png,0.10000000149011612,U-TV (final),DEAL (official pretrained),SSIM,-0.013400614261627197
div2k/0815.png/sigma_0.100,div2k,0815.png,0.10000000149011612,U-TV (final),DEAL (official pretrained),SSIM,-0.023657917976379395
div2k/0816.png/sigma_0.100,div2k,0816.png,0.10000000149011612,U-TV (final),DEAL (official pretrained),SSIM,-0.028522849082946777
div2k/0817.png/sigma_0.100,div2k,0817.png,0.10000000149011612,U-TV (final),DEAL (official pretrained),SSIM,-0.026126623153686523
div2k/0818.png/sigma_0.100,div2k,0818.png,0.10000000149011612,U-TV (final),DEAL (official pretrained),SSIM,-0.025157630443572887
div2k/0819.png/sigma_0.100,div2k,0819.png,0.10000000149011612,U-TV (final),DEAL (official pretrained),SSIM,-0.028388619422912598
div2k/0820.png/sigma_0.100,div2k,0820.png,0.10000000149011612,U-TV (final),DEAL (official pretrained),SSIM,-0.06091707944869995
div2k/0821.png/sigma_0.100,div2k,0821.png,0.10000000149011612,U-TV (final),DEAL (official pretrained),SSIM,-0.04857885837554943
div2k/0822.png/sigma_0.100,div2k,0822.png,0.10000000149011612,U-TV (final),DEAL (official pretrained),SSIM,-0.039737701416015625
div2k/0823.png/sigma_0.100,div2k,0823.png,0.10000000149011612,U-TV (final),DEAL (official pretrained),SSIM,-0.015356540679931752
div2k/0824.png/sigma_0.100,div2k,0824.png,0.10000000149011612,U-TV (final),DEAL (official pretrained),SSIM,-0.03732490539550781
div2k/0825.png/sigma_0.100,div2k,0825.png,0.10000000149011612,U-TV (final),DEAL (official pretrained),SSIM,-0.036435604095458984
div2k/0826.png/sigma_0.100,div2k,0826.png,0.10000000149011612,U-TV (final),DEAL (official pretrained),SSIM,-0.03300487995147716
div2k/0827.png/sigma_0.100,div2k,0827.png,0.10000000149011612,U-TV (final),DEAL (official pretrained),SSIM,-0.007846534252166748
div2k/0828.png/sigma_0.100,div2k,0828.png,0.10000000149011612,U-TV (final),DEAL (official pretrained),SSIM,-0.09833437204360962
div2k/0829.png/sigma_0.100,div2k,0829.png,0.10000000149011612,U-TV (final),DEAL (official pretrained),SSIM,-0.025719106197357178
div2k/0830.png/sigma_0.100,div2k,0830.png,0.10000000149011612,U-TV (final),DEAL (official pretrained),SSIM,-0.0402105450630188
div2k/0831.png/sigma_0.100,div2k,0831.png,0.10000000149011612,U-TV (final),DEAL (official pretrained),SSIM,-0.03390681743621826
div2k/0832.png/sigma_0.100,div2k,0832.png,0.10000000149011612,U-TV (final),DEAL (official pretrained),SSIM,-0.027564644813537487
div2k/0833.png/sigma_0.100,div2k,0833.png,0.10000000149011612,U-TV (final),DEAL (official pretrained),SSIM,-0.03434103727340698
div2k/0834.png/sigma_0.100,div2k,0834.png,0.10000000149011612,U-TV (final),DEAL (official pretrained),SSIM,-0.011779546737670898
div2k/0835.png/sigma_0.100,div2k,0835.png,0.10000000149011612,U-TV (final),DEAL (official pretrained),SSIM,-0.02989131212234497
div2k/0836.png/sigma_0.100,div2k,0836.png,0.10000000149011612,U-TV (final),DEAL (official pretrained),SSIM,-0.04123789072036743
div2k/0837.png/sigma_0.100,div2k,0837.png,0.10000000149011612,U-TV (final),DEAL (official pretrained),SSIM,-0.027905404567718395
div2k/0838.png/sigma_0.100,div2k,0838.png,0.10000000149011612,U-TV (final),DEAL (official pretrained),SSIM,-0.023453235626220814
div2k/0839.png/sigma_0.100,div2k,0839.png,0.10000000149011612,U-TV (final),DEAL (official pretrained),SSIM,-0.024753987789154053
div2k/0840.png/sigma_0.100,div2k,0840.png,0.10000000149011612,U-TV (final),DEAL (official pretrained),SSIM,-0.022495388984680176
div2k/0841.png/sigma_0.100,div2k,0841.png,0.10000000149011612,U-TV (final),DEAL (official pretrained),SSIM,-0.019688963890075684
div2k/0842.png/sigma_0.100,div2k,0842.png,0.10000000149011612,U-TV (final),DEAL (official pretrained),SSIM,-0.01818472146987915
div2k/0843.png/sigma_0.100,div2k,0843.png,0.10000000149011612,U-TV (final),DEAL (official pretrained),SSIM,-0.0056113600730896
div2k/0844.png/sigma_0.100,div2k,0844.png,0.10000000149011612,U-TV (final),DEAL (official pretrained),SSIM,-0.010338306427001953
div2k/0845.png/sigma_0.100,div2k,0845.png,0.10000000149011612,U-TV (final),DEAL (official pretrained),SSIM,-0.05460083484649669
div2k/0846.png/sigma_0.100,div2k,0846.png,0.10000000149011612,U-TV (final),DEAL (official pretrained),SSIM,-0.047603607177734375
div2k/0847.png/sigma_0.100,div2k,0847.png,0.10000000149011612,U-TV (final),DEAL (official pretrained),SSIM,-0.030860781669616588
div2k/0848.png/sigma_0.100,div2k,0848.png,0.10000000149011612,U-TV (final),DEAL (official pretrained),SSIM,-0.028646349906921387
div2k/0849.png/sigma_0.100,div2k,0849.png,0.10000000149011612,U-TV (final),DEAL (official pretrained),SSIM,-0.027303040027618408
div2k/0850.png/sigma_0.100,div2k,0850.png,0.10000000149011612,U-TV (final),DEAL (official pretrained),SSIM,-0.03538691997528076
div2k/0851.png/sigma_0.100,div2k,0851.png,0.10000000149011612,U-TV (final),DEAL (official pretrained),SSIM,-0.021412074565887562
div2k/0852.png/sigma_0.100,div2k,0852.png,0.10000000149011612,U-TV (final),DEAL (official pretrained),SSIM,0.03681528568267822
div2k/0853.png/sigma_0.100,div2k,0853.png,0.10000000149011612,U-TV (final),DEAL (official pretrained),SSIM,-0.0214766263961792
div2k/0854.png/sigma_0.100,div2k,0854.png,0.10000000149011612,U-TV (final),DEAL (official pretrained),SSIM,-0.035708487033843994
div2k/0855.png/sigma_0.100,div2k,0855.png,0.10000000149011612,U-TV (final),DEAL (official pretrained),SSIM,-0.029565095901489258
div2k/0856.png/sigma_0.100,div2k,0856.png,0.10000000149011612,U-TV (final),DEAL (official pretrained),SSIM,-0.04509514570236206
div2k/0857.png/sigma_0.100,div2k,0857.png,0.10000000149011612,U-TV (final),DEAL (official pretrained),SSIM,-0.028107941150665172
div2k/0858.png/sigma_0.100,div2k,0858.png,0.10000000149011612,U-TV (final),DEAL (official pretrained),SSIM,0.00047338008880615234
div2k/0859.png/sigma_0.100,div2k,0859.png,0.10000000149011612,U-TV (final),DEAL (official pretrained),SSIM,-0.039017558097839355
div2k/0860.png/sigma_0.100,div2k,0860.png,0.10000000149011612,U-TV (final),DEAL (official pretrained),SSIM,-0.031886518001556396
div2k/0861.png/sigma_0.100,div2k,0861.png,0.10000000149011612,U-TV (final),DEAL (official pretrained),SSIM,0.004923403263092041
div2k/0862.png/sigma_0.100,div2k,0862.png,0.10000000149011612,U-TV (final),DEAL (official pretrained),SSIM,-0.01017463207244873
div2k/0863.png/sigma_0.100,div2k,0863.png,0.10000000149011612,U-TV (final),DEAL (official pretrained),SSIM,-0.02132457494735729
div2k/0864.png/sigma_0.100,div2k,0864.png,0.10000000149011612,U-TV (final),DEAL (official pretrained),SSIM,-0.03046107292175293
div2k/0865.png/sigma_0.100,div2k,0865.png,0.10000000149011612,U-TV (final),DEAL (official pretrained),SSIM,-0.02653515338897705
div2k/0866.png/sigma_0.100,div2k,0866.png,0.10000000149011612,U-TV (final),DEAL (official pretrained),SSIM,-0.0321965217590332
div2k/0867.png/sigma_0.100,div2k,0867.png,0.10000000149011612,U-TV (final),DEAL (official pretrained),SSIM,-0.04778480529785145
div2k/0868.png/sigma_0.100,div2k,0868.png,0.10000000149011612,U-TV (final),DEAL (official pretrained),SSIM,-0.011927545070648193
div2k/0869.png/sigma_0.100,div2k,0869.png,0.10000000149011612,U-TV (final),DEAL (official pretrained),SSIM,-0.02137690782546997
div2k/0870.png/sigma_0.100,div2k,0870.png,0.10000000149011612,U-TV (final),DEAL (official pretrained),SSIM,-0.037663817405700684
div2k/0871.png/sigma_0.100,div2k,0871.png,0.10000000149011612,U-TV (final),DEAL (official pretrained),SSIM,-0.02947324514389038
div2k/0872.png/sigma_0.100,div2k,0872.png,0.10000000149011612,U-TV (final),DEAL (official pretrained),SSIM,-0.02979278564453136
div2k/0873.png/sigma_0.100,div2k,0873.png,0.10000000149011612,U-TV (final),DEAL (official pretrained),SSIM,-0.031861722469329834
div2k/0874.png/sigma_0.100,div2k,0874.png,0.10000000149011612,U-TV (final),DEAL (official pretrained),SSIM,-0.03905785083770752
div2k/0875.png/sigma_0.100,div2k,0875.png,0.10000000149011612,U-TV (final),DEAL (official pretrained),SSIM,-0.025982022285461537
div2k/0876.png/sigma_0.100,div2k,0876.png,0.10000000149011612,U-TV (final),DEAL (official pretrained),SSIM,-0.01444178819656372
div2k/0877.png/sigma_0.100,div2k,0877.png,0.10000000149011612,U-TV (final),DEAL (official pretrained),SSIM,-0.018976449966430664
div2k/0878.png/sigma_0.100,div2k,0878.png,0.10000000149011612,U-TV (final),DEAL (official pretrained),SSIM,-0.042412519454955944
div2k/0879.png/sigma_0.100,div2k,0879.png,0.10000000149011612,U-TV (final),DEAL (official pretrained),SSIM,-0.015503942966461182
div2k/0880.png/sigma_0.100,div2k,0880.png,0.10000000149011612,U-TV (final),DEAL (official pretrained),SSIM,-0.011977434158325084
div2k/0881.png/sigma_0.100,div2k,0881.png,0.10000000149011612,U-TV (final),DEAL (official pretrained),SSIM,-0.024982035160064697
div2k/0882.png/sigma_0.100,div2k,0882.png,0.10000000149011612,U-TV (final),DEAL (official pretrained),SSIM,-0.025116920471191406
div2k/0883.png/sigma_0.100,div2k,0883.png,0.10000000149011612,U-TV (final),DEAL (official pretrained),SSIM,-0.020229101181030273
div2k/0884.png/sigma_0.100,div2k,0884.png,0.10000000149011612,U-TV (final),DEAL (official pretrained),SSIM,-0.03846883773803722
div2k/0885.png/sigma_0.100,div2k,0885.png,0.10000000149011612,U-TV (final),DEAL (official pretrained),SSIM,-0.09456533193588257
div2k/0886.png/sigma_0.100,div2k,0886.png,0.10000000149011612,U-TV (final),DEAL (official pretrained),SSIM,-0.023933887481689564
div2k/0887.png/sigma_0.100,div2k,0887.png,0.10000000149011612,U-TV (final),DEAL (official pretrained),SSIM,-0.018178880214691162
div2k/0888.png/sigma_0.100,div2k,0888.png,0.10000000149011612,U-TV (final),DEAL (official pretrained),SSIM,-0.030764341354370006
div2k/0889.png/sigma_0.100,div2k,0889.png,0.10000000149011612,U-TV (final),DEAL (official pretrained),SSIM,-0.02541792392730713
div2k/0890.png/sigma_0.100,div2k,0890.png,0.10000000149011612,U-TV (final),DEAL (official pretrained),SSIM,-0.018103480339050182
div2k/0891.png/sigma_0.100,div2k,0891.png,0.10000000149011612,U-TV (final),DEAL (official pretrained),SSIM,-0.05103766918182373
div2k/0892.png/sigma_0.100,div2k,0892.png,0.10000000149011612,U-TV (final),DEAL (official pretrained),SSIM,-0.055635154247283825
div2k/0893.png/sigma_0.100,div2k,0893.png,0.10000000149011612,U-TV (final),DEAL (official pretrained),SSIM,-0.024972498416900635
div2k/0894.png/sigma_0.100,div2k,0894.png,0.10000000149011612,U-TV (final),DEAL (official pretrained),SSIM,-0.04175591468811035
div2k/0895.png/sigma_0.100,div2k,0895.png,0.10000000149011612,U-TV (final),DEAL (official pretrained),SSIM,-0.05709338188171387
div2k/0896.png/sigma_0.100,div2k,0896.png,0.10000000149011612,U-TV (final),DEAL (official pretrained),SSIM,-0.01825416088104248
div2k/0897.png/sigma_0.100,div2k,0897.png,0.10000000149011612,U-TV (final),DEAL (official pretrained),SSIM,-0.037931203842162975
div2k/0898.png/sigma_0.100,div2k,0898.png,0.10000000149011612,U-TV (final),DEAL (official pretrained),SSIM,-0.00422954559326183
div2k/0899.png/sigma_0.100,div2k,0899.png,0.10000000149011612,U-TV (final),DEAL (official pretrained),SSIM,-0.04012179374694824
div2k/0900.png/sigma_0.100,div2k,0900.png,0.10000000149011612,U-TV (final),DEAL (official pretrained),SSIM,-0.027965188026428223
div2k/0801.png/sigma_0.100,div2k,0801.png,0.10000000149011612,U-TGV (final),DEAL (official pretrained),PSNR,-0.5443153381347656
div2k/0802.png/sigma_0.100,div2k,0802.png,0.10000000149011612,U-TGV (final),DEAL (official pretrained),PSNR,-1.207061767578125
div2k/0803.png/sigma_0.100,div2k,0803.png,0.10000000149011612,U-TGV (final),DEAL (official pretrained),PSNR,-1.7245635986328125
div2k/0804.png/sigma_0.100,div2k,0804.png,0.10000000149011612,U-TGV (final),DEAL (official pretrained),PSNR,-1.023529052734375
div2k/0805.png/sigma_0.100,div2k,0805.png,0.10000000149011612,U-TGV (final),DEAL (official pretrained),PSNR,-0.45915985107421875
div2k/0806.png/sigma_0.100,div2k,0806.png,0.10000000149011612,U-TGV (final),DEAL (official pretrained),PSNR,-0.7915592193603516
div2k/0807.png/sigma_0.100,div2k,0807.png,0.10000000149011612,U-TGV (final),DEAL (official pretrained),PSNR,-0.6204204559326172
div2k/0808.png/sigma_0.100,div2k,0808.png,0.10000000149011612,U-TGV (final),DEAL (official pretrained),PSNR,-1.0054855346679688
div2k/0809.png/sigma_0.100,div2k,0809.png,0.10000000149011612,U-TGV (final),DEAL (official pretrained),PSNR,-0.4645576477050781
div2k/0810.png/sigma_0.100,div2k,0810.png,0.10000000149011612,U-TGV (final),DEAL (official pretrained),PSNR,-0.4285297393798828
div2k/0811.png/sigma_0.100,div2k,0811.png,0.10000000149011612,U-TGV (final),DEAL (official pretrained),PSNR,-0.33678627014160156
div2k/0812.png/sigma_0.100,div2k,0812.png,0.10000000149011612,U-TGV (final),DEAL (official pretrained),PSNR,-1.6137046813964844
div2k/0813.png/sigma_0.100,div2k,0813.png,0.10000000149011612,U-TGV (final),DEAL (official pretrained),PSNR,-1.0383720397949219
div2k/0814.png/sigma_0.100,div2k,0814.png,0.10000000149011612,U-TGV (final),DEAL (official pretrained),PSNR,-1.1916751861572266
div2k/0815.png/sigma_0.100,div2k,0815.png,0.10000000149011612,U-TGV (final),DEAL (official pretrained),PSNR,-0.6988964080810547
div2k/0816.png/sigma_0.100,div2k,0816.png,0.10000000149011612,U-TGV (final),DEAL (official pretrained),PSNR,-0.9194793701171875
div2k/0817.png/sigma_0.100,div2k,0817.png,0.10000000149011612,U-TGV (final),DEAL (official pretrained),PSNR,-0.7270431518554688
div2k/0818.png/sigma_0.100,div2k,0818.png,0.10000000149011612,U-TGV (final),DEAL (official pretrained),PSNR,-0.9178466796875036
div2k/0819.png/sigma_0.100,div2k,0819.png,0.10000000149011612,U-TGV (final),DEAL (official pretrained),PSNR,-0.5151634216308594
div2k/0820.png/sigma_0.100,div2k,0820.png,0.10000000149011612,U-TGV (final),DEAL (official pretrained),PSNR,-2.091859817504883
div2k/0821.png/sigma_0.100,div2k,0821.png,0.10000000149011612,U-TGV (final),DEAL (official pretrained),PSNR,-3.1479949951171875
div2k/0822.png/sigma_0.100,div2k,0822.png,0.10000000149011612,U-TGV (final),DEAL (official pretrained),PSNR,-0.8642253875732422
div2k/0823.png/sigma_0.100,div2k,0823.png,0.10000000149011612,U-TGV (final),DEAL (official pretrained),PSNR,-0.7433509826660156
div2k/0824.png/sigma_0.100,div2k,0824.png,0.10000000149011612,U-TGV (final),DEAL (official pretrained),PSNR,-1.8541641235351562
div2k/0825.png/sigma_0.100,div2k,0825.png,0.10000000149011612,U-TGV (final),DEAL (official pretrained),PSNR,-1.133031845092777
div2k/0826.png/sigma_0.100,div2k,0826.png,0.10000000149011612,U-TGV (final),DEAL (official pretrained),PSNR,-1.3472938537597656
div2k/0827.png/sigma_0.100,div2k,0827.png,0.10000000149011612,U-TGV (final),DEAL (official pretrained),PSNR,-0.7196388244628906
div2k/0828.png/sigma_0.100,div2k,0828.png,0.10000000149011612,U-TGV (final),DEAL (official pretrained),PSNR,-4.443666458129883
div2k/0829.png/sigma_0.100,div2k,0829.png,0.10000000149011612,U-TGV (final),DEAL (official pretrained),PSNR,-1.3307914733886719
div2k/0830.png/sigma_0.100,div2k,0830.png,0.10000000149011612,U-TGV (final),DEAL (official pretrained),PSNR,-1.2982769012451136
div2k/0831.png/sigma_0.100,div2k,0831.png,0.10000000149011612,U-TGV (final),DEAL (official pretrained),PSNR,-1.1134586334228516
div2k/0832.png/sigma_0.100,div2k,0832.png,0.10000000149011612,U-TGV (final),DEAL (official pretrained),PSNR,-0.9052600860595703
div2k/0833.png/sigma_0.100,div2k,0833.png,0.10000000149011612,U-TGV (final),DEAL (official pretrained),PSNR,-2.430065155029297
div2k/0834.png/sigma_0.100,div2k,0834.png,0.10000000149011612,U-TGV (final),DEAL (official pretrained),PSNR,-0.7540321350097656
div2k/0835.png/sigma_0.100,div2k,0835.png,0.10000000149011612,U-TGV (final),DEAL (official pretrained),PSNR,-0.5435600280761719
div2k/0836.png/sigma_0.100,div2k,0836.png,0.10000000149011612,U-TGV (final),DEAL (official pretrained),PSNR,-1.9257087707519531
div2k/0837.png/sigma_0.100,div2k,0837.png,0.10000000149011612,U-TGV (final),DEAL (official pretrained),PSNR,-0.9570446014404261
div2k/0838.png/sigma_0.100,div2k,0838.png,0.10000000149011612,U-TGV (final),DEAL (official pretrained),PSNR,-1.1341361999511719
div2k/0839.png/sigma_0.100,div2k,0839.png,0.10000000149011612,U-TGV (final),DEAL (official pretrained),PSNR,-0.46835327148437145
div2k/0840.png/sigma_0.100,div2k,0840.png,0.10000000149011612,U-TGV (final),DEAL (official pretrained),PSNR,-0.5594692230224609
div2k/0841.png/sigma_0.100,div2k,0841.png,0.10000000149011612,U-TGV (final),DEAL (official pretrained),PSNR,-0.7867507934570312
div2k/0842.png/sigma_0.100,div2k,0842.png,0.10000000149011612,U-TGV (final),DEAL (official pretrained),PSNR,-0.6806678771972656
div2k/0843.png/sigma_0.100,div2k,0843.png,0.10000000149011612,U-TGV (final),DEAL (official pretrained),PSNR,-1.3888988494873047
div2k/0844.png/sigma_0.100,div2k,0844.png,0.10000000149011612,U-TGV (final),DEAL (official pretrained),PSNR,-0.9388484954833984
div2k/0845.png/sigma_0.100,div2k,0845.png,0.10000000149011612,U-TGV (final),DEAL (official pretrained),PSNR,-2.4293994903564453
div2k/0846.png/sigma_0.100,div2k,0846.png,0.10000000149011612,U-TGV (final),DEAL (official pretrained),PSNR,-1.9123973846435547
div2k/0847.png/sigma_0.100,div2k,0847.png,0.10000000149011612,U-TGV (final),DEAL (official pretrained),PSNR,-1.3418521881103516
div2k/0848.png/sigma_0.100,div2k,0848.png,0.10000000149011612,U-TGV (final),DEAL (official pretrained),PSNR,-1.3833389282226562
div2k/0849.png/sigma_0.100,div2k,0849.png,0.10000000149011612,U-TGV (final),DEAL (official pretrained),PSNR,-0.8117694854736328
div2k/0850.png/sigma_0.100,div2k,0850.png,0.10000000149011612,U-TGV (final),DEAL (official pretrained),PSNR,-1.0299110412597656
div2k/0851.png/sigma_0.100,div2k,0851.png,0.10000000149011612,U-TGV (final),DEAL (official pretrained),PSNR,-1.1459693908691406
div2k/0852.png/sigma_0.100,div2k,0852.png,0.10000000149011612,U-TGV (final),DEAL (official pretrained),PSNR,0.282501220703125
div2k/0853.png/sigma_0.100,div2k,0853.png,0.10000000149011612,U-TGV (final),DEAL (official pretrained),PSNR,-0.9910392761230469
div2k/0854.png/sigma_0.100,div2k,0854.png,0.10000000149011612,U-TGV (final),DEAL (official pretrained),PSNR,-1.1644935607910156
div2k/0855.png/sigma_0.100,div2k,0855.png,0.10000000149011612,U-TGV (final),DEAL (official pretrained),PSNR,-1.0408210754394531
div2k/0856.png/sigma_0.100,div2k,0856.png,0.10000000149011612,U-TGV (final),DEAL (official pretrained),PSNR,-0.6507301330566406
div2k/0857.png/sigma_0.100,div2k,0857.png,0.10000000149011612,U-TGV (final),DEAL (official pretrained),PSNR,-1.2211589813232422
div2k/0858.png/sigma_0.100,div2k,0858.png,0.10000000149011612,U-TGV (final),DEAL (official pretrained),PSNR,-0.17983627319335938
div2k/0859.png/sigma_0.100,div2k,0859.png,0.10000000149011612,U-TGV (final),DEAL (official pretrained),PSNR,-0.6174736022949183
div2k/0860.png/sigma_0.100,div2k,0860.png,0.10000000149011612,U-TGV (final),DEAL (official pretrained),PSNR,-0.5013484954833984
div2k/0861.png/sigma_0.100,div2k,0861.png,0.10000000149011612,U-TGV (final),DEAL (official pretrained),PSNR,-0.7158241271972656
div2k/0862.png/sigma_0.100,div2k,0862.png,0.10000000149011612,U-TGV (final),DEAL (official pretrained),PSNR,-0.6593284606933594
div2k/0863.png/sigma_0.100,div2k,0863.png,0.10000000149011612,U-TGV (final),DEAL (official pretrained),PSNR,-0.8399295806884766
div2k/0864.png/sigma_0.100,div2k,0864.png,0.10000000149011612,U-TGV (final),DEAL (official pretrained),PSNR,-0.7663478851318359
div2k/0865.png/sigma_0.100,div2k,0865.png,0.10000000149011612,U-TGV (final),DEAL (official pretrained),PSNR,-0.8564052581787145
div2k/0866.png/sigma_0.100,div2k,0866.png,0.10000000149011612,U-TGV (final),DEAL (official pretrained),PSNR,-0.8556976318359375
div2k/0867.png/sigma_0.100,div2k,0867.png,0.10000000149011612,U-TGV (final),DEAL (official pretrained),PSNR,-1.9698810577392543
div2k/0868.png/sigma_0.100,div2k,0868.png,0.10000000149011612,U-TGV (final),DEAL (official pretrained),PSNR,-2.0547542572021484
div2k/0869.png/sigma_0.100,div2k,0869.png,0.10000000149011612,U-TGV (final),DEAL (official pretrained),PSNR,-0.6711502075195312
div2k/0870.png/sigma_0.100,div2k,0870.png,0.10000000149011612,U-TGV (final),DEAL (official pretrained),PSNR,-0.6009559631347656
div2k/0871.png/sigma_0.100,div2k,0871.png,0.10000000149011612,U-TGV (final),DEAL (official pretrained),PSNR,-0.8734321594238281
div2k/0872.png/sigma_0.100,div2k,0872.png,0.10000000149011612,U-TGV (final),DEAL (official pretrained),PSNR,-0.9382839202880859
div2k/0873.png/sigma_0.100,div2k,0873.png,0.10000000149011612,U-TGV (final),DEAL (official pretrained),PSNR,-0.6542930603027308
div2k/0874.png/sigma_0.100,div2k,0874.png,0.10000000149011612,U-TGV (final),DEAL (official pretrained),PSNR,-0.7849349975585938
div2k/0875.png/sigma_0.100,div2k,0875.png,0.10000000149011612,U-TGV (final),DEAL (official pretrained),PSNR,-1.0048294067382812
div2k/0876.png/sigma_0.100,div2k,0876.png,0.10000000149011612,U-TGV (final),DEAL (official pretrained),PSNR,-0.4122524261474574
div2k/0877.png/sigma_0.100,div2k,0877.png,0.10000000149011612,U-TGV (final),DEAL (official pretrained),PSNR,-0.7484664916992188
div2k/0878.png/sigma_0.100,div2k,0878.png,0.10000000149011612,U-TGV (final),DEAL (official pretrained),PSNR,-1.1289520263671875
div2k/0879.png/sigma_0.100,div2k,0879.png,0.10000000149011612,U-TGV (final),DEAL (official pretrained),PSNR,-1.3416004180908203
div2k/0880.png/sigma_0.100,div2k,0880.png,0.10000000149011612,U-TGV (final),DEAL (official pretrained),PSNR,-0.6259517669677734
div2k/0881.png/sigma_0.100,div2k,0881.png,0.10000000149011612,U-TGV (final),DEAL (official pretrained),PSNR,-0.8567466735839844
div2k/0882.png/sigma_0.100,div2k,0882.png,0.10000000149011612,U-TGV (final),DEAL (official pretrained),PSNR,-1.3781909942626953
div2k/0883.png/sigma_0.100,div2k,0883.png,0.10000000149011612,U-TGV (final),DEAL (official pretrained),PSNR,-0.6455612182617188
div2k/0884.png/sigma_0.100,div2k,0884.png,0.10000000149011612,U-TGV (final),DEAL (official pretrained),PSNR,-1.1927833557128906
div2k/0885.png/sigma_0.100,div2k,0885.png,0.10000000149011612,U-TGV (final),DEAL (official pretrained),PSNR,-2.113622665405277
div2k/0886.png/sigma_0.100,div2k,0886.png,0.10000000149011612,U-TGV (final),DEAL (official pretrained),PSNR,-1.0177154541015625
div2k/0887.png/sigma_0.100,div2k,0887.png,0.10000000149011612,U-TGV (final),DEAL (official pretrained),PSNR,-0.6690177917480469
div2k/0888.png/sigma_0.100,div2k,0888.png,0.10000000149011612,U-TGV (final),DEAL (official pretrained),PSNR,-1.2250843048095703
div2k/0889.png/sigma_0.100,div2k,0889.png,0.10000000149011612,U-TGV (final),DEAL (official pretrained),PSNR,-0.828033447265625
div2k/0890.png/sigma_0.100,div2k,0890.png,0.10000000149011612,U-TGV (final),DEAL (official pretrained),PSNR,-0.7361259460449219
div2k/0891.png/sigma_0.100,div2k,0891.png,0.10000000149011612,U-TGV (final),DEAL (official pretrained),PSNR,-2.0497817993164062
div2k/0892.png/sigma_0.100,div2k,0892.png,0.10000000149011612,U-TGV (final),DEAL (official pretrained),PSNR,-1.6133804321289062
div2k/0893.png/sigma_0.100,div2k,0893.png,0.10000000149011612,U-TGV (final),DEAL (official pretrained),PSNR,-1.4660224914550746
div2k/0894.png/sigma_0.100,div2k,0894.png,0.10000000149011612,U-TGV (final),DEAL (official pretrained),PSNR,-1.2866592407226562
div2k/0895.png/sigma_0.100,div2k,0895.png,0.10000000149011612,U-TGV (final),DEAL (official pretrained),PSNR,-0.8941307067871058
div2k/0896.png/sigma_0.100,div2k,0896.png,0.10000000149011612,U-TGV (final),DEAL (official pretrained),PSNR,-2.1025562286376953
div2k/0897.png/sigma_0.100,div2k,0897.png,0.10000000149011612,U-TGV (final),DEAL (official pretrained),PSNR,-1.5887622833251953
div2k/0898.png/sigma_0.100,div2k,0898.png,0.10000000149011612,U-TGV (final),DEAL (official pretrained),PSNR,-0.8130092620849609
div2k/0899.png/sigma_0.100,div2k,0899.png,0.10000000149011612,U-TGV (final),DEAL (official pretrained),PSNR,-1.751394271850586
div2k/0900.png/sigma_0.100,div2k,0900.png,0.10000000149011612,U-TGV (final),DEAL (official pretrained),PSNR,-1.096017837524414
div2k/0801.png/sigma_0.100,div2k,0801.png,0.10000000149011612,U-TGV (final),DEAL (official pretrained),SSIM,-0.017093420028686523
div2k/0802.png/sigma_0.100,div2k,0802.png,0.10000000149011612,U-TGV (final),DEAL (official pretrained),SSIM,-0.010422587394714244
div2k/0803.png/sigma_0.100,div2k,0803.png,0.10000000149011612,U-TGV (final),DEAL (official pretrained),SSIM,-0.020740985870361328
div2k/0804.png/sigma_0.100,div2k,0804.png,0.10000000149011612,U-TGV (final),DEAL (official pretrained),SSIM,-0.019483089447021484
div2k/0805.png/sigma_0.100,div2k,0805.png,0.10000000149011612,U-TGV (final),DEAL (official pretrained),SSIM,-0.006987273693084717
div2k/0806.png/sigma_0.100,div2k,0806.png,0.10000000149011612,U-TGV (final),DEAL (official pretrained),SSIM,-0.014551460742950328
div2k/0807.png/sigma_0.100,div2k,0807.png,0.10000000149011612,U-TGV (final),DEAL (official pretrained),SSIM,-0.02130734920501709
div2k/0808.png/sigma_0.100,div2k,0808.png,0.10000000149011612,U-TGV (final),DEAL (official pretrained),SSIM,-0.02108377218246471
div2k/0809.png/sigma_0.100,div2k,0809.png,0.10000000149011612,U-TGV (final),DEAL (official pretrained),SSIM,-0.014994382858276367
div2k/0810.png/sigma_0.100,div2k,0810.png,0.10000000149011612,U-TGV (final),DEAL (official pretrained),SSIM,-0.012865900993347168
div2k/0811.png/sigma_0.100,div2k,0811.png,0.10000000149011612,U-TGV (final),DEAL (official pretrained),SSIM,-0.003024578094482422
div2k/0812.png/sigma_0.100,div2k,0812.png,0.10000000149011612,U-TGV (final),DEAL (official pretrained),SSIM,-0.02815788984298706
div2k/0813.png/sigma_0.100,div2k,0813.png,0.10000000149011612,U-TGV (final),DEAL (official pretrained),SSIM,-0.023447155952453613
div2k/0814.png/sigma_0.100,div2k,0814.png,0.10000000149011612,U-TGV (final),DEAL (official pretrained),SSIM,-0.035506248474121094
div2k/0815.png/sigma_0.100,div2k,0815.png,0.10000000149011612,U-TGV (final),DEAL (official pretrained),SSIM,-0.011928319931030273
div2k/0816.png/sigma_0.100,div2k,0816.png,0.10000000149011612,U-TGV (final),DEAL (official pretrained),SSIM,-0.025444388389587402
div2k/0817.png/sigma_0.100,div2k,0817.png,0.10000000149011612,U-TGV (final),DEAL (official pretrained),SSIM,-0.026136040687561035
div2k/0818.png/sigma_0.100,div2k,0818.png,0.10000000149011612,U-TGV (final),DEAL (official pretrained),SSIM,-0.015000700950622448
div2k/0819.png/sigma_0.100,div2k,0819.png,0.10000000149011612,U-TGV (final),DEAL (official pretrained),SSIM,-0.01884019374847412
div2k/0820.png/sigma_0.100,div2k,0820.png,0.10000000149011612,U-TGV (final),DEAL (official pretrained),SSIM,-0.047281622886657715
div2k/0821.png/sigma_0.100,div2k,0821.png,0.10000000149011612,U-TGV (final),DEAL (official pretrained),SSIM,-0.03779304027557384
div2k/0822.png/sigma_0.100,div2k,0822.png,0.10000000149011612,U-TGV (final),DEAL (official pretrained),SSIM,-0.028326332569122314
div2k/0823.png/sigma_0.100,div2k,0823.png,0.10000000149011612,U-TGV (final),DEAL (official pretrained),SSIM,-0.022999346256256215
div2k/0824.png/sigma_0.100,div2k,0824.png,0.10000000149011612,U-TGV (final),DEAL (official pretrained),SSIM,-0.029921412467956543
div2k/0825.png/sigma_0.100,div2k,0825.png,0.10000000149011612,U-TGV (final),DEAL (official pretrained),SSIM,-0.02911698818206787
div2k/0826.png/sigma_0.100,div2k,0826.png,0.10000000149011612,U-TGV (final),DEAL (official pretrained),SSIM,-0.03252774477005016
div2k/0827.png/sigma_0.100,div2k,0827.png,0.10000000149011612,U-TGV (final),DEAL (official pretrained),SSIM,-0.0023519396781921387
div2k/0828.png/sigma_0.100,div2k,0828.png,0.10000000149011612,U-TGV (final),DEAL (official pretrained),SSIM,-0.10682594776153564
div2k/0829.png/sigma_0.100,div2k,0829.png,0.10000000149011612,U-TGV (final),DEAL (official pretrained),SSIM,-0.019331514835357666
div2k/0830.png/sigma_0.100,div2k,0830.png,0.10000000149011612,U-TGV (final),DEAL (official pretrained),SSIM,-0.03467172384262085
div2k/0831.png/sigma_0.100,div2k,0831.png,0.10000000149011612,U-TGV (final),DEAL (official pretrained),SSIM,-0.02291250228881836
div2k/0832.png/sigma_0.100,div2k,0832.png,0.10000000149011612,U-TGV (final),DEAL (official pretrained),SSIM,-0.017243504524230846
div2k/0833.png/sigma_0.100,div2k,0833.png,0.10000000149011612,U-TGV (final),DEAL (official pretrained),SSIM,-0.035472869873046875
div2k/0834.png/sigma_0.100,div2k,0834.png,0.10000000149011612,U-TGV (final),DEAL (official pretrained),SSIM,-0.008138000965118408
div2k/0835.png/sigma_0.100,div2k,0835.png,0.10000000149011612,U-TGV (final),DEAL (official pretrained),SSIM,-0.021905243396759033
div2k/0836.png/sigma_0.100,div2k,0836.png,0.10000000149011612,U-TGV (final),DEAL (official pretrained),SSIM,-0.03740185499191284
div2k/0837.png/sigma_0.100,div2k,0837.png,0.10000000149011612,U-TGV (final),DEAL (official pretrained),SSIM,-0.018492400646209606
div2k/0838.png/sigma_0.100,div2k,0838.png,0.10000000149011612,U-TGV (final),DEAL (official pretrained),SSIM,-0.016290128231048695
div2k/0839.png/sigma_0.100,div2k,0839.png,0.10000000149011612,U-TGV (final),DEAL (official pretrained),SSIM,-0.018016278743743896
div2k/0840.png/sigma_0.100,div2k,0840.png,0.10000000149011612,U-TGV (final),DEAL (official pretrained),SSIM,-0.013067007064819336
div2k/0841.png/sigma_0.100,div2k,0841.png,0.10000000149011612,U-TGV (final),DEAL (official pretrained),SSIM,-0.01562279462814331
div2k/0842.png/sigma_0.100,div2k,0842.png,0.10000000149011612,U-TGV (final),DEAL (official pretrained),SSIM,-0.0061882734298706055
div2k/0843.png/sigma_0.100,div2k,0843.png,0.10000000149011612,U-TGV (final),DEAL (official pretrained),SSIM,-0.028073906898498535
div2k/0844.png/sigma_0.100,div2k,0844.png,0.10000000149011612,U-TGV (final),DEAL (official pretrained),SSIM,-0.010625600814819336
div2k/0845.png/sigma_0.100,div2k,0845.png,0.10000000149011612,U-TGV (final),DEAL (official pretrained),SSIM,-0.052042245864868275
div2k/0846.png/sigma_0.100,div2k,0846.png,0.10000000149011612,U-TGV (final),DEAL (official pretrained),SSIM,-0.042667388916015625
div2k/0847.png/sigma_0.100,div2k,0847.png,0.10000000149011612,U-TGV (final),DEAL (official pretrained),SSIM,-0.023690879344940075
div2k/0848.png/sigma_0.100,div2k,0848.png,0.10000000149011612,U-TGV (final),DEAL (official pretrained),SSIM,-0.02063918113708496
div2k/0849.png/sigma_0.100,div2k,0849.png,0.10000000149011612,U-TGV (final),DEAL (official pretrained),SSIM,-0.015864014625549316
div2k/0850.png/sigma_0.100,div2k,0850.png,0.10000000149011612,U-TGV (final),DEAL (official pretrained),SSIM,-0.024584174156188965
div2k/0851.png/sigma_0.100,div2k,0851.png,0.10000000149011612,U-TGV (final),DEAL (official pretrained),SSIM,-0.028952360153198353
div2k/0852.png/sigma_0.100,div2k,0852.png,0.10000000149011612,U-TGV (final),DEAL (official pretrained),SSIM,0.03973871469497681
div2k/0853.png/sigma_0.100,div2k,0853.png,0.10000000149011612,U-TGV (final),DEAL (official pretrained),SSIM,-0.02724844217300415
div2k/0854.png/sigma_0.100,div2k,0854.png,0.10000000149011612,U-TGV (final),DEAL (official pretrained),SSIM,-0.03448498249053955
div2k/0855.png/sigma_0.100,div2k,0855.png,0.10000000149011612,U-TGV (final),DEAL (official pretrained),SSIM,-0.019331634044647217
div2k/0856.png/sigma_0.100,div2k,0856.png,0.10000000149011612,U-TGV (final),DEAL (official pretrained),SSIM,-0.03633207082748413
div2k/0857.png/sigma_0.100,div2k,0857.png,0.10000000149011612,U-TGV (final),DEAL (official pretrained),SSIM,-0.0130745768547057
div2k/0858.png/sigma_0.100,div2k,0858.png,0.10000000149011612,U-TGV (final),DEAL (official pretrained),SSIM,0.013992905616760254
div2k/0859.png/sigma_0.100,div2k,0859.png,0.10000000149011612,U-TGV (final),DEAL (official pretrained),SSIM,-0.02664494514465332
div2k/0860.png/sigma_0.100,div2k,0860.png,0.10000000149011612,U-TGV (final),DEAL (official pretrained),SSIM,-0.017881274223327637
div2k/0861.png/sigma_0.100,div2k,0861.png,0.10000000149011612,U-TGV (final),DEAL (official pretrained),SSIM,0.009702742099761963
div2k/0862.png/sigma_0.100,div2k,0862.png,0.10000000149011612,U-TGV (final),DEAL (official pretrained),SSIM,-0.017776966094970703
div2k/0863.png/sigma_0.100,div2k,0863.png,0.10000000149011612,U-TGV (final),DEAL (official pretrained),SSIM,-0.022268891334533802
div2k/0864.png/sigma_0.100,div2k,0864.png,0.10000000149011612,U-TGV (final),DEAL (official pretrained),SSIM,-0.022351443767547607
div2k/0865.png/sigma_0.100,div2k,0865.png,0.10000000149011612,U-TGV (final),DEAL (official pretrained),SSIM,-0.018512845039367676
div2k/0866.png/sigma_0.100,div2k,0866.png,0.10000000149011612,U-TGV (final),DEAL (official pretrained),SSIM,-0.02265244722366333
div2k/0867.png/sigma_0.100,div2k,0867.png,0.10000000149011612,U-TGV (final),DEAL (official pretrained),SSIM,-0.04092776775360096
div2k/0868.png/sigma_0.100,div2k,0868.png,0.10000000149011612,U-TGV (final),DEAL (official pretrained),SSIM,-0.04030263423919678
div2k/0869.png/sigma_0.100,div2k,0869.png,0.10000000149011612,U-TGV (final),DEAL (official pretrained),SSIM,-0.018851816654205322
div2k/0870.png/sigma_0.100,div2k,0870.png,0.10000000149011612,U-TGV (final),DEAL (official pretrained),SSIM,-0.022519052028656006
div2k/0871.png/sigma_0.100,div2k,0871.png,0.10000000149011612,U-TGV (final),DEAL (official pretrained),SSIM,-0.018895983695983887
div2k/0872.png/sigma_0.100,div2k,0872.png,0.10000000149011612,U-TGV (final),DEAL (official pretrained),SSIM,-0.021333456039428822
div2k/0873.png/sigma_0.100,div2k,0873.png,0.10000000149011612,U-TGV (final),DEAL (official pretrained),SSIM,-0.025594711303710938
div2k/0874.png/sigma_0.100,div2k,0874.png,0.10000000149011612,U-TGV (final),DEAL (official pretrained),SSIM,-0.027956247329711914
div2k/0875.png/sigma_0.100,div2k,0875.png,0.10000000149011612,U-TGV (final),DEAL (official pretrained),SSIM,-0.017957627773285023
div2k/0876.png/sigma_0.100,div2k,0876.png,0.10000000149011612,U-TGV (final),DEAL (official pretrained),SSIM,-0.003931522369384766
div2k/0877.png/sigma_0.100,div2k,0877.png,0.10000000149011612,U-TGV (final),DEAL (official pretrained),SSIM,-0.010881900787353516
div2k/0878.png/sigma_0.100,div2k,0878.png,0.10000000149011612,U-TGV (final),DEAL (official pretrained),SSIM,-0.03297138214111317
div2k/0879.png/sigma_0.100,div2k,0879.png,0.10000000149011612,U-TGV (final),DEAL (official pretrained),SSIM,-0.02935999631881714
div2k/0880.png/sigma_0.100,div2k,0880.png,0.10000000149011612,U-TGV (final),DEAL (official pretrained),SSIM,-0.020028769969940075
div2k/0881.png/sigma_0.100,div2k,0881.png,0.10000000149011612,U-TGV (final),DEAL (official pretrained),SSIM,-0.019128084182739258
div2k/0882.png/sigma_0.100,div2k,0882.png,0.10000000149011612,U-TGV (final),DEAL (official pretrained),SSIM,-0.015345513820648193
div2k/0883.png/sigma_0.100,div2k,0883.png,0.10000000149011612,U-TGV (final),DEAL (official pretrained),SSIM,-0.01522761583328247
div2k/0884.png/sigma_0.100,div2k,0884.png,0.10000000149011612,U-TGV (final),DEAL (official pretrained),SSIM,-0.030555665493011586
div2k/0885.png/sigma_0.100,div2k,0885.png,0.10000000149011612,U-TGV (final),DEAL (official pretrained),SSIM,-0.08489429950714111
div2k/0886.png/sigma_0.100,div2k,0886.png,0.10000000149011612,U-TGV (final),DEAL (official pretrained),SSIM,-0.008250117301941029
div2k/0887.png/sigma_0.100,div2k,0887.png,0.10000000149011612,U-TGV (final),DEAL (official pretrained),SSIM,-0.014887690544128418
div2k/0888.png/sigma_0.100,div2k,0888.png,0.10000000149011612,U-TGV (final),DEAL (official pretrained),SSIM,-0.020920634269714244
div2k/0889.png/sigma_0.100,div2k,0889.png,0.10000000149011612,U-TGV (final),DEAL (official pretrained),SSIM,-0.015204787254333496
div2k/0890.png/sigma_0.100,div2k,0890.png,0.10000000149011612,U-TGV (final),DEAL (official pretrained),SSIM,-0.0323309302330016
div2k/0891.png/sigma_0.100,div2k,0891.png,0.10000000149011612,U-TGV (final),DEAL (official pretrained),SSIM,-0.04065912961959839
div2k/0892.png/sigma_0.100,div2k,0892.png,0.10000000149011612,U-TGV (final),DEAL (official pretrained),SSIM,-0.03579550981521595
div2k/0893.png/sigma_0.100,div2k,0893.png,0.10000000149011612,U-TGV (final),DEAL (official pretrained),SSIM,-0.020560801029205322
div2k/0894.png/sigma_0.100,div2k,0894.png,0.10000000149011612,U-TGV (final),DEAL (official pretrained),SSIM,-0.03913557529449463
div2k/0895.png/sigma_0.100,div2k,0895.png,0.10000000149011612,U-TGV (final),DEAL (official pretrained),SSIM,-0.04143732786178589
div2k/0896.png/sigma_0.100,div2k,0896.png,0.10000000149011612,U-TGV (final),DEAL (official pretrained),SSIM,-0.029909253120422363
div2k/0897.png/sigma_0.100,div2k,0897.png,0.10000000149011612,U-TGV (final),DEAL (official pretrained),SSIM,-0.0239577293395995
div2k/0898.png/sigma_0.100,div2k,0898.png,0.10000000149011612,U-TGV (final),DEAL (official pretrained),SSIM,-0.03209412097930919
div2k/0899.png/sigma_0.100,div2k,0899.png,0.10000000149011612,U-TGV (final),DEAL (official pretrained),SSIM,-0.03166341781616211
div2k/0900.png/sigma_0.100,div2k,0900.png,0.10000000149011612,U-TGV (final),DEAL (official pretrained),SSIM,-0.015914082527160645
div2k/0801.png/sigma_0.100,div2k,0801.png,0.10000000149011612,U-Tikhonov T16/CG32 (final),DEAL (official pretrained),PSNR,-0.5413112640380859
div2k/0802.png/sigma_0.100,div2k,0802.png,0.10000000149011612,U-Tikhonov T16/CG32 (final),DEAL (official pretrained),PSNR,-1.7573490142822266
div2k/0803.png/sigma_0.100,div2k,0803.png,0.10000000149011612,U-Tikhonov T16/CG32 (final),DEAL (official pretrained),PSNR,-1.8555164337158203
div2k/0804.png/sigma_0.100,div2k,0804.png,0.10000000149011612,U-Tikhonov T16/CG32 (final),DEAL (official pretrained),PSNR,-1.0906658172607422
div2k/0805.png/sigma_0.100,div2k,0805.png,0.10000000149011612,U-Tikhonov T16/CG32 (final),DEAL (official pretrained),PSNR,-0.594573974609375
div2k/0806.png/sigma_0.100,div2k,0806.png,0.10000000149011612,U-Tikhonov T16/CG32 (final),DEAL (official pretrained),PSNR,-0.9549350738525391
div2k/0807.png/sigma_0.100,div2k,0807.png,0.10000000149011612,U-Tikhonov T16/CG32 (final),DEAL (official pretrained),PSNR,-0.5848808288574219
div2k/0808.png/sigma_0.100,div2k,0808.png,0.10000000149011612,U-Tikhonov T16/CG32 (final),DEAL (official pretrained),PSNR,-1.032297134399414
div2k/0809.png/sigma_0.100,div2k,0809.png,0.10000000149011612,U-Tikhonov T16/CG32 (final),DEAL (official pretrained),PSNR,-0.4610633850097656
div2k/0810.png/sigma_0.100,div2k,0810.png,0.10000000149011612,U-Tikhonov T16/CG32 (final),DEAL (official pretrained),PSNR,-0.4760704040527344
div2k/0811.png/sigma_0.100,div2k,0811.png,0.10000000149011612,U-Tikhonov T16/CG32 (final),DEAL (official pretrained),PSNR,-0.38450050354003906
div2k/0812.png/sigma_0.100,div2k,0812.png,0.10000000149011612,U-Tikhonov T16/CG32 (final),DEAL (official pretrained),PSNR,-1.9394950866699219
div2k/0813.png/sigma_0.100,div2k,0813.png,0.10000000149011612,U-Tikhonov T16/CG32 (final),DEAL (official pretrained),PSNR,-1.277444839477539
div2k/0814.png/sigma_0.100,div2k,0814.png,0.10000000149011612,U-Tikhonov T16/CG32 (final),DEAL (official pretrained),PSNR,-1.0858612060546875
div2k/0815.png/sigma_0.100,div2k,0815.png,0.10000000149011612,U-Tikhonov T16/CG32 (final),DEAL (official pretrained),PSNR,-0.8085174560546875
div2k/0816.png/sigma_0.100,div2k,0816.png,0.10000000149011612,U-Tikhonov T16/CG32 (final),DEAL (official pretrained),PSNR,-1.021738052368164
div2k/0817.png/sigma_0.100,div2k,0817.png,0.10000000149011612,U-Tikhonov T16/CG32 (final),DEAL (official pretrained),PSNR,-0.7565517425537109
div2k/0818.png/sigma_0.100,div2k,0818.png,0.10000000149011612,U-Tikhonov T16/CG32 (final),DEAL (official pretrained),PSNR,-1.0848674774169957
div2k/0819.png/sigma_0.100,div2k,0819.png,0.10000000149011612,U-Tikhonov T16/CG32 (final),DEAL (official pretrained),PSNR,-0.5984573364257812
div2k/0820.png/sigma_0.100,div2k,0820.png,0.10000000149011612,U-Tikhonov T16/CG32 (final),DEAL (official pretrained),PSNR,-2.2069530487060547
div2k/0821.png/sigma_0.100,div2k,0821.png,0.10000000149011612,U-Tikhonov T16/CG32 (final),DEAL (official pretrained),PSNR,-3.0836181640625
div2k/0822.png/sigma_0.100,div2k,0822.png,0.10000000149011612,U-Tikhonov T16/CG32 (final),DEAL (official pretrained),PSNR,-0.9241352081298828
div2k/0823.png/sigma_0.100,div2k,0823.png,0.10000000149011612,U-Tikhonov T16/CG32 (final),DEAL (official pretrained),PSNR,-0.7708148956298828
div2k/0824.png/sigma_0.100,div2k,0824.png,0.10000000149011612,U-Tikhonov T16/CG32 (final),DEAL (official pretrained),PSNR,-2.0895957946777344
div2k/0825.png/sigma_0.100,div2k,0825.png,0.10000000149011612,U-Tikhonov T16/CG32 (final),DEAL (official pretrained),PSNR,-1.3490009307861364
div2k/0826.png/sigma_0.100,div2k,0826.png,0.10000000149011612,U-Tikhonov T16/CG32 (final),DEAL (official pretrained),PSNR,-1.4153404235839844
div2k/0827.png/sigma_0.100,div2k,0827.png,0.10000000149011612,U-Tikhonov T16/CG32 (final),DEAL (official pretrained),PSNR,-0.6855621337890625
div2k/0828.png/sigma_0.100,div2k,0828.png,0.10000000149011612,U-Tikhonov T16/CG32 (final),DEAL (official pretrained),PSNR,-4.2249298095703125
div2k/0829.png/sigma_0.100,div2k,0829.png,0.10000000149011612,U-Tikhonov T16/CG32 (final),DEAL (official pretrained),PSNR,-1.4134159088134766
div2k/0830.png/sigma_0.100,div2k,0830.png,0.10000000149011612,U-Tikhonov T16/CG32 (final),DEAL (official pretrained),PSNR,-1.4009399414062464
div2k/0831.png/sigma_0.100,div2k,0831.png,0.10000000149011612,U-Tikhonov T16/CG32 (final),DEAL (official pretrained),PSNR,-1.3161659240722656
div2k/0832.png/sigma_0.100,div2k,0832.png,0.10000000149011612,U-Tikhonov T16/CG32 (final),DEAL (official pretrained),PSNR,-1.0373783111572266
div2k/0833.png/sigma_0.100,div2k,0833.png,0.10000000149011612,U-Tikhonov T16/CG32 (final),DEAL (official pretrained),PSNR,-3.077869415283203
div2k/0834.png/sigma_0.100,div2k,0834.png,0.10000000149011612,U-Tikhonov T16/CG32 (final),DEAL (official pretrained),PSNR,-0.7729759216308594
div2k/0835.png/sigma_0.100,div2k,0835.png,0.10000000149011612,U-Tikhonov T16/CG32 (final),DEAL (official pretrained),PSNR,-0.6530113220214844
div2k/0836.png/sigma_0.100,div2k,0836.png,0.10000000149011612,U-Tikhonov T16/CG32 (final),DEAL (official pretrained),PSNR,-2.240955352783203
div2k/0837.png/sigma_0.100,div2k,0837.png,0.10000000149011612,U-Tikhonov T16/CG32 (final),DEAL (official pretrained),PSNR,-1.0522747039794886
div2k/0838.png/sigma_0.100,div2k,0838.png,0.10000000149011612,U-Tikhonov T16/CG32 (final),DEAL (official pretrained),PSNR,-1.3946666717529297
div2k/0839.png/sigma_0.100,div2k,0839.png,0.10000000149011612,U-Tikhonov T16/CG32 (final),DEAL (official pretrained),PSNR,-0.4948482513427699
div2k/0840.png/sigma_0.100,div2k,0840.png,0.10000000149011612,U-Tikhonov T16/CG32 (final),DEAL (official pretrained),PSNR,-0.6050682067871094
div2k/0841.png/sigma_0.100,div2k,0841.png,0.10000000149011612,U-Tikhonov T16/CG32 (final),DEAL (official pretrained),PSNR,-0.8101463317871094
div2k/0842.png/sigma_0.100,div2k,0842.png,0.10000000149011612,U-Tikhonov T16/CG32 (final),DEAL (official pretrained),PSNR,-0.8634548187255859
div2k/0843.png/sigma_0.100,div2k,0843.png,0.10000000149011612,U-Tikhonov T16/CG32 (final),DEAL (official pretrained),PSNR,-1.311819076538086
div2k/0844.png/sigma_0.100,div2k,0844.png,0.10000000149011612,U-Tikhonov T16/CG32 (final),DEAL (official pretrained),PSNR,-0.8807258605957031
div2k/0845.png/sigma_0.100,div2k,0845.png,0.10000000149011612,U-Tikhonov T16/CG32 (final),DEAL (official pretrained),PSNR,-2.4824981689453125
div2k/0846.png/sigma_0.100,div2k,0846.png,0.10000000149011612,U-Tikhonov T16/CG32 (final),DEAL (official pretrained),PSNR,-2.072397232055664
div2k/0847.png/sigma_0.100,div2k,0847.png,0.10000000149011612,U-Tikhonov T16/CG32 (final),DEAL (official pretrained),PSNR,-1.510702133178711
div2k/0848.png/sigma_0.100,div2k,0848.png,0.10000000149011612,U-Tikhonov T16/CG32 (final),DEAL (official pretrained),PSNR,-1.5778427124023438
div2k/0849.png/sigma_0.100,div2k,0849.png,0.10000000149011612,U-Tikhonov T16/CG32 (final),DEAL (official pretrained),PSNR,-0.8373622894287109
div2k/0850.png/sigma_0.100,div2k,0850.png,0.10000000149011612,U-Tikhonov T16/CG32 (final),DEAL (official pretrained),PSNR,-1.065023422241211
div2k/0851.png/sigma_0.100,div2k,0851.png,0.10000000149011612,U-Tikhonov T16/CG32 (final),DEAL (official pretrained),PSNR,-1.1664085388183594
div2k/0852.png/sigma_0.100,div2k,0852.png,0.10000000149011612,U-Tikhonov T16/CG32 (final),DEAL (official pretrained),PSNR,0.2780647277832031
div2k/0853.png/sigma_0.100,div2k,0853.png,0.10000000149011612,U-Tikhonov T16/CG32 (final),DEAL (official pretrained),PSNR,-0.9416561126708984
div2k/0854.png/sigma_0.100,div2k,0854.png,0.10000000149011612,U-Tikhonov T16/CG32 (final),DEAL (official pretrained),PSNR,-1.25396728515625
div2k/0855.png/sigma_0.100,div2k,0855.png,0.10000000149011612,U-Tikhonov T16/CG32 (final),DEAL (official pretrained),PSNR,-1.1239147186279297
div2k/0856.png/sigma_0.100,div2k,0856.png,0.10000000149011612,U-Tikhonov T16/CG32 (final),DEAL (official pretrained),PSNR,-0.5961685180664062
div2k/0857.png/sigma_0.100,div2k,0857.png,0.10000000149011612,U-Tikhonov T16/CG32 (final),DEAL (official pretrained),PSNR,-1.3438072204589844
div2k/0858.png/sigma_0.100,div2k,0858.png,0.10000000149011612,U-Tikhonov T16/CG32 (final),DEAL (official pretrained),PSNR,-0.2099781036376953
div2k/0859.png/sigma_0.100,div2k,0859.png,0.10000000149011612,U-Tikhonov T16/CG32 (final),DEAL (official pretrained),PSNR,-0.6393547058105433
div2k/0860.png/sigma_0.100,div2k,0860.png,0.10000000149011612,U-Tikhonov T16/CG32 (final),DEAL (official pretrained),PSNR,-0.5759449005126953
div2k/0861.png/sigma_0.100,div2k,0861.png,0.10000000149011612,U-Tikhonov T16/CG32 (final),DEAL (official pretrained),PSNR,-0.8096485137939453
div2k/0862.png/sigma_0.100,div2k,0862.png,0.10000000149011612,U-Tikhonov T16/CG32 (final),DEAL (official pretrained),PSNR,-0.49448394775390625
div2k/0863.png/sigma_0.100,div2k,0863.png,0.10000000149011612,U-Tikhonov T16/CG32 (final),DEAL (official pretrained),PSNR,-0.9737491607666016
div2k/0864.png/sigma_0.100,div2k,0864.png,0.10000000149011612,U-Tikhonov T16/CG32 (final),DEAL (official pretrained),PSNR,-0.8261184692382812
div2k/0865.png/sigma_0.100,div2k,0865.png,0.10000000149011612,U-Tikhonov T16/CG32 (final),DEAL (official pretrained),PSNR,-0.9309806823730504
div2k/0866.png/sigma_0.100,div2k,0866.png,0.10000000149011612,U-Tikhonov T16/CG32 (final),DEAL (official pretrained),PSNR,-1.042806625366211
div2k/0867.png/sigma_0.100,div2k,0867.png,0.10000000149011612,U-Tikhonov T16/CG32 (final),DEAL (official pretrained),PSNR,-2.1523208618164027
div2k/0868.png/sigma_0.100,div2k,0868.png,0.10000000149011612,U-Tikhonov T16/CG32 (final),DEAL (official pretrained),PSNR,-1.8647346496582031
div2k/0869.png/sigma_0.100,div2k,0869.png,0.10000000149011612,U-Tikhonov T16/CG32 (final),DEAL (official pretrained),PSNR,-0.7867622375488281
div2k/0870.png/sigma_0.100,div2k,0870.png,0.10000000149011612,U-Tikhonov T16/CG32 (final),DEAL (official pretrained),PSNR,-0.6394691467285156
div2k/0871.png/sigma_0.100,div2k,0871.png,0.10000000149011612,U-Tikhonov T16/CG32 (final),DEAL (official pretrained),PSNR,-1.0205059051513672
div2k/0872.png/sigma_0.100,div2k,0872.png,0.10000000149011612,U-Tikhonov T16/CG32 (final),DEAL (official pretrained),PSNR,-0.9980030059814453
div2k/0873.png/sigma_0.100,div2k,0873.png,0.10000000149011612,U-Tikhonov T16/CG32 (final),DEAL (official pretrained),PSNR,-0.6784420013427699
div2k/0874.png/sigma_0.100,div2k,0874.png,0.10000000149011612,U-Tikhonov T16/CG32 (final),DEAL (official pretrained),PSNR,-0.8888416290283203
div2k/0875.png/sigma_0.100,div2k,0875.png,0.10000000149011612,U-Tikhonov T16/CG32 (final),DEAL (official pretrained),PSNR,-1.129425048828125
div2k/0876.png/sigma_0.100,div2k,0876.png,0.10000000149011612,U-Tikhonov T16/CG32 (final),DEAL (official pretrained),PSNR,-0.45930671691894176
div2k/0877.png/sigma_0.100,div2k,0877.png,0.10000000149011612,U-Tikhonov T16/CG32 (final),DEAL (official pretrained),PSNR,-0.7428989410400391
div2k/0878.png/sigma_0.100,div2k,0878.png,0.10000000149011612,U-Tikhonov T16/CG32 (final),DEAL (official pretrained),PSNR,-1.2588825225830078
div2k/0879.png/sigma_0.100,div2k,0879.png,0.10000000149011612,U-Tikhonov T16/CG32 (final),DEAL (official pretrained),PSNR,-1.4005184173583984
div2k/0880.png/sigma_0.100,div2k,0880.png,0.10000000149011612,U-Tikhonov T16/CG32 (final),DEAL (official pretrained),PSNR,-0.6350345611572266
div2k/0881.png/sigma_0.100,div2k,0881.png,0.10000000149011612,U-Tikhonov T16/CG32 (final),DEAL (official pretrained),PSNR,-0.8353061676025391
div2k/0882.png/sigma_0.100,div2k,0882.png,0.10000000149011612,U-Tikhonov T16/CG32 (final),DEAL (official pretrained),PSNR,-1.6302032470703125
div2k/0883.png/sigma_0.100,div2k,0883.png,0.10000000149011612,U-Tikhonov T16/CG32 (final),DEAL (official pretrained),PSNR,-0.7235946655273438
div2k/0884.png/sigma_0.100,div2k,0884.png,0.10000000149011612,U-Tikhonov T16/CG32 (final),DEAL (official pretrained),PSNR,-1.2548103332519531
div2k/0885.png/sigma_0.100,div2k,0885.png,0.10000000149011612,U-Tikhonov T16/CG32 (final),DEAL (official pretrained),PSNR,-2.2711391448974645
div2k/0886.png/sigma_0.100,div2k,0886.png,0.10000000149011612,U-Tikhonov T16/CG32 (final),DEAL (official pretrained),PSNR,-1.3966484069824219
div2k/0887.png/sigma_0.100,div2k,0887.png,0.10000000149011612,U-Tikhonov T16/CG32 (final),DEAL (official pretrained),PSNR,-0.7679290771484375
div2k/0888.png/sigma_0.100,div2k,0888.png,0.10000000149011612,U-Tikhonov T16/CG32 (final),DEAL (official pretrained),PSNR,-1.4555244445800781
div2k/0889.png/sigma_0.100,div2k,0889.png,0.10000000149011612,U-Tikhonov T16/CG32 (final),DEAL (official pretrained),PSNR,-0.9503288269042969
div2k/0890.png/sigma_0.100,div2k,0890.png,0.10000000149011612,U-Tikhonov T16/CG32 (final),DEAL (official pretrained),PSNR,-0.5876560211181641
div2k/0891.png/sigma_0.100,div2k,0891.png,0.10000000149011612,U-Tikhonov T16/CG32 (final),DEAL (official pretrained),PSNR,-2.2114410400390625
div2k/0892.png/sigma_0.100,div2k,0892.png,0.10000000149011612,U-Tikhonov T16/CG32 (final),DEAL (official pretrained),PSNR,-1.6127948760986328
div2k/0893.png/sigma_0.100,div2k,0893.png,0.10000000149011612,U-Tikhonov T16/CG32 (final),DEAL (official pretrained),PSNR,-1.5249900817871058
div2k/0894.png/sigma_0.100,div2k,0894.png,0.10000000149011612,U-Tikhonov T16/CG32 (final),DEAL (official pretrained),PSNR,-1.2515335083007812
div2k/0895.png/sigma_0.100,div2k,0895.png,0.10000000149011612,U-Tikhonov T16/CG32 (final),DEAL (official pretrained),PSNR,-0.8298168182373011
div2k/0896.png/sigma_0.100,div2k,0896.png,0.10000000149011612,U-Tikhonov T16/CG32 (final),DEAL (official pretrained),PSNR,-2.2779998779296875
div2k/0897.png/sigma_0.100,div2k,0897.png,0.10000000149011612,U-Tikhonov T16/CG32 (final),DEAL (official pretrained),PSNR,-1.9862251281738281
div2k/0898.png/sigma_0.100,div2k,0898.png,0.10000000149011612,U-Tikhonov T16/CG32 (final),DEAL (official pretrained),PSNR,-0.7100887298583984
div2k/0899.png/sigma_0.100,div2k,0899.png,0.10000000149011612,U-Tikhonov T16/CG32 (final),DEAL (official pretrained),PSNR,-1.8504924774169922
div2k/0900.png/sigma_0.100,div2k,0900.png,0.10000000149011612,U-Tikhonov T16/CG32 (final),DEAL (official pretrained),PSNR,-1.4318065643310547
div2k/0801.png/sigma_0.100,div2k,0801.png,0.10000000149011612,U-Tikhonov T16/CG32 (final),DEAL (official pretrained),SSIM,-0.02001863718032837
div2k/0802.png/sigma_0.100,div2k,0802.png,0.10000000149011612,U-Tikhonov T16/CG32 (final),DEAL (official pretrained),SSIM,-0.018079280853271373
div2k/0803.png/sigma_0.100,div2k,0803.png,0.10000000149011612,U-Tikhonov T16/CG32 (final),DEAL (official pretrained),SSIM,-0.025134503841400146
div2k/0804.png/sigma_0.100,div2k,0804.png,0.10000000149011612,U-Tikhonov T16/CG32 (final),DEAL (official pretrained),SSIM,-0.022573649883270264
div2k/0805.png/sigma_0.100,div2k,0805.png,0.10000000149011612,U-Tikhonov T16/CG32 (final),DEAL (official pretrained),SSIM,-0.014707982540130615
div2k/0806.png/sigma_0.100,div2k,0806.png,0.10000000149011612,U-Tikhonov T16/CG32 (final),DEAL (official pretrained),SSIM,-0.01791560649871815
div2k/0807.png/sigma_0.100,div2k,0807.png,0.10000000149011612,U-Tikhonov T16/CG32 (final),DEAL (official pretrained),SSIM,-0.023505985736846924
div2k/0808.png/sigma_0.100,div2k,0808.png,0.10000000149011612,U-Tikhonov T16/CG32 (final),DEAL (official pretrained),SSIM,-0.015443742275238148
div2k/0809.png/sigma_0.100,div2k,0809.png,0.10000000149011612,U-Tikhonov T16/CG32 (final),DEAL (official pretrained),SSIM,-0.01871323585510254
div2k/0810.png/sigma_0.100,div2k,0810.png,0.10000000149011612,U-Tikhonov T16/CG32 (final),DEAL (official pretrained),SSIM,-0.019499897956848145
div2k/0811.png/sigma_0.100,div2k,0811.png,0.10000000149011612,U-Tikhonov T16/CG32 (final),DEAL (official pretrained),SSIM,-0.010605275630950928
div2k/0812.png/sigma_0.100,div2k,0812.png,0.10000000149011612,U-Tikhonov T16/CG32 (final),DEAL (official pretrained),SSIM,-0.030261576175689697
div2k/0813.png/sigma_0.100,div2k,0813.png,0.10000000149011612,U-Tikhonov T16/CG32 (final),DEAL (official pretrained),SSIM,-0.029020965099334717
div2k/0814.png/sigma_0.100,div2k,0814.png,0.10000000149011612,U-Tikhonov T16/CG32 (final),DEAL (official pretrained),SSIM,-0.01398998498916626
div2k/0815.png/sigma_0.100,div2k,0815.png,0.10000000149011612,U-Tikhonov T16/CG32 (final),DEAL (official pretrained),SSIM,-0.017684578895568848
div2k/0816.png/sigma_0.100,div2k,0816.png,0.10000000149011612,U-Tikhonov T16/CG32 (final),DEAL (official pretrained),SSIM,-0.026926636695861816
div2k/0817.png/sigma_0.100,div2k,0817.png,0.10000000149011612,U-Tikhonov T16/CG32 (final),DEAL (official pretrained),SSIM,-0.0232275128364563
div2k/0818.png/sigma_0.100,div2k,0818.png,0.10000000149011612,U-Tikhonov T16/CG32 (final),DEAL (official pretrained),SSIM,-0.017426848411559948
div2k/0819.png/sigma_0.100,div2k,0819.png,0.10000000149011612,U-Tikhonov T16/CG32 (final),DEAL (official pretrained),SSIM,-0.024265289306640625
div2k/0820.png/sigma_0.100,div2k,0820.png,0.10000000149011612,U-Tikhonov T16/CG32 (final),DEAL (official pretrained),SSIM,-0.05577880144119263
div2k/0821.png/sigma_0.100,div2k,0821.png,0.10000000149011612,U-Tikhonov T16/CG32 (final),DEAL (official pretrained),SSIM,-0.036244213581085316
div2k/0822.png/sigma_0.100,div2k,0822.png,0.10000000149011612,U-Tikhonov T16/CG32 (final),DEAL (official pretrained),SSIM,-0.0339357852935791
div2k/0823.png/sigma_0.100,div2k,0823.png,0.10000000149011612,U-Tikhonov T16/CG32 (final),DEAL (official pretrained),SSIM,-0.012388825416565052
div2k/0824.png/sigma_0.100,div2k,0824.png,0.10000000149011612,U-Tikhonov T16/CG32 (final),DEAL (official pretrained),SSIM,-0.033769190311431885
div2k/0825.png/sigma_0.100,div2k,0825.png,0.10000000149011612,U-Tikhonov T16/CG32 (final),DEAL (official pretrained),SSIM,-0.03296816349029541
div2k/0826.png/sigma_0.100,div2k,0826.png,0.10000000149011612,U-Tikhonov T16/CG32 (final),DEAL (official pretrained),SSIM,-0.02769923210144054
div2k/0827.png/sigma_0.100,div2k,0827.png,0.10000000149011612,U-Tikhonov T16/CG32 (final),DEAL (official pretrained),SSIM,-0.0017531514167785645
div2k/0828.png/sigma_0.100,div2k,0828.png,0.10000000149011612,U-Tikhonov T16/CG32 (final),DEAL (official pretrained),SSIM,-0.09598648548126221
div2k/0829.png/sigma_0.100,div2k,0829.png,0.10000000149011612,U-Tikhonov T16/CG32 (final),DEAL (official pretrained),SSIM,-0.020382583141326904
div2k/0830.png/sigma_0.100,div2k,0830.png,0.10000000149011612,U-Tikhonov T16/CG32 (final),DEAL (official pretrained),SSIM,-0.03505140542984009
div2k/0831.png/sigma_0.100,div2k,0831.png,0.10000000149011612,U-Tikhonov T16/CG32 (final),DEAL (official pretrained),SSIM,-0.02868974208831787
div2k/0832.png/sigma_0.100,div2k,0832.png,0.10000000149011612,U-Tikhonov T16/CG32 (final),DEAL (official pretrained),SSIM,-0.0229089856147765
div2k/0833.png/sigma_0.100,div2k,0833.png,0.10000000149011612,U-Tikhonov T16/CG32 (final),DEAL (official pretrained),SSIM,-0.029428541660308838
div2k/0834.png/sigma_0.100,div2k,0834.png,0.10000000149011612,U-Tikhonov T16/CG32 (final),DEAL (official pretrained),SSIM,-0.008958637714385986
div2k/0835.png/sigma_0.100,div2k,0835.png,0.10000000149011612,U-Tikhonov T16/CG32 (final),DEAL (official pretrained),SSIM,-0.028675854206085205
div2k/0836.png/sigma_0.100,div2k,0836.png,0.10000000149011612,U-Tikhonov T16/CG32 (final),DEAL (official pretrained),SSIM,-0.04010528326034546
div2k/0837.png/sigma_0.100,div2k,0837.png,0.10000000149011612,U-Tikhonov T16/CG32 (final),DEAL (official pretrained),SSIM,-0.022742271423339733
div2k/0838.png/sigma_0.100,div2k,0838.png,0.10000000149011612,U-Tikhonov T16/CG32 (final),DEAL (official pretrained),SSIM,-0.016518712043762318
div2k/0839.png/sigma_0.100,div2k,0839.png,0.10000000149011612,U-Tikhonov T16/CG32 (final),DEAL (official pretrained),SSIM,-0.021191656589508057
div2k/0840.png/sigma_0.100,div2k,0840.png,0.10000000149011612,U-Tikhonov T16/CG32 (final),DEAL (official pretrained),SSIM,-0.018794000148773193
div2k/0841.png/sigma_0.100,div2k,0841.png,0.10000000149011612,U-Tikhonov T16/CG32 (final),DEAL (official pretrained),SSIM,-0.017477869987487793
div2k/0842.png/sigma_0.100,div2k,0842.png,0.10000000149011612,U-Tikhonov T16/CG32 (final),DEAL (official pretrained),SSIM,-0.014779508113861084
div2k/0843.png/sigma_0.100,div2k,0843.png,0.10000000149011612,U-Tikhonov T16/CG32 (final),DEAL (official pretrained),SSIM,-0.005837917327880859
div2k/0844.png/sigma_0.100,div2k,0844.png,0.10000000149011612,U-Tikhonov T16/CG32 (final),DEAL (official pretrained),SSIM,-0.009330153465270996
div2k/0845.png/sigma_0.100,div2k,0845.png,0.10000000149011612,U-Tikhonov T16/CG32 (final),DEAL (official pretrained),SSIM,-0.052979111671447865
div2k/0846.png/sigma_0.100,div2k,0846.png,0.10000000149011612,U-Tikhonov T16/CG32 (final),DEAL (official pretrained),SSIM,-0.043776750564575195
div2k/0847.png/sigma_0.100,div2k,0847.png,0.10000000149011612,U-Tikhonov T16/CG32 (final),DEAL (official pretrained),SSIM,-0.02627331018447865
div2k/0848.png/sigma_0.100,div2k,0848.png,0.10000000149011612,U-Tikhonov T16/CG32 (final),DEAL (official pretrained),SSIM,-0.024461746215820312
div2k/0849.png/sigma_0.100,div2k,0849.png,0.10000000149011612,U-Tikhonov T16/CG32 (final),DEAL (official pretrained),SSIM,-0.018483877182006836
div2k/0850.png/sigma_0.100,div2k,0850.png,0.10000000149011612,U-Tikhonov T16/CG32 (final),DEAL (official pretrained),SSIM,-0.028083384037017822
div2k/0851.png/sigma_0.100,div2k,0851.png,0.10000000149011612,U-Tikhonov T16/CG32 (final),DEAL (official pretrained),SSIM,-0.014048039913177601
div2k/0852.png/sigma_0.100,div2k,0852.png,0.10000000149011612,U-Tikhonov T16/CG32 (final),DEAL (official pretrained),SSIM,0.03741908073425293
div2k/0853.png/sigma_0.100,div2k,0853.png,0.10000000149011612,U-Tikhonov T16/CG32 (final),DEAL (official pretrained),SSIM,-0.01679205894470215
div2k/0854.png/sigma_0.100,div2k,0854.png,0.10000000149011612,U-Tikhonov T16/CG32 (final),DEAL (official pretrained),SSIM,-0.029679954051971436
div2k/0855.png/sigma_0.100,div2k,0855.png,0.10000000149011612,U-Tikhonov T16/CG32 (final),DEAL (official pretrained),SSIM,-0.02472829818725586
div2k/0856.png/sigma_0.100,div2k,0856.png,0.10000000149011612,U-Tikhonov T16/CG32 (final),DEAL (official pretrained),SSIM,-0.04032629728317261
div2k/0857.png/sigma_0.100,div2k,0857.png,0.10000000149011612,U-Tikhonov T16/CG32 (final),DEAL (official pretrained),SSIM,-0.01634937524795521
div2k/0858.png/sigma_0.100,div2k,0858.png,0.10000000149011612,U-Tikhonov T16/CG32 (final),DEAL (official pretrained),SSIM,0.008532166481018066
div2k/0859.png/sigma_0.100,div2k,0859.png,0.10000000149011612,U-Tikhonov T16/CG32 (final),DEAL (official pretrained),SSIM,-0.029676496982574463
div2k/0860.png/sigma_0.100,div2k,0860.png,0.10000000149011612,U-Tikhonov T16/CG32 (final),DEAL (official pretrained),SSIM,-0.02393925189971924
div2k/0861.png/sigma_0.100,div2k,0861.png,0.10000000149011612,U-Tikhonov T16/CG32 (final),DEAL (official pretrained),SSIM,0.005502581596374512
div2k/0862.png/sigma_0.100,div2k,0862.png,0.10000000149011612,U-Tikhonov T16/CG32 (final),DEAL (official pretrained),SSIM,-0.009481191635131836
div2k/0863.png/sigma_0.100,div2k,0863.png,0.10000000149011612,U-Tikhonov T16/CG32 (final),DEAL (official pretrained),SSIM,-0.018470346927642933
div2k/0864.png/sigma_0.100,div2k,0864.png,0.10000000149011612,U-Tikhonov T16/CG32 (final),DEAL (official pretrained),SSIM,-0.027103006839752197
div2k/0865.png/sigma_0.100,div2k,0865.png,0.10000000149011612,U-Tikhonov T16/CG32 (final),DEAL (official pretrained),SSIM,-0.021213054656982422
div2k/0866.png/sigma_0.100,div2k,0866.png,0.10000000149011612,U-Tikhonov T16/CG32 (final),DEAL (official pretrained),SSIM,-0.029160678386688232
div2k/0867.png/sigma_0.100,div2k,0867.png,0.10000000149011612,U-Tikhonov T16/CG32 (final),DEAL (official pretrained),SSIM,-0.04623812437057484
div2k/0868.png/sigma_0.100,div2k,0868.png,0.10000000149011612,U-Tikhonov T16/CG32 (final),DEAL (official pretrained),SSIM,-0.014177381992340088
div2k/0869.png/sigma_0.100,div2k,0869.png,0.10000000149011612,U-Tikhonov T16/CG32 (final),DEAL (official pretrained),SSIM,-0.017666518688201904
div2k/0870.png/sigma_0.100,div2k,0870.png,0.10000000149011612,U-Tikhonov T16/CG32 (final),DEAL (official pretrained),SSIM,-0.028346896171569824
div2k/0871.png/sigma_0.100,div2k,0871.png,0.10000000149011612,U-Tikhonov T16/CG32 (final),DEAL (official pretrained),SSIM,-0.023526430130004883
div2k/0872.png/sigma_0.100,div2k,0872.png,0.10000000149011612,U-Tikhonov T16/CG32 (final),DEAL (official pretrained),SSIM,-0.024445414543151966
div2k/0873.png/sigma_0.100,div2k,0873.png,0.10000000149011612,U-Tikhonov T16/CG32 (final),DEAL (official pretrained),SSIM,-0.02519160509109497
div2k/0874.png/sigma_0.100,div2k,0874.png,0.10000000149011612,U-Tikhonov T16/CG32 (final),DEAL (official pretrained),SSIM,-0.03524130582809448
div2k/0875.png/sigma_0.100,div2k,0875.png,0.10000000149011612,U-Tikhonov T16/CG32 (final),DEAL (official pretrained),SSIM,-0.022744238376617543
div2k/0876.png/sigma_0.100,div2k,0876.png,0.10000000149011612,U-Tikhonov T16/CG32 (final),DEAL (official pretrained),SSIM,-0.00879824161529541
div2k/0877.png/sigma_0.100,div2k,0877.png,0.10000000149011612,U-Tikhonov T16/CG32 (final),DEAL (official pretrained),SSIM,-0.01020801067352295
div2k/0878.png/sigma_0.100,div2k,0878.png,0.10000000149011612,U-Tikhonov T16/CG32 (final),DEAL (official pretrained),SSIM,-0.03707444667816151
div2k/0879.png/sigma_0.100,div2k,0879.png,0.10000000149011612,U-Tikhonov T16/CG32 (final),DEAL (official pretrained),SSIM,-0.013372719287872314
div2k/0880.png/sigma_0.100,div2k,0880.png,0.10000000149011612,U-Tikhonov T16/CG32 (final),DEAL (official pretrained),SSIM,-0.008947312831878551
div2k/0881.png/sigma_0.100,div2k,0881.png,0.10000000149011612,U-Tikhonov T16/CG32 (final),DEAL (official pretrained),SSIM,-0.01941758394241333
div2k/0882.png/sigma_0.100,div2k,0882.png,0.10000000149011612,U-Tikhonov T16/CG32 (final),DEAL (official pretrained),SSIM,-0.018096745014190674
div2k/0883.png/sigma_0.100,div2k,0883.png,0.10000000149011612,U-Tikhonov T16/CG32 (final),DEAL (official pretrained),SSIM,-0.016721665859222412
div2k/0884.png/sigma_0.100,div2k,0884.png,0.10000000149011612,U-Tikhonov T16/CG32 (final),DEAL (official pretrained),SSIM,-0.03483909368515026
div2k/0885.png/sigma_0.100,div2k,0885.png,0.10000000149011612,U-Tikhonov T16/CG32 (final),DEAL (official pretrained),SSIM,-0.09285998344421387
div2k/0886.png/sigma_0.100,div2k,0886.png,0.10000000149011612,U-Tikhonov T16/CG32 (final),DEAL (official pretrained),SSIM,-0.01829671859741222
div2k/0887.png/sigma_0.100,div2k,0887.png,0.10000000149011612,U-Tikhonov T16/CG32 (final),DEAL (official pretrained),SSIM,-0.014096260070800781
div2k/0888.png/sigma_0.100,div2k,0888.png,0.10000000149011612,U-Tikhonov T16/CG32 (final),DEAL (official pretrained),SSIM,-0.02640402317047108
div2k/0889.png/sigma_0.100,div2k,0889.png,0.10000000149011612,U-Tikhonov T16/CG32 (final),DEAL (official pretrained),SSIM,-0.018848657608032227
div2k/0890.png/sigma_0.100,div2k,0890.png,0.10000000149011612,U-Tikhonov T16/CG32 (final),DEAL (official pretrained),SSIM,-0.016139447689056285
div2k/0891.png/sigma_0.100,div2k,0891.png,0.10000000149011612,U-Tikhonov T16/CG32 (final),DEAL (official pretrained),SSIM,-0.04556316137313843
div2k/0892.png/sigma_0.100,div2k,0892.png,0.10000000149011612,U-Tikhonov T16/CG32 (final),DEAL (official pretrained),SSIM,-0.03878235816955555
div2k/0893.png/sigma_0.100,div2k,0893.png,0.10000000149011612,U-Tikhonov T16/CG32 (final),DEAL (official pretrained),SSIM,-0.020707368850708008
div2k/0894.png/sigma_0.100,div2k,0894.png,0.10000000149011612,U-Tikhonov T16/CG32 (final),DEAL (official pretrained),SSIM,-0.038990139961242676
div2k/0895.png/sigma_0.100,div2k,0895.png,0.10000000149011612,U-Tikhonov T16/CG32 (final),DEAL (official pretrained),SSIM,-0.0429496169090271
div2k/0896.png/sigma_0.100,div2k,0896.png,0.10000000149011612,U-Tikhonov T16/CG32 (final),DEAL (official pretrained),SSIM,-0.016190826892852783
div2k/0897.png/sigma_0.100,div2k,0897.png,0.10000000149011612,U-Tikhonov T16/CG32 (final),DEAL (official pretrained),SSIM,-0.0238586664199828
div2k/0898.png/sigma_0.100,div2k,0898.png,0.10000000149011612,U-Tikhonov T16/CG32 (final),DEAL (official pretrained),SSIM,-0.005538165569305531
div2k/0899.png/sigma_0.100,div2k,0899.png,0.10000000149011612,U-Tikhonov T16/CG32 (final),DEAL (official pretrained),SSIM,-0.037263333797454834
div2k/0900.png/sigma_0.100,div2k,0900.png,0.10000000149011612,U-Tikhonov T16/CG32 (final),DEAL (official pretrained),SSIM,-0.025158166885375977
div2k/0801.png/sigma_0.150,div2k,0801.png,0.15000000596046448,U-TV (final),DEAL (official pretrained),PSNR,-0.4941825866699219
div2k/0802.png/sigma_0.150,div2k,0802.png,0.15000000596046448,U-TV (final),DEAL (official pretrained),PSNR,-1.5650863647460938
div2k/0803.png/sigma_0.150,div2k,0803.png,0.15000000596046448,U-TV (final),DEAL (official pretrained),PSNR,-1.6900787353515625
div2k/0804.png/sigma_0.150,div2k,0804.png,0.15000000596046448,U-TV (final),DEAL (official pretrained),PSNR,-1.054803848266598
div2k/0805.png/sigma_0.150,div2k,0805.png,0.15000000596046448,U-TV (final),DEAL (official pretrained),PSNR,-0.5642910003662109
div2k/0806.png/sigma_0.150,div2k,0806.png,0.15000000596046448,U-TV (final),DEAL (official pretrained),PSNR,-0.9090709686279297
div2k/0807.png/sigma_0.150,div2k,0807.png,0.15000000596046448,U-TV (final),DEAL (official pretrained),PSNR,-0.36568450927734375
div2k/0808.png/sigma_0.150,div2k,0808.png,0.15000000596046448,U-TV (final),DEAL (official pretrained),PSNR,-0.9584808349609375
div2k/0809.png/sigma_0.150,div2k,0809.png,0.15000000596046448,U-TV (final),DEAL (official pretrained),PSNR,-0.43390464782714844
div2k/0810.png/sigma_0.150,div2k,0810.png,0.15000000596046448,U-TV (final),DEAL (official pretrained),PSNR,-0.4165363311767578
div2k/0811.png/sigma_0.150,div2k,0811.png,0.15000000596046448,U-TV (final),DEAL (official pretrained),PSNR,-0.1564617156982422
div2k/0812.png/sigma_0.150,div2k,0812.png,0.15000000596046448,U-TV (final),DEAL (official pretrained),PSNR,-1.7098445892333984
div2k/0813.png/sigma_0.150,div2k,0813.png,0.15000000596046448,U-TV (final),DEAL (official pretrained),PSNR,-1.0176067352294922
div2k/0814.png/sigma_0.150,div2k,0814.png,0.15000000596046448,U-TV (final),DEAL (official pretrained),PSNR,-1.1683692932128906
div2k/0815.png/sigma_0.150,div2k,0815.png,0.15000000596046448,U-TV (final),DEAL (official pretrained),PSNR,-0.7621097564697266
div2k/0816.png/sigma_0.150,div2k,0816.png,0.15000000596046448,U-TV (final),DEAL (official pretrained),PSNR,-0.9499931335449219
div2k/0817.png/sigma_0.150,div2k,0817.png,0.15000000596046448,U-TV (final),DEAL (official pretrained),PSNR,-0.6641178131103516
div2k/0818.png/sigma_0.150,div2k,0818.png,0.15000000596046448,U-TV (final),DEAL (official pretrained),PSNR,-1.0253467559814453
div2k/0819.png/sigma_0.150,div2k,0819.png,0.15000000596046448,U-TV (final),DEAL (official pretrained),PSNR,-0.5457191467285156
div2k/0820.png/sigma_0.150,div2k,0820.png,0.15000000596046448,U-TV (final),DEAL (official pretrained),PSNR,-1.8445796966552734
div2k/0821.png/sigma_0.150,div2k,0821.png,0.15000000596046448,U-TV (final),DEAL (official pretrained),PSNR,-2.9295082092285156
div2k/0822.png/sigma_0.150,div2k,0822.png,0.15000000596046448,U-TV (final),DEAL (official pretrained),PSNR,-0.6294040679931641
div2k/0823.png/sigma_0.150,div2k,0823.png,0.15000000596046448,U-TV (final),DEAL (official pretrained),PSNR,-0.5779323577880859
div2k/0824.png/sigma_0.150,div2k,0824.png,0.15000000596046448,U-TV (final),DEAL (official pretrained),PSNR,-1.9301109313964844
div2k/0825.png/sigma_0.150,div2k,0825.png,0.15000000596046448,U-TV (final),DEAL (official pretrained),PSNR,-1.2528858184814453
div2k/0826.png/sigma_0.150,div2k,0826.png,0.15000000596046448,U-TV (final),DEAL (official pretrained),PSNR,-1.4139251708984375
div2k/0827.png/sigma_0.150,div2k,0827.png,0.15000000596046448,U-TV (final),DEAL (official pretrained),PSNR,-0.2824840545654297
div2k/0828.png/sigma_0.150,div2k,0828.png,0.15000000596046448,U-TV (final),DEAL (official pretrained),PSNR,-3.1495895385742188
div2k/0829.png/sigma_0.150,div2k,0829.png,0.15000000596046448,U-TV (final),DEAL (official pretrained),PSNR,-1.4633712768554723
div2k/0830.png/sigma_0.150,div2k,0830.png,0.15000000596046448,U-TV (final),DEAL (official pretrained),PSNR,-1.1974105834960938
div2k/0831.png/sigma_0.150,div2k,0831.png,0.15000000596046448,U-TV (final),DEAL (official pretrained),PSNR,-1.0320663452148438
div2k/0832.png/sigma_0.150,div2k,0832.png,0.15000000596046448,U-TV (final),DEAL (official pretrained),PSNR,-0.9090766906738317
div2k/0833.png/sigma_0.150,div2k,0833.png,0.15000000596046448,U-TV (final),DEAL (official pretrained),PSNR,-2.385477066040039
div2k/0834.png/sigma_0.150,div2k,0834.png,0.15000000596046448,U-TV (final),DEAL (official pretrained),PSNR,-0.7214775085449183
div2k/0835.png/sigma_0.150,div2k,0835.png,0.15000000596046448,U-TV (final),DEAL (official pretrained),PSNR,-0.5297451019287109
div2k/0836.png/sigma_0.150,div2k,0836.png,0.15000000596046448,U-TV (final),DEAL (official pretrained),PSNR,-1.838775634765625
div2k/0837.png/sigma_0.150,div2k,0837.png,0.15000000596046448,U-TV (final),DEAL (official pretrained),PSNR,-0.9600887298583984
div2k/0838.png/sigma_0.150,div2k,0838.png,0.15000000596046448,U-TV (final),DEAL (official pretrained),PSNR,-1.3983764648437536
div2k/0839.png/sigma_0.150,div2k,0839.png,0.15000000596046448,U-TV (final),DEAL (official pretrained),PSNR,-0.4200935363769531
div2k/0840.png/sigma_0.150,div2k,0840.png,0.15000000596046448,U-TV (final),DEAL (official pretrained),PSNR,-0.4878253936767578
div2k/0841.png/sigma_0.150,div2k,0841.png,0.15000000596046448,U-TV (final),DEAL (official pretrained),PSNR,-0.6269950866699183
div2k/0842.png/sigma_0.150,div2k,0842.png,0.15000000596046448,U-TV (final),DEAL (official pretrained),PSNR,-0.7385578155517543
div2k/0843.png/sigma_0.150,div2k,0843.png,0.15000000596046448,U-TV (final),DEAL (official pretrained),PSNR,-0.7373104095458984
div2k/0844.png/sigma_0.150,div2k,0844.png,0.15000000596046448,U-TV (final),DEAL (official pretrained),PSNR,-0.4421806335449219
div2k/0845.png/sigma_0.150,div2k,0845.png,0.15000000596046448,U-TV (final),DEAL (official pretrained),PSNR,-1.8954582214355504
div2k/0846.png/sigma_0.150,div2k,0846.png,0.15000000596046448,U-TV (final),DEAL (official pretrained),PSNR,-1.3405742645263636
div2k/0847.png/sigma_0.150,div2k,0847.png,0.15000000596046448,U-TV (final),DEAL (official pretrained),PSNR,-1.2958698272705078
div2k/0848.png/sigma_0.150,div2k,0848.png,0.15000000596046448,U-TV (final),DEAL (official pretrained),PSNR,-1.3267250061035156
div2k/0849.png/sigma_0.150,div2k,0849.png,0.15000000596046448,U-TV (final),DEAL (official pretrained),PSNR,-0.8696422576904297
div2k/0850.png/sigma_0.150,div2k,0850.png,0.15000000596046448,U-TV (final),DEAL (official pretrained),PSNR,-0.9154186248779297
div2k/0851.png/sigma_0.150,div2k,0851.png,0.15000000596046448,U-TV (final),DEAL (official pretrained),PSNR,-1.0513896942138672
div2k/0852.png/sigma_0.150,div2k,0852.png,0.15000000596046448,U-TV (final),DEAL (official pretrained),PSNR,0.26976776123046875
div2k/0853.png/sigma_0.150,div2k,0853.png,0.15000000596046448,U-TV (final),DEAL (official pretrained),PSNR,-0.6799793243408168
div2k/0854.png/sigma_0.150,div2k,0854.png,0.15000000596046448,U-TV (final),DEAL (official pretrained),PSNR,-1.2239246368408239
div2k/0855.png/sigma_0.150,div2k,0855.png,0.15000000596046448,U-TV (final),DEAL (official pretrained),PSNR,-0.9135780334472621
div2k/0856.png/sigma_0.150,div2k,0856.png,0.15000000596046448,U-TV (final),DEAL (official pretrained),PSNR,-0.2608776092529297
div2k/0857.png/sigma_0.150,div2k,0857.png,0.15000000596046448,U-TV (final),DEAL (official pretrained),PSNR,-1.5722999572753906
div2k/0858.png/sigma_0.150,div2k,0858.png,0.15000000596046448,U-TV (final),DEAL (official pretrained),PSNR,-0.04292488098144531
div2k/0859.png/sigma_0.150,div2k,0859.png,0.15000000596046448,U-TV (final),DEAL (official pretrained),PSNR,-0.696990966796875
div2k/0860.png/sigma_0.150,div2k,0860.png,0.15000000596046448,U-TV (final),DEAL (official pretrained),PSNR,-0.5017623901367188
div2k/0861.png/sigma_0.150,div2k,0861.png,0.15000000596046448,U-TV (final),DEAL (official pretrained),PSNR,-0.6281318664550781
div2k/0862.png/sigma_0.150,div2k,0862.png,0.15000000596046448,U-TV (final),DEAL (official pretrained),PSNR,-0.6364421844482422
div2k/0863.png/sigma_0.150,div2k,0863.png,0.15000000596046448,U-TV (final),DEAL (official pretrained),PSNR,-0.7736377716064453
div2k/0864.png/sigma_0.150,div2k,0864.png,0.15000000596046448,U-TV (final),DEAL (official pretrained),PSNR,-0.7420196533203125
div2k/0865.png/sigma_0.150,div2k,0865.png,0.15000000596046448,U-TV (final),DEAL (official pretrained),PSNR,-0.8643093109130859
div2k/0866.png/sigma_0.150,div2k,0866.png,0.15000000596046448,U-TV (final),DEAL (official pretrained),PSNR,-0.9066905975341797
div2k/0867.png/sigma_0.150,div2k,0867.png,0.15000000596046448,U-TV (final),DEAL (official pretrained),PSNR,-2.0211124420166016
div2k/0868.png/sigma_0.150,div2k,0868.png,0.15000000596046448,U-TV (final),DEAL (official pretrained),PSNR,-1.2883453369140625
div2k/0869.png/sigma_0.150,div2k,0869.png,0.15000000596046448,U-TV (final),DEAL (official pretrained),PSNR,-0.7173748016357422
div2k/0870.png/sigma_0.150,div2k,0870.png,0.15000000596046448,U-TV (final),DEAL (official pretrained),PSNR,-0.6220932006835938
div2k/0871.png/sigma_0.150,div2k,0871.png,0.15000000596046448,U-TV (final),DEAL (official pretrained),PSNR,-0.9884738922119141
div2k/0872.png/sigma_0.150,div2k,0872.png,0.15000000596046448,U-TV (final),DEAL (official pretrained),PSNR,-0.9503116607666016
div2k/0873.png/sigma_0.150,div2k,0873.png,0.15000000596046448,U-TV (final),DEAL (official pretrained),PSNR,-0.6211185455322266
div2k/0874.png/sigma_0.150,div2k,0874.png,0.15000000596046448,U-TV (final),DEAL (official pretrained),PSNR,-0.95135498046875
div2k/0875.png/sigma_0.150,div2k,0875.png,0.15000000596046448,U-TV (final),DEAL (official pretrained),PSNR,-1.0167083740234375
div2k/0876.png/sigma_0.150,div2k,0876.png,0.15000000596046448,U-TV (final),DEAL (official pretrained),PSNR,-0.2931499481201172
div2k/0877.png/sigma_0.150,div2k,0877.png,0.15000000596046448,U-TV (final),DEAL (official pretrained),PSNR,-0.4821510314941406
div2k/0878.png/sigma_0.150,div2k,0878.png,0.15000000596046448,U-TV (final),DEAL (official pretrained),PSNR,-1.0765228271484375
div2k/0879.png/sigma_0.150,div2k,0879.png,0.15000000596046448,U-TV (final),DEAL (official pretrained),PSNR,-1.3605079650878906
div2k/0880.png/sigma_0.150,div2k,0880.png,0.15000000596046448,U-TV (final),DEAL (official pretrained),PSNR,-0.64404296875
div2k/0881.png/sigma_0.150,div2k,0881.png,0.15000000596046448,U-TV (final),DEAL (official pretrained),PSNR,-0.8554115295410156
div2k/0882.png/sigma_0.150,div2k,0882.png,0.15000000596046448,U-TV (final),DEAL (official pretrained),PSNR,-1.4979057312011719
div2k/0883.png/sigma_0.150,div2k,0883.png,0.15000000596046448,U-TV (final),DEAL (official pretrained),PSNR,-0.7381649017333984
div2k/0884.png/sigma_0.150,div2k,0884.png,0.15000000596046448,U-TV (final),DEAL (official pretrained),PSNR,-1.1263599395751953
div2k/0885.png/sigma_0.150,div2k,0885.png,0.15000000596046448,U-TV (final),DEAL (official pretrained),PSNR,-2.0793094635009766
div2k/0886.png/sigma_0.150,div2k,0886.png,0.15000000596046448,U-TV (final),DEAL (official pretrained),PSNR,-1.1789684295654297
div2k/0887.png/sigma_0.150,div2k,0887.png,0.15000000596046448,U-TV (final),DEAL (official pretrained),PSNR,-0.6846504211425781
div2k/0888.png/sigma_0.150,div2k,0888.png,0.15000000596046448,U-TV (final),DEAL (official pretrained),PSNR,-1.2815284729003906
div2k/0889.png/sigma_0.150,div2k,0889.png,0.15000000596046448,U-TV (final),DEAL (official pretrained),PSNR,-0.8894367218017543
div2k/0890.png/sigma_0.150,div2k,0890.png,0.15000000596046448,U-TV (final),DEAL (official pretrained),PSNR,-0.5891494750976562
div2k/0891.png/sigma_0.150,div2k,0891.png,0.15000000596046448,U-TV (final),DEAL (official pretrained),PSNR,-1.9434986114501953
div2k/0892.png/sigma_0.150,div2k,0892.png,0.15000000596046448,U-TV (final),DEAL (official pretrained),PSNR,-1.5434284210205078
div2k/0893.png/sigma_0.150,div2k,0893.png,0.15000000596046448,U-TV (final),DEAL (official pretrained),PSNR,-1.2941417694091797
div2k/0894.png/sigma_0.150,div2k,0894.png,0.15000000596046448,U-TV (final),DEAL (official pretrained),PSNR,-0.8802375793457031
div2k/0895.png/sigma_0.150,div2k,0895.png,0.15000000596046448,U-TV (final),DEAL (official pretrained),PSNR,-0.8411903381347621
div2k/0896.png/sigma_0.150,div2k,0896.png,0.15000000596046448,U-TV (final),DEAL (official pretrained),PSNR,-1.589548110961914
div2k/0897.png/sigma_0.150,div2k,0897.png,0.15000000596046448,U-TV (final),DEAL (official pretrained),PSNR,-2.5569629669189453
div2k/0898.png/sigma_0.150,div2k,0898.png,0.15000000596046448,U-TV (final),DEAL (official pretrained),PSNR,-0.6959743499755859
div2k/0899.png/sigma_0.150,div2k,0899.png,0.15000000596046448,U-TV (final),DEAL (official pretrained),PSNR,-1.6454963684082031
div2k/0900.png/sigma_0.150,div2k,0900.png,0.15000000596046448,U-TV (final),DEAL (official pretrained),PSNR,-0.9526138305664062
div2k/0801.png/sigma_0.150,div2k,0801.png,0.15000000596046448,U-TV (final),DEAL (official pretrained),SSIM,-0.021483182907104492
div2k/0802.png/sigma_0.150,div2k,0802.png,0.15000000596046448,U-TV (final),DEAL (official pretrained),SSIM,-0.027220606803894154
div2k/0803.png/sigma_0.150,div2k,0803.png,0.15000000596046448,U-TV (final),DEAL (official pretrained),SSIM,-0.04044979810714722
div2k/0804.png/sigma_0.150,div2k,0804.png,0.15000000596046448,U-TV (final),DEAL (official pretrained),SSIM,-0.02699100971221924
div2k/0805.png/sigma_0.150,div2k,0805.png,0.15000000596046448,U-TV (final),DEAL (official pretrained),SSIM,-0.015171647071838379
div2k/0806.png/sigma_0.150,div2k,0806.png,0.15000000596046448,U-TV (final),DEAL (official pretrained),SSIM,-0.028068900108337402
div2k/0807.png/sigma_0.150,div2k,0807.png,0.15000000596046448,U-TV (final),DEAL (official pretrained),SSIM,-0.016021251678466797
div2k/0808.png/sigma_0.150,div2k,0808.png,0.15000000596046448,U-TV (final),DEAL (official pretrained),SSIM,-0.019657492637634277
div2k/0809.png/sigma_0.150,div2k,0809.png,0.15000000596046448,U-TV (final),DEAL (official pretrained),SSIM,-0.020789802074432373
div2k/0810.png/sigma_0.150,div2k,0810.png,0.15000000596046448,U-TV (final),DEAL (official pretrained),SSIM,-0.021061480045318604
div2k/0811.png/sigma_0.150,div2k,0811.png,0.15000000596046448,U-TV (final),DEAL (official pretrained),SSIM,0.008009076118469238
div2k/0812.png/sigma_0.150,div2k,0812.png,0.15000000596046448,U-TV (final),DEAL (official pretrained),SSIM,-0.033153235912323
div2k/0813.png/sigma_0.150,div2k,0813.png,0.15000000596046448,U-TV (final),DEAL (official pretrained),SSIM,-0.028305470943450928
div2k/0814.png/sigma_0.150,div2k,0814.png,0.15000000596046448,U-TV (final),DEAL (official pretrained),SSIM,-0.019455909729003795
div2k/0815.png/sigma_0.150,div2k,0815.png,0.15000000596046448,U-TV (final),DEAL (official pretrained),SSIM,-0.020397424697875977
div2k/0816.png/sigma_0.150,div2k,0816.png,0.15000000596046448,U-TV (final),DEAL (official pretrained),SSIM,-0.036638617515563965
div2k/0817.png/sigma_0.150,div2k,0817.png,0.15000000596046448,U-TV (final),DEAL (official pretrained),SSIM,-0.029349148273468018
div2k/0818.png/sigma_0.150,div2k,0818.png,0.15000000596046448,U-TV (final),DEAL (official pretrained),SSIM,-0.03214603662490845
div2k/0819.png/sigma_0.150,div2k,0819.png,0.15000000596046448,U-TV (final),DEAL (official pretrained),SSIM,-0.02749568223953247
div2k/0820.png/sigma_0.150,div2k,0820.png,0.15000000596046448,U-TV (final),DEAL (official pretrained),SSIM,-0.06848549842834473
div2k/0821.png/sigma_0.150,div2k,0821.png,0.15000000596046448,U-TV (final),DEAL (official pretrained),SSIM,-0.06890684366226207
div2k/0822.png/sigma_0.150,div2k,0822.png,0.15000000596046448,U-TV (final),DEAL (official pretrained),SSIM,-0.029703736305236816
div2k/0823.png/sigma_0.150,div2k,0823.png,0.15000000596046448,U-TV (final),DEAL (official pretrained),SSIM,-0.014078259468078613
div2k/0824.png/sigma_0.150,div2k,0824.png,0.15000000596046448,U-TV (final),DEAL (official pretrained),SSIM,-0.04522043466567993
div2k/0825.png/sigma_0.150,div2k,0825.png,0.15000000596046448,U-TV (final),DEAL (official pretrained),SSIM,-0.04449284076690674
div2k/0826.png/sigma_0.150,div2k,0826.png,0.15000000596046448,U-TV (final),DEAL (official pretrained),SSIM,-0.04312622547149658
div2k/0827.png/sigma_0.150,div2k,0827.png,0.15000000596046448,U-TV (final),DEAL (official pretrained),SSIM,0.011387228965759277
div2k/0828.png/sigma_0.150,div2k,0828.png,0.15000000596046448,U-TV (final),DEAL (official pretrained),SSIM,-0.13665658235549927
div2k/0829.png/sigma_0.150,div2k,0829.png,0.15000000596046448,U-TV (final),DEAL (official pretrained),SSIM,-0.03032475709915161
div2k/0830.png/sigma_0.150,div2k,0830.png,0.15000000596046448,U-TV (final),DEAL (official pretrained),SSIM,-0.04496890306472778
div2k/0831.png/sigma_0.150,div2k,0831.png,0.15000000596046448,U-TV (final),DEAL (official pretrained),SSIM,-0.034809887409210205
div2k/0832.png/sigma_0.150,div2k,0832.png,0.15000000596046448,U-TV (final),DEAL (official pretrained),SSIM,-0.028702139854431152
div2k/0833.png/sigma_0.150,div2k,0833.png,0.15000000596046448,U-TV (final),DEAL (official pretrained),SSIM,-0.04358816146850575
div2k/0834.png/sigma_0.150,div2k,0834.png,0.15000000596046448,U-TV (final),DEAL (official pretrained),SSIM,-0.0085068941116333
div2k/0835.png/sigma_0.150,div2k,0835.png,0.15000000596046448,U-TV (final),DEAL (official pretrained),SSIM,-0.02830803394317627
div2k/0836.png/sigma_0.150,div2k,0836.png,0.15000000596046448,U-TV (final),DEAL (official pretrained),SSIM,-0.05422013998031616
div2k/0837.png/sigma_0.150,div2k,0837.png,0.15000000596046448,U-TV (final),DEAL (official pretrained),SSIM,-0.02986276149749756
div2k/0838.png/sigma_0.150,div2k,0838.png,0.15000000596046448,U-TV (final),DEAL (official pretrained),SSIM,-0.02535092830657959
div2k/0839.png/sigma_0.150,div2k,0839.png,0.15000000596046448,U-TV (final),DEAL (official pretrained),SSIM,-0.01942583918571472
div2k/0840.png/sigma_0.150,div2k,0840.png,0.15000000596046448,U-TV (final),DEAL (official pretrained),SSIM,-0.013897359371185303
div2k/0841.png/sigma_0.150,div2k,0841.png,0.15000000596046448,U-TV (final),DEAL (official pretrained),SSIM,-0.012618064880371094
div2k/0842.png/sigma_0.150,div2k,0842.png,0.15000000596046448,U-TV (final),DEAL (official pretrained),SSIM,-0.01419377326965332
div2k/0843.png/sigma_0.150,div2k,0843.png,0.15000000596046448,U-TV (final),DEAL (official pretrained),SSIM,-0.006421148777008057
div2k/0844.png/sigma_0.150,div2k,0844.png,0.15000000596046448,U-TV (final),DEAL (official pretrained),SSIM,0.013582348823547363
div2k/0845.png/sigma_0.150,div2k,0845.png,0.15000000596046448,U-TV (final),DEAL (official pretrained),SSIM,-0.06328064203262329
div2k/0846.png/sigma_0.150,div2k,0846.png,0.15000000596046448,U-TV (final),DEAL (official pretrained),SSIM,-0.0426594614982605
div2k/0847.png/sigma_0.150,div2k,0847.png,0.15000000596046448,U-TV (final),DEAL (official pretrained),SSIM,-0.03931385278701782
div2k/0848.png/sigma_0.150,div2k,0848.png,0.15000000596046448,U-TV (final),DEAL (official pretrained),SSIM,-0.03548586368560791
div2k/0849.png/sigma_0.150,div2k,0849.png,0.15000000596046448,U-TV (final),DEAL (official pretrained),SSIM,-0.02999889850616455
div2k/0850.png/sigma_0.150,div2k,0850.png,0.15000000596046448,U-TV (final),DEAL (official pretrained),SSIM,-0.03763455152511597
div2k/0851.png/sigma_0.150,div2k,0851.png,0.15000000596046448,U-TV (final),DEAL (official pretrained),SSIM,-0.024539291858673096
div2k/0852.png/sigma_0.150,div2k,0852.png,0.15000000596046448,U-TV (final),DEAL (official pretrained),SSIM,0.04576152563095093
div2k/0853.png/sigma_0.150,div2k,0853.png,0.15000000596046448,U-TV (final),DEAL (official pretrained),SSIM,-0.017415642738342285
div2k/0854.png/sigma_0.150,div2k,0854.png,0.15000000596046448,U-TV (final),DEAL (official pretrained),SSIM,-0.04158681631088257
div2k/0855.png/sigma_0.150,div2k,0855.png,0.15000000596046448,U-TV (final),DEAL (official pretrained),SSIM,-0.025821566581726074
div2k/0856.png/sigma_0.150,div2k,0856.png,0.15000000596046448,U-TV (final),DEAL (official pretrained),SSIM,-0.01344752311706543
div2k/0857.png/sigma_0.150,div2k,0857.png,0.15000000596046448,U-TV (final),DEAL (official pretrained),SSIM,-0.034995079040527455
div2k/0858.png/sigma_0.150,div2k,0858.png,0.15000000596046448,U-TV (final),DEAL (official pretrained),SSIM,0.02737957239151001
div2k/0859.png/sigma_0.150,div2k,0859.png,0.15000000596046448,U-TV (final),DEAL (official pretrained),SSIM,-0.03902864456176758
div2k/0860.png/sigma_0.150,div2k,0860.png,0.15000000596046448,U-TV (final),DEAL (official pretrained),SSIM,-0.026333093643188477
div2k/0861.png/sigma_0.150,div2k,0861.png,0.15000000596046448,U-TV (final),DEAL (official pretrained),SSIM,-0.0005053281784057617
div2k/0862.png/sigma_0.150,div2k,0862.png,0.15000000596046448,U-TV (final),DEAL (official pretrained),SSIM,-0.011847376823425293
div2k/0863.png/sigma_0.150,div2k,0863.png,0.15000000596046448,U-TV (final),DEAL (official pretrained),SSIM,-0.025813579559326172
div2k/0864.png/sigma_0.150,div2k,0864.png,0.15000000596046448,U-TV (final),DEAL (official pretrained),SSIM,-0.031627774238586426
div2k/0865.png/sigma_0.150,div2k,0865.png,0.15000000596046448,U-TV (final),DEAL (official pretrained),SSIM,-0.02961641550064087
div2k/0866.png/sigma_0.150,div2k,0866.png,0.15000000596046448,U-TV (final),DEAL (official pretrained),SSIM,-0.033589720726013184
div2k/0867.png/sigma_0.150,div2k,0867.png,0.15000000596046448,U-TV (final),DEAL (official pretrained),SSIM,-0.07071161270141602
div2k/0868.png/sigma_0.150,div2k,0868.png,0.15000000596046448,U-TV (final),DEAL (official pretrained),SSIM,-0.016598284244537242
div2k/0869.png/sigma_0.150,div2k,0869.png,0.15000000596046448,U-TV (final),DEAL (official pretrained),SSIM,-0.021155953407287598
div2k/0870.png/sigma_0.150,div2k,0870.png,0.15000000596046448,U-TV (final),DEAL (official pretrained),SSIM,-0.04377704858779907
div2k/0871.png/sigma_0.150,div2k,0871.png,0.15000000596046448,U-TV (final),DEAL (official pretrained),SSIM,-0.03652268648147583
div2k/0872.png/sigma_0.150,div2k,0872.png,0.15000000596046448,U-TV (final),DEAL (official pretrained),SSIM,-0.030625581741333008
div2k/0873.png/sigma_0.150,div2k,0873.png,0.15000000596046448,U-TV (final),DEAL (official pretrained),SSIM,-0.03188490867614746
div2k/0874.png/sigma_0.150,div2k,0874.png,0.15000000596046448,U-TV (final),DEAL (official pretrained),SSIM,-0.052101850509643555
div2k/0875.png/sigma_0.150,div2k,0875.png,0.15000000596046448,U-TV (final),DEAL (official pretrained),SSIM,-0.030733942985534668
div2k/0876.png/sigma_0.150,div2k,0876.png,0.15000000596046448,U-TV (final),DEAL (official pretrained),SSIM,0.007460355758666992
div2k/0877.png/sigma_0.150,div2k,0877.png,0.15000000596046448,U-TV (final),DEAL (official pretrained),SSIM,0.00782465934753418
div2k/0878.png/sigma_0.150,div2k,0878.png,0.15000000596046448,U-TV (final),DEAL (official pretrained),SSIM,-0.04555034637451172
div2k/0879.png/sigma_0.150,div2k,0879.png,0.15000000596046448,U-TV (final),DEAL (official pretrained),SSIM,-0.020558774471282848
div2k/0880.png/sigma_0.150,div2k,0880.png,0.15000000596046448,U-TV (final),DEAL (official pretrained),SSIM,-0.013958156108856201
div2k/0881.png/sigma_0.150,div2k,0881.png,0.15000000596046448,U-TV (final),DEAL (official pretrained),SSIM,-0.025633513927459717
div2k/0882.png/sigma_0.150,div2k,0882.png,0.15000000596046448,U-TV (final),DEAL (official pretrained),SSIM,-0.026179075241088867
div2k/0883.png/sigma_0.150,div2k,0883.png,0.15000000596046448,U-TV (final),DEAL (official pretrained),SSIM,-0.022314727306365967
div2k/0884.png/sigma_0.150,div2k,0884.png,0.15000000596046448,U-TV (final),DEAL (official pretrained),SSIM,-0.04275846481323242
div2k/0885.png/sigma_0.150,div2k,0885.png,0.15000000596046448,U-TV (final),DEAL (official pretrained),SSIM,-0.11718970537185669
div2k/0886.png/sigma_0.150,div2k,0886.png,0.15000000596046448,U-TV (final),DEAL (official pretrained),SSIM,-0.022840142250061035
div2k/0887.png/sigma_0.150,div2k,0887.png,0.15000000596046448,U-TV (final),DEAL (official pretrained),SSIM,-0.008077263832092285
div2k/0888.png/sigma_0.150,div2k,0888.png,0.15000000596046448,U-TV (final),DEAL (official pretrained),SSIM,-0.03411787748336792
div2k/0889.png/sigma_0.150,div2k,0889.png,0.15000000596046448,U-TV (final),DEAL (official pretrained),SSIM,-0.02745199203491211
div2k/0890.png/sigma_0.150,div2k,0890.png,0.15000000596046448,U-TV (final),DEAL (official pretrained),SSIM,-0.02096182107925415
div2k/0891.png/sigma_0.150,div2k,0891.png,0.15000000596046448,U-TV (final),DEAL (official pretrained),SSIM,-0.06783747673034668
div2k/0892.png/sigma_0.150,div2k,0892.png,0.15000000596046448,U-TV (final),DEAL (official pretrained),SSIM,-0.07029879093170166
div2k/0893.png/sigma_0.150,div2k,0893.png,0.15000000596046448,U-TV (final),DEAL (official pretrained),SSIM,-0.018452048301696777
div2k/0894.png/sigma_0.150,div2k,0894.png,0.15000000596046448,U-TV (final),DEAL (official pretrained),SSIM,-0.01876521110534668
div2k/0895.png/sigma_0.150,div2k,0895.png,0.15000000596046448,U-TV (final),DEAL (official pretrained),SSIM,-0.06253820657730103
div2k/0896.png/sigma_0.150,div2k,0896.png,0.15000000596046448,U-TV (final),DEAL (official pretrained),SSIM,-0.025432705879211426
div2k/0897.png/sigma_0.150,div2k,0897.png,0.15000000596046448,U-TV (final),DEAL (official pretrained),SSIM,-0.07648384571075428
div2k/0898.png/sigma_0.150,div2k,0898.png,0.15000000596046448,U-TV (final),DEAL (official pretrained),SSIM,-0.006028473377227894
div2k/0899.png/sigma_0.150,div2k,0899.png,0.15000000596046448,U-TV (final),DEAL (official pretrained),SSIM,-0.0481988787651062
div2k/0900.png/sigma_0.150,div2k,0900.png,0.15000000596046448,U-TV (final),DEAL (official pretrained),SSIM,-0.018869638442993164
div2k/0801.png/sigma_0.150,div2k,0801.png,0.15000000596046448,U-TGV (final),DEAL (official pretrained),PSNR,-0.3599395751953125
div2k/0802.png/sigma_0.150,div2k,0802.png,0.15000000596046448,U-TGV (final),DEAL (official pretrained),PSNR,-0.7780323028564453
div2k/0803.png/sigma_0.150,div2k,0803.png,0.15000000596046448,U-TGV (final),DEAL (official pretrained),PSNR,-1.4082622528076172
div2k/0804.png/sigma_0.150,div2k,0804.png,0.15000000596046448,U-TGV (final),DEAL (official pretrained),PSNR,-0.8962001800537074
div2k/0805.png/sigma_0.150,div2k,0805.png,0.15000000596046448,U-TGV (final),DEAL (official pretrained),PSNR,-0.2571563720703125
div2k/0806.png/sigma_0.150,div2k,0806.png,0.15000000596046448,U-TGV (final),DEAL (official pretrained),PSNR,-0.6659889221191406
div2k/0807.png/sigma_0.150,div2k,0807.png,0.15000000596046448,U-TGV (final),DEAL (official pretrained),PSNR,-0.2769298553466797
div2k/0808.png/sigma_0.150,div2k,0808.png,0.15000000596046448,U-TGV (final),DEAL (official pretrained),PSNR,-0.8054161071777344
div2k/0809.png/sigma_0.150,div2k,0809.png,0.15000000596046448,U-TGV (final),DEAL (official pretrained),PSNR,-0.29590415954589844
div2k/0810.png/sigma_0.150,div2k,0810.png,0.15000000596046448,U-TGV (final),DEAL (official pretrained),PSNR,-0.2497539520263672
div2k/0811.png/sigma_0.150,div2k,0811.png,0.15000000596046448,U-TGV (final),DEAL (official pretrained),PSNR,-0.0305938720703125
div2k/0812.png/sigma_0.150,div2k,0812.png,0.15000000596046448,U-TGV (final),DEAL (official pretrained),PSNR,-1.5089111328125
div2k/0813.png/sigma_0.150,div2k,0813.png,0.15000000596046448,U-TGV (final),DEAL (official pretrained),PSNR,-0.7370414733886719
div2k/0814.png/sigma_0.150,div2k,0814.png,0.15000000596046448,U-TGV (final),DEAL (official pretrained),PSNR,-1.2745857238769531
div2k/0815.png/sigma_0.150,div2k,0815.png,0.15000000596046448,U-TGV (final),DEAL (official pretrained),PSNR,-0.4427986145019531
div2k/0816.png/sigma_0.150,div2k,0816.png,0.15000000596046448,U-TGV (final),DEAL (official pretrained),PSNR,-0.8093166351318359
div2k/0817.png/sigma_0.150,div2k,0817.png,0.15000000596046448,U-TGV (final),DEAL (official pretrained),PSNR,-0.5668220520019531
div2k/0818.png/sigma_0.150,div2k,0818.png,0.15000000596046448,U-TGV (final),DEAL (official pretrained),PSNR,-0.7018833160400391
div2k/0819.png/sigma_0.150,div2k,0819.png,0.15000000596046448,U-TGV (final),DEAL (official pretrained),PSNR,-0.36884117126464844
div2k/0820.png/sigma_0.150,div2k,0820.png,0.15000000596046448,U-TGV (final),DEAL (official pretrained),PSNR,-1.5251197814941406
div2k/0821.png/sigma_0.150,div2k,0821.png,0.15000000596046448,U-TGV (final),DEAL (official pretrained),PSNR,-2.562288284301758
div2k/0822.png/sigma_0.150,div2k,0822.png,0.15000000596046448,U-TGV (final),DEAL (official pretrained),PSNR,-0.4606800079345703
div2k/0823.png/sigma_0.150,div2k,0823.png,0.15000000596046448,U-TGV (final),DEAL (official pretrained),PSNR,-0.48497581481933594
div2k/0824.png/sigma_0.150,div2k,0824.png,0.15000000596046448,U-TGV (final),DEAL (official pretrained),PSNR,-1.6458263397216797
div2k/0825.png/sigma_0.150,div2k,0825.png,0.15000000596046448,U-TGV (final),DEAL (official pretrained),PSNR,-0.9554023742675781
div2k/0826.png/sigma_0.150,div2k,0826.png,0.15000000596046448,U-TGV (final),DEAL (official pretrained),PSNR,-1.1996421813964844
div2k/0827.png/sigma_0.150,div2k,0827.png,0.15000000596046448,U-TGV (final),DEAL (official pretrained),PSNR,-0.22814369201660156
div2k/0828.png/sigma_0.150,div2k,0828.png,0.15000000596046448,U-TGV (final),DEAL (official pretrained),PSNR,-3.2329139709472656
div2k/0829.png/sigma_0.150,div2k,0829.png,0.15000000596046448,U-TGV (final),DEAL (official pretrained),PSNR,-1.257675170898441
div2k/0830.png/sigma_0.150,div2k,0830.png,0.15000000596046448,U-TGV (final),DEAL (official pretrained),PSNR,-1.1425056457519531
div2k/0831.png/sigma_0.150,div2k,0831.png,0.15000000596046448,U-TGV (final),DEAL (official pretrained),PSNR,-0.7808361053466797
div2k/0832.png/sigma_0.150,div2k,0832.png,0.15000000596046448,U-TGV (final),DEAL (official pretrained),PSNR,-0.6369800567626989
div2k/0833.png/sigma_0.150,div2k,0833.png,0.15000000596046448,U-TGV (final),DEAL (official pretrained),PSNR,-1.9838581085205078
div2k/0834.png/sigma_0.150,div2k,0834.png,0.15000000596046448,U-TGV (final),DEAL (official pretrained),PSNR,-0.5495033264160121
div2k/0835.png/sigma_0.150,div2k,0835.png,0.15000000596046448,U-TGV (final),DEAL (official pretrained),PSNR,-0.3592033386230469
div2k/0836.png/sigma_0.150,div2k,0836.png,0.15000000596046448,U-TGV (final),DEAL (official pretrained),PSNR,-1.6221256256103516
div2k/0837.png/sigma_0.150,div2k,0837.png,0.15000000596046448,U-TGV (final),DEAL (official pretrained),PSNR,-0.7000026702880859
div2k/0838.png/sigma_0.150,div2k,0838.png,0.15000000596046448,U-TGV (final),DEAL (official pretrained),PSNR,-0.8531932830810582
div2k/0839.png/sigma_0.150,div2k,0839.png,0.15000000596046448,U-TGV (final),DEAL (official pretrained),PSNR,-0.27710914611816406
div2k/0840.png/sigma_0.150,div2k,0840.png,0.15000000596046448,U-TGV (final),DEAL (official pretrained),PSNR,-0.2832832336425781
div2k/0841.png/sigma_0.150,div2k,0841.png,0.15000000596046448,U-TGV (final),DEAL (official pretrained),PSNR,-0.5335426330566371
div2k/0842.png/sigma_0.150,div2k,0842.png,0.15000000596046448,U-TGV (final),DEAL (official pretrained),PSNR,-0.41160774230956676
div2k/0843.png/sigma_0.150,div2k,0843.png,0.15000000596046448,U-TGV (final),DEAL (official pretrained),PSNR,-0.7558956146240234
div2k/0844.png/sigma_0.150,div2k,0844.png,0.15000000596046448,U-TGV (final),DEAL (official pretrained),PSNR,-0.447845458984375
div2k/0845.png/sigma_0.150,div2k,0845.png,0.15000000596046448,U-TGV (final),DEAL (official pretrained),PSNR,-1.7788772583007848
div2k/0846.png/sigma_0.150,div2k,0846.png,0.15000000596046448,U-TGV (final),DEAL (official pretrained),PSNR,-1.1567974090576136
div2k/0847.png/sigma_0.150,div2k,0847.png,0.15000000596046448,U-TGV (final),DEAL (official pretrained),PSNR,-1.035116195678711
div2k/0848.png/sigma_0.150,div2k,0848.png,0.15000000596046448,U-TGV (final),DEAL (official pretrained),PSNR,-1.0419788360595703
div2k/0849.png/sigma_0.150,div2k,0849.png,0.15000000596046448,U-TGV (final),DEAL (official pretrained),PSNR,-0.5363178253173828
div2k/0850.png/sigma_0.150,div2k,0850.png,0.15000000596046448,U-TGV (final),DEAL (official pretrained),PSNR,-0.6992816925048828
div2k/0851.png/sigma_0.150,div2k,0851.png,0.15000000596046448,U-TGV (final),DEAL (official pretrained),PSNR,-0.7910728454589844
div2k/0852.png/sigma_0.150,div2k,0852.png,0.15000000596046448,U-TGV (final),DEAL (official pretrained),PSNR,0.3120918273925781
div2k/0853.png/sigma_0.150,div2k,0853.png,0.15000000596046448,U-TGV (final),DEAL (official pretrained),PSNR,-0.6227989196777308
div2k/0854.png/sigma_0.150,div2k,0854.png,0.15000000596046448,U-TGV (final),DEAL (official pretrained),PSNR,-1.0089645385742223
div2k/0855.png/sigma_0.150,div2k,0855.png,0.15000000596046448,U-TGV (final),DEAL (official pretrained),PSNR,-0.7543678283691371
div2k/0856.png/sigma_0.150,div2k,0856.png,0.15000000596046448,U-TGV (final),DEAL (official pretrained),PSNR,-0.2654838562011719
div2k/0857.png/sigma_0.150,div2k,0857.png,0.15000000596046448,U-TGV (final),DEAL (official pretrained),PSNR,-1.151571273803711
div2k/0858.png/sigma_0.150,div2k,0858.png,0.15000000596046448,U-TGV (final),DEAL (official pretrained),PSNR,0.09899711608886719
div2k/0859.png/sigma_0.150,div2k,0859.png,0.15000000596046448,U-TGV (final),DEAL (official pretrained),PSNR,-0.5001049041748047
div2k/0860.png/sigma_0.150,div2k,0860.png,0.15000000596046448,U-TGV (final),DEAL (official pretrained),PSNR,-0.27474212646484375
div2k/0861.png/sigma_0.150,div2k,0861.png,0.15000000596046448,U-TGV (final),DEAL (official pretrained),PSNR,-0.45214271545410156
div2k/0862.png/sigma_0.150,div2k,0862.png,0.15000000596046448,U-TGV (final),DEAL (official pretrained),PSNR,-0.8474502563476562
div2k/0863.png/sigma_0.150,div2k,0863.png,0.15000000596046448,U-TGV (final),DEAL (official pretrained),PSNR,-0.5419807434082031
div2k/0864.png/sigma_0.150,div2k,0864.png,0.15000000596046448,U-TGV (final),DEAL (official pretrained),PSNR,-0.5798797607421875
div2k/0865.png/sigma_0.150,div2k,0865.png,0.15000000596046448,U-TGV (final),DEAL (official pretrained),PSNR,-0.7175521850585938
div2k/0866.png/sigma_0.150,div2k,0866.png,0.15000000596046448,U-TGV (final),DEAL (official pretrained),PSNR,-0.6352062225341797
div2k/0867.png/sigma_0.150,div2k,0867.png,0.15000000596046448,U-TGV (final),DEAL (official pretrained),PSNR,-1.8513069152832031
div2k/0868.png/sigma_0.150,div2k,0868.png,0.15000000596046448,U-TGV (final),DEAL (official pretrained),PSNR,-1.4198799133300781
div2k/0869.png/sigma_0.150,div2k,0869.png,0.15000000596046448,U-TGV (final),DEAL (official pretrained),PSNR,-0.53076171875
div2k/0870.png/sigma_0.150,div2k,0870.png,0.15000000596046448,U-TGV (final),DEAL (official pretrained),PSNR,-0.43121910095214844
div2k/0871.png/sigma_0.150,div2k,0871.png,0.15000000596046448,U-TGV (final),DEAL (official pretrained),PSNR,-0.700836181640625
div2k/0872.png/sigma_0.150,div2k,0872.png,0.15000000596046448,U-TGV (final),DEAL (official pretrained),PSNR,-0.7464981079101562
div2k/0873.png/sigma_0.150,div2k,0873.png,0.15000000596046448,U-TGV (final),DEAL (official pretrained),PSNR,-0.4996986389160156
div2k/0874.png/sigma_0.150,div2k,0874.png,0.15000000596046448,U-TGV (final),DEAL (official pretrained),PSNR,-0.8142318725585938
div2k/0875.png/sigma_0.150,div2k,0875.png,0.15000000596046448,U-TGV (final),DEAL (official pretrained),PSNR,-0.8430252075195312
div2k/0876.png/sigma_0.150,div2k,0876.png,0.15000000596046448,U-TGV (final),DEAL (official pretrained),PSNR,-0.072052001953125
div2k/0877.png/sigma_0.150,div2k,0877.png,0.15000000596046448,U-TGV (final),DEAL (official pretrained),PSNR,-0.2553863525390625
div2k/0878.png/sigma_0.150,div2k,0878.png,0.15000000596046448,U-TGV (final),DEAL (official pretrained),PSNR,-0.8731155395507812
div2k/0879.png/sigma_0.150,div2k,0879.png,0.15000000596046448,U-TGV (final),DEAL (official pretrained),PSNR,-1.2405586242675781
div2k/0880.png/sigma_0.150,div2k,0880.png,0.15000000596046448,U-TGV (final),DEAL (official pretrained),PSNR,-0.5544853210449219
div2k/0881.png/sigma_0.150,div2k,0881.png,0.15000000596046448,U-TGV (final),DEAL (official pretrained),PSNR,-0.7214012145996094
div2k/0882.png/sigma_0.150,div2k,0882.png,0.15000000596046448,U-TGV (final),DEAL (official pretrained),PSNR,-1.0775146484375
div2k/0883.png/sigma_0.150,div2k,0883.png,0.15000000596046448,U-TGV (final),DEAL (official pretrained),PSNR,-0.5347366333007812
div2k/0884.png/sigma_0.150,div2k,0884.png,0.15000000596046448,U-TGV (final),DEAL (official pretrained),PSNR,-0.9141044616699219
div2k/0885.png/sigma_0.150,div2k,0885.png,0.15000000596046448,U-TGV (final),DEAL (official pretrained),PSNR,-1.9759845733642578
div2k/0886.png/sigma_0.150,div2k,0886.png,0.15000000596046448,U-TGV (final),DEAL (official pretrained),PSNR,-0.7324714660644531
div2k/0887.png/sigma_0.150,div2k,0887.png,0.15000000596046448,U-TGV (final),DEAL (official pretrained),PSNR,-0.49068260192871094
div2k/0888.png/sigma_0.150,div2k,0888.png,0.15000000596046448,U-TGV (final),DEAL (official pretrained),PSNR,-0.9196929931640625
div2k/0889.png/sigma_0.150,div2k,0889.png,0.15000000596046448,U-TGV (final),DEAL (official pretrained),PSNR,-0.5841388702392543
div2k/0890.png/sigma_0.150,div2k,0890.png,0.15000000596046448,U-TGV (final),DEAL (official pretrained),PSNR,-0.7110481262207031
div2k/0891.png/sigma_0.150,div2k,0891.png,0.15000000596046448,U-TGV (final),DEAL (official pretrained),PSNR,-1.6787071228027344
div2k/0892.png/sigma_0.150,div2k,0892.png,0.15000000596046448,U-TGV (final),DEAL (official pretrained),PSNR,-1.1381607055664062
div2k/0893.png/sigma_0.150,div2k,0893.png,0.15000000596046448,U-TGV (final),DEAL (official pretrained),PSNR,-1.1348152160644531
div2k/0894.png/sigma_0.150,div2k,0894.png,0.15000000596046448,U-TGV (final),DEAL (official pretrained),PSNR,-0.8363914489746094
div2k/0895.png/sigma_0.150,div2k,0895.png,0.15000000596046448,U-TGV (final),DEAL (official pretrained),PSNR,-0.6855297088623011
div2k/0896.png/sigma_0.150,div2k,0896.png,0.15000000596046448,U-TGV (final),DEAL (official pretrained),PSNR,-1.4263896942138672
div2k/0897.png/sigma_0.150,div2k,0897.png,0.15000000596046448,U-TGV (final),DEAL (official pretrained),PSNR,-2.1544532775878906
div2k/0898.png/sigma_0.150,div2k,0898.png,0.15000000596046448,U-TGV (final),DEAL (official pretrained),PSNR,-0.7761783599853516
div2k/0899.png/sigma_0.150,div2k,0899.png,0.15000000596046448,U-TGV (final),DEAL (official pretrained),PSNR,-1.4330062866210938
div2k/0900.png/sigma_0.150,div2k,0900.png,0.15000000596046448,U-TGV (final),DEAL (official pretrained),PSNR,-0.6519069671630859
div2k/0801.png/sigma_0.150,div2k,0801.png,0.15000000596046448,U-TGV (final),DEAL (official pretrained),SSIM,-0.010261297225952148
div2k/0802.png/sigma_0.150,div2k,0802.png,0.15000000596046448,U-TGV (final),DEAL (official pretrained),SSIM,-0.009736061096191517
div2k/0803.png/sigma_0.150,div2k,0803.png,0.15000000596046448,U-TGV (final),DEAL (official pretrained),SSIM,-0.025738000869750977
div2k/0804.png/sigma_0.150,div2k,0804.png,0.15000000596046448,U-TGV (final),DEAL (official pretrained),SSIM,-0.019044876098632812
div2k/0805.png/sigma_0.150,div2k,0805.png,0.15000000596046448,U-TGV (final),DEAL (official pretrained),SSIM,0.00014954805374145508
div2k/0806.png/sigma_0.150,div2k,0806.png,0.15000000596046448,U-TGV (final),DEAL (official pretrained),SSIM,-0.022175490856170654
div2k/0807.png/sigma_0.150,div2k,0807.png,0.15000000596046448,U-TGV (final),DEAL (official pretrained),SSIM,-0.0062258243560791016
div2k/0808.png/sigma_0.150,div2k,0808.png,0.15000000596046448,U-TGV (final),DEAL (official pretrained),SSIM,-0.03290200233459473
div2k/0809.png/sigma_0.150,div2k,0809.png,0.15000000596046448,U-TGV (final),DEAL (official pretrained),SSIM,-0.007367730140686035
div2k/0810.png/sigma_0.150,div2k,0810.png,0.15000000596046448,U-TGV (final),DEAL (official pretrained),SSIM,-0.0072740912437438965
div2k/0811.png/sigma_0.150,div2k,0811.png,0.15000000596046448,U-TGV (final),DEAL (official pretrained),SSIM,0.023371338844299316
div2k/0812.png/sigma_0.150,div2k,0812.png,0.15000000596046448,U-TGV (final),DEAL (official pretrained),SSIM,-0.035967469215393066
div2k/0813.png/sigma_0.150,div2k,0813.png,0.15000000596046448,U-TGV (final),DEAL (official pretrained),SSIM,-0.020267248153686523
div2k/0814.png/sigma_0.150,div2k,0814.png,0.15000000596046448,U-TGV (final),DEAL (official pretrained),SSIM,-0.06539982557296742
div2k/0815.png/sigma_0.150,div2k,0815.png,0.15000000596046448,U-TGV (final),DEAL (official pretrained),SSIM,-0.0026853084564208984
div2k/0816.png/sigma_0.150,div2k,0816.png,0.15000000596046448,U-TGV (final),DEAL (official pretrained),SSIM,-0.03619915246963501
div2k/0817.png/sigma_0.150,div2k,0817.png,0.15000000596046448,U-TGV (final),DEAL (official pretrained),SSIM,-0.0332944393157959
div2k/0818.png/sigma_0.150,div2k,0818.png,0.15000000596046448,U-TGV (final),DEAL (official pretrained),SSIM,-0.024035215377807617
div2k/0819.png/sigma_0.150,div2k,0819.png,0.15000000596046448,U-TGV (final),DEAL (official pretrained),SSIM,-0.01329737901687622
div2k/0820.png/sigma_0.150,div2k,0820.png,0.15000000596046448,U-TGV (final),DEAL (official pretrained),SSIM,-0.0515979528427124
div2k/0821.png/sigma_0.150,div2k,0821.png,0.15000000596046448,U-TGV (final),DEAL (official pretrained),SSIM,-0.05454540252685558
div2k/0822.png/sigma_0.150,div2k,0822.png,0.15000000596046448,U-TGV (final),DEAL (official pretrained),SSIM,-0.013257026672363281
div2k/0823.png/sigma_0.150,div2k,0823.png,0.15000000596046448,U-TGV (final),DEAL (official pretrained),SSIM,-0.03460872173309326
div2k/0824.png/sigma_0.150,div2k,0824.png,0.15000000596046448,U-TGV (final),DEAL (official pretrained),SSIM,-0.0389370322227478
div2k/0825.png/sigma_0.150,div2k,0825.png,0.15000000596046448,U-TGV (final),DEAL (official pretrained),SSIM,-0.03302955627441406
div2k/0826.png/sigma_0.150,div2k,0826.png,0.15000000596046448,U-TGV (final),DEAL (official pretrained),SSIM,-0.04843264818191528
div2k/0827.png/sigma_0.150,div2k,0827.png,0.15000000596046448,U-TGV (final),DEAL (official pretrained),SSIM,0.01521235704421997
div2k/0828.png/sigma_0.150,div2k,0828.png,0.15000000596046448,U-TGV (final),DEAL (official pretrained),SSIM,-0.14426660537719727
div2k/0829.png/sigma_0.150,div2k,0829.png,0.15000000596046448,U-TGV (final),DEAL (official pretrained),SSIM,-0.02692633867263794
div2k/0830.png/sigma_0.150,div2k,0830.png,0.15000000596046448,U-TGV (final),DEAL (official pretrained),SSIM,-0.047779083251953125
div2k/0831.png/sigma_0.150,div2k,0831.png,0.15000000596046448,U-TGV (final),DEAL (official pretrained),SSIM,-0.020868420600891113
div2k/0832.png/sigma_0.150,div2k,0832.png,0.15000000596046448,U-TGV (final),DEAL (official pretrained),SSIM,-0.016736090183258057
div2k/0833.png/sigma_0.150,div2k,0833.png,0.15000000596046448,U-TGV (final),DEAL (official pretrained),SSIM,-0.05630099773406971
div2k/0834.png/sigma_0.150,div2k,0834.png,0.15000000596046448,U-TGV (final),DEAL (official pretrained),SSIM,-0.006467700004577637
div2k/0835.png/sigma_0.150,div2k,0835.png,0.15000000596046448,U-TGV (final),DEAL (official pretrained),SSIM,-0.015273094177246094
div2k/0836.png/sigma_0.150,div2k,0836.png,0.15000000596046448,U-TGV (final),DEAL (official pretrained),SSIM,-0.053593456745147705
div2k/0837.png/sigma_0.150,div2k,0837.png,0.15000000596046448,U-TGV (final),DEAL (official pretrained),SSIM,-0.014717817306518555
div2k/0838.png/sigma_0.150,div2k,0838.png,0.15000000596046448,U-TGV (final),DEAL (official pretrained),SSIM,-0.019099712371826172
div2k/0839.png/sigma_0.150,div2k,0839.png,0.15000000596046448,U-TGV (final),DEAL (official pretrained),SSIM,-0.011159777641296387
div2k/0840.png/sigma_0.150,div2k,0840.png,0.15000000596046448,U-TGV (final),DEAL (official pretrained),SSIM,0.0012066960334777832
div2k/0841.png/sigma_0.150,div2k,0841.png,0.15000000596046448,U-TGV (final),DEAL (official pretrained),SSIM,-0.011603116989135742
div2k/0842.png/sigma_0.150,div2k,0842.png,0.15000000596046448,U-TGV (final),DEAL (official pretrained),SSIM,0.00014710426330566406
div2k/0843.png/sigma_0.150,div2k,0843.png,0.15000000596046448,U-TGV (final),DEAL (official pretrained),SSIM,-0.04664486646652222
div2k/0844.png/sigma_0.150,div2k,0844.png,0.15000000596046448,U-TGV (final),DEAL (official pretrained),SSIM,0.0035545825958251953
div2k/0845.png/sigma_0.150,div2k,0845.png,0.15000000596046448,U-TGV (final),DEAL (official pretrained),SSIM,-0.0647631287574768
div2k/0846.png/sigma_0.150,div2k,0846.png,0.15000000596046448,U-TGV (final),DEAL (official pretrained),SSIM,-0.035063862800598145
div2k/0847.png/sigma_0.150,div2k,0847.png,0.15000000596046448,U-TGV (final),DEAL (official pretrained),SSIM,-0.030696451663970947
div2k/0848.png/sigma_0.150,div2k,0848.png,0.15000000596046448,U-TGV (final),DEAL (official pretrained),SSIM,-0.024644970893859863
div2k/0849.png/sigma_0.150,div2k,0849.png,0.15000000596046448,U-TGV (final),DEAL (official pretrained),SSIM,-0.013271033763885498
div2k/0850.png/sigma_0.150,div2k,0850.png,0.15000000596046448,U-TGV (final),DEAL (official pretrained),SSIM,-0.023966670036315918
div2k/0851.png/sigma_0.150,div2k,0851.png,0.15000000596046448,U-TGV (final),DEAL (official pretrained),SSIM,-0.04734688997268677
div2k/0852.png/sigma_0.150,div2k,0852.png,0.15000000596046448,U-TGV (final),DEAL (official pretrained),SSIM,0.05097085237503052
div2k/0853.png/sigma_0.150,div2k,0853.png,0.15000000596046448,U-TGV (final),DEAL (official pretrained),SSIM,-0.03370511531829834
div2k/0854.png/sigma_0.150,div2k,0854.png,0.15000000596046448,U-TGV (final),DEAL (official pretrained),SSIM,-0.04808175563812256
div2k/0855.png/sigma_0.150,div2k,0855.png,0.15000000596046448,U-TGV (final),DEAL (official pretrained),SSIM,-0.018641352653503418
div2k/0856.png/sigma_0.150,div2k,0856.png,0.15000000596046448,U-TGV (final),DEAL (official pretrained),SSIM,-0.006351947784423828
div2k/0857.png/sigma_0.150,div2k,0857.png,0.15000000596046448,U-TGV (final),DEAL (official pretrained),SSIM,-0.020953774452209584
div2k/0858.png/sigma_0.150,div2k,0858.png,0.15000000596046448,U-TGV (final),DEAL (official pretrained),SSIM,0.04441350698471069
div2k/0859.png/sigma_0.150,div2k,0859.png,0.15000000596046448,U-TGV (final),DEAL (official pretrained),SSIM,-0.024104952812194824
div2k/0860.png/sigma_0.150,div2k,0860.png,0.15000000596046448,U-TGV (final),DEAL (official pretrained),SSIM,-0.006643533706665039
div2k/0861.png/sigma_0.150,div2k,0861.png,0.15000000596046448,U-TGV (final),DEAL (official pretrained),SSIM,0.008824944496154785
div2k/0862.png/sigma_0.150,div2k,0862.png,0.15000000596046448,U-TGV (final),DEAL (official pretrained),SSIM,-0.03716707229614258
div2k/0863.png/sigma_0.150,div2k,0863.png,0.15000000596046448,U-TGV (final),DEAL (official pretrained),SSIM,-0.031674742698669434
div2k/0864.png/sigma_0.150,div2k,0864.png,0.15000000596046448,U-TGV (final),DEAL (official pretrained),SSIM,-0.02007901668548584
div2k/0865.png/sigma_0.150,div2k,0865.png,0.15000000596046448,U-TGV (final),DEAL (official pretrained),SSIM,-0.02240043878555298
div2k/0866.png/sigma_0.150,div2k,0866.png,0.15000000596046448,U-TGV (final),DEAL (official pretrained),SSIM,-0.02238541841506958
div2k/0867.png/sigma_0.150,div2k,0867.png,0.15000000596046448,U-TGV (final),DEAL (official pretrained),SSIM,-0.05989229679107666
div2k/0868.png/sigma_0.150,div2k,0868.png,0.15000000596046448,U-TGV (final),DEAL (official pretrained),SSIM,-0.06674885749816883
div2k/0869.png/sigma_0.150,div2k,0869.png,0.15000000596046448,U-TGV (final),DEAL (official pretrained),SSIM,-0.025130152702331543
div2k/0870.png/sigma_0.150,div2k,0870.png,0.15000000596046448,U-TGV (final),DEAL (official pretrained),SSIM,-0.023450911045074463
div2k/0871.png/sigma_0.150,div2k,0871.png,0.15000000596046448,U-TGV (final),DEAL (official pretrained),SSIM,-0.023478925228118896
div2k/0872.png/sigma_0.150,div2k,0872.png,0.15000000596046448,U-TGV (final),DEAL (official pretrained),SSIM,-0.01956319808959961
div2k/0873.png/sigma_0.150,div2k,0873.png,0.15000000596046448,U-TGV (final),DEAL (official pretrained),SSIM,-0.0293540358543396
div2k/0874.png/sigma_0.150,div2k,0874.png,0.15000000596046448,U-TGV (final),DEAL (official pretrained),SSIM,-0.04119396209716797
div2k/0875.png/sigma_0.150,div2k,0875.png,0.15000000596046448,U-TGV (final),DEAL (official pretrained),SSIM,-0.019924521446228027
div2k/0876.png/sigma_0.150,div2k,0876.png,0.15000000596046448,U-TGV (final),DEAL (official pretrained),SSIM,0.024760961532592773
div2k/0877.png/sigma_0.150,div2k,0877.png,0.15000000596046448,U-TGV (final),DEAL (official pretrained),SSIM,0.016326546669006348
div2k/0878.png/sigma_0.150,div2k,0878.png,0.15000000596046448,U-TGV (final),DEAL (official pretrained),SSIM,-0.03312349319458008
div2k/0879.png/sigma_0.150,div2k,0879.png,0.15000000596046448,U-TGV (final),DEAL (official pretrained),SSIM,-0.052944302558898815
div2k/0880.png/sigma_0.150,div2k,0880.png,0.15000000596046448,U-TGV (final),DEAL (official pretrained),SSIM,-0.03924131393432617
div2k/0881.png/sigma_0.150,div2k,0881.png,0.15000000596046448,U-TGV (final),DEAL (official pretrained),SSIM,-0.023060142993927002
div2k/0882.png/sigma_0.150,div2k,0882.png,0.15000000596046448,U-TGV (final),DEAL (official pretrained),SSIM,-0.015704751014709473
div2k/0883.png/sigma_0.150,div2k,0883.png,0.15000000596046448,U-TGV (final),DEAL (official pretrained),SSIM,-0.017272472381591797
div2k/0884.png/sigma_0.150,div2k,0884.png,0.15000000596046448,U-TGV (final),DEAL (official pretrained),SSIM,-0.030726075172424316
div2k/0885.png/sigma_0.150,div2k,0885.png,0.15000000596046448,U-TGV (final),DEAL (official pretrained),SSIM,-0.10525625944137573
div2k/0886.png/sigma_0.150,div2k,0886.png,0.15000000596046448,U-TGV (final),DEAL (official pretrained),SSIM,-0.005492568016052246
div2k/0887.png/sigma_0.150,div2k,0887.png,0.15000000596046448,U-TGV (final),DEAL (official pretrained),SSIM,-0.01092761754989624
div2k/0888.png/sigma_0.150,div2k,0888.png,0.15000000596046448,U-TGV (final),DEAL (official pretrained),SSIM,-0.020843088626861572
div2k/0889.png/sigma_0.150,div2k,0889.png,0.15000000596046448,U-TGV (final),DEAL (official pretrained),SSIM,-0.01199042797088623
div2k/0890.png/sigma_0.150,div2k,0890.png,0.15000000596046448,U-TGV (final),DEAL (official pretrained),SSIM,-0.05547916889190674
div2k/0891.png/sigma_0.150,div2k,0891.png,0.15000000596046448,U-TGV (final),DEAL (official pretrained),SSIM,-0.05480694770812988
div2k/0892.png/sigma_0.150,div2k,0892.png,0.15000000596046448,U-TGV (final),DEAL (official pretrained),SSIM,-0.03937554359436035
div2k/0893.png/sigma_0.150,div2k,0893.png,0.15000000596046448,U-TGV (final),DEAL (official pretrained),SSIM,-0.015057504177093506
div2k/0894.png/sigma_0.150,div2k,0894.png,0.15000000596046448,U-TGV (final),DEAL (official pretrained),SSIM,-0.018628180027008057
div2k/0895.png/sigma_0.150,div2k,0895.png,0.15000000596046448,U-TGV (final),DEAL (official pretrained),SSIM,-0.04307025671005249
div2k/0896.png/sigma_0.150,div2k,0896.png,0.15000000596046448,U-TGV (final),DEAL (official pretrained),SSIM,-0.051882028579711914
div2k/0897.png/sigma_0.150,div2k,0897.png,0.15000000596046448,U-TGV (final),DEAL (official pretrained),SSIM,-0.059644699096679576
div2k/0898.png/sigma_0.150,div2k,0898.png,0.15000000596046448,U-TGV (final),DEAL (official pretrained),SSIM,-0.06687223911285411
div2k/0899.png/sigma_0.150,div2k,0899.png,0.15000000596046448,U-TGV (final),DEAL (official pretrained),SSIM,-0.036391377449035645
div2k/0900.png/sigma_0.150,div2k,0900.png,0.15000000596046448,U-TGV (final),DEAL (official pretrained),SSIM,-0.0025498270988464355
div2k/0801.png/sigma_0.150,div2k,0801.png,0.15000000596046448,U-Tikhonov T16/CG32 (final),DEAL (official pretrained),PSNR,-0.368194580078125
div2k/0802.png/sigma_0.150,div2k,0802.png,0.15000000596046448,U-Tikhonov T16/CG32 (final),DEAL (official pretrained),PSNR,-1.3673763275146484
div2k/0803.png/sigma_0.150,div2k,0803.png,0.15000000596046448,U-Tikhonov T16/CG32 (final),DEAL (official pretrained),PSNR,-1.4893951416015625
div2k/0804.png/sigma_0.150,div2k,0804.png,0.15000000596046448,U-Tikhonov T16/CG32 (final),DEAL (official pretrained),PSNR,-0.896448135375973
div2k/0805.png/sigma_0.150,div2k,0805.png,0.15000000596046448,U-Tikhonov T16/CG32 (final),DEAL (official pretrained),PSNR,-0.39378929138183594
div2k/0806.png/sigma_0.150,div2k,0806.png,0.15000000596046448,U-Tikhonov T16/CG32 (final),DEAL (official pretrained),PSNR,-0.7380828857421875
div2k/0807.png/sigma_0.150,div2k,0807.png,0.15000000596046448,U-Tikhonov T16/CG32 (final),DEAL (official pretrained),PSNR,-0.24856948852539062
div2k/0808.png/sigma_0.150,div2k,0808.png,0.15000000596046448,U-Tikhonov T16/CG32 (final),DEAL (official pretrained),PSNR,-0.7513008117675781
div2k/0809.png/sigma_0.150,div2k,0809.png,0.15000000596046448,U-Tikhonov T16/CG32 (final),DEAL (official pretrained),PSNR,-0.3107624053955078
div2k/0810.png/sigma_0.150,div2k,0810.png,0.15000000596046448,U-Tikhonov T16/CG32 (final),DEAL (official pretrained),PSNR,-0.2944622039794922
div2k/0811.png/sigma_0.150,div2k,0811.png,0.15000000596046448,U-Tikhonov T16/CG32 (final),DEAL (official pretrained),PSNR,-0.0876007080078125
div2k/0812.png/sigma_0.150,div2k,0812.png,0.15000000596046448,U-Tikhonov T16/CG32 (final),DEAL (official pretrained),PSNR,-1.6668853759765625
div2k/0813.png/sigma_0.150,div2k,0813.png,0.15000000596046448,U-Tikhonov T16/CG32 (final),DEAL (official pretrained),PSNR,-0.8969020843505859
div2k/0814.png/sigma_0.150,div2k,0814.png,0.15000000596046448,U-Tikhonov T16/CG32 (final),DEAL (official pretrained),PSNR,-1.061309814453125
div2k/0815.png/sigma_0.150,div2k,0815.png,0.15000000596046448,U-Tikhonov T16/CG32 (final),DEAL (official pretrained),PSNR,-0.5649032592773438
div2k/0816.png/sigma_0.150,div2k,0816.png,0.15000000596046448,U-Tikhonov T16/CG32 (final),DEAL (official pretrained),PSNR,-0.8416042327880859
div2k/0817.png/sigma_0.150,div2k,0817.png,0.15000000596046448,U-Tikhonov T16/CG32 (final),DEAL (official pretrained),PSNR,-0.5241012573242188
div2k/0818.png/sigma_0.150,div2k,0818.png,0.15000000596046448,U-Tikhonov T16/CG32 (final),DEAL (official pretrained),PSNR,-0.8269252777099609
div2k/0819.png/sigma_0.150,div2k,0819.png,0.15000000596046448,U-Tikhonov T16/CG32 (final),DEAL (official pretrained),PSNR,-0.4289226531982422
div2k/0820.png/sigma_0.150,div2k,0820.png,0.15000000596046448,U-Tikhonov T16/CG32 (final),DEAL (official pretrained),PSNR,-1.5879669189453125
div2k/0821.png/sigma_0.150,div2k,0821.png,0.15000000596046448,U-Tikhonov T16/CG32 (final),DEAL (official pretrained),PSNR,-2.5075035095214844
div2k/0822.png/sigma_0.150,div2k,0822.png,0.15000000596046448,U-Tikhonov T16/CG32 (final),DEAL (official pretrained),PSNR,-0.5037479400634766
div2k/0823.png/sigma_0.150,div2k,0823.png,0.15000000596046448,U-Tikhonov T16/CG32 (final),DEAL (official pretrained),PSNR,-0.45276832580566406
div2k/0824.png/sigma_0.150,div2k,0824.png,0.15000000596046448,U-Tikhonov T16/CG32 (final),DEAL (official pretrained),PSNR,-1.7585678100585938
div2k/0825.png/sigma_0.150,div2k,0825.png,0.15000000596046448,U-Tikhonov T16/CG32 (final),DEAL (official pretrained),PSNR,-1.1143054962158203
div2k/0826.png/sigma_0.150,div2k,0826.png,0.15000000596046448,U-Tikhonov T16/CG32 (final),DEAL (official pretrained),PSNR,-1.2260475158691406
div2k/0827.png/sigma_0.150,div2k,0827.png,0.15000000596046448,U-Tikhonov T16/CG32 (final),DEAL (official pretrained),PSNR,-0.17139816284179688
div2k/0828.png/sigma_0.150,div2k,0828.png,0.15000000596046448,U-Tikhonov T16/CG32 (final),DEAL (official pretrained),PSNR,-3.099712371826172
div2k/0829.png/sigma_0.150,div2k,0829.png,0.15000000596046448,U-Tikhonov T16/CG32 (final),DEAL (official pretrained),PSNR,-1.2857360839843786
div2k/0830.png/sigma_0.150,div2k,0830.png,0.15000000596046448,U-Tikhonov T16/CG32 (final),DEAL (official pretrained),PSNR,-1.1362266540527344
div2k/0831.png/sigma_0.150,div2k,0831.png,0.15000000596046448,U-Tikhonov T16/CG32 (final),DEAL (official pretrained),PSNR,-0.9022102355957031
div2k/0832.png/sigma_0.150,div2k,0832.png,0.15000000596046448,U-Tikhonov T16/CG32 (final),DEAL (official pretrained),PSNR,-0.7138633728027379
div2k/0833.png/sigma_0.150,div2k,0833.png,0.15000000596046448,U-Tikhonov T16/CG32 (final),DEAL (official pretrained),PSNR,-2.3110523223876953
div2k/0834.png/sigma_0.150,div2k,0834.png,0.15000000596046448,U-Tikhonov T16/CG32 (final),DEAL (official pretrained),PSNR,-0.566299438476559
div2k/0835.png/sigma_0.150,div2k,0835.png,0.15000000596046448,U-Tikhonov T16/CG32 (final),DEAL (official pretrained),PSNR,-0.4300041198730469
div2k/0836.png/sigma_0.150,div2k,0836.png,0.15000000596046448,U-Tikhonov T16/CG32 (final),DEAL (official pretrained),PSNR,-1.7879390716552734
div2k/0837.png/sigma_0.150,div2k,0837.png,0.15000000596046448,U-Tikhonov T16/CG32 (final),DEAL (official pretrained),PSNR,-0.7976818084716797
div2k/0838.png/sigma_0.150,div2k,0838.png,0.15000000596046448,U-Tikhonov T16/CG32 (final),DEAL (official pretrained),PSNR,-1.081527709960941
div2k/0839.png/sigma_0.150,div2k,0839.png,0.15000000596046448,U-Tikhonov T16/CG32 (final),DEAL (official pretrained),PSNR,-0.283782958984375
div2k/0840.png/sigma_0.150,div2k,0840.png,0.15000000596046448,U-Tikhonov T16/CG32 (final),DEAL (official pretrained),PSNR,-0.3395824432373047
div2k/0841.png/sigma_0.150,div2k,0841.png,0.15000000596046448,U-Tikhonov T16/CG32 (final),DEAL (official pretrained),PSNR,-0.5177040100097621
div2k/0842.png/sigma_0.150,div2k,0842.png,0.15000000596046448,U-Tikhonov T16/CG32 (final),DEAL (official pretrained),PSNR,-0.5656642913818324
div2k/0843.png/sigma_0.150,div2k,0843.png,0.15000000596046448,U-Tikhonov T16/CG32 (final),DEAL (official pretrained),PSNR,-0.6549625396728516
div2k/0844.png/sigma_0.150,div2k,0844.png,0.15000000596046448,U-Tikhonov T16/CG32 (final),DEAL (official pretrained),PSNR,-0.35845947265625
div2k/0845.png/sigma_0.150,div2k,0845.png,0.15000000596046448,U-Tikhonov T16/CG32 (final),DEAL (official pretrained),PSNR,-1.8636951446533239
div2k/0846.png/sigma_0.150,div2k,0846.png,0.15000000596046448,U-Tikhonov T16/CG32 (final),DEAL (official pretrained),PSNR,-1.2328319549560511
div2k/0847.png/sigma_0.150,div2k,0847.png,0.15000000596046448,U-Tikhonov T16/CG32 (final),DEAL (official pretrained),PSNR,-1.1427001953125
div2k/0848.png/sigma_0.150,div2k,0848.png,0.15000000596046448,U-Tikhonov T16/CG32 (final),DEAL (official pretrained),PSNR,-1.2142906188964844
div2k/0849.png/sigma_0.150,div2k,0849.png,0.15000000596046448,U-Tikhonov T16/CG32 (final),DEAL (official pretrained),PSNR,-0.5458698272705078
div2k/0850.png/sigma_0.150,div2k,0850.png,0.15000000596046448,U-Tikhonov T16/CG32 (final),DEAL (official pretrained),PSNR,-0.7415733337402344
div2k/0851.png/sigma_0.150,div2k,0851.png,0.15000000596046448,U-Tikhonov T16/CG32 (final),DEAL (official pretrained),PSNR,-0.7179183959960938
div2k/0852.png/sigma_0.150,div2k,0852.png,0.15000000596046448,U-Tikhonov T16/CG32 (final),DEAL (official pretrained),PSNR,0.31113433837890625
div2k/0853.png/sigma_0.150,div2k,0853.png,0.15000000596046448,U-Tikhonov T16/CG32 (final),DEAL (official pretrained),PSNR,-0.5109996795654261
div2k/0854.png/sigma_0.150,div2k,0854.png,0.15000000596046448,U-Tikhonov T16/CG32 (final),DEAL (official pretrained),PSNR,-1.0392837524414098
div2k/0855.png/sigma_0.150,div2k,0855.png,0.15000000596046448,U-Tikhonov T16/CG32 (final),DEAL (official pretrained),PSNR,-0.8099060058593714
div2k/0856.png/sigma_0.150,div2k,0856.png,0.15000000596046448,U-Tikhonov T16/CG32 (final),DEAL (official pretrained),PSNR,-0.21096229553222656
div2k/0857.png/sigma_0.150,div2k,0857.png,0.15000000596046448,U-Tikhonov T16/CG32 (final),DEAL (official pretrained),PSNR,-1.2155170440673828
div2k/0858.png/sigma_0.150,div2k,0858.png,0.15000000596046448,U-Tikhonov T16/CG32 (final),DEAL (official pretrained),PSNR,0.08148574829101562
div2k/0859.png/sigma_0.150,div2k,0859.png,0.15000000596046448,U-Tikhonov T16/CG32 (final),DEAL (official pretrained),PSNR,-0.5582542419433594
div2k/0860.png/sigma_0.150,div2k,0860.png,0.15000000596046448,U-Tikhonov T16/CG32 (final),DEAL (official pretrained),PSNR,-0.3588447570800781
div2k/0861.png/sigma_0.150,div2k,0861.png,0.15000000596046448,U-Tikhonov T16/CG32 (final),DEAL (official pretrained),PSNR,-0.49785614013671875
div2k/0862.png/sigma_0.150,div2k,0862.png,0.15000000596046448,U-Tikhonov T16/CG32 (final),DEAL (official pretrained),PSNR,-0.5154838562011719
div2k/0863.png/sigma_0.150,div2k,0863.png,0.15000000596046448,U-Tikhonov T16/CG32 (final),DEAL (official pretrained),PSNR,-0.6586627960205078
div2k/0864.png/sigma_0.150,div2k,0864.png,0.15000000596046448,U-Tikhonov T16/CG32 (final),DEAL (official pretrained),PSNR,-0.6383342742919922
div2k/0865.png/sigma_0.150,div2k,0865.png,0.15000000596046448,U-Tikhonov T16/CG32 (final),DEAL (official pretrained),PSNR,-0.7244796752929688
div2k/0866.png/sigma_0.150,div2k,0866.png,0.15000000596046448,U-Tikhonov T16/CG32 (final),DEAL (official pretrained),PSNR,-0.7706489562988281
div2k/0867.png/sigma_0.150,div2k,0867.png,0.15000000596046448,U-Tikhonov T16/CG32 (final),DEAL (official pretrained),PSNR,-1.9640235900878906
div2k/0868.png/sigma_0.150,div2k,0868.png,0.15000000596046448,U-Tikhonov T16/CG32 (final),DEAL (official pretrained),PSNR,-1.1762332916259766
div2k/0869.png/sigma_0.150,div2k,0869.png,0.15000000596046448,U-Tikhonov T16/CG32 (final),DEAL (official pretrained),PSNR,-0.6392955780029297
div2k/0870.png/sigma_0.150,div2k,0870.png,0.15000000596046448,U-Tikhonov T16/CG32 (final),DEAL (official pretrained),PSNR,-0.45070648193359375
div2k/0871.png/sigma_0.150,div2k,0871.png,0.15000000596046448,U-Tikhonov T16/CG32 (final),DEAL (official pretrained),PSNR,-0.8178615570068359
div2k/0872.png/sigma_0.150,div2k,0872.png,0.15000000596046448,U-Tikhonov T16/CG32 (final),DEAL (official pretrained),PSNR,-0.8177413940429688
div2k/0873.png/sigma_0.150,div2k,0873.png,0.15000000596046448,U-Tikhonov T16/CG32 (final),DEAL (official pretrained),PSNR,-0.4854145050048828
div2k/0874.png/sigma_0.150,div2k,0874.png,0.15000000596046448,U-Tikhonov T16/CG32 (final),DEAL (official pretrained),PSNR,-0.8460903167724609
div2k/0875.png/sigma_0.150,div2k,0875.png,0.15000000596046448,U-Tikhonov T16/CG32 (final),DEAL (official pretrained),PSNR,-0.9242820739746094
div2k/0876.png/sigma_0.150,div2k,0876.png,0.15000000596046448,U-Tikhonov T16/CG32 (final),DEAL (official pretrained),PSNR,-0.1426410675048828
div2k/0877.png/sigma_0.150,div2k,0877.png,0.15000000596046448,U-Tikhonov T16/CG32 (final),DEAL (official pretrained),PSNR,-0.2707023620605469
div2k/0878.png/sigma_0.150,div2k,0878.png,0.15000000596046448,U-Tikhonov T16/CG32 (final),DEAL (official pretrained),PSNR,-0.9649677276611328
div2k/0879.png/sigma_0.150,div2k,0879.png,0.15000000596046448,U-Tikhonov T16/CG32 (final),DEAL (official pretrained),PSNR,-1.2091045379638672
div2k/0880.png/sigma_0.150,div2k,0880.png,0.15000000596046448,U-Tikhonov T16/CG32 (final),DEAL (official pretrained),PSNR,-0.5069141387939453
div2k/0881.png/sigma_0.150,div2k,0881.png,0.15000000596046448,U-Tikhonov T16/CG32 (final),DEAL (official pretrained),PSNR,-0.662811279296875
div2k/0882.png/sigma_0.150,div2k,0882.png,0.15000000596046448,U-Tikhonov T16/CG32 (final),DEAL (official pretrained),PSNR,-1.2239151000976562
div2k/0883.png/sigma_0.150,div2k,0883.png,0.15000000596046448,U-Tikhonov T16/CG32 (final),DEAL (official pretrained),PSNR,-0.5863857269287109
div2k/0884.png/sigma_0.150,div2k,0884.png,0.15000000596046448,U-Tikhonov T16/CG32 (final),DEAL (official pretrained),PSNR,-0.9401645660400391
div2k/0885.png/sigma_0.150,div2k,0885.png,0.15000000596046448,U-Tikhonov T16/CG32 (final),DEAL (official pretrained),PSNR,-2.0445613861083984
div2k/0886.png/sigma_0.150,div2k,0886.png,0.15000000596046448,U-Tikhonov T16/CG32 (final),DEAL (official pretrained),PSNR,-1.0412330627441406
div2k/0887.png/sigma_0.150,div2k,0887.png,0.15000000596046448,U-Tikhonov T16/CG32 (final),DEAL (official pretrained),PSNR,-0.5418910980224609
div2k/0888.png/sigma_0.150,div2k,0888.png,0.15000000596046448,U-Tikhonov T16/CG32 (final),DEAL (official pretrained),PSNR,-1.0909271240234375
div2k/0889.png/sigma_0.150,div2k,0889.png,0.15000000596046448,U-Tikhonov T16/CG32 (final),DEAL (official pretrained),PSNR,-0.6829566955566371
div2k/0890.png/sigma_0.150,div2k,0890.png,0.15000000596046448,U-Tikhonov T16/CG32 (final),DEAL (official pretrained),PSNR,-0.4676322937011719
div2k/0891.png/sigma_0.150,div2k,0891.png,0.15000000596046448,U-Tikhonov T16/CG32 (final),DEAL (official pretrained),PSNR,-1.771697998046875
div2k/0892.png/sigma_0.150,div2k,0892.png,0.15000000596046448,U-Tikhonov T16/CG32 (final),DEAL (official pretrained),PSNR,-1.1591815948486328
div2k/0893.png/sigma_0.150,div2k,0893.png,0.15000000596046448,U-Tikhonov T16/CG32 (final),DEAL (official pretrained),PSNR,-1.1345539093017578
div2k/0894.png/sigma_0.150,div2k,0894.png,0.15000000596046448,U-Tikhonov T16/CG32 (final),DEAL (official pretrained),PSNR,-0.7563591003417969
div2k/0895.png/sigma_0.150,div2k,0895.png,0.15000000596046448,U-Tikhonov T16/CG32 (final),DEAL (official pretrained),PSNR,-0.6707630157470668
div2k/0896.png/sigma_0.150,div2k,0896.png,0.15000000596046448,U-Tikhonov T16/CG32 (final),DEAL (official pretrained),PSNR,-1.5269107818603516
div2k/0897.png/sigma_0.150,div2k,0897.png,0.15000000596046448,U-Tikhonov T16/CG32 (final),DEAL (official pretrained),PSNR,-2.358287811279297
div2k/0898.png/sigma_0.150,div2k,0898.png,0.15000000596046448,U-Tikhonov T16/CG32 (final),DEAL (official pretrained),PSNR,-0.49933624267578125
div2k/0899.png/sigma_0.150,div2k,0899.png,0.15000000596046448,U-Tikhonov T16/CG32 (final),DEAL (official pretrained),PSNR,-1.5112571716308594
div2k/0900.png/sigma_0.150,div2k,0900.png,0.15000000596046448,U-Tikhonov T16/CG32 (final),DEAL (official pretrained),PSNR,-0.8986930847167969
div2k/0801.png/sigma_0.150,div2k,0801.png,0.15000000596046448,U-Tikhonov T16/CG32 (final),DEAL (official pretrained),SSIM,-0.015879154205322266
div2k/0802.png/sigma_0.150,div2k,0802.png,0.15000000596046448,U-Tikhonov T16/CG32 (final),DEAL (official pretrained),SSIM,-0.0226956605911256
div2k/0803.png/sigma_0.150,div2k,0803.png,0.15000000596046448,U-Tikhonov T16/CG32 (final),DEAL (official pretrained),SSIM,-0.03186690807342529
div2k/0804.png/sigma_0.150,div2k,0804.png,0.15000000596046448,U-Tikhonov T16/CG32 (final),DEAL (official pretrained),SSIM,-0.021829962730407715
div2k/0805.png/sigma_0.150,div2k,0805.png,0.15000000596046448,U-Tikhonov T16/CG32 (final),DEAL (official pretrained),SSIM,-0.009903013706207275
div2k/0806.png/sigma_0.150,div2k,0806.png,0.15000000596046448,U-Tikhonov T16/CG32 (final),DEAL (official pretrained),SSIM,-0.02141869068145752
div2k/0807.png/sigma_0.150,div2k,0807.png,0.15000000596046448,U-Tikhonov T16/CG32 (final),DEAL (official pretrained),SSIM,-0.008870899677276611
div2k/0808.png/sigma_0.150,div2k,0808.png,0.15000000596046448,U-Tikhonov T16/CG32 (final),DEAL (official pretrained),SSIM,-0.016494154930114746
div2k/0809.png/sigma_0.150,div2k,0809.png,0.15000000596046448,U-Tikhonov T16/CG32 (final),DEAL (official pretrained),SSIM,-0.013885259628295898
div2k/0810.png/sigma_0.150,div2k,0810.png,0.15000000596046448,U-Tikhonov T16/CG32 (final),DEAL (official pretrained),SSIM,-0.015685200691223145
div2k/0811.png/sigma_0.150,div2k,0811.png,0.15000000596046448,U-Tikhonov T16/CG32 (final),DEAL (official pretrained),SSIM,0.011384129524230957
div2k/0812.png/sigma_0.150,div2k,0812.png,0.15000000596046448,U-Tikhonov T16/CG32 (final),DEAL (official pretrained),SSIM,-0.03162449598312378
div2k/0813.png/sigma_0.150,div2k,0813.png,0.15000000596046448,U-Tikhonov T16/CG32 (final),DEAL (official pretrained),SSIM,-0.023783385753631592
div2k/0814.png/sigma_0.150,div2k,0814.png,0.15000000596046448,U-Tikhonov T16/CG32 (final),DEAL (official pretrained),SSIM,-0.023610055446624645
div2k/0815.png/sigma_0.150,div2k,0815.png,0.15000000596046448,U-Tikhonov T16/CG32 (final),DEAL (official pretrained),SSIM,-0.011392712593078613
div2k/0816.png/sigma_0.150,div2k,0816.png,0.15000000596046448,U-Tikhonov T16/CG32 (final),DEAL (official pretrained),SSIM,-0.03405797481536865
div2k/0817.png/sigma_0.150,div2k,0817.png,0.15000000596046448,U-Tikhonov T16/CG32 (final),DEAL (official pretrained),SSIM,-0.02310347557067871
div2k/0818.png/sigma_0.150,div2k,0818.png,0.15000000596046448,U-Tikhonov T16/CG32 (final),DEAL (official pretrained),SSIM,-0.025998234748840332
div2k/0819.png/sigma_0.150,div2k,0819.png,0.15000000596046448,U-Tikhonov T16/CG32 (final),DEAL (official pretrained),SSIM,-0.02105158567428589
div2k/0820.png/sigma_0.150,div2k,0820.png,0.15000000596046448,U-Tikhonov T16/CG32 (final),DEAL (official pretrained),SSIM,-0.059166550636291504
div2k/0821.png/sigma_0.150,div2k,0821.png,0.15000000596046448,U-Tikhonov T16/CG32 (final),DEAL (official pretrained),SSIM,-0.05306714773178112
div2k/0822.png/sigma_0.150,div2k,0822.png,0.15000000596046448,U-Tikhonov T16/CG32 (final),DEAL (official pretrained),SSIM,-0.020647644996643066
div2k/0823.png/sigma_0.150,div2k,0823.png,0.15000000596046448,U-Tikhonov T16/CG32 (final),DEAL (official pretrained),SSIM,-0.012924611568450928
div2k/0824.png/sigma_0.150,div2k,0824.png,0.15000000596046448,U-Tikhonov T16/CG32 (final),DEAL (official pretrained),SSIM,-0.037552595138549805
div2k/0825.png/sigma_0.150,div2k,0825.png,0.15000000596046448,U-Tikhonov T16/CG32 (final),DEAL (official pretrained),SSIM,-0.038224101066589355
div2k/0826.png/sigma_0.150,div2k,0826.png,0.15000000596046448,U-Tikhonov T16/CG32 (final),DEAL (official pretrained),SSIM,-0.03717350959777832
div2k/0827.png/sigma_0.150,div2k,0827.png,0.15000000596046448,U-Tikhonov T16/CG32 (final),DEAL (official pretrained),SSIM,0.016328394412994385
div2k/0828.png/sigma_0.150,div2k,0828.png,0.15000000596046448,U-Tikhonov T16/CG32 (final),DEAL (official pretrained),SSIM,-0.13377898931503296
div2k/0829.png/sigma_0.150,div2k,0829.png,0.15000000596046448,U-Tikhonov T16/CG32 (final),DEAL (official pretrained),SSIM,-0.02431553602218628
div2k/0830.png/sigma_0.150,div2k,0830.png,0.15000000596046448,U-Tikhonov T16/CG32 (final),DEAL (official pretrained),SSIM,-0.04304772615432739
div2k/0831.png/sigma_0.150,div2k,0831.png,0.15000000596046448,U-Tikhonov T16/CG32 (final),DEAL (official pretrained),SSIM,-0.027396678924560547
div2k/0832.png/sigma_0.150,div2k,0832.png,0.15000000596046448,U-Tikhonov T16/CG32 (final),DEAL (official pretrained),SSIM,-0.02222120761871338
div2k/0833.png/sigma_0.150,div2k,0833.png,0.15000000596046448,U-Tikhonov T16/CG32 (final),DEAL (official pretrained),SSIM,-0.03842222690582264
div2k/0834.png/sigma_0.150,div2k,0834.png,0.15000000596046448,U-Tikhonov T16/CG32 (final),DEAL (official pretrained),SSIM,-0.005755066871643066
div2k/0835.png/sigma_0.150,div2k,0835.png,0.15000000596046448,U-Tikhonov T16/CG32 (final),DEAL (official pretrained),SSIM,-0.023088812828063965
div2k/0836.png/sigma_0.150,div2k,0836.png,0.15000000596046448,U-Tikhonov T16/CG32 (final),DEAL (official pretrained),SSIM,-0.05280035734176636
div2k/0837.png/sigma_0.150,div2k,0837.png,0.15000000596046448,U-Tikhonov T16/CG32 (final),DEAL (official pretrained),SSIM,-0.022490262985229492
div2k/0838.png/sigma_0.150,div2k,0838.png,0.15000000596046448,U-Tikhonov T16/CG32 (final),DEAL (official pretrained),SSIM,-0.017528891563415527
div2k/0839.png/sigma_0.150,div2k,0839.png,0.15000000596046448,U-Tikhonov T16/CG32 (final),DEAL (official pretrained),SSIM,-0.013668179512023926
div2k/0840.png/sigma_0.150,div2k,0840.png,0.15000000596046448,U-Tikhonov T16/CG32 (final),DEAL (official pretrained),SSIM,-0.006468772888183594
div2k/0841.png/sigma_0.150,div2k,0841.png,0.15000000596046448,U-Tikhonov T16/CG32 (final),DEAL (official pretrained),SSIM,-0.010187387466430664
div2k/0842.png/sigma_0.150,div2k,0842.png,0.15000000596046448,U-Tikhonov T16/CG32 (final),DEAL (official pretrained),SSIM,-0.0084608793258667
div2k/0843.png/sigma_0.150,div2k,0843.png,0.15000000596046448,U-Tikhonov T16/CG32 (final),DEAL (official pretrained),SSIM,-0.010990381240844727
div2k/0844.png/sigma_0.150,div2k,0844.png,0.15000000596046448,U-Tikhonov T16/CG32 (final),DEAL (official pretrained),SSIM,0.011134862899780273
div2k/0845.png/sigma_0.150,div2k,0845.png,0.15000000596046448,U-Tikhonov T16/CG32 (final),DEAL (official pretrained),SSIM,-0.06460458040237427
div2k/0846.png/sigma_0.150,div2k,0846.png,0.15000000596046448,U-Tikhonov T16/CG32 (final),DEAL (official pretrained),SSIM,-0.03414285182952881
div2k/0847.png/sigma_0.150,div2k,0847.png,0.15000000596046448,U-Tikhonov T16/CG32 (final),DEAL (official pretrained),SSIM,-0.03194785118103027
div2k/0848.png/sigma_0.150,div2k,0848.png,0.15000000596046448,U-Tikhonov T16/CG32 (final),DEAL (official pretrained),SSIM,-0.029748082160949707
div2k/0849.png/sigma_0.150,div2k,0849.png,0.15000000596046448,U-Tikhonov T16/CG32 (final),DEAL (official pretrained),SSIM,-0.01708817481994629
div2k/0850.png/sigma_0.150,div2k,0850.png,0.15000000596046448,U-Tikhonov T16/CG32 (final),DEAL (official pretrained),SSIM,-0.02864205837249756
div2k/0851.png/sigma_0.150,div2k,0851.png,0.15000000596046448,U-Tikhonov T16/CG32 (final),DEAL (official pretrained),SSIM,-0.01716679334640503
div2k/0852.png/sigma_0.150,div2k,0852.png,0.15000000596046448,U-Tikhonov T16/CG32 (final),DEAL (official pretrained),SSIM,0.046298980712890625
div2k/0853.png/sigma_0.150,div2k,0853.png,0.15000000596046448,U-Tikhonov T16/CG32 (final),DEAL (official pretrained),SSIM,-0.013715505599975586
div2k/0854.png/sigma_0.150,div2k,0854.png,0.15000000596046448,U-Tikhonov T16/CG32 (final),DEAL (official pretrained),SSIM,-0.03579568862915039
div2k/0855.png/sigma_0.150,div2k,0855.png,0.15000000596046448,U-Tikhonov T16/CG32 (final),DEAL (official pretrained),SSIM,-0.02412736415863037
div2k/0856.png/sigma_0.150,div2k,0856.png,0.15000000596046448,U-Tikhonov T16/CG32 (final),DEAL (official pretrained),SSIM,-0.011865019798278809
div2k/0857.png/sigma_0.150,div2k,0857.png,0.15000000596046448,U-Tikhonov T16/CG32 (final),DEAL (official pretrained),SSIM,-0.021468400955200306
div2k/0858.png/sigma_0.150,div2k,0858.png,0.15000000596046448,U-Tikhonov T16/CG32 (final),DEAL (official pretrained),SSIM,0.03738445043563843
div2k/0859.png/sigma_0.150,div2k,0859.png,0.15000000596046448,U-Tikhonov T16/CG32 (final),DEAL (official pretrained),SSIM,-0.03206896781921387
div2k/0860.png/sigma_0.150,div2k,0860.png,0.15000000596046448,U-Tikhonov T16/CG32 (final),DEAL (official pretrained),SSIM,-0.017354488372802734
div2k/0861.png/sigma_0.150,div2k,0861.png,0.15000000596046448,U-Tikhonov T16/CG32 (final),DEAL (official pretrained),SSIM,0.006362974643707275
div2k/0862.png/sigma_0.150,div2k,0862.png,0.15000000596046448,U-Tikhonov T16/CG32 (final),DEAL (official pretrained),SSIM,-0.013302147388458252
div2k/0863.png/sigma_0.150,div2k,0863.png,0.15000000596046448,U-Tikhonov T16/CG32 (final),DEAL (official pretrained),SSIM,-0.022588074207305908
div2k/0864.png/sigma_0.150,div2k,0864.png,0.15000000596046448,U-Tikhonov T16/CG32 (final),DEAL (official pretrained),SSIM,-0.027597904205322266
div2k/0865.png/sigma_0.150,div2k,0865.png,0.15000000596046448,U-Tikhonov T16/CG32 (final),DEAL (official pretrained),SSIM,-0.02320188283920288
div2k/0866.png/sigma_0.150,div2k,0866.png,0.15000000596046448,U-Tikhonov T16/CG32 (final),DEAL (official pretrained),SSIM,-0.028783082962036133
div2k/0867.png/sigma_0.150,div2k,0867.png,0.15000000596046448,U-Tikhonov T16/CG32 (final),DEAL (official pretrained),SSIM,-0.06647884845733643
div2k/0868.png/sigma_0.150,div2k,0868.png,0.15000000596046448,U-Tikhonov T16/CG32 (final),DEAL (official pretrained),SSIM,-0.020870089530944713
div2k/0869.png/sigma_0.150,div2k,0869.png,0.15000000596046448,U-Tikhonov T16/CG32 (final),DEAL (official pretrained),SSIM,-0.019309043884277344
div2k/0870.png/sigma_0.150,div2k,0870.png,0.15000000596046448,U-Tikhonov T16/CG32 (final),DEAL (official pretrained),SSIM,-0.030761778354644775
div2k/0871.png/sigma_0.150,div2k,0871.png,0.15000000596046448,U-Tikhonov T16/CG32 (final),DEAL (official pretrained),SSIM,-0.029265105724334717
div2k/0872.png/sigma_0.150,div2k,0872.png,0.15000000596046448,U-Tikhonov T16/CG32 (final),DEAL (official pretrained),SSIM,-0.025140881538391113
div2k/0873.png/sigma_0.150,div2k,0873.png,0.15000000596046448,U-Tikhonov T16/CG32 (final),DEAL (official pretrained),SSIM,-0.02547287940979004
div2k/0874.png/sigma_0.150,div2k,0874.png,0.15000000596046448,U-Tikhonov T16/CG32 (final),DEAL (official pretrained),SSIM,-0.050628602504730225
div2k/0875.png/sigma_0.150,div2k,0875.png,0.15000000596046448,U-Tikhonov T16/CG32 (final),DEAL (official pretrained),SSIM,-0.025874614715576172
div2k/0876.png/sigma_0.150,div2k,0876.png,0.15000000596046448,U-Tikhonov T16/CG32 (final),DEAL (official pretrained),SSIM,0.016871213912963867
div2k/0877.png/sigma_0.150,div2k,0877.png,0.15000000596046448,U-Tikhonov T16/CG32 (final),DEAL (official pretrained),SSIM,0.014439046382904053
div2k/0878.png/sigma_0.150,div2k,0878.png,0.15000000596046448,U-Tikhonov T16/CG32 (final),DEAL (official pretrained),SSIM,-0.0387653112411499
div2k/0879.png/sigma_0.150,div2k,0879.png,0.15000000596046448,U-Tikhonov T16/CG32 (final),DEAL (official pretrained),SSIM,-0.021187365055084117
div2k/0880.png/sigma_0.150,div2k,0880.png,0.15000000596046448,U-Tikhonov T16/CG32 (final),DEAL (official pretrained),SSIM,-0.01244431734085083
div2k/0881.png/sigma_0.150,div2k,0881.png,0.15000000596046448,U-Tikhonov T16/CG32 (final),DEAL (official pretrained),SSIM,-0.01839524507522583
div2k/0882.png/sigma_0.150,div2k,0882.png,0.15000000596046448,U-Tikhonov T16/CG32 (final),DEAL (official pretrained),SSIM,-0.018160879611968994
div2k/0883.png/sigma_0.150,div2k,0883.png,0.15000000596046448,U-Tikhonov T16/CG32 (final),DEAL (official pretrained),SSIM,-0.016753852367401123
div2k/0884.png/sigma_0.150,div2k,0884.png,0.15000000596046448,U-Tikhonov T16/CG32 (final),DEAL (official pretrained),SSIM,-0.03611290454864502
div2k/0885.png/sigma_0.150,div2k,0885.png,0.15000000596046448,U-Tikhonov T16/CG32 (final),DEAL (official pretrained),SSIM,-0.11467093229293823
div2k/0886.png/sigma_0.150,div2k,0886.png,0.15000000596046448,U-Tikhonov T16/CG32 (final),DEAL (official pretrained),SSIM,-0.0174180269241333
div2k/0887.png/sigma_0.150,div2k,0887.png,0.15000000596046448,U-Tikhonov T16/CG32 (final),DEAL (official pretrained),SSIM,-0.0038132667541503906
div2k/0888.png/sigma_0.150,div2k,0888.png,0.15000000596046448,U-Tikhonov T16/CG32 (final),DEAL (official pretrained),SSIM,-0.027432501316070557
div2k/0889.png/sigma_0.150,div2k,0889.png,0.15000000596046448,U-Tikhonov T16/CG32 (final),DEAL (official pretrained),SSIM,-0.016909003257751465
div2k/0890.png/sigma_0.150,div2k,0890.png,0.15000000596046448,U-Tikhonov T16/CG32 (final),DEAL (official pretrained),SSIM,-0.02144712209701538
div2k/0891.png/sigma_0.150,div2k,0891.png,0.15000000596046448,U-Tikhonov T16/CG32 (final),DEAL (official pretrained),SSIM,-0.05968958139419556
div2k/0892.png/sigma_0.150,div2k,0892.png,0.15000000596046448,U-Tikhonov T16/CG32 (final),DEAL (official pretrained),SSIM,-0.045195043087005615
div2k/0893.png/sigma_0.150,div2k,0893.png,0.15000000596046448,U-Tikhonov T16/CG32 (final),DEAL (official pretrained),SSIM,-0.013751983642578125
div2k/0894.png/sigma_0.150,div2k,0894.png,0.15000000596046448,U-Tikhonov T16/CG32 (final),DEAL (official pretrained),SSIM,-0.014397263526916504
div2k/0895.png/sigma_0.150,div2k,0895.png,0.15000000596046448,U-Tikhonov T16/CG32 (final),DEAL (official pretrained),SSIM,-0.05094832181930542
div2k/0896.png/sigma_0.150,div2k,0896.png,0.15000000596046448,U-Tikhonov T16/CG32 (final),DEAL (official pretrained),SSIM,-0.02634727954864502
div2k/0897.png/sigma_0.150,div2k,0897.png,0.15000000596046448,U-Tikhonov T16/CG32 (final),DEAL (official pretrained),SSIM,-0.05104684829711903
div2k/0898.png/sigma_0.150,div2k,0898.png,0.15000000596046448,U-Tikhonov T16/CG32 (final),DEAL (official pretrained),SSIM,-0.011586427688598744
div2k/0899.png/sigma_0.150,div2k,0899.png,0.15000000596046448,U-Tikhonov T16/CG32 (final),DEAL (official pretrained),SSIM,-0.04538154602050781
div2k/0900.png/sigma_0.150,div2k,0900.png,0.15000000596046448,U-Tikhonov T16/CG32 (final),DEAL (official pretrained),SSIM,-0.013871252536773682
div2k/0801.png/sigma_0.200,div2k,0801.png,0.20000000298023224,U-TV (final),DEAL (official pretrained),PSNR,-0.31035423278808594
div2k/0802.png/sigma_0.200,div2k,0802.png,0.20000000298023224,U-TV (final),DEAL (official pretrained),PSNR,-1.1448135375976598
div2k/0803.png/sigma_0.200,div2k,0803.png,0.20000000298023224,U-TV (final),DEAL (official pretrained),PSNR,-1.2601394653320277
div2k/0804.png/sigma_0.200,div2k,0804.png,0.20000000298023224,U-TV (final),DEAL (official pretrained),PSNR,-0.8527736663818359
div2k/0805.png/sigma_0.200,div2k,0805.png,0.20000000298023224,U-TV (final),DEAL (official pretrained),PSNR,-0.3533134460449219
div2k/0806.png/sigma_0.200,div2k,0806.png,0.20000000298023224,U-TV (final),DEAL (official pretrained),PSNR,-0.6448040008544922
div2k/0807.png/sigma_0.200,div2k,0807.png,0.20000000298023224,U-TV (final),DEAL (official pretrained),PSNR,-0.13897323608398438
div2k/0808.png/sigma_0.200,div2k,0808.png,0.20000000298023224,U-TV (final),DEAL (official pretrained),PSNR,-0.6612186431884766
div2k/0809.png/sigma_0.200,div2k,0809.png,0.20000000298023224,U-TV (final),DEAL (official pretrained),PSNR,-0.2747936248779297
div2k/0810.png/sigma_0.200,div2k,0810.png,0.20000000298023224,U-TV (final),DEAL (official pretrained),PSNR,-0.28002166748046875
div2k/0811.png/sigma_0.200,div2k,0811.png,0.20000000298023224,U-TV (final),DEAL (official pretrained),PSNR,0.05064201354980469
div2k/0812.png/sigma_0.200,div2k,0812.png,0.20000000298023224,U-TV (final),DEAL (official pretrained),PSNR,-1.3736896514892578
div2k/0813.png/sigma_0.200,div2k,0813.png,0.20000000298023224,U-TV (final),DEAL (official pretrained),PSNR,-0.6794414520263707
div2k/0814.png/sigma_0.200,div2k,0814.png,0.20000000298023224,U-TV (final),DEAL (official pretrained),PSNR,-0.9861011505126918
div2k/0815.png/sigma_0.200,div2k,0815.png,0.20000000298023224,U-TV (final),DEAL (official pretrained),PSNR,-0.4806365966796875
div2k/0816.png/sigma_0.200,div2k,0816.png,0.20000000298023224,U-TV (final),DEAL (official pretrained),PSNR,-0.7270278930664062
div2k/0817.png/sigma_0.200,div2k,0817.png,0.20000000298023224,U-TV (final),DEAL (official pretrained),PSNR,-0.42586708068847656
div2k/0818.png/sigma_0.200,div2k,0818.png,0.20000000298023224,U-TV (final),DEAL (official pretrained),PSNR,-0.6449489593505859
div2k/0819.png/sigma_0.200,div2k,0819.png,0.20000000298023224,U-TV (final),DEAL (official pretrained),PSNR,-0.34825897216796875
div2k/0820.png/sigma_0.200,div2k,0820.png,0.20000000298023224,U-TV (final),DEAL (official pretrained),PSNR,-1.2279205322265625
div2k/0821.png/sigma_0.200,div2k,0821.png,0.20000000298023224,U-TV (final),DEAL (official pretrained),PSNR,-2.1408653259277344
div2k/0822.png/sigma_0.200,div2k,0822.png,0.20000000298023224,U-TV (final),DEAL (official pretrained),PSNR,-0.23894500732421875
div2k/0823.png/sigma_0.200,div2k,0823.png,0.20000000298023224,U-TV (final),DEAL (official pretrained),PSNR,-0.2984428405761719
div2k/0824.png/sigma_0.200,div2k,0824.png,0.20000000298023224,U-TV (final),DEAL (official pretrained),PSNR,-1.5531482696533203
div2k/0825.png/sigma_0.200,div2k,0825.png,0.20000000298023224,U-TV (final),DEAL (official pretrained),PSNR,-1.0241622924804688
div2k/0826.png/sigma_0.200,div2k,0826.png,0.20000000298023224,U-TV (final),DEAL (official pretrained),PSNR,-1.0567798614501953
div2k/0827.png/sigma_0.200,div2k,0827.png,0.20000000298023224,U-TV (final),DEAL (official pretrained),PSNR,-0.0695953369140625
div2k/0828.png/sigma_0.200,div2k,0828.png,0.20000000298023224,U-TV (final),DEAL (official pretrained),PSNR,-2.022558212280277
div2k/0829.png/sigma_0.200,div2k,0829.png,0.20000000298023224,U-TV (final),DEAL (official pretrained),PSNR,-1.2130527496337855
div2k/0830.png/sigma_0.200,div2k,0830.png,0.20000000298023224,U-TV (final),DEAL (official pretrained),PSNR,-0.9894123077392578
div2k/0831.png/sigma_0.200,div2k,0831.png,0.20000000298023224,U-TV (final),DEAL (official pretrained),PSNR,-0.6195583343505859
div2k/0832.png/sigma_0.200,div2k,0832.png,0.20000000298023224,U-TV (final),DEAL (official pretrained),PSNR,-0.5608577728271484
div2k/0833.png/sigma_0.200,div2k,0833.png,0.20000000298023224,U-TV (final),DEAL (official pretrained),PSNR,-1.7218990325927734
div2k/0834.png/sigma_0.200,div2k,0834.png,0.20000000298023224,U-TV (final),DEAL (official pretrained),PSNR,-0.46340751647948863
div2k/0835.png/sigma_0.200,div2k,0835.png,0.20000000298023224,U-TV (final),DEAL (official pretrained),PSNR,-0.32396888732910156
div2k/0836.png/sigma_0.200,div2k,0836.png,0.20000000298023224,U-TV (final),DEAL (official pretrained),PSNR,-1.3514575958251918
div2k/0837.png/sigma_0.200,div2k,0837.png,0.20000000298023224,U-TV (final),DEAL (official pretrained),PSNR,-0.62982177734375
div2k/0838.png/sigma_0.200,div2k,0838.png,0.20000000298023224,U-TV (final),DEAL (official pretrained),PSNR,-0.9619216918945312
div2k/0839.png/sigma_0.200,div2k,0839.png,0.20000000298023224,U-TV (final),DEAL (official pretrained),PSNR,-0.26984405517578125
div2k/0840.png/sigma_0.200,div2k,0840.png,0.20000000298023224,U-TV (final),DEAL (official pretrained),PSNR,-0.25074195861816406
div2k/0841.png/sigma_0.200,div2k,0841.png,0.20000000298023224,U-TV (final),DEAL (official pretrained),PSNR,-0.3993377685546875
div2k/0842.png/sigma_0.200,div2k,0842.png,0.20000000298023224,U-TV (final),DEAL (official pretrained),PSNR,-0.4437427520751953
div2k/0843.png/sigma_0.200,div2k,0843.png,0.20000000298023224,U-TV (final),DEAL (official pretrained),PSNR,-0.4264812469482422
div2k/0844.png/sigma_0.200,div2k,0844.png,0.20000000298023224,U-TV (final),DEAL (official pretrained),PSNR,-0.2463512420654297
div2k/0845.png/sigma_0.200,div2k,0845.png,0.20000000298023224,U-TV (final),DEAL (official pretrained),PSNR,-1.4502105712890625
div2k/0846.png/sigma_0.200,div2k,0846.png,0.20000000298023224,U-TV (final),DEAL (official pretrained),PSNR,-0.7187080383300781
div2k/0847.png/sigma_0.200,div2k,0847.png,0.20000000298023224,U-TV (final),DEAL (official pretrained),PSNR,-0.91729736328125
div2k/0848.png/sigma_0.200,div2k,0848.png,0.20000000298023224,U-TV (final),DEAL (official pretrained),PSNR,-0.977996826171875
div2k/0849.png/sigma_0.200,div2k,0849.png,0.20000000298023224,U-TV (final),DEAL (official pretrained),PSNR,-0.5199108123779297
div2k/0850.png/sigma_0.200,div2k,0850.png,0.20000000298023224,U-TV (final),DEAL (official pretrained),PSNR,-0.5535049438476562
div2k/0851.png/sigma_0.200,div2k,0851.png,0.20000000298023224,U-TV (final),DEAL (official pretrained),PSNR,-0.49956703186035156
div2k/0852.png/sigma_0.200,div2k,0852.png,0.20000000298023224,U-TV (final),DEAL (official pretrained),PSNR,0.24827194213867188
div2k/0853.png/sigma_0.200,div2k,0853.png,0.20000000298023224,U-TV (final),DEAL (official pretrained),PSNR,-0.42346954345703125
div2k/0854.png/sigma_0.200,div2k,0854.png,0.20000000298023224,U-TV (final),DEAL (official pretrained),PSNR,-0.8664264678955078
div2k/0855.png/sigma_0.200,div2k,0855.png,0.20000000298023224,U-TV (final),DEAL (official pretrained),PSNR,-0.6048698425292969
div2k/0856.png/sigma_0.200,div2k,0856.png,0.20000000298023224,U-TV (final),DEAL (official pretrained),PSNR,0.0888290405273473
div2k/0857.png/sigma_0.200,div2k,0857.png,0.20000000298023224,U-TV (final),DEAL (official pretrained),PSNR,-1.3487472534179688
div2k/0858.png/sigma_0.200,div2k,0858.png,0.20000000298023224,U-TV (final),DEAL (official pretrained),PSNR,0.22797775268555043
div2k/0859.png/sigma_0.200,div2k,0859.png,0.20000000298023224,U-TV (final),DEAL (official pretrained),PSNR,-0.45540428161621094
div2k/0860.png/sigma_0.200,div2k,0860.png,0.20000000298023224,U-TV (final),DEAL (official pretrained),PSNR,-0.24944305419921875
div2k/0861.png/sigma_0.200,div2k,0861.png,0.20000000298023224,U-TV (final),DEAL (official pretrained),PSNR,-0.37876129150390625
div2k/0862.png/sigma_0.200,div2k,0862.png,0.20000000298023224,U-TV (final),DEAL (official pretrained),PSNR,-0.5216121673583984
div2k/0863.png/sigma_0.200,div2k,0863.png,0.20000000298023224,U-TV (final),DEAL (official pretrained),PSNR,-0.4585418701171875
div2k/0864.png/sigma_0.200,div2k,0864.png,0.20000000298023224,U-TV (final),DEAL (official pretrained),PSNR,-0.52447509765625
div2k/0865.png/sigma_0.200,div2k,0865.png,0.20000000298023224,U-TV (final),DEAL (official pretrained),PSNR,-0.6101531982421875
div2k/0866.png/sigma_0.200,div2k,0866.png,0.20000000298023224,U-TV (final),DEAL (official pretrained),PSNR,-0.7354488372802734
div2k/0867.png/sigma_0.200,div2k,0867.png,0.20000000298023224,U-TV (final),DEAL (official pretrained),PSNR,-1.7735786437988281
div2k/0868.png/sigma_0.200,div2k,0868.png,0.20000000298023224,U-TV (final),DEAL (official pretrained),PSNR,-0.7169437408447266
div2k/0869.png/sigma_0.200,div2k,0869.png,0.20000000298023224,U-TV (final),DEAL (official pretrained),PSNR,-0.563079833984375
div2k/0870.png/sigma_0.200,div2k,0870.png,0.20000000298023224,U-TV (final),DEAL (official pretrained),PSNR,-0.4244899749755895
div2k/0871.png/sigma_0.200,div2k,0871.png,0.20000000298023224,U-TV (final),DEAL (official pretrained),PSNR,-0.7275218963623047
div2k/0872.png/sigma_0.200,div2k,0872.png,0.20000000298023224,U-TV (final),DEAL (official pretrained),PSNR,-0.7441616058349609
div2k/0873.png/sigma_0.200,div2k,0873.png,0.20000000298023224,U-TV (final),DEAL (official pretrained),PSNR,-0.34215736389160156
div2k/0874.png/sigma_0.200,div2k,0874.png,0.20000000298023224,U-TV (final),DEAL (official pretrained),PSNR,-0.7669105529785156
div2k/0875.png/sigma_0.200,div2k,0875.png,0.20000000298023224,U-TV (final),DEAL (official pretrained),PSNR,-0.7334175109863281
div2k/0876.png/sigma_0.200,div2k,0876.png,0.20000000298023224,U-TV (final),DEAL (official pretrained),PSNR,0.012119293212894178
div2k/0877.png/sigma_0.200,div2k,0877.png,0.20000000298023224,U-TV (final),DEAL (official pretrained),PSNR,0.12554550170898438
div2k/0878.png/sigma_0.200,div2k,0878.png,0.20000000298023224,U-TV (final),DEAL (official pretrained),PSNR,-0.8441200256347656
div2k/0879.png/sigma_0.200,div2k,0879.png,0.20000000298023224,U-TV (final),DEAL (official pretrained),PSNR,-1.1099834442138672
div2k/0880.png/sigma_0.200,div2k,0880.png,0.20000000298023224,U-TV (final),DEAL (official pretrained),PSNR,-0.49163818359375
div2k/0881.png/sigma_0.200,div2k,0881.png,0.20000000298023224,U-TV (final),DEAL (official pretrained),PSNR,-0.710693359375
div2k/0882.png/sigma_0.200,div2k,0882.png,0.20000000298023224,U-TV (final),DEAL (official pretrained),PSNR,-1.107824325561527
div2k/0883.png/sigma_0.200,div2k,0883.png,0.20000000298023224,U-TV (final),DEAL (official pretrained),PSNR,-0.5615196228027344
div2k/0884.png/sigma_0.200,div2k,0884.png,0.20000000298023224,U-TV (final),DEAL (official pretrained),PSNR,-0.8230609893798828
div2k/0885.png/sigma_0.200,div2k,0885.png,0.20000000298023224,U-TV (final),DEAL (official pretrained),PSNR,-1.6508598327636719
div2k/0886.png/sigma_0.200,div2k,0886.png,0.20000000298023224,U-TV (final),DEAL (official pretrained),PSNR,-0.7938766479492188
div2k/0887.png/sigma_0.200,div2k,0887.png,0.20000000298023224,U-TV (final),DEAL (official pretrained),PSNR,-0.5229434967041016
div2k/0888.png/sigma_0.200,div2k,0888.png,0.20000000298023224,U-TV (final),DEAL (official pretrained),PSNR,-0.9177322387695312
div2k/0889.png/sigma_0.200,div2k,0889.png,0.20000000298023224,U-TV (final),DEAL (official pretrained),PSNR,-0.571807861328125
div2k/0890.png/sigma_0.200,div2k,0890.png,0.20000000298023224,U-TV (final),DEAL (official pretrained),PSNR,-0.4503326416015625
div2k/0891.png/sigma_0.200,div2k,0891.png,0.20000000298023224,U-TV (final),DEAL (official pretrained),PSNR,-1.4517593383789062
div2k/0892.png/sigma_0.200,div2k,0892.png,0.20000000298023224,U-TV (final),DEAL (official pretrained),PSNR,-1.1321048736572266
div2k/0893.png/sigma_0.200,div2k,0893.png,0.20000000298023224,U-TV (final),DEAL (official pretrained),PSNR,-0.7989730834960938
div2k/0894.png/sigma_0.200,div2k,0894.png,0.20000000298023224,U-TV (final),DEAL (official pretrained),PSNR,-0.6231117248535156
div2k/0895.png/sigma_0.200,div2k,0895.png,0.20000000298023224,U-TV (final),DEAL (official pretrained),PSNR,-0.5674247741699219
div2k/0896.png/sigma_0.200,div2k,0896.png,0.20000000298023224,U-TV (final),DEAL (official pretrained),PSNR,-1.0063591003417969
div2k/0897.png/sigma_0.200,div2k,0897.png,0.20000000298023224,U-TV (final),DEAL (official pretrained),PSNR,-2.649511337280277
div2k/0898.png/sigma_0.200,div2k,0898.png,0.20000000298023224,U-TV (final),DEAL (official pretrained),PSNR,-0.4629096984863281
div2k/0899.png/sigma_0.200,div2k,0899.png,0.20000000298023224,U-TV (final),DEAL (official pretrained),PSNR,-1.1862564086914062
div2k/0900.png/sigma_0.200,div2k,0900.png,0.20000000298023224,U-TV (final),DEAL (official pretrained),PSNR,-0.5504474639892578
div2k/0801.png/sigma_0.200,div2k,0801.png,0.20000000298023224,U-TV (final),DEAL (official pretrained),SSIM,-0.007172048091888428
div2k/0802.png/sigma_0.200,div2k,0802.png,0.20000000298023224,U-TV (final),DEAL (official pretrained),SSIM,-0.02725684642791748
div2k/0803.png/sigma_0.200,div2k,0803.png,0.20000000298023224,U-TV (final),DEAL (official pretrained),SSIM,-0.03965175151824951
div2k/0804.png/sigma_0.200,div2k,0804.png,0.20000000298023224,U-TV (final),DEAL (official pretrained),SSIM,-0.024893224239349365
div2k/0805.png/sigma_0.200,div2k,0805.png,0.20000000298023224,U-TV (final),DEAL (official pretrained),SSIM,-0.0052155256271362305
div2k/0806.png/sigma_0.200,div2k,0806.png,0.20000000298023224,U-TV (final),DEAL (official pretrained),SSIM,-0.025255024433135986
div2k/0807.png/sigma_0.200,div2k,0807.png,0.20000000298023224,U-TV (final),DEAL (official pretrained),SSIM,0.004121065139770508
div2k/0808.png/sigma_0.200,div2k,0808.png,0.20000000298023224,U-TV (final),DEAL (official pretrained),SSIM,-0.015985608100891113
div2k/0809.png/sigma_0.200,div2k,0809.png,0.20000000298023224,U-TV (final),DEAL (official pretrained),SSIM,-0.006754696369171143
div2k/0810.png/sigma_0.200,div2k,0810.png,0.20000000298023224,U-TV (final),DEAL (official pretrained),SSIM,-0.013238370418548584
div2k/0811.png/sigma_0.200,div2k,0811.png,0.20000000298023224,U-TV (final),DEAL (official pretrained),SSIM,0.027609825134277344
div2k/0812.png/sigma_0.200,div2k,0812.png,0.20000000298023224,U-TV (final),DEAL (official pretrained),SSIM,-0.02677595615386963
div2k/0813.png/sigma_0.200,div2k,0813.png,0.20000000298023224,U-TV (final),DEAL (official pretrained),SSIM,-0.019865036010742188
div2k/0814.png/sigma_0.200,div2k,0814.png,0.20000000298023224,U-TV (final),DEAL (official pretrained),SSIM,-0.02346658706665039
div2k/0815.png/sigma_0.200,div2k,0815.png,0.20000000298023224,U-TV (final),DEAL (official pretrained),SSIM,-0.004446268081665039
div2k/0816.png/sigma_0.200,div2k,0816.png,0.20000000298023224,U-TV (final),DEAL (official pretrained),SSIM,-0.03774416446685791
div2k/0817.png/sigma_0.200,div2k,0817.png,0.20000000298023224,U-TV (final),DEAL (official pretrained),SSIM,-0.01879793405532837
div2k/0818.png/sigma_0.200,div2k,0818.png,0.20000000298023224,U-TV (final),DEAL (official pretrained),SSIM,-0.0316312313079834
div2k/0819.png/sigma_0.200,div2k,0819.png,0.20000000298023224,U-TV (final),DEAL (official pretrained),SSIM,-0.013566076755523682
div2k/0820.png/sigma_0.200,div2k,0820.png,0.20000000298023224,U-TV (final),DEAL (official pretrained),SSIM,-0.05881112813949585
div2k/0821.png/sigma_0.200,div2k,0821.png,0.20000000298023224,U-TV (final),DEAL (official pretrained),SSIM,-0.07436871528625488
div2k/0822.png/sigma_0.200,div2k,0822.png,0.20000000298023224,U-TV (final),DEAL (official pretrained),SSIM,0.007547736167907715
div2k/0823.png/sigma_0.200,div2k,0823.png,0.20000000298023224,U-TV (final),DEAL (official pretrained),SSIM,-0.009626567363739014
div2k/0824.png/sigma_0.200,div2k,0824.png,0.20000000298023224,U-TV (final),DEAL (official pretrained),SSIM,-0.049485981464385986
div2k/0825.png/sigma_0.200,div2k,0825.png,0.20000000298023224,U-TV (final),DEAL (official pretrained),SSIM,-0.04840129613876343
div2k/0826.png/sigma_0.200,div2k,0826.png,0.20000000298023224,U-TV (final),DEAL (official pretrained),SSIM,-0.04419589042663574
div2k/0827.png/sigma_0.200,div2k,0827.png,0.20000000298023224,U-TV (final),DEAL (official pretrained),SSIM,0.016631484031677246
div2k/0828.png/sigma_0.200,div2k,0828.png,0.20000000298023224,U-TV (final),DEAL (official pretrained),SSIM,-0.13511019945144653
div2k/0829.png/sigma_0.200,div2k,0829.png,0.20000000298023224,U-TV (final),DEAL (official pretrained),SSIM,-0.030543029308319092
div2k/0830.png/sigma_0.200,div2k,0830.png,0.20000000298023224,U-TV (final),DEAL (official pretrained),SSIM,-0.044785499572753906
div2k/0831.png/sigma_0.200,div2k,0831.png,0.20000000298023224,U-TV (final),DEAL (official pretrained),SSIM,-0.01935875415802002
div2k/0832.png/sigma_0.200,div2k,0832.png,0.20000000298023224,U-TV (final),DEAL (official pretrained),SSIM,-0.020294487476348877
div2k/0833.png/sigma_0.200,div2k,0833.png,0.20000000298023224,U-TV (final),DEAL (official pretrained),SSIM,-0.04797017574310303
div2k/0834.png/sigma_0.200,div2k,0834.png,0.20000000298023224,U-TV (final),DEAL (official pretrained),SSIM,0.00029158592224121094
div2k/0835.png/sigma_0.200,div2k,0835.png,0.20000000298023224,U-TV (final),DEAL (official pretrained),SSIM,-0.010374844074249268
div2k/0836.png/sigma_0.200,div2k,0836.png,0.20000000298023224,U-TV (final),DEAL (official pretrained),SSIM,-0.0564577579498291
div2k/0837.png/sigma_0.200,div2k,0837.png,0.20000000298023224,U-TV (final),DEAL (official pretrained),SSIM,-0.020720183849334717
div2k/0838.png/sigma_0.200,div2k,0838.png,0.20000000298023224,U-TV (final),DEAL (official pretrained),SSIM,-0.019511044025421143
div2k/0839.png/sigma_0.200,div2k,0839.png,0.20000000298023224,U-TV (final),DEAL (official pretrained),SSIM,-0.008901596069335938
div2k/0840.png/sigma_0.200,div2k,0840.png,0.20000000298023224,U-TV (final),DEAL (official pretrained),SSIM,0.00717926025390625
div2k/0841.png/sigma_0.200,div2k,0841.png,0.20000000298023224,U-TV (final),DEAL (official pretrained),SSIM,-0.00543588399887085
div2k/0842.png/sigma_0.200,div2k,0842.png,0.20000000298023224,U-TV (final),DEAL (official pretrained),SSIM,-0.003489553928375244
div2k/0843.png/sigma_0.200,div2k,0843.png,0.20000000298023224,U-TV (final),DEAL (official pretrained),SSIM,-0.008099734783172607
div2k/0844.png/sigma_0.200,div2k,0844.png,0.20000000298023224,U-TV (final),DEAL (official pretrained),SSIM,0.013331711292266846
div2k/0845.png/sigma_0.200,div2k,0845.png,0.20000000298023224,U-TV (final),DEAL (official pretrained),SSIM,-0.07156121730804443
div2k/0846.png/sigma_0.200,div2k,0846.png,0.20000000298023224,U-TV (final),DEAL (official pretrained),SSIM,-0.024602293968200684
div2k/0847.png/sigma_0.200,div2k,0847.png,0.20000000298023224,U-TV (final),DEAL (official pretrained),SSIM,-0.035916149616241455
div2k/0848.png/sigma_0.200,div2k,0848.png,0.20000000298023224,U-TV (final),DEAL (official pretrained),SSIM,-0.03504025936126709
div2k/0849.png/sigma_0.200,div2k,0849.png,0.20000000298023224,U-TV (final),DEAL (official pretrained),SSIM,-0.017232239246368408
div2k/0850.png/sigma_0.200,div2k,0850.png,0.20000000298023224,U-TV (final),DEAL (official pretrained),SSIM,-0.025002598762512207
div2k/0851.png/sigma_0.200,div2k,0851.png,0.20000000298023224,U-TV (final),DEAL (official pretrained),SSIM,-0.022261738777160645
div2k/0852.png/sigma_0.200,div2k,0852.png,0.20000000298023224,U-TV (final),DEAL (official pretrained),SSIM,0.0468477606773377
div2k/0853.png/sigma_0.200,div2k,0853.png,0.20000000298023224,U-TV (final),DEAL (official pretrained),SSIM,-0.01322251558303833
div2k/0854.png/sigma_0.200,div2k,0854.png,0.20000000298023224,U-TV (final),DEAL (official pretrained),SSIM,-0.03074336051940918
div2k/0855.png/sigma_0.200,div2k,0855.png,0.20000000298023224,U-TV (final),DEAL (official pretrained),SSIM,-0.01717984676361084
div2k/0856.png/sigma_0.200,div2k,0856.png,0.20000000298023224,U-TV (final),DEAL (official pretrained),SSIM,0.02584129571914673
div2k/0857.png/sigma_0.200,div2k,0857.png,0.20000000298023224,U-TV (final),DEAL (official pretrained),SSIM,-0.03807026147842407
div2k/0858.png/sigma_0.200,div2k,0858.png,0.20000000298023224,U-TV (final),DEAL (official pretrained),SSIM,0.058125317096710205
div2k/0859.png/sigma_0.200,div2k,0859.png,0.20000000298023224,U-TV (final),DEAL (official pretrained),SSIM,-0.01850205659866333
div2k/0860.png/sigma_0.200,div2k,0860.png,0.20000000298023224,U-TV (final),DEAL (official pretrained),SSIM,-0.0039487481117248535
div2k/0861.png/sigma_0.200,div2k,0861.png,0.20000000298023224,U-TV (final),DEAL (official pretrained),SSIM,0.0036397576332092285
div2k/0862.png/sigma_0.200,div2k,0862.png,0.20000000298023224,U-TV (final),DEAL (official pretrained),SSIM,-0.005081653594970703
div2k/0863.png/sigma_0.200,div2k,0863.png,0.20000000298023224,U-TV (final),DEAL (official pretrained),SSIM,-0.01996445655822754
div2k/0864.png/sigma_0.200,div2k,0864.png,0.20000000298023224,U-TV (final),DEAL (official pretrained),SSIM,-0.020175814628601074
div2k/0865.png/sigma_0.200,div2k,0865.png,0.20000000298023224,U-TV (final),DEAL (official pretrained),SSIM,-0.020459532737731934
div2k/0866.png/sigma_0.200,div2k,0866.png,0.20000000298023224,U-TV (final),DEAL (official pretrained),SSIM,-0.02929621934890747
div2k/0867.png/sigma_0.200,div2k,0867.png,0.20000000298023224,U-TV (final),DEAL (official pretrained),SSIM,-0.08336979150772095
div2k/0868.png/sigma_0.200,div2k,0868.png,0.20000000298023224,U-TV (final),DEAL (official pretrained),SSIM,-0.016534090042114258
div2k/0869.png/sigma_0.200,div2k,0869.png,0.20000000298023224,U-TV (final),DEAL (official pretrained),SSIM,-0.01971614360809326
div2k/0870.png/sigma_0.200,div2k,0870.png,0.20000000298023224,U-TV (final),DEAL (official pretrained),SSIM,-0.03397500514984131
div2k/0871.png/sigma_0.200,div2k,0871.png,0.20000000298023224,U-TV (final),DEAL (official pretrained),SSIM,-0.030242562294006348
div2k/0872.png/sigma_0.200,div2k,0872.png,0.20000000298023224,U-TV (final),DEAL (official pretrained),SSIM,-0.024204134941101074
div2k/0873.png/sigma_0.200,div2k,0873.png,0.20000000298023224,U-TV (final),DEAL (official pretrained),SSIM,-0.015653133392333984
div2k/0874.png/sigma_0.200,div2k,0874.png,0.20000000298023224,U-TV (final),DEAL (official pretrained),SSIM,-0.04180300235748291
div2k/0875.png/sigma_0.200,div2k,0875.png,0.20000000298023224,U-TV (final),DEAL (official pretrained),SSIM,-0.025048792362213135
div2k/0876.png/sigma_0.200,div2k,0876.png,0.20000000298023224,U-TV (final),DEAL (official pretrained),SSIM,0.03776276111602783
div2k/0877.png/sigma_0.200,div2k,0877.png,0.20000000298023224,U-TV (final),DEAL (official pretrained),SSIM,0.06272578239440918
div2k/0878.png/sigma_0.200,div2k,0878.png,0.20000000298023224,U-TV (final),DEAL (official pretrained),SSIM,-0.04083901643753052
div2k/0879.png/sigma_0.200,div2k,0879.png,0.20000000298023224,U-TV (final),DEAL (official pretrained),SSIM,-0.02240675687789917
div2k/0880.png/sigma_0.200,div2k,0880.png,0.20000000298023224,U-TV (final),DEAL (official pretrained),SSIM,-0.014157354831695557
div2k/0881.png/sigma_0.200,div2k,0881.png,0.20000000298023224,U-TV (final),DEAL (official pretrained),SSIM,-0.01985853910446167
div2k/0882.png/sigma_0.200,div2k,0882.png,0.20000000298023224,U-TV (final),DEAL (official pretrained),SSIM,-0.022422075271606445
div2k/0883.png/sigma_0.200,div2k,0883.png,0.20000000298023224,U-TV (final),DEAL (official pretrained),SSIM,-0.016889095306396484
div2k/0884.png/sigma_0.200,div2k,0884.png,0.20000000298023224,U-TV (final),DEAL (official pretrained),SSIM,-0.03583991527557373
div2k/0885.png/sigma_0.200,div2k,0885.png,0.20000000298023224,U-TV (final),DEAL (official pretrained),SSIM,-0.10788983106613159
div2k/0886.png/sigma_0.200,div2k,0886.png,0.20000000298023224,U-TV (final),DEAL (official pretrained),SSIM,-0.017666637897491455
div2k/0887.png/sigma_0.200,div2k,0887.png,0.20000000298023224,U-TV (final),DEAL (official pretrained),SSIM,0.003773033618927002
div2k/0888.png/sigma_0.200,div2k,0888.png,0.20000000298023224,U-TV (final),DEAL (official pretrained),SSIM,-0.029802799224853516
div2k/0889.png/sigma_0.200,div2k,0889.png,0.20000000298023224,U-TV (final),DEAL (official pretrained),SSIM,-0.016679346561431885
div2k/0890.png/sigma_0.200,div2k,0890.png,0.20000000298023224,U-TV (final),DEAL (official pretrained),SSIM,-0.018589437007904053
div2k/0891.png/sigma_0.200,div2k,0891.png,0.20000000298023224,U-TV (final),DEAL (official pretrained),SSIM,-0.06809395551681519
div2k/0892.png/sigma_0.200,div2k,0892.png,0.20000000298023224,U-TV (final),DEAL (official pretrained),SSIM,-0.07190799713134766
div2k/0893.png/sigma_0.200,div2k,0893.png,0.20000000298023224,U-TV (final),DEAL (official pretrained),SSIM,-0.002290666103363037
div2k/0894.png/sigma_0.200,div2k,0894.png,0.20000000298023224,U-TV (final),DEAL (official pretrained),SSIM,-0.00713956356048584
div2k/0895.png/sigma_0.200,div2k,0895.png,0.20000000298023224,U-TV (final),DEAL (official pretrained),SSIM,-0.04217410087585449
div2k/0896.png/sigma_0.200,div2k,0896.png,0.20000000298023224,U-TV (final),DEAL (official pretrained),SSIM,-0.03200060129165638
div2k/0897.png/sigma_0.200,div2k,0897.png,0.20000000298023224,U-TV (final),DEAL (official pretrained),SSIM,-0.11789876222610474
div2k/0898.png/sigma_0.200,div2k,0898.png,0.20000000298023224,U-TV (final),DEAL (official pretrained),SSIM,-0.005103468894958496
div2k/0899.png/sigma_0.200,div2k,0899.png,0.20000000298023224,U-TV (final),DEAL (official pretrained),SSIM,-0.03307110071182251
div2k/0900.png/sigma_0.200,div2k,0900.png,0.20000000298023224,U-TV (final),DEAL (official pretrained),SSIM,-0.0019370317459106445
div2k/0801.png/sigma_0.200,div2k,0801.png,0.20000000298023224,U-TGV (final),DEAL (official pretrained),PSNR,-0.165557861328125
div2k/0802.png/sigma_0.200,div2k,0802.png,0.20000000298023224,U-TGV (final),DEAL (official pretrained),PSNR,-0.42132568359375355
div2k/0803.png/sigma_0.200,div2k,0803.png,0.20000000298023224,U-TGV (final),DEAL (official pretrained),PSNR,-1.0291004180908168
div2k/0804.png/sigma_0.200,div2k,0804.png,0.20000000298023224,U-TGV (final),DEAL (official pretrained),PSNR,-0.7100276947021484
div2k/0805.png/sigma_0.200,div2k,0805.png,0.20000000298023224,U-TGV (final),DEAL (official pretrained),PSNR,-0.052257537841796875
div2k/0806.png/sigma_0.200,div2k,0806.png,0.20000000298023224,U-TGV (final),DEAL (official pretrained),PSNR,-0.43386077880859375
div2k/0807.png/sigma_0.200,div2k,0807.png,0.20000000298023224,U-TGV (final),DEAL (official pretrained),PSNR,-0.06112861633300781
div2k/0808.png/sigma_0.200,div2k,0808.png,0.20000000298023224,U-TGV (final),DEAL (official pretrained),PSNR,-0.5767917633056641
div2k/0809.png/sigma_0.200,div2k,0809.png,0.20000000298023224,U-TGV (final),DEAL (official pretrained),PSNR,-0.16010284423828125
div2k/0810.png/sigma_0.200,div2k,0810.png,0.20000000298023224,U-TGV (final),DEAL (official pretrained),PSNR,-0.1449127197265625
div2k/0811.png/sigma_0.200,div2k,0811.png,0.20000000298023224,U-TGV (final),DEAL (official pretrained),PSNR,0.16582489013671875
div2k/0812.png/sigma_0.200,div2k,0812.png,0.20000000298023224,U-TGV (final),DEAL (official pretrained),PSNR,-1.2345600128173828
div2k/0813.png/sigma_0.200,div2k,0813.png,0.20000000298023224,U-TGV (final),DEAL (official pretrained),PSNR,-0.46082878112793324
div2k/0814.png/sigma_0.200,div2k,0814.png,0.20000000298023224,U-TGV (final),DEAL (official pretrained),PSNR,-1.183017730712887
div2k/0815.png/sigma_0.200,div2k,0815.png,0.20000000298023224,U-TGV (final),DEAL (official pretrained),PSNR,-0.1634654998779297
div2k/0816.png/sigma_0.200,div2k,0816.png,0.20000000298023224,U-TGV (final),DEAL (official pretrained),PSNR,-0.6265277862548828
div2k/0817.png/sigma_0.200,div2k,0817.png,0.20000000298023224,U-TGV (final),DEAL (official pretrained),PSNR,-0.3746490478515625
div2k/0818.png/sigma_0.200,div2k,0818.png,0.20000000298023224,U-TGV (final),DEAL (official pretrained),PSNR,-0.4151039123535156
div2k/0819.png/sigma_0.200,div2k,0819.png,0.20000000298023224,U-TGV (final),DEAL (official pretrained),PSNR,-0.15668678283691406
div2k/0820.png/sigma_0.200,div2k,0820.png,0.20000000298023224,U-TGV (final),DEAL (official pretrained),PSNR,-0.9977321624755859
div2k/0821.png/sigma_0.200,div2k,0821.png,0.20000000298023224,U-TGV (final),DEAL (official pretrained),PSNR,-1.8801021575927734
div2k/0822.png/sigma_0.200,div2k,0822.png,0.20000000298023224,U-TGV (final),DEAL (official pretrained),PSNR,-0.08653450012207031
div2k/0823.png/sigma_0.200,div2k,0823.png,0.20000000298023224,U-TGV (final),DEAL (official pretrained),PSNR,-0.25769805908203125
div2k/0824.png/sigma_0.200,div2k,0824.png,0.20000000298023224,U-TGV (final),DEAL (official pretrained),PSNR,-1.3180179595947266
div2k/0825.png/sigma_0.200,div2k,0825.png,0.20000000298023224,U-TGV (final),DEAL (official pretrained),PSNR,-0.7641220092773438
div2k/0826.png/sigma_0.200,div2k,0826.png,0.20000000298023224,U-TGV (final),DEAL (official pretrained),PSNR,-0.8911380767822266
div2k/0827.png/sigma_0.200,div2k,0827.png,0.20000000298023224,U-TGV (final),DEAL (official pretrained),PSNR,-0.06693267822265625
div2k/0828.png/sigma_0.200,div2k,0828.png,0.20000000298023224,U-TGV (final),DEAL (official pretrained),PSNR,-2.054315567016605
div2k/0829.png/sigma_0.200,div2k,0829.png,0.20000000298023224,U-TGV (final),DEAL (official pretrained),PSNR,-1.0843257904052699
div2k/0830.png/sigma_0.200,div2k,0830.png,0.20000000298023224,U-TGV (final),DEAL (official pretrained),PSNR,-1.0017662048339844
div2k/0831.png/sigma_0.200,div2k,0831.png,0.20000000298023224,U-TGV (final),DEAL (official pretrained),PSNR,-0.4030170440673828
div2k/0832.png/sigma_0.200,div2k,0832.png,0.20000000298023224,U-TGV (final),DEAL (official pretrained),PSNR,-0.34882164001464844
div2k/0833.png/sigma_0.200,div2k,0833.png,0.20000000298023224,U-TGV (final),DEAL (official pretrained),PSNR,-1.461374282836914
div2k/0834.png/sigma_0.200,div2k,0834.png,0.20000000298023224,U-TGV (final),DEAL (official pretrained),PSNR,-0.3273372650146449
div2k/0835.png/sigma_0.200,div2k,0835.png,0.20000000298023224,U-TGV (final),DEAL (official pretrained),PSNR,-0.1503314971923828
div2k/0836.png/sigma_0.200,div2k,0836.png,0.20000000298023224,U-TGV (final),DEAL (official pretrained),PSNR,-1.2141551971435511
div2k/0837.png/sigma_0.200,div2k,0837.png,0.20000000298023224,U-TGV (final),DEAL (official pretrained),PSNR,-0.3906841278076172
div2k/0838.png/sigma_0.200,div2k,0838.png,0.20000000298023224,U-TGV (final),DEAL (official pretrained),PSNR,-0.5571708679199219
div2k/0839.png/sigma_0.200,div2k,0839.png,0.20000000298023224,U-TGV (final),DEAL (official pretrained),PSNR,-0.14704132080078125
div2k/0840.png/sigma_0.200,div2k,0840.png,0.20000000298023224,U-TGV (final),DEAL (official pretrained),PSNR,-0.04817962646484375
div2k/0841.png/sigma_0.200,div2k,0841.png,0.20000000298023224,U-TGV (final),DEAL (official pretrained),PSNR,-0.35047340393066406
div2k/0842.png/sigma_0.200,div2k,0842.png,0.20000000298023224,U-TGV (final),DEAL (official pretrained),PSNR,-0.1321430206298828
div2k/0843.png/sigma_0.200,div2k,0843.png,0.20000000298023224,U-TGV (final),DEAL (official pretrained),PSNR,-0.46848106384277344
div2k/0844.png/sigma_0.200,div2k,0844.png,0.20000000298023224,U-TGV (final),DEAL (official pretrained),PSNR,-0.3155326843261719
div2k/0845.png/sigma_0.200,div2k,0845.png,0.20000000298023224,U-TGV (final),DEAL (official pretrained),PSNR,-1.3167572021484375
div2k/0846.png/sigma_0.200,div2k,0846.png,0.20000000298023224,U-TGV (final),DEAL (official pretrained),PSNR,-0.6128311157226562
div2k/0847.png/sigma_0.200,div2k,0847.png,0.20000000298023224,U-TGV (final),DEAL (official pretrained),PSNR,-0.6865959167480469
div2k/0848.png/sigma_0.200,div2k,0848.png,0.20000000298023224,U-TGV (final),DEAL (official pretrained),PSNR,-0.7152023315429688
div2k/0849.png/sigma_0.200,div2k,0849.png,0.20000000298023224,U-TGV (final),DEAL (official pretrained),PSNR,-0.2399749755859375
div2k/0850.png/sigma_0.200,div2k,0850.png,0.20000000298023224,U-TGV (final),DEAL (official pretrained),PSNR,-0.3821754455566406
div2k/0851.png/sigma_0.200,div2k,0851.png,0.20000000298023224,U-TGV (final),DEAL (official pretrained),PSNR,-0.3769702911376953
div2k/0852.png/sigma_0.200,div2k,0852.png,0.20000000298023224,U-TGV (final),DEAL (official pretrained),PSNR,0.261627197265625
div2k/0853.png/sigma_0.200,div2k,0853.png,0.20000000298023224,U-TGV (final),DEAL (official pretrained),PSNR,-0.4488067626953125
div2k/0854.png/sigma_0.200,div2k,0854.png,0.20000000298023224,U-TGV (final),DEAL (official pretrained),PSNR,-0.7447319030761719
div2k/0855.png/sigma_0.200,div2k,0855.png,0.20000000298023224,U-TGV (final),DEAL (official pretrained),PSNR,-0.49671173095703125
div2k/0856.png/sigma_0.200,div2k,0856.png,0.20000000298023224,U-TGV (final),DEAL (official pretrained),PSNR,0.049974441528323865
div2k/0857.png/sigma_0.200,div2k,0857.png,0.20000000298023224,U-TGV (final),DEAL (official pretrained),PSNR,-1.1131610870361328
div2k/0858.png/sigma_0.200,div2k,0858.png,0.20000000298023224,U-TGV (final),DEAL (official pretrained),PSNR,0.3322830200195348
div2k/0859.png/sigma_0.200,div2k,0859.png,0.20000000298023224,U-TGV (final),DEAL (official pretrained),PSNR,-0.3121299743652344
div2k/0860.png/sigma_0.200,div2k,0860.png,0.20000000298023224,U-TGV (final),DEAL (official pretrained),PSNR,-0.05714988708496094
div2k/0861.png/sigma_0.200,div2k,0861.png,0.20000000298023224,U-TGV (final),DEAL (official pretrained),PSNR,-0.23272323608398438
div2k/0862.png/sigma_0.200,div2k,0862.png,0.20000000298023224,U-TGV (final),DEAL (official pretrained),PSNR,-0.9175662994384766
div2k/0863.png/sigma_0.200,div2k,0863.png,0.20000000298023224,U-TGV (final),DEAL (official pretrained),PSNR,-0.29960060119628906
div2k/0864.png/sigma_0.200,div2k,0864.png,0.20000000298023224,U-TGV (final),DEAL (official pretrained),PSNR,-0.370849609375
div2k/0865.png/sigma_0.200,div2k,0865.png,0.20000000298023224,U-TGV (final),DEAL (official pretrained),PSNR,-0.4929466247558594
div2k/0866.png/sigma_0.200,div2k,0866.png,0.20000000298023224,U-TGV (final),DEAL (official pretrained),PSNR,-0.45691490173339844
div2k/0867.png/sigma_0.200,div2k,0867.png,0.20000000298023224,U-TGV (final),DEAL (official pretrained),PSNR,-1.6189517974853516
div2k/0868.png/sigma_0.200,div2k,0868.png,0.20000000298023224,U-TGV (final),DEAL (official pretrained),PSNR,-0.8441753387451172
div2k/0869.png/sigma_0.200,div2k,0869.png,0.20000000298023224,U-TGV (final),DEAL (official pretrained),PSNR,-0.4159698486328125
div2k/0870.png/sigma_0.200,div2k,0870.png,0.20000000298023224,U-TGV (final),DEAL (official pretrained),PSNR,-0.2586288452148473
div2k/0871.png/sigma_0.200,div2k,0871.png,0.20000000298023224,U-TGV (final),DEAL (official pretrained),PSNR,-0.4642906188964844
div2k/0872.png/sigma_0.200,div2k,0872.png,0.20000000298023224,U-TGV (final),DEAL (official pretrained),PSNR,-0.5251388549804688
div2k/0873.png/sigma_0.200,div2k,0873.png,0.20000000298023224,U-TGV (final),DEAL (official pretrained),PSNR,-0.2914295196533203
div2k/0874.png/sigma_0.200,div2k,0874.png,0.20000000298023224,U-TGV (final),DEAL (official pretrained),PSNR,-0.7263011932373047
div2k/0875.png/sigma_0.200,div2k,0875.png,0.20000000298023224,U-TGV (final),DEAL (official pretrained),PSNR,-0.6091537475585938
div2k/0876.png/sigma_0.200,div2k,0876.png,0.20000000298023224,U-TGV (final),DEAL (official pretrained),PSNR,0.1727809906005895
div2k/0877.png/sigma_0.200,div2k,0877.png,0.20000000298023224,U-TGV (final),DEAL (official pretrained),PSNR,0.32370567321777344
div2k/0878.png/sigma_0.200,div2k,0878.png,0.20000000298023224,U-TGV (final),DEAL (official pretrained),PSNR,-0.6638107299804688
div2k/0879.png/sigma_0.200,div2k,0879.png,0.20000000298023224,U-TGV (final),DEAL (official pretrained),PSNR,-1.069356918334961
div2k/0880.png/sigma_0.200,div2k,0880.png,0.20000000298023224,U-TGV (final),DEAL (official pretrained),PSNR,-0.4889678955078125
div2k/0881.png/sigma_0.200,div2k,0881.png,0.20000000298023224,U-TGV (final),DEAL (official pretrained),PSNR,-0.6218757629394531
div2k/0882.png/sigma_0.200,div2k,0882.png,0.20000000298023224,U-TGV (final),DEAL (official pretrained),PSNR,-0.7581348419189489
div2k/0883.png/sigma_0.200,div2k,0883.png,0.20000000298023224,U-TGV (final),DEAL (official pretrained),PSNR,-0.38689422607421875
div2k/0884.png/sigma_0.200,div2k,0884.png,0.20000000298023224,U-TGV (final),DEAL (official pretrained),PSNR,-0.6289997100830078
div2k/0885.png/sigma_0.200,div2k,0885.png,0.20000000298023224,U-TGV (final),DEAL (official pretrained),PSNR,-1.5957603454589844
div2k/0886.png/sigma_0.200,div2k,0886.png,0.20000000298023224,U-TGV (final),DEAL (official pretrained),PSNR,-0.43823814392089844
div2k/0887.png/sigma_0.200,div2k,0887.png,0.20000000298023224,U-TGV (final),DEAL (official pretrained),PSNR,-0.39250946044921875
div2k/0888.png/sigma_0.200,div2k,0888.png,0.20000000298023224,U-TGV (final),DEAL (official pretrained),PSNR,-0.5827541351318359
div2k/0889.png/sigma_0.200,div2k,0889.png,0.20000000298023224,U-TGV (final),DEAL (official pretrained),PSNR,-0.2979621887207031
div2k/0890.png/sigma_0.200,div2k,0890.png,0.20000000298023224,U-TGV (final),DEAL (official pretrained),PSNR,-0.6601238250732422
div2k/0891.png/sigma_0.200,div2k,0891.png,0.20000000298023224,U-TGV (final),DEAL (official pretrained),PSNR,-1.207784652709961
div2k/0892.png/sigma_0.200,div2k,0892.png,0.20000000298023224,U-TGV (final),DEAL (official pretrained),PSNR,-0.7643337249755859
div2k/0893.png/sigma_0.200,div2k,0893.png,0.20000000298023224,U-TGV (final),DEAL (official pretrained),PSNR,-0.6631183624267578
div2k/0894.png/sigma_0.200,div2k,0894.png,0.20000000298023224,U-TGV (final),DEAL (official pretrained),PSNR,-0.6217098236083984
div2k/0895.png/sigma_0.200,div2k,0895.png,0.20000000298023224,U-TGV (final),DEAL (official pretrained),PSNR,-0.4761638641357422
div2k/0896.png/sigma_0.200,div2k,0896.png,0.20000000298023224,U-TGV (final),DEAL (official pretrained),PSNR,-0.9023571014404297
div2k/0897.png/sigma_0.200,div2k,0897.png,0.20000000298023224,U-TGV (final),DEAL (official pretrained),PSNR,-2.487543106079105
div2k/0898.png/sigma_0.200,div2k,0898.png,0.20000000298023224,U-TGV (final),DEAL (official pretrained),PSNR,-0.734649658203125
div2k/0899.png/sigma_0.200,div2k,0899.png,0.20000000298023224,U-TGV (final),DEAL (official pretrained),PSNR,-0.9871101379394531
div2k/0900.png/sigma_0.200,div2k,0900.png,0.20000000298023224,U-TGV (final),DEAL (official pretrained),PSNR,-0.3211536407470703
div2k/0801.png/sigma_0.200,div2k,0801.png,0.20000000298023224,U-TGV (final),DEAL (official pretrained),SSIM,0.007422089576721191
div2k/0802.png/sigma_0.200,div2k,0802.png,0.20000000298023224,U-TGV (final),DEAL (official pretrained),SSIM,-0.004472792148590088
div2k/0803.png/sigma_0.200,div2k,0803.png,0.20000000298023224,U-TGV (final),DEAL (official pretrained),SSIM,-0.025597870349884033
div2k/0804.png/sigma_0.200,div2k,0804.png,0.20000000298023224,U-TGV (final),DEAL (official pretrained),SSIM,-0.014349699020385742
div2k/0805.png/sigma_0.200,div2k,0805.png,0.20000000298023224,U-TGV (final),DEAL (official pretrained),SSIM,0.015651226043701172
div2k/0806.png/sigma_0.200,div2k,0806.png,0.20000000298023224,U-TGV (final),DEAL (official pretrained),SSIM,-0.0233345627784729
div2k/0807.png/sigma_0.200,div2k,0807.png,0.20000000298023224,U-TGV (final),DEAL (official pretrained),SSIM,0.01322638988494873
div2k/0808.png/sigma_0.200,div2k,0808.png,0.20000000298023224,U-TGV (final),DEAL (official pretrained),SSIM,-0.041963040828704834
div2k/0809.png/sigma_0.200,div2k,0809.png,0.20000000298023224,U-TGV (final),DEAL (official pretrained),SSIM,0.006729185581207275
div2k/0810.png/sigma_0.200,div2k,0810.png,0.20000000298023224,U-TGV (final),DEAL (official pretrained),SSIM,-0.0007532238960266113
div2k/0811.png/sigma_0.200,div2k,0811.png,0.20000000298023224,U-TGV (final),DEAL (official pretrained),SSIM,0.04513782262802124
div2k/0812.png/sigma_0.200,div2k,0812.png,0.20000000298023224,U-TGV (final),DEAL (official pretrained),SSIM,-0.03722488880157471
div2k/0813.png/sigma_0.200,div2k,0813.png,0.20000000298023224,U-TGV (final),DEAL (official pretrained),SSIM,-0.017032265663146973
div2k/0814.png/sigma_0.200,div2k,0814.png,0.20000000298023224,U-TGV (final),DEAL (official pretrained),SSIM,-0.09206831455230713
div2k/0815.png/sigma_0.200,div2k,0815.png,0.20000000298023224,U-TGV (final),DEAL (official pretrained),SSIM,0.018104195594787598
div2k/0816.png/sigma_0.200,div2k,0816.png,0.20000000298023224,U-TGV (final),DEAL (official pretrained),SSIM,-0.040099263191223145
div2k/0817.png/sigma_0.200,div2k,0817.png,0.20000000298023224,U-TGV (final),DEAL (official pretrained),SSIM,-0.02737283706665039
div2k/0818.png/sigma_0.200,div2k,0818.png,0.20000000298023224,U-TGV (final),DEAL (official pretrained),SSIM,-0.03118222951889038
div2k/0819.png/sigma_0.200,div2k,0819.png,0.20000000298023224,U-TGV (final),DEAL (official pretrained),SSIM,0.006278038024902344
div2k/0820.png/sigma_0.200,div2k,0820.png,0.20000000298023224,U-TGV (final),DEAL (official pretrained),SSIM,-0.04026675224304199
div2k/0821.png/sigma_0.200,div2k,0821.png,0.20000000298023224,U-TGV (final),DEAL (official pretrained),SSIM,-0.058263421058654785
div2k/0822.png/sigma_0.200,div2k,0822.png,0.20000000298023224,U-TGV (final),DEAL (official pretrained),SSIM,0.027779817581176758
div2k/0823.png/sigma_0.200,div2k,0823.png,0.20000000298023224,U-TGV (final),DEAL (official pretrained),SSIM,-0.043316662311553955
div2k/0824.png/sigma_0.200,div2k,0824.png,0.20000000298023224,U-TGV (final),DEAL (official pretrained),SSIM,-0.04660332202911377
div2k/0825.png/sigma_0.200,div2k,0825.png,0.20000000298023224,U-TGV (final),DEAL (official pretrained),SSIM,-0.03320807218551636
div2k/0826.png/sigma_0.200,div2k,0826.png,0.20000000298023224,U-TGV (final),DEAL (official pretrained),SSIM,-0.05629235506057739
div2k/0827.png/sigma_0.200,div2k,0827.png,0.20000000298023224,U-TGV (final),DEAL (official pretrained),SSIM,0.01700878143310547
div2k/0828.png/sigma_0.200,div2k,0828.png,0.20000000298023224,U-TGV (final),DEAL (official pretrained),SSIM,-0.1375664472579956
div2k/0829.png/sigma_0.200,div2k,0829.png,0.20000000298023224,U-TGV (final),DEAL (official pretrained),SSIM,-0.03341406583786011
div2k/0830.png/sigma_0.200,div2k,0830.png,0.20000000298023224,U-TGV (final),DEAL (official pretrained),SSIM,-0.0565953254699707
div2k/0831.png/sigma_0.200,div2k,0831.png,0.20000000298023224,U-TGV (final),DEAL (official pretrained),SSIM,-0.003566145896911621
div2k/0832.png/sigma_0.200,div2k,0832.png,0.20000000298023224,U-TGV (final),DEAL (official pretrained),SSIM,-0.007983088493347168
div2k/0833.png/sigma_0.200,div2k,0833.png,0.20000000298023224,U-TGV (final),DEAL (official pretrained),SSIM,-0.0734943151473999
div2k/0834.png/sigma_0.200,div2k,0834.png,0.20000000298023224,U-TGV (final),DEAL (official pretrained),SSIM,-0.0012042522430419922
div2k/0835.png/sigma_0.200,div2k,0835.png,0.20000000298023224,U-TGV (final),DEAL (official pretrained),SSIM,0.006583571434020996
div2k/0836.png/sigma_0.200,div2k,0836.png,0.20000000298023224,U-TGV (final),DEAL (official pretrained),SSIM,-0.06055915355682373
div2k/0837.png/sigma_0.200,div2k,0837.png,0.20000000298023224,U-TGV (final),DEAL (official pretrained),SSIM,-0.0003775358200073242
div2k/0838.png/sigma_0.200,div2k,0838.png,0.20000000298023224,U-TGV (final),DEAL (official pretrained),SSIM,-0.017296195030212402
div2k/0839.png/sigma_0.200,div2k,0839.png,0.20000000298023224,U-TGV (final),DEAL (official pretrained),SSIM,0.00012725591659545898
div2k/0840.png/sigma_0.200,div2k,0840.png,0.20000000298023224,U-TGV (final),DEAL (official pretrained),SSIM,0.026560962200164795
div2k/0841.png/sigma_0.200,div2k,0841.png,0.20000000298023224,U-TGV (final),DEAL (official pretrained),SSIM,-0.009472429752349854
div2k/0842.png/sigma_0.200,div2k,0842.png,0.20000000298023224,U-TGV (final),DEAL (official pretrained),SSIM,0.010219871997833252
div2k/0843.png/sigma_0.200,div2k,0843.png,0.20000000298023224,U-TGV (final),DEAL (official pretrained),SSIM,-0.06341272592544556
div2k/0844.png/sigma_0.200,div2k,0844.png,0.20000000298023224,U-TGV (final),DEAL (official pretrained),SSIM,-0.008430242538452148
div2k/0845.png/sigma_0.200,div2k,0845.png,0.20000000298023224,U-TGV (final),DEAL (official pretrained),SSIM,-0.07819634675979614
div2k/0846.png/sigma_0.200,div2k,0846.png,0.20000000298023224,U-TGV (final),DEAL (official pretrained),SSIM,-0.018796920776367188
div2k/0847.png/sigma_0.200,div2k,0847.png,0.20000000298023224,U-TGV (final),DEAL (official pretrained),SSIM,-0.02818918228149414
div2k/0848.png/sigma_0.200,div2k,0848.png,0.20000000298023224,U-TGV (final),DEAL (official pretrained),SSIM,-0.022122979164123535
div2k/0849.png/sigma_0.200,div2k,0849.png,0.20000000298023224,U-TGV (final),DEAL (official pretrained),SSIM,0.0026137828826904297
div2k/0850.png/sigma_0.200,div2k,0850.png,0.20000000298023224,U-TGV (final),DEAL (official pretrained),SSIM,-0.013577103614807129
div2k/0851.png/sigma_0.200,div2k,0851.png,0.20000000298023224,U-TGV (final),DEAL (official pretrained),SSIM,-0.05875563621520996
div2k/0852.png/sigma_0.200,div2k,0852.png,0.20000000298023224,U-TGV (final),DEAL (official pretrained),SSIM,0.05362796783447271
div2k/0853.png/sigma_0.200,div2k,0853.png,0.20000000298023224,U-TGV (final),DEAL (official pretrained),SSIM,-0.04159790277481079
div2k/0854.png/sigma_0.200,div2k,0854.png,0.20000000298023224,U-TGV (final),DEAL (official pretrained),SSIM,-0.04837614297866821
div2k/0855.png/sigma_0.200,div2k,0855.png,0.20000000298023224,U-TGV (final),DEAL (official pretrained),SSIM,-0.014736771583557129
div2k/0856.png/sigma_0.200,div2k,0856.png,0.20000000298023224,U-TGV (final),DEAL (official pretrained),SSIM,0.03086376190185547
div2k/0857.png/sigma_0.200,div2k,0857.png,0.20000000298023224,U-TGV (final),DEAL (official pretrained),SSIM,-0.032483816146850586
div2k/0858.png/sigma_0.200,div2k,0858.png,0.20000000298023224,U-TGV (final),DEAL (official pretrained),SSIM,0.07629340887069702
div2k/0859.png/sigma_0.200,div2k,0859.png,0.20000000298023224,U-TGV (final),DEAL (official pretrained),SSIM,-0.005164980888366699
div2k/0860.png/sigma_0.200,div2k,0860.png,0.20000000298023224,U-TGV (final),DEAL (official pretrained),SSIM,0.018567562103271484
div2k/0861.png/sigma_0.200,div2k,0861.png,0.20000000298023224,U-TGV (final),DEAL (official pretrained),SSIM,0.014120519161224365
div2k/0862.png/sigma_0.200,div2k,0862.png,0.20000000298023224,U-TGV (final),DEAL (official pretrained),SSIM,-0.05063891410827637
div2k/0863.png/sigma_0.200,div2k,0863.png,0.20000000298023224,U-TGV (final),DEAL (official pretrained),SSIM,-0.032882750034332275
div2k/0864.png/sigma_0.200,div2k,0864.png,0.20000000298023224,U-TGV (final),DEAL (official pretrained),SSIM,-0.005474984645843506
div2k/0865.png/sigma_0.200,div2k,0865.png,0.20000000298023224,U-TGV (final),DEAL (official pretrained),SSIM,-0.015200495719909668
div2k/0866.png/sigma_0.200,div2k,0866.png,0.20000000298023224,U-TGV (final),DEAL (official pretrained),SSIM,-0.014858543872833252
div2k/0867.png/sigma_0.200,div2k,0867.png,0.20000000298023224,U-TGV (final),DEAL (official pretrained),SSIM,-0.06916797161102295
div2k/0868.png/sigma_0.200,div2k,0868.png,0.20000000298023224,U-TGV (final),DEAL (official pretrained),SSIM,-0.08942121267318726
div2k/0869.png/sigma_0.200,div2k,0869.png,0.20000000298023224,U-TGV (final),DEAL (official pretrained),SSIM,-0.03156113624572754
div2k/0870.png/sigma_0.200,div2k,0870.png,0.20000000298023224,U-TGV (final),DEAL (official pretrained),SSIM,-0.009479165077209473
div2k/0871.png/sigma_0.200,div2k,0871.png,0.20000000298023224,U-TGV (final),DEAL (official pretrained),SSIM,-0.01670253276824951
div2k/0872.png/sigma_0.200,div2k,0872.png,0.20000000298023224,U-TGV (final),DEAL (official pretrained),SSIM,-0.011256814002990723
div2k/0873.png/sigma_0.200,div2k,0873.png,0.20000000298023224,U-TGV (final),DEAL (official pretrained),SSIM,-0.01875615119934082
div2k/0874.png/sigma_0.200,div2k,0874.png,0.20000000298023224,U-TGV (final),DEAL (official pretrained),SSIM,-0.03471171855926514
div2k/0875.png/sigma_0.200,div2k,0875.png,0.20000000298023224,U-TGV (final),DEAL (official pretrained),SSIM,-0.013081371784210205
div2k/0876.png/sigma_0.200,div2k,0876.png,0.20000000298023224,U-TGV (final),DEAL (official pretrained),SSIM,0.055317580699920654
div2k/0877.png/sigma_0.200,div2k,0877.png,0.20000000298023224,U-TGV (final),DEAL (official pretrained),SSIM,0.07327258586883545
div2k/0878.png/sigma_0.200,div2k,0878.png,0.20000000298023224,U-TGV (final),DEAL (official pretrained),SSIM,-0.024345219135284424
div2k/0879.png/sigma_0.200,div2k,0879.png,0.20000000298023224,U-TGV (final),DEAL (official pretrained),SSIM,-0.074851393699646
div2k/0880.png/sigma_0.200,div2k,0880.png,0.20000000298023224,U-TGV (final),DEAL (official pretrained),SSIM,-0.05802738666534424
div2k/0881.png/sigma_0.200,div2k,0881.png,0.20000000298023224,U-TGV (final),DEAL (official pretrained),SSIM,-0.023855090141296387
div2k/0882.png/sigma_0.200,div2k,0882.png,0.20000000298023224,U-TGV (final),DEAL (official pretrained),SSIM,-0.012539267539978027
div2k/0883.png/sigma_0.200,div2k,0883.png,0.20000000298023224,U-TGV (final),DEAL (official pretrained),SSIM,-0.012838661670684814
div2k/0884.png/sigma_0.200,div2k,0884.png,0.20000000298023224,U-TGV (final),DEAL (official pretrained),SSIM,-0.01985412836074829
div2k/0885.png/sigma_0.200,div2k,0885.png,0.20000000298023224,U-TGV (final),DEAL (official pretrained),SSIM,-0.09520125389099121
div2k/0886.png/sigma_0.200,div2k,0886.png,0.20000000298023224,U-TGV (final),DEAL (official pretrained),SSIM,-0.0022153258323669434
div2k/0887.png/sigma_0.200,div2k,0887.png,0.20000000298023224,U-TGV (final),DEAL (official pretrained),SSIM,-0.009277284145355225
div2k/0888.png/sigma_0.200,div2k,0888.png,0.20000000298023224,U-TGV (final),DEAL (official pretrained),SSIM,-0.014268279075622559
div2k/0889.png/sigma_0.200,div2k,0889.png,0.20000000298023224,U-TGV (final),DEAL (official pretrained),SSIM,0.003280162811279297
div2k/0890.png/sigma_0.200,div2k,0890.png,0.20000000298023224,U-TGV (final),DEAL (official pretrained),SSIM,-0.07427650690078735
div2k/0891.png/sigma_0.200,div2k,0891.png,0.20000000298023224,U-TGV (final),DEAL (official pretrained),SSIM,-0.05216705799102783
div2k/0892.png/sigma_0.200,div2k,0892.png,0.20000000298023224,U-TGV (final),DEAL (official pretrained),SSIM,-0.028577029705047607
div2k/0893.png/sigma_0.200,div2k,0893.png,0.20000000298023224,U-TGV (final),DEAL (official pretrained),SSIM,0.0003879666328430176
div2k/0894.png/sigma_0.200,div2k,0894.png,0.20000000298023224,U-TGV (final),DEAL (official pretrained),SSIM,-0.013808071613311768
div2k/0895.png/sigma_0.200,div2k,0895.png,0.20000000298023224,U-TGV (final),DEAL (official pretrained),SSIM,-0.02781832218170166
div2k/0896.png/sigma_0.200,div2k,0896.png,0.20000000298023224,U-TGV (final),DEAL (official pretrained),SSIM,-0.07465535402297963
div2k/0897.png/sigma_0.200,div2k,0897.png,0.20000000298023224,U-TGV (final),DEAL (official pretrained),SSIM,-0.1069367527961731
div2k/0898.png/sigma_0.200,div2k,0898.png,0.20000000298023224,U-TGV (final),DEAL (official pretrained),SSIM,-0.10372263193130493
div2k/0899.png/sigma_0.200,div2k,0899.png,0.20000000298023224,U-TGV (final),DEAL (official pretrained),SSIM,-0.0203859806060791
div2k/0900.png/sigma_0.200,div2k,0900.png,0.20000000298023224,U-TGV (final),DEAL (official pretrained),SSIM,0.01555478572845459
div2k/0801.png/sigma_0.200,div2k,0801.png,0.20000000298023224,U-Tikhonov T16/CG32 (final),DEAL (official pretrained),PSNR,-0.19165611267089844
div2k/0802.png/sigma_0.200,div2k,0802.png,0.20000000298023224,U-Tikhonov T16/CG32 (final),DEAL (official pretrained),PSNR,-0.9877243041992223
div2k/0803.png/sigma_0.200,div2k,0803.png,0.20000000298023224,U-Tikhonov T16/CG32 (final),DEAL (official pretrained),PSNR,-1.0703258514404261
div2k/0804.png/sigma_0.200,div2k,0804.png,0.20000000298023224,U-Tikhonov T16/CG32 (final),DEAL (official pretrained),PSNR,-0.70159912109375
div2k/0805.png/sigma_0.200,div2k,0805.png,0.20000000298023224,U-Tikhonov T16/CG32 (final),DEAL (official pretrained),PSNR,-0.21246337890625
div2k/0806.png/sigma_0.200,div2k,0806.png,0.20000000298023224,U-Tikhonov T16/CG32 (final),DEAL (official pretrained),PSNR,-0.4800071716308594
div2k/0807.png/sigma_0.200,div2k,0807.png,0.20000000298023224,U-Tikhonov T16/CG32 (final),DEAL (official pretrained),PSNR,-0.03132438659667969
div2k/0808.png/sigma_0.200,div2k,0808.png,0.20000000298023224,U-Tikhonov T16/CG32 (final),DEAL (official pretrained),PSNR,-0.49045372009277344
div2k/0809.png/sigma_0.200,div2k,0809.png,0.20000000298023224,U-Tikhonov T16/CG32 (final),DEAL (official pretrained),PSNR,-0.17234039306640625
div2k/0810.png/sigma_0.200,div2k,0810.png,0.20000000298023224,U-Tikhonov T16/CG32 (final),DEAL (official pretrained),PSNR,-0.14825820922851562
div2k/0811.png/sigma_0.200,div2k,0811.png,0.20000000298023224,U-Tikhonov T16/CG32 (final),DEAL (official pretrained),PSNR,0.1289501190185547
div2k/0812.png/sigma_0.200,div2k,0812.png,0.20000000298023224,U-Tikhonov T16/CG32 (final),DEAL (official pretrained),PSNR,-1.2926063537597656
div2k/0813.png/sigma_0.200,div2k,0813.png,0.20000000298023224,U-Tikhonov T16/CG32 (final),DEAL (official pretrained),PSNR,-0.567977905273441
div2k/0814.png/sigma_0.200,div2k,0814.png,0.20000000298023224,U-Tikhonov T16/CG32 (final),DEAL (official pretrained),PSNR,-0.9004192352294886
div2k/0815.png/sigma_0.200,div2k,0815.png,0.20000000298023224,U-Tikhonov T16/CG32 (final),DEAL (official pretrained),PSNR,-0.2990760803222656
div2k/0816.png/sigma_0.200,div2k,0816.png,0.20000000298023224,U-Tikhonov T16/CG32 (final),DEAL (official pretrained),PSNR,-0.6131763458251953
div2k/0817.png/sigma_0.200,div2k,0817.png,0.20000000298023224,U-Tikhonov T16/CG32 (final),DEAL (official pretrained),PSNR,-0.3052406311035156
div2k/0818.png/sigma_0.200,div2k,0818.png,0.20000000298023224,U-Tikhonov T16/CG32 (final),DEAL (official pretrained),PSNR,-0.4885120391845703
div2k/0819.png/sigma_0.200,div2k,0819.png,0.20000000298023224,U-Tikhonov T16/CG32 (final),DEAL (official pretrained),PSNR,-0.2155303955078125
div2k/0820.png/sigma_0.200,div2k,0820.png,0.20000000298023224,U-Tikhonov T16/CG32 (final),DEAL (official pretrained),PSNR,-1.0225963592529297
div2k/0821.png/sigma_0.200,div2k,0821.png,0.20000000298023224,U-Tikhonov T16/CG32 (final),DEAL (official pretrained),PSNR,-1.821035385131836
div2k/0822.png/sigma_0.200,div2k,0822.png,0.20000000298023224,U-Tikhonov T16/CG32 (final),DEAL (official pretrained),PSNR,-0.11041450500488281
div2k/0823.png/sigma_0.200,div2k,0823.png,0.20000000298023224,U-Tikhonov T16/CG32 (final),DEAL (official pretrained),PSNR,-0.20152664184570312
div2k/0824.png/sigma_0.200,div2k,0824.png,0.20000000298023224,U-Tikhonov T16/CG32 (final),DEAL (official pretrained),PSNR,-1.3649559020996094
div2k/0825.png/sigma_0.200,div2k,0825.png,0.20000000298023224,U-Tikhonov T16/CG32 (final),DEAL (official pretrained),PSNR,-0.8922843933105469
div2k/0826.png/sigma_0.200,div2k,0826.png,0.20000000298023224,U-Tikhonov T16/CG32 (final),DEAL (official pretrained),PSNR,-0.9034137725830078
div2k/0827.png/sigma_0.200,div2k,0827.png,0.20000000298023224,U-Tikhonov T16/CG32 (final),DEAL (official pretrained),PSNR,0.023328781127929688
div2k/0828.png/sigma_0.200,div2k,0828.png,0.20000000298023224,U-Tikhonov T16/CG32 (final),DEAL (official pretrained),PSNR,-1.9409923553466832
div2k/0829.png/sigma_0.200,div2k,0829.png,0.20000000298023224,U-Tikhonov T16/CG32 (final),DEAL (official pretrained),PSNR,-1.0782527923583949
div2k/0830.png/sigma_0.200,div2k,0830.png,0.20000000298023224,U-Tikhonov T16/CG32 (final),DEAL (official pretrained),PSNR,-0.9366436004638672
div2k/0831.png/sigma_0.200,div2k,0831.png,0.20000000298023224,U-Tikhonov T16/CG32 (final),DEAL (official pretrained),PSNR,-0.48175811767578125
div2k/0832.png/sigma_0.200,div2k,0832.png,0.20000000298023224,U-Tikhonov T16/CG32 (final),DEAL (official pretrained),PSNR,-0.39711570739746094
div2k/0833.png/sigma_0.200,div2k,0833.png,0.20000000298023224,U-Tikhonov T16/CG32 (final),DEAL (official pretrained),PSNR,-1.6501274108886719
div2k/0834.png/sigma_0.200,div2k,0834.png,0.20000000298023224,U-Tikhonov T16/CG32 (final),DEAL (official pretrained),PSNR,-0.34651184082030895
div2k/0835.png/sigma_0.200,div2k,0835.png,0.20000000298023224,U-Tikhonov T16/CG32 (final),DEAL (official pretrained),PSNR,-0.18999671936035156
div2k/0836.png/sigma_0.200,div2k,0836.png,0.20000000298023224,U-Tikhonov T16/CG32 (final),DEAL (official pretrained),PSNR,-1.3225421905517543
div2k/0837.png/sigma_0.200,div2k,0837.png,0.20000000298023224,U-Tikhonov T16/CG32 (final),DEAL (official pretrained),PSNR,-0.4731121063232422
div2k/0838.png/sigma_0.200,div2k,0838.png,0.20000000298023224,U-Tikhonov T16/CG32 (final),DEAL (official pretrained),PSNR,-0.7296791076660156
div2k/0839.png/sigma_0.200,div2k,0839.png,0.20000000298023224,U-Tikhonov T16/CG32 (final),DEAL (official pretrained),PSNR,-0.1544647216796875
div2k/0840.png/sigma_0.200,div2k,0840.png,0.20000000298023224,U-Tikhonov T16/CG32 (final),DEAL (official pretrained),PSNR,-0.12723350524902344
div2k/0841.png/sigma_0.200,div2k,0841.png,0.20000000298023224,U-Tikhonov T16/CG32 (final),DEAL (official pretrained),PSNR,-0.2870674133300781
div2k/0842.png/sigma_0.200,div2k,0842.png,0.20000000298023224,U-Tikhonov T16/CG32 (final),DEAL (official pretrained),PSNR,-0.2705116271972656
div2k/0843.png/sigma_0.200,div2k,0843.png,0.20000000298023224,U-Tikhonov T16/CG32 (final),DEAL (official pretrained),PSNR,-0.3635406494140625
div2k/0844.png/sigma_0.200,div2k,0844.png,0.20000000298023224,U-Tikhonov T16/CG32 (final),DEAL (official pretrained),PSNR,-0.20189285278320312
div2k/0845.png/sigma_0.200,div2k,0845.png,0.20000000298023224,U-Tikhonov T16/CG32 (final),DEAL (official pretrained),PSNR,-1.3970184326171875
div2k/0846.png/sigma_0.200,div2k,0846.png,0.20000000298023224,U-Tikhonov T16/CG32 (final),DEAL (official pretrained),PSNR,-0.6423072814941406
div2k/0847.png/sigma_0.200,div2k,0847.png,0.20000000298023224,U-Tikhonov T16/CG32 (final),DEAL (official pretrained),PSNR,-0.7583274841308594
div2k/0848.png/sigma_0.200,div2k,0848.png,0.20000000298023224,U-Tikhonov T16/CG32 (final),DEAL (official pretrained),PSNR,-0.8718070983886719
div2k/0849.png/sigma_0.200,div2k,0849.png,0.20000000298023224,U-Tikhonov T16/CG32 (final),DEAL (official pretrained),PSNR,-0.2534523010253906
div2k/0850.png/sigma_0.200,div2k,0850.png,0.20000000298023224,U-Tikhonov T16/CG32 (final),DEAL (official pretrained),PSNR,-0.4175148010253906
div2k/0851.png/sigma_0.200,div2k,0851.png,0.20000000298023224,U-Tikhonov T16/CG32 (final),DEAL (official pretrained),PSNR,-0.2690277099609375
div2k/0852.png/sigma_0.200,div2k,0852.png,0.20000000298023224,U-Tikhonov T16/CG32 (final),DEAL (official pretrained),PSNR,0.2770843505859375
div2k/0853.png/sigma_0.200,div2k,0853.png,0.20000000298023224,U-Tikhonov T16/CG32 (final),DEAL (official pretrained),PSNR,-0.28861427307128906
div2k/0854.png/sigma_0.200,div2k,0854.png,0.20000000298023224,U-Tikhonov T16/CG32 (final),DEAL (official pretrained),PSNR,-0.7344875335693359
div2k/0855.png/sigma_0.200,div2k,0855.png,0.20000000298023224,U-Tikhonov T16/CG32 (final),DEAL (official pretrained),PSNR,-0.5053787231445312
div2k/0856.png/sigma_0.200,div2k,0856.png,0.20000000298023224,U-Tikhonov T16/CG32 (final),DEAL (official pretrained),PSNR,0.15380287170410512
div2k/0857.png/sigma_0.200,div2k,0857.png,0.20000000298023224,U-Tikhonov T16/CG32 (final),DEAL (official pretrained),PSNR,-1.093423843383789
div2k/0858.png/sigma_0.200,div2k,0858.png,0.20000000298023224,U-Tikhonov T16/CG32 (final),DEAL (official pretrained),PSNR,0.3292808532714879
div2k/0859.png/sigma_0.200,div2k,0859.png,0.20000000298023224,U-Tikhonov T16/CG32 (final),DEAL (official pretrained),PSNR,-0.3629322052001953
div2k/0860.png/sigma_0.200,div2k,0860.png,0.20000000298023224,U-Tikhonov T16/CG32 (final),DEAL (official pretrained),PSNR,-0.1385173797607422
div2k/0861.png/sigma_0.200,div2k,0861.png,0.20000000298023224,U-Tikhonov T16/CG32 (final),DEAL (official pretrained),PSNR,-0.2614555358886719
div2k/0862.png/sigma_0.200,div2k,0862.png,0.20000000298023224,U-Tikhonov T16/CG32 (final),DEAL (official pretrained),PSNR,-0.4051399230957031
div2k/0863.png/sigma_0.200,div2k,0863.png,0.20000000298023224,U-Tikhonov T16/CG32 (final),DEAL (official pretrained),PSNR,-0.4036579132080078
div2k/0864.png/sigma_0.200,div2k,0864.png,0.20000000298023224,U-Tikhonov T16/CG32 (final),DEAL (official pretrained),PSNR,-0.4121894836425781
div2k/0865.png/sigma_0.200,div2k,0865.png,0.20000000298023224,U-Tikhonov T16/CG32 (final),DEAL (official pretrained),PSNR,-0.47871971130371094
div2k/0866.png/sigma_0.200,div2k,0866.png,0.20000000298023224,U-Tikhonov T16/CG32 (final),DEAL (official pretrained),PSNR,-0.5728492736816406
div2k/0867.png/sigma_0.200,div2k,0867.png,0.20000000298023224,U-Tikhonov T16/CG32 (final),DEAL (official pretrained),PSNR,-1.6892738342285156
div2k/0868.png/sigma_0.200,div2k,0868.png,0.20000000298023224,U-Tikhonov T16/CG32 (final),DEAL (official pretrained),PSNR,-0.6198348999023438
div2k/0869.png/sigma_0.200,div2k,0869.png,0.20000000298023224,U-Tikhonov T16/CG32 (final),DEAL (official pretrained),PSNR,-0.4903297424316406
div2k/0870.png/sigma_0.200,div2k,0870.png,0.20000000298023224,U-Tikhonov T16/CG32 (final),DEAL (official pretrained),PSNR,-0.26864814758301137
div2k/0871.png/sigma_0.200,div2k,0871.png,0.20000000298023224,U-Tikhonov T16/CG32 (final),DEAL (official pretrained),PSNR,-0.5766506195068359
div2k/0872.png/sigma_0.200,div2k,0872.png,0.20000000298023224,U-Tikhonov T16/CG32 (final),DEAL (official pretrained),PSNR,-0.6115989685058594
div2k/0873.png/sigma_0.200,div2k,0873.png,0.20000000298023224,U-Tikhonov T16/CG32 (final),DEAL (official pretrained),PSNR,-0.2442188262939453
div2k/0874.png/sigma_0.200,div2k,0874.png,0.20000000298023224,U-Tikhonov T16/CG32 (final),DEAL (official pretrained),PSNR,-0.6883468627929688
div2k/0875.png/sigma_0.200,div2k,0875.png,0.20000000298023224,U-Tikhonov T16/CG32 (final),DEAL (official pretrained),PSNR,-0.6609001159667969
div2k/0876.png/sigma_0.200,div2k,0876.png,0.20000000298023224,U-Tikhonov T16/CG32 (final),DEAL (official pretrained),PSNR,0.11855697631836293
div2k/0877.png/sigma_0.200,div2k,0877.png,0.20000000298023224,U-Tikhonov T16/CG32 (final),DEAL (official pretrained),PSNR,0.2830543518066406
div2k/0878.png/sigma_0.200,div2k,0878.png,0.20000000298023224,U-Tikhonov T16/CG32 (final),DEAL (official pretrained),PSNR,-0.7182502746582031
div2k/0879.png/sigma_0.200,div2k,0879.png,0.20000000298023224,U-Tikhonov T16/CG32 (final),DEAL (official pretrained),PSNR,-0.9702529907226562
div2k/0880.png/sigma_0.200,div2k,0880.png,0.20000000298023224,U-Tikhonov T16/CG32 (final),DEAL (official pretrained),PSNR,-0.3949737548828125
div2k/0881.png/sigma_0.200,div2k,0881.png,0.20000000298023224,U-Tikhonov T16/CG32 (final),DEAL (official pretrained),PSNR,-0.5265350341796875
div2k/0882.png/sigma_0.200,div2k,0882.png,0.20000000298023224,U-Tikhonov T16/CG32 (final),DEAL (official pretrained),PSNR,-0.8617019653320348
div2k/0883.png/sigma_0.200,div2k,0883.png,0.20000000298023224,U-Tikhonov T16/CG32 (final),DEAL (official pretrained),PSNR,-0.42522430419921875
div2k/0884.png/sigma_0.200,div2k,0884.png,0.20000000298023224,U-Tikhonov T16/CG32 (final),DEAL (official pretrained),PSNR,-0.6445636749267578
div2k/0885.png/sigma_0.200,div2k,0885.png,0.20000000298023224,U-Tikhonov T16/CG32 (final),DEAL (official pretrained),PSNR,-1.5929336547851562
div2k/0886.png/sigma_0.200,div2k,0886.png,0.20000000298023224,U-Tikhonov T16/CG32 (final),DEAL (official pretrained),PSNR,-0.6745319366455078
div2k/0887.png/sigma_0.200,div2k,0887.png,0.20000000298023224,U-Tikhonov T16/CG32 (final),DEAL (official pretrained),PSNR,-0.3762683868408203
div2k/0888.png/sigma_0.200,div2k,0888.png,0.20000000298023224,U-Tikhonov T16/CG32 (final),DEAL (official pretrained),PSNR,-0.7359085083007812
div2k/0889.png/sigma_0.200,div2k,0889.png,0.20000000298023224,U-Tikhonov T16/CG32 (final),DEAL (official pretrained),PSNR,-0.3902702331542969
div2k/0890.png/sigma_0.200,div2k,0890.png,0.20000000298023224,U-Tikhonov T16/CG32 (final),DEAL (official pretrained),PSNR,-0.33063507080078125
div2k/0891.png/sigma_0.200,div2k,0891.png,0.20000000298023224,U-Tikhonov T16/CG32 (final),DEAL (official pretrained),PSNR,-1.2875251770019531
div2k/0892.png/sigma_0.200,div2k,0892.png,0.20000000298023224,U-Tikhonov T16/CG32 (final),DEAL (official pretrained),PSNR,-0.8254852294921875
div2k/0893.png/sigma_0.200,div2k,0893.png,0.20000000298023224,U-Tikhonov T16/CG32 (final),DEAL (official pretrained),PSNR,-0.6562404632568359
div2k/0894.png/sigma_0.200,div2k,0894.png,0.20000000298023224,U-Tikhonov T16/CG32 (final),DEAL (official pretrained),PSNR,-0.5261344909667969
div2k/0895.png/sigma_0.200,div2k,0895.png,0.20000000298023224,U-Tikhonov T16/CG32 (final),DEAL (official pretrained),PSNR,-0.46788597106933594
div2k/0896.png/sigma_0.200,div2k,0896.png,0.20000000298023224,U-Tikhonov T16/CG32 (final),DEAL (official pretrained),PSNR,-0.9900798797607422
div2k/0897.png/sigma_0.200,div2k,0897.png,0.20000000298023224,U-Tikhonov T16/CG32 (final),DEAL (official pretrained),PSNR,-2.373348236083988
div2k/0898.png/sigma_0.200,div2k,0898.png,0.20000000298023224,U-Tikhonov T16/CG32 (final),DEAL (official pretrained),PSNR,-0.3245811462402344
div2k/0899.png/sigma_0.200,div2k,0899.png,0.20000000298023224,U-Tikhonov T16/CG32 (final),DEAL (official pretrained),PSNR,-1.0170173645019531
div2k/0900.png/sigma_0.200,div2k,0900.png,0.20000000298023224,U-Tikhonov T16/CG32 (final),DEAL (official pretrained),PSNR,-0.4883308410644531
div2k/0801.png/sigma_0.200,div2k,0801.png,0.20000000298023224,U-Tikhonov T16/CG32 (final),DEAL (official pretrained),SSIM,0.00018614530563354492
div2k/0802.png/sigma_0.200,div2k,0802.png,0.20000000298023224,U-Tikhonov T16/CG32 (final),DEAL (official pretrained),SSIM,-0.021733522415161133
div2k/0803.png/sigma_0.200,div2k,0803.png,0.20000000298023224,U-Tikhonov T16/CG32 (final),DEAL (official pretrained),SSIM,-0.030975162982940674
div2k/0804.png/sigma_0.200,div2k,0804.png,0.20000000298023224,U-Tikhonov T16/CG32 (final),DEAL (official pretrained),SSIM,-0.017163515090942383
div2k/0805.png/sigma_0.200,div2k,0805.png,0.20000000298023224,U-Tikhonov T16/CG32 (final),DEAL (official pretrained),SSIM,0.0011243224143981934
div2k/0806.png/sigma_0.200,div2k,0806.png,0.20000000298023224,U-Tikhonov T16/CG32 (final),DEAL (official pretrained),SSIM,-0.01925027370452881
div2k/0807.png/sigma_0.200,div2k,0807.png,0.20000000298023224,U-Tikhonov T16/CG32 (final),DEAL (official pretrained),SSIM,0.013049125671386719
div2k/0808.png/sigma_0.200,div2k,0808.png,0.20000000298023224,U-Tikhonov T16/CG32 (final),DEAL (official pretrained),SSIM,-0.01433873176574707
div2k/0809.png/sigma_0.200,div2k,0809.png,0.20000000298023224,U-Tikhonov T16/CG32 (final),DEAL (official pretrained),SSIM,-0.001498103141784668
div2k/0810.png/sigma_0.200,div2k,0810.png,0.20000000298023224,U-Tikhonov T16/CG32 (final),DEAL (official pretrained),SSIM,-0.00566178560256958
div2k/0811.png/sigma_0.200,div2k,0811.png,0.20000000298023224,U-Tikhonov T16/CG32 (final),DEAL (official pretrained),SSIM,0.03438842296600342
div2k/0812.png/sigma_0.200,div2k,0812.png,0.20000000298023224,U-Tikhonov T16/CG32 (final),DEAL (official pretrained),SSIM,-0.023271679878234863
div2k/0813.png/sigma_0.200,div2k,0813.png,0.20000000298023224,U-Tikhonov T16/CG32 (final),DEAL (official pretrained),SSIM,-0.01591777801513672
div2k/0814.png/sigma_0.200,div2k,0814.png,0.20000000298023224,U-Tikhonov T16/CG32 (final),DEAL (official pretrained),SSIM,-0.030804753303527832
div2k/0815.png/sigma_0.200,div2k,0815.png,0.20000000298023224,U-Tikhonov T16/CG32 (final),DEAL (official pretrained),SSIM,0.007386744022369385
div2k/0816.png/sigma_0.200,div2k,0816.png,0.20000000298023224,U-Tikhonov T16/CG32 (final),DEAL (official pretrained),SSIM,-0.03554725646972656
div2k/0817.png/sigma_0.200,div2k,0817.png,0.20000000298023224,U-Tikhonov T16/CG32 (final),DEAL (official pretrained),SSIM,-0.011278212070465088
div2k/0818.png/sigma_0.200,div2k,0818.png,0.20000000298023224,U-Tikhonov T16/CG32 (final),DEAL (official pretrained),SSIM,-0.026424646377563477
div2k/0819.png/sigma_0.200,div2k,0819.png,0.20000000298023224,U-Tikhonov T16/CG32 (final),DEAL (official pretrained),SSIM,-0.003539144992828369
div2k/0820.png/sigma_0.200,div2k,0820.png,0.20000000298023224,U-Tikhonov T16/CG32 (final),DEAL (official pretrained),SSIM,-0.045016586780548096
div2k/0821.png/sigma_0.200,div2k,0821.png,0.20000000298023224,U-Tikhonov T16/CG32 (final),DEAL (official pretrained),SSIM,-0.056549668312072754
div2k/0822.png/sigma_0.200,div2k,0822.png,0.20000000298023224,U-Tikhonov T16/CG32 (final),DEAL (official pretrained),SSIM,0.021148204803466797
div2k/0823.png/sigma_0.200,div2k,0823.png,0.20000000298023224,U-Tikhonov T16/CG32 (final),DEAL (official pretrained),SSIM,-0.01052004098892212
div2k/0824.png/sigma_0.200,div2k,0824.png,0.20000000298023224,U-Tikhonov T16/CG32 (final),DEAL (official pretrained),SSIM,-0.038669049739837646
div2k/0825.png/sigma_0.200,div2k,0825.png,0.20000000298023224,U-Tikhonov T16/CG32 (final),DEAL (official pretrained),SSIM,-0.039425551891326904
div2k/0826.png/sigma_0.200,div2k,0826.png,0.20000000298023224,U-Tikhonov T16/CG32 (final),DEAL (official pretrained),SSIM,-0.039862990379333496
div2k/0827.png/sigma_0.200,div2k,0827.png,0.20000000298023224,U-Tikhonov T16/CG32 (final),DEAL (official pretrained),SSIM,0.023802220821380615
div2k/0828.png/sigma_0.200,div2k,0828.png,0.20000000298023224,U-Tikhonov T16/CG32 (final),DEAL (official pretrained),SSIM,-0.12583112716674805
div2k/0829.png/sigma_0.200,div2k,0829.png,0.20000000298023224,U-Tikhonov T16/CG32 (final),DEAL (official pretrained),SSIM,-0.025552690029144287
div2k/0830.png/sigma_0.200,div2k,0830.png,0.20000000298023224,U-Tikhonov T16/CG32 (final),DEAL (official pretrained),SSIM,-0.044727623462677
div2k/0831.png/sigma_0.200,div2k,0831.png,0.20000000298023224,U-Tikhonov T16/CG32 (final),DEAL (official pretrained),SSIM,-0.010123193264007568
div2k/0832.png/sigma_0.200,div2k,0832.png,0.20000000298023224,U-Tikhonov T16/CG32 (final),DEAL (official pretrained),SSIM,-0.012584209442138672
div2k/0833.png/sigma_0.200,div2k,0833.png,0.20000000298023224,U-Tikhonov T16/CG32 (final),DEAL (official pretrained),SSIM,-0.04394346475601196
div2k/0834.png/sigma_0.200,div2k,0834.png,0.20000000298023224,U-Tikhonov T16/CG32 (final),DEAL (official pretrained),SSIM,0.0030707120895385742
div2k/0835.png/sigma_0.200,div2k,0835.png,0.20000000298023224,U-Tikhonov T16/CG32 (final),DEAL (official pretrained),SSIM,-0.0009819865226745605
div2k/0836.png/sigma_0.200,div2k,0836.png,0.20000000298023224,U-Tikhonov T16/CG32 (final),DEAL (official pretrained),SSIM,-0.0557367205619812
div2k/0837.png/sigma_0.200,div2k,0837.png,0.20000000298023224,U-Tikhonov T16/CG32 (final),DEAL (official pretrained),SSIM,-0.009680986404418945
div2k/0838.png/sigma_0.200,div2k,0838.png,0.20000000298023224,U-Tikhonov T16/CG32 (final),DEAL (official pretrained),SSIM,-0.012966454029083252
div2k/0839.png/sigma_0.200,div2k,0839.png,0.20000000298023224,U-Tikhonov T16/CG32 (final),DEAL (official pretrained),SSIM,-0.0021683871746063232
div2k/0840.png/sigma_0.200,div2k,0840.png,0.20000000298023224,U-Tikhonov T16/CG32 (final),DEAL (official pretrained),SSIM,0.017226696014404297
div2k/0841.png/sigma_0.200,div2k,0841.png,0.20000000298023224,U-Tikhonov T16/CG32 (final),DEAL (official pretrained),SSIM,-0.0014019012451171875
div2k/0842.png/sigma_0.200,div2k,0842.png,0.20000000298023224,U-Tikhonov T16/CG32 (final),DEAL (official pretrained),SSIM,0.0035310983657836914
div2k/0843.png/sigma_0.200,div2k,0843.png,0.20000000298023224,U-Tikhonov T16/CG32 (final),DEAL (official pretrained),SSIM,-0.01512765884399414
div2k/0844.png/sigma_0.200,div2k,0844.png,0.20000000298023224,U-Tikhonov T16/CG32 (final),DEAL (official pretrained),SSIM,0.010732948780059814
div2k/0845.png/sigma_0.200,div2k,0845.png,0.20000000298023224,U-Tikhonov T16/CG32 (final),DEAL (official pretrained),SSIM,-0.07399213314056396
div2k/0846.png/sigma_0.200,div2k,0846.png,0.20000000298023224,U-Tikhonov T16/CG32 (final),DEAL (official pretrained),SSIM,-0.01411736011505127
div2k/0847.png/sigma_0.200,div2k,0847.png,0.20000000298023224,U-Tikhonov T16/CG32 (final),DEAL (official pretrained),SSIM,-0.026478111743927002
div2k/0848.png/sigma_0.200,div2k,0848.png,0.20000000298023224,U-Tikhonov T16/CG32 (final),DEAL (official pretrained),SSIM,-0.028659522533416748
div2k/0849.png/sigma_0.200,div2k,0849.png,0.20000000298023224,U-Tikhonov T16/CG32 (final),DEAL (official pretrained),SSIM,-0.002283334732055664
div2k/0850.png/sigma_0.200,div2k,0850.png,0.20000000298023224,U-Tikhonov T16/CG32 (final),DEAL (official pretrained),SSIM,-0.016957759857177734
div2k/0851.png/sigma_0.200,div2k,0851.png,0.20000000298023224,U-Tikhonov T16/CG32 (final),DEAL (official pretrained),SSIM,-0.015378117561340332
div2k/0852.png/sigma_0.200,div2k,0852.png,0.20000000298023224,U-Tikhonov T16/CG32 (final),DEAL (official pretrained),SSIM,0.04995596408844
div2k/0853.png/sigma_0.200,div2k,0853.png,0.20000000298023224,U-Tikhonov T16/CG32 (final),DEAL (official pretrained),SSIM,-0.011606872081756592
div2k/0854.png/sigma_0.200,div2k,0854.png,0.20000000298023224,U-Tikhonov T16/CG32 (final),DEAL (official pretrained),SSIM,-0.026635050773620605
div2k/0855.png/sigma_0.200,div2k,0855.png,0.20000000298023224,U-Tikhonov T16/CG32 (final),DEAL (official pretrained),SSIM,-0.016645848751068115
div2k/0856.png/sigma_0.200,div2k,0856.png,0.20000000298023224,U-Tikhonov T16/CG32 (final),DEAL (official pretrained),SSIM,0.031187057495117188
div2k/0857.png/sigma_0.200,div2k,0857.png,0.20000000298023224,U-Tikhonov T16/CG32 (final),DEAL (official pretrained),SSIM,-0.026383519172668457
div2k/0858.png/sigma_0.200,div2k,0858.png,0.20000000298023224,U-Tikhonov T16/CG32 (final),DEAL (official pretrained),SSIM,0.07050138711929321
div2k/0859.png/sigma_0.200,div2k,0859.png,0.20000000298023224,U-Tikhonov T16/CG32 (final),DEAL (official pretrained),SSIM,-0.013155519962310791
div2k/0860.png/sigma_0.200,div2k,0860.png,0.20000000298023224,U-Tikhonov T16/CG32 (final),DEAL (official pretrained),SSIM,0.005105555057525635
div2k/0861.png/sigma_0.200,div2k,0861.png,0.20000000298023224,U-Tikhonov T16/CG32 (final),DEAL (official pretrained),SSIM,0.013349056243896484
div2k/0862.png/sigma_0.200,div2k,0862.png,0.20000000298023224,U-Tikhonov T16/CG32 (final),DEAL (official pretrained),SSIM,-0.008213698863983154
div2k/0863.png/sigma_0.200,div2k,0863.png,0.20000000298023224,U-Tikhonov T16/CG32 (final),DEAL (official pretrained),SSIM,-0.0180090069770813
div2k/0864.png/sigma_0.200,div2k,0864.png,0.20000000298023224,U-Tikhonov T16/CG32 (final),DEAL (official pretrained),SSIM,-0.013659119606018066
div2k/0865.png/sigma_0.200,div2k,0865.png,0.20000000298023224,U-Tikhonov T16/CG32 (final),DEAL (official pretrained),SSIM,-0.012543320655822754
div2k/0866.png/sigma_0.200,div2k,0866.png,0.20000000298023224,U-Tikhonov T16/CG32 (final),DEAL (official pretrained),SSIM,-0.02164638042449951
div2k/0867.png/sigma_0.200,div2k,0867.png,0.20000000298023224,U-Tikhonov T16/CG32 (final),DEAL (official pretrained),SSIM,-0.0764111876487732
div2k/0868.png/sigma_0.200,div2k,0868.png,0.20000000298023224,U-Tikhonov T16/CG32 (final),DEAL (official pretrained),SSIM,-0.02423328161239624
div2k/0869.png/sigma_0.200,div2k,0869.png,0.20000000298023224,U-Tikhonov T16/CG32 (final),DEAL (official pretrained),SSIM,-0.018662452697753906
div2k/0870.png/sigma_0.200,div2k,0870.png,0.20000000298023224,U-Tikhonov T16/CG32 (final),DEAL (official pretrained),SSIM,-0.016551494598388672
div2k/0871.png/sigma_0.200,div2k,0871.png,0.20000000298023224,U-Tikhonov T16/CG32 (final),DEAL (official pretrained),SSIM,-0.022820651531219482
div2k/0872.png/sigma_0.200,div2k,0872.png,0.20000000298023224,U-Tikhonov T16/CG32 (final),DEAL (official pretrained),SSIM,-0.01784229278564453
div2k/0873.png/sigma_0.200,div2k,0873.png,0.20000000298023224,U-Tikhonov T16/CG32 (final),DEAL (official pretrained),SSIM,-0.010309815406799316
div2k/0874.png/sigma_0.200,div2k,0874.png,0.20000000298023224,U-Tikhonov T16/CG32 (final),DEAL (official pretrained),SSIM,-0.03921091556549072
div2k/0875.png/sigma_0.200,div2k,0875.png,0.20000000298023224,U-Tikhonov T16/CG32 (final),DEAL (official pretrained),SSIM,-0.018995285034179688
div2k/0876.png/sigma_0.200,div2k,0876.png,0.20000000298023224,U-Tikhonov T16/CG32 (final),DEAL (official pretrained),SSIM,0.04697465896606445
div2k/0877.png/sigma_0.200,div2k,0877.png,0.20000000298023224,U-Tikhonov T16/CG32 (final),DEAL (official pretrained),SSIM,0.06842648983001709
div2k/0878.png/sigma_0.200,div2k,0878.png,0.20000000298023224,U-Tikhonov T16/CG32 (final),DEAL (official pretrained),SSIM,-0.03191995620727539
div2k/0879.png/sigma_0.200,div2k,0879.png,0.20000000298023224,U-Tikhonov T16/CG32 (final),DEAL (official pretrained),SSIM,-0.025960564613342285
div2k/0880.png/sigma_0.200,div2k,0880.png,0.20000000298023224,U-Tikhonov T16/CG32 (final),DEAL (official pretrained),SSIM,-0.015949785709381104
div2k/0881.png/sigma_0.200,div2k,0881.png,0.20000000298023224,U-Tikhonov T16/CG32 (final),DEAL (official pretrained),SSIM,-0.010991096496582031
div2k/0882.png/sigma_0.200,div2k,0882.png,0.20000000298023224,U-Tikhonov T16/CG32 (final),DEAL (official pretrained),SSIM,-0.014138221740722656
div2k/0883.png/sigma_0.200,div2k,0883.png,0.20000000298023224,U-Tikhonov T16/CG32 (final),DEAL (official pretrained),SSIM,-0.010321319103240967
div2k/0884.png/sigma_0.200,div2k,0884.png,0.20000000298023224,U-Tikhonov T16/CG32 (final),DEAL (official pretrained),SSIM,-0.026482105255126953
div2k/0885.png/sigma_0.200,div2k,0885.png,0.20000000298023224,U-Tikhonov T16/CG32 (final),DEAL (official pretrained),SSIM,-0.10396772623062134
div2k/0886.png/sigma_0.200,div2k,0886.png,0.20000000298023224,U-Tikhonov T16/CG32 (final),DEAL (official pretrained),SSIM,-0.011325836181640625
div2k/0887.png/sigma_0.200,div2k,0887.png,0.20000000298023224,U-Tikhonov T16/CG32 (final),DEAL (official pretrained),SSIM,0.008799731731414795
div2k/0888.png/sigma_0.200,div2k,0888.png,0.20000000298023224,U-Tikhonov T16/CG32 (final),DEAL (official pretrained),SSIM,-0.020981013774871826
div2k/0889.png/sigma_0.200,div2k,0889.png,0.20000000298023224,U-Tikhonov T16/CG32 (final),DEAL (official pretrained),SSIM,-0.0027703046798706055
div2k/0890.png/sigma_0.200,div2k,0890.png,0.20000000298023224,U-Tikhonov T16/CG32 (final),DEAL (official pretrained),SSIM,-0.02100604772567749
div2k/0891.png/sigma_0.200,div2k,0891.png,0.20000000298023224,U-Tikhonov T16/CG32 (final),DEAL (official pretrained),SSIM,-0.05857491493225098
div2k/0892.png/sigma_0.200,div2k,0892.png,0.20000000298023224,U-Tikhonov T16/CG32 (final),DEAL (official pretrained),SSIM,-0.04178416728973389
div2k/0893.png/sigma_0.200,div2k,0893.png,0.20000000298023224,U-Tikhonov T16/CG32 (final),DEAL (official pretrained),SSIM,0.002931356430053711
div2k/0894.png/sigma_0.200,div2k,0894.png,0.20000000298023224,U-Tikhonov T16/CG32 (final),DEAL (official pretrained),SSIM,-0.0029295682907104492
div2k/0895.png/sigma_0.200,div2k,0895.png,0.20000000298023224,U-Tikhonov T16/CG32 (final),DEAL (official pretrained),SSIM,-0.0386698842048645
div2k/0896.png/sigma_0.200,div2k,0896.png,0.20000000298023224,U-Tikhonov T16/CG32 (final),DEAL (official pretrained),SSIM,-0.035950779914855846
div2k/0897.png/sigma_0.200,div2k,0897.png,0.20000000298023224,U-Tikhonov T16/CG32 (final),DEAL (official pretrained),SSIM,-0.08007347583770752
div2k/0898.png/sigma_0.200,div2k,0898.png,0.20000000298023224,U-Tikhonov T16/CG32 (final),DEAL (official pretrained),SSIM,-0.017451703548431396
div2k/0899.png/sigma_0.200,div2k,0899.png,0.20000000298023224,U-Tikhonov T16/CG32 (final),DEAL (official pretrained),SSIM,-0.02397441864013672
div2k/0900.png/sigma_0.200,div2k,0900.png,0.20000000298023224,U-Tikhonov T16/CG32 (final),DEAL (official pretrained),SSIM,0.004900574684143066
