benchmark_group,sample_id,dataset,image_name,sigma,first_method,second_method,metric,difference
div2k,div2k/0801.png/sigma_0.050,div2k,0801.png,0.05000000074505806,U-TV (final),U-TV (20e),PSNR,0.5501003265380859
div2k,div2k/0802.png/sigma_0.050,div2k,0802.png,0.05000000074505806,U-TV (final),U-TV (20e),PSNR,1.0065956115722656
div2k,div2k/0803.png/sigma_0.050,div2k,0803.png,0.05000000074505806,U-TV (final),U-TV (20e),PSNR,0.8222827911376953
div2k,div2k/0804.png/sigma_0.050,div2k,0804.png,0.05000000074505806,U-TV (final),U-TV (20e),PSNR,0.18173789978027344
div2k,div2k/0805.png/sigma_0.050,div2k,0805.png,0.05000000074505806,U-TV (final),U-TV (20e),PSNR,0.49794578552246094
div2k,div2k/0806.png/sigma_0.050,div2k,0806.png,0.05000000074505806,U-TV (final),U-TV (20e),PSNR,0.4380168914794922
div2k,div2k/0807.png/sigma_0.050,div2k,0807.png,0.05000000074505806,U-TV (final),U-TV (20e),PSNR,0.5093250274658203
div2k,div2k/0808.png/sigma_0.050,div2k,0808.png,0.05000000074505806,U-TV (final),U-TV (20e),PSNR,0.048971176147457385
div2k,div2k/0809.png/sigma_0.050,div2k,0809.png,0.05000000074505806,U-TV (final),U-TV (20e),PSNR,0.7037296295166016
div2k,div2k/0810.png/sigma_0.050,div2k,0810.png,0.05000000074505806,U-TV (final),U-TV (20e),PSNR,0.6484527587890625
div2k,div2k/0811.png/sigma_0.050,div2k,0811.png,0.05000000074505806,U-TV (final),U-TV (20e),PSNR,0.6050243377685547
div2k,div2k/0812.png/sigma_0.050,div2k,0812.png,0.05000000074505806,U-TV (final),U-TV (20e),PSNR,0.3289661407470703
div2k,div2k/0813.png/sigma_0.050,div2k,0813.png,0.05000000074505806,U-TV (final),U-TV (20e),PSNR,0.3094902038574219
div2k,div2k/0814.png/sigma_0.050,div2k,0814.png,0.05000000074505806,U-TV (final),U-TV (20e),PSNR,0.3587379455566406
div2k,div2k/0815.png/sigma_0.050,div2k,0815.png,0.05000000074505806,U-TV (final),U-TV (20e),PSNR,0.7233772277832031
div2k,div2k/0816.png/sigma_0.050,div2k,0816.png,0.05000000074505806,U-TV (final),U-TV (20e),PSNR,0.5257949829101562
div2k,div2k/0817.png/sigma_0.050,div2k,0817.png,0.05000000074505806,U-TV (final),U-TV (20e),PSNR,0.6313114166259766
div2k,div2k/0818.png/sigma_0.050,div2k,0818.png,0.05000000074505806,U-TV (final),U-TV (20e),PSNR,0.3369522094726598
div2k,div2k/0819.png/sigma_0.050,div2k,0819.png,0.05000000074505806,U-TV (final),U-TV (20e),PSNR,0.4729652404785121
div2k,div2k/0820.png/sigma_0.050,div2k,0820.png,0.05000000074505806,U-TV (final),U-TV (20e),PSNR,0.2418212890625
div2k,div2k/0821.png/sigma_0.050,div2k,0821.png,0.05000000074505806,U-TV (final),U-TV (20e),PSNR,-0.6254978179931641
div2k,div2k/0822.png/sigma_0.050,div2k,0822.png,0.05000000074505806,U-TV (final),U-TV (20e),PSNR,1.0984725952148438
div2k,div2k/0823.png/sigma_0.050,div2k,0823.png,0.05000000074505806,U-TV (final),U-TV (20e),PSNR,-0.03089141845703125
div2k,div2k/0824.png/sigma_0.050,div2k,0824.png,0.05000000074505806,U-TV (final),U-TV (20e),PSNR,0.16961288452148438
div2k,div2k/0825.png/sigma_0.050,div2k,0825.png,0.05000000074505806,U-TV (final),U-TV (20e),PSNR,0.015699386596679688
div2k,div2k/0826.png/sigma_0.050,div2k,0826.png,0.05000000074505806,U-TV (final),U-TV (20e),PSNR,-0.22597312927246094
div2k,div2k/0827.png/sigma_0.050,div2k,0827.png,0.05000000074505806,U-TV (final),U-TV (20e),PSNR,0.41461944580078125
div2k,div2k/0828.png/sigma_0.050,div2k,0828.png,0.05000000074505806,U-TV (final),U-TV (20e),PSNR,2.5254592895507812
div2k,div2k/0829.png/sigma_0.050,div2k,0829.png,0.05000000074505806,U-TV (final),U-TV (20e),PSNR,0.6400012969970703
div2k,div2k/0830.png/sigma_0.050,div2k,0830.png,0.05000000074505806,U-TV (final),U-TV (20e),PSNR,0.2696094512939453
div2k,div2k/0831.png/sigma_0.050,div2k,0831.png,0.05000000074505806,U-TV (final),U-TV (20e),PSNR,0.26399993896484375
div2k,div2k/0832.png/sigma_0.050,div2k,0832.png,0.05000000074505806,U-TV (final),U-TV (20e),PSNR,0.09715843200683594
div2k,div2k/0833.png/sigma_0.050,div2k,0833.png,0.05000000074505806,U-TV (final),U-TV (20e),PSNR,0.8324317932128906
div2k,div2k/0834.png/sigma_0.050,div2k,0834.png,0.05000000074505806,U-TV (final),U-TV (20e),PSNR,0.40220069885253906
div2k,div2k/0835.png/sigma_0.050,div2k,0835.png,0.05000000074505806,U-TV (final),U-TV (20e),PSNR,0.6648845672607422
div2k,div2k/0836.png/sigma_0.050,div2k,0836.png,0.05000000074505806,U-TV (final),U-TV (20e),PSNR,-0.23139953613281605
div2k,div2k/0837.png/sigma_0.050,div2k,0837.png,0.05000000074505806,U-TV (final),U-TV (20e),PSNR,0.11765480041503906
div2k,div2k/0838.png/sigma_0.050,div2k,0838.png,0.05000000074505806,U-TV (final),U-TV (20e),PSNR,1.179443359375
div2k,div2k/0839.png/sigma_0.050,div2k,0839.png,0.05000000074505806,U-TV (final),U-TV (20e),PSNR,0.5813026428222692
div2k,div2k/0840.png/sigma_0.050,div2k,0840.png,0.05000000074505806,U-TV (final),U-TV (20e),PSNR,0.308563232421875
div2k,div2k/0841.png/sigma_0.050,div2k,0841.png,0.05000000074505806,U-TV (final),U-TV (20e),PSNR,0.44254493713378906
div2k,div2k/0842.png/sigma_0.050,div2k,0842.png,0.05000000074505806,U-TV (final),U-TV (20e),PSNR,0.6545524597167969
div2k,div2k/0843.png/sigma_0.050,div2k,0843.png,0.05000000074505806,U-TV (final),U-TV (20e),PSNR,1.6153106689453125
div2k,div2k/0844.png/sigma_0.050,div2k,0844.png,0.05000000074505806,U-TV (final),U-TV (20e),PSNR,0.6535758972167969
div2k,div2k/0845.png/sigma_0.050,div2k,0845.png,0.05000000074505806,U-TV (final),U-TV (20e),PSNR,1.2184104919433594
div2k,div2k/0846.png/sigma_0.050,div2k,0846.png,0.05000000074505806,U-TV (final),U-TV (20e),PSNR,-0.304718017578125
div2k,div2k/0847.png/sigma_0.050,div2k,0847.png,0.05000000074505806,U-TV (final),U-TV (20e),PSNR,0.02852630615234375
div2k,div2k/0848.png/sigma_0.050,div2k,0848.png,0.05000000074505806,U-TV (final),U-TV (20e),PSNR,0.3028068542480469
div2k,div2k/0849.png/sigma_0.050,div2k,0849.png,0.05000000074505806,U-TV (final),U-TV (20e),PSNR,-0.21423912048339844
div2k,div2k/0850.png/sigma_0.050,div2k,0850.png,0.05000000074505806,U-TV (final),U-TV (20e),PSNR,0.12173271179199574
div2k,div2k/0851.png/sigma_0.050,div2k,0851.png,0.05000000074505806,U-TV (final),U-TV (20e),PSNR,0.06885147094726562
div2k,div2k/0852.png/sigma_0.050,div2k,0852.png,0.05000000074505806,U-TV (final),U-TV (20e),PSNR,0.3365974426269531
div2k,div2k/0853.png/sigma_0.050,div2k,0853.png,0.05000000074505806,U-TV (final),U-TV (20e),PSNR,0.6317367553710938
div2k,div2k/0854.png/sigma_0.050,div2k,0854.png,0.05000000074505806,U-TV (final),U-TV (20e),PSNR,-0.008840560913085938
div2k,div2k/0855.png/sigma_0.050,div2k,0855.png,0.05000000074505806,U-TV (final),U-TV (20e),PSNR,0.2631683349609375
div2k,div2k/0856.png/sigma_0.050,div2k,0856.png,0.05000000074505806,U-TV (final),U-TV (20e),PSNR,1.0636329650878906
div2k,div2k/0857.png/sigma_0.050,div2k,0857.png,0.05000000074505806,U-TV (final),U-TV (20e),PSNR,1.096282958984375
div2k,div2k/0858.png/sigma_0.050,div2k,0858.png,0.05000000074505806,U-TV (final),U-TV (20e),PSNR,0.5559043884277344
div2k,div2k/0859.png/sigma_0.050,div2k,0859.png,0.05000000074505806,U-TV (final),U-TV (20e),PSNR,0.600265502929691
div2k,div2k/0860.png/sigma_0.050,div2k,0860.png,0.05000000074505806,U-TV (final),U-TV (20e),PSNR,0.5742149353027344
div2k,div2k/0861.png/sigma_0.050,div2k,0861.png,0.05000000074505806,U-TV (final),U-TV (20e),PSNR,-0.1952648162841797
div2k,div2k/0862.png/sigma_0.050,div2k,0862.png,0.05000000074505806,U-TV (final),U-TV (20e),PSNR,0.9002685546875
div2k,div2k/0863.png/sigma_0.050,div2k,0863.png,0.05000000074505806,U-TV (final),U-TV (20e),PSNR,0.6547164916992188
div2k,div2k/0864.png/sigma_0.050,div2k,0864.png,0.05000000074505806,U-TV (final),U-TV (20e),PSNR,0.43064117431640625
div2k,div2k/0865.png/sigma_0.050,div2k,0865.png,0.05000000074505806,U-TV (final),U-TV (20e),PSNR,0.3689079284667969
div2k,div2k/0866.png/sigma_0.050,div2k,0866.png,0.05000000074505806,U-TV (final),U-TV (20e),PSNR,0.7409133911132812
div2k,div2k/0867.png/sigma_0.050,div2k,0867.png,0.05000000074505806,U-TV (final),U-TV (20e),PSNR,0.2897014617919922
div2k,div2k/0868.png/sigma_0.050,div2k,0868.png,0.05000000074505806,U-TV (final),U-TV (20e),PSNR,0.07904434204101562
div2k,div2k/0869.png/sigma_0.050,div2k,0869.png,0.05000000074505806,U-TV (final),U-TV (20e),PSNR,0.5339126586914062
div2k,div2k/0870.png/sigma_0.050,div2k,0870.png,0.05000000074505806,U-TV (final),U-TV (20e),PSNR,0.7888946533203125
div2k,div2k/0871.png/sigma_0.050,div2k,0871.png,0.05000000074505806,U-TV (final),U-TV (20e),PSNR,0.537841796875
div2k,div2k/0872.png/sigma_0.050,div2k,0872.png,0.05000000074505806,U-TV (final),U-TV (20e),PSNR,0.2753028869628871
div2k,div2k/0873.png/sigma_0.050,div2k,0873.png,0.05000000074505806,U-TV (final),U-TV (20e),PSNR,0.5414714813232422
div2k,div2k/0874.png/sigma_0.050,div2k,0874.png,0.05000000074505806,U-TV (final),U-TV (20e),PSNR,0.4756221771240199
div2k,div2k/0875.png/sigma_0.050,div2k,0875.png,0.05000000074505806,U-TV (final),U-TV (20e),PSNR,-0.2104206085205078
div2k,div2k/0876.png/sigma_0.050,div2k,0876.png,0.05000000074505806,U-TV (final),U-TV (20e),PSNR,0.5843105316162074
div2k,div2k/0877.png/sigma_0.050,div2k,0877.png,0.05000000074505806,U-TV (final),U-TV (20e),PSNR,0.6361846923828125
div2k,div2k/0878.png/sigma_0.050,div2k,0878.png,0.05000000074505806,U-TV (final),U-TV (20e),PSNR,0.6072177886962891
div2k,div2k/0879.png/sigma_0.050,div2k,0879.png,0.05000000074505806,U-TV (final),U-TV (20e),PSNR,-0.2790679931640625
div2k,div2k/0880.png/sigma_0.050,div2k,0880.png,0.05000000074505806,U-TV (final),U-TV (20e),PSNR,0.7021598815918004
div2k,div2k/0881.png/sigma_0.050,div2k,0881.png,0.05000000074505806,U-TV (final),U-TV (20e),PSNR,0.2591991424560547
div2k,div2k/0882.png/sigma_0.050,div2k,0882.png,0.05000000074505806,U-TV (final),U-TV (20e),PSNR,0.5345420837402344
div2k,div2k/0883.png/sigma_0.050,div2k,0883.png,0.05000000074505806,U-TV (final),U-TV (20e),PSNR,0.34678840637207387
div2k,div2k/0884.png/sigma_0.050,div2k,0884.png,0.05000000074505806,U-TV (final),U-TV (20e),PSNR,0.39967918395996094
div2k,div2k/0885.png/sigma_0.050,div2k,0885.png,0.05000000074505806,U-TV (final),U-TV (20e),PSNR,0.7872123718261719
div2k,div2k/0886.png/sigma_0.050,div2k,0886.png,0.05000000074505806,U-TV (final),U-TV (20e),PSNR,0.63031005859375
div2k,div2k/0887.png/sigma_0.050,div2k,0887.png,0.05000000074505806,U-TV (final),U-TV (20e),PSNR,0.2895126342773402
div2k,div2k/0888.png/sigma_0.050,div2k,0888.png,0.05000000074505806,U-TV (final),U-TV (20e),PSNR,0.23168563842773438
div2k,div2k/0889.png/sigma_0.050,div2k,0889.png,0.05000000074505806,U-TV (final),U-TV (20e),PSNR,0.32129669189453125
div2k,div2k/0890.png/sigma_0.050,div2k,0890.png,0.05000000074505806,U-TV (final),U-TV (20e),PSNR,0.43988037109375
div2k,div2k/0891.png/sigma_0.050,div2k,0891.png,0.05000000074505806,U-TV (final),U-TV (20e),PSNR,0.03129386901855469
div2k,div2k/0892.png/sigma_0.050,div2k,0892.png,0.05000000074505806,U-TV (final),U-TV (20e),PSNR,2.7136478424072266
div2k,div2k/0893.png/sigma_0.050,div2k,0893.png,0.05000000074505806,U-TV (final),U-TV (20e),PSNR,0.6411380767822266
div2k,div2k/0894.png/sigma_0.050,div2k,0894.png,0.05000000074505806,U-TV (final),U-TV (20e),PSNR,0.2781047821044922
div2k,div2k/0895.png/sigma_0.050,div2k,0895.png,0.05000000074505806,U-TV (final),U-TV (20e),PSNR,0.6018466949462855
div2k,div2k/0896.png/sigma_0.050,div2k,0896.png,0.05000000074505806,U-TV (final),U-TV (20e),PSNR,-0.12128829956054688
div2k,div2k/0897.png/sigma_0.050,div2k,0897.png,0.05000000074505806,U-TV (final),U-TV (20e),PSNR,0.3486747741699219
div2k,div2k/0898.png/sigma_0.050,div2k,0898.png,0.05000000074505806,U-TV (final),U-TV (20e),PSNR,0.14375686645507812
div2k,div2k/0899.png/sigma_0.050,div2k,0899.png,0.05000000074505806,U-TV (final),U-TV (20e),PSNR,0.8357181549072266
div2k,div2k/0900.png/sigma_0.050,div2k,0900.png,0.05000000074505806,U-TV (final),U-TV (20e),PSNR,0.018798828125
div2k,div2k/0801.png/sigma_0.050,div2k,0801.png,0.05000000074505806,U-TV (final),U-TV (20e),SSIM,0.015295863151550293
div2k,div2k/0802.png/sigma_0.050,div2k,0802.png,0.05000000074505806,U-TV (final),U-TV (20e),SSIM,0.006486833095550537
div2k,div2k/0803.png/sigma_0.050,div2k,0803.png,0.05000000074505806,U-TV (final),U-TV (20e),SSIM,0.011082828044891357
div2k,div2k/0804.png/sigma_0.050,div2k,0804.png,0.05000000074505806,U-TV (final),U-TV (20e),SSIM,0.004544079303741566
div2k,div2k/0805.png/sigma_0.050,div2k,0805.png,0.05000000074505806,U-TV (final),U-TV (20e),SSIM,0.015353202819824219
div2k,div2k/0806.png/sigma_0.050,div2k,0806.png,0.05000000074505806,U-TV (final),U-TV (20e),SSIM,0.01174694299697887
div2k,div2k/0807.png/sigma_0.050,div2k,0807.png,0.05000000074505806,U-TV (final),U-TV (20e),SSIM,0.017128944396972656
div2k,div2k/0808.png/sigma_0.050,div2k,0808.png,0.05000000074505806,U-TV (final),U-TV (20e),SSIM,0.020221412181854137
div2k,div2k/0809.png/sigma_0.050,div2k,0809.png,0.05000000074505806,U-TV (final),U-TV (20e),SSIM,0.024067163467407227
div2k,div2k/0810.png/sigma_0.050,div2k,0810.png,0.05000000074505806,U-TV (final),U-TV (20e),SSIM,0.018712937831878662
div2k,div2k/0811.png/sigma_0.050,div2k,0811.png,0.05000000074505806,U-TV (final),U-TV (20e),SSIM,0.022349953651428223
div2k,div2k/0812.png/sigma_0.050,div2k,0812.png,0.05000000074505806,U-TV (final),U-TV (20e),SSIM,0.00804358720779419
div2k,div2k/0813.png/sigma_0.050,div2k,0813.png,0.05000000074505806,U-TV (final),U-TV (20e),SSIM,0.008597195148467907
div2k,div2k/0814.png/sigma_0.050,div2k,0814.png,0.05000000074505806,U-TV (final),U-TV (20e),SSIM,0.01012665033340443
div2k,div2k/0815.png/sigma_0.050,div2k,0815.png,0.05000000074505806,U-TV (final),U-TV (20e),SSIM,0.01332998275756836
div2k,div2k/0816.png/sigma_0.050,div2k,0816.png,0.05000000074505806,U-TV (final),U-TV (20e),SSIM,0.010944366455078125
div2k,div2k/0817.png/sigma_0.050,div2k,0817.png,0.05000000074505806,U-TV (final),U-TV (20e),SSIM,0.017958402633667103
div2k,div2k/0818.png/sigma_0.050,div2k,0818.png,0.05000000074505806,U-TV (final),U-TV (20e),SSIM,0.012551546096801869
div2k,div2k/0819.png/sigma_0.050,div2k,0819.png,0.05000000074505806,U-TV (final),U-TV (20e),SSIM,0.016386866569519043
div2k,div2k/0820.png/sigma_0.050,div2k,0820.png,0.05000000074505806,U-TV (final),U-TV (20e),SSIM,0.014994084835052601
div2k,div2k/0821.png/sigma_0.050,div2k,0821.png,0.05000000074505806,U-TV (final),U-TV (20e),SSIM,-0.0025325417518614612
div2k,div2k/0822.png/sigma_0.050,div2k,0822.png,0.05000000074505806,U-TV (final),U-TV (20e),SSIM,0.03366941213607788
div2k,div2k/0823.png/sigma_0.050,div2k,0823.png,0.05000000074505806,U-TV (final),U-TV (20e),SSIM,0.007191359996795654
div2k,div2k/0824.png/sigma_0.050,div2k,0824.png,0.05000000074505806,U-TV (final),U-TV (20e),SSIM,0.00986945629119862
div2k,div2k/0825.png/sigma_0.050,div2k,0825.png,0.05000000074505806,U-TV (final),U-TV (20e),SSIM,0.0033475756645202637
div2k,div2k/0826.png/sigma_0.050,div2k,0826.png,0.05000000074505806,U-TV (final),U-TV (20e),SSIM,0.0055391788482664905
div2k,div2k/0827.png/sigma_0.050,div2k,0827.png,0.05000000074505806,U-TV (final),U-TV (20e),SSIM,0.013551652431488037
div2k,div2k/0828.png/sigma_0.050,div2k,0828.png,0.05000000074505806,U-TV (final),U-TV (20e),SSIM,0.09152889251708984
div2k,div2k/0829.png/sigma_0.050,div2k,0829.png,0.05000000074505806,U-TV (final),U-TV (20e),SSIM,0.01104658842086792
div2k,div2k/0830.png/sigma_0.050,div2k,0830.png,0.05000000074505806,U-TV (final),U-TV (20e),SSIM,0.014710843563079834
div2k,div2k/0831.png/sigma_0.050,div2k,0831.png,0.05000000074505806,U-TV (final),U-TV (20e),SSIM,0.007251024246215709
div2k,div2k/0832.png/sigma_0.050,div2k,0832.png,0.05000000074505806,U-TV (final),U-TV (20e),SSIM,0.0060503482818603516
div2k,div2k/0833.png/sigma_0.050,div2k,0833.png,0.05000000074505806,U-TV (final),U-TV (20e),SSIM,0.014927804470062367
div2k,div2k/0834.png/sigma_0.050,div2k,0834.png,0.05000000074505806,U-TV (final),U-TV (20e),SSIM,0.014075398445129506
div2k,div2k/0835.png/sigma_0.050,div2k,0835.png,0.05000000074505806,U-TV (final),U-TV (20e),SSIM,0.02577841281890869
div2k,div2k/0836.png/sigma_0.050,div2k,0836.png,0.05000000074505806,U-TV (final),U-TV (20e),SSIM,0.0021590590476989746
div2k,div2k/0837.png/sigma_0.050,div2k,0837.png,0.05000000074505806,U-TV (final),U-TV (20e),SSIM,0.004124581813812256
div2k,div2k/0838.png/sigma_0.050,div2k,0838.png,0.05000000074505806,U-TV (final),U-TV (20e),SSIM,0.016776084899902455
div2k,div2k/0839.png/sigma_0.050,div2k,0839.png,0.05000000074505806,U-TV (final),U-TV (20e),SSIM,0.010136604309082031
div2k,div2k/0840.png/sigma_0.050,div2k,0840.png,0.05000000074505806,U-TV (final),U-TV (20e),SSIM,0.007519185543060192
div2k,div2k/0841.png/sigma_0.050,div2k,0841.png,0.05000000074505806,U-TV (final),U-TV (20e),SSIM,0.014970242977142334
div2k,div2k/0842.png/sigma_0.050,div2k,0842.png,0.05000000074505806,U-TV (final),U-TV (20e),SSIM,0.015859127044677845
div2k,div2k/0843.png/sigma_0.050,div2k,0843.png,0.05000000074505806,U-TV (final),U-TV (20e),SSIM,0.03647851943969738
div2k,div2k/0844.png/sigma_0.050,div2k,0844.png,0.05000000074505806,U-TV (final),U-TV (20e),SSIM,0.015710294246673695
div2k,div2k/0845.png/sigma_0.050,div2k,0845.png,0.05000000074505806,U-TV (final),U-TV (20e),SSIM,0.02496892213821411
div2k,div2k/0846.png/sigma_0.050,div2k,0846.png,0.05000000074505806,U-TV (final),U-TV (20e),SSIM,0.00769716501235973
div2k,div2k/0847.png/sigma_0.050,div2k,0847.png,0.05000000074505806,U-TV (final),U-TV (20e),SSIM,0.0030452609062194824
div2k,div2k/0848.png/sigma_0.050,div2k,0848.png,0.05000000074505806,U-TV (final),U-TV (20e),SSIM,0.005288243293762318
div2k,div2k/0849.png/sigma_0.050,div2k,0849.png,0.05000000074505806,U-TV (final),U-TV (20e),SSIM,0.003657221794128529
div2k,div2k/0850.png/sigma_0.050,div2k,0850.png,0.05000000074505806,U-TV (final),U-TV (20e),SSIM,0.0063599348068237305
div2k,div2k/0851.png/sigma_0.050,div2k,0851.png,0.05000000074505806,U-TV (final),U-TV (20e),SSIM,0.01296919584274292
div2k,div2k/0852.png/sigma_0.050,div2k,0852.png,0.05000000074505806,U-TV (final),U-TV (20e),SSIM,0.0122794508934021
div2k,div2k/0853.png/sigma_0.050,div2k,0853.png,0.05000000074505806,U-TV (final),U-TV (20e),SSIM,0.018862366676330677
div2k,div2k/0854.png/sigma_0.050,div2k,0854.png,0.05000000074505806,U-TV (final),U-TV (20e),SSIM,0.012564122676849365
div2k,div2k/0855.png/sigma_0.050,div2k,0855.png,0.05000000074505806,U-TV (final),U-TV (20e),SSIM,0.008848130702972301
div2k,div2k/0856.png/sigma_0.050,div2k,0856.png,0.05000000074505806,U-TV (final),U-TV (20e),SSIM,0.05366694927215576
div2k,div2k/0857.png/sigma_0.050,div2k,0857.png,0.05000000074505806,U-TV (final),U-TV (20e),SSIM,0.01463228464126587
div2k,div2k/0858.png/sigma_0.050,div2k,0858.png,0.05000000074505806,U-TV (final),U-TV (20e),SSIM,0.02071082592010498
div2k,div2k/0859.png/sigma_0.050,div2k,0859.png,0.05000000074505806,U-TV (final),U-TV (20e),SSIM,0.01994699239730835
div2k,div2k/0860.png/sigma_0.050,div2k,0860.png,0.05000000074505806,U-TV (final),U-TV (20e),SSIM,0.024153053760528564
div2k,div2k/0861.png/sigma_0.050,div2k,0861.png,0.05000000074505806,U-TV (final),U-TV (20e),SSIM,0.005782186985015869
div2k,div2k/0862.png/sigma_0.050,div2k,0862.png,0.05000000074505806,U-TV (final),U-TV (20e),SSIM,0.022626280784606934
div2k,div2k/0863.png/sigma_0.050,div2k,0863.png,0.05000000074505806,U-TV (final),U-TV (20e),SSIM,0.017280280590057262
div2k,div2k/0864.png/sigma_0.050,div2k,0864.png,0.05000000074505806,U-TV (final),U-TV (20e),SSIM,0.010760188102722168
div2k,div2k/0865.png/sigma_0.050,div2k,0865.png,0.05000000074505806,U-TV (final),U-TV (20e),SSIM,0.011396229267120361
div2k,div2k/0866.png/sigma_0.050,div2k,0866.png,0.05000000074505806,U-TV (final),U-TV (20e),SSIM,0.019682109355926514
div2k,div2k/0867.png/sigma_0.050,div2k,0867.png,0.05000000074505806,U-TV (final),U-TV (20e),SSIM,0.0072664618492125355
div2k,div2k/0868.png/sigma_0.050,div2k,0868.png,0.05000000074505806,U-TV (final),U-TV (20e),SSIM,0.0051038265228271484
div2k,div2k/0869.png/sigma_0.050,div2k,0869.png,0.05000000074505806,U-TV (final),U-TV (20e),SSIM,0.013108491897583008
div2k,div2k/0870.png/sigma_0.050,div2k,0870.png,0.05000000074505806,U-TV (final),U-TV (20e),SSIM,0.02347296476364147
div2k,div2k/0871.png/sigma_0.050,div2k,0871.png,0.05000000074505806,U-TV (final),U-TV (20e),SSIM,0.008511543273925781
div2k,div2k/0872.png/sigma_0.050,div2k,0872.png,0.05000000074505806,U-TV (final),U-TV (20e),SSIM,0.004612386226654053
div2k,div2k/0873.png/sigma_0.050,div2k,0873.png,0.05000000074505806,U-TV (final),U-TV (20e),SSIM,0.02064681053161621
div2k,div2k/0874.png/sigma_0.050,div2k,0874.png,0.05000000074505806,U-TV (final),U-TV (20e),SSIM,0.0178680419921875
div2k,div2k/0875.png/sigma_0.050,div2k,0875.png,0.05000000074505806,U-TV (final),U-TV (20e),SSIM,-0.0005078911781309925
div2k,div2k/0876.png/sigma_0.050,div2k,0876.png,0.05000000074505806,U-TV (final),U-TV (20e),SSIM,0.020209670066833496
div2k,div2k/0877.png/sigma_0.050,div2k,0877.png,0.05000000074505806,U-TV (final),U-TV (20e),SSIM,0.012075304985046498
div2k,div2k/0878.png/sigma_0.050,div2k,0878.png,0.05000000074505806,U-TV (final),U-TV (20e),SSIM,0.013891994953155518
div2k,div2k/0879.png/sigma_0.050,div2k,0879.png,0.05000000074505806,U-TV (final),U-TV (20e),SSIM,0.004248082637786754
div2k,div2k/0880.png/sigma_0.050,div2k,0880.png,0.05000000074505806,U-TV (final),U-TV (20e),SSIM,0.017137706279754528
div2k,div2k/0881.png/sigma_0.050,div2k,0881.png,0.05000000074505806,U-TV (final),U-TV (20e),SSIM,0.011583805084228516
div2k,div2k/0882.png/sigma_0.050,div2k,0882.png,0.05000000074505806,U-TV (final),U-TV (20e),SSIM,0.006067574024200328
div2k,div2k/0883.png/sigma_0.050,div2k,0883.png,0.05000000074505806,U-TV (final),U-TV (20e),SSIM,0.009775280952453724
div2k,div2k/0884.png/sigma_0.050,div2k,0884.png,0.05000000074505806,U-TV (final),U-TV (20e),SSIM,0.010533571243286133
div2k,div2k/0885.png/sigma_0.050,div2k,0885.png,0.05000000074505806,U-TV (final),U-TV (20e),SSIM,0.03181356191635132
div2k,div2k/0886.png/sigma_0.050,div2k,0886.png,0.05000000074505806,U-TV (final),U-TV (20e),SSIM,0.012882769107818604
div2k,div2k/0887.png/sigma_0.050,div2k,0887.png,0.05000000074505806,U-TV (final),U-TV (20e),SSIM,0.02356135845184326
div2k,div2k/0888.png/sigma_0.050,div2k,0888.png,0.05000000074505806,U-TV (final),U-TV (20e),SSIM,0.0032938718795776367
div2k,div2k/0889.png/sigma_0.050,div2k,0889.png,0.05000000074505806,U-TV (final),U-TV (20e),SSIM,0.006158888339996338
div2k,div2k/0890.png/sigma_0.050,div2k,0890.png,0.05000000074505806,U-TV (final),U-TV (20e),SSIM,0.012312114238739014
div2k,div2k/0891.png/sigma_0.050,div2k,0891.png,0.05000000074505806,U-TV (final),U-TV (20e),SSIM,0.002479374408721924
div2k,div2k/0892.png/sigma_0.050,div2k,0892.png,0.05000000074505806,U-TV (final),U-TV (20e),SSIM,0.06069743633270264
div2k,div2k/0893.png/sigma_0.050,div2k,0893.png,0.05000000074505806,U-TV (final),U-TV (20e),SSIM,0.012713611125945934
div2k,div2k/0894.png/sigma_0.050,div2k,0894.png,0.05000000074505806,U-TV (final),U-TV (20e),SSIM,0.01513451337814331
div2k,div2k/0895.png/sigma_0.050,div2k,0895.png,0.05000000074505806,U-TV (final),U-TV (20e),SSIM,0.023617327213287354
div2k,div2k/0896.png/sigma_0.050,div2k,0896.png,0.05000000074505806,U-TV (final),U-TV (20e),SSIM,0.01583033800125111
div2k,div2k/0897.png/sigma_0.050,div2k,0897.png,0.05000000074505806,U-TV (final),U-TV (20e),SSIM,0.005925953388214222
div2k,div2k/0898.png/sigma_0.050,div2k,0898.png,0.05000000074505806,U-TV (final),U-TV (20e),SSIM,0.010612189769744984
div2k,div2k/0899.png/sigma_0.050,div2k,0899.png,0.05000000074505806,U-TV (final),U-TV (20e),SSIM,0.01593714952468872
div2k,div2k/0900.png/sigma_0.050,div2k,0900.png,0.05000000074505806,U-TV (final),U-TV (20e),SSIM,0.007468700408935547
div2k,div2k/0801.png/sigma_0.050,div2k,0801.png,0.05000000074505806,U-TGV (final),U-TGV (20e),PSNR,-0.0279388427734375
div2k,div2k/0802.png/sigma_0.050,div2k,0802.png,0.05000000074505806,U-TGV (final),U-TGV (20e),PSNR,-0.06445693969726562
div2k,div2k/0803.png/sigma_0.050,div2k,0803.png,0.05000000074505806,U-TGV (final),U-TGV (20e),PSNR,0.667236328125
div2k,div2k/0804.png/sigma_0.050,div2k,0804.png,0.05000000074505806,U-TGV (final),U-TGV (20e),PSNR,0.20305442810058594
div2k,div2k/0805.png/sigma_0.050,div2k,0805.png,0.05000000074505806,U-TGV (final),U-TGV (20e),PSNR,-0.10194969177246094
div2k,div2k/0806.png/sigma_0.050,div2k,0806.png,0.05000000074505806,U-TGV (final),U-TGV (20e),PSNR,0.46960449218749645
div2k,div2k/0807.png/sigma_0.050,div2k,0807.png,0.05000000074505806,U-TGV (final),U-TGV (20e),PSNR,0.06205177307128906
div2k,div2k/0808.png/sigma_0.050,div2k,0808.png,0.05000000074505806,U-TGV (final),U-TGV (20e),PSNR,0.22174072265625
div2k,div2k/0809.png/sigma_0.050,div2k,0809.png,0.05000000074505806,U-TGV (final),U-TGV (20e),PSNR,0.10445976257324574
div2k,div2k/0810.png/sigma_0.050,div2k,0810.png,0.05000000074505806,U-TGV (final),U-TGV (20e),PSNR,0.23047447204589844
div2k,div2k/0811.png/sigma_0.050,div2k,0811.png,0.05000000074505806,U-TGV (final),U-TGV (20e),PSNR,0.1094512939453125
div2k,div2k/0812.png/sigma_0.050,div2k,0812.png,0.05000000074505806,U-TGV (final),U-TGV (20e),PSNR,0.23263931274414418
div2k,div2k/0813.png/sigma_0.050,div2k,0813.png,0.05000000074505806,U-TGV (final),U-TGV (20e),PSNR,0.33673667907714844
div2k,div2k/0814.png/sigma_0.050,div2k,0814.png,0.05000000074505806,U-TGV (final),U-TGV (20e),PSNR,0.3853340148925781
div2k,div2k/0815.png/sigma_0.050,div2k,0815.png,0.05000000074505806,U-TGV (final),U-TGV (20e),PSNR,0.11822319030761719
div2k,div2k/0816.png/sigma_0.050,div2k,0816.png,0.05000000074505806,U-TGV (final),U-TGV (20e),PSNR,0.27118873596191406
div2k,div2k/0817.png/sigma_0.050,div2k,0817.png,0.05000000074505806,U-TGV (final),U-TGV (20e),PSNR,0.2354297637939453
div2k,div2k/0818.png/sigma_0.050,div2k,0818.png,0.05000000074505806,U-TGV (final),U-TGV (20e),PSNR,0.12391090393066406
div2k,div2k/0819.png/sigma_0.050,div2k,0819.png,0.05000000074505806,U-TGV (final),U-TGV (20e),PSNR,0.06602859497070312
div2k,div2k/0820.png/sigma_0.050,div2k,0820.png,0.05000000074505806,U-TGV (final),U-TGV (20e),PSNR,-0.3406047821044922
div2k,div2k/0821.png/sigma_0.050,div2k,0821.png,0.05000000074505806,U-TGV (final),U-TGV (20e),PSNR,0.14810752868652344
div2k,div2k/0822.png/sigma_0.050,div2k,0822.png,0.05000000074505806,U-TGV (final),U-TGV (20e),PSNR,0.415771484375
div2k,div2k/0823.png/sigma_0.050,div2k,0823.png,0.05000000074505806,U-TGV (final),U-TGV (20e),PSNR,-0.06514930725097301
div2k,div2k/0824.png/sigma_0.050,div2k,0824.png,0.05000000074505806,U-TGV (final),U-TGV (20e),PSNR,0.15347290039062145
div2k,div2k/0825.png/sigma_0.050,div2k,0825.png,0.05000000074505806,U-TGV (final),U-TGV (20e),PSNR,0.05847358703613281
div2k,div2k/0826.png/sigma_0.050,div2k,0826.png,0.05000000074505806,U-TGV (final),U-TGV (20e),PSNR,0.03778266906738281
div2k,div2k/0827.png/sigma_0.050,div2k,0827.png,0.05000000074505806,U-TGV (final),U-TGV (20e),PSNR,0.3031730651855469
div2k,div2k/0828.png/sigma_0.050,div2k,0828.png,0.05000000074505806,U-TGV (final),U-TGV (20e),PSNR,2.040557861328125
div2k,div2k/0829.png/sigma_0.050,div2k,0829.png,0.05000000074505806,U-TGV (final),U-TGV (20e),PSNR,0.42154693603515625
div2k,div2k/0830.png/sigma_0.050,div2k,0830.png,0.05000000074505806,U-TGV (final),U-TGV (20e),PSNR,0.2235946655273402
div2k,div2k/0831.png/sigma_0.050,div2k,0831.png,0.05000000074505806,U-TGV (final),U-TGV (20e),PSNR,0.13366699218750355
div2k,div2k/0832.png/sigma_0.050,div2k,0832.png,0.05000000074505806,U-TGV (final),U-TGV (20e),PSNR,0.2564258575439453
div2k,div2k/0833.png/sigma_0.050,div2k,0833.png,0.05000000074505806,U-TGV (final),U-TGV (20e),PSNR,0.43907928466796875
div2k,div2k/0834.png/sigma_0.050,div2k,0834.png,0.05000000074505806,U-TGV (final),U-TGV (20e),PSNR,0.08186912536621449
div2k,div2k/0835.png/sigma_0.050,div2k,0835.png,0.05000000074505806,U-TGV (final),U-TGV (20e),PSNR,0.21471595764160156
div2k,div2k/0836.png/sigma_0.050,div2k,0836.png,0.05000000074505806,U-TGV (final),U-TGV (20e),PSNR,0.012788772583011365
div2k,div2k/0837.png/sigma_0.050,div2k,0837.png,0.05000000074505806,U-TGV (final),U-TGV (20e),PSNR,0.09228515625000355
div2k,div2k/0838.png/sigma_0.050,div2k,0838.png,0.05000000074505806,U-TGV (final),U-TGV (20e),PSNR,0.6507568359375
div2k,div2k/0839.png/sigma_0.050,div2k,0839.png,0.05000000074505806,U-TGV (final),U-TGV (20e),PSNR,0.07907295227050781
div2k,div2k/0840.png/sigma_0.050,div2k,0840.png,0.05000000074505806,U-TGV (final),U-TGV (20e),PSNR,0.053281784057613635
div2k,div2k/0841.png/sigma_0.050,div2k,0841.png,0.05000000074505806,U-TGV (final),U-TGV (20e),PSNR,0.2621269226074219
div2k,div2k/0842.png/sigma_0.050,div2k,0842.png,0.05000000074505806,U-TGV (final),U-TGV (20e),PSNR,0.1374053955078125
div2k,div2k/0843.png/sigma_0.050,div2k,0843.png,0.05000000074505806,U-TGV (final),U-TGV (20e),PSNR,1.1584815979003906
div2k,div2k/0844.png/sigma_0.050,div2k,0844.png,0.05000000074505806,U-TGV (final),U-TGV (20e),PSNR,0.5803756713867188
div2k,div2k/0845.png/sigma_0.050,div2k,0845.png,0.05000000074505806,U-TGV (final),U-TGV (20e),PSNR,0.3572959899902344
div2k,div2k/0846.png/sigma_0.050,div2k,0846.png,0.05000000074505806,U-TGV (final),U-TGV (20e),PSNR,-0.5591049194335938
div2k,div2k/0847.png/sigma_0.050,div2k,0847.png,0.05000000074505806,U-TGV (final),U-TGV (20e),PSNR,0.10222053527832031
div2k,div2k/0848.png/sigma_0.050,div2k,0848.png,0.05000000074505806,U-TGV (final),U-TGV (20e),PSNR,0.25632667541503906
div2k,div2k/0849.png/sigma_0.050,div2k,0849.png,0.05000000074505806,U-TGV (final),U-TGV (20e),PSNR,0.20232772827148438
div2k,div2k/0850.png/sigma_0.050,div2k,0850.png,0.05000000074505806,U-TGV (final),U-TGV (20e),PSNR,0.19820404052734375
div2k,div2k/0851.png/sigma_0.050,div2k,0851.png,0.05000000074505806,U-TGV (final),U-TGV (20e),PSNR,0.5071201324462891
div2k,div2k/0852.png/sigma_0.050,div2k,0852.png,0.05000000074505806,U-TGV (final),U-TGV (20e),PSNR,0.12047767639160156
div2k,div2k/0853.png/sigma_0.050,div2k,0853.png,0.05000000074505806,U-TGV (final),U-TGV (20e),PSNR,0.4994049072265625
div2k,div2k/0854.png/sigma_0.050,div2k,0854.png,0.05000000074505806,U-TGV (final),U-TGV (20e),PSNR,0.04554939270019531
div2k,div2k/0855.png/sigma_0.050,div2k,0855.png,0.05000000074505806,U-TGV (final),U-TGV (20e),PSNR,-0.09675216674804688
div2k,div2k/0856.png/sigma_0.050,div2k,0856.png,0.05000000074505806,U-TGV (final),U-TGV (20e),PSNR,0.4100933074951172
div2k,div2k/0857.png/sigma_0.050,div2k,0857.png,0.05000000074505806,U-TGV (final),U-TGV (20e),PSNR,0.9507331848144531
div2k,div2k/0858.png/sigma_0.050,div2k,0858.png,0.05000000074505806,U-TGV (final),U-TGV (20e),PSNR,0.2412872314453125
div2k,div2k/0859.png/sigma_0.050,div2k,0859.png,0.05000000074505806,U-TGV (final),U-TGV (20e),PSNR,0.09472656250000355
div2k,div2k/0860.png/sigma_0.050,div2k,0860.png,0.05000000074505806,U-TGV (final),U-TGV (20e),PSNR,0.03161239624023082
div2k,div2k/0861.png/sigma_0.050,div2k,0861.png,0.05000000074505806,U-TGV (final),U-TGV (20e),PSNR,0.0030078887939453125
div2k,div2k/0862.png/sigma_0.050,div2k,0862.png,0.05000000074505806,U-TGV (final),U-TGV (20e),PSNR,0.7038345336914062
div2k,div2k/0863.png/sigma_0.050,div2k,0863.png,0.05000000074505806,U-TGV (final),U-TGV (20e),PSNR,0.07812881469726562
div2k,div2k/0864.png/sigma_0.050,div2k,0864.png,0.05000000074505806,U-TGV (final),U-TGV (20e),PSNR,0.1498508453369105
div2k,div2k/0865.png/sigma_0.050,div2k,0865.png,0.05000000074505806,U-TGV (final),U-TGV (20e),PSNR,0.032808303833011365
div2k,div2k/0866.png/sigma_0.050,div2k,0866.png,0.05000000074505806,U-TGV (final),U-TGV (20e),PSNR,-7.82012939453125e-05
div2k,div2k/0867.png/sigma_0.050,div2k,0867.png,0.05000000074505806,U-TGV (final),U-TGV (20e),PSNR,0.06232261657714844
div2k,div2k/0868.png/sigma_0.050,div2k,0868.png,0.05000000074505806,U-TGV (final),U-TGV (20e),PSNR,0.7656173706054688
div2k,div2k/0869.png/sigma_0.050,div2k,0869.png,0.05000000074505806,U-TGV (final),U-TGV (20e),PSNR,0.16186904907226562
div2k,div2k/0870.png/sigma_0.050,div2k,0870.png,0.05000000074505806,U-TGV (final),U-TGV (20e),PSNR,0.07631111145019531
div2k,div2k/0871.png/sigma_0.050,div2k,0871.png,0.05000000074505806,U-TGV (final),U-TGV (20e),PSNR,0.20453262329101562
div2k,div2k/0872.png/sigma_0.050,div2k,0872.png,0.05000000074505806,U-TGV (final),U-TGV (20e),PSNR,0.20169830322265625
div2k,div2k/0873.png/sigma_0.050,div2k,0873.png,0.05000000074505806,U-TGV (final),U-TGV (20e),PSNR,0.2530784606933594
div2k,div2k/0874.png/sigma_0.050,div2k,0874.png,0.05000000074505806,U-TGV (final),U-TGV (20e),PSNR,0.22920227050781605
div2k,div2k/0875.png/sigma_0.050,div2k,0875.png,0.05000000074505806,U-TGV (final),U-TGV (20e),PSNR,-0.12626266479491832
div2k,div2k/0876.png/sigma_0.050,div2k,0876.png,0.05000000074505806,U-TGV (final),U-TGV (20e),PSNR,0.274169921875
div2k,div2k/0877.png/sigma_0.050,div2k,0877.png,0.05000000074505806,U-TGV (final),U-TGV (20e),PSNR,0.4644927978515625
div2k,div2k/0878.png/sigma_0.050,div2k,0878.png,0.05000000074505806,U-TGV (final),U-TGV (20e),PSNR,0.157196044921875
div2k,div2k/0879.png/sigma_0.050,div2k,0879.png,0.05000000074505806,U-TGV (final),U-TGV (20e),PSNR,0.06913566589355469
div2k,div2k/0880.png/sigma_0.050,div2k,0880.png,0.05000000074505806,U-TGV (final),U-TGV (20e),PSNR,0.38175010681152344
div2k,div2k/0881.png/sigma_0.050,div2k,0881.png,0.05000000074505806,U-TGV (final),U-TGV (20e),PSNR,0.11754608154296875
div2k,div2k/0882.png/sigma_0.050,div2k,0882.png,0.05000000074505806,U-TGV (final),U-TGV (20e),PSNR,0.5676498413085938
div2k,div2k/0883.png/sigma_0.050,div2k,0883.png,0.05000000074505806,U-TGV (final),U-TGV (20e),PSNR,0.015630722045898438
div2k,div2k/0884.png/sigma_0.050,div2k,0884.png,0.05000000074505806,U-TGV (final),U-TGV (20e),PSNR,0.028865814208984375
div2k,div2k/0885.png/sigma_0.050,div2k,0885.png,0.05000000074505806,U-TGV (final),U-TGV (20e),PSNR,0.5728855133056641
div2k,div2k/0886.png/sigma_0.050,div2k,0886.png,0.05000000074505806,U-TGV (final),U-TGV (20e),PSNR,0.3826446533203125
div2k,div2k/0887.png/sigma_0.050,div2k,0887.png,0.05000000074505806,U-TGV (final),U-TGV (20e),PSNR,0.2265300750732422
div2k,div2k/0888.png/sigma_0.050,div2k,0888.png,0.05000000074505806,U-TGV (final),U-TGV (20e),PSNR,0.1441936492919922
div2k,div2k/0889.png/sigma_0.050,div2k,0889.png,0.05000000074505806,U-TGV (final),U-TGV (20e),PSNR,-0.008695602416992188
div2k,div2k/0890.png/sigma_0.050,div2k,0890.png,0.05000000074505806,U-TGV (final),U-TGV (20e),PSNR,0.2277507781982422
div2k,div2k/0891.png/sigma_0.050,div2k,0891.png,0.05000000074505806,U-TGV (final),U-TGV (20e),PSNR,-0.07439613342285156
div2k,div2k/0892.png/sigma_0.050,div2k,0892.png,0.05000000074505806,U-TGV (final),U-TGV (20e),PSNR,0.7096538543701172
div2k,div2k/0893.png/sigma_0.050,div2k,0893.png,0.05000000074505806,U-TGV (final),U-TGV (20e),PSNR,0.4685935974121094
div2k,div2k/0894.png/sigma_0.050,div2k,0894.png,0.05000000074505806,U-TGV (final),U-TGV (20e),PSNR,0.021209716796875
div2k,div2k/0895.png/sigma_0.050,div2k,0895.png,0.05000000074505806,U-TGV (final),U-TGV (20e),PSNR,-0.142974853515625
div2k,div2k/0896.png/sigma_0.050,div2k,0896.png,0.05000000074505806,U-TGV (final),U-TGV (20e),PSNR,0.3411712646484375
div2k,div2k/0897.png/sigma_0.050,div2k,0897.png,0.05000000074505806,U-TGV (final),U-TGV (20e),PSNR,0.9052581787109375
div2k,div2k/0898.png/sigma_0.050,div2k,0898.png,0.05000000074505806,U-TGV (final),U-TGV (20e),PSNR,0.23962783813476562
div2k,div2k/0899.png/sigma_0.050,div2k,0899.png,0.05000000074505806,U-TGV (final),U-TGV (20e),PSNR,0.7611961364746129
div2k,div2k/0900.png/sigma_0.050,div2k,0900.png,0.05000000074505806,U-TGV (final),U-TGV (20e),PSNR,0.174261093139652
div2k,div2k/0801.png/sigma_0.050,div2k,0801.png,0.05000000074505806,U-TGV (final),U-TGV (20e),SSIM,0.00022077560424804688
div2k,div2k/0802.png/sigma_0.050,div2k,0802.png,0.05000000074505806,U-TGV (final),U-TGV (20e),SSIM,-0.00040954351425159796
div2k,div2k/0803.png/sigma_0.050,div2k,0803.png,0.05000000074505806,U-TGV (final),U-TGV (20e),SSIM,0.006563782691955455
div2k,div2k/0804.png/sigma_0.050,div2k,0804.png,0.05000000074505806,U-TGV (final),U-TGV (20e),SSIM,0.0040923357009886585
div2k,div2k/0805.png/sigma_0.050,div2k,0805.png,0.05000000074505806,U-TGV (final),U-TGV (20e),SSIM,-0.0019065141677856445
div2k,div2k/0806.png/sigma_0.050,div2k,0806.png,0.05000000074505806,U-TGV (final),U-TGV (20e),SSIM,0.009392082691192627
div2k,div2k/0807.png/sigma_0.050,div2k,0807.png,0.05000000074505806,U-TGV (final),U-TGV (20e),SSIM,0.0023661255836486816
div2k,div2k/0808.png/sigma_0.050,div2k,0808.png,0.05000000074505806,U-TGV (final),U-TGV (20e),SSIM,0.011866450309753418
div2k,div2k/0809.png/sigma_0.050,div2k,0809.png,0.05000000074505806,U-TGV (final),U-TGV (20e),SSIM,0.0008599162101745605
div2k,div2k/0810.png/sigma_0.050,div2k,0810.png,0.05000000074505806,U-TGV (final),U-TGV (20e),SSIM,0.005612134933471569
div2k,div2k/0811.png/sigma_0.050,div2k,0811.png,0.05000000074505806,U-TGV (final),U-TGV (20e),SSIM,0.0037611722946166992
div2k,div2k/0812.png/sigma_0.050,div2k,0812.png,0.05000000074505806,U-TGV (final),U-TGV (20e),SSIM,0.0021805763244628906
div2k,div2k/0813.png/sigma_0.050,div2k,0813.png,0.05000000074505806,U-TGV (final),U-TGV (20e),SSIM,0.01023256778717041
div2k,div2k/0814.png/sigma_0.050,div2k,0814.png,0.05000000074505806,U-TGV (final),U-TGV (20e),SSIM,0.009825944900512584
div2k,div2k/0815.png/sigma_0.050,div2k,0815.png,0.05000000074505806,U-TGV (final),U-TGV (20e),SSIM,0.0002511143684387207
div2k,div2k/0816.png/sigma_0.050,div2k,0816.png,0.05000000074505806,U-TGV (final),U-TGV (20e),SSIM,0.008513391017913818
div2k,div2k/0817.png/sigma_0.050,div2k,0817.png,0.05000000074505806,U-TGV (final),U-TGV (20e),SSIM,0.007964015007018932
div2k,div2k/0818.png/sigma_0.050,div2k,0818.png,0.05000000074505806,U-TGV (final),U-TGV (20e),SSIM,0.007988929748535267
div2k,div2k/0819.png/sigma_0.050,div2k,0819.png,0.05000000074505806,U-TGV (final),U-TGV (20e),SSIM,0.0010587573051452637
div2k,div2k/0820.png/sigma_0.050,div2k,0820.png,0.05000000074505806,U-TGV (final),U-TGV (20e),SSIM,0.0035630464553833008
div2k,div2k/0821.png/sigma_0.050,div2k,0821.png,0.05000000074505806,U-TGV (final),U-TGV (20e),SSIM,0.0013902187347411
div2k,div2k/0822.png/sigma_0.050,div2k,0822.png,0.05000000074505806,U-TGV (final),U-TGV (20e),SSIM,0.009985208511352539
div2k,div2k/0823.png/sigma_0.050,div2k,0823.png,0.05000000074505806,U-TGV (final),U-TGV (20e),SSIM,0.013427138328552246
div2k,div2k/0824.png/sigma_0.050,div2k,0824.png,0.05000000074505806,U-TGV (final),U-TGV (20e),SSIM,0.005201876163482666
div2k,div2k/0825.png/sigma_0.050,div2k,0825.png,0.05000000074505806,U-TGV (final),U-TGV (20e),SSIM,-0.0005854368209838867
div2k,div2k/0826.png/sigma_0.050,div2k,0826.png,0.05000000074505806,U-TGV (final),U-TGV (20e),SSIM,0.007787048816680908
div2k,div2k/0827.png/sigma_0.050,div2k,0827.png,0.05000000074505806,U-TGV (final),U-TGV (20e),SSIM,0.008224785327911377
div2k,div2k/0828.png/sigma_0.050,div2k,0828.png,0.05000000074505806,U-TGV (final),U-TGV (20e),SSIM,0.07306444644927979
div2k,div2k/0829.png/sigma_0.050,div2k,0829.png,0.05000000074505806,U-TGV (final),U-TGV (20e),SSIM,0.003807246685028076
div2k,div2k/0830.png/sigma_0.050,div2k,0830.png,0.05000000074505806,U-TGV (final),U-TGV (20e),SSIM,0.011234700679779053
div2k,div2k/0831.png/sigma_0.050,div2k,0831.png,0.05000000074505806,U-TGV (final),U-TGV (20e),SSIM,0.0019162297248841442
div2k,div2k/0832.png/sigma_0.050,div2k,0832.png,0.05000000074505806,U-TGV (final),U-TGV (20e),SSIM,0.003935515880584606
div2k,div2k/0833.png/sigma_0.050,div2k,0833.png,0.05000000074505806,U-TGV (final),U-TGV (20e),SSIM,0.02021646499633778
div2k,div2k/0834.png/sigma_0.050,div2k,0834.png,0.05000000074505806,U-TGV (final),U-TGV (20e),SSIM,0.0040062665939331055
div2k,div2k/0835.png/sigma_0.050,div2k,0835.png,0.05000000074505806,U-TGV (final),U-TGV (20e),SSIM,0.010414719581604004
div2k,div2k/0836.png/sigma_0.050,div2k,0836.png,0.05000000074505806,U-TGV (final),U-TGV (20e),SSIM,0.008804619312286377
div2k,div2k/0837.png/sigma_0.050,div2k,0837.png,0.05000000074505806,U-TGV (final),U-TGV (20e),SSIM,0.001261293888092041
div2k,div2k/0838.png/sigma_0.050,div2k,0838.png,0.05000000074505806,U-TGV (final),U-TGV (20e),SSIM,0.007498025894164928
div2k,div2k/0839.png/sigma_0.050,div2k,0839.png,0.05000000074505806,U-TGV (final),U-TGV (20e),SSIM,0.0005118846893310547
div2k,div2k/0840.png/sigma_0.050,div2k,0840.png,0.05000000074505806,U-TGV (final),U-TGV (20e),SSIM,0.0013276934623718262
div2k,div2k/0841.png/sigma_0.050,div2k,0841.png,0.05000000074505806,U-TGV (final),U-TGV (20e),SSIM,0.007028937339782715
div2k,div2k/0842.png/sigma_0.050,div2k,0842.png,0.05000000074505806,U-TGV (final),U-TGV (20e),SSIM,0.0054253339767456055
div2k,div2k/0843.png/sigma_0.050,div2k,0843.png,0.05000000074505806,U-TGV (final),U-TGV (20e),SSIM,0.03881096839904774
div2k,div2k/0844.png/sigma_0.050,div2k,0844.png,0.05000000074505806,U-TGV (final),U-TGV (20e),SSIM,0.011243462562560924
div2k,div2k/0845.png/sigma_0.050,div2k,0845.png,0.05000000074505806,U-TGV (final),U-TGV (20e),SSIM,0.015577673912048229
div2k,div2k/0846.png/sigma_0.050,div2k,0846.png,0.05000000074505806,U-TGV (final),U-TGV (20e),SSIM,0.000877380371093861
div2k,div2k/0847.png/sigma_0.050,div2k,0847.png,0.05000000074505806,U-TGV (final),U-TGV (20e),SSIM,0.0019850730895994984
div2k,div2k/0848.png/sigma_0.050,div2k,0848.png,0.05000000074505806,U-TGV (final),U-TGV (20e),SSIM,0.0015211105346678577
div2k,div2k/0849.png/sigma_0.050,div2k,0849.png,0.05000000074505806,U-TGV (final),U-TGV (20e),SSIM,0.0032995939254760742
div2k,div2k/0850.png/sigma_0.050,div2k,0850.png,0.05000000074505806,U-TGV (final),U-TGV (20e),SSIM,0.006250858306884655
div2k,div2k/0851.png/sigma_0.050,div2k,0851.png,0.05000000074505806,U-TGV (final),U-TGV (20e),SSIM,0.015556693077087513
div2k,div2k/0852.png/sigma_0.050,div2k,0852.png,0.05000000074505806,U-TGV (final),U-TGV (20e),SSIM,0.0031139254570007324
div2k,div2k/0853.png/sigma_0.050,div2k,0853.png,0.05000000074505806,U-TGV (final),U-TGV (20e),SSIM,0.021034598350524902
div2k,div2k/0854.png/sigma_0.050,div2k,0854.png,0.05000000074505806,U-TGV (final),U-TGV (20e),SSIM,0.007765352725982666
div2k,div2k/0855.png/sigma_0.050,div2k,0855.png,0.05000000074505806,U-TGV (final),U-TGV (20e),SSIM,0.0011712312698365368
div2k,div2k/0856.png/sigma_0.050,div2k,0856.png,0.05000000074505806,U-TGV (final),U-TGV (20e),SSIM,0.01844167709350586
div2k,div2k/0857.png/sigma_0.050,div2k,0857.png,0.05000000074505806,U-TGV (final),U-TGV (20e),SSIM,0.00955510139465332
div2k,div2k/0858.png/sigma_0.050,div2k,0858.png,0.05000000074505806,U-TGV (final),U-TGV (20e),SSIM,0.008922338485717773
div2k,div2k/0859.png/sigma_0.050,div2k,0859.png,0.05000000074505806,U-TGV (final),U-TGV (20e),SSIM,0.001742720603942871
div2k,div2k/0860.png/sigma_0.050,div2k,0860.png,0.05000000074505806,U-TGV (final),U-TGV (20e),SSIM,0.0005834102630616345
div2k,div2k/0861.png/sigma_0.050,div2k,0861.png,0.05000000074505806,U-TGV (final),U-TGV (20e),SSIM,0.008357703685760498
div2k,div2k/0862.png/sigma_0.050,div2k,0862.png,0.05000000074505806,U-TGV (final),U-TGV (20e),SSIM,0.019308269023895153
div2k,div2k/0863.png/sigma_0.050,div2k,0863.png,0.05000000074505806,U-TGV (final),U-TGV (20e),SSIM,0.012699544429779053
div2k,div2k/0864.png/sigma_0.050,div2k,0864.png,0.05000000074505806,U-TGV (final),U-TGV (20e),SSIM,0.00300997495651234
div2k,div2k/0865.png/sigma_0.050,div2k,0865.png,0.05000000074505806,U-TGV (final),U-TGV (20e),SSIM,0.00108414888381958
div2k,div2k/0866.png/sigma_0.050,div2k,0866.png,0.05000000074505806,U-TGV (final),U-TGV (20e),SSIM,0.0061359405517579235
div2k,div2k/0867.png/sigma_0.050,div2k,0867.png,0.05000000074505806,U-TGV (final),U-TGV (20e),SSIM,0.0016527175903320312
div2k,div2k/0868.png/sigma_0.050,div2k,0868.png,0.05000000074505806,U-TGV (final),U-TGV (20e),SSIM,0.02626025676727295
div2k,div2k/0869.png/sigma_0.050,div2k,0869.png,0.05000000074505806,U-TGV (final),U-TGV (20e),SSIM,0.008614480495452992
div2k,div2k/0870.png/sigma_0.050,div2k,0870.png,0.05000000074505806,U-TGV (final),U-TGV (20e),SSIM,0.0026062726974486194
div2k,div2k/0871.png/sigma_0.050,div2k,0871.png,0.05000000074505806,U-TGV (final),U-TGV (20e),SSIM,0.0026717185974121094
div2k,div2k/0872.png/sigma_0.050,div2k,0872.png,0.05000000074505806,U-TGV (final),U-TGV (20e),SSIM,0.0036350488662720837
div2k,div2k/0873.png/sigma_0.050,div2k,0873.png,0.05000000074505806,U-TGV (final),U-TGV (20e),SSIM,0.013734817504882924
div2k,div2k/0874.png/sigma_0.050,div2k,0874.png,0.05000000074505806,U-TGV (final),U-TGV (20e),SSIM,0.0040596723556517444
div2k,div2k/0875.png/sigma_0.050,div2k,0875.png,0.05000000074505806,U-TGV (final),U-TGV (20e),SSIM,-0.0011308789253234863
div2k,div2k/0876.png/sigma_0.050,div2k,0876.png,0.05000000074505806,U-TGV (final),U-TGV (20e),SSIM,0.008083939552307129
div2k,div2k/0877.png/sigma_0.050,div2k,0877.png,0.05000000074505806,U-TGV (final),U-TGV (20e),SSIM,0.008207380771637074
div2k,div2k/0878.png/sigma_0.050,div2k,0878.png,0.05000000074505806,U-TGV (final),U-TGV (20e),SSIM,0.0030007362365721546
div2k,div2k/0879.png/sigma_0.050,div2k,0879.png,0.05000000074505806,U-TGV (final),U-TGV (20e),SSIM,0.0061557888984679066
div2k,div2k/0880.png/sigma_0.050,div2k,0880.png,0.05000000074505806,U-TGV (final),U-TGV (20e),SSIM,0.015344202518463135
div2k,div2k/0881.png/sigma_0.050,div2k,0881.png,0.05000000074505806,U-TGV (final),U-TGV (20e),SSIM,0.0057253241539001465
div2k,div2k/0882.png/sigma_0.050,div2k,0882.png,0.05000000074505806,U-TGV (final),U-TGV (20e),SSIM,0.002481997013092152
div2k,div2k/0883.png/sigma_0.050,div2k,0883.png,0.05000000074505806,U-TGV (final),U-TGV (20e),SSIM,0.004752516746520885
div2k,div2k/0884.png/sigma_0.050,div2k,0884.png,0.05000000074505806,U-TGV (final),U-TGV (20e),SSIM,4.7981739044300475e-05
div2k,div2k/0885.png/sigma_0.050,div2k,0885.png,0.05000000074505806,U-TGV (final),U-TGV (20e),SSIM,0.02255314588546753
div2k,div2k/0886.png/sigma_0.050,div2k,0886.png,0.05000000074505806,U-TGV (final),U-TGV (20e),SSIM,0.0032606124877930798
div2k,div2k/0887.png/sigma_0.050,div2k,0887.png,0.05000000074505806,U-TGV (final),U-TGV (20e),SSIM,0.014254093170166016
div2k,div2k/0888.png/sigma_0.050,div2k,0888.png,0.05000000074505806,U-TGV (final),U-TGV (20e),SSIM,0.0019147992134095349
div2k,div2k/0889.png/sigma_0.050,div2k,0889.png,0.05000000074505806,U-TGV (final),U-TGV (20e),SSIM,-5.97834587097168e-05
div2k,div2k/0890.png/sigma_0.050,div2k,0890.png,0.05000000074505806,U-TGV (final),U-TGV (20e),SSIM,0.011478781700134277
div2k,div2k/0891.png/sigma_0.050,div2k,0891.png,0.05000000074505806,U-TGV (final),U-TGV (20e),SSIM,0.0008362531661986194
div2k,div2k/0892.png/sigma_0.050,div2k,0892.png,0.05000000074505806,U-TGV (final),U-TGV (20e),SSIM,0.010289967060089111
div2k,div2k/0893.png/sigma_0.050,div2k,0893.png,0.05000000074505806,U-TGV (final),U-TGV (20e),SSIM,0.008318841457367054
div2k,div2k/0894.png/sigma_0.050,div2k,0894.png,0.05000000074505806,U-TGV (final),U-TGV (20e),SSIM,0.00391918420791626
div2k,div2k/0895.png/sigma_0.050,div2k,0895.png,0.05000000074505806,U-TGV (final),U-TGV (20e),SSIM,-0.002845585346221924
div2k,div2k/0896.png/sigma_0.050,div2k,0896.png,0.05000000074505806,U-TGV (final),U-TGV (20e),SSIM,0.0219842791557312
div2k,div2k/0897.png/sigma_0.050,div2k,0897.png,0.05000000074505806,U-TGV (final),U-TGV (20e),SSIM,0.0067754387855528675
div2k,div2k/0898.png/sigma_0.050,div2k,0898.png,0.05000000074505806,U-TGV (final),U-TGV (20e),SSIM,0.016698122024536244
div2k,div2k/0899.png/sigma_0.050,div2k,0899.png,0.05000000074505806,U-TGV (final),U-TGV (20e),SSIM,0.009512662887573242
div2k,div2k/0900.png/sigma_0.050,div2k,0900.png,0.05000000074505806,U-TGV (final),U-TGV (20e),SSIM,0.003906965255737305
div2k,div2k/0801.png/sigma_0.050,div2k,0801.png,0.05000000074505806,U-Tikhonov T16/CG32 (final),U-Tikhonov T16/CG32 (20e),PSNR,0.47800254821777344
div2k,div2k/0802.png/sigma_0.050,div2k,0802.png,0.05000000074505806,U-Tikhonov T16/CG32 (final),U-Tikhonov T16/CG32 (20e),PSNR,1.4584236145019531
div2k,div2k/0803.png/sigma_0.050,div2k,0803.png,0.05000000074505806,U-Tikhonov T16/CG32 (final),U-Tikhonov T16/CG32 (20e),PSNR,1.4268436431884766
div2k,div2k/0804.png/sigma_0.050,div2k,0804.png,0.05000000074505806,U-Tikhonov T16/CG32 (final),U-Tikhonov T16/CG32 (20e),PSNR,0.67425537109375
div2k,div2k/0805.png/sigma_0.050,div2k,0805.png,0.05000000074505806,U-Tikhonov T16/CG32 (final),U-Tikhonov T16/CG32 (20e),PSNR,0.43723487854003906
div2k,div2k/0806.png/sigma_0.050,div2k,0806.png,0.05000000074505806,U-Tikhonov T16/CG32 (final),U-Tikhonov T16/CG32 (20e),PSNR,0.6697654724121129
div2k,div2k/0807.png/sigma_0.050,div2k,0807.png,0.05000000074505806,U-Tikhonov T16/CG32 (final),U-Tikhonov T16/CG32 (20e),PSNR,0.26716613769530895
div2k,div2k/0808.png/sigma_0.050,div2k,0808.png,0.05000000074505806,U-Tikhonov T16/CG32 (final),U-Tikhonov T16/CG32 (20e),PSNR,0.6114006042480469
div2k,div2k/0809.png/sigma_0.050,div2k,0809.png,0.05000000074505806,U-Tikhonov T16/CG32 (final),U-Tikhonov T16/CG32 (20e),PSNR,0.5183200836181605
div2k,div2k/0810.png/sigma_0.050,div2k,0810.png,0.05000000074505806,U-Tikhonov T16/CG32 (final),U-Tikhonov T16/CG32 (20e),PSNR,0.5813560485839844
div2k,div2k/0811.png/sigma_0.050,div2k,0811.png,0.05000000074505806,U-Tikhonov T16/CG32 (final),U-Tikhonov T16/CG32 (20e),PSNR,0.6008415222167969
div2k,div2k/0812.png/sigma_0.050,div2k,0812.png,0.05000000074505806,U-Tikhonov T16/CG32 (final),U-Tikhonov T16/CG32 (20e),PSNR,0.613677978515625
div2k,div2k/0813.png/sigma_0.050,div2k,0813.png,0.05000000074505806,U-Tikhonov T16/CG32 (final),U-Tikhonov T16/CG32 (20e),PSNR,0.8313560485839844
div2k,div2k/0814.png/sigma_0.050,div2k,0814.png,0.05000000074505806,U-Tikhonov T16/CG32 (final),U-Tikhonov T16/CG32 (20e),PSNR,1.4652557373046875
div2k,div2k/0815.png/sigma_0.050,div2k,0815.png,0.05000000074505806,U-Tikhonov T16/CG32 (final),U-Tikhonov T16/CG32 (20e),PSNR,0.9923763275146484
div2k,div2k/0816.png/sigma_0.050,div2k,0816.png,0.05000000074505806,U-Tikhonov T16/CG32 (final),U-Tikhonov T16/CG32 (20e),PSNR,0.7658271789550781
div2k,div2k/0817.png/sigma_0.050,div2k,0817.png,0.05000000074505806,U-Tikhonov T16/CG32 (final),U-Tikhonov T16/CG32 (20e),PSNR,0.7747879028320312
div2k,div2k/0818.png/sigma_0.050,div2k,0818.png,0.05000000074505806,U-Tikhonov T16/CG32 (final),U-Tikhonov T16/CG32 (20e),PSNR,0.7589015960693359
div2k,div2k/0819.png/sigma_0.050,div2k,0819.png,0.05000000074505806,U-Tikhonov T16/CG32 (final),U-Tikhonov T16/CG32 (20e),PSNR,0.4715461730957031
div2k,div2k/0820.png/sigma_0.050,div2k,0820.png,0.05000000074505806,U-Tikhonov T16/CG32 (final),U-Tikhonov T16/CG32 (20e),PSNR,1.1987895965576172
div2k,div2k/0821.png/sigma_0.050,div2k,0821.png,0.05000000074505806,U-Tikhonov T16/CG32 (final),U-Tikhonov T16/CG32 (20e),PSNR,1.329336166381836
div2k,div2k/0822.png/sigma_0.050,div2k,0822.png,0.05000000074505806,U-Tikhonov T16/CG32 (final),U-Tikhonov T16/CG32 (20e),PSNR,0.7729549407958984
div2k,div2k/0823.png/sigma_0.050,div2k,0823.png,0.05000000074505806,U-Tikhonov T16/CG32 (final),U-Tikhonov T16/CG32 (20e),PSNR,0.48980712890624645
div2k,div2k/0824.png/sigma_0.050,div2k,0824.png,0.05000000074505806,U-Tikhonov T16/CG32 (final),U-Tikhonov T16/CG32 (20e),PSNR,0.8545494079589808
div2k,div2k/0825.png/sigma_0.050,div2k,0825.png,0.05000000074505806,U-Tikhonov T16/CG32 (final),U-Tikhonov T16/CG32 (20e),PSNR,0.4705333709716797
div2k,div2k/0826.png/sigma_0.050,div2k,0826.png,0.05000000074505806,U-Tikhonov T16/CG32 (final),U-Tikhonov T16/CG32 (20e),PSNR,0.2065296173095703
div2k,div2k/0827.png/sigma_0.050,div2k,0827.png,0.05000000074505806,U-Tikhonov T16/CG32 (final),U-Tikhonov T16/CG32 (20e),PSNR,0.8356170654296875
div2k,div2k/0828.png/sigma_0.050,div2k,0828.png,0.05000000074505806,U-Tikhonov T16/CG32 (final),U-Tikhonov T16/CG32 (20e),PSNR,3.612335205078125
div2k,div2k/0829.png/sigma_0.050,div2k,0829.png,0.05000000074505806,U-Tikhonov T16/CG32 (final),U-Tikhonov T16/CG32 (20e),PSNR,1.066268920898441
div2k,div2k/0830.png/sigma_0.050,div2k,0830.png,0.05000000074505806,U-Tikhonov T16/CG32 (final),U-Tikhonov T16/CG32 (20e),PSNR,0.7981891632080078
div2k,div2k/0831.png/sigma_0.050,div2k,0831.png,0.05000000074505806,U-Tikhonov T16/CG32 (final),U-Tikhonov T16/CG32 (20e),PSNR,0.6732864379882812
div2k,div2k/0832.png/sigma_0.050,div2k,0832.png,0.05000000074505806,U-Tikhonov T16/CG32 (final),U-Tikhonov T16/CG32 (20e),PSNR,0.5338573455810547
div2k,div2k/0833.png/sigma_0.050,div2k,0833.png,0.05000000074505806,U-Tikhonov T16/CG32 (final),U-Tikhonov T16/CG32 (20e),PSNR,1.1661415100097692
div2k,div2k/0834.png/sigma_0.050,div2k,0834.png,0.05000000074505806,U-Tikhonov T16/CG32 (final),U-Tikhonov T16/CG32 (20e),PSNR,0.5463542938232422
div2k,div2k/0835.png/sigma_0.050,div2k,0835.png,0.05000000074505806,U-Tikhonov T16/CG32 (final),U-Tikhonov T16/CG32 (20e),PSNR,0.11053085327148438
div2k,div2k/0836.png/sigma_0.050,div2k,0836.png,0.05000000074505806,U-Tikhonov T16/CG32 (final),U-Tikhonov T16/CG32 (20e),PSNR,0.8535423278808594
div2k,div2k/0837.png/sigma_0.050,div2k,0837.png,0.05000000074505806,U-Tikhonov T16/CG32 (final),U-Tikhonov T16/CG32 (20e),PSNR,0.5997467041015625
div2k,div2k/0838.png/sigma_0.050,div2k,0838.png,0.05000000074505806,U-Tikhonov T16/CG32 (final),U-Tikhonov T16/CG32 (20e),PSNR,1.5225791931152344
div2k,div2k/0839.png/sigma_0.050,div2k,0839.png,0.05000000074505806,U-Tikhonov T16/CG32 (final),U-Tikhonov T16/CG32 (20e),PSNR,0.3650665283203125
div2k,div2k/0840.png/sigma_0.050,div2k,0840.png,0.05000000074505806,U-Tikhonov T16/CG32 (final),U-Tikhonov T16/CG32 (20e),PSNR,0.3063163757324219
div2k,div2k/0841.png/sigma_0.050,div2k,0841.png,0.05000000074505806,U-Tikhonov T16/CG32 (final),U-Tikhonov T16/CG32 (20e),PSNR,0.7503280639648473
div2k,div2k/0842.png/sigma_0.050,div2k,0842.png,0.05000000074505806,U-Tikhonov T16/CG32 (final),U-Tikhonov T16/CG32 (20e),PSNR,0.756683349609375
div2k,div2k/0843.png/sigma_0.050,div2k,0843.png,0.05000000074505806,U-Tikhonov T16/CG32 (final),U-Tikhonov T16/CG32 (20e),PSNR,1.9439125061035156
div2k,div2k/0844.png/sigma_0.050,div2k,0844.png,0.05000000074505806,U-Tikhonov T16/CG32 (final),U-Tikhonov T16/CG32 (20e),PSNR,0.9745521545410156
div2k,div2k/0845.png/sigma_0.050,div2k,0845.png,0.05000000074505806,U-Tikhonov T16/CG32 (final),U-Tikhonov T16/CG32 (20e),PSNR,1.305465698242184
div2k,div2k/0846.png/sigma_0.050,div2k,0846.png,0.05000000074505806,U-Tikhonov T16/CG32 (final),U-Tikhonov T16/CG32 (20e),PSNR,0.29842376708984375
div2k,div2k/0847.png/sigma_0.050,div2k,0847.png,0.05000000074505806,U-Tikhonov T16/CG32 (final),U-Tikhonov T16/CG32 (20e),PSNR,0.5114402770996094
div2k,div2k/0848.png/sigma_0.050,div2k,0848.png,0.05000000074505806,U-Tikhonov T16/CG32 (final),U-Tikhonov T16/CG32 (20e),PSNR,0.6921558380126953
div2k,div2k/0849.png/sigma_0.050,div2k,0849.png,0.05000000074505806,U-Tikhonov T16/CG32 (final),U-Tikhonov T16/CG32 (20e),PSNR,0.3951683044433594
div2k,div2k/0850.png/sigma_0.050,div2k,0850.png,0.05000000074505806,U-Tikhonov T16/CG32 (final),U-Tikhonov T16/CG32 (20e),PSNR,0.658599853515625
div2k,div2k/0851.png/sigma_0.050,div2k,0851.png,0.05000000074505806,U-Tikhonov T16/CG32 (final),U-Tikhonov T16/CG32 (20e),PSNR,1.2902202606201172
div2k,div2k/0852.png/sigma_0.050,div2k,0852.png,0.05000000074505806,U-Tikhonov T16/CG32 (final),U-Tikhonov T16/CG32 (20e),PSNR,0.3740806579589844
div2k,div2k/0853.png/sigma_0.050,div2k,0853.png,0.05000000074505806,U-Tikhonov T16/CG32 (final),U-Tikhonov T16/CG32 (20e),PSNR,1.162811279296875
div2k,div2k/0854.png/sigma_0.050,div2k,0854.png,0.05000000074505806,U-Tikhonov T16/CG32 (final),U-Tikhonov T16/CG32 (20e),PSNR,1.0782165527343714
div2k,div2k/0855.png/sigma_0.050,div2k,0855.png,0.05000000074505806,U-Tikhonov T16/CG32 (final),U-Tikhonov T16/CG32 (20e),PSNR,1.0060005187988281
div2k,div2k/0856.png/sigma_0.050,div2k,0856.png,0.05000000074505806,U-Tikhonov T16/CG32 (final),U-Tikhonov T16/CG32 (20e),PSNR,0.7740421295166016
div2k,div2k/0857.png/sigma_0.050,div2k,0857.png,0.05000000074505806,U-Tikhonov T16/CG32 (final),U-Tikhonov T16/CG32 (20e),PSNR,1.7418899536132812
div2k,div2k/0858.png/sigma_0.050,div2k,0858.png,0.05000000074505806,U-Tikhonov T16/CG32 (final),U-Tikhonov T16/CG32 (20e),PSNR,0.5193614959716797
div2k,div2k/0859.png/sigma_0.050,div2k,0859.png,0.05000000074505806,U-Tikhonov T16/CG32 (final),U-Tikhonov T16/CG32 (20e),PSNR,1.0123214721679688
div2k,div2k/0860.png/sigma_0.050,div2k,0860.png,0.05000000074505806,U-Tikhonov T16/CG32 (final),U-Tikhonov T16/CG32 (20e),PSNR,0.39304542541503906
div2k,div2k/0861.png/sigma_0.050,div2k,0861.png,0.05000000074505806,U-Tikhonov T16/CG32 (final),U-Tikhonov T16/CG32 (20e),PSNR,0.6924591064453125
div2k,div2k/0862.png/sigma_0.050,div2k,0862.png,0.05000000074505806,U-Tikhonov T16/CG32 (final),U-Tikhonov T16/CG32 (20e),PSNR,0.6333160400390625
div2k,div2k/0863.png/sigma_0.050,div2k,0863.png,0.05000000074505806,U-Tikhonov T16/CG32 (final),U-Tikhonov T16/CG32 (20e),PSNR,0.8761520385742188
div2k,div2k/0864.png/sigma_0.050,div2k,0864.png,0.05000000074505806,U-Tikhonov T16/CG32 (final),U-Tikhonov T16/CG32 (20e),PSNR,0.4448204040527344
div2k,div2k/0865.png/sigma_0.050,div2k,0865.png,0.05000000074505806,U-Tikhonov T16/CG32 (final),U-Tikhonov T16/CG32 (20e),PSNR,0.6003246307373047
div2k,div2k/0866.png/sigma_0.050,div2k,0866.png,0.05000000074505806,U-Tikhonov T16/CG32 (final),U-Tikhonov T16/CG32 (20e),PSNR,0.26354408264160156
div2k,div2k/0867.png/sigma_0.050,div2k,0867.png,0.05000000074505806,U-Tikhonov T16/CG32 (final),U-Tikhonov T16/CG32 (20e),PSNR,0.6567420959472656
div2k,div2k/0868.png/sigma_0.050,div2k,0868.png,0.05000000074505806,U-Tikhonov T16/CG32 (final),U-Tikhonov T16/CG32 (20e),PSNR,1.7324295043945312
div2k,div2k/0869.png/sigma_0.050,div2k,0869.png,0.05000000074505806,U-Tikhonov T16/CG32 (final),U-Tikhonov T16/CG32 (20e),PSNR,0.1371135711669922
div2k,div2k/0870.png/sigma_0.050,div2k,0870.png,0.05000000074505806,U-Tikhonov T16/CG32 (final),U-Tikhonov T16/CG32 (20e),PSNR,0.5202999114990234
div2k,div2k/0871.png/sigma_0.050,div2k,0871.png,0.05000000074505806,U-Tikhonov T16/CG32 (final),U-Tikhonov T16/CG32 (20e),PSNR,0.7195568084716797
div2k,div2k/0872.png/sigma_0.050,div2k,0872.png,0.05000000074505806,U-Tikhonov T16/CG32 (final),U-Tikhonov T16/CG32 (20e),PSNR,0.5523834228515625
div2k,div2k/0873.png/sigma_0.050,div2k,0873.png,0.05000000074505806,U-Tikhonov T16/CG32 (final),U-Tikhonov T16/CG32 (20e),PSNR,0.7790546417236293
div2k,div2k/0874.png/sigma_0.050,div2k,0874.png,0.05000000074505806,U-Tikhonov T16/CG32 (final),U-Tikhonov T16/CG32 (20e),PSNR,0.8557319641113246
div2k,div2k/0875.png/sigma_0.050,div2k,0875.png,0.05000000074505806,U-Tikhonov T16/CG32 (final),U-Tikhonov T16/CG32 (20e),PSNR,0.2402324676513672
div2k,div2k/0876.png/sigma_0.050,div2k,0876.png,0.05000000074505806,U-Tikhonov T16/CG32 (final),U-Tikhonov T16/CG32 (20e),PSNR,0.564361572265625
div2k,div2k/0877.png/sigma_0.050,div2k,0877.png,0.05000000074505806,U-Tikhonov T16/CG32 (final),U-Tikhonov T16/CG32 (20e),PSNR,1.2202911376953125
div2k,div2k/0878.png/sigma_0.050,div2k,0878.png,0.05000000074505806,U-Tikhonov T16/CG32 (final),U-Tikhonov T16/CG32 (20e),PSNR,0.8633346557617188
div2k,div2k/0879.png/sigma_0.050,div2k,0879.png,0.05000000074505806,U-Tikhonov T16/CG32 (final),U-Tikhonov T16/CG32 (20e),PSNR,0.3745403289794922
div2k,div2k/0880.png/sigma_0.050,div2k,0880.png,0.05000000074505806,U-Tikhonov T16/CG32 (final),U-Tikhonov T16/CG32 (20e),PSNR,0.5647087097167969
div2k,div2k/0881.png/sigma_0.050,div2k,0881.png,0.05000000074505806,U-Tikhonov T16/CG32 (final),U-Tikhonov T16/CG32 (20e),PSNR,0.4651222229003871
div2k,div2k/0882.png/sigma_0.050,div2k,0882.png,0.05000000074505806,U-Tikhonov T16/CG32 (final),U-Tikhonov T16/CG32 (20e),PSNR,1.2598838806152308
div2k,div2k/0883.png/sigma_0.050,div2k,0883.png,0.05000000074505806,U-Tikhonov T16/CG32 (final),U-Tikhonov T16/CG32 (20e),PSNR,0.36639976501464844
div2k,div2k/0884.png/sigma_0.050,div2k,0884.png,0.05000000074505806,U-Tikhonov T16/CG32 (final),U-Tikhonov T16/CG32 (20e),PSNR,0.5279636383056641
div2k,div2k/0885.png/sigma_0.050,div2k,0885.png,0.05000000074505806,U-Tikhonov T16/CG32 (final),U-Tikhonov T16/CG32 (20e),PSNR,1.2525749206542969
div2k,div2k/0886.png/sigma_0.050,div2k,0886.png,0.05000000074505806,U-Tikhonov T16/CG32 (final),U-Tikhonov T16/CG32 (20e),PSNR,0.9267005920410156
div2k,div2k/0887.png/sigma_0.050,div2k,0887.png,0.05000000074505806,U-Tikhonov T16/CG32 (final),U-Tikhonov T16/CG32 (20e),PSNR,0.3085956573486328
div2k,div2k/0888.png/sigma_0.050,div2k,0888.png,0.05000000074505806,U-Tikhonov T16/CG32 (final),U-Tikhonov T16/CG32 (20e),PSNR,0.64373779296875
div2k,div2k/0889.png/sigma_0.050,div2k,0889.png,0.05000000074505806,U-Tikhonov T16/CG32 (final),U-Tikhonov T16/CG32 (20e),PSNR,0.5878524780273438
div2k,div2k/0890.png/sigma_0.050,div2k,0890.png,0.05000000074505806,U-Tikhonov T16/CG32 (final),U-Tikhonov T16/CG32 (20e),PSNR,0.4863243103027344
div2k,div2k/0891.png/sigma_0.050,div2k,0891.png,0.05000000074505806,U-Tikhonov T16/CG32 (final),U-Tikhonov T16/CG32 (20e),PSNR,0.6334152221679688
div2k,div2k/0892.png/sigma_0.050,div2k,0892.png,0.05000000074505806,U-Tikhonov T16/CG32 (final),U-Tikhonov T16/CG32 (20e),PSNR,2.992321014404297
div2k,div2k/0893.png/sigma_0.050,div2k,0893.png,0.05000000074505806,U-Tikhonov T16/CG32 (final),U-Tikhonov T16/CG32 (20e),PSNR,1.2913379669189453
div2k,div2k/0894.png/sigma_0.050,div2k,0894.png,0.05000000074505806,U-Tikhonov T16/CG32 (final),U-Tikhonov T16/CG32 (20e),PSNR,0.5157279968261719
div2k,div2k/0895.png/sigma_0.050,div2k,0895.png,0.05000000074505806,U-Tikhonov T16/CG32 (final),U-Tikhonov T16/CG32 (20e),PSNR,1.2058124542236328
div2k,div2k/0896.png/sigma_0.050,div2k,0896.png,0.05000000074505806,U-Tikhonov T16/CG32 (final),U-Tikhonov T16/CG32 (20e),PSNR,1.165435791015625
div2k,div2k/0897.png/sigma_0.050,div2k,0897.png,0.05000000074505806,U-Tikhonov T16/CG32 (final),U-Tikhonov T16/CG32 (20e),PSNR,5.100257873535153
div2k,div2k/0898.png/sigma_0.050,div2k,0898.png,0.05000000074505806,U-Tikhonov T16/CG32 (final),U-Tikhonov T16/CG32 (20e),PSNR,0.21832275390625
div2k,div2k/0899.png/sigma_0.050,div2k,0899.png,0.05000000074505806,U-Tikhonov T16/CG32 (final),U-Tikhonov T16/CG32 (20e),PSNR,1.4924507141113281
div2k,div2k/0900.png/sigma_0.050,div2k,0900.png,0.05000000074505806,U-Tikhonov T16/CG32 (final),U-Tikhonov T16/CG32 (20e),PSNR,0.5774803161621094
div2k,div2k/0801.png/sigma_0.050,div2k,0801.png,0.05000000074505806,U-Tikhonov T16/CG32 (final),U-Tikhonov T16/CG32 (20e),SSIM,0.00854712724685669
div2k,div2k/0802.png/sigma_0.050,div2k,0802.png,0.05000000074505806,U-Tikhonov T16/CG32 (final),U-Tikhonov T16/CG32 (20e),SSIM,0.009620606899261475
div2k,div2k/0803.png/sigma_0.050,div2k,0803.png,0.05000000074505806,U-Tikhonov T16/CG32 (final),U-Tikhonov T16/CG32 (20e),SSIM,0.01879870891571045
div2k,div2k/0804.png/sigma_0.050,div2k,0804.png,0.05000000074505806,U-Tikhonov T16/CG32 (final),U-Tikhonov T16/CG32 (20e),SSIM,0.009980440139770397
div2k,div2k/0805.png/sigma_0.050,div2k,0805.png,0.05000000074505806,U-Tikhonov T16/CG32 (final),U-Tikhonov T16/CG32 (20e),SSIM,0.006567478179931641
div2k,div2k/0806.png/sigma_0.050,div2k,0806.png,0.05000000074505806,U-Tikhonov T16/CG32 (final),U-Tikhonov T16/CG32 (20e),SSIM,0.013446390628814697
div2k,div2k/0807.png/sigma_0.050,div2k,0807.png,0.05000000074505806,U-Tikhonov T16/CG32 (final),U-Tikhonov T16/CG32 (20e),SSIM,0.007097482681274303
div2k,div2k/0808.png/sigma_0.050,div2k,0808.png,0.05000000074505806,U-Tikhonov T16/CG32 (final),U-Tikhonov T16/CG32 (20e),SSIM,0.010102689266204945
div2k,div2k/0809.png/sigma_0.050,div2k,0809.png,0.05000000074505806,U-Tikhonov T16/CG32 (final),U-Tikhonov T16/CG32 (20e),SSIM,0.013136327266693115
div2k,div2k/0810.png/sigma_0.050,div2k,0810.png,0.05000000074505806,U-Tikhonov T16/CG32 (final),U-Tikhonov T16/CG32 (20e),SSIM,0.015230357646942139
div2k,div2k/0811.png/sigma_0.050,div2k,0811.png,0.05000000074505806,U-Tikhonov T16/CG32 (final),U-Tikhonov T16/CG32 (20e),SSIM,0.019719243049621582
div2k,div2k/0812.png/sigma_0.050,div2k,0812.png,0.05000000074505806,U-Tikhonov T16/CG32 (final),U-Tikhonov T16/CG32 (20e),SSIM,0.006966888904571533
div2k,div2k/0813.png/sigma_0.050,div2k,0813.png,0.05000000074505806,U-Tikhonov T16/CG32 (final),U-Tikhonov T16/CG32 (20e),SSIM,0.014696300029754528
div2k,div2k/0814.png/sigma_0.050,div2k,0814.png,0.05000000074505806,U-Tikhonov T16/CG32 (final),U-Tikhonov T16/CG32 (20e),SSIM,0.011473894119262584
div2k,div2k/0815.png/sigma_0.050,div2k,0815.png,0.05000000074505806,U-Tikhonov T16/CG32 (final),U-Tikhonov T16/CG32 (20e),SSIM,0.01346421241760265
div2k,div2k/0816.png/sigma_0.050,div2k,0816.png,0.05000000074505806,U-Tikhonov T16/CG32 (final),U-Tikhonov T16/CG32 (20e),SSIM,0.01568692922592163
div2k,div2k/0817.png/sigma_0.050,div2k,0817.png,0.05000000074505806,U-Tikhonov T16/CG32 (final),U-Tikhonov T16/CG32 (20e),SSIM,0.016732335090637318
div2k,div2k/0818.png/sigma_0.050,div2k,0818.png,0.05000000074505806,U-Tikhonov T16/CG32 (final),U-Tikhonov T16/CG32 (20e),SSIM,0.013526737689971924
div2k,div2k/0819.png/sigma_0.050,div2k,0819.png,0.05000000074505806,U-Tikhonov T16/CG32 (final),U-Tikhonov T16/CG32 (20e),SSIM,0.011647224426269531
div2k,div2k/0820.png/sigma_0.050,div2k,0820.png,0.05000000074505806,U-Tikhonov T16/CG32 (final),U-Tikhonov T16/CG32 (20e),SSIM,0.02051520347595215
div2k,div2k/0821.png/sigma_0.050,div2k,0821.png,0.05000000074505806,U-Tikhonov T16/CG32 (final),U-Tikhonov T16/CG32 (20e),SSIM,0.010773837566375732
div2k,div2k/0822.png/sigma_0.050,div2k,0822.png,0.05000000074505806,U-Tikhonov T16/CG32 (final),U-Tikhonov T16/CG32 (20e),SSIM,0.019977152347564697
div2k,div2k/0823.png/sigma_0.050,div2k,0823.png,0.05000000074505806,U-Tikhonov T16/CG32 (final),U-Tikhonov T16/CG32 (20e),SSIM,0.011085867881775013
div2k,div2k/0824.png/sigma_0.050,div2k,0824.png,0.05000000074505806,U-Tikhonov T16/CG32 (final),U-Tikhonov T16/CG32 (20e),SSIM,0.009979307651519886
div2k,div2k/0825.png/sigma_0.050,div2k,0825.png,0.05000000074505806,U-Tikhonov T16/CG32 (final),U-Tikhonov T16/CG32 (20e),SSIM,0.006535828113556019
div2k,div2k/0826.png/sigma_0.050,div2k,0826.png,0.05000000074505806,U-Tikhonov T16/CG32 (final),U-Tikhonov T16/CG32 (20e),SSIM,0.004869341850280762
div2k,div2k/0827.png/sigma_0.050,div2k,0827.png,0.05000000074505806,U-Tikhonov T16/CG32 (final),U-Tikhonov T16/CG32 (20e),SSIM,0.014734387397766113
div2k,div2k/0828.png/sigma_0.050,div2k,0828.png,0.05000000074505806,U-Tikhonov T16/CG32 (final),U-Tikhonov T16/CG32 (20e),SSIM,0.12567144632339478
div2k,div2k/0829.png/sigma_0.050,div2k,0829.png,0.05000000074505806,U-Tikhonov T16/CG32 (final),U-Tikhonov T16/CG32 (20e),SSIM,0.010880231857299916
div2k,div2k/0830.png/sigma_0.050,div2k,0830.png,0.05000000074505806,U-Tikhonov T16/CG32 (final),U-Tikhonov T16/CG32 (20e),SSIM,0.014107584953308105
div2k,div2k/0831.png/sigma_0.050,div2k,0831.png,0.05000000074505806,U-Tikhonov T16/CG32 (final),U-Tikhonov T16/CG32 (20e),SSIM,0.011299073696136475
div2k,div2k/0832.png/sigma_0.050,div2k,0832.png,0.05000000074505806,U-Tikhonov T16/CG32 (final),U-Tikhonov T16/CG32 (20e),SSIM,0.010339558124542125
div2k,div2k/0833.png/sigma_0.050,div2k,0833.png,0.05000000074505806,U-Tikhonov T16/CG32 (final),U-Tikhonov T16/CG32 (20e),SSIM,0.02052450180053711
div2k,div2k/0834.png/sigma_0.050,div2k,0834.png,0.05000000074505806,U-Tikhonov T16/CG32 (final),U-Tikhonov T16/CG32 (20e),SSIM,0.009912371635437012
div2k,div2k/0835.png/sigma_0.050,div2k,0835.png,0.05000000074505806,U-Tikhonov T16/CG32 (final),U-Tikhonov T16/CG32 (20e),SSIM,0.001963376998901367
div2k,div2k/0836.png/sigma_0.050,div2k,0836.png,0.05000000074505806,U-Tikhonov T16/CG32 (final),U-Tikhonov T16/CG32 (20e),SSIM,0.01942223310470592
div2k,div2k/0837.png/sigma_0.050,div2k,0837.png,0.05000000074505806,U-Tikhonov T16/CG32 (final),U-Tikhonov T16/CG32 (20e),SSIM,0.007719278335571289
div2k,div2k/0838.png/sigma_0.050,div2k,0838.png,0.05000000074505806,U-Tikhonov T16/CG32 (final),U-Tikhonov T16/CG32 (20e),SSIM,0.0170651674270631
div2k,div2k/0839.png/sigma_0.050,div2k,0839.png,0.05000000074505806,U-Tikhonov T16/CG32 (final),U-Tikhonov T16/CG32 (20e),SSIM,0.007978320121765137
div2k,div2k/0840.png/sigma_0.050,div2k,0840.png,0.05000000074505806,U-Tikhonov T16/CG32 (final),U-Tikhonov T16/CG32 (20e),SSIM,0.0035262107849122204
div2k,div2k/0841.png/sigma_0.050,div2k,0841.png,0.05000000074505806,U-Tikhonov T16/CG32 (final),U-Tikhonov T16/CG32 (20e),SSIM,0.01283562183380138
div2k,div2k/0842.png/sigma_0.050,div2k,0842.png,0.05000000074505806,U-Tikhonov T16/CG32 (final),U-Tikhonov T16/CG32 (20e),SSIM,0.012498080730438121
div2k,div2k/0843.png/sigma_0.050,div2k,0843.png,0.05000000074505806,U-Tikhonov T16/CG32 (final),U-Tikhonov T16/CG32 (20e),SSIM,0.030762076377868652
div2k,div2k/0844.png/sigma_0.050,div2k,0844.png,0.05000000074505806,U-Tikhonov T16/CG32 (final),U-Tikhonov T16/CG32 (20e),SSIM,0.018445730209350586
div2k,div2k/0845.png/sigma_0.050,div2k,0845.png,0.05000000074505806,U-Tikhonov T16/CG32 (final),U-Tikhonov T16/CG32 (20e),SSIM,0.03806692361831665
div2k,div2k/0846.png/sigma_0.050,div2k,0846.png,0.05000000074505806,U-Tikhonov T16/CG32 (final),U-Tikhonov T16/CG32 (20e),SSIM,0.019845783710479847
div2k,div2k/0847.png/sigma_0.050,div2k,0847.png,0.05000000074505806,U-Tikhonov T16/CG32 (final),U-Tikhonov T16/CG32 (20e),SSIM,0.007744014263153076
div2k,div2k/0848.png/sigma_0.050,div2k,0848.png,0.05000000074505806,U-Tikhonov T16/CG32 (final),U-Tikhonov T16/CG32 (20e),SSIM,0.008525371551513672
div2k,div2k/0849.png/sigma_0.050,div2k,0849.png,0.05000000074505806,U-Tikhonov T16/CG32 (final),U-Tikhonov T16/CG32 (20e),SSIM,0.004354715347289928
div2k,div2k/0850.png/sigma_0.050,div2k,0850.png,0.05000000074505806,U-Tikhonov T16/CG32 (final),U-Tikhonov T16/CG32 (20e),SSIM,0.013746500015258789
div2k,div2k/0851.png/sigma_0.050,div2k,0851.png,0.05000000074505806,U-Tikhonov T16/CG32 (final),U-Tikhonov T16/CG32 (20e),SSIM,0.017182767391204834
div2k,div2k/0852.png/sigma_0.050,div2k,0852.png,0.05000000074505806,U-Tikhonov T16/CG32 (final),U-Tikhonov T16/CG32 (20e),SSIM,0.015990793704986572
div2k,div2k/0853.png/sigma_0.050,div2k,0853.png,0.05000000074505806,U-Tikhonov T16/CG32 (final),U-Tikhonov T16/CG32 (20e),SSIM,0.024600744247436523
div2k,div2k/0854.png/sigma_0.050,div2k,0854.png,0.05000000074505806,U-Tikhonov T16/CG32 (final),U-Tikhonov T16/CG32 (20e),SSIM,0.0181235671043396
div2k,div2k/0855.png/sigma_0.050,div2k,0855.png,0.05000000074505806,U-Tikhonov T16/CG32 (final),U-Tikhonov T16/CG32 (20e),SSIM,0.01595604419708252
div2k,div2k/0856.png/sigma_0.050,div2k,0856.png,0.05000000074505806,U-Tikhonov T16/CG32 (final),U-Tikhonov T16/CG32 (20e),SSIM,0.03207695484161377
div2k,div2k/0857.png/sigma_0.050,div2k,0857.png,0.05000000074505806,U-Tikhonov T16/CG32 (final),U-Tikhonov T16/CG32 (20e),SSIM,0.018845200538635254
div2k,div2k/0858.png/sigma_0.050,div2k,0858.png,0.05000000074505806,U-Tikhonov T16/CG32 (final),U-Tikhonov T16/CG32 (20e),SSIM,0.016739964485168457
div2k,div2k/0859.png/sigma_0.050,div2k,0859.png,0.05000000074505806,U-Tikhonov T16/CG32 (final),U-Tikhonov T16/CG32 (20e),SSIM,0.02656877040863037
div2k,div2k/0860.png/sigma_0.050,div2k,0860.png,0.05000000074505806,U-Tikhonov T16/CG32 (final),U-Tikhonov T16/CG32 (20e),SSIM,0.010959208011627308
div2k,div2k/0861.png/sigma_0.050,div2k,0861.png,0.05000000074505806,U-Tikhonov T16/CG32 (final),U-Tikhonov T16/CG32 (20e),SSIM,0.02308601140975952
div2k,div2k/0862.png/sigma_0.050,div2k,0862.png,0.05000000074505806,U-Tikhonov T16/CG32 (final),U-Tikhonov T16/CG32 (20e),SSIM,0.010346829891204834
div2k,div2k/0863.png/sigma_0.050,div2k,0863.png,0.05000000074505806,U-Tikhonov T16/CG32 (final),U-Tikhonov T16/CG32 (20e),SSIM,0.0166245698928833
div2k,div2k/0864.png/sigma_0.050,div2k,0864.png,0.05000000074505806,U-Tikhonov T16/CG32 (final),U-Tikhonov T16/CG32 (20e),SSIM,0.005139827728271373
div2k,div2k/0865.png/sigma_0.050,div2k,0865.png,0.05000000074505806,U-Tikhonov T16/CG32 (final),U-Tikhonov T16/CG32 (20e),SSIM,0.008500933647155762
div2k,div2k/0866.png/sigma_0.050,div2k,0866.png,0.05000000074505806,U-Tikhonov T16/CG32 (final),U-Tikhonov T16/CG32 (20e),SSIM,0.005299627780914418
div2k,div2k/0867.png/sigma_0.050,div2k,0867.png,0.05000000074505806,U-Tikhonov T16/CG32 (final),U-Tikhonov T16/CG32 (20e),SSIM,0.008717775344848633
div2k,div2k/0868.png/sigma_0.050,div2k,0868.png,0.05000000074505806,U-Tikhonov T16/CG32 (final),U-Tikhonov T16/CG32 (20e),SSIM,0.03593754768371571
div2k,div2k/0869.png/sigma_0.050,div2k,0869.png,0.05000000074505806,U-Tikhonov T16/CG32 (final),U-Tikhonov T16/CG32 (20e),SSIM,0.002177715301513672
div2k,div2k/0870.png/sigma_0.050,div2k,0870.png,0.05000000074505806,U-Tikhonov T16/CG32 (final),U-Tikhonov T16/CG32 (20e),SSIM,0.012471973896026611
div2k,div2k/0871.png/sigma_0.050,div2k,0871.png,0.05000000074505806,U-Tikhonov T16/CG32 (final),U-Tikhonov T16/CG32 (20e),SSIM,0.010561227798461803
div2k,div2k/0872.png/sigma_0.050,div2k,0872.png,0.05000000074505806,U-Tikhonov T16/CG32 (final),U-Tikhonov T16/CG32 (20e),SSIM,0.006752252578735463
div2k,div2k/0873.png/sigma_0.050,div2k,0873.png,0.05000000074505806,U-Tikhonov T16/CG32 (final),U-Tikhonov T16/CG32 (20e),SSIM,0.017250120639801136
div2k,div2k/0874.png/sigma_0.050,div2k,0874.png,0.05000000074505806,U-Tikhonov T16/CG32 (final),U-Tikhonov T16/CG32 (20e),SSIM,0.025578856468200684
div2k,div2k/0875.png/sigma_0.050,div2k,0875.png,0.05000000074505806,U-Tikhonov T16/CG32 (final),U-Tikhonov T16/CG32 (20e),SSIM,0.0013775825500488281
div2k,div2k/0876.png/sigma_0.050,div2k,0876.png,0.05000000074505806,U-Tikhonov T16/CG32 (final),U-Tikhonov T16/CG32 (20e),SSIM,0.01218956708908081
div2k,div2k/0877.png/sigma_0.050,div2k,0877.png,0.05000000074505806,U-Tikhonov T16/CG32 (final),U-Tikhonov T16/CG32 (20e),SSIM,0.020781576633453258
div2k,div2k/0878.png/sigma_0.050,div2k,0878.png,0.05000000074505806,U-Tikhonov T16/CG32 (final),U-Tikhonov T16/CG32 (20e),SSIM,0.015220880508422963
div2k,div2k/0879.png/sigma_0.050,div2k,0879.png,0.05000000074505806,U-Tikhonov T16/CG32 (final),U-Tikhonov T16/CG32 (20e),SSIM,0.004281342029571533
div2k,div2k/0880.png/sigma_0.050,div2k,0880.png,0.05000000074505806,U-Tikhonov T16/CG32 (final),U-Tikhonov T16/CG32 (20e),SSIM,0.0059337615966797985
div2k,div2k/0881.png/sigma_0.050,div2k,0881.png,0.05000000074505806,U-Tikhonov T16/CG32 (final),U-Tikhonov T16/CG32 (20e),SSIM,0.009744048118591309
div2k,div2k/0882.png/sigma_0.050,div2k,0882.png,0.05000000074505806,U-Tikhonov T16/CG32 (final),U-Tikhonov T16/CG32 (20e),SSIM,0.011937916278839111
div2k,div2k/0883.png/sigma_0.050,div2k,0883.png,0.05000000074505806,U-Tikhonov T16/CG32 (final),U-Tikhonov T16/CG32 (20e),SSIM,0.004482150077819824
div2k,div2k/0884.png/sigma_0.050,div2k,0884.png,0.05000000074505806,U-Tikhonov T16/CG32 (final),U-Tikhonov T16/CG32 (20e),SSIM,0.007536709308624268
div2k,div2k/0885.png/sigma_0.050,div2k,0885.png,0.05000000074505806,U-Tikhonov T16/CG32 (final),U-Tikhonov T16/CG32 (20e),SSIM,0.037226080894470215
div2k,div2k/0886.png/sigma_0.050,div2k,0886.png,0.05000000074505806,U-Tikhonov T16/CG32 (final),U-Tikhonov T16/CG32 (20e),SSIM,0.015093088150024414
div2k,div2k/0887.png/sigma_0.050,div2k,0887.png,0.05000000074505806,U-Tikhonov T16/CG32 (final),U-Tikhonov T16/CG32 (20e),SSIM,0.009246110916137806
div2k,div2k/0888.png/sigma_0.050,div2k,0888.png,0.05000000074505806,U-Tikhonov T16/CG32 (final),U-Tikhonov T16/CG32 (20e),SSIM,0.006931424140930287
div2k,div2k/0889.png/sigma_0.050,div2k,0889.png,0.05000000074505806,U-Tikhonov T16/CG32 (final),U-Tikhonov T16/CG32 (20e),SSIM,0.006397426128387562
div2k,div2k/0890.png/sigma_0.050,div2k,0890.png,0.05000000074505806,U-Tikhonov T16/CG32 (final),U-Tikhonov T16/CG32 (20e),SSIM,0.007906854152679443
div2k,div2k/0891.png/sigma_0.050,div2k,0891.png,0.05000000074505806,U-Tikhonov T16/CG32 (final),U-Tikhonov T16/CG32 (20e),SSIM,0.0077315568923950195
div2k,div2k/0892.png/sigma_0.050,div2k,0892.png,0.05000000074505806,U-Tikhonov T16/CG32 (final),U-Tikhonov T16/CG32 (20e),SSIM,0.04878675937652588
div2k,div2k/0893.png/sigma_0.050,div2k,0893.png,0.05000000074505806,U-Tikhonov T16/CG32 (final),U-Tikhonov T16/CG32 (20e),SSIM,0.017186760902404896
div2k,div2k/0894.png/sigma_0.050,div2k,0894.png,0.05000000074505806,U-Tikhonov T16/CG32 (final),U-Tikhonov T16/CG32 (20e),SSIM,0.01278388500213623
div2k,div2k/0895.png/sigma_0.050,div2k,0895.png,0.05000000074505806,U-Tikhonov T16/CG32 (final),U-Tikhonov T16/CG32 (20e),SSIM,0.03454619646072388
div2k,div2k/0896.png/sigma_0.050,div2k,0896.png,0.05000000074505806,U-Tikhonov T16/CG32 (final),U-Tikhonov T16/CG32 (20e),SSIM,0.025405704975128174
div2k,div2k/0897.png/sigma_0.050,div2k,0897.png,0.05000000074505806,U-Tikhonov T16/CG32 (final),U-Tikhonov T16/CG32 (20e),SSIM,0.07902038097381592
div2k,div2k/0898.png/sigma_0.050,div2k,0898.png,0.05000000074505806,U-Tikhonov T16/CG32 (final),U-Tikhonov T16/CG32 (20e),SSIM,0.0027140378952025257
div2k,div2k/0899.png/sigma_0.050,div2k,0899.png,0.05000000074505806,U-Tikhonov T16/CG32 (final),U-Tikhonov T16/CG32 (20e),SSIM,0.021659433841705322
div2k,div2k/0900.png/sigma_0.050,div2k,0900.png,0.05000000074505806,U-Tikhonov T16/CG32 (final),U-Tikhonov T16/CG32 (20e),SSIM,0.010864853858947865
div2k,div2k/0801.png/sigma_0.100,div2k,0801.png,0.10000000149011612,U-TV (final),U-TV (20e),PSNR,0.5833358764648438
div2k,div2k/0802.png/sigma_0.100,div2k,0802.png,0.10000000149011612,U-TV (final),U-TV (20e),PSNR,0.74237060546875
div2k,div2k/0803.png/sigma_0.100,div2k,0803.png,0.10000000149011612,U-TV (final),U-TV (20e),PSNR,0.9247627258300781
div2k,div2k/0804.png/sigma_0.100,div2k,0804.png,0.10000000149011612,U-TV (final),U-TV (20e),PSNR,0.3123893737792969
div2k,div2k/0805.png/sigma_0.100,div2k,0805.png,0.10000000149011612,U-TV (final),U-TV (20e),PSNR,0.618133544921875
div2k,div2k/0806.png/sigma_0.100,div2k,0806.png,0.10000000149011612,U-TV (final),U-TV (20e),PSNR,0.46378326416015625
div2k,div2k/0807.png/sigma_0.100,div2k,0807.png,0.10000000149011612,U-TV (final),U-TV (20e),PSNR,0.5060710906982422
div2k,div2k/0808.png/sigma_0.100,div2k,0808.png,0.10000000149011612,U-TV (final),U-TV (20e),PSNR,0.08136749267578125
div2k,div2k/0809.png/sigma_0.100,div2k,0809.png,0.10000000149011612,U-TV (final),U-TV (20e),PSNR,0.655380249023441
div2k,div2k/0810.png/sigma_0.100,div2k,0810.png,0.10000000149011612,U-TV (final),U-TV (20e),PSNR,0.5787143707275426
div2k,div2k/0811.png/sigma_0.100,div2k,0811.png,0.10000000149011612,U-TV (final),U-TV (20e),PSNR,0.5165309906005824
div2k,div2k/0812.png/sigma_0.100,div2k,0812.png,0.10000000149011612,U-TV (final),U-TV (20e),PSNR,0.40554237365722656
div2k,div2k/0813.png/sigma_0.100,div2k,0813.png,0.10000000149011612,U-TV (final),U-TV (20e),PSNR,0.3479633331298828
div2k,div2k/0814.png/sigma_0.100,div2k,0814.png,0.10000000149011612,U-TV (final),U-TV (20e),PSNR,0.48052024841308594
div2k,div2k/0815.png/sigma_0.100,div2k,0815.png,0.10000000149011612,U-TV (final),U-TV (20e),PSNR,0.7485313415527344
div2k,div2k/0816.png/sigma_0.100,div2k,0816.png,0.10000000149011612,U-TV (final),U-TV (20e),PSNR,0.6417369842529297
div2k,div2k/0817.png/sigma_0.100,div2k,0817.png,0.10000000149011612,U-TV (final),U-TV (20e),PSNR,0.6508369445800781
div2k,div2k/0818.png/sigma_0.100,div2k,0818.png,0.10000000149011612,U-TV (final),U-TV (20e),PSNR,0.4355125427246129
div2k,div2k/0819.png/sigma_0.100,div2k,0819.png,0.10000000149011612,U-TV (final),U-TV (20e),PSNR,0.4377250671386719
div2k,div2k/0820.png/sigma_0.100,div2k,0820.png,0.10000000149011612,U-TV (final),U-TV (20e),PSNR,0.4201641082763672
div2k,div2k/0821.png/sigma_0.100,div2k,0821.png,0.10000000149011612,U-TV (final),U-TV (20e),PSNR,0.09459877014160156
div2k,div2k/0822.png/sigma_0.100,div2k,0822.png,0.10000000149011612,U-TV (final),U-TV (20e),PSNR,0.9071693420410156
div2k,div2k/0823.png/sigma_0.100,div2k,0823.png,0.10000000149011612,U-TV (final),U-TV (20e),PSNR,0.306482315063473
div2k,div2k/0824.png/sigma_0.100,div2k,0824.png,0.10000000149011612,U-TV (final),U-TV (20e),PSNR,0.428802490234375
div2k,div2k/0825.png/sigma_0.100,div2k,0825.png,0.10000000149011612,U-TV (final),U-TV (20e),PSNR,0.26557350158691406
div2k,div2k/0826.png/sigma_0.100,div2k,0826.png,0.10000000149011612,U-TV (final),U-TV (20e),PSNR,0.06102752685546875
div2k,div2k/0827.png/sigma_0.100,div2k,0827.png,0.10000000149011612,U-TV (final),U-TV (20e),PSNR,0.3836040496826172
div2k,div2k/0828.png/sigma_0.100,div2k,0828.png,0.10000000149011612,U-TV (final),U-TV (20e),PSNR,1.9437599182128906
div2k,div2k/0829.png/sigma_0.100,div2k,0829.png,0.10000000149011612,U-TV (final),U-TV (20e),PSNR,0.5857162475585938
div2k,div2k/0830.png/sigma_0.100,div2k,0830.png,0.10000000149011612,U-TV (final),U-TV (20e),PSNR,0.22340965270996094
div2k,div2k/0831.png/sigma_0.100,div2k,0831.png,0.10000000149011612,U-TV (final),U-TV (20e),PSNR,0.3488616943359375
div2k,div2k/0832.png/sigma_0.100,div2k,0832.png,0.10000000149011612,U-TV (final),U-TV (20e),PSNR,0.21887588500976562
div2k,div2k/0833.png/sigma_0.100,div2k,0833.png,0.10000000149011612,U-TV (final),U-TV (20e),PSNR,0.690521240234375
div2k,div2k/0834.png/sigma_0.100,div2k,0834.png,0.10000000149011612,U-TV (final),U-TV (20e),PSNR,0.4238300323486328
div2k,div2k/0835.png/sigma_0.100,div2k,0835.png,0.10000000149011612,U-TV (final),U-TV (20e),PSNR,0.6232929229736293
div2k,div2k/0836.png/sigma_0.100,div2k,0836.png,0.10000000149011612,U-TV (final),U-TV (20e),PSNR,0.05059242248535156
div2k,div2k/0837.png/sigma_0.100,div2k,0837.png,0.10000000149011612,U-TV (final),U-TV (20e),PSNR,0.31066131591796875
div2k,div2k/0838.png/sigma_0.100,div2k,0838.png,0.10000000149011612,U-TV (final),U-TV (20e),PSNR,0.9942188262939453
div2k,div2k/0839.png/sigma_0.100,div2k,0839.png,0.10000000149011612,U-TV (final),U-TV (20e),PSNR,0.48372459411621094
div2k,div2k/0840.png/sigma_0.100,div2k,0840.png,0.10000000149011612,U-TV (final),U-TV (20e),PSNR,0.4994468688964844
div2k,div2k/0841.png/sigma_0.100,div2k,0841.png,0.10000000149011612,U-TV (final),U-TV (20e),PSNR,0.5094909667968714
div2k,div2k/0842.png/sigma_0.100,div2k,0842.png,0.10000000149011612,U-TV (final),U-TV (20e),PSNR,0.6347446441650391
div2k,div2k/0843.png/sigma_0.100,div2k,0843.png,0.10000000149011612,U-TV (final),U-TV (20e),PSNR,0.7089881896972656
div2k,div2k/0844.png/sigma_0.100,div2k,0844.png,0.10000000149011612,U-TV (final),U-TV (20e),PSNR,0.5264530181884766
div2k,div2k/0845.png/sigma_0.100,div2k,0845.png,0.10000000149011612,U-TV (final),U-TV (20e),PSNR,0.9982376098632812
div2k,div2k/0846.png/sigma_0.100,div2k,0846.png,0.10000000149011612,U-TV (final),U-TV (20e),PSNR,-0.05003738403319957
div2k,div2k/0847.png/sigma_0.100,div2k,0847.png,0.10000000149011612,U-TV (final),U-TV (20e),PSNR,0.3299674987792969
div2k,div2k/0848.png/sigma_0.100,div2k,0848.png,0.10000000149011612,U-TV (final),U-TV (20e),PSNR,0.3287620544433594
div2k,div2k/0849.png/sigma_0.100,div2k,0849.png,0.10000000149011612,U-TV (final),U-TV (20e),PSNR,0.03625679016113281
div2k,div2k/0850.png/sigma_0.100,div2k,0850.png,0.10000000149011612,U-TV (final),U-TV (20e),PSNR,0.28048706054687855
div2k,div2k/0851.png/sigma_0.100,div2k,0851.png,0.10000000149011612,U-TV (final),U-TV (20e),PSNR,0.1685791015625
div2k,div2k/0852.png/sigma_0.100,div2k,0852.png,0.10000000149011612,U-TV (final),U-TV (20e),PSNR,0.3615760803222656
div2k,div2k/0853.png/sigma_0.100,div2k,0853.png,0.10000000149011612,U-TV (final),U-TV (20e),PSNR,0.5279273986816406
div2k,div2k/0854.png/sigma_0.100,div2k,0854.png,0.10000000149011612,U-TV (final),U-TV (20e),PSNR,0.20381927490234375
div2k,div2k/0855.png/sigma_0.100,div2k,0855.png,0.10000000149011612,U-TV (final),U-TV (20e),PSNR,0.3992290496826172
div2k,div2k/0856.png/sigma_0.100,div2k,0856.png,0.10000000149011612,U-TV (final),U-TV (20e),PSNR,0.7858657836914062
div2k,div2k/0857.png/sigma_0.100,div2k,0857.png,0.10000000149011612,U-TV (final),U-TV (20e),PSNR,0.8713035583496094
div2k,div2k/0858.png/sigma_0.100,div2k,0858.png,0.10000000149011612,U-TV (final),U-TV (20e),PSNR,0.6181125640869141
div2k,div2k/0859.png/sigma_0.100,div2k,0859.png,0.10000000149011612,U-TV (final),U-TV (20e),PSNR,0.502243041992191
div2k,div2k/0860.png/sigma_0.100,div2k,0860.png,0.10000000149011612,U-TV (final),U-TV (20e),PSNR,0.5678634643554688
div2k,div2k/0861.png/sigma_0.100,div2k,0861.png,0.10000000149011612,U-TV (final),U-TV (20e),PSNR,0.10071372985839844
div2k,div2k/0862.png/sigma_0.100,div2k,0862.png,0.10000000149011612,U-TV (final),U-TV (20e),PSNR,0.8220367431640625
div2k,div2k/0863.png/sigma_0.100,div2k,0863.png,0.10000000149011612,U-TV (final),U-TV (20e),PSNR,0.6826076507568359
div2k,div2k/0864.png/sigma_0.100,div2k,0864.png,0.10000000149011612,U-TV (final),U-TV (20e),PSNR,0.5667972564697266
div2k,div2k/0865.png/sigma_0.100,div2k,0865.png,0.10000000149011612,U-TV (final),U-TV (20e),PSNR,0.4401969909667969
div2k,div2k/0866.png/sigma_0.100,div2k,0866.png,0.10000000149011612,U-TV (final),U-TV (20e),PSNR,0.7995891571044922
div2k,div2k/0867.png/sigma_0.100,div2k,0867.png,0.10000000149011612,U-TV (final),U-TV (20e),PSNR,0.5133819580078125
div2k,div2k/0868.png/sigma_0.100,div2k,0868.png,0.10000000149011612,U-TV (final),U-TV (20e),PSNR,0.3896980285644531
div2k,div2k/0869.png/sigma_0.100,div2k,0869.png,0.10000000149011612,U-TV (final),U-TV (20e),PSNR,0.6404094696044922
div2k,div2k/0870.png/sigma_0.100,div2k,0870.png,0.10000000149011612,U-TV (final),U-TV (20e),PSNR,0.7350063323974609
div2k,div2k/0871.png/sigma_0.100,div2k,0871.png,0.10000000149011612,U-TV (final),U-TV (20e),PSNR,0.5982036590576172
div2k,div2k/0872.png/sigma_0.100,div2k,0872.png,0.10000000149011612,U-TV (final),U-TV (20e),PSNR,0.5047836303710938
div2k,div2k/0873.png/sigma_0.100,div2k,0873.png,0.10000000149011612,U-TV (final),U-TV (20e),PSNR,0.4478893280029297
div2k,div2k/0874.png/sigma_0.100,div2k,0874.png,0.10000000149011612,U-TV (final),U-TV (20e),PSNR,0.39283180236816406
div2k,div2k/0875.png/sigma_0.100,div2k,0875.png,0.10000000149011612,U-TV (final),U-TV (20e),PSNR,0.04428291320800781
div2k,div2k/0876.png/sigma_0.100,div2k,0876.png,0.10000000149011612,U-TV (final),U-TV (20e),PSNR,0.7182674407958984
div2k,div2k/0877.png/sigma_0.100,div2k,0877.png,0.10000000149011612,U-TV (final),U-TV (20e),PSNR,0.5784740447998011
div2k,div2k/0878.png/sigma_0.100,div2k,0878.png,0.10000000149011612,U-TV (final),U-TV (20e),PSNR,0.6769542694091797
div2k,div2k/0879.png/sigma_0.100,div2k,0879.png,0.10000000149011612,U-TV (final),U-TV (20e),PSNR,-0.023040771484375
div2k,div2k/0880.png/sigma_0.100,div2k,0880.png,0.10000000149011612,U-TV (final),U-TV (20e),PSNR,0.7102375030517578
div2k,div2k/0881.png/sigma_0.100,div2k,0881.png,0.10000000149011612,U-TV (final),U-TV (20e),PSNR,0.3311252593994105
div2k,div2k/0882.png/sigma_0.100,div2k,0882.png,0.10000000149011612,U-TV (final),U-TV (20e),PSNR,0.4933662414550746
div2k,div2k/0883.png/sigma_0.100,div2k,0883.png,0.10000000149011612,U-TV (final),U-TV (20e),PSNR,0.42134857177734375
div2k,div2k/0884.png/sigma_0.100,div2k,0884.png,0.10000000149011612,U-TV (final),U-TV (20e),PSNR,0.4466876983642578
div2k,div2k/0885.png/sigma_0.100,div2k,0885.png,0.10000000149011612,U-TV (final),U-TV (20e),PSNR,0.7958221435546875
div2k,div2k/0886.png/sigma_0.100,div2k,0886.png,0.10000000149011612,U-TV (final),U-TV (20e),PSNR,0.6092109680175817
div2k,div2k/0887.png/sigma_0.100,div2k,0887.png,0.10000000149011612,U-TV (final),U-TV (20e),PSNR,0.3397388458251953
div2k,div2k/0888.png/sigma_0.100,div2k,0888.png,0.10000000149011612,U-TV (final),U-TV (20e),PSNR,0.30550384521484375
div2k,div2k/0889.png/sigma_0.100,div2k,0889.png,0.10000000149011612,U-TV (final),U-TV (20e),PSNR,0.5689773559570312
div2k,div2k/0890.png/sigma_0.100,div2k,0890.png,0.10000000149011612,U-TV (final),U-TV (20e),PSNR,0.3662223815917969
div2k,div2k/0891.png/sigma_0.100,div2k,0891.png,0.10000000149011612,U-TV (final),U-TV (20e),PSNR,0.2959747314453125
div2k,div2k/0892.png/sigma_0.100,div2k,0892.png,0.10000000149011612,U-TV (final),U-TV (20e),PSNR,1.9400749206542969
div2k,div2k/0893.png/sigma_0.100,div2k,0893.png,0.10000000149011612,U-TV (final),U-TV (20e),PSNR,0.669052124023441
div2k,div2k/0894.png/sigma_0.100,div2k,0894.png,0.10000000149011612,U-TV (final),U-TV (20e),PSNR,0.3098869323730469
div2k,div2k/0895.png/sigma_0.100,div2k,0895.png,0.10000000149011612,U-TV (final),U-TV (20e),PSNR,0.4615211486816406
div2k,div2k/0896.png/sigma_0.100,div2k,0896.png,0.10000000149011612,U-TV (final),U-TV (20e),PSNR,-0.04850959777832031
div2k,div2k/0897.png/sigma_0.100,div2k,0897.png,0.10000000149011612,U-TV (final),U-TV (20e),PSNR,1.1870040893554723
div2k,div2k/0898.png/sigma_0.100,div2k,0898.png,0.10000000149011612,U-TV (final),U-TV (20e),PSNR,0.3332843780517578
div2k,div2k/0899.png/sigma_0.100,div2k,0899.png,0.10000000149011612,U-TV (final),U-TV (20e),PSNR,0.9115924835205078
div2k,div2k/0900.png/sigma_0.100,div2k,0900.png,0.10000000149011612,U-TV (final),U-TV (20e),PSNR,0.3113975524902344
div2k,div2k/0801.png/sigma_0.100,div2k,0801.png,0.10000000149011612,U-TV (final),U-TV (20e),SSIM,0.033542513847351074
div2k,div2k/0802.png/sigma_0.100,div2k,0802.png,0.10000000149011612,U-TV (final),U-TV (20e),SSIM,0.010218799114227406
div2k,div2k/0803.png/sigma_0.100,div2k,0803.png,0.10000000149011612,U-TV (final),U-TV (20e),SSIM,0.023159265518188477
div2k,div2k/0804.png/sigma_0.100,div2k,0804.png,0.10000000149011612,U-TV (final),U-TV (20e),SSIM,0.012193918228149414
div2k,div2k/0805.png/sigma_0.100,div2k,0805.png,0.10000000149011612,U-TV (final),U-TV (20e),SSIM,0.03298121690750122
div2k,div2k/0806.png/sigma_0.100,div2k,0806.png,0.10000000149011612,U-TV (final),U-TV (20e),SSIM,0.018599092960357666
div2k,div2k/0807.png/sigma_0.100,div2k,0807.png,0.10000000149011612,U-TV (final),U-TV (20e),SSIM,0.03307443857192993
div2k,div2k/0808.png/sigma_0.100,div2k,0808.png,0.10000000149011612,U-TV (final),U-TV (20e),SSIM,0.019523978233337402
div2k,div2k/0809.png/sigma_0.100,div2k,0809.png,0.10000000149011612,U-TV (final),U-TV (20e),SSIM,0.0465124249458313
div2k,div2k/0810.png/sigma_0.100,div2k,0810.png,0.10000000149011612,U-TV (final),U-TV (20e),SSIM,0.028915584087371826
div2k,div2k/0811.png/sigma_0.100,div2k,0811.png,0.10000000149011612,U-TV (final),U-TV (20e),SSIM,0.043352484703063965
div2k,div2k/0812.png/sigma_0.100,div2k,0812.png,0.10000000149011612,U-TV (final),U-TV (20e),SSIM,0.014824628829956055
div2k,div2k/0813.png/sigma_0.100,div2k,0813.png,0.10000000149011612,U-TV (final),U-TV (20e),SSIM,0.010781526565551758
div2k,div2k/0814.png/sigma_0.100,div2k,0814.png,0.10000000149011612,U-TV (final),U-TV (20e),SSIM,0.017858684062957764
div2k,div2k/0815.png/sigma_0.100,div2k,0815.png,0.10000000149011612,U-TV (final),U-TV (20e),SSIM,0.03195798397064209
div2k,div2k/0816.png/sigma_0.100,div2k,0816.png,0.10000000149011612,U-TV (final),U-TV (20e),SSIM,0.027478694915771484
div2k,div2k/0817.png/sigma_0.100,div2k,0817.png,0.10000000149011612,U-TV (final),U-TV (20e),SSIM,0.03656226396560669
div2k,div2k/0818.png/sigma_0.100,div2k,0818.png,0.10000000149011612,U-TV (final),U-TV (20e),SSIM,0.023253023624420166
div2k,div2k/0819.png/sigma_0.100,div2k,0819.png,0.10000000149011612,U-TV (final),U-TV (20e),SSIM,0.030205607414245605
div2k,div2k/0820.png/sigma_0.100,div2k,0820.png,0.10000000149011612,U-TV (final),U-TV (20e),SSIM,0.023857831954956055
div2k,div2k/0821.png/sigma_0.100,div2k,0821.png,0.10000000149011612,U-TV (final),U-TV (20e),SSIM,0.005835413932800293
div2k,div2k/0822.png/sigma_0.100,div2k,0822.png,0.10000000149011612,U-TV (final),U-TV (20e),SSIM,0.070076584815979
div2k,div2k/0823.png/sigma_0.100,div2k,0823.png,0.10000000149011612,U-TV (final),U-TV (20e),SSIM,0.01809030771255493
div2k,div2k/0824.png/sigma_0.100,div2k,0824.png,0.10000000149011612,U-TV (final),U-TV (20e),SSIM,0.01413881778717041
div2k,div2k/0825.png/sigma_0.100,div2k,0825.png,0.10000000149011612,U-TV (final),U-TV (20e),SSIM,0.014236211776733398
div2k,div2k/0826.png/sigma_0.100,div2k,0826.png,0.10000000149011612,U-TV (final),U-TV (20e),SSIM,0.014515280723571777
div2k,div2k/0827.png/sigma_0.100,div2k,0827.png,0.10000000149011612,U-TV (final),U-TV (20e),SSIM,0.023172497749328613
div2k,div2k/0828.png/sigma_0.100,div2k,0828.png,0.10000000149011612,U-TV (final),U-TV (20e),SSIM,0.1450316309928894
div2k,div2k/0829.png/sigma_0.100,div2k,0829.png,0.10000000149011612,U-TV (final),U-TV (20e),SSIM,0.0172119140625
div2k,div2k/0830.png/sigma_0.100,div2k,0830.png,0.10000000149011612,U-TV (final),U-TV (20e),SSIM,0.015320897102355957
div2k,div2k/0831.png/sigma_0.100,div2k,0831.png,0.10000000149011612,U-TV (final),U-TV (20e),SSIM,0.016014456748962402
div2k,div2k/0832.png/sigma_0.100,div2k,0832.png,0.10000000149011612,U-TV (final),U-TV (20e),SSIM,0.011729598045349121
div2k,div2k/0833.png/sigma_0.100,div2k,0833.png,0.10000000149011612,U-TV (final),U-TV (20e),SSIM,0.020339250564575195
div2k,div2k/0834.png/sigma_0.100,div2k,0834.png,0.10000000149011612,U-TV (final),U-TV (20e),SSIM,0.026282906532287598
div2k,div2k/0835.png/sigma_0.100,div2k,0835.png,0.10000000149011612,U-TV (final),U-TV (20e),SSIM,0.04028916358947754
div2k,div2k/0836.png/sigma_0.100,div2k,0836.png,0.10000000149011612,U-TV (final),U-TV (20e),SSIM,0.009591937065124512
div2k,div2k/0837.png/sigma_0.100,div2k,0837.png,0.10000000149011612,U-TV (final),U-TV (20e),SSIM,0.015727996826171875
div2k,div2k/0838.png/sigma_0.100,div2k,0838.png,0.10000000149011612,U-TV (final),U-TV (20e),SSIM,0.022937536239624023
div2k,div2k/0839.png/sigma_0.100,div2k,0839.png,0.10000000149011612,U-TV (final),U-TV (20e),SSIM,0.01675236225128174
div2k,div2k/0840.png/sigma_0.100,div2k,0840.png,0.10000000149011612,U-TV (final),U-TV (20e),SSIM,0.02793794870376587
div2k,div2k/0841.png/sigma_0.100,div2k,0841.png,0.10000000149011612,U-TV (final),U-TV (20e),SSIM,0.027137041091918945
div2k,div2k/0842.png/sigma_0.100,div2k,0842.png,0.10000000149011612,U-TV (final),U-TV (20e),SSIM,0.01869744062423706
div2k,div2k/0843.png/sigma_0.100,div2k,0843.png,0.10000000149011612,U-TV (final),U-TV (20e),SSIM,0.016096413135528564
div2k,div2k/0844.png/sigma_0.100,div2k,0844.png,0.10000000149011612,U-TV (final),U-TV (20e),SSIM,0.017344355583190918
div2k,div2k/0845.png/sigma_0.100,div2k,0845.png,0.10000000149011612,U-TV (final),U-TV (20e),SSIM,0.0422443151473999
div2k,div2k/0846.png/sigma_0.100,div2k,0846.png,0.10000000149011612,U-TV (final),U-TV (20e),SSIM,0.024866044521331787
div2k,div2k/0847.png/sigma_0.100,div2k,0847.png,0.10000000149011612,U-TV (final),U-TV (20e),SSIM,0.01032876968383789
div2k,div2k/0848.png/sigma_0.100,div2k,0848.png,0.10000000149011612,U-TV (final),U-TV (20e),SSIM,0.007952988147735596
div2k,div2k/0849.png/sigma_0.100,div2k,0849.png,0.10000000149011612,U-TV (final),U-TV (20e),SSIM,0.011601090431213379
div2k,div2k/0850.png/sigma_0.100,div2k,0850.png,0.10000000149011612,U-TV (final),U-TV (20e),SSIM,0.013046324253082275
div2k,div2k/0851.png/sigma_0.100,div2k,0851.png,0.10000000149011612,U-TV (final),U-TV (20e),SSIM,0.01686626672744762
div2k,div2k/0852.png/sigma_0.100,div2k,0852.png,0.10000000149011612,U-TV (final),U-TV (20e),SSIM,0.029016613960266113
div2k,div2k/0853.png/sigma_0.100,div2k,0853.png,0.10000000149011612,U-TV (final),U-TV (20e),SSIM,0.018192291259765625
div2k,div2k/0854.png/sigma_0.100,div2k,0854.png,0.10000000149011612,U-TV (final),U-TV (20e),SSIM,0.02256852388381958
div2k,div2k/0855.png/sigma_0.100,div2k,0855.png,0.10000000149011612,U-TV (final),U-TV (20e),SSIM,0.017465591430664062
div2k,div2k/0856.png/sigma_0.100,div2k,0856.png,0.10000000149011612,U-TV (final),U-TV (20e),SSIM,0.07780134677886963
div2k,div2k/0857.png/sigma_0.100,div2k,0857.png,0.10000000149011612,U-TV (final),U-TV (20e),SSIM,0.017466425895690918
div2k,div2k/0858.png/sigma_0.100,div2k,0858.png,0.10000000149011612,U-TV (final),U-TV (20e),SSIM,0.047229886054992676
div2k,div2k/0859.png/sigma_0.100,div2k,0859.png,0.10000000149011612,U-TV (final),U-TV (20e),SSIM,0.03212052583694458
div2k,div2k/0860.png/sigma_0.100,div2k,0860.png,0.10000000149011612,U-TV (final),U-TV (20e),SSIM,0.04846924543380737
div2k,div2k/0861.png/sigma_0.100,div2k,0861.png,0.10000000149011612,U-TV (final),U-TV (20e),SSIM,0.017874836921691895
div2k,div2k/0862.png/sigma_0.100,div2k,0862.png,0.10000000149011612,U-TV (final),U-TV (20e),SSIM,0.031141340732574463
div2k,div2k/0863.png/sigma_0.100,div2k,0863.png,0.10000000149011612,U-TV (final),U-TV (20e),SSIM,0.030965685844421387
div2k,div2k/0864.png/sigma_0.100,div2k,0864.png,0.10000000149011612,U-TV (final),U-TV (20e),SSIM,0.029284656047821045
div2k,div2k/0865.png/sigma_0.100,div2k,0865.png,0.10000000149011612,U-TV (final),U-TV (20e),SSIM,0.019722044467926025
div2k,div2k/0866.png/sigma_0.100,div2k,0866.png,0.10000000149011612,U-TV (final),U-TV (20e),SSIM,0.03309988975524902
div2k,div2k/0867.png/sigma_0.100,div2k,0867.png,0.10000000149011612,U-TV (final),U-TV (20e),SSIM,0.024824857711791992
div2k,div2k/0868.png/sigma_0.100,div2k,0868.png,0.10000000149011612,U-TV (final),U-TV (20e),SSIM,0.013889014720916748
div2k,div2k/0869.png/sigma_0.100,div2k,0869.png,0.10000000149011612,U-TV (final),U-TV (20e),SSIM,0.027435600757598877
div2k,div2k/0870.png/sigma_0.100,div2k,0870.png,0.10000000149011612,U-TV (final),U-TV (20e),SSIM,0.04876136779785156
div2k,div2k/0871.png/sigma_0.100,div2k,0871.png,0.10000000149011612,U-TV (final),U-TV (20e),SSIM,0.019306182861328125
div2k,div2k/0872.png/sigma_0.100,div2k,0872.png,0.10000000149011612,U-TV (final),U-TV (20e),SSIM,0.012544870376586914
div2k,div2k/0873.png/sigma_0.100,div2k,0873.png,0.10000000149011612,U-TV (final),U-TV (20e),SSIM,0.03738820552825928
div2k,div2k/0874.png/sigma_0.100,div2k,0874.png,0.10000000149011612,U-TV (final),U-TV (20e),SSIM,0.030863583087921143
div2k,div2k/0875.png/sigma_0.100,div2k,0875.png,0.10000000149011612,U-TV (final),U-TV (20e),SSIM,0.004790306091308594
div2k,div2k/0876.png/sigma_0.100,div2k,0876.png,0.10000000149011612,U-TV (final),U-TV (20e),SSIM,0.051929473876953125
div2k,div2k/0877.png/sigma_0.100,div2k,0877.png,0.10000000149011612,U-TV (final),U-TV (20e),SSIM,0.024773836135864258
div2k,div2k/0878.png/sigma_0.100,div2k,0878.png,0.10000000149011612,U-TV (final),U-TV (20e),SSIM,0.03047269582748413
div2k,div2k/0879.png/sigma_0.100,div2k,0879.png,0.10000000149011612,U-TV (final),U-TV (20e),SSIM,0.005900025367736816
div2k,div2k/0880.png/sigma_0.100,div2k,0880.png,0.10000000149011612,U-TV (final),U-TV (20e),SSIM,0.026622116565704346
div2k,div2k/0881.png/sigma_0.100,div2k,0881.png,0.10000000149011612,U-TV (final),U-TV (20e),SSIM,0.015742897987365723
div2k,div2k/0882.png/sigma_0.100,div2k,0882.png,0.10000000149011612,U-TV (final),U-TV (20e),SSIM,0.0109635591506958
div2k,div2k/0883.png/sigma_0.100,div2k,0883.png,0.10000000149011612,U-TV (final),U-TV (20e),SSIM,0.021991431713104248
div2k,div2k/0884.png/sigma_0.100,div2k,0884.png,0.10000000149011612,U-TV (final),U-TV (20e),SSIM,0.026569008827209473
div2k,div2k/0885.png/sigma_0.100,div2k,0885.png,0.10000000149011612,U-TV (final),U-TV (20e),SSIM,0.057998478412628174
div2k,div2k/0886.png/sigma_0.100,div2k,0886.png,0.10000000149011612,U-TV (final),U-TV (20e),SSIM,0.018068313598632812
div2k,div2k/0887.png/sigma_0.100,div2k,0887.png,0.10000000149011612,U-TV (final),U-TV (20e),SSIM,0.03780567646026611
div2k,div2k/0888.png/sigma_0.100,div2k,0888.png,0.10000000149011612,U-TV (final),U-TV (20e),SSIM,0.007833898067474365
div2k,div2k/0889.png/sigma_0.100,div2k,0889.png,0.10000000149011612,U-TV (final),U-TV (20e),SSIM,0.024077653884887695
div2k,div2k/0890.png/sigma_0.100,div2k,0890.png,0.10000000149011612,U-TV (final),U-TV (20e),SSIM,0.019151747226715088
div2k,div2k/0891.png/sigma_0.100,div2k,0891.png,0.10000000149011612,U-TV (final),U-TV (20e),SSIM,0.015971720218658447
div2k,div2k/0892.png/sigma_0.100,div2k,0892.png,0.10000000149011612,U-TV (final),U-TV (20e),SSIM,0.10920655727386475
div2k,div2k/0893.png/sigma_0.100,div2k,0893.png,0.10000000149011612,U-TV (final),U-TV (20e),SSIM,0.01881241798400879
div2k,div2k/0894.png/sigma_0.100,div2k,0894.png,0.10000000149011612,U-TV (final),U-TV (20e),SSIM,0.01766788959503174
div2k,div2k/0895.png/sigma_0.100,div2k,0895.png,0.10000000149011612,U-TV (final),U-TV (20e),SSIM,0.03482609987258911
div2k,div2k/0896.png/sigma_0.100,div2k,0896.png,0.10000000149011612,U-TV (final),U-TV (20e),SSIM,0.02090322971343994
div2k,div2k/0897.png/sigma_0.100,div2k,0897.png,0.10000000149011612,U-TV (final),U-TV (20e),SSIM,0.0394747257232666
div2k,div2k/0898.png/sigma_0.100,div2k,0898.png,0.10000000149011612,U-TV (final),U-TV (20e),SSIM,0.01672440767288219
div2k,div2k/0899.png/sigma_0.100,div2k,0899.png,0.10000000149011612,U-TV (final),U-TV (20e),SSIM,0.03385782241821289
div2k,div2k/0900.png/sigma_0.100,div2k,0900.png,0.10000000149011612,U-TV (final),U-TV (20e),SSIM,0.02113741636276245
div2k,div2k/0801.png/sigma_0.100,div2k,0801.png,0.10000000149011612,U-TGV (final),U-TGV (20e),PSNR,0.05838584899902344
div2k,div2k/0802.png/sigma_0.100,div2k,0802.png,0.10000000149011612,U-TGV (final),U-TGV (20e),PSNR,0.27494049072265625
div2k,div2k/0803.png/sigma_0.100,div2k,0803.png,0.10000000149011612,U-TGV (final),U-TGV (20e),PSNR,0.3201866149902344
div2k,div2k/0804.png/sigma_0.100,div2k,0804.png,0.10000000149011612,U-TGV (final),U-TGV (20e),PSNR,0.20151138305664062
div2k,div2k/0805.png/sigma_0.100,div2k,0805.png,0.10000000149011612,U-TGV (final),U-TGV (20e),PSNR,0.0510711669921875
div2k,div2k/0806.png/sigma_0.100,div2k,0806.png,0.10000000149011612,U-TGV (final),U-TGV (20e),PSNR,0.28336524963378906
div2k,div2k/0807.png/sigma_0.100,div2k,0807.png,0.10000000149011612,U-TGV (final),U-TGV (20e),PSNR,0.03824996948242543
div2k,div2k/0808.png/sigma_0.100,div2k,0808.png,0.10000000149011612,U-TGV (final),U-TGV (20e),PSNR,0.021348953247070312
div2k,div2k/0809.png/sigma_0.100,div2k,0809.png,0.10000000149011612,U-TGV (final),U-TGV (20e),PSNR,0.18925285339355824
div2k,div2k/0810.png/sigma_0.100,div2k,0810.png,0.10000000149011612,U-TGV (final),U-TGV (20e),PSNR,0.17801284790039062
div2k,div2k/0811.png/sigma_0.100,div2k,0811.png,0.10000000149011612,U-TGV (final),U-TGV (20e),PSNR,0.25662231445312855
div2k,div2k/0812.png/sigma_0.100,div2k,0812.png,0.10000000149011612,U-TGV (final),U-TGV (20e),PSNR,0.23524093627929688
div2k,div2k/0813.png/sigma_0.100,div2k,0813.png,0.10000000149011612,U-TGV (final),U-TGV (20e),PSNR,0.26068305969237926
div2k,div2k/0814.png/sigma_0.100,div2k,0814.png,0.10000000149011612,U-TGV (final),U-TGV (20e),PSNR,0.13743209838867188
div2k,div2k/0815.png/sigma_0.100,div2k,0815.png,0.10000000149011612,U-TGV (final),U-TGV (20e),PSNR,0.09468650817871094
div2k,div2k/0816.png/sigma_0.100,div2k,0816.png,0.10000000149011612,U-TGV (final),U-TGV (20e),PSNR,0.3683052062988281
div2k,div2k/0817.png/sigma_0.100,div2k,0817.png,0.10000000149011612,U-TGV (final),U-TGV (20e),PSNR,0.1801738739013672
div2k,div2k/0818.png/sigma_0.100,div2k,0818.png,0.10000000149011612,U-TGV (final),U-TGV (20e),PSNR,-0.07941627502441406
div2k,div2k/0819.png/sigma_0.100,div2k,0819.png,0.10000000149011612,U-TGV (final),U-TGV (20e),PSNR,0.0977020263671875
div2k,div2k/0820.png/sigma_0.100,div2k,0820.png,0.10000000149011612,U-TGV (final),U-TGV (20e),PSNR,-0.3795890808105469
div2k,div2k/0821.png/sigma_0.100,div2k,0821.png,0.10000000149011612,U-TGV (final),U-TGV (20e),PSNR,-0.16034317016601562
div2k,div2k/0822.png/sigma_0.100,div2k,0822.png,0.10000000149011612,U-TGV (final),U-TGV (20e),PSNR,0.3475208282470703
div2k,div2k/0823.png/sigma_0.100,div2k,0823.png,0.10000000149011612,U-TGV (final),U-TGV (20e),PSNR,-0.1398296356201172
div2k,div2k/0824.png/sigma_0.100,div2k,0824.png,0.10000000149011612,U-TGV (final),U-TGV (20e),PSNR,0.17223739624023082
div2k,div2k/0825.png/sigma_0.100,div2k,0825.png,0.10000000149011612,U-TGV (final),U-TGV (20e),PSNR,0.02008819580078125
div2k,div2k/0826.png/sigma_0.100,div2k,0826.png,0.10000000149011612,U-TGV (final),U-TGV (20e),PSNR,0.011325836181640625
div2k,div2k/0827.png/sigma_0.100,div2k,0827.png,0.10000000149011612,U-TGV (final),U-TGV (20e),PSNR,0.14751434326171875
div2k,div2k/0828.png/sigma_0.100,div2k,0828.png,0.10000000149011612,U-TGV (final),U-TGV (20e),PSNR,1.4067153930664062
div2k,div2k/0829.png/sigma_0.100,div2k,0829.png,0.10000000149011612,U-TGV (final),U-TGV (20e),PSNR,0.4350242614746094
div2k,div2k/0830.png/sigma_0.100,div2k,0830.png,0.10000000149011612,U-TGV (final),U-TGV (20e),PSNR,0.03553199768066406
div2k,div2k/0831.png/sigma_0.100,div2k,0831.png,0.10000000149011612,U-TGV (final),U-TGV (20e),PSNR,-0.028972625732421875
div2k,div2k/0832.png/sigma_0.100,div2k,0832.png,0.10000000149011612,U-TGV (final),U-TGV (20e),PSNR,-0.026111602783203125
div2k,div2k/0833.png/sigma_0.100,div2k,0833.png,0.10000000149011612,U-TGV (final),U-TGV (20e),PSNR,0.26124000549316406
div2k,div2k/0834.png/sigma_0.100,div2k,0834.png,0.10000000149011612,U-TGV (final),U-TGV (20e),PSNR,0.13725852966308594
div2k,div2k/0835.png/sigma_0.100,div2k,0835.png,0.10000000149011612,U-TGV (final),U-TGV (20e),PSNR,0.2274303436279297
div2k,div2k/0836.png/sigma_0.100,div2k,0836.png,0.10000000149011612,U-TGV (final),U-TGV (20e),PSNR,-0.07238197326660512
div2k,div2k/0837.png/sigma_0.100,div2k,0837.png,0.10000000149011612,U-TGV (final),U-TGV (20e),PSNR,-0.018352508544921875
div2k,div2k/0838.png/sigma_0.100,div2k,0838.png,0.10000000149011612,U-TGV (final),U-TGV (20e),PSNR,0.5535068511962891
div2k,div2k/0839.png/sigma_0.100,div2k,0839.png,0.10000000149011612,U-TGV (final),U-TGV (20e),PSNR,0.18411827087402344
div2k,div2k/0840.png/sigma_0.100,div2k,0840.png,0.10000000149011612,U-TGV (final),U-TGV (20e),PSNR,0.08328628540039062
div2k,div2k/0841.png/sigma_0.100,div2k,0841.png,0.10000000149011612,U-TGV (final),U-TGV (20e),PSNR,0.099609375
div2k,div2k/0842.png/sigma_0.100,div2k,0842.png,0.10000000149011612,U-TGV (final),U-TGV (20e),PSNR,0.1552295684814453
div2k,div2k/0843.png/sigma_0.100,div2k,0843.png,0.10000000149011612,U-TGV (final),U-TGV (20e),PSNR,0.4582786560058558
div2k,div2k/0844.png/sigma_0.100,div2k,0844.png,0.10000000149011612,U-TGV (final),U-TGV (20e),PSNR,0.479278564453125
div2k,div2k/0845.png/sigma_0.100,div2k,0845.png,0.10000000149011612,U-TGV (final),U-TGV (20e),PSNR,0.25783729553222656
div2k,div2k/0846.png/sigma_0.100,div2k,0846.png,0.10000000149011612,U-TGV (final),U-TGV (20e),PSNR,-0.4364585876464808
div2k,div2k/0847.png/sigma_0.100,div2k,0847.png,0.10000000149011612,U-TGV (final),U-TGV (20e),PSNR,0.007228851318359375
div2k,div2k/0848.png/sigma_0.100,div2k,0848.png,0.10000000149011612,U-TGV (final),U-TGV (20e),PSNR,0.2050018310546875
div2k,div2k/0849.png/sigma_0.100,div2k,0849.png,0.10000000149011612,U-TGV (final),U-TGV (20e),PSNR,-0.34417724609375
div2k,div2k/0850.png/sigma_0.100,div2k,0850.png,0.10000000149011612,U-TGV (final),U-TGV (20e),PSNR,0.2215251922607422
div2k,div2k/0851.png/sigma_0.100,div2k,0851.png,0.10000000149011612,U-TGV (final),U-TGV (20e),PSNR,0.10430335998535156
div2k,div2k/0852.png/sigma_0.100,div2k,0852.png,0.10000000149011612,U-TGV (final),U-TGV (20e),PSNR,0.11651992797851207
div2k,div2k/0853.png/sigma_0.100,div2k,0853.png,0.10000000149011612,U-TGV (final),U-TGV (20e),PSNR,0.3234443664550781
div2k,div2k/0854.png/sigma_0.100,div2k,0854.png,0.10000000149011612,U-TGV (final),U-TGV (20e),PSNR,-0.011613845825195312
div2k,div2k/0855.png/sigma_0.100,div2k,0855.png,0.10000000149011612,U-TGV (final),U-TGV (20e),PSNR,0.08452033996582031
div2k,div2k/0856.png/sigma_0.100,div2k,0856.png,0.10000000149011612,U-TGV (final),U-TGV (20e),PSNR,0.5270042419433594
div2k,div2k/0857.png/sigma_0.100,div2k,0857.png,0.10000000149011612,U-TGV (final),U-TGV (20e),PSNR,0.5112571716308594
div2k,div2k/0858.png/sigma_0.100,div2k,0858.png,0.10000000149011612,U-TGV (final),U-TGV (20e),PSNR,0.2614765167236328
div2k,div2k/0859.png/sigma_0.100,div2k,0859.png,0.10000000149011612,U-TGV (final),U-TGV (20e),PSNR,0.04158782958984375
div2k,div2k/0860.png/sigma_0.100,div2k,0860.png,0.10000000149011612,U-TGV (final),U-TGV (20e),PSNR,0.030811309814453125
div2k,div2k/0861.png/sigma_0.100,div2k,0861.png,0.10000000149011612,U-TGV (final),U-TGV (20e),PSNR,-0.2060317993164027
div2k,div2k/0862.png/sigma_0.100,div2k,0862.png,0.10000000149011612,U-TGV (final),U-TGV (20e),PSNR,0.535369873046875
div2k,div2k/0863.png/sigma_0.100,div2k,0863.png,0.10000000149011612,U-TGV (final),U-TGV (20e),PSNR,0.1765117645263672
div2k,div2k/0864.png/sigma_0.100,div2k,0864.png,0.10000000149011612,U-TGV (final),U-TGV (20e),PSNR,0.3326129913330078
div2k,div2k/0865.png/sigma_0.100,div2k,0865.png,0.10000000149011612,U-TGV (final),U-TGV (20e),PSNR,0.04963111877441406
div2k,div2k/0866.png/sigma_0.100,div2k,0866.png,0.10000000149011612,U-TGV (final),U-TGV (20e),PSNR,0.05811882019042969
div2k,div2k/0867.png/sigma_0.100,div2k,0867.png,0.10000000149011612,U-TGV (final),U-TGV (20e),PSNR,0.15610694885253906
div2k,div2k/0868.png/sigma_0.100,div2k,0868.png,0.10000000149011612,U-TGV (final),U-TGV (20e),PSNR,0.22334861755371094
div2k,div2k/0869.png/sigma_0.100,div2k,0869.png,0.10000000149011612,U-TGV (final),U-TGV (20e),PSNR,0.16185569763183594
div2k,div2k/0870.png/sigma_0.100,div2k,0870.png,0.10000000149011612,U-TGV (final),U-TGV (20e),PSNR,0.04473114013671875
div2k,div2k/0871.png/sigma_0.100,div2k,0871.png,0.10000000149011612,U-TGV (final),U-TGV (20e),PSNR,0.19225120544433594
div2k,div2k/0872.png/sigma_0.100,div2k,0872.png,0.10000000149011612,U-TGV (final),U-TGV (20e),PSNR,0.13639450073242188
div2k,div2k/0873.png/sigma_0.100,div2k,0873.png,0.10000000149011612,U-TGV (final),U-TGV (20e),PSNR,0.1370258331298828
div2k,div2k/0874.png/sigma_0.100,div2k,0874.png,0.10000000149011612,U-TGV (final),U-TGV (20e),PSNR,0.27636146545410156
div2k,div2k/0875.png/sigma_0.100,div2k,0875.png,0.10000000149011612,U-TGV (final),U-TGV (20e),PSNR,-0.15685081481933594
div2k,div2k/0876.png/sigma_0.100,div2k,0876.png,0.10000000149011612,U-TGV (final),U-TGV (20e),PSNR,0.3501567840576172
div2k,div2k/0877.png/sigma_0.100,div2k,0877.png,0.10000000149011612,U-TGV (final),U-TGV (20e),PSNR,0.4195594787597656
div2k,div2k/0878.png/sigma_0.100,div2k,0878.png,0.10000000149011612,U-TGV (final),U-TGV (20e),PSNR,0.19021797180176137
div2k,div2k/0879.png/sigma_0.100,div2k,0879.png,0.10000000149011612,U-TGV (final),U-TGV (20e),PSNR,0.08351325988769531
div2k,div2k/0880.png/sigma_0.100,div2k,0880.png,0.10000000149011612,U-TGV (final),U-TGV (20e),PSNR,0.3336925506591797
div2k,div2k/0881.png/sigma_0.100,div2k,0881.png,0.10000000149011612,U-TGV (final),U-TGV (20e),PSNR,0.08716392517089844
div2k,div2k/0882.png/sigma_0.100,div2k,0882.png,0.10000000149011612,U-TGV (final),U-TGV (20e),PSNR,0.24808692932128906
div2k,div2k/0883.png/sigma_0.100,div2k,0883.png,0.10000000149011612,U-TGV (final),U-TGV (20e),PSNR,0.07436561584472656
div2k,div2k/0884.png/sigma_0.100,div2k,0884.png,0.10000000149011612,U-TGV (final),U-TGV (20e),PSNR,0.051792144775390625
div2k,div2k/0885.png/sigma_0.100,div2k,0885.png,0.10000000149011612,U-TGV (final),U-TGV (20e),PSNR,0.48026466369628906
div2k,div2k/0886.png/sigma_0.100,div2k,0886.png,0.10000000149011612,U-TGV (final),U-TGV (20e),PSNR,0.19075775146484375
div2k,div2k/0887.png/sigma_0.100,div2k,0887.png,0.10000000149011612,U-TGV (final),U-TGV (20e),PSNR,0.17297744750976562
div2k,div2k/0888.png/sigma_0.100,div2k,0888.png,0.10000000149011612,U-TGV (final),U-TGV (20e),PSNR,0.06270790100098012
div2k,div2k/0889.png/sigma_0.100,div2k,0889.png,0.10000000149011612,U-TGV (final),U-TGV (20e),PSNR,-0.0360031127929652
div2k,div2k/0890.png/sigma_0.100,div2k,0890.png,0.10000000149011612,U-TGV (final),U-TGV (20e),PSNR,0.24051475524902344
div2k,div2k/0891.png/sigma_0.100,div2k,0891.png,0.10000000149011612,U-TGV (final),U-TGV (20e),PSNR,-0.02945709228515625
div2k,div2k/0892.png/sigma_0.100,div2k,0892.png,0.10000000149011612,U-TGV (final),U-TGV (20e),PSNR,0.48682403564453125
div2k,div2k/0893.png/sigma_0.100,div2k,0893.png,0.10000000149011612,U-TGV (final),U-TGV (20e),PSNR,0.2865447998046875
div2k,div2k/0894.png/sigma_0.100,div2k,0894.png,0.10000000149011612,U-TGV (final),U-TGV (20e),PSNR,0.1093292236328125
div2k,div2k/0895.png/sigma_0.100,div2k,0895.png,0.10000000149011612,U-TGV (final),U-TGV (20e),PSNR,-0.0012645721435546875
div2k,div2k/0896.png/sigma_0.100,div2k,0896.png,0.10000000149011612,U-TGV (final),U-TGV (20e),PSNR,0.059139251708984375
div2k,div2k/0897.png/sigma_0.100,div2k,0897.png,0.10000000149011612,U-TGV (final),U-TGV (20e),PSNR,0.013975143432613635
div2k,div2k/0898.png/sigma_0.100,div2k,0898.png,0.10000000149011612,U-TGV (final),U-TGV (20e),PSNR,0.048564910888671875
div2k,div2k/0899.png/sigma_0.100,div2k,0899.png,0.10000000149011612,U-TGV (final),U-TGV (20e),PSNR,0.5507335662841797
div2k,div2k/0900.png/sigma_0.100,div2k,0900.png,0.10000000149011612,U-TGV (final),U-TGV (20e),PSNR,0.004909515380859375
div2k,div2k/0801.png/sigma_0.100,div2k,0801.png,0.10000000149011612,U-TGV (final),U-TGV (20e),SSIM,0.0017775297164916992
div2k,div2k/0802.png/sigma_0.100,div2k,0802.png,0.10000000149011612,U-TGV (final),U-TGV (20e),SSIM,0.0023508071899414062
div2k,div2k/0803.png/sigma_0.100,div2k,0803.png,0.10000000149011612,U-TGV (final),U-TGV (20e),SSIM,0.0017799735069274902
div2k,div2k/0804.png/sigma_0.100,div2k,0804.png,0.10000000149011612,U-TGV (final),U-TGV (20e),SSIM,0.00412297248840332
div2k,div2k/0805.png/sigma_0.100,div2k,0805.png,0.10000000149011612,U-TGV (final),U-TGV (20e),SSIM,0.004085838794708252
div2k,div2k/0806.png/sigma_0.100,div2k,0806.png,0.10000000149011612,U-TGV (final),U-TGV (20e),SSIM,0.012128174304962158
div2k,div2k/0807.png/sigma_0.100,div2k,0807.png,0.10000000149011612,U-TGV (final),U-TGV (20e),SSIM,0.003857135772705078
div2k,div2k/0808.png/sigma_0.100,div2k,0808.png,0.10000000149011612,U-TGV (final),U-TGV (20e),SSIM,0.012774288654327393
div2k,div2k/0809.png/sigma_0.100,div2k,0809.png,0.10000000149011612,U-TGV (final),U-TGV (20e),SSIM,0.012800395488739014
div2k,div2k/0810.png/sigma_0.100,div2k,0810.png,0.10000000149011612,U-TGV (final),U-TGV (20e),SSIM,0.005591630935668945
div2k,div2k/0811.png/sigma_0.100,div2k,0811.png,0.10000000149011612,U-TGV (final),U-TGV (20e),SSIM,0.023016512393951416
div2k,div2k/0812.png/sigma_0.100,div2k,0812.png,0.10000000149011612,U-TGV (final),U-TGV (20e),SSIM,0.006295621395111084
div2k,div2k/0813.png/sigma_0.100,div2k,0813.png,0.10000000149011612,U-TGV (final),U-TGV (20e),SSIM,0.014636456966400146
div2k,div2k/0814.png/sigma_0.100,div2k,0814.png,0.10000000149011612,U-TGV (final),U-TGV (20e),SSIM,0.014782249927520752
div2k,div2k/0815.png/sigma_0.100,div2k,0815.png,0.10000000149011612,U-TGV (final),U-TGV (20e),SSIM,0.0032739639282226562
div2k,div2k/0816.png/sigma_0.100,div2k,0816.png,0.10000000149011612,U-TGV (final),U-TGV (20e),SSIM,0.01714193820953369
div2k,div2k/0817.png/sigma_0.100,div2k,0817.png,0.10000000149011612,U-TGV (final),U-TGV (20e),SSIM,0.012081742286682129
div2k,div2k/0818.png/sigma_0.100,div2k,0818.png,0.10000000149011612,U-TGV (final),U-TGV (20e),SSIM,0.007853567600250244
div2k,div2k/0819.png/sigma_0.100,div2k,0819.png,0.10000000149011612,U-TGV (final),U-TGV (20e),SSIM,0.005743622779846191
div2k,div2k/0820.png/sigma_0.100,div2k,0820.png,0.10000000149011612,U-TGV (final),U-TGV (20e),SSIM,-0.003693103790283203
div2k,div2k/0821.png/sigma_0.100,div2k,0821.png,0.10000000149011612,U-TGV (final),U-TGV (20e),SSIM,-0.004214882850646973
div2k,div2k/0822.png/sigma_0.100,div2k,0822.png,0.10000000149011612,U-TGV (final),U-TGV (20e),SSIM,0.025135397911071777
div2k,div2k/0823.png/sigma_0.100,div2k,0823.png,0.10000000149011612,U-TGV (final),U-TGV (20e),SSIM,0.010801851749420166
div2k,div2k/0824.png/sigma_0.100,div2k,0824.png,0.10000000149011612,U-TGV (final),U-TGV (20e),SSIM,0.010324597358703613
div2k,div2k/0825.png/sigma_0.100,div2k,0825.png,0.10000000149011612,U-TGV (final),U-TGV (20e),SSIM,0.0008714795112609863
div2k,div2k/0826.png/sigma_0.100,div2k,0826.png,0.10000000149011612,U-TGV (final),U-TGV (20e),SSIM,0.010890543460845947
div2k,div2k/0827.png/sigma_0.100,div2k,0827.png,0.10000000149011612,U-TGV (final),U-TGV (20e),SSIM,0.012571871280670166
div2k,div2k/0828.png/sigma_0.100,div2k,0828.png,0.10000000149011612,U-TGV (final),U-TGV (20e),SSIM,0.10171890258789062
div2k,div2k/0829.png/sigma_0.100,div2k,0829.png,0.10000000149011612,U-TGV (final),U-TGV (20e),SSIM,0.010865211486816406
div2k,div2k/0830.png/sigma_0.100,div2k,0830.png,0.10000000149011612,U-TGV (final),U-TGV (20e),SSIM,0.008589982986450195
div2k,div2k/0831.png/sigma_0.100,div2k,0831.png,0.10000000149011612,U-TGV (final),U-TGV (20e),SSIM,0.002239823341369629
div2k,div2k/0832.png/sigma_0.100,div2k,0832.png,0.10000000149011612,U-TGV (final),U-TGV (20e),SSIM,0.0032826662063598633
div2k,div2k/0833.png/sigma_0.100,div2k,0833.png,0.10000000149011612,U-TGV (final),U-TGV (20e),SSIM,0.020305931568145752
div2k,div2k/0834.png/sigma_0.100,div2k,0834.png,0.10000000149011612,U-TGV (final),U-TGV (20e),SSIM,0.011197328567504883
div2k,div2k/0835.png/sigma_0.100,div2k,0835.png,0.10000000149011612,U-TGV (final),U-TGV (20e),SSIM,0.020146489143371582
div2k,div2k/0836.png/sigma_0.100,div2k,0836.png,0.10000000149011612,U-TGV (final),U-TGV (20e),SSIM,0.009769916534423828
div2k,div2k/0837.png/sigma_0.100,div2k,0837.png,0.10000000149011612,U-TGV (final),U-TGV (20e),SSIM,-0.0012184381484985352
div2k,div2k/0838.png/sigma_0.100,div2k,0838.png,0.10000000149011612,U-TGV (final),U-TGV (20e),SSIM,0.008334457874298207
div2k,div2k/0839.png/sigma_0.100,div2k,0839.png,0.10000000149011612,U-TGV (final),U-TGV (20e),SSIM,0.006515026092529297
div2k,div2k/0840.png/sigma_0.100,div2k,0840.png,0.10000000149011612,U-TGV (final),U-TGV (20e),SSIM,0.004163265228271484
div2k,div2k/0841.png/sigma_0.100,div2k,0841.png,0.10000000149011612,U-TGV (final),U-TGV (20e),SSIM,0.008264482021331787
div2k,div2k/0842.png/sigma_0.100,div2k,0842.png,0.10000000149011612,U-TGV (final),U-TGV (20e),SSIM,0.004756808280944824
div2k,div2k/0843.png/sigma_0.100,div2k,0843.png,0.10000000149011612,U-TGV (final),U-TGV (20e),SSIM,0.02176249027252186
div2k,div2k/0844.png/sigma_0.100,div2k,0844.png,0.10000000149011612,U-TGV (final),U-TGV (20e),SSIM,0.020404279232025146
div2k,div2k/0845.png/sigma_0.100,div2k,0845.png,0.10000000149011612,U-TGV (final),U-TGV (20e),SSIM,0.02320575714111328
div2k,div2k/0846.png/sigma_0.100,div2k,0846.png,0.10000000149011612,U-TGV (final),U-TGV (20e),SSIM,0.005491375923156738
div2k,div2k/0847.png/sigma_0.100,div2k,0847.png,0.10000000149011612,U-TGV (final),U-TGV (20e),SSIM,0.004126906394958496
div2k,div2k/0848.png/sigma_0.100,div2k,0848.png,0.10000000149011612,U-TGV (final),U-TGV (20e),SSIM,0.0030287504196166992
div2k,div2k/0849.png/sigma_0.100,div2k,0849.png,0.10000000149011612,U-TGV (final),U-TGV (20e),SSIM,-0.006864428520202637
div2k,div2k/0850.png/sigma_0.100,div2k,0850.png,0.10000000149011612,U-TGV (final),U-TGV (20e),SSIM,0.011775374412536621
div2k,div2k/0851.png/sigma_0.100,div2k,0851.png,0.10000000149011612,U-TGV (final),U-TGV (20e),SSIM,0.01957327127456665
div2k,div2k/0852.png/sigma_0.100,div2k,0852.png,0.10000000149011612,U-TGV (final),U-TGV (20e),SSIM,0.008632659912109375
div2k,div2k/0853.png/sigma_0.100,div2k,0853.png,0.10000000149011612,U-TGV (final),U-TGV (20e),SSIM,0.015485823154449463
div2k,div2k/0854.png/sigma_0.100,div2k,0854.png,0.10000000149011612,U-TGV (final),U-TGV (20e),SSIM,0.003740072250366211
div2k,div2k/0855.png/sigma_0.100,div2k,0855.png,0.10000000149011612,U-TGV (final),U-TGV (20e),SSIM,0.002886831760406494
div2k,div2k/0856.png/sigma_0.100,div2k,0856.png,0.10000000149011612,U-TGV (final),U-TGV (20e),SSIM,0.05069625377655029
div2k,div2k/0857.png/sigma_0.100,div2k,0857.png,0.10000000149011612,U-TGV (final),U-TGV (20e),SSIM,0.006934165954589955
div2k,div2k/0858.png/sigma_0.100,div2k,0858.png,0.10000000149011612,U-TGV (final),U-TGV (20e),SSIM,0.021214962005615234
div2k,div2k/0859.png/sigma_0.100,div2k,0859.png,0.10000000149011612,U-TGV (final),U-TGV (20e),SSIM,-0.0004750490188598633
div2k,div2k/0860.png/sigma_0.100,div2k,0860.png,0.10000000149011612,U-TGV (final),U-TGV (20e),SSIM,0.004619717597961426
div2k,div2k/0861.png/sigma_0.100,div2k,0861.png,0.10000000149011612,U-TGV (final),U-TGV (20e),SSIM,0.0022115707397460938
div2k,div2k/0862.png/sigma_0.100,div2k,0862.png,0.10000000149011612,U-TGV (final),U-TGV (20e),SSIM,0.024446725845336914
div2k,div2k/0863.png/sigma_0.100,div2k,0863.png,0.10000000149011612,U-TGV (final),U-TGV (20e),SSIM,0.017865300178527832
div2k,div2k/0864.png/sigma_0.100,div2k,0864.png,0.10000000149011612,U-TGV (final),U-TGV (20e),SSIM,0.0147019624710083
div2k,div2k/0865.png/sigma_0.100,div2k,0865.png,0.10000000149011612,U-TGV (final),U-TGV (20e),SSIM,2.4139881134033203e-05
div2k,div2k/0866.png/sigma_0.100,div2k,0866.png,0.10000000149011612,U-TGV (final),U-TGV (20e),SSIM,0.009738445281982422
div2k,div2k/0867.png/sigma_0.100,div2k,0867.png,0.10000000149011612,U-TGV (final),U-TGV (20e),SSIM,0.003847837448120117
div2k,div2k/0868.png/sigma_0.100,div2k,0868.png,0.10000000149011612,U-TGV (final),U-TGV (20e),SSIM,0.031353652477264404
div2k,div2k/0869.png/sigma_0.100,div2k,0869.png,0.10000000149011612,U-TGV (final),U-TGV (20e),SSIM,0.012907862663269043
div2k,div2k/0870.png/sigma_0.100,div2k,0870.png,0.10000000149011612,U-TGV (final),U-TGV (20e),SSIM,0.002796173095703125
div2k,div2k/0871.png/sigma_0.100,div2k,0871.png,0.10000000149011612,U-TGV (final),U-TGV (20e),SSIM,0.0033072829246520996
div2k,div2k/0872.png/sigma_0.100,div2k,0872.png,0.10000000149011612,U-TGV (final),U-TGV (20e),SSIM,0.0031998753547668457
div2k,div2k/0873.png/sigma_0.100,div2k,0873.png,0.10000000149011612,U-TGV (final),U-TGV (20e),SSIM,0.015255451202392578
div2k,div2k/0874.png/sigma_0.100,div2k,0874.png,0.10000000149011612,U-TGV (final),U-TGV (20e),SSIM,0.0136948823928833
div2k,div2k/0875.png/sigma_0.100,div2k,0875.png,0.10000000149011612,U-TGV (final),U-TGV (20e),SSIM,-0.0045386552810668945
div2k,div2k/0876.png/sigma_0.100,div2k,0876.png,0.10000000149011612,U-TGV (final),U-TGV (20e),SSIM,0.02614748477935791
div2k,div2k/0877.png/sigma_0.100,div2k,0877.png,0.10000000149011612,U-TGV (final),U-TGV (20e),SSIM,0.01744300127029419
div2k,div2k/0878.png/sigma_0.100,div2k,0878.png,0.10000000149011612,U-TGV (final),U-TGV (20e),SSIM,0.0035027265548706055
div2k,div2k/0879.png/sigma_0.100,div2k,0879.png,0.10000000149011612,U-TGV (final),U-TGV (20e),SSIM,0.010111212730407715
div2k,div2k/0880.png/sigma_0.100,div2k,0880.png,0.10000000149011612,U-TGV (final),U-TGV (20e),SSIM,0.01871490478515625
div2k,div2k/0881.png/sigma_0.100,div2k,0881.png,0.10000000149011612,U-TGV (final),U-TGV (20e),SSIM,0.0022500157356262207
div2k,div2k/0882.png/sigma_0.100,div2k,0882.png,0.10000000149011612,U-TGV (final),U-TGV (20e),SSIM,0.00022643804550182
div2k,div2k/0883.png/sigma_0.100,div2k,0883.png,0.10000000149011612,U-TGV (final),U-TGV (20e),SSIM,0.0034932494163513184
div2k,div2k/0884.png/sigma_0.100,div2k,0884.png,0.10000000149011612,U-TGV (final),U-TGV (20e),SSIM,0.003090798854827881
div2k,div2k/0885.png/sigma_0.100,div2k,0885.png,0.10000000149011612,U-TGV (final),U-TGV (20e),SSIM,0.03560745716094971
div2k,div2k/0886.png/sigma_0.100,div2k,0886.png,0.10000000149011612,U-TGV (final),U-TGV (20e),SSIM,0.00015550851821899414
div2k,div2k/0887.png/sigma_0.100,div2k,0887.png,0.10000000149011612,U-TGV (final),U-TGV (20e),SSIM,0.025850772857666016
div2k,div2k/0888.png/sigma_0.100,div2k,0888.png,0.10000000149011612,U-TGV (final),U-TGV (20e),SSIM,0.0009748935699462891
div2k,div2k/0889.png/sigma_0.100,div2k,0889.png,0.10000000149011612,U-TGV (final),U-TGV (20e),SSIM,-0.002995729446411133
div2k,div2k/0890.png/sigma_0.100,div2k,0890.png,0.10000000149011612,U-TGV (final),U-TGV (20e),SSIM,0.01703500747680664
div2k,div2k/0891.png/sigma_0.100,div2k,0891.png,0.10000000149011612,U-TGV (final),U-TGV (20e),SSIM,-0.0008485317230224609
div2k,div2k/0892.png/sigma_0.100,div2k,0892.png,0.10000000149011612,U-TGV (final),U-TGV (20e),SSIM,0.02501237392425537
div2k,div2k/0893.png/sigma_0.100,div2k,0893.png,0.10000000149011612,U-TGV (final),U-TGV (20e),SSIM,0.0067740678787231445
div2k,div2k/0894.png/sigma_0.100,div2k,0894.png,0.10000000149011612,U-TGV (final),U-TGV (20e),SSIM,0.007886528968811035
div2k,div2k/0895.png/sigma_0.100,div2k,0895.png,0.10000000149011612,U-TGV (final),U-TGV (20e),SSIM,2.9921531677246094e-05
div2k,div2k/0896.png/sigma_0.100,div2k,0896.png,0.10000000149011612,U-TGV (final),U-TGV (20e),SSIM,0.03455090522766102
div2k,div2k/0897.png/sigma_0.100,div2k,0897.png,0.10000000149011612,U-TGV (final),U-TGV (20e),SSIM,0.00054931640625
div2k,div2k/0898.png/sigma_0.100,div2k,0898.png,0.10000000149011612,U-TGV (final),U-TGV (20e),SSIM,0.020214617252349854
div2k,div2k/0899.png/sigma_0.100,div2k,0899.png,0.10000000149011612,U-TGV (final),U-TGV (20e),SSIM,0.02118861675262451
div2k,div2k/0900.png/sigma_0.100,div2k,0900.png,0.10000000149011612,U-TGV (final),U-TGV (20e),SSIM,0.0049250125885009766
div2k,div2k/0801.png/sigma_0.100,div2k,0801.png,0.10000000149011612,U-Tikhonov T16/CG32 (final),U-Tikhonov T16/CG32 (20e),PSNR,0.26843261718749645
div2k,div2k/0802.png/sigma_0.100,div2k,0802.png,0.10000000149011612,U-Tikhonov T16/CG32 (final),U-Tikhonov T16/CG32 (20e),PSNR,0.8573627471923828
div2k,div2k/0803.png/sigma_0.100,div2k,0803.png,0.10000000149011612,U-Tikhonov T16/CG32 (final),U-Tikhonov T16/CG32 (20e),PSNR,1.0660591125488281
div2k,div2k/0804.png/sigma_0.100,div2k,0804.png,0.10000000149011612,U-Tikhonov T16/CG32 (final),U-Tikhonov T16/CG32 (20e),PSNR,0.5510540008544922
div2k,div2k/0805.png/sigma_0.100,div2k,0805.png,0.10000000149011612,U-Tikhonov T16/CG32 (final),U-Tikhonov T16/CG32 (20e),PSNR,0.21305656433105113
div2k,div2k/0806.png/sigma_0.100,div2k,0806.png,0.10000000149011612,U-Tikhonov T16/CG32 (final),U-Tikhonov T16/CG32 (20e),PSNR,0.4163932800292969
div2k,div2k/0807.png/sigma_0.100,div2k,0807.png,0.10000000149011612,U-Tikhonov T16/CG32 (final),U-Tikhonov T16/CG32 (20e),PSNR,0.16062545776367188
div2k,div2k/0808.png/sigma_0.100,div2k,0808.png,0.10000000149011612,U-Tikhonov T16/CG32 (final),U-Tikhonov T16/CG32 (20e),PSNR,0.22629356384277344
div2k,div2k/0809.png/sigma_0.100,div2k,0809.png,0.10000000149011612,U-Tikhonov T16/CG32 (final),U-Tikhonov T16/CG32 (20e),PSNR,0.26291656494140625
div2k,div2k/0810.png/sigma_0.100,div2k,0810.png,0.10000000149011612,U-Tikhonov T16/CG32 (final),U-Tikhonov T16/CG32 (20e),PSNR,0.2265605926513672
div2k,div2k/0811.png/sigma_0.100,div2k,0811.png,0.10000000149011612,U-Tikhonov T16/CG32 (final),U-Tikhonov T16/CG32 (20e),PSNR,0.19131088256835938
div2k,div2k/0812.png/sigma_0.100,div2k,0812.png,0.10000000149011612,U-Tikhonov T16/CG32 (final),U-Tikhonov T16/CG32 (20e),PSNR,0.4633903503418004
div2k,div2k/0813.png/sigma_0.100,div2k,0813.png,0.10000000149011612,U-Tikhonov T16/CG32 (final),U-Tikhonov T16/CG32 (20e),PSNR,0.48199462890625
div2k,div2k/0814.png/sigma_0.100,div2k,0814.png,0.10000000149011612,U-Tikhonov T16/CG32 (final),U-Tikhonov T16/CG32 (20e),PSNR,0.6944255828857422
div2k,div2k/0815.png/sigma_0.100,div2k,0815.png,0.10000000149011612,U-Tikhonov T16/CG32 (final),U-Tikhonov T16/CG32 (20e),PSNR,0.5405082702636719
div2k,div2k/0816.png/sigma_0.100,div2k,0816.png,0.10000000149011612,U-Tikhonov T16/CG32 (final),U-Tikhonov T16/CG32 (20e),PSNR,0.578435897827152
div2k,div2k/0817.png/sigma_0.100,div2k,0817.png,0.10000000149011612,U-Tikhonov T16/CG32 (final),U-Tikhonov T16/CG32 (20e),PSNR,0.3814659118652344
div2k,div2k/0818.png/sigma_0.100,div2k,0818.png,0.10000000149011612,U-Tikhonov T16/CG32 (final),U-Tikhonov T16/CG32 (20e),PSNR,0.417394638061527
div2k,div2k/0819.png/sigma_0.100,div2k,0819.png,0.10000000149011612,U-Tikhonov T16/CG32 (final),U-Tikhonov T16/CG32 (20e),PSNR,0.21791839599609375
div2k,div2k/0820.png/sigma_0.100,div2k,0820.png,0.10000000149011612,U-Tikhonov T16/CG32 (final),U-Tikhonov T16/CG32 (20e),PSNR,0.5690517425537109
div2k,div2k/0821.png/sigma_0.100,div2k,0821.png,0.10000000149011612,U-Tikhonov T16/CG32 (final),U-Tikhonov T16/CG32 (20e),PSNR,0.9155883789062536
div2k,div2k/0822.png/sigma_0.100,div2k,0822.png,0.10000000149011612,U-Tikhonov T16/CG32 (final),U-Tikhonov T16/CG32 (20e),PSNR,0.43839454650878906
div2k,div2k/0823.png/sigma_0.100,div2k,0823.png,0.10000000149011612,U-Tikhonov T16/CG32 (final),U-Tikhonov T16/CG32 (20e),PSNR,0.21459579467773082
div2k,div2k/0824.png/sigma_0.100,div2k,0824.png,0.10000000149011612,U-Tikhonov T16/CG32 (final),U-Tikhonov T16/CG32 (20e),PSNR,0.7246875762939453
div2k,div2k/0825.png/sigma_0.100,div2k,0825.png,0.10000000149011612,U-Tikhonov T16/CG32 (final),U-Tikhonov T16/CG32 (20e),PSNR,0.3988189697265625
div2k,div2k/0826.png/sigma_0.100,div2k,0826.png,0.10000000149011612,U-Tikhonov T16/CG32 (final),U-Tikhonov T16/CG32 (20e),PSNR,0.21435165405273438
div2k,div2k/0827.png/sigma_0.100,div2k,0827.png,0.10000000149011612,U-Tikhonov T16/CG32 (final),U-Tikhonov T16/CG32 (20e),PSNR,0.5250358581542969
div2k,div2k/0828.png/sigma_0.100,div2k,0828.png,0.10000000149011612,U-Tikhonov T16/CG32 (final),U-Tikhonov T16/CG32 (20e),PSNR,1.9043560028076136
div2k,div2k/0829.png/sigma_0.100,div2k,0829.png,0.10000000149011612,U-Tikhonov T16/CG32 (final),U-Tikhonov T16/CG32 (20e),PSNR,0.8840465545654261
div2k,div2k/0830.png/sigma_0.100,div2k,0830.png,0.10000000149011612,U-Tikhonov T16/CG32 (final),U-Tikhonov T16/CG32 (20e),PSNR,0.37181663513183594
div2k,div2k/0831.png/sigma_0.100,div2k,0831.png,0.10000000149011612,U-Tikhonov T16/CG32 (final),U-Tikhonov T16/CG32 (20e),PSNR,0.3336372375488281
div2k,div2k/0832.png/sigma_0.100,div2k,0832.png,0.10000000149011612,U-Tikhonov T16/CG32 (final),U-Tikhonov T16/CG32 (20e),PSNR,0.33019065856933594
div2k,div2k/0833.png/sigma_0.100,div2k,0833.png,0.10000000149011612,U-Tikhonov T16/CG32 (final),U-Tikhonov T16/CG32 (20e),PSNR,0.5453987121582031
div2k,div2k/0834.png/sigma_0.100,div2k,0834.png,0.10000000149011612,U-Tikhonov T16/CG32 (final),U-Tikhonov T16/CG32 (20e),PSNR,0.3457069396972656
div2k,div2k/0835.png/sigma_0.100,div2k,0835.png,0.10000000149011612,U-Tikhonov T16/CG32 (final),U-Tikhonov T16/CG32 (20e),PSNR,0.10021209716796875
div2k,div2k/0836.png/sigma_0.100,div2k,0836.png,0.10000000149011612,U-Tikhonov T16/CG32 (final),U-Tikhonov T16/CG32 (20e),PSNR,0.5066604614257812
div2k,div2k/0837.png/sigma_0.100,div2k,0837.png,0.10000000149011612,U-Tikhonov T16/CG32 (final),U-Tikhonov T16/CG32 (20e),PSNR,0.42494773864746094
div2k,div2k/0838.png/sigma_0.100,div2k,0838.png,0.10000000149011612,U-Tikhonov T16/CG32 (final),U-Tikhonov T16/CG32 (20e),PSNR,0.9621334075927734
div2k,div2k/0839.png/sigma_0.100,div2k,0839.png,0.10000000149011612,U-Tikhonov T16/CG32 (final),U-Tikhonov T16/CG32 (20e),PSNR,0.2560405731201172
div2k,div2k/0840.png/sigma_0.100,div2k,0840.png,0.10000000149011612,U-Tikhonov T16/CG32 (final),U-Tikhonov T16/CG32 (20e),PSNR,0.2494659423828125
div2k,div2k/0841.png/sigma_0.100,div2k,0841.png,0.10000000149011612,U-Tikhonov T16/CG32 (final),U-Tikhonov T16/CG32 (20e),PSNR,0.3408222198486328
div2k,div2k/0842.png/sigma_0.100,div2k,0842.png,0.10000000149011612,U-Tikhonov T16/CG32 (final),U-Tikhonov T16/CG32 (20e),PSNR,0.4087104797363281
div2k,div2k/0843.png/sigma_0.100,div2k,0843.png,0.10000000149011612,U-Tikhonov T16/CG32 (final),U-Tikhonov T16/CG32 (20e),PSNR,0.8491916656494141
div2k,div2k/0844.png/sigma_0.100,div2k,0844.png,0.10000000149011612,U-Tikhonov T16/CG32 (final),U-Tikhonov T16/CG32 (20e),PSNR,0.7455997467041016
div2k,div2k/0845.png/sigma_0.100,div2k,0845.png,0.10000000149011612,U-Tikhonov T16/CG32 (final),U-Tikhonov T16/CG32 (20e),PSNR,0.740951538085934
div2k,div2k/0846.png/sigma_0.100,div2k,0846.png,0.10000000149011612,U-Tikhonov T16/CG32 (final),U-Tikhonov T16/CG32 (20e),PSNR,0.11239433288574574
div2k,div2k/0847.png/sigma_0.100,div2k,0847.png,0.10000000149011612,U-Tikhonov T16/CG32 (final),U-Tikhonov T16/CG32 (20e),PSNR,0.3784008026123047
div2k,div2k/0848.png/sigma_0.100,div2k,0848.png,0.10000000149011612,U-Tikhonov T16/CG32 (final),U-Tikhonov T16/CG32 (20e),PSNR,0.48036956787109375
div2k,div2k/0849.png/sigma_0.100,div2k,0849.png,0.10000000149011612,U-Tikhonov T16/CG32 (final),U-Tikhonov T16/CG32 (20e),PSNR,0.17193984985351562
div2k,div2k/0850.png/sigma_0.100,div2k,0850.png,0.10000000149011612,U-Tikhonov T16/CG32 (final),U-Tikhonov T16/CG32 (20e),PSNR,0.45537567138671875
div2k,div2k/0851.png/sigma_0.100,div2k,0851.png,0.10000000149011612,U-Tikhonov T16/CG32 (final),U-Tikhonov T16/CG32 (20e),PSNR,0.6742763519287109
div2k,div2k/0852.png/sigma_0.100,div2k,0852.png,0.10000000149011612,U-Tikhonov T16/CG32 (final),U-Tikhonov T16/CG32 (20e),PSNR,0.2261791229248047
div2k,div2k/0853.png/sigma_0.100,div2k,0853.png,0.10000000149011612,U-Tikhonov T16/CG32 (final),U-Tikhonov T16/CG32 (20e),PSNR,0.570947647094723
div2k,div2k/0854.png/sigma_0.100,div2k,0854.png,0.10000000149011612,U-Tikhonov T16/CG32 (final),U-Tikhonov T16/CG32 (20e),PSNR,0.497491836547848
div2k,div2k/0855.png/sigma_0.100,div2k,0855.png,0.10000000149011612,U-Tikhonov T16/CG32 (final),U-Tikhonov T16/CG32 (20e),PSNR,0.378875732421875
div2k,div2k/0856.png/sigma_0.100,div2k,0856.png,0.10000000149011612,U-Tikhonov T16/CG32 (final),U-Tikhonov T16/CG32 (20e),PSNR,0.3511428833007777
div2k,div2k/0857.png/sigma_0.100,div2k,0857.png,0.10000000149011612,U-Tikhonov T16/CG32 (final),U-Tikhonov T16/CG32 (20e),PSNR,1.1177806854248047
div2k,div2k/0858.png/sigma_0.100,div2k,0858.png,0.10000000149011612,U-Tikhonov T16/CG32 (final),U-Tikhonov T16/CG32 (20e),PSNR,0.33646583557128906
div2k,div2k/0859.png/sigma_0.100,div2k,0859.png,0.10000000149011612,U-Tikhonov T16/CG32 (final),U-Tikhonov T16/CG32 (20e),PSNR,0.38291358947753906
div2k,div2k/0860.png/sigma_0.100,div2k,0860.png,0.10000000149011612,U-Tikhonov T16/CG32 (final),U-Tikhonov T16/CG32 (20e),PSNR,0.15059852600097656
div2k,div2k/0861.png/sigma_0.100,div2k,0861.png,0.10000000149011612,U-Tikhonov T16/CG32 (final),U-Tikhonov T16/CG32 (20e),PSNR,0.3074798583984375
div2k,div2k/0862.png/sigma_0.100,div2k,0862.png,0.10000000149011612,U-Tikhonov T16/CG32 (final),U-Tikhonov T16/CG32 (20e),PSNR,0.491180419921875
div2k,div2k/0863.png/sigma_0.100,div2k,0863.png,0.10000000149011612,U-Tikhonov T16/CG32 (final),U-Tikhonov T16/CG32 (20e),PSNR,0.5327568054199219
div2k,div2k/0864.png/sigma_0.100,div2k,0864.png,0.10000000149011612,U-Tikhonov T16/CG32 (final),U-Tikhonov T16/CG32 (20e),PSNR,0.37775611877441406
div2k,div2k/0865.png/sigma_0.100,div2k,0865.png,0.10000000149011612,U-Tikhonov T16/CG32 (final),U-Tikhonov T16/CG32 (20e),PSNR,0.3934497833251953
div2k,div2k/0866.png/sigma_0.100,div2k,0866.png,0.10000000149011612,U-Tikhonov T16/CG32 (final),U-Tikhonov T16/CG32 (20e),PSNR,0.23710250854491832
div2k,div2k/0867.png/sigma_0.100,div2k,0867.png,0.10000000149011612,U-Tikhonov T16/CG32 (final),U-Tikhonov T16/CG32 (20e),PSNR,0.5889549255371094
div2k,div2k/0868.png/sigma_0.100,div2k,0868.png,0.10000000149011612,U-Tikhonov T16/CG32 (final),U-Tikhonov T16/CG32 (20e),PSNR,0.9285430908203125
div2k,div2k/0869.png/sigma_0.100,div2k,0869.png,0.10000000149011612,U-Tikhonov T16/CG32 (final),U-Tikhonov T16/CG32 (20e),PSNR,0.18404769897460938
div2k,div2k/0870.png/sigma_0.100,div2k,0870.png,0.10000000149011612,U-Tikhonov T16/CG32 (final),U-Tikhonov T16/CG32 (20e),PSNR,0.26459312438964844
div2k,div2k/0871.png/sigma_0.100,div2k,0871.png,0.10000000149011612,U-Tikhonov T16/CG32 (final),U-Tikhonov T16/CG32 (20e),PSNR,0.4438934326171875
div2k,div2k/0872.png/sigma_0.100,div2k,0872.png,0.10000000149011612,U-Tikhonov T16/CG32 (final),U-Tikhonov T16/CG32 (20e),PSNR,0.40374755859375355
div2k,div2k/0873.png/sigma_0.100,div2k,0873.png,0.10000000149011612,U-Tikhonov T16/CG32 (final),U-Tikhonov T16/CG32 (20e),PSNR,0.3369426727294922
div2k,div2k/0874.png/sigma_0.100,div2k,0874.png,0.10000000149011612,U-Tikhonov T16/CG32 (final),U-Tikhonov T16/CG32 (20e),PSNR,0.45954322814941406
div2k,div2k/0875.png/sigma_0.100,div2k,0875.png,0.10000000149011612,U-Tikhonov T16/CG32 (final),U-Tikhonov T16/CG32 (20e),PSNR,0.2388019561767578
div2k,div2k/0876.png/sigma_0.100,div2k,0876.png,0.10000000149011612,U-Tikhonov T16/CG32 (final),U-Tikhonov T16/CG32 (20e),PSNR,0.4551734924316406
div2k,div2k/0877.png/sigma_0.100,div2k,0877.png,0.10000000149011612,U-Tikhonov T16/CG32 (final),U-Tikhonov T16/CG32 (20e),PSNR,0.7760238647460938
div2k,div2k/0878.png/sigma_0.100,div2k,0878.png,0.10000000149011612,U-Tikhonov T16/CG32 (final),U-Tikhonov T16/CG32 (20e),PSNR,0.5525455474853516
div2k,div2k/0879.png/sigma_0.100,div2k,0879.png,0.10000000149011612,U-Tikhonov T16/CG32 (final),U-Tikhonov T16/CG32 (20e),PSNR,0.35620880126953125
div2k,div2k/0880.png/sigma_0.100,div2k,0880.png,0.10000000149011612,U-Tikhonov T16/CG32 (final),U-Tikhonov T16/CG32 (20e),PSNR,0.37431144714355824
div2k,div2k/0881.png/sigma_0.100,div2k,0881.png,0.10000000149011612,U-Tikhonov T16/CG32 (final),U-Tikhonov T16/CG32 (20e),PSNR,0.2512531280517578
div2k,div2k/0882.png/sigma_0.100,div2k,0882.png,0.10000000149011612,U-Tikhonov T16/CG32 (final),U-Tikhonov T16/CG32 (20e),PSNR,0.8683128356933594
div2k,div2k/0883.png/sigma_0.100,div2k,0883.png,0.10000000149011612,U-Tikhonov T16/CG32 (final),U-Tikhonov T16/CG32 (20e),PSNR,0.2616767883300781
div2k,div2k/0884.png/sigma_0.100,div2k,0884.png,0.10000000149011612,U-Tikhonov T16/CG32 (final),U-Tikhonov T16/CG32 (20e),PSNR,0.4012908935546875
div2k,div2k/0885.png/sigma_0.100,div2k,0885.png,0.10000000149011612,U-Tikhonov T16/CG32 (final),U-Tikhonov T16/CG32 (20e),PSNR,0.8044662475585938
div2k,div2k/0886.png/sigma_0.100,div2k,0886.png,0.10000000149011612,U-Tikhonov T16/CG32 (final),U-Tikhonov T16/CG32 (20e),PSNR,0.5096302032470703
div2k,div2k/0887.png/sigma_0.100,div2k,0887.png,0.10000000149011612,U-Tikhonov T16/CG32 (final),U-Tikhonov T16/CG32 (20e),PSNR,0.22847747802734375
div2k,div2k/0888.png/sigma_0.100,div2k,0888.png,0.10000000149011612,U-Tikhonov T16/CG32 (final),U-Tikhonov T16/CG32 (20e),PSNR,0.4776897430419922
div2k,div2k/0889.png/sigma_0.100,div2k,0889.png,0.10000000149011612,U-Tikhonov T16/CG32 (final),U-Tikhonov T16/CG32 (20e),PSNR,0.4380607604980469
div2k,div2k/0890.png/sigma_0.100,div2k,0890.png,0.10000000149011612,U-Tikhonov T16/CG32 (final),U-Tikhonov T16/CG32 (20e),PSNR,0.2648811340332031
div2k,div2k/0891.png/sigma_0.100,div2k,0891.png,0.10000000149011612,U-Tikhonov T16/CG32 (final),U-Tikhonov T16/CG32 (20e),PSNR,0.43871307373046875
div2k,div2k/0892.png/sigma_0.100,div2k,0892.png,0.10000000149011612,U-Tikhonov T16/CG32 (final),U-Tikhonov T16/CG32 (20e),PSNR,1.7084636688232422
div2k,div2k/0893.png/sigma_0.100,div2k,0893.png,0.10000000149011612,U-Tikhonov T16/CG32 (final),U-Tikhonov T16/CG32 (20e),PSNR,0.9749259948730433
div2k,div2k/0894.png/sigma_0.100,div2k,0894.png,0.10000000149011612,U-Tikhonov T16/CG32 (final),U-Tikhonov T16/CG32 (20e),PSNR,0.2987785339355469
div2k,div2k/0895.png/sigma_0.100,div2k,0895.png,0.10000000149011612,U-Tikhonov T16/CG32 (final),U-Tikhonov T16/CG32 (20e),PSNR,0.3630504608154297
div2k,div2k/0896.png/sigma_0.100,div2k,0896.png,0.10000000149011612,U-Tikhonov T16/CG32 (final),U-Tikhonov T16/CG32 (20e),PSNR,0.4696788787841797
div2k,div2k/0897.png/sigma_0.100,div2k,0897.png,0.10000000149011612,U-Tikhonov T16/CG32 (final),U-Tikhonov T16/CG32 (20e),PSNR,3.4297103881835938
div2k,div2k/0898.png/sigma_0.100,div2k,0898.png,0.10000000149011612,U-Tikhonov T16/CG32 (final),U-Tikhonov T16/CG32 (20e),PSNR,0.09934616088867188
div2k,div2k/0899.png/sigma_0.100,div2k,0899.png,0.10000000149011612,U-Tikhonov T16/CG32 (final),U-Tikhonov T16/CG32 (20e),PSNR,1.2231731414794922
div2k,div2k/0900.png/sigma_0.100,div2k,0900.png,0.10000000149011612,U-Tikhonov T16/CG32 (final),U-Tikhonov T16/CG32 (20e),PSNR,0.4307994842529297
div2k,div2k/0801.png/sigma_0.100,div2k,0801.png,0.10000000149011612,U-Tikhonov T16/CG32 (final),U-Tikhonov T16/CG32 (20e),SSIM,0.010379970073699951
div2k,div2k/0802.png/sigma_0.100,div2k,0802.png,0.10000000149011612,U-Tikhonov T16/CG32 (final),U-Tikhonov T16/CG32 (20e),SSIM,0.01053529977798462
div2k,div2k/0803.png/sigma_0.100,div2k,0803.png,0.10000000149011612,U-Tikhonov T16/CG32 (final),U-Tikhonov T16/CG32 (20e),SSIM,0.02153712511062622
div2k,div2k/0804.png/sigma_0.100,div2k,0804.png,0.10000000149011612,U-Tikhonov T16/CG32 (final),U-Tikhonov T16/CG32 (20e),SSIM,0.011182785034179688
div2k,div2k/0805.png/sigma_0.100,div2k,0805.png,0.10000000149011612,U-Tikhonov T16/CG32 (final),U-Tikhonov T16/CG32 (20e),SSIM,0.003177821636199951
div2k,div2k/0806.png/sigma_0.100,div2k,0806.png,0.10000000149011612,U-Tikhonov T16/CG32 (final),U-Tikhonov T16/CG32 (20e),SSIM,0.015749037265777588
div2k,div2k/0807.png/sigma_0.100,div2k,0807.png,0.10000000149011612,U-Tikhonov T16/CG32 (final),U-Tikhonov T16/CG32 (20e),SSIM,0.008590400218963623
div2k,div2k/0808.png/sigma_0.100,div2k,0808.png,0.10000000149011612,U-Tikhonov T16/CG32 (final),U-Tikhonov T16/CG32 (20e),SSIM,0.0016274452209472656
div2k,div2k/0809.png/sigma_0.100,div2k,0809.png,0.10000000149011612,U-Tikhonov T16/CG32 (final),U-Tikhonov T16/CG32 (20e),SSIM,0.013741374015808105
div2k,div2k/0810.png/sigma_0.100,div2k,0810.png,0.10000000149011612,U-Tikhonov T16/CG32 (final),U-Tikhonov T16/CG32 (20e),SSIM,0.008556902408599854
div2k,div2k/0811.png/sigma_0.100,div2k,0811.png,0.10000000149011612,U-Tikhonov T16/CG32 (final),U-Tikhonov T16/CG32 (20e),SSIM,0.01602470874786377
div2k,div2k/0812.png/sigma_0.100,div2k,0812.png,0.10000000149011612,U-Tikhonov T16/CG32 (final),U-Tikhonov T16/CG32 (20e),SSIM,0.006099522113800049
div2k,div2k/0813.png/sigma_0.100,div2k,0813.png,0.10000000149011612,U-Tikhonov T16/CG32 (final),U-Tikhonov T16/CG32 (20e),SSIM,0.013192176818847656
div2k,div2k/0814.png/sigma_0.100,div2k,0814.png,0.10000000149011612,U-Tikhonov T16/CG32 (final),U-Tikhonov T16/CG32 (20e),SSIM,0.011451005935668945
div2k,div2k/0815.png/sigma_0.100,div2k,0815.png,0.10000000149011612,U-Tikhonov T16/CG32 (final),U-Tikhonov T16/CG32 (20e),SSIM,0.013161957263946533
div2k,div2k/0816.png/sigma_0.100,div2k,0816.png,0.10000000149011612,U-Tikhonov T16/CG32 (final),U-Tikhonov T16/CG32 (20e),SSIM,0.022297382354736328
div2k,div2k/0817.png/sigma_0.100,div2k,0817.png,0.10000000149011612,U-Tikhonov T16/CG32 (final),U-Tikhonov T16/CG32 (20e),SSIM,0.016911745071411133
div2k,div2k/0818.png/sigma_0.100,div2k,0818.png,0.10000000149011612,U-Tikhonov T16/CG32 (final),U-Tikhonov T16/CG32 (20e),SSIM,0.019171833992004395
div2k,div2k/0819.png/sigma_0.100,div2k,0819.png,0.10000000149011612,U-Tikhonov T16/CG32 (final),U-Tikhonov T16/CG32 (20e),SSIM,0.009605586528778076
div2k,div2k/0820.png/sigma_0.100,div2k,0820.png,0.10000000149011612,U-Tikhonov T16/CG32 (final),U-Tikhonov T16/CG32 (20e),SSIM,0.019831418991088867
div2k,div2k/0821.png/sigma_0.100,div2k,0821.png,0.10000000149011612,U-Tikhonov T16/CG32 (final),U-Tikhonov T16/CG32 (20e),SSIM,0.0201682448387146
div2k,div2k/0822.png/sigma_0.100,div2k,0822.png,0.10000000149011612,U-Tikhonov T16/CG32 (final),U-Tikhonov T16/CG32 (20e),SSIM,0.031024575233459473
div2k,div2k/0823.png/sigma_0.100,div2k,0823.png,0.10000000149011612,U-Tikhonov T16/CG32 (final),U-Tikhonov T16/CG32 (20e),SSIM,0.015820801258087158
div2k,div2k/0824.png/sigma_0.100,div2k,0824.png,0.10000000149011612,U-Tikhonov T16/CG32 (final),U-Tikhonov T16/CG32 (20e),SSIM,0.010506927967071533
div2k,div2k/0825.png/sigma_0.100,div2k,0825.png,0.10000000149011612,U-Tikhonov T16/CG32 (final),U-Tikhonov T16/CG32 (20e),SSIM,0.009355306625366211
div2k,div2k/0826.png/sigma_0.100,div2k,0826.png,0.10000000149011612,U-Tikhonov T16/CG32 (final),U-Tikhonov T16/CG32 (20e),SSIM,0.008859992027282715
div2k,div2k/0827.png/sigma_0.100,div2k,0827.png,0.10000000149011612,U-Tikhonov T16/CG32 (final),U-Tikhonov T16/CG32 (20e),SSIM,0.01955866813659668
div2k,div2k/0828.png/sigma_0.100,div2k,0828.png,0.10000000149011612,U-Tikhonov T16/CG32 (final),U-Tikhonov T16/CG32 (20e),SSIM,0.1348400115966797
div2k,div2k/0829.png/sigma_0.100,div2k,0829.png,0.10000000149011612,U-Tikhonov T16/CG32 (final),U-Tikhonov T16/CG32 (20e),SSIM,0.016566097736358643
div2k,div2k/0830.png/sigma_0.100,div2k,0830.png,0.10000000149011612,U-Tikhonov T16/CG32 (final),U-Tikhonov T16/CG32 (20e),SSIM,0.011391043663024902
div2k,div2k/0831.png/sigma_0.100,div2k,0831.png,0.10000000149011612,U-Tikhonov T16/CG32 (final),U-Tikhonov T16/CG32 (20e),SSIM,0.012134015560150146
div2k,div2k/0832.png/sigma_0.100,div2k,0832.png,0.10000000149011612,U-Tikhonov T16/CG32 (final),U-Tikhonov T16/CG32 (20e),SSIM,0.010526597499847412
div2k,div2k/0833.png/sigma_0.100,div2k,0833.png,0.10000000149011612,U-Tikhonov T16/CG32 (final),U-Tikhonov T16/CG32 (20e),SSIM,0.02584218978881836
div2k,div2k/0834.png/sigma_0.100,div2k,0834.png,0.10000000149011612,U-Tikhonov T16/CG32 (final),U-Tikhonov T16/CG32 (20e),SSIM,0.0129203200340271
div2k,div2k/0835.png/sigma_0.100,div2k,0835.png,0.10000000149011612,U-Tikhonov T16/CG32 (final),U-Tikhonov T16/CG32 (20e),SSIM,0.004498124122619629
div2k,div2k/0836.png/sigma_0.100,div2k,0836.png,0.10000000149011612,U-Tikhonov T16/CG32 (final),U-Tikhonov T16/CG32 (20e),SSIM,0.024459242820739746
div2k,div2k/0837.png/sigma_0.100,div2k,0837.png,0.10000000149011612,U-Tikhonov T16/CG32 (final),U-Tikhonov T16/CG32 (20e),SSIM,0.011182665824890137
div2k,div2k/0838.png/sigma_0.100,div2k,0838.png,0.10000000149011612,U-Tikhonov T16/CG32 (final),U-Tikhonov T16/CG32 (20e),SSIM,0.015975773334503174
div2k,div2k/0839.png/sigma_0.100,div2k,0839.png,0.10000000149011612,U-Tikhonov T16/CG32 (final),U-Tikhonov T16/CG32 (20e),SSIM,0.006544649600982666
div2k,div2k/0840.png/sigma_0.100,div2k,0840.png,0.10000000149011612,U-Tikhonov T16/CG32 (final),U-Tikhonov T16/CG32 (20e),SSIM,0.007112681865692139
div2k,div2k/0841.png/sigma_0.100,div2k,0841.png,0.10000000149011612,U-Tikhonov T16/CG32 (final),U-Tikhonov T16/CG32 (20e),SSIM,0.009919345378875732
div2k,div2k/0842.png/sigma_0.100,div2k,0842.png,0.10000000149011612,U-Tikhonov T16/CG32 (final),U-Tikhonov T16/CG32 (20e),SSIM,0.009180188179016113
div2k,div2k/0843.png/sigma_0.100,div2k,0843.png,0.10000000149011612,U-Tikhonov T16/CG32 (final),U-Tikhonov T16/CG32 (20e),SSIM,0.015178501605987549
div2k,div2k/0844.png/sigma_0.100,div2k,0844.png,0.10000000149011612,U-Tikhonov T16/CG32 (final),U-Tikhonov T16/CG32 (20e),SSIM,0.01822143793106079
div2k,div2k/0845.png/sigma_0.100,div2k,0845.png,0.10000000149011612,U-Tikhonov T16/CG32 (final),U-Tikhonov T16/CG32 (20e),SSIM,0.0388944149017334
div2k,div2k/0846.png/sigma_0.100,div2k,0846.png,0.10000000149011612,U-Tikhonov T16/CG32 (final),U-Tikhonov T16/CG32 (20e),SSIM,0.029093503952026367
div2k,div2k/0847.png/sigma_0.100,div2k,0847.png,0.10000000149011612,U-Tikhonov T16/CG32 (final),U-Tikhonov T16/CG32 (20e),SSIM,0.011227548122406006
div2k,div2k/0848.png/sigma_0.100,div2k,0848.png,0.10000000149011612,U-Tikhonov T16/CG32 (final),U-Tikhonov T16/CG32 (20e),SSIM,0.009077787399291992
div2k,div2k/0849.png/sigma_0.100,div2k,0849.png,0.10000000149011612,U-Tikhonov T16/CG32 (final),U-Tikhonov T16/CG32 (20e),SSIM,0.005738258361816406
div2k,div2k/0850.png/sigma_0.100,div2k,0850.png,0.10000000149011612,U-Tikhonov T16/CG32 (final),U-Tikhonov T16/CG32 (20e),SSIM,0.01617330312728882
div2k,div2k/0851.png/sigma_0.100,div2k,0851.png,0.10000000149011612,U-Tikhonov T16/CG32 (final),U-Tikhonov T16/CG32 (20e),SSIM,0.0204961895942688
div2k,div2k/0852.png/sigma_0.100,div2k,0852.png,0.10000000149011612,U-Tikhonov T16/CG32 (final),U-Tikhonov T16/CG32 (20e),SSIM,0.01602041721343994
div2k,div2k/0853.png/sigma_0.100,div2k,0853.png,0.10000000149011612,U-Tikhonov T16/CG32 (final),U-Tikhonov T16/CG32 (20e),SSIM,0.015681862831115723
div2k,div2k/0854.png/sigma_0.100,div2k,0854.png,0.10000000149011612,U-Tikhonov T16/CG32 (final),U-Tikhonov T16/CG32 (20e),SSIM,0.017311692237854004
div2k,div2k/0855.png/sigma_0.100,div2k,0855.png,0.10000000149011612,U-Tikhonov T16/CG32 (final),U-Tikhonov T16/CG32 (20e),SSIM,0.00995945930480957
div2k,div2k/0856.png/sigma_0.100,div2k,0856.png,0.10000000149011612,U-Tikhonov T16/CG32 (final),U-Tikhonov T16/CG32 (20e),SSIM,0.032224416732788086
div2k,div2k/0857.png/sigma_0.100,div2k,0857.png,0.10000000149011612,U-Tikhonov T16/CG32 (final),U-Tikhonov T16/CG32 (20e),SSIM,0.021777868270874023
div2k,div2k/0858.png/sigma_0.100,div2k,0858.png,0.10000000149011612,U-Tikhonov T16/CG32 (final),U-Tikhonov T16/CG32 (20e),SSIM,0.021718382835388184
div2k,div2k/0859.png/sigma_0.100,div2k,0859.png,0.10000000149011612,U-Tikhonov T16/CG32 (final),U-Tikhonov T16/CG32 (20e),SSIM,0.01902550458908081
div2k,div2k/0860.png/sigma_0.100,div2k,0860.png,0.10000000149011612,U-Tikhonov T16/CG32 (final),U-Tikhonov T16/CG32 (20e),SSIM,0.010844230651855469
div2k,div2k/0861.png/sigma_0.100,div2k,0861.png,0.10000000149011612,U-Tikhonov T16/CG32 (final),U-Tikhonov T16/CG32 (20e),SSIM,0.015973329544067383
div2k,div2k/0862.png/sigma_0.100,div2k,0862.png,0.10000000149011612,U-Tikhonov T16/CG32 (final),U-Tikhonov T16/CG32 (20e),SSIM,0.010860919952392578
div2k,div2k/0863.png/sigma_0.100,div2k,0863.png,0.10000000149011612,U-Tikhonov T16/CG32 (final),U-Tikhonov T16/CG32 (20e),SSIM,0.021990954875946045
div2k,div2k/0864.png/sigma_0.100,div2k,0864.png,0.10000000149011612,U-Tikhonov T16/CG32 (final),U-Tikhonov T16/CG32 (20e),SSIM,0.010374665260314941
div2k,div2k/0865.png/sigma_0.100,div2k,0865.png,0.10000000149011612,U-Tikhonov T16/CG32 (final),U-Tikhonov T16/CG32 (20e),SSIM,0.008065938949584961
div2k,div2k/0866.png/sigma_0.100,div2k,0866.png,0.10000000149011612,U-Tikhonov T16/CG32 (final),U-Tikhonov T16/CG32 (20e),SSIM,0.005428969860076904
div2k,div2k/0867.png/sigma_0.100,div2k,0867.png,0.10000000149011612,U-Tikhonov T16/CG32 (final),U-Tikhonov T16/CG32 (20e),SSIM,0.017802298069000244
div2k,div2k/0868.png/sigma_0.100,div2k,0868.png,0.10000000149011612,U-Tikhonov T16/CG32 (final),U-Tikhonov T16/CG32 (20e),SSIM,0.04702538251876831
div2k,div2k/0869.png/sigma_0.100,div2k,0869.png,0.10000000149011612,U-Tikhonov T16/CG32 (final),U-Tikhonov T16/CG32 (20e),SSIM,0.007133066654205322
div2k,div2k/0870.png/sigma_0.100,div2k,0870.png,0.10000000149011612,U-Tikhonov T16/CG32 (final),U-Tikhonov T16/CG32 (20e),SSIM,0.015892624855041504
div2k,div2k/0871.png/sigma_0.100,div2k,0871.png,0.10000000149011612,U-Tikhonov T16/CG32 (final),U-Tikhonov T16/CG32 (20e),SSIM,0.01115715503692627
div2k,div2k/0872.png/sigma_0.100,div2k,0872.png,0.10000000149011612,U-Tikhonov T16/CG32 (final),U-Tikhonov T16/CG32 (20e),SSIM,0.008435368537902832
div2k,div2k/0873.png/sigma_0.100,div2k,0873.png,0.10000000149011612,U-Tikhonov T16/CG32 (final),U-Tikhonov T16/CG32 (20e),SSIM,0.021248042583465576
div2k,div2k/0874.png/sigma_0.100,div2k,0874.png,0.10000000149011612,U-Tikhonov T16/CG32 (final),U-Tikhonov T16/CG32 (20e),SSIM,0.0188140869140625
div2k,div2k/0875.png/sigma_0.100,div2k,0875.png,0.10000000149011612,U-Tikhonov T16/CG32 (final),U-Tikhonov T16/CG32 (20e),SSIM,0.003862619400024414
div2k,div2k/0876.png/sigma_0.100,div2k,0876.png,0.10000000149011612,U-Tikhonov T16/CG32 (final),U-Tikhonov T16/CG32 (20e),SSIM,0.025664091110229492
div2k,div2k/0877.png/sigma_0.100,div2k,0877.png,0.10000000149011612,U-Tikhonov T16/CG32 (final),U-Tikhonov T16/CG32 (20e),SSIM,0.020627617835998535
div2k,div2k/0878.png/sigma_0.100,div2k,0878.png,0.10000000149011612,U-Tikhonov T16/CG32 (final),U-Tikhonov T16/CG32 (20e),SSIM,0.019312620162963867
div2k,div2k/0879.png/sigma_0.100,div2k,0879.png,0.10000000149011612,U-Tikhonov T16/CG32 (final),U-Tikhonov T16/CG32 (20e),SSIM,0.003384113311767689
div2k,div2k/0880.png/sigma_0.100,div2k,0880.png,0.10000000149011612,U-Tikhonov T16/CG32 (final),U-Tikhonov T16/CG32 (20e),SSIM,0.0072247982025146484
div2k,div2k/0881.png/sigma_0.100,div2k,0881.png,0.10000000149011612,U-Tikhonov T16/CG32 (final),U-Tikhonov T16/CG32 (20e),SSIM,0.007621645927429199
div2k,div2k/0882.png/sigma_0.100,div2k,0882.png,0.10000000149011612,U-Tikhonov T16/CG32 (final),U-Tikhonov T16/CG32 (20e),SSIM,0.010165274143218883
div2k,div2k/0883.png/sigma_0.100,div2k,0883.png,0.10000000149011612,U-Tikhonov T16/CG32 (final),U-Tikhonov T16/CG32 (20e),SSIM,0.006262481212615967
div2k,div2k/0884.png/sigma_0.100,div2k,0884.png,0.10000000149011612,U-Tikhonov T16/CG32 (final),U-Tikhonov T16/CG32 (20e),SSIM,0.011215031147003174
div2k,div2k/0885.png/sigma_0.100,div2k,0885.png,0.10000000149011612,U-Tikhonov T16/CG32 (final),U-Tikhonov T16/CG32 (20e),SSIM,0.048865675926208496
div2k,div2k/0886.png/sigma_0.100,div2k,0886.png,0.10000000149011612,U-Tikhonov T16/CG32 (final),U-Tikhonov T16/CG32 (20e),SSIM,0.012224555015563965
div2k,div2k/0887.png/sigma_0.100,div2k,0887.png,0.10000000149011612,U-Tikhonov T16/CG32 (final),U-Tikhonov T16/CG32 (20e),SSIM,0.013506174087524414
div2k,div2k/0888.png/sigma_0.100,div2k,0888.png,0.10000000149011612,U-Tikhonov T16/CG32 (final),U-Tikhonov T16/CG32 (20e),SSIM,0.008359909057617188
div2k,div2k/0889.png/sigma_0.100,div2k,0889.png,0.10000000149011612,U-Tikhonov T16/CG32 (final),U-Tikhonov T16/CG32 (20e),SSIM,0.01299518346786499
div2k,div2k/0890.png/sigma_0.100,div2k,0890.png,0.10000000149011612,U-Tikhonov T16/CG32 (final),U-Tikhonov T16/CG32 (20e),SSIM,0.009928226470947266
div2k,div2k/0891.png/sigma_0.100,div2k,0891.png,0.10000000149011612,U-Tikhonov T16/CG32 (final),U-Tikhonov T16/CG32 (20e),SSIM,0.011327505111694336
div2k,div2k/0892.png/sigma_0.100,div2k,0892.png,0.10000000149011612,U-Tikhonov T16/CG32 (final),U-Tikhonov T16/CG32 (20e),SSIM,0.07321310043334961
div2k,div2k/0893.png/sigma_0.100,div2k,0893.png,0.10000000149011612,U-Tikhonov T16/CG32 (final),U-Tikhonov T16/CG32 (20e),SSIM,0.02079242467880249
div2k,div2k/0894.png/sigma_0.100,div2k,0894.png,0.10000000149011612,U-Tikhonov T16/CG32 (final),U-Tikhonov T16/CG32 (20e),SSIM,0.004355072975158691
div2k,div2k/0895.png/sigma_0.100,div2k,0895.png,0.10000000149011612,U-Tikhonov T16/CG32 (final),U-Tikhonov T16/CG32 (20e),SSIM,0.023895859718322754
div2k,div2k/0896.png/sigma_0.100,div2k,0896.png,0.10000000149011612,U-Tikhonov T16/CG32 (final),U-Tikhonov T16/CG32 (20e),SSIM,0.0314846634864806
div2k,div2k/0897.png/sigma_0.100,div2k,0897.png,0.10000000149011612,U-Tikhonov T16/CG32 (final),U-Tikhonov T16/CG32 (20e),SSIM,0.15628206729888916
div2k,div2k/0898.png/sigma_0.100,div2k,0898.png,0.10000000149011612,U-Tikhonov T16/CG32 (final),U-Tikhonov T16/CG32 (20e),SSIM,0.002953350543975719
div2k,div2k/0899.png/sigma_0.100,div2k,0899.png,0.10000000149011612,U-Tikhonov T16/CG32 (final),U-Tikhonov T16/CG32 (20e),SSIM,0.031903743743896484
div2k,div2k/0900.png/sigma_0.100,div2k,0900.png,0.10000000149011612,U-Tikhonov T16/CG32 (final),U-Tikhonov T16/CG32 (20e),SSIM,0.01629871129989624
div2k,div2k/0801.png/sigma_0.150,div2k,0801.png,0.15000000596046448,U-TV (final),U-TV (20e),PSNR,0.6326332092285156
div2k,div2k/0802.png/sigma_0.150,div2k,0802.png,0.15000000596046448,U-TV (final),U-TV (20e),PSNR,0.7899036407470703
div2k,div2k/0803.png/sigma_0.150,div2k,0803.png,0.15000000596046448,U-TV (final),U-TV (20e),PSNR,0.9445037841796875
div2k,div2k/0804.png/sigma_0.150,div2k,0804.png,0.15000000596046448,U-TV (final),U-TV (20e),PSNR,0.4356937408447301
div2k,div2k/0805.png/sigma_0.150,div2k,0805.png,0.15000000596046448,U-TV (final),U-TV (20e),PSNR,0.6399631500244141
div2k,div2k/0806.png/sigma_0.150,div2k,0806.png,0.15000000596046448,U-TV (final),U-TV (20e),PSNR,0.5432319641113281
div2k,div2k/0807.png/sigma_0.150,div2k,0807.png,0.15000000596046448,U-TV (final),U-TV (20e),PSNR,0.5479087829589844
div2k,div2k/0808.png/sigma_0.150,div2k,0808.png,0.15000000596046448,U-TV (final),U-TV (20e),PSNR,0.19577407836914062
div2k,div2k/0809.png/sigma_0.150,div2k,0809.png,0.15000000596046448,U-TV (final),U-TV (20e),PSNR,0.5586872100830078
div2k,div2k/0810.png/sigma_0.150,div2k,0810.png,0.15000000596046448,U-TV (final),U-TV (20e),PSNR,0.5281028747558594
div2k,div2k/0811.png/sigma_0.150,div2k,0811.png,0.15000000596046448,U-TV (final),U-TV (20e),PSNR,0.42868232727050426
div2k,div2k/0812.png/sigma_0.150,div2k,0812.png,0.15000000596046448,U-TV (final),U-TV (20e),PSNR,0.46675872802734375
div2k,div2k/0813.png/sigma_0.150,div2k,0813.png,0.15000000596046448,U-TV (final),U-TV (20e),PSNR,0.4220752716064453
div2k,div2k/0814.png/sigma_0.150,div2k,0814.png,0.15000000596046448,U-TV (final),U-TV (20e),PSNR,0.5711307525634766
div2k,div2k/0815.png/sigma_0.150,div2k,0815.png,0.15000000596046448,U-TV (final),U-TV (20e),PSNR,0.7709503173828125
div2k,div2k/0816.png/sigma_0.150,div2k,0816.png,0.15000000596046448,U-TV (final),U-TV (20e),PSNR,0.6806182861328125
div2k,div2k/0817.png/sigma_0.150,div2k,0817.png,0.15000000596046448,U-TV (final),U-TV (20e),PSNR,0.6464385986328125
div2k,div2k/0818.png/sigma_0.150,div2k,0818.png,0.15000000596046448,U-TV (final),U-TV (20e),PSNR,0.4876689910888672
div2k,div2k/0819.png/sigma_0.150,div2k,0819.png,0.15000000596046448,U-TV (final),U-TV (20e),PSNR,0.42873573303222656
div2k,div2k/0820.png/sigma_0.150,div2k,0820.png,0.15000000596046448,U-TV (final),U-TV (20e),PSNR,0.5673599243164062
div2k,div2k/0821.png/sigma_0.150,div2k,0821.png,0.15000000596046448,U-TV (final),U-TV (20e),PSNR,0.4973487854003906
div2k,div2k/0822.png/sigma_0.150,div2k,0822.png,0.15000000596046448,U-TV (final),U-TV (20e),PSNR,0.8206577301025391
div2k,div2k/0823.png/sigma_0.150,div2k,0823.png,0.15000000596046448,U-TV (final),U-TV (20e),PSNR,0.5383205413818359
div2k,div2k/0824.png/sigma_0.150,div2k,0824.png,0.15000000596046448,U-TV (final),U-TV (20e),PSNR,0.6246910095214844
div2k,div2k/0825.png/sigma_0.150,div2k,0825.png,0.15000000596046448,U-TV (final),U-TV (20e),PSNR,0.49515533447265625
div2k,div2k/0826.png/sigma_0.150,div2k,0826.png,0.15000000596046448,U-TV (final),U-TV (20e),PSNR,0.1797313690185547
div2k,div2k/0827.png/sigma_0.150,div2k,0827.png,0.15000000596046448,U-TV (final),U-TV (20e),PSNR,0.3842811584472656
div2k,div2k/0828.png/sigma_0.150,div2k,0828.png,0.15000000596046448,U-TV (final),U-TV (20e),PSNR,1.5670280456542969
div2k,div2k/0829.png/sigma_0.150,div2k,0829.png,0.15000000596046448,U-TV (final),U-TV (20e),PSNR,0.6123771667480504
div2k,div2k/0830.png/sigma_0.150,div2k,0830.png,0.15000000596046448,U-TV (final),U-TV (20e),PSNR,0.34703063964843395
div2k,div2k/0831.png/sigma_0.150,div2k,0831.png,0.15000000596046448,U-TV (final),U-TV (20e),PSNR,0.4449272155761754
div2k,div2k/0832.png/sigma_0.150,div2k,0832.png,0.15000000596046448,U-TV (final),U-TV (20e),PSNR,0.38239860534668324
div2k,div2k/0833.png/sigma_0.150,div2k,0833.png,0.15000000596046448,U-TV (final),U-TV (20e),PSNR,0.6912803649902344
div2k,div2k/0834.png/sigma_0.150,div2k,0834.png,0.15000000596046448,U-TV (final),U-TV (20e),PSNR,0.45424461364746094
div2k,div2k/0835.png/sigma_0.150,div2k,0835.png,0.15000000596046448,U-TV (final),U-TV (20e),PSNR,0.5794582366943395
div2k,div2k/0836.png/sigma_0.150,div2k,0836.png,0.15000000596046448,U-TV (final),U-TV (20e),PSNR,0.3162193298339844
div2k,div2k/0837.png/sigma_0.150,div2k,0837.png,0.15000000596046448,U-TV (final),U-TV (20e),PSNR,0.4870262145996094
div2k,div2k/0838.png/sigma_0.150,div2k,0838.png,0.15000000596046448,U-TV (final),U-TV (20e),PSNR,1.0400428771972656
div2k,div2k/0839.png/sigma_0.150,div2k,0839.png,0.15000000596046448,U-TV (final),U-TV (20e),PSNR,0.4051475524902344
div2k,div2k/0840.png/sigma_0.150,div2k,0840.png,0.15000000596046448,U-TV (final),U-TV (20e),PSNR,0.5715198516845739
div2k,div2k/0841.png/sigma_0.150,div2k,0841.png,0.15000000596046448,U-TV (final),U-TV (20e),PSNR,0.5367450714111328
div2k,div2k/0842.png/sigma_0.150,div2k,0842.png,0.15000000596046448,U-TV (final),U-TV (20e),PSNR,0.6311149597167969
div2k,div2k/0843.png/sigma_0.150,div2k,0843.png,0.15000000596046448,U-TV (final),U-TV (20e),PSNR,0.5221061706542969
div2k,div2k/0844.png/sigma_0.150,div2k,0844.png,0.15000000596046448,U-TV (final),U-TV (20e),PSNR,0.4565086364746094
div2k,div2k/0845.png/sigma_0.150,div2k,0845.png,0.15000000596046448,U-TV (final),U-TV (20e),PSNR,0.929519653320316
div2k,div2k/0846.png/sigma_0.150,div2k,0846.png,0.15000000596046448,U-TV (final),U-TV (20e),PSNR,0.1564006805419922
div2k,div2k/0847.png/sigma_0.150,div2k,0847.png,0.15000000596046448,U-TV (final),U-TV (20e),PSNR,0.4341316223144496
div2k,div2k/0848.png/sigma_0.150,div2k,0848.png,0.15000000596046448,U-TV (final),U-TV (20e),PSNR,0.45739173889160156
div2k,div2k/0849.png/sigma_0.150,div2k,0849.png,0.15000000596046448,U-TV (final),U-TV (20e),PSNR,0.32668495178222656
div2k,div2k/0850.png/sigma_0.150,div2k,0850.png,0.15000000596046448,U-TV (final),U-TV (20e),PSNR,0.42426300048828125
div2k,div2k/0851.png/sigma_0.150,div2k,0851.png,0.15000000596046448,U-TV (final),U-TV (20e),PSNR,0.4266815185546875
div2k,div2k/0852.png/sigma_0.150,div2k,0852.png,0.15000000596046448,U-TV (final),U-TV (20e),PSNR,0.2814064025878906
div2k,div2k/0853.png/sigma_0.150,div2k,0853.png,0.15000000596046448,U-TV (final),U-TV (20e),PSNR,0.4488677978515625
div2k,div2k/0854.png/sigma_0.150,div2k,0854.png,0.15000000596046448,U-TV (final),U-TV (20e),PSNR,0.3783283233642578
div2k,div2k/0855.png/sigma_0.150,div2k,0855.png,0.15000000596046448,U-TV (final),U-TV (20e),PSNR,0.4409713745117223
div2k,div2k/0856.png/sigma_0.150,div2k,0856.png,0.15000000596046448,U-TV (final),U-TV (20e),PSNR,0.5797080993652344
div2k,div2k/0857.png/sigma_0.150,div2k,0857.png,0.15000000596046448,U-TV (final),U-TV (20e),PSNR,0.8814945220947266
div2k,div2k/0858.png/sigma_0.150,div2k,0858.png,0.15000000596046448,U-TV (final),U-TV (20e),PSNR,0.5041522979736328
div2k,div2k/0859.png/sigma_0.150,div2k,0859.png,0.15000000596046448,U-TV (final),U-TV (20e),PSNR,0.4372215270996094
div2k,div2k/0860.png/sigma_0.150,div2k,0860.png,0.15000000596046448,U-TV (final),U-TV (20e),PSNR,0.5771083831787074
div2k,div2k/0861.png/sigma_0.150,div2k,0861.png,0.15000000596046448,U-TV (final),U-TV (20e),PSNR,0.2587413787841797
div2k,div2k/0862.png/sigma_0.150,div2k,0862.png,0.15000000596046448,U-TV (final),U-TV (20e),PSNR,0.7628669738769531
div2k,div2k/0863.png/sigma_0.150,div2k,0863.png,0.15000000596046448,U-TV (final),U-TV (20e),PSNR,0.7190876007080043
div2k,div2k/0864.png/sigma_0.150,div2k,0864.png,0.15000000596046448,U-TV (final),U-TV (20e),PSNR,0.6390361785888672
div2k,div2k/0865.png/sigma_0.150,div2k,0865.png,0.15000000596046448,U-TV (final),U-TV (20e),PSNR,0.5651569366455078
div2k,div2k/0866.png/sigma_0.150,div2k,0866.png,0.15000000596046448,U-TV (final),U-TV (20e),PSNR,0.918670654296875
div2k,div2k/0867.png/sigma_0.150,div2k,0867.png,0.15000000596046448,U-TV (final),U-TV (20e),PSNR,0.6191501617431641
div2k,div2k/0868.png/sigma_0.150,div2k,0868.png,0.15000000596046448,U-TV (final),U-TV (20e),PSNR,0.5350551605224609
div2k,div2k/0869.png/sigma_0.150,div2k,0869.png,0.15000000596046448,U-TV (final),U-TV (20e),PSNR,0.7003364562988317
div2k,div2k/0870.png/sigma_0.150,div2k,0870.png,0.15000000596046448,U-TV (final),U-TV (20e),PSNR,0.6921653747558594
div2k,div2k/0871.png/sigma_0.150,div2k,0871.png,0.15000000596046448,U-TV (final),U-TV (20e),PSNR,0.6463642120361328
div2k,div2k/0872.png/sigma_0.150,div2k,0872.png,0.15000000596046448,U-TV (final),U-TV (20e),PSNR,0.6383419036865234
div2k,div2k/0873.png/sigma_0.150,div2k,0873.png,0.15000000596046448,U-TV (final),U-TV (20e),PSNR,0.4300708770751953
div2k,div2k/0874.png/sigma_0.150,div2k,0874.png,0.15000000596046448,U-TV (final),U-TV (20e),PSNR,0.3809242248535156
div2k,div2k/0875.png/sigma_0.150,div2k,0875.png,0.15000000596046448,U-TV (final),U-TV (20e),PSNR,0.30743980407714844
div2k,div2k/0876.png/sigma_0.150,div2k,0876.png,0.15000000596046448,U-TV (final),U-TV (20e),PSNR,0.6300525665283203
div2k,div2k/0877.png/sigma_0.150,div2k,0877.png,0.15000000596046448,U-TV (final),U-TV (20e),PSNR,0.5219039916992188
div2k,div2k/0878.png/sigma_0.150,div2k,0878.png,0.15000000596046448,U-TV (final),U-TV (20e),PSNR,0.7195892333984375
div2k,div2k/0879.png/sigma_0.150,div2k,0879.png,0.15000000596046448,U-TV (final),U-TV (20e),PSNR,0.2437305450439453
div2k,div2k/0880.png/sigma_0.150,div2k,0880.png,0.15000000596046448,U-TV (final),U-TV (20e),PSNR,0.7225227355957031
div2k,div2k/0881.png/sigma_0.150,div2k,0881.png,0.15000000596046448,U-TV (final),U-TV (20e),PSNR,0.4142913818359375
div2k,div2k/0882.png/sigma_0.150,div2k,0882.png,0.15000000596046448,U-TV (final),U-TV (20e),PSNR,0.5769596099853516
div2k,div2k/0883.png/sigma_0.150,div2k,0883.png,0.15000000596046448,U-TV (final),U-TV (20e),PSNR,0.48797607421875
div2k,div2k/0884.png/sigma_0.150,div2k,0884.png,0.15000000596046448,U-TV (final),U-TV (20e),PSNR,0.5096111297607422
div2k,div2k/0885.png/sigma_0.150,div2k,0885.png,0.15000000596046448,U-TV (final),U-TV (20e),PSNR,0.7407341003417969
div2k,div2k/0886.png/sigma_0.150,div2k,0886.png,0.15000000596046448,U-TV (final),U-TV (20e),PSNR,0.6263446807861328
div2k,div2k/0887.png/sigma_0.150,div2k,0887.png,0.15000000596046448,U-TV (final),U-TV (20e),PSNR,0.4004230499267578
div2k,div2k/0888.png/sigma_0.150,div2k,0888.png,0.15000000596046448,U-TV (final),U-TV (20e),PSNR,0.44498634338378906
div2k,div2k/0889.png/sigma_0.150,div2k,0889.png,0.15000000596046448,U-TV (final),U-TV (20e),PSNR,0.7010459899902379
div2k,div2k/0890.png/sigma_0.150,div2k,0890.png,0.15000000596046448,U-TV (final),U-TV (20e),PSNR,0.3745689392089844
div2k,div2k/0891.png/sigma_0.150,div2k,0891.png,0.15000000596046448,U-TV (final),U-TV (20e),PSNR,0.4356956481933594
div2k,div2k/0892.png/sigma_0.150,div2k,0892.png,0.15000000596046448,U-TV (final),U-TV (20e),PSNR,1.6083087921142578
div2k,div2k/0893.png/sigma_0.150,div2k,0893.png,0.15000000596046448,U-TV (final),U-TV (20e),PSNR,0.7572154998779297
div2k,div2k/0894.png/sigma_0.150,div2k,0894.png,0.15000000596046448,U-TV (final),U-TV (20e),PSNR,0.39618682861328125
div2k,div2k/0895.png/sigma_0.150,div2k,0895.png,0.15000000596046448,U-TV (final),U-TV (20e),PSNR,0.34624290466308594
div2k,div2k/0896.png/sigma_0.150,div2k,0896.png,0.15000000596046448,U-TV (final),U-TV (20e),PSNR,0.14167785644531605
div2k,div2k/0897.png/sigma_0.150,div2k,0897.png,0.15000000596046448,U-TV (final),U-TV (20e),PSNR,1.8627490997314453
div2k,div2k/0898.png/sigma_0.150,div2k,0898.png,0.15000000596046448,U-TV (final),U-TV (20e),PSNR,0.5782051086425781
div2k,div2k/0899.png/sigma_0.150,div2k,0899.png,0.15000000596046448,U-TV (final),U-TV (20e),PSNR,1.02935791015625
div2k,div2k/0900.png/sigma_0.150,div2k,0900.png,0.15000000596046448,U-TV (final),U-TV (20e),PSNR,0.43480491638183594
div2k,div2k/0801.png/sigma_0.150,div2k,0801.png,0.15000000596046448,U-TV (final),U-TV (20e),SSIM,0.05284929275512695
div2k,div2k/0802.png/sigma_0.150,div2k,0802.png,0.15000000596046448,U-TV (final),U-TV (20e),SSIM,0.020159006118774414
div2k,div2k/0803.png/sigma_0.150,div2k,0803.png,0.15000000596046448,U-TV (final),U-TV (20e),SSIM,0.033284544944763184
div2k,div2k/0804.png/sigma_0.150,div2k,0804.png,0.15000000596046448,U-TV (final),U-TV (20e),SSIM,0.020525693893432617
div2k,div2k/0805.png/sigma_0.150,div2k,0805.png,0.15000000596046448,U-TV (final),U-TV (20e),SSIM,0.04365438222885132
div2k,div2k/0806.png/sigma_0.150,div2k,0806.png,0.15000000596046448,U-TV (final),U-TV (20e),SSIM,0.026470184326171875
div2k,div2k/0807.png/sigma_0.150,div2k,0807.png,0.15000000596046448,U-TV (final),U-TV (20e),SSIM,0.04771775007247925
div2k,div2k/0808.png/sigma_0.150,div2k,0808.png,0.15000000596046448,U-TV (final),U-TV (20e),SSIM,0.022320210933685303
div2k,div2k/0809.png/sigma_0.150,div2k,0809.png,0.15000000596046448,U-TV (final),U-TV (20e),SSIM,0.05088096857070923
div2k,div2k/0810.png/sigma_0.150,div2k,0810.png,0.15000000596046448,U-TV (final),U-TV (20e),SSIM,0.03401154279708862
div2k,div2k/0811.png/sigma_0.150,div2k,0811.png,0.15000000596046448,U-TV (final),U-TV (20e),SSIM,0.04449665546417236
div2k,div2k/0812.png/sigma_0.150,div2k,0812.png,0.15000000596046448,U-TV (final),U-TV (20e),SSIM,0.0198744535446167
div2k,div2k/0813.png/sigma_0.150,div2k,0813.png,0.15000000596046448,U-TV (final),U-TV (20e),SSIM,0.018981516361236572
div2k,div2k/0814.png/sigma_0.150,div2k,0814.png,0.15000000596046448,U-TV (final),U-TV (20e),SSIM,0.026881873607635498
div2k,div2k/0815.png/sigma_0.150,div2k,0815.png,0.15000000596046448,U-TV (final),U-TV (20e),SSIM,0.04960823059082031
div2k,div2k/0816.png/sigma_0.150,div2k,0816.png,0.15000000596046448,U-TV (final),U-TV (20e),SSIM,0.04313802719116211
div2k,div2k/0817.png/sigma_0.150,div2k,0817.png,0.15000000596046448,U-TV (final),U-TV (20e),SSIM,0.04847365617752075
div2k,div2k/0818.png/sigma_0.150,div2k,0818.png,0.15000000596046448,U-TV (final),U-TV (20e),SSIM,0.030008256435394287
div2k,div2k/0819.png/sigma_0.150,div2k,0819.png,0.15000000596046448,U-TV (final),U-TV (20e),SSIM,0.03697395324707031
div2k,div2k/0820.png/sigma_0.150,div2k,0820.png,0.15000000596046448,U-TV (final),U-TV (20e),SSIM,0.038661837577819824
div2k,div2k/0821.png/sigma_0.150,div2k,0821.png,0.15000000596046448,U-TV (final),U-TV (20e),SSIM,0.023915231227874756
div2k,div2k/0822.png/sigma_0.150,div2k,0822.png,0.15000000596046448,U-TV (final),U-TV (20e),SSIM,0.09500515460968018
div2k,div2k/0823.png/sigma_0.150,div2k,0823.png,0.15000000596046448,U-TV (final),U-TV (20e),SSIM,0.032363176345825195
div2k,div2k/0824.png/sigma_0.150,div2k,0824.png,0.15000000596046448,U-TV (final),U-TV (20e),SSIM,0.022020339965820312
div2k,div2k/0825.png/sigma_0.150,div2k,0825.png,0.15000000596046448,U-TV (final),U-TV (20e),SSIM,0.03212392330169678
div2k,div2k/0826.png/sigma_0.150,div2k,0826.png,0.15000000596046448,U-TV (final),U-TV (20e),SSIM,0.02403700351715088
div2k,div2k/0827.png/sigma_0.150,div2k,0827.png,0.15000000596046448,U-TV (final),U-TV (20e),SSIM,0.024152696132659912
div2k,div2k/0828.png/sigma_0.150,div2k,0828.png,0.15000000596046448,U-TV (final),U-TV (20e),SSIM,0.17506271600723267
div2k,div2k/0829.png/sigma_0.150,div2k,0829.png,0.15000000596046448,U-TV (final),U-TV (20e),SSIM,0.023572802543640137
div2k,div2k/0830.png/sigma_0.150,div2k,0830.png,0.15000000596046448,U-TV (final),U-TV (20e),SSIM,0.02105236053466797
div2k,div2k/0831.png/sigma_0.150,div2k,0831.png,0.15000000596046448,U-TV (final),U-TV (20e),SSIM,0.025220036506652832
div2k,div2k/0832.png/sigma_0.150,div2k,0832.png,0.15000000596046448,U-TV (final),U-TV (20e),SSIM,0.02280580997467041
div2k,div2k/0833.png/sigma_0.150,div2k,0833.png,0.15000000596046448,U-TV (final),U-TV (20e),SSIM,0.028149545192718506
div2k,div2k/0834.png/sigma_0.150,div2k,0834.png,0.15000000596046448,U-TV (final),U-TV (20e),SSIM,0.036983370780944824
div2k,div2k/0835.png/sigma_0.150,div2k,0835.png,0.15000000596046448,U-TV (final),U-TV (20e),SSIM,0.04543328285217285
div2k,div2k/0836.png/sigma_0.150,div2k,0836.png,0.15000000596046448,U-TV (final),U-TV (20e),SSIM,0.02435934543609619
div2k,div2k/0837.png/sigma_0.150,div2k,0837.png,0.15000000596046448,U-TV (final),U-TV (20e),SSIM,0.033005714416503906
div2k,div2k/0838.png/sigma_0.150,div2k,0838.png,0.15000000596046448,U-TV (final),U-TV (20e),SSIM,0.03370821475982666
div2k,div2k/0839.png/sigma_0.150,div2k,0839.png,0.15000000596046448,U-TV (final),U-TV (20e),SSIM,0.017750889062881525
div2k,div2k/0840.png/sigma_0.150,div2k,0840.png,0.15000000596046448,U-TV (final),U-TV (20e),SSIM,0.044331908226013184
div2k,div2k/0841.png/sigma_0.150,div2k,0841.png,0.15000000596046448,U-TV (final),U-TV (20e),SSIM,0.03759068250656128
div2k,div2k/0842.png/sigma_0.150,div2k,0842.png,0.15000000596046448,U-TV (final),U-TV (20e),SSIM,0.023547887802124023
div2k,div2k/0843.png/sigma_0.150,div2k,0843.png,0.15000000596046448,U-TV (final),U-TV (20e),SSIM,0.023922324180603027
div2k,div2k/0844.png/sigma_0.150,div2k,0844.png,0.15000000596046448,U-TV (final),U-TV (20e),SSIM,0.020221590995788574
div2k,div2k/0845.png/sigma_0.150,div2k,0845.png,0.15000000596046448,U-TV (final),U-TV (20e),SSIM,0.05777907371520996
div2k,div2k/0846.png/sigma_0.150,div2k,0846.png,0.15000000596046448,U-TV (final),U-TV (20e),SSIM,0.035177409648895264
div2k,div2k/0847.png/sigma_0.150,div2k,0847.png,0.15000000596046448,U-TV (final),U-TV (20e),SSIM,0.018169105052947998
div2k,div2k/0848.png/sigma_0.150,div2k,0848.png,0.15000000596046448,U-TV (final),U-TV (20e),SSIM,0.015247106552124023
div2k,div2k/0849.png/sigma_0.150,div2k,0849.png,0.15000000596046448,U-TV (final),U-TV (20e),SSIM,0.0279504656791687
div2k,div2k/0850.png/sigma_0.150,div2k,0850.png,0.15000000596046448,U-TV (final),U-TV (20e),SSIM,0.02499711513519287
div2k,div2k/0851.png/sigma_0.150,div2k,0851.png,0.15000000596046448,U-TV (final),U-TV (20e),SSIM,0.029228687286376953
div2k,div2k/0852.png/sigma_0.150,div2k,0852.png,0.15000000596046448,U-TV (final),U-TV (20e),SSIM,0.03243029117584234
div2k,div2k/0853.png/sigma_0.150,div2k,0853.png,0.15000000596046448,U-TV (final),U-TV (20e),SSIM,0.024824440479278564
div2k,div2k/0854.png/sigma_0.150,div2k,0854.png,0.15000000596046448,U-TV (final),U-TV (20e),SSIM,0.033116161823272705
div2k,div2k/0855.png/sigma_0.150,div2k,0855.png,0.15000000596046448,U-TV (final),U-TV (20e),SSIM,0.022256016731262207
div2k,div2k/0856.png/sigma_0.150,div2k,0856.png,0.15000000596046448,U-TV (final),U-TV (20e),SSIM,0.06790447235107422
div2k,div2k/0857.png/sigma_0.150,div2k,0857.png,0.15000000596046448,U-TV (final),U-TV (20e),SSIM,0.02451711893081665
div2k,div2k/0858.png/sigma_0.150,div2k,0858.png,0.15000000596046448,U-TV (final),U-TV (20e),SSIM,0.053549885749816895
div2k,div2k/0859.png/sigma_0.150,div2k,0859.png,0.15000000596046448,U-TV (final),U-TV (20e),SSIM,0.03377425670623779
div2k,div2k/0860.png/sigma_0.150,div2k,0860.png,0.15000000596046448,U-TV (final),U-TV (20e),SSIM,0.0647631287574768
div2k,div2k/0861.png/sigma_0.150,div2k,0861.png,0.15000000596046448,U-TV (final),U-TV (20e),SSIM,0.023374617099761963
div2k,div2k/0862.png/sigma_0.150,div2k,0862.png,0.15000000596046448,U-TV (final),U-TV (20e),SSIM,0.029672861099243164
div2k,div2k/0863.png/sigma_0.150,div2k,0863.png,0.15000000596046448,U-TV (final),U-TV (20e),SSIM,0.051663994789123535
div2k,div2k/0864.png/sigma_0.150,div2k,0864.png,0.15000000596046448,U-TV (final),U-TV (20e),SSIM,0.04821491241455078
div2k,div2k/0865.png/sigma_0.150,div2k,0865.png,0.15000000596046448,U-TV (final),U-TV (20e),SSIM,0.03313499689102173
div2k,div2k/0866.png/sigma_0.150,div2k,0866.png,0.15000000596046448,U-TV (final),U-TV (20e),SSIM,0.05311089754104614
div2k,div2k/0867.png/sigma_0.150,div2k,0867.png,0.15000000596046448,U-TV (final),U-TV (20e),SSIM,0.04388988018035889
div2k,div2k/0868.png/sigma_0.150,div2k,0868.png,0.15000000596046448,U-TV (final),U-TV (20e),SSIM,0.025731265544891357
div2k,div2k/0869.png/sigma_0.150,div2k,0869.png,0.15000000596046448,U-TV (final),U-TV (20e),SSIM,0.039316773414611816
div2k,div2k/0870.png/sigma_0.150,div2k,0870.png,0.15000000596046448,U-TV (final),U-TV (20e),SSIM,0.06936931610107422
div2k,div2k/0871.png/sigma_0.150,div2k,0871.png,0.15000000596046448,U-TV (final),U-TV (20e),SSIM,0.031085491180419922
div2k,div2k/0872.png/sigma_0.150,div2k,0872.png,0.15000000596046448,U-TV (final),U-TV (20e),SSIM,0.023966848850250244
div2k,div2k/0873.png/sigma_0.150,div2k,0873.png,0.15000000596046448,U-TV (final),U-TV (20e),SSIM,0.049712419509887695
div2k,div2k/0874.png/sigma_0.150,div2k,0874.png,0.15000000596046448,U-TV (final),U-TV (20e),SSIM,0.034457385540008545
div2k,div2k/0875.png/sigma_0.150,div2k,0875.png,0.15000000596046448,U-TV (final),U-TV (20e),SSIM,0.02014315128326416
div2k,div2k/0876.png/sigma_0.150,div2k,0876.png,0.15000000596046448,U-TV (final),U-TV (20e),SSIM,0.058634936809539795
div2k,div2k/0877.png/sigma_0.150,div2k,0877.png,0.15000000596046448,U-TV (final),U-TV (20e),SSIM,0.03585332632064819
div2k,div2k/0878.png/sigma_0.150,div2k,0878.png,0.15000000596046448,U-TV (final),U-TV (20e),SSIM,0.04696917533874512
div2k,div2k/0879.png/sigma_0.150,div2k,0879.png,0.15000000596046448,U-TV (final),U-TV (20e),SSIM,0.012127459049224854
div2k,div2k/0880.png/sigma_0.150,div2k,0880.png,0.15000000596046448,U-TV (final),U-TV (20e),SSIM,0.03435349464416504
div2k,div2k/0881.png/sigma_0.150,div2k,0881.png,0.15000000596046448,U-TV (final),U-TV (20e),SSIM,0.020757079124450684
div2k,div2k/0882.png/sigma_0.150,div2k,0882.png,0.15000000596046448,U-TV (final),U-TV (20e),SSIM,0.020227789878845215
div2k,div2k/0883.png/sigma_0.150,div2k,0883.png,0.15000000596046448,U-TV (final),U-TV (20e),SSIM,0.032712697982788086
div2k,div2k/0884.png/sigma_0.150,div2k,0884.png,0.15000000596046448,U-TV (final),U-TV (20e),SSIM,0.04312252998352051
div2k,div2k/0885.png/sigma_0.150,div2k,0885.png,0.15000000596046448,U-TV (final),U-TV (20e),SSIM,0.07183754444122314
div2k,div2k/0886.png/sigma_0.150,div2k,0886.png,0.15000000596046448,U-TV (final),U-TV (20e),SSIM,0.022016406059265137
div2k,div2k/0887.png/sigma_0.150,div2k,0887.png,0.15000000596046448,U-TV (final),U-TV (20e),SSIM,0.04376184940338135
div2k,div2k/0888.png/sigma_0.150,div2k,0888.png,0.15000000596046448,U-TV (final),U-TV (20e),SSIM,0.017216801643371582
div2k,div2k/0889.png/sigma_0.150,div2k,0889.png,0.15000000596046448,U-TV (final),U-TV (20e),SSIM,0.04539179801940918
div2k,div2k/0890.png/sigma_0.150,div2k,0890.png,0.15000000596046448,U-TV (final),U-TV (20e),SSIM,0.024557411670684814
div2k,div2k/0891.png/sigma_0.150,div2k,0891.png,0.15000000596046448,U-TV (final),U-TV (20e),SSIM,0.030953049659729004
div2k,div2k/0892.png/sigma_0.150,div2k,0892.png,0.15000000596046448,U-TV (final),U-TV (20e),SSIM,0.15098536014556885
div2k,div2k/0893.png/sigma_0.150,div2k,0893.png,0.15000000596046448,U-TV (final),U-TV (20e),SSIM,0.03309828042984009
div2k,div2k/0894.png/sigma_0.150,div2k,0894.png,0.15000000596046448,U-TV (final),U-TV (20e),SSIM,0.01865750551223755
div2k,div2k/0895.png/sigma_0.150,div2k,0895.png,0.15000000596046448,U-TV (final),U-TV (20e),SSIM,0.03264915943145752
div2k,div2k/0896.png/sigma_0.150,div2k,0896.png,0.15000000596046448,U-TV (final),U-TV (20e),SSIM,0.028548598289489746
div2k,div2k/0897.png/sigma_0.150,div2k,0897.png,0.15000000596046448,U-TV (final),U-TV (20e),SSIM,0.1177976131439209
div2k,div2k/0898.png/sigma_0.150,div2k,0898.png,0.15000000596046448,U-TV (final),U-TV (20e),SSIM,0.024679720401763916
div2k,div2k/0899.png/sigma_0.150,div2k,0899.png,0.15000000596046448,U-TV (final),U-TV (20e),SSIM,0.055306434631347656
div2k,div2k/0900.png/sigma_0.150,div2k,0900.png,0.15000000596046448,U-TV (final),U-TV (20e),SSIM,0.03169286251068115
div2k,div2k/0801.png/sigma_0.150,div2k,0801.png,0.15000000596046448,U-TGV (final),U-TGV (20e),PSNR,0.20806121826171875
div2k,div2k/0802.png/sigma_0.150,div2k,0802.png,0.15000000596046448,U-TGV (final),U-TGV (20e),PSNR,0.13467788696289062
div2k,div2k/0803.png/sigma_0.150,div2k,0803.png,0.15000000596046448,U-TGV (final),U-TGV (20e),PSNR,0.3225135803222656
div2k,div2k/0804.png/sigma_0.150,div2k,0804.png,0.15000000596046448,U-TGV (final),U-TGV (20e),PSNR,0.11072540283203125
div2k,div2k/0805.png/sigma_0.150,div2k,0805.png,0.15000000596046448,U-TGV (final),U-TGV (20e),PSNR,0.1561908721923828
div2k,div2k/0806.png/sigma_0.150,div2k,0806.png,0.15000000596046448,U-TGV (final),U-TGV (20e),PSNR,0.2958564758300781
div2k,div2k/0807.png/sigma_0.150,div2k,0807.png,0.15000000596046448,U-TGV (final),U-TGV (20e),PSNR,0.3037300109863281
div2k,div2k/0808.png/sigma_0.150,div2k,0808.png,0.15000000596046448,U-TGV (final),U-TGV (20e),PSNR,0.1646728515625
div2k,div2k/0809.png/sigma_0.150,div2k,0809.png,0.15000000596046448,U-TGV (final),U-TGV (20e),PSNR,0.29334259033203125
div2k,div2k/0810.png/sigma_0.150,div2k,0810.png,0.15000000596046448,U-TGV (final),U-TGV (20e),PSNR,0.29102134704589844
div2k,div2k/0811.png/sigma_0.150,div2k,0811.png,0.15000000596046448,U-TGV (final),U-TGV (20e),PSNR,0.43094635009765625
div2k,div2k/0812.png/sigma_0.150,div2k,0812.png,0.15000000596046448,U-TGV (final),U-TGV (20e),PSNR,0.2980480194091797
div2k,div2k/0813.png/sigma_0.150,div2k,0813.png,0.15000000596046448,U-TGV (final),U-TGV (20e),PSNR,0.30466651916503906
div2k,div2k/0814.png/sigma_0.150,div2k,0814.png,0.15000000596046448,U-TGV (final),U-TGV (20e),PSNR,0.21096420288085938
div2k,div2k/0815.png/sigma_0.150,div2k,0815.png,0.15000000596046448,U-TGV (final),U-TGV (20e),PSNR,0.2711830139160156
div2k,div2k/0816.png/sigma_0.150,div2k,0816.png,0.15000000596046448,U-TGV (final),U-TGV (20e),PSNR,0.4964618682861328
div2k,div2k/0817.png/sigma_0.150,div2k,0817.png,0.15000000596046448,U-TGV (final),U-TGV (20e),PSNR,0.29987525939941406
div2k,div2k/0818.png/sigma_0.150,div2k,0818.png,0.15000000596046448,U-TGV (final),U-TGV (20e),PSNR,0.10669136047363281
div2k,div2k/0819.png/sigma_0.150,div2k,0819.png,0.15000000596046448,U-TGV (final),U-TGV (20e),PSNR,0.2425861358642578
div2k,div2k/0820.png/sigma_0.150,div2k,0820.png,0.15000000596046448,U-TGV (final),U-TGV (20e),PSNR,-0.02770805358887074
div2k,div2k/0821.png/sigma_0.150,div2k,0821.png,0.15000000596046448,U-TGV (final),U-TGV (20e),PSNR,0.09739303588867188
div2k,div2k/0822.png/sigma_0.150,div2k,0822.png,0.15000000596046448,U-TGV (final),U-TGV (20e),PSNR,0.6189422607421875
div2k,div2k/0823.png/sigma_0.150,div2k,0823.png,0.15000000596046448,U-TGV (final),U-TGV (20e),PSNR,0.01747894287109375
div2k,div2k/0824.png/sigma_0.150,div2k,0824.png,0.15000000596046448,U-TGV (final),U-TGV (20e),PSNR,0.24019432067871094
div2k,div2k/0825.png/sigma_0.150,div2k,0825.png,0.15000000596046448,U-TGV (final),U-TGV (20e),PSNR,0.14039802551269176
div2k,div2k/0826.png/sigma_0.150,div2k,0826.png,0.15000000596046448,U-TGV (final),U-TGV (20e),PSNR,0.22195053100585938
div2k,div2k/0827.png/sigma_0.150,div2k,0827.png,0.15000000596046448,U-TGV (final),U-TGV (20e),PSNR,0.2222881317138672
div2k,div2k/0828.png/sigma_0.150,div2k,0828.png,0.15000000596046448,U-TGV (final),U-TGV (20e),PSNR,1.2154388427734375
div2k,div2k/0829.png/sigma_0.150,div2k,0829.png,0.15000000596046448,U-TGV (final),U-TGV (20e),PSNR,0.4499168395996094
div2k,div2k/0830.png/sigma_0.150,div2k,0830.png,0.15000000596046448,U-TGV (final),U-TGV (20e),PSNR,0.23067665100097656
div2k,div2k/0831.png/sigma_0.150,div2k,0831.png,0.15000000596046448,U-TGV (final),U-TGV (20e),PSNR,0.1388072967529297
div2k,div2k/0832.png/sigma_0.150,div2k,0832.png,0.15000000596046448,U-TGV (final),U-TGV (20e),PSNR,0.07353973388671875
div2k,div2k/0833.png/sigma_0.150,div2k,0833.png,0.15000000596046448,U-TGV (final),U-TGV (20e),PSNR,0.3362274169921875
div2k,div2k/0834.png/sigma_0.150,div2k,0834.png,0.15000000596046448,U-TGV (final),U-TGV (20e),PSNR,0.17095375061035156
div2k,div2k/0835.png/sigma_0.150,div2k,0835.png,0.15000000596046448,U-TGV (final),U-TGV (20e),PSNR,0.3191814422607422
div2k,div2k/0836.png/sigma_0.150,div2k,0836.png,0.15000000596046448,U-TGV (final),U-TGV (20e),PSNR,0.1290454864501953
div2k,div2k/0837.png/sigma_0.150,div2k,0837.png,0.15000000596046448,U-TGV (final),U-TGV (20e),PSNR,0.20248031616210938
div2k,div2k/0838.png/sigma_0.150,div2k,0838.png,0.15000000596046448,U-TGV (final),U-TGV (20e),PSNR,0.3425769805908203
div2k,div2k/0839.png/sigma_0.150,div2k,0839.png,0.15000000596046448,U-TGV (final),U-TGV (20e),PSNR,0.27034568786621094
div2k,div2k/0840.png/sigma_0.150,div2k,0840.png,0.15000000596046448,U-TGV (final),U-TGV (20e),PSNR,0.2867469787597656
div2k,div2k/0841.png/sigma_0.150,div2k,0841.png,0.15000000596046448,U-TGV (final),U-TGV (20e),PSNR,0.237579345703125
div2k,div2k/0842.png/sigma_0.150,div2k,0842.png,0.15000000596046448,U-TGV (final),U-TGV (20e),PSNR,0.1596660614013672
div2k,div2k/0843.png/sigma_0.150,div2k,0843.png,0.15000000596046448,U-TGV (final),U-TGV (20e),PSNR,0.2379589080810547
div2k,div2k/0844.png/sigma_0.150,div2k,0844.png,0.15000000596046448,U-TGV (final),U-TGV (20e),PSNR,0.338623046875
div2k,div2k/0845.png/sigma_0.150,div2k,0845.png,0.15000000596046448,U-TGV (final),U-TGV (20e),PSNR,0.37819480895996094
div2k,div2k/0846.png/sigma_0.150,div2k,0846.png,0.15000000596046448,U-TGV (final),U-TGV (20e),PSNR,-0.13248443603515625
div2k,div2k/0847.png/sigma_0.150,div2k,0847.png,0.15000000596046448,U-TGV (final),U-TGV (20e),PSNR,0.17090988159179688
div2k,div2k/0848.png/sigma_0.150,div2k,0848.png,0.15000000596046448,U-TGV (final),U-TGV (20e),PSNR,0.28812980651855113
div2k,div2k/0849.png/sigma_0.150,div2k,0849.png,0.15000000596046448,U-TGV (final),U-TGV (20e),PSNR,-0.18454742431640625
div2k,div2k/0850.png/sigma_0.150,div2k,0850.png,0.15000000596046448,U-TGV (final),U-TGV (20e),PSNR,0.40958595275878906
div2k,div2k/0851.png/sigma_0.150,div2k,0851.png,0.15000000596046448,U-TGV (final),U-TGV (20e),PSNR,0.28072547912597656
div2k,div2k/0852.png/sigma_0.150,div2k,0852.png,0.15000000596046448,U-TGV (final),U-TGV (20e),PSNR,0.14409446716308594
div2k,div2k/0853.png/sigma_0.150,div2k,0853.png,0.15000000596046448,U-TGV (final),U-TGV (20e),PSNR,0.3122959136962926
div2k,div2k/0854.png/sigma_0.150,div2k,0854.png,0.15000000596046448,U-TGV (final),U-TGV (20e),PSNR,0.18181228637695312
div2k,div2k/0855.png/sigma_0.150,div2k,0855.png,0.15000000596046448,U-TGV (final),U-TGV (20e),PSNR,0.22915267944335938
div2k,div2k/0856.png/sigma_0.150,div2k,0856.png,0.15000000596046448,U-TGV (final),U-TGV (20e),PSNR,0.5134258270263672
div2k,div2k/0857.png/sigma_0.150,div2k,0857.png,0.15000000596046448,U-TGV (final),U-TGV (20e),PSNR,0.6923007965087891
div2k,div2k/0858.png/sigma_0.150,div2k,0858.png,0.15000000596046448,U-TGV (final),U-TGV (20e),PSNR,0.3997364044189453
div2k,div2k/0859.png/sigma_0.150,div2k,0859.png,0.15000000596046448,U-TGV (final),U-TGV (20e),PSNR,0.1515369415283203
div2k,div2k/0860.png/sigma_0.150,div2k,0860.png,0.15000000596046448,U-TGV (final),U-TGV (20e),PSNR,0.2617988586425781
div2k,div2k/0861.png/sigma_0.150,div2k,0861.png,0.15000000596046448,U-TGV (final),U-TGV (20e),PSNR,0.0026969909668004277
div2k,div2k/0862.png/sigma_0.150,div2k,0862.png,0.15000000596046448,U-TGV (final),U-TGV (20e),PSNR,0.5192680358886719
div2k,div2k/0863.png/sigma_0.150,div2k,0863.png,0.15000000596046448,U-TGV (final),U-TGV (20e),PSNR,0.2488250732421875
div2k,div2k/0864.png/sigma_0.150,div2k,0864.png,0.15000000596046448,U-TGV (final),U-TGV (20e),PSNR,0.4880867004394531
div2k,div2k/0865.png/sigma_0.150,div2k,0865.png,0.15000000596046448,U-TGV (final),U-TGV (20e),PSNR,0.13476181030273438
div2k,div2k/0866.png/sigma_0.150,div2k,0866.png,0.15000000596046448,U-TGV (final),U-TGV (20e),PSNR,0.18477630615234375
div2k,div2k/0867.png/sigma_0.150,div2k,0867.png,0.15000000596046448,U-TGV (final),U-TGV (20e),PSNR,0.3352508544921875
div2k,div2k/0868.png/sigma_0.150,div2k,0868.png,0.15000000596046448,U-TGV (final),U-TGV (20e),PSNR,0.2707252502441406
div2k,div2k/0869.png/sigma_0.150,div2k,0869.png,0.15000000596046448,U-TGV (final),U-TGV (20e),PSNR,0.3410968780517578
div2k,div2k/0870.png/sigma_0.150,div2k,0870.png,0.15000000596046448,U-TGV (final),U-TGV (20e),PSNR,0.2801017761230433
div2k,div2k/0871.png/sigma_0.150,div2k,0871.png,0.15000000596046448,U-TGV (final),U-TGV (20e),PSNR,0.21573638916015625
div2k,div2k/0872.png/sigma_0.150,div2k,0872.png,0.15000000596046448,U-TGV (final),U-TGV (20e),PSNR,0.21550941467285156
div2k,div2k/0873.png/sigma_0.150,div2k,0873.png,0.15000000596046448,U-TGV (final),U-TGV (20e),PSNR,0.3106498718261719
div2k,div2k/0874.png/sigma_0.150,div2k,0874.png,0.15000000596046448,U-TGV (final),U-TGV (20e),PSNR,0.2740211486816406
div2k,div2k/0875.png/sigma_0.150,div2k,0875.png,0.15000000596046448,U-TGV (final),U-TGV (20e),PSNR,0.07077407836914062
div2k,div2k/0876.png/sigma_0.150,div2k,0876.png,0.15000000596046448,U-TGV (final),U-TGV (20e),PSNR,0.5404777526855469
div2k,div2k/0877.png/sigma_0.150,div2k,0877.png,0.15000000596046448,U-TGV (final),U-TGV (20e),PSNR,0.41473388671875
div2k,div2k/0878.png/sigma_0.150,div2k,0878.png,0.15000000596046448,U-TGV (final),U-TGV (20e),PSNR,0.3128623962402344
div2k,div2k/0879.png/sigma_0.150,div2k,0879.png,0.15000000596046448,U-TGV (final),U-TGV (20e),PSNR,0.14534568786621094
div2k,div2k/0880.png/sigma_0.150,div2k,0880.png,0.15000000596046448,U-TGV (final),U-TGV (20e),PSNR,0.4762706756591797
div2k,div2k/0881.png/sigma_0.150,div2k,0881.png,0.15000000596046448,U-TGV (final),U-TGV (20e),PSNR,0.23076438903808594
div2k,div2k/0882.png/sigma_0.150,div2k,0882.png,0.15000000596046448,U-TGV (final),U-TGV (20e),PSNR,0.17319488525390625
div2k,div2k/0883.png/sigma_0.150,div2k,0883.png,0.15000000596046448,U-TGV (final),U-TGV (20e),PSNR,0.198883056640625
div2k,div2k/0884.png/sigma_0.150,div2k,0884.png,0.15000000596046448,U-TGV (final),U-TGV (20e),PSNR,0.1900920867919922
div2k,div2k/0885.png/sigma_0.150,div2k,0885.png,0.15000000596046448,U-TGV (final),U-TGV (20e),PSNR,0.5077590942382848
div2k,div2k/0886.png/sigma_0.150,div2k,0886.png,0.15000000596046448,U-TGV (final),U-TGV (20e),PSNR,0.22257423400878906
div2k,div2k/0887.png/sigma_0.150,div2k,0887.png,0.15000000596046448,U-TGV (final),U-TGV (20e),PSNR,0.23476028442382812
div2k,div2k/0888.png/sigma_0.150,div2k,0888.png,0.15000000596046448,U-TGV (final),U-TGV (20e),PSNR,0.16260147094726562
div2k,div2k/0889.png/sigma_0.150,div2k,0889.png,0.15000000596046448,U-TGV (final),U-TGV (20e),PSNR,0.12519454956054688
div2k,div2k/0890.png/sigma_0.150,div2k,0890.png,0.15000000596046448,U-TGV (final),U-TGV (20e),PSNR,0.3445606231689453
div2k,div2k/0891.png/sigma_0.150,div2k,0891.png,0.15000000596046448,U-TGV (final),U-TGV (20e),PSNR,0.12465667724609375
div2k,div2k/0892.png/sigma_0.150,div2k,0892.png,0.15000000596046448,U-TGV (final),U-TGV (20e),PSNR,0.6709175109863281
div2k,div2k/0893.png/sigma_0.150,div2k,0893.png,0.15000000596046448,U-TGV (final),U-TGV (20e),PSNR,0.2698879241943324
div2k,div2k/0894.png/sigma_0.150,div2k,0894.png,0.15000000596046448,U-TGV (final),U-TGV (20e),PSNR,0.194183349609375
div2k,div2k/0895.png/sigma_0.150,div2k,0895.png,0.15000000596046448,U-TGV (final),U-TGV (20e),PSNR,0.25827026367187145
div2k,div2k/0896.png/sigma_0.150,div2k,0896.png,0.15000000596046448,U-TGV (final),U-TGV (20e),PSNR,0.11719322204589844
div2k,div2k/0897.png/sigma_0.150,div2k,0897.png,0.15000000596046448,U-TGV (final),U-TGV (20e),PSNR,0.15011024475097656
div2k,div2k/0898.png/sigma_0.150,div2k,0898.png,0.15000000596046448,U-TGV (final),U-TGV (20e),PSNR,0.1787490844726598
div2k,div2k/0899.png/sigma_0.150,div2k,0899.png,0.15000000596046448,U-TGV (final),U-TGV (20e),PSNR,0.5389328002929688
div2k,div2k/0900.png/sigma_0.150,div2k,0900.png,0.15000000596046448,U-TGV (final),U-TGV (20e),PSNR,0.23640060424804332
div2k,div2k/0801.png/sigma_0.150,div2k,0801.png,0.15000000596046448,U-TGV (final),U-TGV (20e),SSIM,0.020516037940979004
div2k,div2k/0802.png/sigma_0.150,div2k,0802.png,0.15000000596046448,U-TGV (final),U-TGV (20e),SSIM,0.0030939579010009766
div2k,div2k/0803.png/sigma_0.150,div2k,0803.png,0.15000000596046448,U-TGV (final),U-TGV (20e),SSIM,0.005299687385559082
div2k,div2k/0804.png/sigma_0.150,div2k,0804.png,0.15000000596046448,U-TGV (final),U-TGV (20e),SSIM,0.0039337873458862305
div2k,div2k/0805.png/sigma_0.150,div2k,0805.png,0.15000000596046448,U-TGV (final),U-TGV (20e),SSIM,0.016494035720825195
div2k,div2k/0806.png/sigma_0.150,div2k,0806.png,0.15000000596046448,U-TGV (final),U-TGV (20e),SSIM,0.018736064434051514
div2k,div2k/0807.png/sigma_0.150,div2k,0807.png,0.15000000596046448,U-TGV (final),U-TGV (20e),SSIM,0.03108423948287964
div2k,div2k/0808.png/sigma_0.150,div2k,0808.png,0.15000000596046448,U-TGV (final),U-TGV (20e),SSIM,0.021569490432739258
div2k,div2k/0809.png/sigma_0.150,div2k,0809.png,0.15000000596046448,U-TGV (final),U-TGV (20e),SSIM,0.02961045503616333
div2k,div2k/0810.png/sigma_0.150,div2k,0810.png,0.15000000596046448,U-TGV (final),U-TGV (20e),SSIM,0.016550898551940918
div2k,div2k/0811.png/sigma_0.150,div2k,0811.png,0.15000000596046448,U-TGV (final),U-TGV (20e),SSIM,0.04679989814758301
div2k,div2k/0812.png/sigma_0.150,div2k,0812.png,0.15000000596046448,U-TGV (final),U-TGV (20e),SSIM,0.019992411136627197
div2k,div2k/0813.png/sigma_0.150,div2k,0813.png,0.15000000596046448,U-TGV (final),U-TGV (20e),SSIM,0.020309627056121826
div2k,div2k/0814.png/sigma_0.150,div2k,0814.png,0.15000000596046448,U-TGV (final),U-TGV (20e),SSIM,0.027244091033935547
div2k,div2k/0815.png/sigma_0.150,div2k,0815.png,0.15000000596046448,U-TGV (final),U-TGV (20e),SSIM,0.02378547191619873
div2k,div2k/0816.png/sigma_0.150,div2k,0816.png,0.15000000596046448,U-TGV (final),U-TGV (20e),SSIM,0.034266650676727295
div2k,div2k/0817.png/sigma_0.150,div2k,0817.png,0.15000000596046448,U-TGV (final),U-TGV (20e),SSIM,0.029327452182769775
div2k,div2k/0818.png/sigma_0.150,div2k,0818.png,0.15000000596046448,U-TGV (final),U-TGV (20e),SSIM,0.017450928688049316
div2k,div2k/0819.png/sigma_0.150,div2k,0819.png,0.15000000596046448,U-TGV (final),U-TGV (20e),SSIM,0.02325737476348877
div2k,div2k/0820.png/sigma_0.150,div2k,0820.png,0.15000000596046448,U-TGV (final),U-TGV (20e),SSIM,0.010724663734436035
div2k,div2k/0821.png/sigma_0.150,div2k,0821.png,0.15000000596046448,U-TGV (final),U-TGV (20e),SSIM,0.0026094913482666016
div2k,div2k/0822.png/sigma_0.150,div2k,0822.png,0.15000000596046448,U-TGV (final),U-TGV (20e),SSIM,0.0724867582321167
div2k,div2k/0823.png/sigma_0.150,div2k,0823.png,0.15000000596046448,U-TGV (final),U-TGV (20e),SSIM,0.017912089824676514
div2k,div2k/0824.png/sigma_0.150,div2k,0824.png,0.15000000596046448,U-TGV (final),U-TGV (20e),SSIM,0.016909122467041016
div2k,div2k/0825.png/sigma_0.150,div2k,0825.png,0.15000000596046448,U-TGV (final),U-TGV (20e),SSIM,0.01137542724609375
div2k,div2k/0826.png/sigma_0.150,div2k,0826.png,0.15000000596046448,U-TGV (final),U-TGV (20e),SSIM,0.022549331188201904
div2k,div2k/0827.png/sigma_0.150,div2k,0827.png,0.15000000596046448,U-TGV (final),U-TGV (20e),SSIM,0.019480466842651367
div2k,div2k/0828.png/sigma_0.150,div2k,0828.png,0.15000000596046448,U-TGV (final),U-TGV (20e),SSIM,0.13315075635910034
div2k,div2k/0829.png/sigma_0.150,div2k,0829.png,0.15000000596046448,U-TGV (final),U-TGV (20e),SSIM,0.01963937282562256
div2k,div2k/0830.png/sigma_0.150,div2k,0830.png,0.15000000596046448,U-TGV (final),U-TGV (20e),SSIM,0.02044135332107544
div2k,div2k/0831.png/sigma_0.150,div2k,0831.png,0.15000000596046448,U-TGV (final),U-TGV (20e),SSIM,0.017303466796875
div2k,div2k/0832.png/sigma_0.150,div2k,0832.png,0.15000000596046448,U-TGV (final),U-TGV (20e),SSIM,0.010394036769866943
div2k,div2k/0833.png/sigma_0.150,div2k,0833.png,0.15000000596046448,U-TGV (final),U-TGV (20e),SSIM,0.02601790428161621
div2k,div2k/0834.png/sigma_0.150,div2k,0834.png,0.15000000596046448,U-TGV (final),U-TGV (20e),SSIM,0.021321594715118408
div2k,div2k/0835.png/sigma_0.150,div2k,0835.png,0.15000000596046448,U-TGV (final),U-TGV (20e),SSIM,0.031768798828125
div2k,div2k/0836.png/sigma_0.150,div2k,0836.png,0.15000000596046448,U-TGV (final),U-TGV (20e),SSIM,0.015351057052612305
div2k,div2k/0837.png/sigma_0.150,div2k,0837.png,0.15000000596046448,U-TGV (final),U-TGV (20e),SSIM,0.015973687171936035
div2k,div2k/0838.png/sigma_0.150,div2k,0838.png,0.15000000596046448,U-TGV (final),U-TGV (20e),SSIM,0.011965334415435791
div2k,div2k/0839.png/sigma_0.150,div2k,0839.png,0.15000000596046448,U-TGV (final),U-TGV (20e),SSIM,0.013147294521331843
div2k,div2k/0840.png/sigma_0.150,div2k,0840.png,0.15000000596046448,U-TGV (final),U-TGV (20e),SSIM,0.02720057964324951
div2k,div2k/0841.png/sigma_0.150,div2k,0841.png,0.15000000596046448,U-TGV (final),U-TGV (20e),SSIM,0.023077964782714844
div2k,div2k/0842.png/sigma_0.150,div2k,0842.png,0.15000000596046448,U-TGV (final),U-TGV (20e),SSIM,0.006864726543426514
div2k,div2k/0843.png/sigma_0.150,div2k,0843.png,0.15000000596046448,U-TGV (final),U-TGV (20e),SSIM,0.024155497550964355
div2k,div2k/0844.png/sigma_0.150,div2k,0844.png,0.15000000596046448,U-TGV (final),U-TGV (20e),SSIM,0.02177596092224121
div2k,div2k/0845.png/sigma_0.150,div2k,0845.png,0.15000000596046448,U-TGV (final),U-TGV (20e),SSIM,0.03214919567108154
div2k,div2k/0846.png/sigma_0.150,div2k,0846.png,0.15000000596046448,U-TGV (final),U-TGV (20e),SSIM,0.01621246337890625
div2k,div2k/0847.png/sigma_0.150,div2k,0847.png,0.15000000596046448,U-TGV (final),U-TGV (20e),SSIM,0.012396693229675293
div2k,div2k/0848.png/sigma_0.150,div2k,0848.png,0.15000000596046448,U-TGV (final),U-TGV (20e),SSIM,0.010077476501464844
div2k,div2k/0849.png/sigma_0.150,div2k,0849.png,0.15000000596046448,U-TGV (final),U-TGV (20e),SSIM,-0.0011754631996154785
div2k,div2k/0850.png/sigma_0.150,div2k,0850.png,0.15000000596046448,U-TGV (final),U-TGV (20e),SSIM,0.027245283126831055
div2k,div2k/0851.png/sigma_0.150,div2k,0851.png,0.15000000596046448,U-TGV (final),U-TGV (20e),SSIM,0.03226780891418457
div2k,div2k/0852.png/sigma_0.150,div2k,0852.png,0.15000000596046448,U-TGV (final),U-TGV (20e),SSIM,0.016269326210022028
div2k,div2k/0853.png/sigma_0.150,div2k,0853.png,0.15000000596046448,U-TGV (final),U-TGV (20e),SSIM,0.026266098022460938
div2k,div2k/0854.png/sigma_0.150,div2k,0854.png,0.15000000596046448,U-TGV (final),U-TGV (20e),SSIM,0.014910697937011719
div2k,div2k/0855.png/sigma_0.150,div2k,0855.png,0.15000000596046448,U-TGV (final),U-TGV (20e),SSIM,0.011371612548828125
div2k,div2k/0856.png/sigma_0.150,div2k,0856.png,0.15000000596046448,U-TGV (final),U-TGV (20e),SSIM,0.058179497718811035
div2k,div2k/0857.png/sigma_0.150,div2k,0857.png,0.15000000596046448,U-TGV (final),U-TGV (20e),SSIM,0.014705240726470947
div2k,div2k/0858.png/sigma_0.150,div2k,0858.png,0.15000000596046448,U-TGV (final),U-TGV (20e),SSIM,0.046295106410980225
div2k,div2k/0859.png/sigma_0.150,div2k,0859.png,0.15000000596046448,U-TGV (final),U-TGV (20e),SSIM,0.009721159934997559
div2k,div2k/0860.png/sigma_0.150,div2k,0860.png,0.15000000596046448,U-TGV (final),U-TGV (20e),SSIM,0.033257365226745605
div2k,div2k/0861.png/sigma_0.150,div2k,0861.png,0.15000000596046448,U-TGV (final),U-TGV (20e),SSIM,0.011658191680908203
div2k,div2k/0862.png/sigma_0.150,div2k,0862.png,0.15000000596046448,U-TGV (final),U-TGV (20e),SSIM,0.030148684978485107
div2k,div2k/0863.png/sigma_0.150,div2k,0863.png,0.15000000596046448,U-TGV (final),U-TGV (20e),SSIM,0.029635906219482422
div2k,div2k/0864.png/sigma_0.150,div2k,0864.png,0.15000000596046448,U-TGV (final),U-TGV (20e),SSIM,0.03748655319213867
div2k,div2k/0865.png/sigma_0.150,div2k,0865.png,0.15000000596046448,U-TGV (final),U-TGV (20e),SSIM,0.01306682825088501
div2k,div2k/0866.png/sigma_0.150,div2k,0866.png,0.15000000596046448,U-TGV (final),U-TGV (20e),SSIM,0.01937711238861084
div2k,div2k/0867.png/sigma_0.150,div2k,0867.png,0.15000000596046448,U-TGV (final),U-TGV (20e),SSIM,0.019411325454711914
div2k,div2k/0868.png/sigma_0.150,div2k,0868.png,0.15000000596046448,U-TGV (final),U-TGV (20e),SSIM,0.03685492277145386
div2k,div2k/0869.png/sigma_0.150,div2k,0869.png,0.15000000596046448,U-TGV (final),U-TGV (20e),SSIM,0.0274774432182312
div2k,div2k/0870.png/sigma_0.150,div2k,0870.png,0.15000000596046448,U-TGV (final),U-TGV (20e),SSIM,0.025894582271575928
div2k,div2k/0871.png/sigma_0.150,div2k,0871.png,0.15000000596046448,U-TGV (final),U-TGV (20e),SSIM,0.011769652366638184
div2k,div2k/0872.png/sigma_0.150,div2k,0872.png,0.15000000596046448,U-TGV (final),U-TGV (20e),SSIM,0.005931079387664795
div2k,div2k/0873.png/sigma_0.150,div2k,0873.png,0.15000000596046448,U-TGV (final),U-TGV (20e),SSIM,0.03873401880264282
div2k,div2k/0874.png/sigma_0.150,div2k,0874.png,0.15000000596046448,U-TGV (final),U-TGV (20e),SSIM,0.021549642086029053
div2k,div2k/0875.png/sigma_0.150,div2k,0875.png,0.15000000596046448,U-TGV (final),U-TGV (20e),SSIM,0.00689852237701416
div2k,div2k/0876.png/sigma_0.150,div2k,0876.png,0.15000000596046448,U-TGV (final),U-TGV (20e),SSIM,0.054915428161621094
div2k,div2k/0877.png/sigma_0.150,div2k,0877.png,0.15000000596046448,U-TGV (final),U-TGV (20e),SSIM,0.029001593589782715
div2k,div2k/0878.png/sigma_0.150,div2k,0878.png,0.15000000596046448,U-TGV (final),U-TGV (20e),SSIM,0.013961493968963623
div2k,div2k/0879.png/sigma_0.150,div2k,0879.png,0.15000000596046448,U-TGV (final),U-TGV (20e),SSIM,0.02120494842529297
div2k,div2k/0880.png/sigma_0.150,div2k,0880.png,0.15000000596046448,U-TGV (final),U-TGV (20e),SSIM,0.03451240062713623
div2k,div2k/0881.png/sigma_0.150,div2k,0881.png,0.15000000596046448,U-TGV (final),U-TGV (20e),SSIM,0.011873006820678711
div2k,div2k/0882.png/sigma_0.150,div2k,0882.png,0.15000000596046448,U-TGV (final),U-TGV (20e),SSIM,0.004362821578979492
div2k,div2k/0883.png/sigma_0.150,div2k,0883.png,0.15000000596046448,U-TGV (final),U-TGV (20e),SSIM,0.011868655681610107
div2k,div2k/0884.png/sigma_0.150,div2k,0884.png,0.15000000596046448,U-TGV (final),U-TGV (20e),SSIM,0.01999223232269287
div2k,div2k/0885.png/sigma_0.150,div2k,0885.png,0.15000000596046448,U-TGV (final),U-TGV (20e),SSIM,0.051187753677368164
div2k,div2k/0886.png/sigma_0.150,div2k,0886.png,0.15000000596046448,U-TGV (final),U-TGV (20e),SSIM,0.0029404163360595703
div2k,div2k/0887.png/sigma_0.150,div2k,0887.png,0.15000000596046448,U-TGV (final),U-TGV (20e),SSIM,0.04008680582046509
div2k,div2k/0888.png/sigma_0.150,div2k,0888.png,0.15000000596046448,U-TGV (final),U-TGV (20e),SSIM,0.007302463054656982
div2k,div2k/0889.png/sigma_0.150,div2k,0889.png,0.15000000596046448,U-TGV (final),U-TGV (20e),SSIM,0.008552908897399902
div2k,div2k/0890.png/sigma_0.150,div2k,0890.png,0.15000000596046448,U-TGV (final),U-TGV (20e),SSIM,0.034146010875701904
div2k,div2k/0891.png/sigma_0.150,div2k,0891.png,0.15000000596046448,U-TGV (final),U-TGV (20e),SSIM,0.0075691938400268555
div2k,div2k/0892.png/sigma_0.150,div2k,0892.png,0.15000000596046448,U-TGV (final),U-TGV (20e),SSIM,0.06335365772247314
div2k,div2k/0893.png/sigma_0.150,div2k,0893.png,0.15000000596046448,U-TGV (final),U-TGV (20e),SSIM,0.01501476764678955
div2k,div2k/0894.png/sigma_0.150,div2k,0894.png,0.15000000596046448,U-TGV (final),U-TGV (20e),SSIM,0.014139711856842041
div2k,div2k/0895.png/sigma_0.150,div2k,0895.png,0.15000000596046448,U-TGV (final),U-TGV (20e),SSIM,0.02100473642349243
div2k,div2k/0896.png/sigma_0.150,div2k,0896.png,0.15000000596046448,U-TGV (final),U-TGV (20e),SSIM,0.037687063217163086
div2k,div2k/0897.png/sigma_0.150,div2k,0897.png,0.15000000596046448,U-TGV (final),U-TGV (20e),SSIM,0.005914926528930664
div2k,div2k/0898.png/sigma_0.150,div2k,0898.png,0.15000000596046448,U-TGV (final),U-TGV (20e),SSIM,0.03256106376647949
div2k,div2k/0899.png/sigma_0.150,div2k,0899.png,0.15000000596046448,U-TGV (final),U-TGV (20e),SSIM,0.03446626663208008
div2k,div2k/0900.png/sigma_0.150,div2k,0900.png,0.15000000596046448,U-TGV (final),U-TGV (20e),SSIM,0.02536720037460327
div2k,div2k/0801.png/sigma_0.150,div2k,0801.png,0.15000000596046448,U-Tikhonov T16/CG32 (final),U-Tikhonov T16/CG32 (20e),PSNR,0.1628570556640625
div2k,div2k/0802.png/sigma_0.150,div2k,0802.png,0.15000000596046448,U-Tikhonov T16/CG32 (final),U-Tikhonov T16/CG32 (20e),PSNR,0.6263484954833984
div2k,div2k/0803.png/sigma_0.150,div2k,0803.png,0.15000000596046448,U-Tikhonov T16/CG32 (final),U-Tikhonov T16/CG32 (20e),PSNR,0.8704795837402379
div2k,div2k/0804.png/sigma_0.150,div2k,0804.png,0.15000000596046448,U-Tikhonov T16/CG32 (final),U-Tikhonov T16/CG32 (20e),PSNR,0.4966773986816406
div2k,div2k/0805.png/sigma_0.150,div2k,0805.png,0.15000000596046448,U-Tikhonov T16/CG32 (final),U-Tikhonov T16/CG32 (20e),PSNR,0.1493549346923828
div2k,div2k/0806.png/sigma_0.150,div2k,0806.png,0.15000000596046448,U-Tikhonov T16/CG32 (final),U-Tikhonov T16/CG32 (20e),PSNR,0.37035369873046875
div2k,div2k/0807.png/sigma_0.150,div2k,0807.png,0.15000000596046448,U-Tikhonov T16/CG32 (final),U-Tikhonov T16/CG32 (20e),PSNR,0.10982513427734375
div2k,div2k/0808.png/sigma_0.150,div2k,0808.png,0.15000000596046448,U-Tikhonov T16/CG32 (final),U-Tikhonov T16/CG32 (20e),PSNR,0.14700889587402344
div2k,div2k/0809.png/sigma_0.150,div2k,0809.png,0.15000000596046448,U-Tikhonov T16/CG32 (final),U-Tikhonov T16/CG32 (20e),PSNR,0.13124465942382812
div2k,div2k/0810.png/sigma_0.150,div2k,0810.png,0.15000000596046448,U-Tikhonov T16/CG32 (final),U-Tikhonov T16/CG32 (20e),PSNR,0.1497573852539027
div2k,div2k/0811.png/sigma_0.150,div2k,0811.png,0.15000000596046448,U-Tikhonov T16/CG32 (final),U-Tikhonov T16/CG32 (20e),PSNR,0.0604400634765625
div2k,div2k/0812.png/sigma_0.150,div2k,0812.png,0.15000000596046448,U-Tikhonov T16/CG32 (final),U-Tikhonov T16/CG32 (20e),PSNR,0.38715171813964844
div2k,div2k/0813.png/sigma_0.150,div2k,0813.png,0.15000000596046448,U-Tikhonov T16/CG32 (final),U-Tikhonov T16/CG32 (20e),PSNR,0.35262489318847656
div2k,div2k/0814.png/sigma_0.150,div2k,0814.png,0.15000000596046448,U-Tikhonov T16/CG32 (final),U-Tikhonov T16/CG32 (20e),PSNR,0.4071331024169922
div2k,div2k/0815.png/sigma_0.150,div2k,0815.png,0.15000000596046448,U-Tikhonov T16/CG32 (final),U-Tikhonov T16/CG32 (20e),PSNR,0.4134807586669922
div2k,div2k/0816.png/sigma_0.150,div2k,0816.png,0.15000000596046448,U-Tikhonov T16/CG32 (final),U-Tikhonov T16/CG32 (20e),PSNR,0.4984493255615199
div2k,div2k/0817.png/sigma_0.150,div2k,0817.png,0.15000000596046448,U-Tikhonov T16/CG32 (final),U-Tikhonov T16/CG32 (20e),PSNR,0.25488471984863637
div2k,div2k/0818.png/sigma_0.150,div2k,0818.png,0.15000000596046448,U-Tikhonov T16/CG32 (final),U-Tikhonov T16/CG32 (20e),PSNR,0.21156692504882812
div2k,div2k/0819.png/sigma_0.150,div2k,0819.png,0.15000000596046448,U-Tikhonov T16/CG32 (final),U-Tikhonov T16/CG32 (20e),PSNR,0.13558578491210938
div2k,div2k/0820.png/sigma_0.150,div2k,0820.png,0.15000000596046448,U-Tikhonov T16/CG32 (final),U-Tikhonov T16/CG32 (20e),PSNR,0.402374267578125
div2k,div2k/0821.png/sigma_0.150,div2k,0821.png,0.15000000596046448,U-Tikhonov T16/CG32 (final),U-Tikhonov T16/CG32 (20e),PSNR,0.688232421875
div2k,div2k/0822.png/sigma_0.150,div2k,0822.png,0.15000000596046448,U-Tikhonov T16/CG32 (final),U-Tikhonov T16/CG32 (20e),PSNR,0.28008460998535156
div2k,div2k/0823.png/sigma_0.150,div2k,0823.png,0.15000000596046448,U-Tikhonov T16/CG32 (final),U-Tikhonov T16/CG32 (20e),PSNR,0.1411571502685547
div2k,div2k/0824.png/sigma_0.150,div2k,0824.png,0.15000000596046448,U-Tikhonov T16/CG32 (final),U-Tikhonov T16/CG32 (20e),PSNR,0.692480087280277
div2k,div2k/0825.png/sigma_0.150,div2k,0825.png,0.15000000596046448,U-Tikhonov T16/CG32 (final),U-Tikhonov T16/CG32 (20e),PSNR,0.3600063323974574
div2k,div2k/0826.png/sigma_0.150,div2k,0826.png,0.15000000596046448,U-Tikhonov T16/CG32 (final),U-Tikhonov T16/CG32 (20e),PSNR,0.20524215698242188
div2k,div2k/0827.png/sigma_0.150,div2k,0827.png,0.15000000596046448,U-Tikhonov T16/CG32 (final),U-Tikhonov T16/CG32 (20e),PSNR,0.3215827941894531
div2k,div2k/0828.png/sigma_0.150,div2k,0828.png,0.15000000596046448,U-Tikhonov T16/CG32 (final),U-Tikhonov T16/CG32 (20e),PSNR,1.16217041015625
div2k,div2k/0829.png/sigma_0.150,div2k,0829.png,0.15000000596046448,U-Tikhonov T16/CG32 (final),U-Tikhonov T16/CG32 (20e),PSNR,0.6742630004882812
div2k,div2k/0830.png/sigma_0.150,div2k,0830.png,0.15000000596046448,U-Tikhonov T16/CG32 (final),U-Tikhonov T16/CG32 (20e),PSNR,0.2517280578613317
div2k,div2k/0831.png/sigma_0.150,div2k,0831.png,0.15000000596046448,U-Tikhonov T16/CG32 (final),U-Tikhonov T16/CG32 (20e),PSNR,0.2124500274658203
div2k,div2k/0832.png/sigma_0.150,div2k,0832.png,0.15000000596046448,U-Tikhonov T16/CG32 (final),U-Tikhonov T16/CG32 (20e),PSNR,0.2511444091796875
div2k,div2k/0833.png/sigma_0.150,div2k,0833.png,0.15000000596046448,U-Tikhonov T16/CG32 (final),U-Tikhonov T16/CG32 (20e),PSNR,0.41818809509277344
div2k,div2k/0834.png/sigma_0.150,div2k,0834.png,0.15000000596046448,U-Tikhonov T16/CG32 (final),U-Tikhonov T16/CG32 (20e),PSNR,0.23468399047851562
div2k,div2k/0835.png/sigma_0.150,div2k,0835.png,0.15000000596046448,U-Tikhonov T16/CG32 (final),U-Tikhonov T16/CG32 (20e),PSNR,0.08450126647948863
div2k,div2k/0836.png/sigma_0.150,div2k,0836.png,0.15000000596046448,U-Tikhonov T16/CG32 (final),U-Tikhonov T16/CG32 (20e),PSNR,0.354644775390625
div2k,div2k/0837.png/sigma_0.150,div2k,0837.png,0.15000000596046448,U-Tikhonov T16/CG32 (final),U-Tikhonov T16/CG32 (20e),PSNR,0.3074913024902344
div2k,div2k/0838.png/sigma_0.150,div2k,0838.png,0.15000000596046448,U-Tikhonov T16/CG32 (final),U-Tikhonov T16/CG32 (20e),PSNR,0.8525333404541016
div2k,div2k/0839.png/sigma_0.150,div2k,0839.png,0.15000000596046448,U-Tikhonov T16/CG32 (final),U-Tikhonov T16/CG32 (20e),PSNR,0.18813323974609375
div2k,div2k/0840.png/sigma_0.150,div2k,0840.png,0.15000000596046448,U-Tikhonov T16/CG32 (final),U-Tikhonov T16/CG32 (20e),PSNR,0.21617889404296875
div2k,div2k/0841.png/sigma_0.150,div2k,0841.png,0.15000000596046448,U-Tikhonov T16/CG32 (final),U-Tikhonov T16/CG32 (20e),PSNR,0.2059326171875
div2k,div2k/0842.png/sigma_0.150,div2k,0842.png,0.15000000596046448,U-Tikhonov T16/CG32 (final),U-Tikhonov T16/CG32 (20e),PSNR,0.3356800079345703
div2k,div2k/0843.png/sigma_0.150,div2k,0843.png,0.15000000596046448,U-Tikhonov T16/CG32 (final),U-Tikhonov T16/CG32 (20e),PSNR,0.4142475128173828
div2k,div2k/0844.png/sigma_0.150,div2k,0844.png,0.15000000596046448,U-Tikhonov T16/CG32 (final),U-Tikhonov T16/CG32 (20e),PSNR,0.5182762145996094
div2k,div2k/0845.png/sigma_0.150,div2k,0845.png,0.15000000596046448,U-Tikhonov T16/CG32 (final),U-Tikhonov T16/CG32 (20e),PSNR,0.5212745666503906
div2k,div2k/0846.png/sigma_0.150,div2k,0846.png,0.15000000596046448,U-Tikhonov T16/CG32 (final),U-Tikhonov T16/CG32 (20e),PSNR,0.0828094482421875
div2k,div2k/0847.png/sigma_0.150,div2k,0847.png,0.15000000596046448,U-Tikhonov T16/CG32 (final),U-Tikhonov T16/CG32 (20e),PSNR,0.30146980285644176
div2k,div2k/0848.png/sigma_0.150,div2k,0848.png,0.15000000596046448,U-Tikhonov T16/CG32 (final),U-Tikhonov T16/CG32 (20e),PSNR,0.39302825927734375
div2k,div2k/0849.png/sigma_0.150,div2k,0849.png,0.15000000596046448,U-Tikhonov T16/CG32 (final),U-Tikhonov T16/CG32 (20e),PSNR,0.14086723327637074
div2k,div2k/0850.png/sigma_0.150,div2k,0850.png,0.15000000596046448,U-Tikhonov T16/CG32 (final),U-Tikhonov T16/CG32 (20e),PSNR,0.3809089660644531
div2k,div2k/0851.png/sigma_0.150,div2k,0851.png,0.15000000596046448,U-Tikhonov T16/CG32 (final),U-Tikhonov T16/CG32 (20e),PSNR,0.4496021270751953
div2k,div2k/0852.png/sigma_0.150,div2k,0852.png,0.15000000596046448,U-Tikhonov T16/CG32 (final),U-Tikhonov T16/CG32 (20e),PSNR,0.13011932373046875
div2k,div2k/0853.png/sigma_0.150,div2k,0853.png,0.15000000596046448,U-Tikhonov T16/CG32 (final),U-Tikhonov T16/CG32 (20e),PSNR,0.3621635437011719
div2k,div2k/0854.png/sigma_0.150,div2k,0854.png,0.15000000596046448,U-Tikhonov T16/CG32 (final),U-Tikhonov T16/CG32 (20e),PSNR,0.3052330017089844
div2k,div2k/0855.png/sigma_0.150,div2k,0855.png,0.15000000596046448,U-Tikhonov T16/CG32 (final),U-Tikhonov T16/CG32 (20e),PSNR,0.2511634826660156
div2k,div2k/0856.png/sigma_0.150,div2k,0856.png,0.15000000596046448,U-Tikhonov T16/CG32 (final),U-Tikhonov T16/CG32 (20e),PSNR,0.11599540710449219
div2k,div2k/0857.png/sigma_0.150,div2k,0857.png,0.15000000596046448,U-Tikhonov T16/CG32 (final),U-Tikhonov T16/CG32 (20e),PSNR,0.9691829681396484
div2k,div2k/0858.png/sigma_0.150,div2k,0858.png,0.15000000596046448,U-Tikhonov T16/CG32 (final),U-Tikhonov T16/CG32 (20e),PSNR,0.2009429931640625
div2k,div2k/0859.png/sigma_0.150,div2k,0859.png,0.15000000596046448,U-Tikhonov T16/CG32 (final),U-Tikhonov T16/CG32 (20e),PSNR,0.09594154357910156
div2k,div2k/0860.png/sigma_0.150,div2k,0860.png,0.15000000596046448,U-Tikhonov T16/CG32 (final),U-Tikhonov T16/CG32 (20e),PSNR,0.06952476501464844
div2k,div2k/0861.png/sigma_0.150,div2k,0861.png,0.15000000596046448,U-Tikhonov T16/CG32 (final),U-Tikhonov T16/CG32 (20e),PSNR,0.2076702117919922
div2k,div2k/0862.png/sigma_0.150,div2k,0862.png,0.15000000596046448,U-Tikhonov T16/CG32 (final),U-Tikhonov T16/CG32 (20e),PSNR,0.3946876525878906
div2k,div2k/0863.png/sigma_0.150,div2k,0863.png,0.15000000596046448,U-Tikhonov T16/CG32 (final),U-Tikhonov T16/CG32 (20e),PSNR,0.31479835510253906
div2k,div2k/0864.png/sigma_0.150,div2k,0864.png,0.15000000596046448,U-Tikhonov T16/CG32 (final),U-Tikhonov T16/CG32 (20e),PSNR,0.3819408416748047
div2k,div2k/0865.png/sigma_0.150,div2k,0865.png,0.15000000596046448,U-Tikhonov T16/CG32 (final),U-Tikhonov T16/CG32 (20e),PSNR,0.3183765411376953
div2k,div2k/0866.png/sigma_0.150,div2k,0866.png,0.15000000596046448,U-Tikhonov T16/CG32 (final),U-Tikhonov T16/CG32 (20e),PSNR,0.26244163513183594
div2k,div2k/0867.png/sigma_0.150,div2k,0867.png,0.15000000596046448,U-Tikhonov T16/CG32 (final),U-Tikhonov T16/CG32 (20e),PSNR,0.5050811767578125
div2k,div2k/0868.png/sigma_0.150,div2k,0868.png,0.15000000596046448,U-Tikhonov T16/CG32 (final),U-Tikhonov T16/CG32 (20e),PSNR,0.6469821929931641
div2k,div2k/0869.png/sigma_0.150,div2k,0869.png,0.15000000596046448,U-Tikhonov T16/CG32 (final),U-Tikhonov T16/CG32 (20e),PSNR,0.2074565887451172
div2k,div2k/0870.png/sigma_0.150,div2k,0870.png,0.15000000596046448,U-Tikhonov T16/CG32 (final),U-Tikhonov T16/CG32 (20e),PSNR,0.16115188598632812
div2k,div2k/0871.png/sigma_0.150,div2k,0871.png,0.15000000596046448,U-Tikhonov T16/CG32 (final),U-Tikhonov T16/CG32 (20e),PSNR,0.32646942138671875
div2k,div2k/0872.png/sigma_0.150,div2k,0872.png,0.15000000596046448,U-Tikhonov T16/CG32 (final),U-Tikhonov T16/CG32 (20e),PSNR,0.34044456481933594
div2k,div2k/0873.png/sigma_0.150,div2k,0873.png,0.15000000596046448,U-Tikhonov T16/CG32 (final),U-Tikhonov T16/CG32 (20e),PSNR,0.09964561462402344
div2k,div2k/0874.png/sigma_0.150,div2k,0874.png,0.15000000596046448,U-Tikhonov T16/CG32 (final),U-Tikhonov T16/CG32 (20e),PSNR,0.31006431579589844
div2k,div2k/0875.png/sigma_0.150,div2k,0875.png,0.15000000596046448,U-Tikhonov T16/CG32 (final),U-Tikhonov T16/CG32 (20e),PSNR,0.2137928009033203
div2k,div2k/0876.png/sigma_0.150,div2k,0876.png,0.15000000596046448,U-Tikhonov T16/CG32 (final),U-Tikhonov T16/CG32 (20e),PSNR,0.32993507385253906
div2k,div2k/0877.png/sigma_0.150,div2k,0877.png,0.15000000596046448,U-Tikhonov T16/CG32 (final),U-Tikhonov T16/CG32 (20e),PSNR,0.5361328125
div2k,div2k/0878.png/sigma_0.150,div2k,0878.png,0.15000000596046448,U-Tikhonov T16/CG32 (final),U-Tikhonov T16/CG32 (20e),PSNR,0.42357444763183594
div2k,div2k/0879.png/sigma_0.150,div2k,0879.png,0.15000000596046448,U-Tikhonov T16/CG32 (final),U-Tikhonov T16/CG32 (20e),PSNR,0.2696380615234375
div2k,div2k/0880.png/sigma_0.150,div2k,0880.png,0.15000000596046448,U-Tikhonov T16/CG32 (final),U-Tikhonov T16/CG32 (20e),PSNR,0.29958534240722656
div2k,div2k/0881.png/sigma_0.150,div2k,0881.png,0.15000000596046448,U-Tikhonov T16/CG32 (final),U-Tikhonov T16/CG32 (20e),PSNR,0.2051830291748047
div2k,div2k/0882.png/sigma_0.150,div2k,0882.png,0.15000000596046448,U-Tikhonov T16/CG32 (final),U-Tikhonov T16/CG32 (20e),PSNR,0.7400207519531286
div2k,div2k/0883.png/sigma_0.150,div2k,0883.png,0.15000000596046448,U-Tikhonov T16/CG32 (final),U-Tikhonov T16/CG32 (20e),PSNR,0.2487163543701172
div2k,div2k/0884.png/sigma_0.150,div2k,0884.png,0.15000000596046448,U-Tikhonov T16/CG32 (final),U-Tikhonov T16/CG32 (20e),PSNR,0.3240795135498047
div2k,div2k/0885.png/sigma_0.150,div2k,0885.png,0.15000000596046448,U-Tikhonov T16/CG32 (final),U-Tikhonov T16/CG32 (20e),PSNR,0.5275306701660156
div2k,div2k/0886.png/sigma_0.150,div2k,0886.png,0.15000000596046448,U-Tikhonov T16/CG32 (final),U-Tikhonov T16/CG32 (20e),PSNR,0.4026317596435547
div2k,div2k/0887.png/sigma_0.150,div2k,0887.png,0.15000000596046448,U-Tikhonov T16/CG32 (final),U-Tikhonov T16/CG32 (20e),PSNR,0.20114898681640625
div2k,div2k/0888.png/sigma_0.150,div2k,0888.png,0.15000000596046448,U-Tikhonov T16/CG32 (final),U-Tikhonov T16/CG32 (20e),PSNR,0.37462806701660156
div2k,div2k/0889.png/sigma_0.150,div2k,0889.png,0.15000000596046448,U-Tikhonov T16/CG32 (final),U-Tikhonov T16/CG32 (20e),PSNR,0.32968902587890625
div2k,div2k/0890.png/sigma_0.150,div2k,0890.png,0.15000000596046448,U-Tikhonov T16/CG32 (final),U-Tikhonov T16/CG32 (20e),PSNR,0.16340255737305043
div2k,div2k/0891.png/sigma_0.150,div2k,0891.png,0.15000000596046448,U-Tikhonov T16/CG32 (final),U-Tikhonov T16/CG32 (20e),PSNR,0.32704925537109375
div2k,div2k/0892.png/sigma_0.150,div2k,0892.png,0.15000000596046448,U-Tikhonov T16/CG32 (final),U-Tikhonov T16/CG32 (20e),PSNR,1.2121829986572266
div2k,div2k/0893.png/sigma_0.150,div2k,0893.png,0.15000000596046448,U-Tikhonov T16/CG32 (final),U-Tikhonov T16/CG32 (20e),PSNR,0.7510261535644531
div2k,div2k/0894.png/sigma_0.150,div2k,0894.png,0.15000000596046448,U-Tikhonov T16/CG32 (final),U-Tikhonov T16/CG32 (20e),PSNR,0.3160362243652344
div2k,div2k/0895.png/sigma_0.150,div2k,0895.png,0.15000000596046448,U-Tikhonov T16/CG32 (final),U-Tikhonov T16/CG32 (20e),PSNR,0.09200477600097656
div2k,div2k/0896.png/sigma_0.150,div2k,0896.png,0.15000000596046448,U-Tikhonov T16/CG32 (final),U-Tikhonov T16/CG32 (20e),PSNR,0.27416419982910156
div2k,div2k/0897.png/sigma_0.150,div2k,0897.png,0.15000000596046448,U-Tikhonov T16/CG32 (final),U-Tikhonov T16/CG32 (20e),PSNR,2.761007308959961
div2k,div2k/0898.png/sigma_0.150,div2k,0898.png,0.15000000596046448,U-Tikhonov T16/CG32 (final),U-Tikhonov T16/CG32 (20e),PSNR,0.09807395935058594
div2k,div2k/0899.png/sigma_0.150,div2k,0899.png,0.15000000596046448,U-Tikhonov T16/CG32 (final),U-Tikhonov T16/CG32 (20e),PSNR,1.0137481689453125
div2k,div2k/0900.png/sigma_0.150,div2k,0900.png,0.15000000596046448,U-Tikhonov T16/CG32 (final),U-Tikhonov T16/CG32 (20e),PSNR,0.3371925354003906
div2k,div2k/0801.png/sigma_0.150,div2k,0801.png,0.15000000596046448,U-Tikhonov T16/CG32 (final),U-Tikhonov T16/CG32 (20e),SSIM,0.005902528762817383
div2k,div2k/0802.png/sigma_0.150,div2k,0802.png,0.15000000596046448,U-Tikhonov T16/CG32 (final),U-Tikhonov T16/CG32 (20e),SSIM,0.012005150318145752
div2k,div2k/0803.png/sigma_0.150,div2k,0803.png,0.15000000596046448,U-Tikhonov T16/CG32 (final),U-Tikhonov T16/CG32 (20e),SSIM,0.02349710464477539
div2k,div2k/0804.png/sigma_0.150,div2k,0804.png,0.15000000596046448,U-Tikhonov T16/CG32 (final),U-Tikhonov T16/CG32 (20e),SSIM,0.011694610118865967
div2k,div2k/0805.png/sigma_0.150,div2k,0805.png,0.15000000596046448,U-Tikhonov T16/CG32 (final),U-Tikhonov T16/CG32 (20e),SSIM,0.0005105137825012207
div2k,div2k/0806.png/sigma_0.150,div2k,0806.png,0.15000000596046448,U-Tikhonov T16/CG32 (final),U-Tikhonov T16/CG32 (20e),SSIM,0.019458413124084473
div2k,div2k/0807.png/sigma_0.150,div2k,0807.png,0.15000000596046448,U-Tikhonov T16/CG32 (final),U-Tikhonov T16/CG32 (20e),SSIM,0.006046414375305176
div2k,div2k/0808.png/sigma_0.150,div2k,0808.png,0.15000000596046448,U-Tikhonov T16/CG32 (final),U-Tikhonov T16/CG32 (20e),SSIM,-0.002157926559448242
div2k,div2k/0809.png/sigma_0.150,div2k,0809.png,0.15000000596046448,U-Tikhonov T16/CG32 (final),U-Tikhonov T16/CG32 (20e),SSIM,0.004111826419830322
div2k,div2k/0810.png/sigma_0.150,div2k,0810.png,0.15000000596046448,U-Tikhonov T16/CG32 (final),U-Tikhonov T16/CG32 (20e),SSIM,0.0031276941299438477
div2k,div2k/0811.png/sigma_0.150,div2k,0811.png,0.15000000596046448,U-Tikhonov T16/CG32 (final),U-Tikhonov T16/CG32 (20e),SSIM,0.006065547466278076
div2k,div2k/0812.png/sigma_0.150,div2k,0812.png,0.15000000596046448,U-Tikhonov T16/CG32 (final),U-Tikhonov T16/CG32 (20e),SSIM,0.0021321773529052734
div2k,div2k/0813.png/sigma_0.150,div2k,0813.png,0.15000000596046448,U-Tikhonov T16/CG32 (final),U-Tikhonov T16/CG32 (20e),SSIM,0.013251125812530518
div2k,div2k/0814.png/sigma_0.150,div2k,0814.png,0.15000000596046448,U-Tikhonov T16/CG32 (final),U-Tikhonov T16/CG32 (20e),SSIM,0.01092749834060669
div2k,div2k/0815.png/sigma_0.150,div2k,0815.png,0.15000000596046448,U-Tikhonov T16/CG32 (final),U-Tikhonov T16/CG32 (20e),SSIM,0.013858556747436523
div2k,div2k/0816.png/sigma_0.150,div2k,0816.png,0.15000000596046448,U-Tikhonov T16/CG32 (final),U-Tikhonov T16/CG32 (20e),SSIM,0.026831626892089844
div2k,div2k/0817.png/sigma_0.150,div2k,0817.png,0.15000000596046448,U-Tikhonov T16/CG32 (final),U-Tikhonov T16/CG32 (20e),SSIM,0.016391992568969727
div2k,div2k/0818.png/sigma_0.150,div2k,0818.png,0.15000000596046448,U-Tikhonov T16/CG32 (final),U-Tikhonov T16/CG32 (20e),SSIM,0.01544499397277832
div2k,div2k/0819.png/sigma_0.150,div2k,0819.png,0.15000000596046448,U-Tikhonov T16/CG32 (final),U-Tikhonov T16/CG32 (20e),SSIM,0.004637777805328369
div2k,div2k/0820.png/sigma_0.150,div2k,0820.png,0.15000000596046448,U-Tikhonov T16/CG32 (final),U-Tikhonov T16/CG32 (20e),SSIM,0.01811879873275757
div2k,div2k/0821.png/sigma_0.150,div2k,0821.png,0.15000000596046448,U-Tikhonov T16/CG32 (final),U-Tikhonov T16/CG32 (20e),SSIM,0.025011718273162842
div2k,div2k/0822.png/sigma_0.150,div2k,0822.png,0.15000000596046448,U-Tikhonov T16/CG32 (final),U-Tikhonov T16/CG32 (20e),SSIM,0.027639389038085938
div2k,div2k/0823.png/sigma_0.150,div2k,0823.png,0.15000000596046448,U-Tikhonov T16/CG32 (final),U-Tikhonov T16/CG32 (20e),SSIM,0.01907438039779663
div2k,div2k/0824.png/sigma_0.150,div2k,0824.png,0.15000000596046448,U-Tikhonov T16/CG32 (final),U-Tikhonov T16/CG32 (20e),SSIM,0.014216363430023193
div2k,div2k/0825.png/sigma_0.150,div2k,0825.png,0.15000000596046448,U-Tikhonov T16/CG32 (final),U-Tikhonov T16/CG32 (20e),SSIM,0.012626469135284424
div2k,div2k/0826.png/sigma_0.150,div2k,0826.png,0.15000000596046448,U-Tikhonov T16/CG32 (final),U-Tikhonov T16/CG32 (20e),SSIM,0.012363314628601074
div2k,div2k/0827.png/sigma_0.150,div2k,0827.png,0.15000000596046448,U-Tikhonov T16/CG32 (final),U-Tikhonov T16/CG32 (20e),SSIM,0.01650059223175049
div2k,div2k/0828.png/sigma_0.150,div2k,0828.png,0.15000000596046448,U-Tikhonov T16/CG32 (final),U-Tikhonov T16/CG32 (20e),SSIM,0.12146973609924316
div2k,div2k/0829.png/sigma_0.150,div2k,0829.png,0.15000000596046448,U-Tikhonov T16/CG32 (final),U-Tikhonov T16/CG32 (20e),SSIM,0.015125572681427002
div2k,div2k/0830.png/sigma_0.150,div2k,0830.png,0.15000000596046448,U-Tikhonov T16/CG32 (final),U-Tikhonov T16/CG32 (20e),SSIM,0.006966233253479004
div2k,div2k/0831.png/sigma_0.150,div2k,0831.png,0.15000000596046448,U-Tikhonov T16/CG32 (final),U-Tikhonov T16/CG32 (20e),SSIM,0.007591605186462402
div2k,div2k/0832.png/sigma_0.150,div2k,0832.png,0.15000000596046448,U-Tikhonov T16/CG32 (final),U-Tikhonov T16/CG32 (20e),SSIM,0.0088157057762146
div2k,div2k/0833.png/sigma_0.150,div2k,0833.png,0.15000000596046448,U-Tikhonov T16/CG32 (final),U-Tikhonov T16/CG32 (20e),SSIM,0.02801835536956787
div2k,div2k/0834.png/sigma_0.150,div2k,0834.png,0.15000000596046448,U-Tikhonov T16/CG32 (final),U-Tikhonov T16/CG32 (20e),SSIM,0.009874463081359863
div2k,div2k/0835.png/sigma_0.150,div2k,0835.png,0.15000000596046448,U-Tikhonov T16/CG32 (final),U-Tikhonov T16/CG32 (20e),SSIM,0.00029087066650390625
div2k,div2k/0836.png/sigma_0.150,div2k,0836.png,0.15000000596046448,U-Tikhonov T16/CG32 (final),U-Tikhonov T16/CG32 (20e),SSIM,0.026739835739135742
div2k,div2k/0837.png/sigma_0.150,div2k,0837.png,0.15000000596046448,U-Tikhonov T16/CG32 (final),U-Tikhonov T16/CG32 (20e),SSIM,0.010573744773864746
div2k,div2k/0838.png/sigma_0.150,div2k,0838.png,0.15000000596046448,U-Tikhonov T16/CG32 (final),U-Tikhonov T16/CG32 (20e),SSIM,0.020793378353118896
div2k,div2k/0839.png/sigma_0.150,div2k,0839.png,0.15000000596046448,U-Tikhonov T16/CG32 (final),U-Tikhonov T16/CG32 (20e),SSIM,0.0012206435203552246
div2k,div2k/0840.png/sigma_0.150,div2k,0840.png,0.15000000596046448,U-Tikhonov T16/CG32 (final),U-Tikhonov T16/CG32 (20e),SSIM,0.006587684154510498
div2k,div2k/0841.png/sigma_0.150,div2k,0841.png,0.15000000596046448,U-Tikhonov T16/CG32 (final),U-Tikhonov T16/CG32 (20e),SSIM,0.007467448711395264
div2k,div2k/0842.png/sigma_0.150,div2k,0842.png,0.15000000596046448,U-Tikhonov T16/CG32 (final),U-Tikhonov T16/CG32 (20e),SSIM,0.010092198848724365
div2k,div2k/0843.png/sigma_0.150,div2k,0843.png,0.15000000596046448,U-Tikhonov T16/CG32 (final),U-Tikhonov T16/CG32 (20e),SSIM,0.006180226802825928
div2k,div2k/0844.png/sigma_0.150,div2k,0844.png,0.15000000596046448,U-Tikhonov T16/CG32 (final),U-Tikhonov T16/CG32 (20e),SSIM,0.017743349075317383
div2k,div2k/0845.png/sigma_0.150,div2k,0845.png,0.15000000596046448,U-Tikhonov T16/CG32 (final),U-Tikhonov T16/CG32 (20e),SSIM,0.03661990165710449
div2k,div2k/0846.png/sigma_0.150,div2k,0846.png,0.15000000596046448,U-Tikhonov T16/CG32 (final),U-Tikhonov T16/CG32 (20e),SSIM,0.02870643138885498
div2k,div2k/0847.png/sigma_0.150,div2k,0847.png,0.15000000596046448,U-Tikhonov T16/CG32 (final),U-Tikhonov T16/CG32 (20e),SSIM,0.013167202472686768
div2k,div2k/0848.png/sigma_0.150,div2k,0848.png,0.15000000596046448,U-Tikhonov T16/CG32 (final),U-Tikhonov T16/CG32 (20e),SSIM,0.009560346603393555
div2k,div2k/0849.png/sigma_0.150,div2k,0849.png,0.15000000596046448,U-Tikhonov T16/CG32 (final),U-Tikhonov T16/CG32 (20e),SSIM,0.005905449390411377
div2k,div2k/0850.png/sigma_0.150,div2k,0850.png,0.15000000596046448,U-Tikhonov T16/CG32 (final),U-Tikhonov T16/CG32 (20e),SSIM,0.018199265003204346
div2k,div2k/0851.png/sigma_0.150,div2k,0851.png,0.15000000596046448,U-Tikhonov T16/CG32 (final),U-Tikhonov T16/CG32 (20e),SSIM,0.02843451499938965
div2k,div2k/0852.png/sigma_0.150,div2k,0852.png,0.15000000596046448,U-Tikhonov T16/CG32 (final),U-Tikhonov T16/CG32 (20e),SSIM,0.01334989070892334
div2k,div2k/0853.png/sigma_0.150,div2k,0853.png,0.15000000596046448,U-Tikhonov T16/CG32 (final),U-Tikhonov T16/CG32 (20e),SSIM,0.010904788970947266
div2k,div2k/0854.png/sigma_0.150,div2k,0854.png,0.15000000596046448,U-Tikhonov T16/CG32 (final),U-Tikhonov T16/CG32 (20e),SSIM,0.012504279613494873
div2k,div2k/0855.png/sigma_0.150,div2k,0855.png,0.15000000596046448,U-Tikhonov T16/CG32 (final),U-Tikhonov T16/CG32 (20e),SSIM,0.005726933479309082
div2k,div2k/0856.png/sigma_0.150,div2k,0856.png,0.15000000596046448,U-Tikhonov T16/CG32 (final),U-Tikhonov T16/CG32 (20e),SSIM,0.008593320846557617
div2k,div2k/0857.png/sigma_0.150,div2k,0857.png,0.15000000596046448,U-Tikhonov T16/CG32 (final),U-Tikhonov T16/CG32 (20e),SSIM,0.029517173767089844
div2k,div2k/0858.png/sigma_0.150,div2k,0858.png,0.15000000596046448,U-Tikhonov T16/CG32 (final),U-Tikhonov T16/CG32 (20e),SSIM,0.017800331115722656
div2k,div2k/0859.png/sigma_0.150,div2k,0859.png,0.15000000596046448,U-Tikhonov T16/CG32 (final),U-Tikhonov T16/CG32 (20e),SSIM,0.00228118896484375
div2k,div2k/0860.png/sigma_0.150,div2k,0860.png,0.15000000596046448,U-Tikhonov T16/CG32 (final),U-Tikhonov T16/CG32 (20e),SSIM,0.004943728446960449
div2k,div2k/0861.png/sigma_0.150,div2k,0861.png,0.15000000596046448,U-Tikhonov T16/CG32 (final),U-Tikhonov T16/CG32 (20e),SSIM,0.01660025119781494
div2k,div2k/0862.png/sigma_0.150,div2k,0862.png,0.15000000596046448,U-Tikhonov T16/CG32 (final),U-Tikhonov T16/CG32 (20e),SSIM,0.009177446365356445
div2k,div2k/0863.png/sigma_0.150,div2k,0863.png,0.15000000596046448,U-Tikhonov T16/CG32 (final),U-Tikhonov T16/CG32 (20e),SSIM,0.024443209171295166
div2k,div2k/0864.png/sigma_0.150,div2k,0864.png,0.15000000596046448,U-Tikhonov T16/CG32 (final),U-Tikhonov T16/CG32 (20e),SSIM,0.010907530784606934
div2k,div2k/0865.png/sigma_0.150,div2k,0865.png,0.15000000596046448,U-Tikhonov T16/CG32 (final),U-Tikhonov T16/CG32 (20e),SSIM,0.008158564567565918
div2k,div2k/0866.png/sigma_0.150,div2k,0866.png,0.15000000596046448,U-Tikhonov T16/CG32 (final),U-Tikhonov T16/CG32 (20e),SSIM,0.007292211055755615
div2k,div2k/0867.png/sigma_0.150,div2k,0867.png,0.15000000596046448,U-Tikhonov T16/CG32 (final),U-Tikhonov T16/CG32 (20e),SSIM,0.02102482318878174
div2k,div2k/0868.png/sigma_0.150,div2k,0868.png,0.15000000596046448,U-Tikhonov T16/CG32 (final),U-Tikhonov T16/CG32 (20e),SSIM,0.05631303787231445
div2k,div2k/0869.png/sigma_0.150,div2k,0869.png,0.15000000596046448,U-Tikhonov T16/CG32 (final),U-Tikhonov T16/CG32 (20e),SSIM,0.012100517749786377
div2k,div2k/0870.png/sigma_0.150,div2k,0870.png,0.15000000596046448,U-Tikhonov T16/CG32 (final),U-Tikhonov T16/CG32 (20e),SSIM,0.0130540132522583
div2k,div2k/0871.png/sigma_0.150,div2k,0871.png,0.15000000596046448,U-Tikhonov T16/CG32 (final),U-Tikhonov T16/CG32 (20e),SSIM,0.010153412818908691
div2k,div2k/0872.png/sigma_0.150,div2k,0872.png,0.15000000596046448,U-Tikhonov T16/CG32 (final),U-Tikhonov T16/CG32 (20e),SSIM,0.0062923431396484375
div2k,div2k/0873.png/sigma_0.150,div2k,0873.png,0.15000000596046448,U-Tikhonov T16/CG32 (final),U-Tikhonov T16/CG32 (20e),SSIM,0.0136338472366333
div2k,div2k/0874.png/sigma_0.150,div2k,0874.png,0.15000000596046448,U-Tikhonov T16/CG32 (final),U-Tikhonov T16/CG32 (20e),SSIM,0.006277203559875488
div2k,div2k/0875.png/sigma_0.150,div2k,0875.png,0.15000000596046448,U-Tikhonov T16/CG32 (final),U-Tikhonov T16/CG32 (20e),SSIM,0.004863619804382324
div2k,div2k/0876.png/sigma_0.150,div2k,0876.png,0.15000000596046448,U-Tikhonov T16/CG32 (final),U-Tikhonov T16/CG32 (20e),SSIM,0.021445155143737793
div2k,div2k/0877.png/sigma_0.150,div2k,0877.png,0.15000000596046448,U-Tikhonov T16/CG32 (final),U-Tikhonov T16/CG32 (20e),SSIM,0.01826620101928711
div2k,div2k/0878.png/sigma_0.150,div2k,0878.png,0.15000000596046448,U-Tikhonov T16/CG32 (final),U-Tikhonov T16/CG32 (20e),SSIM,0.01968240737915039
div2k,div2k/0879.png/sigma_0.150,div2k,0879.png,0.15000000596046448,U-Tikhonov T16/CG32 (final),U-Tikhonov T16/CG32 (20e),SSIM,0.003075897693634033
div2k,div2k/0880.png/sigma_0.150,div2k,0880.png,0.15000000596046448,U-Tikhonov T16/CG32 (final),U-Tikhonov T16/CG32 (20e),SSIM,0.009090781211853027
div2k,div2k/0881.png/sigma_0.150,div2k,0881.png,0.15000000596046448,U-Tikhonov T16/CG32 (final),U-Tikhonov T16/CG32 (20e),SSIM,0.007875323295593262
div2k,div2k/0882.png/sigma_0.150,div2k,0882.png,0.15000000596046448,U-Tikhonov T16/CG32 (final),U-Tikhonov T16/CG32 (20e),SSIM,0.011146843433380127
div2k,div2k/0883.png/sigma_0.150,div2k,0883.png,0.15000000596046448,U-Tikhonov T16/CG32 (final),U-Tikhonov T16/CG32 (20e),SSIM,0.007544040679931641
div2k,div2k/0884.png/sigma_0.150,div2k,0884.png,0.15000000596046448,U-Tikhonov T16/CG32 (final),U-Tikhonov T16/CG32 (20e),SSIM,0.012747406959533691
div2k,div2k/0885.png/sigma_0.150,div2k,0885.png,0.15000000596046448,U-Tikhonov T16/CG32 (final),U-Tikhonov T16/CG32 (20e),SSIM,0.03974491357803345
div2k,div2k/0886.png/sigma_0.150,div2k,0886.png,0.15000000596046448,U-Tikhonov T16/CG32 (final),U-Tikhonov T16/CG32 (20e),SSIM,0.011914670467376709
div2k,div2k/0887.png/sigma_0.150,div2k,0887.png,0.15000000596046448,U-Tikhonov T16/CG32 (final),U-Tikhonov T16/CG32 (20e),SSIM,0.010966181755065918
div2k,div2k/0888.png/sigma_0.150,div2k,0888.png,0.15000000596046448,U-Tikhonov T16/CG32 (final),U-Tikhonov T16/CG32 (20e),SSIM,0.00769805908203125
div2k,div2k/0889.png/sigma_0.150,div2k,0889.png,0.15000000596046448,U-Tikhonov T16/CG32 (final),U-Tikhonov T16/CG32 (20e),SSIM,0.015357673168182373
div2k,div2k/0890.png/sigma_0.150,div2k,0890.png,0.15000000596046448,U-Tikhonov T16/CG32 (final),U-Tikhonov T16/CG32 (20e),SSIM,0.00869518518447876
div2k,div2k/0891.png/sigma_0.150,div2k,0891.png,0.15000000596046448,U-Tikhonov T16/CG32 (final),U-Tikhonov T16/CG32 (20e),SSIM,0.011535346508026123
div2k,div2k/0892.png/sigma_0.150,div2k,0892.png,0.15000000596046448,U-Tikhonov T16/CG32 (final),U-Tikhonov T16/CG32 (20e),SSIM,0.08697289228439331
div2k,div2k/0893.png/sigma_0.150,div2k,0893.png,0.15000000596046448,U-Tikhonov T16/CG32 (final),U-Tikhonov T16/CG32 (20e),SSIM,0.022176623344421387
div2k,div2k/0894.png/sigma_0.150,div2k,0894.png,0.15000000596046448,U-Tikhonov T16/CG32 (final),U-Tikhonov T16/CG32 (20e),SSIM,0.004832148551940918
div2k,div2k/0895.png/sigma_0.150,div2k,0895.png,0.15000000596046448,U-Tikhonov T16/CG32 (final),U-Tikhonov T16/CG32 (20e),SSIM,0.0021452903747558594
div2k,div2k/0896.png/sigma_0.150,div2k,0896.png,0.15000000596046448,U-Tikhonov T16/CG32 (final),U-Tikhonov T16/CG32 (20e),SSIM,0.03691363334655762
div2k,div2k/0897.png/sigma_0.150,div2k,0897.png,0.15000000596046448,U-Tikhonov T16/CG32 (final),U-Tikhonov T16/CG32 (20e),SSIM,0.21865248680114746
div2k,div2k/0898.png/sigma_0.150,div2k,0898.png,0.15000000596046448,U-Tikhonov T16/CG32 (final),U-Tikhonov T16/CG32 (20e),SSIM,0.006364941596984863
div2k,div2k/0899.png/sigma_0.150,div2k,0899.png,0.15000000596046448,U-Tikhonov T16/CG32 (final),U-Tikhonov T16/CG32 (20e),SSIM,0.0357508659362793
div2k,div2k/0900.png/sigma_0.150,div2k,0900.png,0.15000000596046448,U-Tikhonov T16/CG32 (final),U-Tikhonov T16/CG32 (20e),SSIM,0.015576660633087158
div2k,div2k/0801.png/sigma_0.200,div2k,0801.png,0.20000000298023224,U-TV (final),U-TV (20e),PSNR,0.6805629730224609
div2k,div2k/0802.png/sigma_0.200,div2k,0802.png,0.20000000298023224,U-TV (final),U-TV (20e),PSNR,0.8540248870849609
div2k,div2k/0803.png/sigma_0.200,div2k,0803.png,0.20000000298023224,U-TV (final),U-TV (20e),PSNR,0.9809150695800781
div2k,div2k/0804.png/sigma_0.200,div2k,0804.png,0.20000000298023224,U-TV (final),U-TV (20e),PSNR,0.5554008483886719
div2k,div2k/0805.png/sigma_0.200,div2k,0805.png,0.20000000298023224,U-TV (final),U-TV (20e),PSNR,0.6445503234863281
div2k,div2k/0806.png/sigma_0.200,div2k,0806.png,0.20000000298023224,U-TV (final),U-TV (20e),PSNR,0.5777530670166016
div2k,div2k/0807.png/sigma_0.200,div2k,0807.png,0.20000000298023224,U-TV (final),U-TV (20e),PSNR,0.5615749359130859
div2k,div2k/0808.png/sigma_0.200,div2k,0808.png,0.20000000298023224,U-TV (final),U-TV (20e),PSNR,0.2800941467285156
div2k,div2k/0809.png/sigma_0.200,div2k,0809.png,0.20000000298023224,U-TV (final),U-TV (20e),PSNR,0.5116481781005824
div2k,div2k/0810.png/sigma_0.200,div2k,0810.png,0.20000000298023224,U-TV (final),U-TV (20e),PSNR,0.48961448669433594
div2k,div2k/0811.png/sigma_0.200,div2k,0811.png,0.20000000298023224,U-TV (final),U-TV (20e),PSNR,0.3804798126220703
div2k,div2k/0812.png/sigma_0.200,div2k,0812.png,0.20000000298023224,U-TV (final),U-TV (20e),PSNR,0.5225048065185547
div2k,div2k/0813.png/sigma_0.200,div2k,0813.png,0.20000000298023224,U-TV (final),U-TV (20e),PSNR,0.4667930603027344
div2k,div2k/0814.png/sigma_0.200,div2k,0814.png,0.20000000298023224,U-TV (final),U-TV (20e),PSNR,0.6085891723632812
div2k,div2k/0815.png/sigma_0.200,div2k,0815.png,0.20000000298023224,U-TV (final),U-TV (20e),PSNR,0.7638931274414062
div2k,div2k/0816.png/sigma_0.200,div2k,0816.png,0.20000000298023224,U-TV (final),U-TV (20e),PSNR,0.6482830047607422
div2k,div2k/0817.png/sigma_0.200,div2k,0817.png,0.20000000298023224,U-TV (final),U-TV (20e),PSNR,0.6326103210449219
div2k,div2k/0818.png/sigma_0.200,div2k,0818.png,0.20000000298023224,U-TV (final),U-TV (20e),PSNR,0.5333995819091797
div2k,div2k/0819.png/sigma_0.200,div2k,0819.png,0.20000000298023224,U-TV (final),U-TV (20e),PSNR,0.4279518127441371
div2k,div2k/0820.png/sigma_0.200,div2k,0820.png,0.20000000298023224,U-TV (final),U-TV (20e),PSNR,0.67926025390625
div2k,div2k/0821.png/sigma_0.200,div2k,0821.png,0.20000000298023224,U-TV (final),U-TV (20e),PSNR,0.6918849945068359
div2k,div2k/0822.png/sigma_0.200,div2k,0822.png,0.20000000298023224,U-TV (final),U-TV (20e),PSNR,0.7151851654052734
div2k,div2k/0823.png/sigma_0.200,div2k,0823.png,0.20000000298023224,U-TV (final),U-TV (20e),PSNR,0.6432609558105469
div2k,div2k/0824.png/sigma_0.200,div2k,0824.png,0.20000000298023224,U-TV (final),U-TV (20e),PSNR,0.7284011840820312
div2k,div2k/0825.png/sigma_0.200,div2k,0825.png,0.20000000298023224,U-TV (final),U-TV (20e),PSNR,0.6494369506835973
div2k,div2k/0826.png/sigma_0.200,div2k,0826.png,0.20000000298023224,U-TV (final),U-TV (20e),PSNR,0.2573432922363281
div2k,div2k/0827.png/sigma_0.200,div2k,0827.png,0.20000000298023224,U-TV (final),U-TV (20e),PSNR,0.3222827911376953
div2k,div2k/0828.png/sigma_0.200,div2k,0828.png,0.20000000298023224,U-TV (final),U-TV (20e),PSNR,1.2297439575195312
div2k,div2k/0829.png/sigma_0.200,div2k,0829.png,0.20000000298023224,U-TV (final),U-TV (20e),PSNR,0.6212215423583984
div2k,div2k/0830.png/sigma_0.200,div2k,0830.png,0.20000000298023224,U-TV (final),U-TV (20e),PSNR,0.3867835998535156
div2k,div2k/0831.png/sigma_0.200,div2k,0831.png,0.20000000298023224,U-TV (final),U-TV (20e),PSNR,0.5416469573974609
div2k,div2k/0832.png/sigma_0.200,div2k,0832.png,0.20000000298023224,U-TV (final),U-TV (20e),PSNR,0.5056800842285156
div2k,div2k/0833.png/sigma_0.200,div2k,0833.png,0.20000000298023224,U-TV (final),U-TV (20e),PSNR,0.6957054138183594
div2k,div2k/0834.png/sigma_0.200,div2k,0834.png,0.20000000298023224,U-TV (final),U-TV (20e),PSNR,0.46964454650878906
div2k,div2k/0835.png/sigma_0.200,div2k,0835.png,0.20000000298023224,U-TV (final),U-TV (20e),PSNR,0.5463294982910156
div2k,div2k/0836.png/sigma_0.200,div2k,0836.png,0.20000000298023224,U-TV (final),U-TV (20e),PSNR,0.46282958984375
div2k,div2k/0837.png/sigma_0.200,div2k,0837.png,0.20000000298023224,U-TV (final),U-TV (20e),PSNR,0.595977783203125
div2k,div2k/0838.png/sigma_0.200,div2k,0838.png,0.20000000298023224,U-TV (final),U-TV (20e),PSNR,1.0485057830810547
div2k,div2k/0839.png/sigma_0.200,div2k,0839.png,0.20000000298023224,U-TV (final),U-TV (20e),PSNR,0.3976402282714844
div2k,div2k/0840.png/sigma_0.200,div2k,0840.png,0.20000000298023224,U-TV (final),U-TV (20e),PSNR,0.6259746551513672
div2k,div2k/0841.png/sigma_0.200,div2k,0841.png,0.20000000298023224,U-TV (final),U-TV (20e),PSNR,0.5301856994628906
div2k,div2k/0842.png/sigma_0.200,div2k,0842.png,0.20000000298023224,U-TV (final),U-TV (20e),PSNR,0.6274337768554688
div2k,div2k/0843.png/sigma_0.200,div2k,0843.png,0.20000000298023224,U-TV (final),U-TV (20e),PSNR,0.404022216796875
div2k,div2k/0844.png/sigma_0.200,div2k,0844.png,0.20000000298023224,U-TV (final),U-TV (20e),PSNR,0.4128532409667969
div2k,div2k/0845.png/sigma_0.200,div2k,0845.png,0.20000000298023224,U-TV (final),U-TV (20e),PSNR,0.8223590850830078
div2k,div2k/0846.png/sigma_0.200,div2k,0846.png,0.20000000298023224,U-TV (final),U-TV (20e),PSNR,0.32167625427246094
div2k,div2k/0847.png/sigma_0.200,div2k,0847.png,0.20000000298023224,U-TV (final),U-TV (20e),PSNR,0.4993019104003906
div2k,div2k/0848.png/sigma_0.200,div2k,0848.png,0.20000000298023224,U-TV (final),U-TV (20e),PSNR,0.5484466552734375
div2k,div2k/0849.png/sigma_0.200,div2k,0849.png,0.20000000298023224,U-TV (final),U-TV (20e),PSNR,0.4993934631347656
div2k,div2k/0850.png/sigma_0.200,div2k,0850.png,0.20000000298023224,U-TV (final),U-TV (20e),PSNR,0.5361366271972656
div2k,div2k/0851.png/sigma_0.200,div2k,0851.png,0.20000000298023224,U-TV (final),U-TV (20e),PSNR,0.5942249298095703
div2k,div2k/0852.png/sigma_0.200,div2k,0852.png,0.20000000298023224,U-TV (final),U-TV (20e),PSNR,0.21378326416015625
div2k,div2k/0853.png/sigma_0.200,div2k,0853.png,0.20000000298023224,U-TV (final),U-TV (20e),PSNR,0.4049568176269531
div2k,div2k/0854.png/sigma_0.200,div2k,0854.png,0.20000000298023224,U-TV (final),U-TV (20e),PSNR,0.4971504211425781
div2k,div2k/0855.png/sigma_0.200,div2k,0855.png,0.20000000298023224,U-TV (final),U-TV (20e),PSNR,0.47350120544433594
div2k,div2k/0856.png/sigma_0.200,div2k,0856.png,0.20000000298023224,U-TV (final),U-TV (20e),PSNR,0.4378318786621094
div2k,div2k/0857.png/sigma_0.200,div2k,0857.png,0.20000000298023224,U-TV (final),U-TV (20e),PSNR,0.8733196258544922
div2k,div2k/0858.png/sigma_0.200,div2k,0858.png,0.20000000298023224,U-TV (final),U-TV (20e),PSNR,0.4058399200439453
div2k,div2k/0859.png/sigma_0.200,div2k,0859.png,0.20000000298023224,U-TV (final),U-TV (20e),PSNR,0.44108390808105113
div2k,div2k/0860.png/sigma_0.200,div2k,0860.png,0.20000000298023224,U-TV (final),U-TV (20e),PSNR,0.6028652191162145
div2k,div2k/0861.png/sigma_0.200,div2k,0861.png,0.20000000298023224,U-TV (final),U-TV (20e),PSNR,0.3300189971923828
div2k,div2k/0862.png/sigma_0.200,div2k,0862.png,0.20000000298023224,U-TV (final),U-TV (20e),PSNR,0.7334041595458984
div2k,div2k/0863.png/sigma_0.200,div2k,0863.png,0.20000000298023224,U-TV (final),U-TV (20e),PSNR,0.6943511962890625
div2k,div2k/0864.png/sigma_0.200,div2k,0864.png,0.20000000298023224,U-TV (final),U-TV (20e),PSNR,0.6692543029785156
div2k,div2k/0865.png/sigma_0.200,div2k,0865.png,0.20000000298023224,U-TV (final),U-TV (20e),PSNR,0.6898384094238281
div2k,div2k/0866.png/sigma_0.200,div2k,0866.png,0.20000000298023224,U-TV (final),U-TV (20e),PSNR,0.9775657653808594
div2k,div2k/0867.png/sigma_0.200,div2k,0867.png,0.20000000298023224,U-TV (final),U-TV (20e),PSNR,0.6567058563232422
div2k,div2k/0868.png/sigma_0.200,div2k,0868.png,0.20000000298023224,U-TV (final),U-TV (20e),PSNR,0.5287380218505859
div2k,div2k/0869.png/sigma_0.200,div2k,0869.png,0.20000000298023224,U-TV (final),U-TV (20e),PSNR,0.7459621429443324
div2k,div2k/0870.png/sigma_0.200,div2k,0870.png,0.20000000298023224,U-TV (final),U-TV (20e),PSNR,0.6748180389404297
div2k,div2k/0871.png/sigma_0.200,div2k,0871.png,0.20000000298023224,U-TV (final),U-TV (20e),PSNR,0.7195262908935547
div2k,div2k/0872.png/sigma_0.200,div2k,0872.png,0.20000000298023224,U-TV (final),U-TV (20e),PSNR,0.7453041076660156
div2k,div2k/0873.png/sigma_0.200,div2k,0873.png,0.20000000298023224,U-TV (final),U-TV (20e),PSNR,0.4587554931640625
div2k,div2k/0874.png/sigma_0.200,div2k,0874.png,0.20000000298023224,U-TV (final),U-TV (20e),PSNR,0.44533348083496094
div2k,div2k/0875.png/sigma_0.200,div2k,0875.png,0.20000000298023224,U-TV (final),U-TV (20e),PSNR,0.4790840148925781
div2k,div2k/0876.png/sigma_0.200,div2k,0876.png,0.20000000298023224,U-TV (final),U-TV (20e),PSNR,0.5999126434326172
div2k,div2k/0877.png/sigma_0.200,div2k,0877.png,0.20000000298023224,U-TV (final),U-TV (20e),PSNR,0.3943824768066406
div2k,div2k/0878.png/sigma_0.200,div2k,0878.png,0.20000000298023224,U-TV (final),U-TV (20e),PSNR,0.7223873138427734
div2k,div2k/0879.png/sigma_0.200,div2k,0879.png,0.20000000298023224,U-TV (final),U-TV (20e),PSNR,0.47452735900878906
div2k,div2k/0880.png/sigma_0.200,div2k,0880.png,0.20000000298023224,U-TV (final),U-TV (20e),PSNR,0.7582988739013672
div2k,div2k/0881.png/sigma_0.200,div2k,0881.png,0.20000000298023224,U-TV (final),U-TV (20e),PSNR,0.4823875427246058
div2k,div2k/0882.png/sigma_0.200,div2k,0882.png,0.20000000298023224,U-TV (final),U-TV (20e),PSNR,0.677703857421875
div2k,div2k/0883.png/sigma_0.200,div2k,0883.png,0.20000000298023224,U-TV (final),U-TV (20e),PSNR,0.5842933654785156
div2k,div2k/0884.png/sigma_0.200,div2k,0884.png,0.20000000298023224,U-TV (final),U-TV (20e),PSNR,0.5831680297851598
div2k,div2k/0885.png/sigma_0.200,div2k,0885.png,0.20000000298023224,U-TV (final),U-TV (20e),PSNR,0.6745109558105433
div2k,div2k/0886.png/sigma_0.200,div2k,0886.png,0.20000000298023224,U-TV (final),U-TV (20e),PSNR,0.6069793701171875
div2k,div2k/0887.png/sigma_0.200,div2k,0887.png,0.20000000298023224,U-TV (final),U-TV (20e),PSNR,0.4595985412597656
div2k,div2k/0888.png/sigma_0.200,div2k,0888.png,0.20000000298023224,U-TV (final),U-TV (20e),PSNR,0.5607509613037109
div2k,div2k/0889.png/sigma_0.200,div2k,0889.png,0.20000000298023224,U-TV (final),U-TV (20e),PSNR,0.7457008361816406
div2k,div2k/0890.png/sigma_0.200,div2k,0890.png,0.20000000298023224,U-TV (final),U-TV (20e),PSNR,0.4211254119873047
div2k,div2k/0891.png/sigma_0.200,div2k,0891.png,0.20000000298023224,U-TV (final),U-TV (20e),PSNR,0.5275764465332031
div2k,div2k/0892.png/sigma_0.200,div2k,0892.png,0.20000000298023224,U-TV (final),U-TV (20e),PSNR,1.2997169494628906
div2k,div2k/0893.png/sigma_0.200,div2k,0893.png,0.20000000298023224,U-TV (final),U-TV (20e),PSNR,0.7598819732666016
div2k,div2k/0894.png/sigma_0.200,div2k,0894.png,0.20000000298023224,U-TV (final),U-TV (20e),PSNR,0.4858856201171875
div2k,div2k/0895.png/sigma_0.200,div2k,0895.png,0.20000000298023224,U-TV (final),U-TV (20e),PSNR,0.3193111419677699
div2k,div2k/0896.png/sigma_0.200,div2k,0896.png,0.20000000298023224,U-TV (final),U-TV (20e),PSNR,0.28102874755859375
div2k,div2k/0897.png/sigma_0.200,div2k,0897.png,0.20000000298023224,U-TV (final),U-TV (20e),PSNR,2.0281734466552734
div2k,div2k/0898.png/sigma_0.200,div2k,0898.png,0.20000000298023224,U-TV (final),U-TV (20e),PSNR,0.7756633758544957
div2k,div2k/0899.png/sigma_0.200,div2k,0899.png,0.20000000298023224,U-TV (final),U-TV (20e),PSNR,1.1043434143066442
div2k,div2k/0900.png/sigma_0.200,div2k,0900.png,0.20000000298023224,U-TV (final),U-TV (20e),PSNR,0.498046875
div2k,div2k/0801.png/sigma_0.200,div2k,0801.png,0.20000000298023224,U-TV (final),U-TV (20e),SSIM,0.07313281297683716
div2k,div2k/0802.png/sigma_0.200,div2k,0802.png,0.20000000298023224,U-TV (final),U-TV (20e),SSIM,0.032683730125427246
div2k,div2k/0803.png/sigma_0.200,div2k,0803.png,0.20000000298023224,U-TV (final),U-TV (20e),SSIM,0.04191321134567261
div2k,div2k/0804.png/sigma_0.200,div2k,0804.png,0.20000000298023224,U-TV (final),U-TV (20e),SSIM,0.030690431594848633
div2k,div2k/0805.png/sigma_0.200,div2k,0805.png,0.20000000298023224,U-TV (final),U-TV (20e),SSIM,0.052431702613830566
div2k,div2k/0806.png/sigma_0.200,div2k,0806.png,0.20000000298023224,U-TV (final),U-TV (20e),SSIM,0.03189820051193237
div2k,div2k/0807.png/sigma_0.200,div2k,0807.png,0.20000000298023224,U-TV (final),U-TV (20e),SSIM,0.05879896879196167
div2k,div2k/0808.png/sigma_0.200,div2k,0808.png,0.20000000298023224,U-TV (final),U-TV (20e),SSIM,0.025060713291168213
div2k,div2k/0809.png/sigma_0.200,div2k,0809.png,0.20000000298023224,U-TV (final),U-TV (20e),SSIM,0.053636014461517334
div2k,div2k/0810.png/sigma_0.200,div2k,0810.png,0.20000000298023224,U-TV (final),U-TV (20e),SSIM,0.03617894649505615
div2k,div2k/0811.png/sigma_0.200,div2k,0811.png,0.20000000298023224,U-TV (final),U-TV (20e),SSIM,0.045858919620513916
div2k,div2k/0812.png/sigma_0.200,div2k,0812.png,0.20000000298023224,U-TV (final),U-TV (20e),SSIM,0.026362299919128418
div2k,div2k/0813.png/sigma_0.200,div2k,0813.png,0.20000000298023224,U-TV (final),U-TV (20e),SSIM,0.028748273849487305
div2k,div2k/0814.png/sigma_0.200,div2k,0814.png,0.20000000298023224,U-TV (final),U-TV (20e),SSIM,0.034734129905700684
div2k,div2k/0815.png/sigma_0.200,div2k,0815.png,0.20000000298023224,U-TV (final),U-TV (20e),SSIM,0.06473910808563232
div2k,div2k/0816.png/sigma_0.200,div2k,0816.png,0.20000000298023224,U-TV (final),U-TV (20e),SSIM,0.05280351638793945
div2k,div2k/0817.png/sigma_0.200,div2k,0817.png,0.20000000298023224,U-TV (final),U-TV (20e),SSIM,0.05800265073776245
div2k,div2k/0818.png/sigma_0.200,div2k,0818.png,0.20000000298023224,U-TV (final),U-TV (20e),SSIM,0.03634822368621826
div2k,div2k/0819.png/sigma_0.200,div2k,0819.png,0.20000000298023224,U-TV (final),U-TV (20e),SSIM,0.041890501976013184
div2k,div2k/0820.png/sigma_0.200,div2k,0820.png,0.20000000298023224,U-TV (final),U-TV (20e),SSIM,0.05920296907424927
div2k,div2k/0821.png/sigma_0.200,div2k,0821.png,0.20000000298023224,U-TV (final),U-TV (20e),SSIM,0.04699355363845825
div2k,div2k/0822.png/sigma_0.200,div2k,0822.png,0.20000000298023224,U-TV (final),U-TV (20e),SSIM,0.10344505310058594
div2k,div2k/0823.png/sigma_0.200,div2k,0823.png,0.20000000298023224,U-TV (final),U-TV (20e),SSIM,0.04439312219619751
div2k,div2k/0824.png/sigma_0.200,div2k,0824.png,0.20000000298023224,U-TV (final),U-TV (20e),SSIM,0.02851051092147827
div2k,div2k/0825.png/sigma_0.200,div2k,0825.png,0.20000000298023224,U-TV (final),U-TV (20e),SSIM,0.053774118423461914
div2k,div2k/0826.png/sigma_0.200,div2k,0826.png,0.20000000298023224,U-TV (final),U-TV (20e),SSIM,0.030085861682891846
div2k,div2k/0827.png/sigma_0.200,div2k,0827.png,0.20000000298023224,U-TV (final),U-TV (20e),SSIM,0.025843501091003418
div2k,div2k/0828.png/sigma_0.200,div2k,0828.png,0.20000000298023224,U-TV (final),U-TV (20e),SSIM,0.17865043878555303
div2k,div2k/0829.png/sigma_0.200,div2k,0829.png,0.20000000298023224,U-TV (final),U-TV (20e),SSIM,0.029150545597076416
div2k,div2k/0830.png/sigma_0.200,div2k,0830.png,0.20000000298023224,U-TV (final),U-TV (20e),SSIM,0.0253639817237854
div2k,div2k/0831.png/sigma_0.200,div2k,0831.png,0.20000000298023224,U-TV (final),U-TV (20e),SSIM,0.03914642333984375
div2k,div2k/0832.png/sigma_0.200,div2k,0832.png,0.20000000298023224,U-TV (final),U-TV (20e),SSIM,0.037084758281707764
div2k,div2k/0833.png/sigma_0.200,div2k,0833.png,0.20000000298023224,U-TV (final),U-TV (20e),SSIM,0.032764434814453125
div2k,div2k/0834.png/sigma_0.200,div2k,0834.png,0.20000000298023224,U-TV (final),U-TV (20e),SSIM,0.04662048816680908
div2k,div2k/0835.png/sigma_0.200,div2k,0835.png,0.20000000298023224,U-TV (final),U-TV (20e),SSIM,0.050108134746551514
div2k,div2k/0836.png/sigma_0.200,div2k,0836.png,0.20000000298023224,U-TV (final),U-TV (20e),SSIM,0.04148221015930176
div2k,div2k/0837.png/sigma_0.200,div2k,0837.png,0.20000000298023224,U-TV (final),U-TV (20e),SSIM,0.05392426252365112
div2k,div2k/0838.png/sigma_0.200,div2k,0838.png,0.20000000298023224,U-TV (final),U-TV (20e),SSIM,0.043957293033599854
div2k,div2k/0839.png/sigma_0.200,div2k,0839.png,0.20000000298023224,U-TV (final),U-TV (20e),SSIM,0.024517774581909235
div2k,div2k/0840.png/sigma_0.200,div2k,0840.png,0.20000000298023224,U-TV (final),U-TV (20e),SSIM,0.06063646078109741
div2k,div2k/0841.png/sigma_0.200,div2k,0841.png,0.20000000298023224,U-TV (final),U-TV (20e),SSIM,0.048296332359313965
div2k,div2k/0842.png/sigma_0.200,div2k,0842.png,0.20000000298023224,U-TV (final),U-TV (20e),SSIM,0.029918909072875977
div2k,div2k/0843.png/sigma_0.200,div2k,0843.png,0.20000000298023224,U-TV (final),U-TV (20e),SSIM,0.03255581855773926
div2k,div2k/0844.png/sigma_0.200,div2k,0844.png,0.20000000298023224,U-TV (final),U-TV (20e),SSIM,0.023909449577331543
div2k,div2k/0845.png/sigma_0.200,div2k,0845.png,0.20000000298023224,U-TV (final),U-TV (20e),SSIM,0.07008057832717896
div2k,div2k/0846.png/sigma_0.200,div2k,0846.png,0.20000000298023224,U-TV (final),U-TV (20e),SSIM,0.04951763153076172
div2k,div2k/0847.png/sigma_0.200,div2k,0847.png,0.20000000298023224,U-TV (final),U-TV (20e),SSIM,0.027213454246520996
div2k,div2k/0848.png/sigma_0.200,div2k,0848.png,0.20000000298023224,U-TV (final),U-TV (20e),SSIM,0.024628400802612305
div2k,div2k/0849.png/sigma_0.200,div2k,0849.png,0.20000000298023224,U-TV (final),U-TV (20e),SSIM,0.045529842376708984
div2k,div2k/0850.png/sigma_0.200,div2k,0850.png,0.20000000298023224,U-TV (final),U-TV (20e),SSIM,0.038698673248291016
div2k,div2k/0851.png/sigma_0.200,div2k,0851.png,0.20000000298023224,U-TV (final),U-TV (20e),SSIM,0.04049396514892578
div2k,div2k/0852.png/sigma_0.200,div2k,0852.png,0.20000000298023224,U-TV (final),U-TV (20e),SSIM,0.030738800764083918
div2k,div2k/0853.png/sigma_0.200,div2k,0853.png,0.20000000298023224,U-TV (final),U-TV (20e),SSIM,0.032696306705474854
div2k,div2k/0854.png/sigma_0.200,div2k,0854.png,0.20000000298023224,U-TV (final),U-TV (20e),SSIM,0.04530012607574463
div2k,div2k/0855.png/sigma_0.200,div2k,0855.png,0.20000000298023224,U-TV (final),U-TV (20e),SSIM,0.026891589164733887
div2k,div2k/0856.png/sigma_0.200,div2k,0856.png,0.20000000298023224,U-TV (final),U-TV (20e),SSIM,0.056822121143341064
div2k,div2k/0857.png/sigma_0.200,div2k,0857.png,0.20000000298023224,U-TV (final),U-TV (20e),SSIM,0.027920186519622803
div2k,div2k/0858.png/sigma_0.200,div2k,0858.png,0.20000000298023224,U-TV (final),U-TV (20e),SSIM,0.05263793468475342
div2k,div2k/0859.png/sigma_0.200,div2k,0859.png,0.20000000298023224,U-TV (final),U-TV (20e),SSIM,0.03913688659667969
div2k,div2k/0860.png/sigma_0.200,div2k,0860.png,0.20000000298023224,U-TV (final),U-TV (20e),SSIM,0.07749694585800171
div2k,div2k/0861.png/sigma_0.200,div2k,0861.png,0.20000000298023224,U-TV (final),U-TV (20e),SSIM,0.033045172691345215
div2k,div2k/0862.png/sigma_0.200,div2k,0862.png,0.20000000298023224,U-TV (final),U-TV (20e),SSIM,0.030429840087890625
div2k,div2k/0863.png/sigma_0.200,div2k,0863.png,0.20000000298023224,U-TV (final),U-TV (20e),SSIM,0.06710636615753174
div2k,div2k/0864.png/sigma_0.200,div2k,0864.png,0.20000000298023224,U-TV (final),U-TV (20e),SSIM,0.06283402442932129
div2k,div2k/0865.png/sigma_0.200,div2k,0865.png,0.20000000298023224,U-TV (final),U-TV (20e),SSIM,0.05096912384033203
div2k,div2k/0866.png/sigma_0.200,div2k,0866.png,0.20000000298023224,U-TV (final),U-TV (20e),SSIM,0.07472997903823853
div2k,div2k/0867.png/sigma_0.200,div2k,0867.png,0.20000000298023224,U-TV (final),U-TV (20e),SSIM,0.060885846614837646
div2k,div2k/0868.png/sigma_0.200,div2k,0868.png,0.20000000298023224,U-TV (final),U-TV (20e),SSIM,0.03241056203842163
div2k,div2k/0869.png/sigma_0.200,div2k,0869.png,0.20000000298023224,U-TV (final),U-TV (20e),SSIM,0.051478028297424316
div2k,div2k/0870.png/sigma_0.200,div2k,0870.png,0.20000000298023224,U-TV (final),U-TV (20e),SSIM,0.08634483814239502
div2k,div2k/0871.png/sigma_0.200,div2k,0871.png,0.20000000298023224,U-TV (final),U-TV (20e),SSIM,0.04508781433105469
div2k,div2k/0872.png/sigma_0.200,div2k,0872.png,0.20000000298023224,U-TV (final),U-TV (20e),SSIM,0.038796186447143555
div2k,div2k/0873.png/sigma_0.200,div2k,0873.png,0.20000000298023224,U-TV (final),U-TV (20e),SSIM,0.06022381782531738
div2k,div2k/0874.png/sigma_0.200,div2k,0874.png,0.20000000298023224,U-TV (final),U-TV (20e),SSIM,0.043804287910461426
div2k,div2k/0875.png/sigma_0.200,div2k,0875.png,0.20000000298023224,U-TV (final),U-TV (20e),SSIM,0.041001081466674805
div2k,div2k/0876.png/sigma_0.200,div2k,0876.png,0.20000000298023224,U-TV (final),U-TV (20e),SSIM,0.06711959838867188
div2k,div2k/0877.png/sigma_0.200,div2k,0877.png,0.20000000298023224,U-TV (final),U-TV (20e),SSIM,0.03736531734466553
div2k,div2k/0878.png/sigma_0.200,div2k,0878.png,0.20000000298023224,U-TV (final),U-TV (20e),SSIM,0.05987173318862915
div2k,div2k/0879.png/sigma_0.200,div2k,0879.png,0.20000000298023224,U-TV (final),U-TV (20e),SSIM,0.0234946608543396
div2k,div2k/0880.png/sigma_0.200,div2k,0880.png,0.20000000298023224,U-TV (final),U-TV (20e),SSIM,0.041658759117126465
div2k,div2k/0881.png/sigma_0.200,div2k,0881.png,0.20000000298023224,U-TV (final),U-TV (20e),SSIM,0.02581501007080078
div2k,div2k/0882.png/sigma_0.200,div2k,0882.png,0.20000000298023224,U-TV (final),U-TV (20e),SSIM,0.03260600566864014
div2k,div2k/0883.png/sigma_0.200,div2k,0883.png,0.20000000298023224,U-TV (final),U-TV (20e),SSIM,0.04469841718673706
div2k,div2k/0884.png/sigma_0.200,div2k,0884.png,0.20000000298023224,U-TV (final),U-TV (20e),SSIM,0.05995076894760132
div2k,div2k/0885.png/sigma_0.200,div2k,0885.png,0.20000000298023224,U-TV (final),U-TV (20e),SSIM,0.07768362760543823
div2k,div2k/0886.png/sigma_0.200,div2k,0886.png,0.20000000298023224,U-TV (final),U-TV (20e),SSIM,0.022213399410247803
div2k,div2k/0887.png/sigma_0.200,div2k,0887.png,0.20000000298023224,U-TV (final),U-TV (20e),SSIM,0.049017369747161865
div2k,div2k/0888.png/sigma_0.200,div2k,0888.png,0.20000000298023224,U-TV (final),U-TV (20e),SSIM,0.029894113540649414
div2k,div2k/0889.png/sigma_0.200,div2k,0889.png,0.20000000298023224,U-TV (final),U-TV (20e),SSIM,0.06407934427261353
div2k,div2k/0890.png/sigma_0.200,div2k,0890.png,0.20000000298023224,U-TV (final),U-TV (20e),SSIM,0.0334094762802124
div2k,div2k/0891.png/sigma_0.200,div2k,0891.png,0.20000000298023224,U-TV (final),U-TV (20e),SSIM,0.046575188636779785
div2k,div2k/0892.png/sigma_0.200,div2k,0892.png,0.20000000298023224,U-TV (final),U-TV (20e),SSIM,0.17217057943344116
div2k,div2k/0893.png/sigma_0.200,div2k,0893.png,0.20000000298023224,U-TV (final),U-TV (20e),SSIM,0.04507136344909668
div2k,div2k/0894.png/sigma_0.200,div2k,0894.png,0.20000000298023224,U-TV (final),U-TV (20e),SSIM,0.02177608013153076
div2k,div2k/0895.png/sigma_0.200,div2k,0895.png,0.20000000298023224,U-TV (final),U-TV (20e),SSIM,0.0313684344291687
div2k,div2k/0896.png/sigma_0.200,div2k,0896.png,0.20000000298023224,U-TV (final),U-TV (20e),SSIM,0.03585571050643921
div2k,div2k/0897.png/sigma_0.200,div2k,0897.png,0.20000000298023224,U-TV (final),U-TV (20e),SSIM,0.2007453441619873
div2k,div2k/0898.png/sigma_0.200,div2k,0898.png,0.20000000298023224,U-TV (final),U-TV (20e),SSIM,0.03739398717880249
div2k,div2k/0899.png/sigma_0.200,div2k,0899.png,0.20000000298023224,U-TV (final),U-TV (20e),SSIM,0.07471287250518799
div2k,div2k/0900.png/sigma_0.200,div2k,0900.png,0.20000000298023224,U-TV (final),U-TV (20e),SSIM,0.04105377197265625
div2k,div2k/0801.png/sigma_0.200,div2k,0801.png,0.20000000298023224,U-TGV (final),U-TGV (20e),PSNR,0.33442497253417613
div2k,div2k/0802.png/sigma_0.200,div2k,0802.png,0.20000000298023224,U-TGV (final),U-TGV (20e),PSNR,0.28212738037109375
div2k,div2k/0803.png/sigma_0.200,div2k,0803.png,0.20000000298023224,U-TGV (final),U-TGV (20e),PSNR,0.3682136535644531
div2k,div2k/0804.png/sigma_0.200,div2k,0804.png,0.20000000298023224,U-TGV (final),U-TGV (20e),PSNR,0.13396263122558594
div2k,div2k/0805.png/sigma_0.200,div2k,0805.png,0.20000000298023224,U-TGV (final),U-TGV (20e),PSNR,0.24509811401367188
div2k,div2k/0806.png/sigma_0.200,div2k,0806.png,0.20000000298023224,U-TGV (final),U-TGV (20e),PSNR,0.3167915344238281
div2k,div2k/0807.png/sigma_0.200,div2k,0807.png,0.20000000298023224,U-TGV (final),U-TGV (20e),PSNR,0.4218940734863281
div2k,div2k/0808.png/sigma_0.200,div2k,0808.png,0.20000000298023224,U-TGV (final),U-TGV (20e),PSNR,0.2427387237548828
div2k,div2k/0809.png/sigma_0.200,div2k,0809.png,0.20000000298023224,U-TGV (final),U-TGV (20e),PSNR,0.32513427734375355
div2k,div2k/0810.png/sigma_0.200,div2k,0810.png,0.20000000298023224,U-TGV (final),U-TGV (20e),PSNR,0.34548187255859375
div2k,div2k/0811.png/sigma_0.200,div2k,0811.png,0.20000000298023224,U-TGV (final),U-TGV (20e),PSNR,0.37975502014160156
div2k,div2k/0812.png/sigma_0.200,div2k,0812.png,0.20000000298023224,U-TGV (final),U-TGV (20e),PSNR,0.32174873352050426
div2k,div2k/0813.png/sigma_0.200,div2k,0813.png,0.20000000298023224,U-TGV (final),U-TGV (20e),PSNR,0.27475547790527344
div2k,div2k/0814.png/sigma_0.200,div2k,0814.png,0.20000000298023224,U-TGV (final),U-TGV (20e),PSNR,0.2705726623535156
div2k,div2k/0815.png/sigma_0.200,div2k,0815.png,0.20000000298023224,U-TGV (final),U-TGV (20e),PSNR,0.4072704315185547
div2k,div2k/0816.png/sigma_0.200,div2k,0816.png,0.20000000298023224,U-TGV (final),U-TGV (20e),PSNR,0.5599956512451172
div2k,div2k/0817.png/sigma_0.200,div2k,0817.png,0.20000000298023224,U-TGV (final),U-TGV (20e),PSNR,0.38340950012206676
div2k,div2k/0818.png/sigma_0.200,div2k,0818.png,0.20000000298023224,U-TGV (final),U-TGV (20e),PSNR,0.20294380187988637
div2k,div2k/0819.png/sigma_0.200,div2k,0819.png,0.20000000298023224,U-TGV (final),U-TGV (20e),PSNR,0.31545448303222656
div2k,div2k/0820.png/sigma_0.200,div2k,0820.png,0.20000000298023224,U-TGV (final),U-TGV (20e),PSNR,0.09331893920898438
div2k,div2k/0821.png/sigma_0.200,div2k,0821.png,0.20000000298023224,U-TGV (final),U-TGV (20e),PSNR,0.16551589965820312
div2k,div2k/0822.png/sigma_0.200,div2k,0822.png,0.20000000298023224,U-TGV (final),U-TGV (20e),PSNR,0.63604736328125
div2k,div2k/0823.png/sigma_0.200,div2k,0823.png,0.20000000298023224,U-TGV (final),U-TGV (20e),PSNR,0.10059928894042969
div2k,div2k/0824.png/sigma_0.200,div2k,0824.png,0.20000000298023224,U-TGV (final),U-TGV (20e),PSNR,0.2815704345703125
div2k,div2k/0825.png/sigma_0.200,div2k,0825.png,0.20000000298023224,U-TGV (final),U-TGV (20e),PSNR,0.2679920196533203
div2k,div2k/0826.png/sigma_0.200,div2k,0826.png,0.20000000298023224,U-TGV (final),U-TGV (20e),PSNR,0.3346691131591797
div2k,div2k/0827.png/sigma_0.200,div2k,0827.png,0.20000000298023224,U-TGV (final),U-TGV (20e),PSNR,0.24617767333984375
div2k,div2k/0828.png/sigma_0.200,div2k,0828.png,0.20000000298023224,U-TGV (final),U-TGV (20e),PSNR,0.9734325408935547
div2k,div2k/0829.png/sigma_0.200,div2k,0829.png,0.20000000298023224,U-TGV (final),U-TGV (20e),PSNR,0.4730358123779297
div2k,div2k/0830.png/sigma_0.200,div2k,0830.png,0.20000000298023224,U-TGV (final),U-TGV (20e),PSNR,0.3199272155761719
div2k,div2k/0831.png/sigma_0.200,div2k,0831.png,0.20000000298023224,U-TGV (final),U-TGV (20e),PSNR,0.2081012725830078
div2k,div2k/0832.png/sigma_0.200,div2k,0832.png,0.20000000298023224,U-TGV (final),U-TGV (20e),PSNR,0.13100433349609375
div2k,div2k/0833.png/sigma_0.200,div2k,0833.png,0.20000000298023224,U-TGV (final),U-TGV (20e),PSNR,0.3390388488769567
div2k,div2k/0834.png/sigma_0.200,div2k,0834.png,0.20000000298023224,U-TGV (final),U-TGV (20e),PSNR,0.1870746612548828
div2k,div2k/0835.png/sigma_0.200,div2k,0835.png,0.20000000298023224,U-TGV (final),U-TGV (20e),PSNR,0.3567333221435547
div2k,div2k/0836.png/sigma_0.200,div2k,0836.png,0.20000000298023224,U-TGV (final),U-TGV (20e),PSNR,0.2497787475585902
div2k,div2k/0837.png/sigma_0.200,div2k,0837.png,0.20000000298023224,U-TGV (final),U-TGV (20e),PSNR,0.3183345794677699
div2k,div2k/0838.png/sigma_0.200,div2k,0838.png,0.20000000298023224,U-TGV (final),U-TGV (20e),PSNR,0.3348846435546875
div2k,div2k/0839.png/sigma_0.200,div2k,0839.png,0.20000000298023224,U-TGV (final),U-TGV (20e),PSNR,0.31279754638671875
div2k,div2k/0840.png/sigma_0.200,div2k,0840.png,0.20000000298023224,U-TGV (final),U-TGV (20e),PSNR,0.3816051483154297
div2k,div2k/0841.png/sigma_0.200,div2k,0841.png,0.20000000298023224,U-TGV (final),U-TGV (20e),PSNR,0.23450469970703125
div2k,div2k/0842.png/sigma_0.200,div2k,0842.png,0.20000000298023224,U-TGV (final),U-TGV (20e),PSNR,0.21118545532226562
div2k,div2k/0843.png/sigma_0.200,div2k,0843.png,0.20000000298023224,U-TGV (final),U-TGV (20e),PSNR,0.19829177856445312
div2k,div2k/0844.png/sigma_0.200,div2k,0844.png,0.20000000298023224,U-TGV (final),U-TGV (20e),PSNR,0.254241943359375
div2k,div2k/0845.png/sigma_0.200,div2k,0845.png,0.20000000298023224,U-TGV (final),U-TGV (20e),PSNR,0.36561012268066406
div2k,div2k/0846.png/sigma_0.200,div2k,0846.png,0.20000000298023224,U-TGV (final),U-TGV (20e),PSNR,-0.05654144287109375
div2k,div2k/0847.png/sigma_0.200,div2k,0847.png,0.20000000298023224,U-TGV (final),U-TGV (20e),PSNR,0.22284698486328125
div2k,div2k/0848.png/sigma_0.200,div2k,0848.png,0.20000000298023224,U-TGV (final),U-TGV (20e),PSNR,0.32297515869140625
div2k,div2k/0849.png/sigma_0.200,div2k,0849.png,0.20000000298023224,U-TGV (final),U-TGV (20e),PSNR,-0.1118316650390625
div2k,div2k/0850.png/sigma_0.200,div2k,0850.png,0.20000000298023224,U-TGV (final),U-TGV (20e),PSNR,0.5148372650146449
div2k,div2k/0851.png/sigma_0.200,div2k,0851.png,0.20000000298023224,U-TGV (final),U-TGV (20e),PSNR,0.3154182434081996
div2k,div2k/0852.png/sigma_0.200,div2k,0852.png,0.20000000298023224,U-TGV (final),U-TGV (20e),PSNR,0.10681533813476562
div2k,div2k/0853.png/sigma_0.200,div2k,0853.png,0.20000000298023224,U-TGV (final),U-TGV (20e),PSNR,0.24004554748535156
div2k,div2k/0854.png/sigma_0.200,div2k,0854.png,0.20000000298023224,U-TGV (final),U-TGV (20e),PSNR,0.22687911987304688
div2k,div2k/0855.png/sigma_0.200,div2k,0855.png,0.20000000298023224,U-TGV (final),U-TGV (20e),PSNR,0.29870033264160156
div2k,div2k/0856.png/sigma_0.200,div2k,0856.png,0.20000000298023224,U-TGV (final),U-TGV (20e),PSNR,0.375329971313473
div2k,div2k/0857.png/sigma_0.200,div2k,0857.png,0.20000000298023224,U-TGV (final),U-TGV (20e),PSNR,0.7333698272705078
div2k,div2k/0858.png/sigma_0.200,div2k,0858.png,0.20000000298023224,U-TGV (final),U-TGV (20e),PSNR,0.32670021057128906
div2k,div2k/0859.png/sigma_0.200,div2k,0859.png,0.20000000298023224,U-TGV (final),U-TGV (20e),PSNR,0.24081039428710938
div2k,div2k/0860.png/sigma_0.200,div2k,0860.png,0.20000000298023224,U-TGV (final),U-TGV (20e),PSNR,0.3165435791015625
div2k,div2k/0861.png/sigma_0.200,div2k,0861.png,0.20000000298023224,U-TGV (final),U-TGV (20e),PSNR,0.09741973876953125
div2k,div2k/0862.png/sigma_0.200,div2k,0862.png,0.20000000298023224,U-TGV (final),U-TGV (20e),PSNR,0.5543136596679688
div2k,div2k/0863.png/sigma_0.200,div2k,0863.png,0.20000000298023224,U-TGV (final),U-TGV (20e),PSNR,0.3193855285644531
div2k,div2k/0864.png/sigma_0.200,div2k,0864.png,0.20000000298023224,U-TGV (final),U-TGV (20e),PSNR,0.5547370910644531
div2k,div2k/0865.png/sigma_0.200,div2k,0865.png,0.20000000298023224,U-TGV (final),U-TGV (20e),PSNR,0.28733825683594105
div2k,div2k/0866.png/sigma_0.200,div2k,0866.png,0.20000000298023224,U-TGV (final),U-TGV (20e),PSNR,0.40032196044921875
div2k,div2k/0867.png/sigma_0.200,div2k,0867.png,0.20000000298023224,U-TGV (final),U-TGV (20e),PSNR,0.4498023986816406
div2k,div2k/0868.png/sigma_0.200,div2k,0868.png,0.20000000298023224,U-TGV (final),U-TGV (20e),PSNR,0.2475433349609375
div2k,div2k/0869.png/sigma_0.200,div2k,0869.png,0.20000000298023224,U-TGV (final),U-TGV (20e),PSNR,0.49076652526855113
div2k,div2k/0870.png/sigma_0.200,div2k,0870.png,0.20000000298023224,U-TGV (final),U-TGV (20e),PSNR,0.431793212890625
div2k,div2k/0871.png/sigma_0.200,div2k,0871.png,0.20000000298023224,U-TGV (final),U-TGV (20e),PSNR,0.37189292907714844
div2k,div2k/0872.png/sigma_0.200,div2k,0872.png,0.20000000298023224,U-TGV (final),U-TGV (20e),PSNR,0.2849769592285156
div2k,div2k/0873.png/sigma_0.200,div2k,0873.png,0.20000000298023224,U-TGV (final),U-TGV (20e),PSNR,0.365631103515625
div2k,div2k/0874.png/sigma_0.200,div2k,0874.png,0.20000000298023224,U-TGV (final),U-TGV (20e),PSNR,0.33461952209472656
div2k,div2k/0875.png/sigma_0.200,div2k,0875.png,0.20000000298023224,U-TGV (final),U-TGV (20e),PSNR,0.21753883361816406
div2k,div2k/0876.png/sigma_0.200,div2k,0876.png,0.20000000298023224,U-TGV (final),U-TGV (20e),PSNR,0.4731006622314453
div2k,div2k/0877.png/sigma_0.200,div2k,0877.png,0.20000000298023224,U-TGV (final),U-TGV (20e),PSNR,0.2943439483642578
div2k,div2k/0878.png/sigma_0.200,div2k,0878.png,0.20000000298023224,U-TGV (final),U-TGV (20e),PSNR,0.4212684631347656
div2k,div2k/0879.png/sigma_0.200,div2k,0879.png,0.20000000298023224,U-TGV (final),U-TGV (20e),PSNR,0.20680999755859375
div2k,div2k/0880.png/sigma_0.200,div2k,0880.png,0.20000000298023224,U-TGV (final),U-TGV (20e),PSNR,0.6664276123046875
div2k,div2k/0881.png/sigma_0.200,div2k,0881.png,0.20000000298023224,U-TGV (final),U-TGV (20e),PSNR,0.3232307434082031
div2k,div2k/0882.png/sigma_0.200,div2k,0882.png,0.20000000298023224,U-TGV (final),U-TGV (20e),PSNR,0.23856925964355824
div2k,div2k/0883.png/sigma_0.200,div2k,0883.png,0.20000000298023224,U-TGV (final),U-TGV (20e),PSNR,0.2933998107910121
div2k,div2k/0884.png/sigma_0.200,div2k,0884.png,0.20000000298023224,U-TGV (final),U-TGV (20e),PSNR,0.29119110107421875
div2k,div2k/0885.png/sigma_0.200,div2k,0885.png,0.20000000298023224,U-TGV (final),U-TGV (20e),PSNR,0.47769927978515625
div2k,div2k/0886.png/sigma_0.200,div2k,0886.png,0.20000000298023224,U-TGV (final),U-TGV (20e),PSNR,0.223907470703125
div2k,div2k/0887.png/sigma_0.200,div2k,0887.png,0.20000000298023224,U-TGV (final),U-TGV (20e),PSNR,0.20855140686035156
div2k,div2k/0888.png/sigma_0.200,div2k,0888.png,0.20000000298023224,U-TGV (final),U-TGV (20e),PSNR,0.2475147247314453
div2k,div2k/0889.png/sigma_0.200,div2k,0889.png,0.20000000298023224,U-TGV (final),U-TGV (20e),PSNR,0.1926708221435547
div2k,div2k/0890.png/sigma_0.200,div2k,0890.png,0.20000000298023224,U-TGV (final),U-TGV (20e),PSNR,0.40096282958984375
div2k,div2k/0891.png/sigma_0.200,div2k,0891.png,0.20000000298023224,U-TGV (final),U-TGV (20e),PSNR,0.23082542419433238
div2k,div2k/0892.png/sigma_0.200,div2k,0892.png,0.20000000298023224,U-TGV (final),U-TGV (20e),PSNR,0.6341934204101562
div2k,div2k/0893.png/sigma_0.200,div2k,0893.png,0.20000000298023224,U-TGV (final),U-TGV (20e),PSNR,0.2776355743408203
div2k,div2k/0894.png/sigma_0.200,div2k,0894.png,0.20000000298023224,U-TGV (final),U-TGV (20e),PSNR,0.21624755859375
div2k,div2k/0895.png/sigma_0.200,div2k,0895.png,0.20000000298023224,U-TGV (final),U-TGV (20e),PSNR,0.3118858337402344
div2k,div2k/0896.png/sigma_0.200,div2k,0896.png,0.20000000298023224,U-TGV (final),U-TGV (20e),PSNR,0.15426063537597656
div2k,div2k/0897.png/sigma_0.200,div2k,0897.png,0.20000000298023224,U-TGV (final),U-TGV (20e),PSNR,0.41358375549316406
div2k,div2k/0898.png/sigma_0.200,div2k,0898.png,0.20000000298023224,U-TGV (final),U-TGV (20e),PSNR,0.25896453857421875
div2k,div2k/0899.png/sigma_0.200,div2k,0899.png,0.20000000298023224,U-TGV (final),U-TGV (20e),PSNR,0.5008621215820312
div2k,div2k/0900.png/sigma_0.200,div2k,0900.png,0.20000000298023224,U-TGV (final),U-TGV (20e),PSNR,0.27307891845703125
div2k,div2k/0801.png/sigma_0.200,div2k,0801.png,0.20000000298023224,U-TGV (final),U-TGV (20e),SSIM,0.03959453105926514
div2k,div2k/0802.png/sigma_0.200,div2k,0802.png,0.20000000298023224,U-TGV (final),U-TGV (20e),SSIM,0.01211690902709961
div2k,div2k/0803.png/sigma_0.200,div2k,0803.png,0.20000000298023224,U-TGV (final),U-TGV (20e),SSIM,0.011156976222991943
div2k,div2k/0804.png/sigma_0.200,div2k,0804.png,0.20000000298023224,U-TGV (final),U-TGV (20e),SSIM,0.0069168806076049805
div2k,div2k/0805.png/sigma_0.200,div2k,0805.png,0.20000000298023224,U-TGV (final),U-TGV (20e),SSIM,0.024914145469665527
div2k,div2k/0806.png/sigma_0.200,div2k,0806.png,0.20000000298023224,U-TGV (final),U-TGV (20e),SSIM,0.02315467596054077
div2k,div2k/0807.png/sigma_0.200,div2k,0807.png,0.20000000298023224,U-TGV (final),U-TGV (20e),SSIM,0.050259530544281006
div2k,div2k/0808.png/sigma_0.200,div2k,0808.png,0.20000000298023224,U-TGV (final),U-TGV (20e),SSIM,0.030066370964050293
div2k,div2k/0809.png/sigma_0.200,div2k,0809.png,0.20000000298023224,U-TGV (final),U-TGV (20e),SSIM,0.03431689739227295
div2k,div2k/0810.png/sigma_0.200,div2k,0810.png,0.20000000298023224,U-TGV (final),U-TGV (20e),SSIM,0.02471756935119629
div2k,div2k/0811.png/sigma_0.200,div2k,0811.png,0.20000000298023224,U-TGV (final),U-TGV (20e),SSIM,0.04740917682647705
div2k,div2k/0812.png/sigma_0.200,div2k,0812.png,0.20000000298023224,U-TGV (final),U-TGV (20e),SSIM,0.02685070037841797
div2k,div2k/0813.png/sigma_0.200,div2k,0813.png,0.20000000298023224,U-TGV (final),U-TGV (20e),SSIM,0.022630929946899414
div2k,div2k/0814.png/sigma_0.200,div2k,0814.png,0.20000000298023224,U-TGV (final),U-TGV (20e),SSIM,0.0396004319190979
div2k,div2k/0815.png/sigma_0.200,div2k,0815.png,0.20000000298023224,U-TGV (final),U-TGV (20e),SSIM,0.04005563259124756
div2k,div2k/0816.png/sigma_0.200,div2k,0816.png,0.20000000298023224,U-TGV (final),U-TGV (20e),SSIM,0.04842054843902588
div2k,div2k/0817.png/sigma_0.200,div2k,0817.png,0.20000000298023224,U-TGV (final),U-TGV (20e),SSIM,0.043799638748168945
div2k,div2k/0818.png/sigma_0.200,div2k,0818.png,0.20000000298023224,U-TGV (final),U-TGV (20e),SSIM,0.02702277898788452
div2k,div2k/0819.png/sigma_0.200,div2k,0819.png,0.20000000298023224,U-TGV (final),U-TGV (20e),SSIM,0.0327492356300354
div2k,div2k/0820.png/sigma_0.200,div2k,0820.png,0.20000000298023224,U-TGV (final),U-TGV (20e),SSIM,0.02198171615600586
div2k,div2k/0821.png/sigma_0.200,div2k,0821.png,0.20000000298023224,U-TGV (final),U-TGV (20e),SSIM,0.00803995132446289
div2k,div2k/0822.png/sigma_0.200,div2k,0822.png,0.20000000298023224,U-TGV (final),U-TGV (20e),SSIM,0.09178125858306885
div2k,div2k/0823.png/sigma_0.200,div2k,0823.png,0.20000000298023224,U-TGV (final),U-TGV (20e),SSIM,0.027083516120910645
div2k,div2k/0824.png/sigma_0.200,div2k,0824.png,0.20000000298023224,U-TGV (final),U-TGV (20e),SSIM,0.02336829900741577
div2k,div2k/0825.png/sigma_0.200,div2k,0825.png,0.20000000298023224,U-TGV (final),U-TGV (20e),SSIM,0.028526663780212402
div2k,div2k/0826.png/sigma_0.200,div2k,0826.png,0.20000000298023224,U-TGV (final),U-TGV (20e),SSIM,0.03280234336853027
div2k,div2k/0827.png/sigma_0.200,div2k,0827.png,0.20000000298023224,U-TGV (final),U-TGV (20e),SSIM,0.026920557022094727
div2k,div2k/0828.png/sigma_0.200,div2k,0828.png,0.20000000298023224,U-TGV (final),U-TGV (20e),SSIM,0.13958153128623962
div2k,div2k/0829.png/sigma_0.200,div2k,0829.png,0.20000000298023224,U-TGV (final),U-TGV (20e),SSIM,0.02728283405303955
div2k,div2k/0830.png/sigma_0.200,div2k,0830.png,0.20000000298023224,U-TGV (final),U-TGV (20e),SSIM,0.03000783920288086
div2k,div2k/0831.png/sigma_0.200,div2k,0831.png,0.20000000298023224,U-TGV (final),U-TGV (20e),SSIM,0.028061509132385254
div2k,div2k/0832.png/sigma_0.200,div2k,0832.png,0.20000000298023224,U-TGV (final),U-TGV (20e),SSIM,0.01832902431488037
div2k,div2k/0833.png/sigma_0.200,div2k,0833.png,0.20000000298023224,U-TGV (final),U-TGV (20e),SSIM,0.03264504671096802
div2k,div2k/0834.png/sigma_0.200,div2k,0834.png,0.20000000298023224,U-TGV (final),U-TGV (20e),SSIM,0.03053128719329834
div2k,div2k/0835.png/sigma_0.200,div2k,0835.png,0.20000000298023224,U-TGV (final),U-TGV (20e),SSIM,0.03530442714691162
div2k,div2k/0836.png/sigma_0.200,div2k,0836.png,0.20000000298023224,U-TGV (final),U-TGV (20e),SSIM,0.026953935623168945
div2k,div2k/0837.png/sigma_0.200,div2k,0837.png,0.20000000298023224,U-TGV (final),U-TGV (20e),SSIM,0.03553211688995361
div2k,div2k/0838.png/sigma_0.200,div2k,0838.png,0.20000000298023224,U-TGV (final),U-TGV (20e),SSIM,0.017124414443969727
div2k,div2k/0839.png/sigma_0.200,div2k,0839.png,0.20000000298023224,U-TGV (final),U-TGV (20e),SSIM,0.021262705326080322
div2k,div2k/0840.png/sigma_0.200,div2k,0840.png,0.20000000298023224,U-TGV (final),U-TGV (20e),SSIM,0.04505300521850586
div2k,div2k/0841.png/sigma_0.200,div2k,0841.png,0.20000000298023224,U-TGV (final),U-TGV (20e),SSIM,0.029878079891204834
div2k,div2k/0842.png/sigma_0.200,div2k,0842.png,0.20000000298023224,U-TGV (final),U-TGV (20e),SSIM,0.01302945613861084
div2k,div2k/0843.png/sigma_0.200,div2k,0843.png,0.20000000298023224,U-TGV (final),U-TGV (20e),SSIM,0.030672192573547363
div2k,div2k/0844.png/sigma_0.200,div2k,0844.png,0.20000000298023224,U-TGV (final),U-TGV (20e),SSIM,0.024397611618041992
div2k,div2k/0845.png/sigma_0.200,div2k,0845.png,0.20000000298023224,U-TGV (final),U-TGV (20e),SSIM,0.03645169734954834
div2k,div2k/0846.png/sigma_0.200,div2k,0846.png,0.20000000298023224,U-TGV (final),U-TGV (20e),SSIM,0.016875147819519043
div2k,div2k/0847.png/sigma_0.200,div2k,0847.png,0.20000000298023224,U-TGV (final),U-TGV (20e),SSIM,0.018852651119232178
div2k,div2k/0848.png/sigma_0.200,div2k,0848.png,0.20000000298023224,U-TGV (final),U-TGV (20e),SSIM,0.015858888626098633
div2k,div2k/0849.png/sigma_0.200,div2k,0849.png,0.20000000298023224,U-TGV (final),U-TGV (20e),SSIM,0.0026636719703674316
div2k,div2k/0850.png/sigma_0.200,div2k,0850.png,0.20000000298023224,U-TGV (final),U-TGV (20e),SSIM,0.038218677043914795
div2k,div2k/0851.png/sigma_0.200,div2k,0851.png,0.20000000298023224,U-TGV (final),U-TGV (20e),SSIM,0.042523860931396484
div2k,div2k/0852.png/sigma_0.200,div2k,0852.png,0.20000000298023224,U-TGV (final),U-TGV (20e),SSIM,0.01518481969833374
div2k,div2k/0853.png/sigma_0.200,div2k,0853.png,0.20000000298023224,U-TGV (final),U-TGV (20e),SSIM,0.03300100564956665
div2k,div2k/0854.png/sigma_0.200,div2k,0854.png,0.20000000298023224,U-TGV (final),U-TGV (20e),SSIM,0.02476370334625244
div2k,div2k/0855.png/sigma_0.200,div2k,0855.png,0.20000000298023224,U-TGV (final),U-TGV (20e),SSIM,0.017569303512573242
div2k,div2k/0856.png/sigma_0.200,div2k,0856.png,0.20000000298023224,U-TGV (final),U-TGV (20e),SSIM,0.04579031467437744
div2k,div2k/0857.png/sigma_0.200,div2k,0857.png,0.20000000298023224,U-TGV (final),U-TGV (20e),SSIM,0.021482467651367188
div2k,div2k/0858.png/sigma_0.200,div2k,0858.png,0.20000000298023224,U-TGV (final),U-TGV (20e),SSIM,0.046793460845947266
div2k,div2k/0859.png/sigma_0.200,div2k,0859.png,0.20000000298023224,U-TGV (final),U-TGV (20e),SSIM,0.020232200622558594
div2k,div2k/0860.png/sigma_0.200,div2k,0860.png,0.20000000298023224,U-TGV (final),U-TGV (20e),SSIM,0.049388885498046875
div2k,div2k/0861.png/sigma_0.200,div2k,0861.png,0.20000000298023224,U-TGV (final),U-TGV (20e),SSIM,0.016962885856628418
div2k,div2k/0862.png/sigma_0.200,div2k,0862.png,0.20000000298023224,U-TGV (final),U-TGV (20e),SSIM,0.03705596923828125
div2k,div2k/0863.png/sigma_0.200,div2k,0863.png,0.20000000298023224,U-TGV (final),U-TGV (20e),SSIM,0.04108154773712158
div2k,div2k/0864.png/sigma_0.200,div2k,0864.png,0.20000000298023224,U-TGV (final),U-TGV (20e),SSIM,0.05079108476638794
div2k,div2k/0865.png/sigma_0.200,div2k,0865.png,0.20000000298023224,U-TGV (final),U-TGV (20e),SSIM,0.028715014457702637
div2k,div2k/0866.png/sigma_0.200,div2k,0866.png,0.20000000298023224,U-TGV (final),U-TGV (20e),SSIM,0.03548997640609741
div2k,div2k/0867.png/sigma_0.200,div2k,0867.png,0.20000000298023224,U-TGV (final),U-TGV (20e),SSIM,0.03727519512176514
div2k,div2k/0868.png/sigma_0.200,div2k,0868.png,0.20000000298023224,U-TGV (final),U-TGV (20e),SSIM,0.047082602977752686
div2k,div2k/0869.png/sigma_0.200,div2k,0869.png,0.20000000298023224,U-TGV (final),U-TGV (20e),SSIM,0.04514765739440918
div2k,div2k/0870.png/sigma_0.200,div2k,0870.png,0.20000000298023224,U-TGV (final),U-TGV (20e),SSIM,0.05459553003311157
div2k,div2k/0871.png/sigma_0.200,div2k,0871.png,0.20000000298023224,U-TGV (final),U-TGV (20e),SSIM,0.026450514793395996
div2k,div2k/0872.png/sigma_0.200,div2k,0872.png,0.20000000298023224,U-TGV (final),U-TGV (20e),SSIM,0.011120796203613281
div2k,div2k/0873.png/sigma_0.200,div2k,0873.png,0.20000000298023224,U-TGV (final),U-TGV (20e),SSIM,0.05551135540008545
div2k,div2k/0874.png/sigma_0.200,div2k,0874.png,0.20000000298023224,U-TGV (final),U-TGV (20e),SSIM,0.02783024311065674
div2k,div2k/0875.png/sigma_0.200,div2k,0875.png,0.20000000298023224,U-TGV (final),U-TGV (20e),SSIM,0.021375000476837158
div2k,div2k/0876.png/sigma_0.200,div2k,0876.png,0.20000000298023224,U-TGV (final),U-TGV (20e),SSIM,0.05657714605331421
div2k,div2k/0877.png/sigma_0.200,div2k,0877.png,0.20000000298023224,U-TGV (final),U-TGV (20e),SSIM,0.026965618133544922
div2k,div2k/0878.png/sigma_0.200,div2k,0878.png,0.20000000298023224,U-TGV (final),U-TGV (20e),SSIM,0.029293596744537354
div2k,div2k/0879.png/sigma_0.200,div2k,0879.png,0.20000000298023224,U-TGV (final),U-TGV (20e),SSIM,0.032323598861694336
div2k,div2k/0880.png/sigma_0.200,div2k,0880.png,0.20000000298023224,U-TGV (final),U-TGV (20e),SSIM,0.053736984729766846
div2k,div2k/0881.png/sigma_0.200,div2k,0881.png,0.20000000298023224,U-TGV (final),U-TGV (20e),SSIM,0.02310699224472046
div2k,div2k/0882.png/sigma_0.200,div2k,0882.png,0.20000000298023224,U-TGV (final),U-TGV (20e),SSIM,0.013541758060455322
div2k,div2k/0883.png/sigma_0.200,div2k,0883.png,0.20000000298023224,U-TGV (final),U-TGV (20e),SSIM,0.02418231964111328
div2k,div2k/0884.png/sigma_0.200,div2k,0884.png,0.20000000298023224,U-TGV (final),U-TGV (20e),SSIM,0.03673148155212402
div2k,div2k/0885.png/sigma_0.200,div2k,0885.png,0.20000000298023224,U-TGV (final),U-TGV (20e),SSIM,0.05445969104766846
div2k,div2k/0886.png/sigma_0.200,div2k,0886.png,0.20000000298023224,U-TGV (final),U-TGV (20e),SSIM,0.0076361894607543945
div2k,div2k/0887.png/sigma_0.200,div2k,0887.png,0.20000000298023224,U-TGV (final),U-TGV (20e),SSIM,0.04354602098464966
div2k,div2k/0888.png/sigma_0.200,div2k,0888.png,0.20000000298023224,U-TGV (final),U-TGV (20e),SSIM,0.014719963073730469
div2k,div2k/0889.png/sigma_0.200,div2k,0889.png,0.20000000298023224,U-TGV (final),U-TGV (20e),SSIM,0.01883387565612793
div2k,div2k/0890.png/sigma_0.200,div2k,0890.png,0.20000000298023224,U-TGV (final),U-TGV (20e),SSIM,0.0468142032623291
div2k,div2k/0891.png/sigma_0.200,div2k,0891.png,0.20000000298023224,U-TGV (final),U-TGV (20e),SSIM,0.019376158714294434
div2k,div2k/0892.png/sigma_0.200,div2k,0892.png,0.20000000298023224,U-TGV (final),U-TGV (20e),SSIM,0.08507311344146729
div2k,div2k/0893.png/sigma_0.200,div2k,0893.png,0.20000000298023224,U-TGV (final),U-TGV (20e),SSIM,0.02262401580810547
div2k,div2k/0894.png/sigma_0.200,div2k,0894.png,0.20000000298023224,U-TGV (final),U-TGV (20e),SSIM,0.018632590770721436
div2k,div2k/0895.png/sigma_0.200,div2k,0895.png,0.20000000298023224,U-TGV (final),U-TGV (20e),SSIM,0.030669331550598145
div2k,div2k/0896.png/sigma_0.200,div2k,0896.png,0.20000000298023224,U-TGV (final),U-TGV (20e),SSIM,0.04164069890975952
div2k,div2k/0897.png/sigma_0.200,div2k,0897.png,0.20000000298023224,U-TGV (final),U-TGV (20e),SSIM,0.02878439426422119
div2k,div2k/0898.png/sigma_0.200,div2k,0898.png,0.20000000298023224,U-TGV (final),U-TGV (20e),SSIM,0.044348835945129395
div2k,div2k/0899.png/sigma_0.200,div2k,0899.png,0.20000000298023224,U-TGV (final),U-TGV (20e),SSIM,0.03930783271789551
div2k,div2k/0900.png/sigma_0.200,div2k,0900.png,0.20000000298023224,U-TGV (final),U-TGV (20e),SSIM,0.03332638740539551
div2k,div2k/0801.png/sigma_0.200,div2k,0801.png,0.20000000298023224,U-Tikhonov T16/CG32 (final),U-Tikhonov T16/CG32 (20e),PSNR,0.13465118408203125
div2k,div2k/0802.png/sigma_0.200,div2k,0802.png,0.20000000298023224,U-Tikhonov T16/CG32 (final),U-Tikhonov T16/CG32 (20e),PSNR,0.5760116577148438
div2k,div2k/0803.png/sigma_0.200,div2k,0803.png,0.20000000298023224,U-Tikhonov T16/CG32 (final),U-Tikhonov T16/CG32 (20e),PSNR,0.7637310028076172
div2k,div2k/0804.png/sigma_0.200,div2k,0804.png,0.20000000298023224,U-Tikhonov T16/CG32 (final),U-Tikhonov T16/CG32 (20e),PSNR,0.4456939697265625
div2k,div2k/0805.png/sigma_0.200,div2k,0805.png,0.20000000298023224,U-Tikhonov T16/CG32 (final),U-Tikhonov T16/CG32 (20e),PSNR,0.12494277954101562
div2k,div2k/0806.png/sigma_0.200,div2k,0806.png,0.20000000298023224,U-Tikhonov T16/CG32 (final),U-Tikhonov T16/CG32 (20e),PSNR,0.3593597412109375
div2k,div2k/0807.png/sigma_0.200,div2k,0807.png,0.20000000298023224,U-Tikhonov T16/CG32 (final),U-Tikhonov T16/CG32 (20e),PSNR,0.11525917053222656
div2k,div2k/0808.png/sigma_0.200,div2k,0808.png,0.20000000298023224,U-Tikhonov T16/CG32 (final),U-Tikhonov T16/CG32 (20e),PSNR,0.15773963928222656
div2k,div2k/0809.png/sigma_0.200,div2k,0809.png,0.20000000298023224,U-Tikhonov T16/CG32 (final),U-Tikhonov T16/CG32 (20e),PSNR,0.10435485839843395
div2k,div2k/0810.png/sigma_0.200,div2k,0810.png,0.20000000298023224,U-Tikhonov T16/CG32 (final),U-Tikhonov T16/CG32 (20e),PSNR,0.16437911987304688
div2k,div2k/0811.png/sigma_0.200,div2k,0811.png,0.20000000298023224,U-Tikhonov T16/CG32 (final),U-Tikhonov T16/CG32 (20e),PSNR,0.03941154479980469
div2k,div2k/0812.png/sigma_0.200,div2k,0812.png,0.20000000298023224,U-Tikhonov T16/CG32 (final),U-Tikhonov T16/CG32 (20e),PSNR,0.3566246032714844
div2k,div2k/0813.png/sigma_0.200,div2k,0813.png,0.20000000298023224,U-Tikhonov T16/CG32 (final),U-Tikhonov T16/CG32 (20e),PSNR,0.2852001190185547
div2k,div2k/0814.png/sigma_0.200,div2k,0814.png,0.20000000298023224,U-Tikhonov T16/CG32 (final),U-Tikhonov T16/CG32 (20e),PSNR,0.29728126525878906
div2k,div2k/0815.png/sigma_0.200,div2k,0815.png,0.20000000298023224,U-Tikhonov T16/CG32 (final),U-Tikhonov T16/CG32 (20e),PSNR,0.3506946563720703
div2k,div2k/0816.png/sigma_0.200,div2k,0816.png,0.20000000298023224,U-Tikhonov T16/CG32 (final),U-Tikhonov T16/CG32 (20e),PSNR,0.4327678680419922
div2k,div2k/0817.png/sigma_0.200,div2k,0817.png,0.20000000298023224,U-Tikhonov T16/CG32 (final),U-Tikhonov T16/CG32 (20e),PSNR,0.2013835906982422
div2k,div2k/0818.png/sigma_0.200,div2k,0818.png,0.20000000298023224,U-Tikhonov T16/CG32 (final),U-Tikhonov T16/CG32 (20e),PSNR,0.15343093872070312
div2k,div2k/0819.png/sigma_0.200,div2k,0819.png,0.20000000298023224,U-Tikhonov T16/CG32 (final),U-Tikhonov T16/CG32 (20e),PSNR,0.11681747436523438
div2k,div2k/0820.png/sigma_0.200,div2k,0820.png,0.20000000298023224,U-Tikhonov T16/CG32 (final),U-Tikhonov T16/CG32 (20e),PSNR,0.3346538543701172
div2k,div2k/0821.png/sigma_0.200,div2k,0821.png,0.20000000298023224,U-Tikhonov T16/CG32 (final),U-Tikhonov T16/CG32 (20e),PSNR,0.5105228424072266
div2k,div2k/0822.png/sigma_0.200,div2k,0822.png,0.20000000298023224,U-Tikhonov T16/CG32 (final),U-Tikhonov T16/CG32 (20e),PSNR,0.21178627014160156
div2k,div2k/0823.png/sigma_0.200,div2k,0823.png,0.20000000298023224,U-Tikhonov T16/CG32 (final),U-Tikhonov T16/CG32 (20e),PSNR,0.11495208740234375
div2k,div2k/0824.png/sigma_0.200,div2k,0824.png,0.20000000298023224,U-Tikhonov T16/CG32 (final),U-Tikhonov T16/CG32 (20e),PSNR,0.6308422088623047
div2k,div2k/0825.png/sigma_0.200,div2k,0825.png,0.20000000298023224,U-Tikhonov T16/CG32 (final),U-Tikhonov T16/CG32 (20e),PSNR,0.31195831298828125
div2k,div2k/0826.png/sigma_0.200,div2k,0826.png,0.20000000298023224,U-Tikhonov T16/CG32 (final),U-Tikhonov T16/CG32 (20e),PSNR,0.17218399047851562
div2k,div2k/0827.png/sigma_0.200,div2k,0827.png,0.20000000298023224,U-Tikhonov T16/CG32 (final),U-Tikhonov T16/CG32 (20e),PSNR,0.2223358154296875
div2k,div2k/0828.png/sigma_0.200,div2k,0828.png,0.20000000298023224,U-Tikhonov T16/CG32 (final),U-Tikhonov T16/CG32 (20e),PSNR,0.7695159912109375
div2k,div2k/0829.png/sigma_0.200,div2k,0829.png,0.20000000298023224,U-Tikhonov T16/CG32 (final),U-Tikhonov T16/CG32 (20e),PSNR,0.5497760772705078
div2k,div2k/0830.png/sigma_0.200,div2k,0830.png,0.20000000298023224,U-Tikhonov T16/CG32 (final),U-Tikhonov T16/CG32 (20e),PSNR,0.19976806640625
div2k,div2k/0831.png/sigma_0.200,div2k,0831.png,0.20000000298023224,U-Tikhonov T16/CG32 (final),U-Tikhonov T16/CG32 (20e),PSNR,0.2080211639404297
div2k,div2k/0832.png/sigma_0.200,div2k,0832.png,0.20000000298023224,U-Tikhonov T16/CG32 (final),U-Tikhonov T16/CG32 (20e),PSNR,0.2036285400390625
div2k,div2k/0833.png/sigma_0.200,div2k,0833.png,0.20000000298023224,U-Tikhonov T16/CG32 (final),U-Tikhonov T16/CG32 (20e),PSNR,0.3315773010253906
div2k,div2k/0834.png/sigma_0.200,div2k,0834.png,0.20000000298023224,U-Tikhonov T16/CG32 (final),U-Tikhonov T16/CG32 (20e),PSNR,0.17644500732421875
div2k,div2k/0835.png/sigma_0.200,div2k,0835.png,0.20000000298023224,U-Tikhonov T16/CG32 (final),U-Tikhonov T16/CG32 (20e),PSNR,0.09934234619140625
div2k,div2k/0836.png/sigma_0.200,div2k,0836.png,0.20000000298023224,U-Tikhonov T16/CG32 (final),U-Tikhonov T16/CG32 (20e),PSNR,0.24366378784179688
div2k,div2k/0837.png/sigma_0.200,div2k,0837.png,0.20000000298023224,U-Tikhonov T16/CG32 (final),U-Tikhonov T16/CG32 (20e),PSNR,0.24909400939941406
div2k,div2k/0838.png/sigma_0.200,div2k,0838.png,0.20000000298023224,U-Tikhonov T16/CG32 (final),U-Tikhonov T16/CG32 (20e),PSNR,0.7693214416503906
div2k,div2k/0839.png/sigma_0.200,div2k,0839.png,0.20000000298023224,U-Tikhonov T16/CG32 (final),U-Tikhonov T16/CG32 (20e),PSNR,0.17299461364746094
div2k,div2k/0840.png/sigma_0.200,div2k,0840.png,0.20000000298023224,U-Tikhonov T16/CG32 (final),U-Tikhonov T16/CG32 (20e),PSNR,0.21990966796875
div2k,div2k/0841.png/sigma_0.200,div2k,0841.png,0.20000000298023224,U-Tikhonov T16/CG32 (final),U-Tikhonov T16/CG32 (20e),PSNR,0.19640159606933594
div2k,div2k/0842.png/sigma_0.200,div2k,0842.png,0.20000000298023224,U-Tikhonov T16/CG32 (final),U-Tikhonov T16/CG32 (20e),PSNR,0.3145313262939453
div2k,div2k/0843.png/sigma_0.200,div2k,0843.png,0.20000000298023224,U-Tikhonov T16/CG32 (final),U-Tikhonov T16/CG32 (20e),PSNR,0.2781772613525355
div2k,div2k/0844.png/sigma_0.200,div2k,0844.png,0.20000000298023224,U-Tikhonov T16/CG32 (final),U-Tikhonov T16/CG32 (20e),PSNR,0.37488746643066406
div2k,div2k/0845.png/sigma_0.200,div2k,0845.png,0.20000000298023224,U-Tikhonov T16/CG32 (final),U-Tikhonov T16/CG32 (20e),PSNR,0.3966560363769531
div2k,div2k/0846.png/sigma_0.200,div2k,0846.png,0.20000000298023224,U-Tikhonov T16/CG32 (final),U-Tikhonov T16/CG32 (20e),PSNR,0.06383132934570312
div2k,div2k/0847.png/sigma_0.200,div2k,0847.png,0.20000000298023224,U-Tikhonov T16/CG32 (final),U-Tikhonov T16/CG32 (20e),PSNR,0.2570037841796875
div2k,div2k/0848.png/sigma_0.200,div2k,0848.png,0.20000000298023224,U-Tikhonov T16/CG32 (final),U-Tikhonov T16/CG32 (20e),PSNR,0.3500957489013672
div2k,div2k/0849.png/sigma_0.200,div2k,0849.png,0.20000000298023224,U-Tikhonov T16/CG32 (final),U-Tikhonov T16/CG32 (20e),PSNR,0.11680793762207031
div2k,div2k/0850.png/sigma_0.200,div2k,0850.png,0.20000000298023224,U-Tikhonov T16/CG32 (final),U-Tikhonov T16/CG32 (20e),PSNR,0.36964988708496094
div2k,div2k/0851.png/sigma_0.200,div2k,0851.png,0.20000000298023224,U-Tikhonov T16/CG32 (final),U-Tikhonov T16/CG32 (20e),PSNR,0.34642982482910156
div2k,div2k/0852.png/sigma_0.200,div2k,0852.png,0.20000000298023224,U-Tikhonov T16/CG32 (final),U-Tikhonov T16/CG32 (20e),PSNR,0.09286117553710938
div2k,div2k/0853.png/sigma_0.200,div2k,0853.png,0.20000000298023224,U-Tikhonov T16/CG32 (final),U-Tikhonov T16/CG32 (20e),PSNR,0.2569770812988281
div2k,div2k/0854.png/sigma_0.200,div2k,0854.png,0.20000000298023224,U-Tikhonov T16/CG32 (final),U-Tikhonov T16/CG32 (20e),PSNR,0.2179355621337855
div2k,div2k/0855.png/sigma_0.200,div2k,0855.png,0.20000000298023224,U-Tikhonov T16/CG32 (final),U-Tikhonov T16/CG32 (20e),PSNR,0.25873756408691406
div2k,div2k/0856.png/sigma_0.200,div2k,0856.png,0.20000000298023224,U-Tikhonov T16/CG32 (final),U-Tikhonov T16/CG32 (20e),PSNR,0.0556793212890625
div2k,div2k/0857.png/sigma_0.200,div2k,0857.png,0.20000000298023224,U-Tikhonov T16/CG32 (final),U-Tikhonov T16/CG32 (20e),PSNR,0.8989772796630859
div2k,div2k/0858.png/sigma_0.200,div2k,0858.png,0.20000000298023224,U-Tikhonov T16/CG32 (final),U-Tikhonov T16/CG32 (20e),PSNR,0.1313323974609375
div2k,div2k/0859.png/sigma_0.200,div2k,0859.png,0.20000000298023224,U-Tikhonov T16/CG32 (final),U-Tikhonov T16/CG32 (20e),PSNR,0.025411605834960938
div2k,div2k/0860.png/sigma_0.200,div2k,0860.png,0.20000000298023224,U-Tikhonov T16/CG32 (final),U-Tikhonov T16/CG32 (20e),PSNR,0.042921066284176135
div2k,div2k/0861.png/sigma_0.200,div2k,0861.png,0.20000000298023224,U-Tikhonov T16/CG32 (final),U-Tikhonov T16/CG32 (20e),PSNR,0.16669082641601918
div2k,div2k/0862.png/sigma_0.200,div2k,0862.png,0.20000000298023224,U-Tikhonov T16/CG32 (final),U-Tikhonov T16/CG32 (20e),PSNR,0.4372844696044922
div2k,div2k/0863.png/sigma_0.200,div2k,0863.png,0.20000000298023224,U-Tikhonov T16/CG32 (final),U-Tikhonov T16/CG32 (20e),PSNR,0.15503311157226562
div2k,div2k/0864.png/sigma_0.200,div2k,0864.png,0.20000000298023224,U-Tikhonov T16/CG32 (final),U-Tikhonov T16/CG32 (20e),PSNR,0.40439605712890625
div2k,div2k/0865.png/sigma_0.200,div2k,0865.png,0.20000000298023224,U-Tikhonov T16/CG32 (final),U-Tikhonov T16/CG32 (20e),PSNR,0.27980613708496094
div2k,div2k/0866.png/sigma_0.200,div2k,0866.png,0.20000000298023224,U-Tikhonov T16/CG32 (final),U-Tikhonov T16/CG32 (20e),PSNR,0.28415870666503906
div2k,div2k/0867.png/sigma_0.200,div2k,0867.png,0.20000000298023224,U-Tikhonov T16/CG32 (final),U-Tikhonov T16/CG32 (20e),PSNR,0.43126869201660156
div2k,div2k/0868.png/sigma_0.200,div2k,0868.png,0.20000000298023224,U-Tikhonov T16/CG32 (final),U-Tikhonov T16/CG32 (20e),PSNR,0.4298591613769496
div2k,div2k/0869.png/sigma_0.200,div2k,0869.png,0.20000000298023224,U-Tikhonov T16/CG32 (final),U-Tikhonov T16/CG32 (20e),PSNR,0.247100830078125
div2k,div2k/0870.png/sigma_0.200,div2k,0870.png,0.20000000298023224,U-Tikhonov T16/CG32 (final),U-Tikhonov T16/CG32 (20e),PSNR,0.12148284912109375
div2k,div2k/0871.png/sigma_0.200,div2k,0871.png,0.20000000298023224,U-Tikhonov T16/CG32 (final),U-Tikhonov T16/CG32 (20e),PSNR,0.2810344696044922
div2k,div2k/0872.png/sigma_0.200,div2k,0872.png,0.20000000298023224,U-Tikhonov T16/CG32 (final),U-Tikhonov T16/CG32 (20e),PSNR,0.31971740722655895
div2k,div2k/0873.png/sigma_0.200,div2k,0873.png,0.20000000298023224,U-Tikhonov T16/CG32 (final),U-Tikhonov T16/CG32 (20e),PSNR,0.012041091918945312
div2k,div2k/0874.png/sigma_0.200,div2k,0874.png,0.20000000298023224,U-Tikhonov T16/CG32 (final),U-Tikhonov T16/CG32 (20e),PSNR,0.30814170837402344
div2k,div2k/0875.png/sigma_0.200,div2k,0875.png,0.20000000298023224,U-Tikhonov T16/CG32 (final),U-Tikhonov T16/CG32 (20e),PSNR,0.20457077026367188
div2k,div2k/0876.png/sigma_0.200,div2k,0876.png,0.20000000298023224,U-Tikhonov T16/CG32 (final),U-Tikhonov T16/CG32 (20e),PSNR,0.25286102294921875
div2k,div2k/0877.png/sigma_0.200,div2k,0877.png,0.20000000298023224,U-Tikhonov T16/CG32 (final),U-Tikhonov T16/CG32 (20e),PSNR,0.3225822448730469
div2k,div2k/0878.png/sigma_0.200,div2k,0878.png,0.20000000298023224,U-Tikhonov T16/CG32 (final),U-Tikhonov T16/CG32 (20e),PSNR,0.3473358154296875
div2k,div2k/0879.png/sigma_0.200,div2k,0879.png,0.20000000298023224,U-Tikhonov T16/CG32 (final),U-Tikhonov T16/CG32 (20e),PSNR,0.2615699768066406
div2k,div2k/0880.png/sigma_0.200,div2k,0880.png,0.20000000298023224,U-Tikhonov T16/CG32 (final),U-Tikhonov T16/CG32 (20e),PSNR,0.26708412170410156
div2k,div2k/0881.png/sigma_0.200,div2k,0881.png,0.20000000298023224,U-Tikhonov T16/CG32 (final),U-Tikhonov T16/CG32 (20e),PSNR,0.22267532348632812
div2k,div2k/0882.png/sigma_0.200,div2k,0882.png,0.20000000298023224,U-Tikhonov T16/CG32 (final),U-Tikhonov T16/CG32 (20e),PSNR,0.6208705902099574
div2k,div2k/0883.png/sigma_0.200,div2k,0883.png,0.20000000298023224,U-Tikhonov T16/CG32 (final),U-Tikhonov T16/CG32 (20e),PSNR,0.2713050842285156
div2k,div2k/0884.png/sigma_0.200,div2k,0884.png,0.20000000298023224,U-Tikhonov T16/CG32 (final),U-Tikhonov T16/CG32 (20e),PSNR,0.2704734802246129
div2k,div2k/0885.png/sigma_0.200,div2k,0885.png,0.20000000298023224,U-Tikhonov T16/CG32 (final),U-Tikhonov T16/CG32 (20e),PSNR,0.37640380859375
div2k,div2k/0886.png/sigma_0.200,div2k,0886.png,0.20000000298023224,U-Tikhonov T16/CG32 (final),U-Tikhonov T16/CG32 (20e),PSNR,0.3423309326171875
div2k,div2k/0887.png/sigma_0.200,div2k,0887.png,0.20000000298023224,U-Tikhonov T16/CG32 (final),U-Tikhonov T16/CG32 (20e),PSNR,0.2236766815185547
div2k,div2k/0888.png/sigma_0.200,div2k,0888.png,0.20000000298023224,U-Tikhonov T16/CG32 (final),U-Tikhonov T16/CG32 (20e),PSNR,0.3163299560546875
div2k,div2k/0889.png/sigma_0.200,div2k,0889.png,0.20000000298023224,U-Tikhonov T16/CG32 (final),U-Tikhonov T16/CG32 (20e),PSNR,0.26511383056640625
div2k,div2k/0890.png/sigma_0.200,div2k,0890.png,0.20000000298023224,U-Tikhonov T16/CG32 (final),U-Tikhonov T16/CG32 (20e),PSNR,0.16617584228515625
div2k,div2k/0891.png/sigma_0.200,div2k,0891.png,0.20000000298023224,U-Tikhonov T16/CG32 (final),U-Tikhonov T16/CG32 (20e),PSNR,0.2741546630859375
div2k,div2k/0892.png/sigma_0.200,div2k,0892.png,0.20000000298023224,U-Tikhonov T16/CG32 (final),U-Tikhonov T16/CG32 (20e),PSNR,0.7961349487304688
div2k,div2k/0893.png/sigma_0.200,div2k,0893.png,0.20000000298023224,U-Tikhonov T16/CG32 (final),U-Tikhonov T16/CG32 (20e),PSNR,0.5711841583251953
div2k,div2k/0894.png/sigma_0.200,div2k,0894.png,0.20000000298023224,U-Tikhonov T16/CG32 (final),U-Tikhonov T16/CG32 (20e),PSNR,0.3228168487548828
div2k,div2k/0895.png/sigma_0.200,div2k,0895.png,0.20000000298023224,U-Tikhonov T16/CG32 (final),U-Tikhonov T16/CG32 (20e),PSNR,-0.0103607177734375
div2k,div2k/0896.png/sigma_0.200,div2k,0896.png,0.20000000298023224,U-Tikhonov T16/CG32 (final),U-Tikhonov T16/CG32 (20e),PSNR,0.19844627380371094
div2k,div2k/0897.png/sigma_0.200,div2k,0897.png,0.20000000298023224,U-Tikhonov T16/CG32 (final),U-Tikhonov T16/CG32 (20e),PSNR,2.220653533935547
div2k,div2k/0898.png/sigma_0.200,div2k,0898.png,0.20000000298023224,U-Tikhonov T16/CG32 (final),U-Tikhonov T16/CG32 (20e),PSNR,0.1394824981689453
div2k,div2k/0899.png/sigma_0.200,div2k,0899.png,0.20000000298023224,U-Tikhonov T16/CG32 (final),U-Tikhonov T16/CG32 (20e),PSNR,0.8499851226806641
div2k,div2k/0900.png/sigma_0.200,div2k,0900.png,0.20000000298023224,U-Tikhonov T16/CG32 (final),U-Tikhonov T16/CG32 (20e),PSNR,0.2817497253417969
div2k,div2k/0801.png/sigma_0.200,div2k,0801.png,0.20000000298023224,U-Tikhonov T16/CG32 (final),U-Tikhonov T16/CG32 (20e),SSIM,0.0025928616523742676
div2k,div2k/0802.png/sigma_0.200,div2k,0802.png,0.20000000298023224,U-Tikhonov T16/CG32 (final),U-Tikhonov T16/CG32 (20e),SSIM,0.01562720537185669
div2k,div2k/0803.png/sigma_0.200,div2k,0803.png,0.20000000298023224,U-Tikhonov T16/CG32 (final),U-Tikhonov T16/CG32 (20e),SSIM,0.025688886642456055
div2k,div2k/0804.png/sigma_0.200,div2k,0804.png,0.20000000298023224,U-Tikhonov T16/CG32 (final),U-Tikhonov T16/CG32 (20e),SSIM,0.012271642684936523
div2k,div2k/0805.png/sigma_0.200,div2k,0805.png,0.20000000298023224,U-Tikhonov T16/CG32 (final),U-Tikhonov T16/CG32 (20e),SSIM,-0.002977907657623291
div2k,div2k/0806.png/sigma_0.200,div2k,0806.png,0.20000000298023224,U-Tikhonov T16/CG32 (final),U-Tikhonov T16/CG32 (20e),SSIM,0.022095680236816406
div2k,div2k/0807.png/sigma_0.200,div2k,0807.png,0.20000000298023224,U-Tikhonov T16/CG32 (final),U-Tikhonov T16/CG32 (20e),SSIM,0.0050435662269592285
div2k,div2k/0808.png/sigma_0.200,div2k,0808.png,0.20000000298023224,U-Tikhonov T16/CG32 (final),U-Tikhonov T16/CG32 (20e),SSIM,-0.0013641715049743652
div2k,div2k/0809.png/sigma_0.200,div2k,0809.png,0.20000000298023224,U-Tikhonov T16/CG32 (final),U-Tikhonov T16/CG32 (20e),SSIM,-0.004665970802307129
div2k,div2k/0810.png/sigma_0.200,div2k,0810.png,0.20000000298023224,U-Tikhonov T16/CG32 (final),U-Tikhonov T16/CG32 (20e),SSIM,0.0023736953735351562
div2k,div2k/0811.png/sigma_0.200,div2k,0811.png,0.20000000298023224,U-Tikhonov T16/CG32 (final),U-Tikhonov T16/CG32 (20e),SSIM,-0.0019491910934448242
div2k,div2k/0812.png/sigma_0.200,div2k,0812.png,0.20000000298023224,U-Tikhonov T16/CG32 (final),U-Tikhonov T16/CG32 (20e),SSIM,0.001285851001739502
div2k,div2k/0813.png/sigma_0.200,div2k,0813.png,0.20000000298023224,U-Tikhonov T16/CG32 (final),U-Tikhonov T16/CG32 (20e),SSIM,0.014933466911315918
div2k,div2k/0814.png/sigma_0.200,div2k,0814.png,0.20000000298023224,U-Tikhonov T16/CG32 (final),U-Tikhonov T16/CG32 (20e),SSIM,0.012486755847930908
div2k,div2k/0815.png/sigma_0.200,div2k,0815.png,0.20000000298023224,U-Tikhonov T16/CG32 (final),U-Tikhonov T16/CG32 (20e),SSIM,0.013461709022521973
div2k,div2k/0816.png/sigma_0.200,div2k,0816.png,0.20000000298023224,U-Tikhonov T16/CG32 (final),U-Tikhonov T16/CG32 (20e),SSIM,0.02743971347808838
div2k,div2k/0817.png/sigma_0.200,div2k,0817.png,0.20000000298023224,U-Tikhonov T16/CG32 (final),U-Tikhonov T16/CG32 (20e),SSIM,0.015623271465301514
div2k,div2k/0818.png/sigma_0.200,div2k,0818.png,0.20000000298023224,U-Tikhonov T16/CG32 (final),U-Tikhonov T16/CG32 (20e),SSIM,0.014553189277648926
div2k,div2k/0819.png/sigma_0.200,div2k,0819.png,0.20000000298023224,U-Tikhonov T16/CG32 (final),U-Tikhonov T16/CG32 (20e),SSIM,0.00010716915130615234
div2k,div2k/0820.png/sigma_0.200,div2k,0820.png,0.20000000298023224,U-Tikhonov T16/CG32 (final),U-Tikhonov T16/CG32 (20e),SSIM,0.018886923789978027
div2k,div2k/0821.png/sigma_0.200,div2k,0821.png,0.20000000298023224,U-Tikhonov T16/CG32 (final),U-Tikhonov T16/CG32 (20e),SSIM,0.025310516357421875
div2k,div2k/0822.png/sigma_0.200,div2k,0822.png,0.20000000298023224,U-Tikhonov T16/CG32 (final),U-Tikhonov T16/CG32 (20e),SSIM,0.019403398036956787
div2k,div2k/0823.png/sigma_0.200,div2k,0823.png,0.20000000298023224,U-Tikhonov T16/CG32 (final),U-Tikhonov T16/CG32 (20e),SSIM,0.020810842514038086
div2k,div2k/0824.png/sigma_0.200,div2k,0824.png,0.20000000298023224,U-Tikhonov T16/CG32 (final),U-Tikhonov T16/CG32 (20e),SSIM,0.017746448516845703
div2k,div2k/0825.png/sigma_0.200,div2k,0825.png,0.20000000298023224,U-Tikhonov T16/CG32 (final),U-Tikhonov T16/CG32 (20e),SSIM,0.014956474304199219
div2k,div2k/0826.png/sigma_0.200,div2k,0826.png,0.20000000298023224,U-Tikhonov T16/CG32 (final),U-Tikhonov T16/CG32 (20e),SSIM,0.011536598205566406
div2k,div2k/0827.png/sigma_0.200,div2k,0827.png,0.20000000298023224,U-Tikhonov T16/CG32 (final),U-Tikhonov T16/CG32 (20e),SSIM,0.013689935207366943
div2k,div2k/0828.png/sigma_0.200,div2k,0828.png,0.20000000298023224,U-Tikhonov T16/CG32 (final),U-Tikhonov T16/CG32 (20e),SSIM,0.10249686241149902
div2k,div2k/0829.png/sigma_0.200,div2k,0829.png,0.20000000298023224,U-Tikhonov T16/CG32 (final),U-Tikhonov T16/CG32 (20e),SSIM,0.0139579176902771
div2k,div2k/0830.png/sigma_0.200,div2k,0830.png,0.20000000298023224,U-Tikhonov T16/CG32 (final),U-Tikhonov T16/CG32 (20e),SSIM,0.006035149097442627
div2k,div2k/0831.png/sigma_0.200,div2k,0831.png,0.20000000298023224,U-Tikhonov T16/CG32 (final),U-Tikhonov T16/CG32 (20e),SSIM,0.0076438188552856445
div2k,div2k/0832.png/sigma_0.200,div2k,0832.png,0.20000000298023224,U-Tikhonov T16/CG32 (final),U-Tikhonov T16/CG32 (20e),SSIM,0.00905996561050415
div2k,div2k/0833.png/sigma_0.200,div2k,0833.png,0.20000000298023224,U-Tikhonov T16/CG32 (final),U-Tikhonov T16/CG32 (20e),SSIM,0.025942683219909668
div2k,div2k/0834.png/sigma_0.200,div2k,0834.png,0.20000000298023224,U-Tikhonov T16/CG32 (final),U-Tikhonov T16/CG32 (20e),SSIM,0.007986366748809814
div2k,div2k/0835.png/sigma_0.200,div2k,0835.png,0.20000000298023224,U-Tikhonov T16/CG32 (final),U-Tikhonov T16/CG32 (20e),SSIM,-0.0023813843727111816
div2k,div2k/0836.png/sigma_0.200,div2k,0836.png,0.20000000298023224,U-Tikhonov T16/CG32 (final),U-Tikhonov T16/CG32 (20e),SSIM,0.027313292026519775
div2k,div2k/0837.png/sigma_0.200,div2k,0837.png,0.20000000298023224,U-Tikhonov T16/CG32 (final),U-Tikhonov T16/CG32 (20e),SSIM,0.009991288185119629
div2k,div2k/0838.png/sigma_0.200,div2k,0838.png,0.20000000298023224,U-Tikhonov T16/CG32 (final),U-Tikhonov T16/CG32 (20e),SSIM,0.026210010051727295
div2k,div2k/0839.png/sigma_0.200,div2k,0839.png,0.20000000298023224,U-Tikhonov T16/CG32 (final),U-Tikhonov T16/CG32 (20e),SSIM,0.0013660788536071777
div2k,div2k/0840.png/sigma_0.200,div2k,0840.png,0.20000000298023224,U-Tikhonov T16/CG32 (final),U-Tikhonov T16/CG32 (20e),SSIM,0.005453646183013916
div2k,div2k/0841.png/sigma_0.200,div2k,0841.png,0.20000000298023224,U-Tikhonov T16/CG32 (final),U-Tikhonov T16/CG32 (20e),SSIM,0.01074671745300293
div2k,div2k/0842.png/sigma_0.200,div2k,0842.png,0.20000000298023224,U-Tikhonov T16/CG32 (final),U-Tikhonov T16/CG32 (20e),SSIM,0.012550771236419678
div2k,div2k/0843.png/sigma_0.200,div2k,0843.png,0.20000000298023224,U-Tikhonov T16/CG32 (final),U-Tikhonov T16/CG32 (20e),SSIM,0.008793413639068604
div2k,div2k/0844.png/sigma_0.200,div2k,0844.png,0.20000000298023224,U-Tikhonov T16/CG32 (final),U-Tikhonov T16/CG32 (20e),SSIM,0.021398305892944336
div2k,div2k/0845.png/sigma_0.200,div2k,0845.png,0.20000000298023224,U-Tikhonov T16/CG32 (final),U-Tikhonov T16/CG32 (20e),SSIM,0.034674108028411865
div2k,div2k/0846.png/sigma_0.200,div2k,0846.png,0.20000000298023224,U-Tikhonov T16/CG32 (final),U-Tikhonov T16/CG32 (20e),SSIM,0.025096654891967773
div2k,div2k/0847.png/sigma_0.200,div2k,0847.png,0.20000000298023224,U-Tikhonov T16/CG32 (final),U-Tikhonov T16/CG32 (20e),SSIM,0.014430403709411621
div2k,div2k/0848.png/sigma_0.200,div2k,0848.png,0.20000000298023224,U-Tikhonov T16/CG32 (final),U-Tikhonov T16/CG32 (20e),SSIM,0.010346710681915283
div2k,div2k/0849.png/sigma_0.200,div2k,0849.png,0.20000000298023224,U-Tikhonov T16/CG32 (final),U-Tikhonov T16/CG32 (20e),SSIM,0.004565775394439697
div2k,div2k/0850.png/sigma_0.200,div2k,0850.png,0.20000000298023224,U-Tikhonov T16/CG32 (final),U-Tikhonov T16/CG32 (20e),SSIM,0.02053666114807129
div2k,div2k/0851.png/sigma_0.200,div2k,0851.png,0.20000000298023224,U-Tikhonov T16/CG32 (final),U-Tikhonov T16/CG32 (20e),SSIM,0.03884392976760864
div2k,div2k/0852.png/sigma_0.200,div2k,0852.png,0.20000000298023224,U-Tikhonov T16/CG32 (final),U-Tikhonov T16/CG32 (20e),SSIM,0.010462641716003418
div2k,div2k/0853.png/sigma_0.200,div2k,0853.png,0.20000000298023224,U-Tikhonov T16/CG32 (final),U-Tikhonov T16/CG32 (20e),SSIM,0.010329008102416992
div2k,div2k/0854.png/sigma_0.200,div2k,0854.png,0.20000000298023224,U-Tikhonov T16/CG32 (final),U-Tikhonov T16/CG32 (20e),SSIM,0.010549962520599365
div2k,div2k/0855.png/sigma_0.200,div2k,0855.png,0.20000000298023224,U-Tikhonov T16/CG32 (final),U-Tikhonov T16/CG32 (20e),SSIM,0.0060759782791137695
div2k,div2k/0856.png/sigma_0.200,div2k,0856.png,0.20000000298023224,U-Tikhonov T16/CG32 (final),U-Tikhonov T16/CG32 (20e),SSIM,-0.004594206809997559
div2k,div2k/0857.png/sigma_0.200,div2k,0857.png,0.20000000298023224,U-Tikhonov T16/CG32 (final),U-Tikhonov T16/CG32 (20e),SSIM,0.03804373741149902
div2k,div2k/0858.png/sigma_0.200,div2k,0858.png,0.20000000298023224,U-Tikhonov T16/CG32 (final),U-Tikhonov T16/CG32 (20e),SSIM,0.009292185306549072
div2k,div2k/0859.png/sigma_0.200,div2k,0859.png,0.20000000298023224,U-Tikhonov T16/CG32 (final),U-Tikhonov T16/CG32 (20e),SSIM,-0.0050296783447265625
div2k,div2k/0860.png/sigma_0.200,div2k,0860.png,0.20000000298023224,U-Tikhonov T16/CG32 (final),U-Tikhonov T16/CG32 (20e),SSIM,-0.001790165901184082
div2k,div2k/0861.png/sigma_0.200,div2k,0861.png,0.20000000298023224,U-Tikhonov T16/CG32 (final),U-Tikhonov T16/CG32 (20e),SSIM,0.015144884586334229
div2k,div2k/0862.png/sigma_0.200,div2k,0862.png,0.20000000298023224,U-Tikhonov T16/CG32 (final),U-Tikhonov T16/CG32 (20e),SSIM,0.013185679912567139
div2k,div2k/0863.png/sigma_0.200,div2k,0863.png,0.20000000298023224,U-Tikhonov T16/CG32 (final),U-Tikhonov T16/CG32 (20e),SSIM,0.019106745719909668
div2k,div2k/0864.png/sigma_0.200,div2k,0864.png,0.20000000298023224,U-Tikhonov T16/CG32 (final),U-Tikhonov T16/CG32 (20e),SSIM,0.010934233665466309
div2k,div2k/0865.png/sigma_0.200,div2k,0865.png,0.20000000298023224,U-Tikhonov T16/CG32 (final),U-Tikhonov T16/CG32 (20e),SSIM,0.008260905742645264
div2k,div2k/0866.png/sigma_0.200,div2k,0866.png,0.20000000298023224,U-Tikhonov T16/CG32 (final),U-Tikhonov T16/CG32 (20e),SSIM,0.011559844017028809
div2k,div2k/0867.png/sigma_0.200,div2k,0867.png,0.20000000298023224,U-Tikhonov T16/CG32 (final),U-Tikhonov T16/CG32 (20e),SSIM,0.01926100254058838
div2k,div2k/0868.png/sigma_0.200,div2k,0868.png,0.20000000298023224,U-Tikhonov T16/CG32 (final),U-Tikhonov T16/CG32 (20e),SSIM,0.052552759647369385
div2k,div2k/0869.png/sigma_0.200,div2k,0869.png,0.20000000298023224,U-Tikhonov T16/CG32 (final),U-Tikhonov T16/CG32 (20e),SSIM,0.018920421600341797
div2k,div2k/0870.png/sigma_0.200,div2k,0870.png,0.20000000298023224,U-Tikhonov T16/CG32 (final),U-Tikhonov T16/CG32 (20e),SSIM,0.007766544818878174
div2k,div2k/0871.png/sigma_0.200,div2k,0871.png,0.20000000298023224,U-Tikhonov T16/CG32 (final),U-Tikhonov T16/CG32 (20e),SSIM,0.010629236698150635
div2k,div2k/0872.png/sigma_0.200,div2k,0872.png,0.20000000298023224,U-Tikhonov T16/CG32 (final),U-Tikhonov T16/CG32 (20e),SSIM,0.006706595420837402
div2k,div2k/0873.png/sigma_0.200,div2k,0873.png,0.20000000298023224,U-Tikhonov T16/CG32 (final),U-Tikhonov T16/CG32 (20e),SSIM,0.005102872848510742
div2k,div2k/0874.png/sigma_0.200,div2k,0874.png,0.20000000298023224,U-Tikhonov T16/CG32 (final),U-Tikhonov T16/CG32 (20e),SSIM,0.009812891483306885
div2k,div2k/0875.png/sigma_0.200,div2k,0875.png,0.20000000298023224,U-Tikhonov T16/CG32 (final),U-Tikhonov T16/CG32 (20e),SSIM,0.005743265151977539
div2k,div2k/0876.png/sigma_0.200,div2k,0876.png,0.20000000298023224,U-Tikhonov T16/CG32 (final),U-Tikhonov T16/CG32 (20e),SSIM,0.013943374156951904
div2k,div2k/0877.png/sigma_0.200,div2k,0877.png,0.20000000298023224,U-Tikhonov T16/CG32 (final),U-Tikhonov T16/CG32 (20e),SSIM,0.011368870735168457
div2k,div2k/0878.png/sigma_0.200,div2k,0878.png,0.20000000298023224,U-Tikhonov T16/CG32 (final),U-Tikhonov T16/CG32 (20e),SSIM,0.017454683780670166
div2k,div2k/0879.png/sigma_0.200,div2k,0879.png,0.20000000298023224,U-Tikhonov T16/CG32 (final),U-Tikhonov T16/CG32 (20e),SSIM,0.009043455123901367
div2k,div2k/0880.png/sigma_0.200,div2k,0880.png,0.20000000298023224,U-Tikhonov T16/CG32 (final),U-Tikhonov T16/CG32 (20e),SSIM,0.01212012767791748
div2k,div2k/0881.png/sigma_0.200,div2k,0881.png,0.20000000298023224,U-Tikhonov T16/CG32 (final),U-Tikhonov T16/CG32 (20e),SSIM,0.011409640312194824
div2k,div2k/0882.png/sigma_0.200,div2k,0882.png,0.20000000298023224,U-Tikhonov T16/CG32 (final),U-Tikhonov T16/CG32 (20e),SSIM,0.013187646865844727
div2k,div2k/0883.png/sigma_0.200,div2k,0883.png,0.20000000298023224,U-Tikhonov T16/CG32 (final),U-Tikhonov T16/CG32 (20e),SSIM,0.010109663009643555
div2k,div2k/0884.png/sigma_0.200,div2k,0884.png,0.20000000298023224,U-Tikhonov T16/CG32 (final),U-Tikhonov T16/CG32 (20e),SSIM,0.012279927730560303
div2k,div2k/0885.png/sigma_0.200,div2k,0885.png,0.20000000298023224,U-Tikhonov T16/CG32 (final),U-Tikhonov T16/CG32 (20e),SSIM,0.027141809463500977
div2k,div2k/0886.png/sigma_0.200,div2k,0886.png,0.20000000298023224,U-Tikhonov T16/CG32 (final),U-Tikhonov T16/CG32 (20e),SSIM,0.01301354169845581
div2k,div2k/0887.png/sigma_0.200,div2k,0887.png,0.20000000298023224,U-Tikhonov T16/CG32 (final),U-Tikhonov T16/CG32 (20e),SSIM,0.012156546115875244
div2k,div2k/0888.png/sigma_0.200,div2k,0888.png,0.20000000298023224,U-Tikhonov T16/CG32 (final),U-Tikhonov T16/CG32 (20e),SSIM,0.008605659008026123
div2k,div2k/0889.png/sigma_0.200,div2k,0889.png,0.20000000298023224,U-Tikhonov T16/CG32 (final),U-Tikhonov T16/CG32 (20e),SSIM,0.015403985977172852
div2k,div2k/0890.png/sigma_0.200,div2k,0890.png,0.20000000298023224,U-Tikhonov T16/CG32 (final),U-Tikhonov T16/CG32 (20e),SSIM,0.010481715202331543
div2k,div2k/0891.png/sigma_0.200,div2k,0891.png,0.20000000298023224,U-Tikhonov T16/CG32 (final),U-Tikhonov T16/CG32 (20e),SSIM,0.010870158672332764
div2k,div2k/0892.png/sigma_0.200,div2k,0892.png,0.20000000298023224,U-Tikhonov T16/CG32 (final),U-Tikhonov T16/CG32 (20e),SSIM,0.07885587215423584
div2k,div2k/0893.png/sigma_0.200,div2k,0893.png,0.20000000298023224,U-Tikhonov T16/CG32 (final),U-Tikhonov T16/CG32 (20e),SSIM,0.022444546222686768
div2k,div2k/0894.png/sigma_0.200,div2k,0894.png,0.20000000298023224,U-Tikhonov T16/CG32 (final),U-Tikhonov T16/CG32 (20e),SSIM,0.008408784866333008
div2k,div2k/0895.png/sigma_0.200,div2k,0895.png,0.20000000298023224,U-Tikhonov T16/CG32 (final),U-Tikhonov T16/CG32 (20e),SSIM,-0.01865142583847046
div2k,div2k/0896.png/sigma_0.200,div2k,0896.png,0.20000000298023224,U-Tikhonov T16/CG32 (final),U-Tikhonov T16/CG32 (20e),SSIM,0.04095256328582764
div2k,div2k/0897.png/sigma_0.200,div2k,0897.png,0.20000000298023224,U-Tikhonov T16/CG32 (final),U-Tikhonov T16/CG32 (20e),SSIM,0.24005669355392456
div2k,div2k/0898.png/sigma_0.200,div2k,0898.png,0.20000000298023224,U-Tikhonov T16/CG32 (final),U-Tikhonov T16/CG32 (20e),SSIM,0.016015589237213135
div2k,div2k/0899.png/sigma_0.200,div2k,0899.png,0.20000000298023224,U-Tikhonov T16/CG32 (final),U-Tikhonov T16/CG32 (20e),SSIM,0.04089558124542236
div2k,div2k/0900.png/sigma_0.200,div2k,0900.png,0.20000000298023224,U-Tikhonov T16/CG32 (final),U-Tikhonov T16/CG32 (20e),SSIM,0.01260530948638916
geometry,geometry/square_gradient.png/sigma_0.050,geometry,square_gradient.png,0.05000000074505806,U-TV (final),U-TV (20e),PSNR,1.9395179748535156
geometry,geometry/step_edge.png/sigma_0.050,geometry,step_edge.png,0.05000000074505806,U-TV (final),U-TV (20e),PSNR,0.4174041748046875
geometry,geometry/disk.png/sigma_0.050,geometry,disk.png,0.05000000074505806,U-TV (final),U-TV (20e),PSNR,-2.958484649658203
geometry,geometry/triangle.png/sigma_0.050,geometry,triangle.png,0.05000000074505806,U-TV (final),U-TV (20e),PSNR,-3.5444488525390625
geometry,geometry/nested_rectangles.png/sigma_0.050,geometry,nested_rectangles.png,0.05000000074505806,U-TV (final),U-TV (20e),PSNR,-1.256835937499993
geometry,geometry/square_gradient.png/sigma_0.050,geometry,square_gradient.png,0.05000000074505806,U-TV (final),U-TV (20e),SSIM,0.028449773788452037
geometry,geometry/step_edge.png/sigma_0.050,geometry,step_edge.png,0.05000000074505806,U-TV (final),U-TV (20e),SSIM,0.008914768695831299
geometry,geometry/disk.png/sigma_0.050,geometry,disk.png,0.05000000074505806,U-TV (final),U-TV (20e),SSIM,0.014239788055419922
geometry,geometry/triangle.png/sigma_0.050,geometry,triangle.png,0.05000000074505806,U-TV (final),U-TV (20e),SSIM,0.012634456157684326
geometry,geometry/nested_rectangles.png/sigma_0.050,geometry,nested_rectangles.png,0.05000000074505806,U-TV (final),U-TV (20e),SSIM,0.01778215169906605
geometry,geometry/square_gradient.png/sigma_0.050,geometry,square_gradient.png,0.05000000074505806,U-TGV (final),U-TGV (20e),PSNR,3.6969528198242188
geometry,geometry/step_edge.png/sigma_0.050,geometry,step_edge.png,0.05000000074505806,U-TGV (final),U-TGV (20e),PSNR,3.9602699279785156
geometry,geometry/disk.png/sigma_0.050,geometry,disk.png,0.05000000074505806,U-TGV (final),U-TGV (20e),PSNR,1.2914390563964844
geometry,geometry/triangle.png/sigma_0.050,geometry,triangle.png,0.05000000074505806,U-TGV (final),U-TGV (20e),PSNR,0.6374969482421875
geometry,geometry/nested_rectangles.png/sigma_0.050,geometry,nested_rectangles.png,0.05000000074505806,U-TGV (final),U-TGV (20e),PSNR,1.8009452819824219
geometry,geometry/square_gradient.png/sigma_0.050,geometry,square_gradient.png,0.05000000074505806,U-TGV (final),U-TGV (20e),SSIM,0.025507509708404652
geometry,geometry/step_edge.png/sigma_0.050,geometry,step_edge.png,0.05000000074505806,U-TGV (final),U-TGV (20e),SSIM,0.029665350914001465
geometry,geometry/disk.png/sigma_0.050,geometry,disk.png,0.05000000074505806,U-TGV (final),U-TGV (20e),SSIM,0.02518993616104115
geometry,geometry/triangle.png/sigma_0.050,geometry,triangle.png,0.05000000074505806,U-TGV (final),U-TGV (20e),SSIM,0.02124363183975231
geometry,geometry/nested_rectangles.png/sigma_0.050,geometry,nested_rectangles.png,0.05000000074505806,U-TGV (final),U-TGV (20e),SSIM,0.018335342407226674
geometry,geometry/square_gradient.png/sigma_0.050,geometry,square_gradient.png,0.05000000074505806,U-Tikhonov T16/CG32 (final),U-Tikhonov T16/CG32 (20e),PSNR,2.7923660278320312
geometry,geometry/step_edge.png/sigma_0.050,geometry,step_edge.png,0.05000000074505806,U-Tikhonov T16/CG32 (final),U-Tikhonov T16/CG32 (20e),PSNR,3.9688758850097656
geometry,geometry/disk.png/sigma_0.050,geometry,disk.png,0.05000000074505806,U-Tikhonov T16/CG32 (final),U-Tikhonov T16/CG32 (20e),PSNR,1.042205810546875
geometry,geometry/triangle.png/sigma_0.050,geometry,triangle.png,0.05000000074505806,U-Tikhonov T16/CG32 (final),U-Tikhonov T16/CG32 (20e),PSNR,0.3229484558105469
geometry,geometry/nested_rectangles.png/sigma_0.050,geometry,nested_rectangles.png,0.05000000074505806,U-Tikhonov T16/CG32 (final),U-Tikhonov T16/CG32 (20e),PSNR,1.8569793701171875
geometry,geometry/square_gradient.png/sigma_0.050,geometry,square_gradient.png,0.05000000074505806,U-Tikhonov T16/CG32 (final),U-Tikhonov T16/CG32 (20e),SSIM,0.018716096878051758
geometry,geometry/step_edge.png/sigma_0.050,geometry,step_edge.png,0.05000000074505806,U-Tikhonov T16/CG32 (final),U-Tikhonov T16/CG32 (20e),SSIM,0.020208239555358887
geometry,geometry/disk.png/sigma_0.050,geometry,disk.png,0.05000000074505806,U-Tikhonov T16/CG32 (final),U-Tikhonov T16/CG32 (20e),SSIM,0.01821899414062489
geometry,geometry/triangle.png/sigma_0.050,geometry,triangle.png,0.05000000074505806,U-Tikhonov T16/CG32 (final),U-Tikhonov T16/CG32 (20e),SSIM,0.014375865459442139
geometry,geometry/nested_rectangles.png/sigma_0.050,geometry,nested_rectangles.png,0.05000000074505806,U-Tikhonov T16/CG32 (final),U-Tikhonov T16/CG32 (20e),SSIM,0.011514067649841309
geometry,geometry/square_gradient.png/sigma_0.100,geometry,square_gradient.png,0.10000000149011612,U-TV (final),U-TV (20e),PSNR,1.164520263671875
geometry,geometry/step_edge.png/sigma_0.100,geometry,step_edge.png,0.10000000149011612,U-TV (final),U-TV (20e),PSNR,1.2084388732910156
geometry,geometry/disk.png/sigma_0.100,geometry,disk.png,0.10000000149011612,U-TV (final),U-TV (20e),PSNR,-1.479400634765625
geometry,geometry/triangle.png/sigma_0.100,geometry,triangle.png,0.10000000149011612,U-TV (final),U-TV (20e),PSNR,-1.9281768798828125
geometry,geometry/nested_rectangles.png/sigma_0.100,geometry,nested_rectangles.png,0.10000000149011612,U-TV (final),U-TV (20e),PSNR,-0.878326416015625
geometry,geometry/square_gradient.png/sigma_0.100,geometry,square_gradient.png,0.10000000149011612,U-TV (final),U-TV (20e),SSIM,0.03582918643951416
geometry,geometry/step_edge.png/sigma_0.100,geometry,step_edge.png,0.10000000149011612,U-TV (final),U-TV (20e),SSIM,0.01630866527557384
geometry,geometry/disk.png/sigma_0.100,geometry,disk.png,0.10000000149011612,U-TV (final),U-TV (20e),SSIM,0.023713827133178822
geometry,geometry/triangle.png/sigma_0.100,geometry,triangle.png,0.10000000149011612,U-TV (final),U-TV (20e),SSIM,0.01801776885986328
geometry,geometry/nested_rectangles.png/sigma_0.100,geometry,nested_rectangles.png,0.10000000149011612,U-TV (final),U-TV (20e),SSIM,0.019717097282409557
geometry,geometry/square_gradient.png/sigma_0.100,geometry,square_gradient.png,0.10000000149011612,U-TGV (final),U-TGV (20e),PSNR,2.196727752685547
geometry,geometry/step_edge.png/sigma_0.100,geometry,step_edge.png,0.10000000149011612,U-TGV (final),U-TGV (20e),PSNR,2.8572769165039062
geometry,geometry/disk.png/sigma_0.100,geometry,disk.png,0.10000000149011612,U-TGV (final),U-TGV (20e),PSNR,0.6844635009765625
geometry,geometry/triangle.png/sigma_0.100,geometry,triangle.png,0.10000000149011612,U-TGV (final),U-TGV (20e),PSNR,0.22521209716796875
geometry,geometry/nested_rectangles.png/sigma_0.100,geometry,nested_rectangles.png,0.10000000149011612,U-TGV (final),U-TGV (20e),PSNR,1.29656982421875
geometry,geometry/square_gradient.png/sigma_0.100,geometry,square_gradient.png,0.10000000149011612,U-TGV (final),U-TGV (20e),SSIM,0.030069947242736705
geometry,geometry/step_edge.png/sigma_0.100,geometry,step_edge.png,0.10000000149011612,U-TGV (final),U-TGV (20e),SSIM,0.037049055099487194
geometry,geometry/disk.png/sigma_0.100,geometry,disk.png,0.10000000149011612,U-TGV (final),U-TGV (20e),SSIM,0.03454482555389404
geometry,geometry/triangle.png/sigma_0.100,geometry,triangle.png,0.10000000149011612,U-TGV (final),U-TGV (20e),SSIM,0.02840411663055431
geometry,geometry/nested_rectangles.png/sigma_0.100,geometry,nested_rectangles.png,0.10000000149011612,U-TGV (final),U-TGV (20e),SSIM,0.027422964572906383
geometry,geometry/square_gradient.png/sigma_0.100,geometry,square_gradient.png,0.10000000149011612,U-Tikhonov T16/CG32 (final),U-Tikhonov T16/CG32 (20e),PSNR,1.38287353515625
geometry,geometry/step_edge.png/sigma_0.100,geometry,step_edge.png,0.10000000149011612,U-Tikhonov T16/CG32 (final),U-Tikhonov T16/CG32 (20e),PSNR,2.376873016357429
geometry,geometry/disk.png/sigma_0.100,geometry,disk.png,0.10000000149011612,U-Tikhonov T16/CG32 (final),U-Tikhonov T16/CG32 (20e),PSNR,0.8133811950683594
geometry,geometry/triangle.png/sigma_0.100,geometry,triangle.png,0.10000000149011612,U-Tikhonov T16/CG32 (final),U-Tikhonov T16/CG32 (20e),PSNR,1.3088760375976562
geometry,geometry/nested_rectangles.png/sigma_0.100,geometry,nested_rectangles.png,0.10000000149011612,U-Tikhonov T16/CG32 (final),U-Tikhonov T16/CG32 (20e),PSNR,2.2105026245117188
geometry,geometry/square_gradient.png/sigma_0.100,geometry,square_gradient.png,0.10000000149011612,U-Tikhonov T16/CG32 (final),U-Tikhonov T16/CG32 (20e),SSIM,0.015385031700134277
geometry,geometry/step_edge.png/sigma_0.100,geometry,step_edge.png,0.10000000149011612,U-Tikhonov T16/CG32 (final),U-Tikhonov T16/CG32 (20e),SSIM,0.023075103759765514
geometry,geometry/disk.png/sigma_0.100,geometry,disk.png,0.10000000149011612,U-Tikhonov T16/CG32 (final),U-Tikhonov T16/CG32 (20e),SSIM,0.014093399047851674
geometry,geometry/triangle.png/sigma_0.100,geometry,triangle.png,0.10000000149011612,U-Tikhonov T16/CG32 (final),U-Tikhonov T16/CG32 (20e),SSIM,0.008138656616210938
geometry,geometry/nested_rectangles.png/sigma_0.100,geometry,nested_rectangles.png,0.10000000149011612,U-Tikhonov T16/CG32 (final),U-Tikhonov T16/CG32 (20e),SSIM,0.010929226875305065
geometry,geometry/square_gradient.png/sigma_0.150,geometry,square_gradient.png,0.15000000596046448,U-TV (final),U-TV (20e),PSNR,0.8579177856445312
geometry,geometry/step_edge.png/sigma_0.150,geometry,step_edge.png,0.15000000596046448,U-TV (final),U-TV (20e),PSNR,1.2479782104492188
geometry,geometry/disk.png/sigma_0.150,geometry,disk.png,0.15000000596046448,U-TV (final),U-TV (20e),PSNR,-0.10023880004882812
geometry,geometry/triangle.png/sigma_0.150,geometry,triangle.png,0.15000000596046448,U-TV (final),U-TV (20e),PSNR,-0.2599678039550781
geometry,geometry/nested_rectangles.png/sigma_0.150,geometry,nested_rectangles.png,0.15000000596046448,U-TV (final),U-TV (20e),PSNR,-0.3868904113769531
geometry,geometry/square_gradient.png/sigma_0.150,geometry,square_gradient.png,0.15000000596046448,U-TV (final),U-TV (20e),SSIM,0.0406184196472168
geometry,geometry/step_edge.png/sigma_0.150,geometry,step_edge.png,0.15000000596046448,U-TV (final),U-TV (20e),SSIM,0.027080953121185414
geometry,geometry/disk.png/sigma_0.150,geometry,disk.png,0.15000000596046448,U-TV (final),U-TV (20e),SSIM,0.03611481189727783
geometry,geometry/triangle.png/sigma_0.150,geometry,triangle.png,0.15000000596046448,U-TV (final),U-TV (20e),SSIM,0.0293654203414917
geometry,geometry/nested_rectangles.png/sigma_0.150,geometry,nested_rectangles.png,0.15000000596046448,U-TV (final),U-TV (20e),SSIM,0.030596137046813965
geometry,geometry/square_gradient.png/sigma_0.150,geometry,square_gradient.png,0.15000000596046448,U-TGV (final),U-TGV (20e),PSNR,1.505252838134762
geometry,geometry/step_edge.png/sigma_0.150,geometry,step_edge.png,0.15000000596046448,U-TGV (final),U-TGV (20e),PSNR,2.0861778259277344
geometry,geometry/disk.png/sigma_0.150,geometry,disk.png,0.15000000596046448,U-TGV (final),U-TGV (20e),PSNR,1.0096015930175781
geometry,geometry/triangle.png/sigma_0.150,geometry,triangle.png,0.15000000596046448,U-TGV (final),U-TGV (20e),PSNR,0.7438678741455078
geometry,geometry/nested_rectangles.png/sigma_0.150,geometry,nested_rectangles.png,0.15000000596046448,U-TGV (final),U-TGV (20e),PSNR,0.8513298034667969
geometry,geometry/square_gradient.png/sigma_0.150,geometry,square_gradient.png,0.15000000596046448,U-TGV (final),U-TGV (20e),SSIM,0.04177069664001465
geometry,geometry/step_edge.png/sigma_0.150,geometry,step_edge.png,0.15000000596046448,U-TGV (final),U-TGV (20e),SSIM,0.05084264278411865
geometry,geometry/disk.png/sigma_0.150,geometry,disk.png,0.15000000596046448,U-TGV (final),U-TGV (20e),SSIM,0.047927021980285645
geometry,geometry/triangle.png/sigma_0.150,geometry,triangle.png,0.15000000596046448,U-TGV (final),U-TGV (20e),SSIM,0.041589975357055664
geometry,geometry/nested_rectangles.png/sigma_0.150,geometry,nested_rectangles.png,0.15000000596046448,U-TGV (final),U-TGV (20e),SSIM,0.03668493032455444
geometry,geometry/square_gradient.png/sigma_0.150,geometry,square_gradient.png,0.15000000596046448,U-Tikhonov T16/CG32 (final),U-Tikhonov T16/CG32 (20e),PSNR,0.9865684509277344
geometry,geometry/step_edge.png/sigma_0.150,geometry,step_edge.png,0.15000000596046448,U-Tikhonov T16/CG32 (final),U-Tikhonov T16/CG32 (20e),PSNR,1.6370964050292969
geometry,geometry/disk.png/sigma_0.150,geometry,disk.png,0.15000000596046448,U-Tikhonov T16/CG32 (final),U-Tikhonov T16/CG32 (20e),PSNR,1.0013847351074219
geometry,geometry/triangle.png/sigma_0.150,geometry,triangle.png,0.15000000596046448,U-Tikhonov T16/CG32 (final),U-Tikhonov T16/CG32 (20e),PSNR,1.6274337768554688
geometry,geometry/nested_rectangles.png/sigma_0.150,geometry,nested_rectangles.png,0.15000000596046448,U-Tikhonov T16/CG32 (final),U-Tikhonov T16/CG32 (20e),PSNR,2.1470394134521484
geometry,geometry/square_gradient.png/sigma_0.150,geometry,square_gradient.png,0.15000000596046448,U-Tikhonov T16/CG32 (final),U-Tikhonov T16/CG32 (20e),SSIM,0.01916790008544933
geometry,geometry/step_edge.png/sigma_0.150,geometry,step_edge.png,0.15000000596046448,U-Tikhonov T16/CG32 (final),U-Tikhonov T16/CG32 (20e),SSIM,0.026683688163757324
geometry,geometry/disk.png/sigma_0.150,geometry,disk.png,0.15000000596046448,U-Tikhonov T16/CG32 (final),U-Tikhonov T16/CG32 (20e),SSIM,0.017928361892700195
geometry,geometry/triangle.png/sigma_0.150,geometry,triangle.png,0.15000000596046448,U-Tikhonov T16/CG32 (final),U-Tikhonov T16/CG32 (20e),SSIM,0.011540830135345348
geometry,geometry/nested_rectangles.png/sigma_0.150,geometry,nested_rectangles.png,0.15000000596046448,U-Tikhonov T16/CG32 (final),U-Tikhonov T16/CG32 (20e),SSIM,0.018574297428130992
geometry,geometry/square_gradient.png/sigma_0.200,geometry,square_gradient.png,0.20000000298023224,U-TV (final),U-TV (20e),PSNR,0.6318397521972656
geometry,geometry/step_edge.png/sigma_0.200,geometry,step_edge.png,0.20000000298023224,U-TV (final),U-TV (20e),PSNR,0.6623744964599609
geometry,geometry/disk.png/sigma_0.200,geometry,disk.png,0.20000000298023224,U-TV (final),U-TV (20e),PSNR,0.4275093078613281
geometry,geometry/triangle.png/sigma_0.200,geometry,triangle.png,0.20000000298023224,U-TV (final),U-TV (20e),PSNR,0.40139198303222656
geometry,geometry/nested_rectangles.png/sigma_0.200,geometry,nested_rectangles.png,0.20000000298023224,U-TV (final),U-TV (20e),PSNR,0.003873825073238635
geometry,geometry/square_gradient.png/sigma_0.200,geometry,square_gradient.png,0.20000000298023224,U-TV (final),U-TV (20e),SSIM,0.04060971736907959
geometry,geometry/step_edge.png/sigma_0.200,geometry,step_edge.png,0.20000000298023224,U-TV (final),U-TV (20e),SSIM,0.03290259838104237
geometry,geometry/disk.png/sigma_0.200,geometry,disk.png,0.20000000298023224,U-TV (final),U-TV (20e),SSIM,0.04345738887786854
geometry,geometry/triangle.png/sigma_0.200,geometry,triangle.png,0.20000000298023224,U-TV (final),U-TV (20e),SSIM,0.036552250385284535
geometry,geometry/nested_rectangles.png/sigma_0.200,geometry,nested_rectangles.png,0.20000000298023224,U-TV (final),U-TV (20e),SSIM,0.03761845827102672
geometry,geometry/square_gradient.png/sigma_0.200,geometry,square_gradient.png,0.20000000298023224,U-TGV (final),U-TGV (20e),PSNR,1.083719253540039
geometry,geometry/step_edge.png/sigma_0.200,geometry,step_edge.png,0.20000000298023224,U-TGV (final),U-TGV (20e),PSNR,1.3045425415039062
geometry,geometry/disk.png/sigma_0.200,geometry,disk.png,0.20000000298023224,U-TGV (final),U-TGV (20e),PSNR,0.9266624450683594
geometry,geometry/triangle.png/sigma_0.200,geometry,triangle.png,0.20000000298023224,U-TGV (final),U-TGV (20e),PSNR,0.728485107421875
geometry,geometry/nested_rectangles.png/sigma_0.200,geometry,nested_rectangles.png,0.20000000298023224,U-TGV (final),U-TGV (20e),PSNR,0.5958747863769531
geometry,geometry/square_gradient.png/sigma_0.200,geometry,square_gradient.png,0.20000000298023224,U-TGV (final),U-TGV (20e),SSIM,0.05442333221435547
geometry,geometry/step_edge.png/sigma_0.200,geometry,step_edge.png,0.20000000298023224,U-TGV (final),U-TGV (20e),SSIM,0.06373929977416992
geometry,geometry/disk.png/sigma_0.200,geometry,disk.png,0.20000000298023224,U-TGV (final),U-TGV (20e),SSIM,0.06044894456863403
geometry,geometry/triangle.png/sigma_0.200,geometry,triangle.png,0.20000000298023224,U-TGV (final),U-TGV (20e),SSIM,0.05350017547607422
geometry,geometry/nested_rectangles.png/sigma_0.200,geometry,nested_rectangles.png,0.20000000298023224,U-TGV (final),U-TGV (20e),SSIM,0.047693610191345215
geometry,geometry/square_gradient.png/sigma_0.200,geometry,square_gradient.png,0.20000000298023224,U-Tikhonov T16/CG32 (final),U-Tikhonov T16/CG32 (20e),PSNR,0.7511596679687536
geometry,geometry/step_edge.png/sigma_0.200,geometry,step_edge.png,0.20000000298023224,U-Tikhonov T16/CG32 (final),U-Tikhonov T16/CG32 (20e),PSNR,0.8623065948486328
geometry,geometry/disk.png/sigma_0.200,geometry,disk.png,0.20000000298023224,U-Tikhonov T16/CG32 (final),U-Tikhonov T16/CG32 (20e),PSNR,0.7858695983886719
geometry,geometry/triangle.png/sigma_0.200,geometry,triangle.png,0.20000000298023224,U-Tikhonov T16/CG32 (final),U-Tikhonov T16/CG32 (20e),PSNR,1.2046833038330078
geometry,geometry/nested_rectangles.png/sigma_0.200,geometry,nested_rectangles.png,0.20000000298023224,U-Tikhonov T16/CG32 (final),U-Tikhonov T16/CG32 (20e),PSNR,1.669851303100586
geometry,geometry/square_gradient.png/sigma_0.200,geometry,square_gradient.png,0.20000000298023224,U-Tikhonov T16/CG32 (final),U-Tikhonov T16/CG32 (20e),SSIM,0.02677130699157715
geometry,geometry/step_edge.png/sigma_0.200,geometry,step_edge.png,0.20000000298023224,U-Tikhonov T16/CG32 (final),U-Tikhonov T16/CG32 (20e),SSIM,0.024350643157958984
geometry,geometry/disk.png/sigma_0.200,geometry,disk.png,0.20000000298023224,U-Tikhonov T16/CG32 (final),U-Tikhonov T16/CG32 (20e),SSIM,0.02064514160156239
geometry,geometry/triangle.png/sigma_0.200,geometry,triangle.png,0.20000000298023224,U-Tikhonov T16/CG32 (final),U-Tikhonov T16/CG32 (20e),SSIM,0.018321335315704235
geometry,geometry/nested_rectangles.png/sigma_0.200,geometry,nested_rectangles.png,0.20000000298023224,U-Tikhonov T16/CG32 (final),U-Tikhonov T16/CG32 (20e),SSIM,0.030169069766998402
