sample_id,dataset,image_name,sigma,first_method,second_method,metric,difference
div2k/0801.png/sigma_0.050,div2k,0801.png,0.05000000074505806,U-Tikhonov T16/CG32 (final),U-TV (final),PSNR,0.25541114807128906
div2k/0802.png/sigma_0.050,div2k,0802.png,0.05000000074505806,U-Tikhonov T16/CG32 (final),U-TV (final),PSNR,0.32491111755371094
div2k/0803.png/sigma_0.050,div2k,0803.png,0.05000000074505806,U-Tikhonov T16/CG32 (final),U-TV (final),PSNR,0.23779678344726562
div2k/0804.png/sigma_0.050,div2k,0804.png,0.05000000074505806,U-Tikhonov T16/CG32 (final),U-TV (final),PSNR,0.18107223510742188
div2k/0805.png/sigma_0.050,div2k,0805.png,0.05000000074505806,U-Tikhonov T16/CG32 (final),U-TV (final),PSNR,0.3428173065185547
div2k/0806.png/sigma_0.050,div2k,0806.png,0.05000000074505806,U-Tikhonov T16/CG32 (final),U-TV (final),PSNR,0.2215099334716797
div2k/0807.png/sigma_0.050,div2k,0807.png,0.05000000074505806,U-Tikhonov T16/CG32 (final),U-TV (final),PSNR,0.12443923950195312
div2k/0808.png/sigma_0.050,div2k,0808.png,0.05000000074505806,U-Tikhonov T16/CG32 (final),U-TV (final),PSNR,0.4882183074951172
div2k/0809.png/sigma_0.050,div2k,0809.png,0.05000000074505806,U-Tikhonov T16/CG32 (final),U-TV (final),PSNR,0.17701339721679688
div2k/0810.png/sigma_0.050,div2k,0810.png,0.05000000074505806,U-Tikhonov T16/CG32 (final),U-TV (final),PSNR,0.2649402618408203
div2k/0811.png/sigma_0.050,div2k,0811.png,0.05000000074505806,U-Tikhonov T16/CG32 (final),U-TV (final),PSNR,0.22393035888671875
div2k/0812.png/sigma_0.050,div2k,0812.png,0.05000000074505806,U-Tikhonov T16/CG32 (final),U-TV (final),PSNR,0.0426025390625
div2k/0813.png/sigma_0.050,div2k,0813.png,0.05000000074505806,U-Tikhonov T16/CG32 (final),U-TV (final),PSNR,0.16630172729492188
div2k/0814.png/sigma_0.050,div2k,0814.png,0.05000000074505806,U-Tikhonov T16/CG32 (final),U-TV (final),PSNR,0.45662689208984375
div2k/0815.png/sigma_0.050,div2k,0815.png,0.05000000074505806,U-Tikhonov T16/CG32 (final),U-TV (final),PSNR,0.27660369873046875
div2k/0816.png/sigma_0.050,div2k,0816.png,0.05000000074505806,U-Tikhonov T16/CG32 (final),U-TV (final),PSNR,0.07514572143554688
div2k/0817.png/sigma_0.050,div2k,0817.png,0.05000000074505806,U-Tikhonov T16/CG32 (final),U-TV (final),PSNR,0.20038795471191406
div2k/0818.png/sigma_0.050,div2k,0818.png,0.05000000074505806,U-Tikhonov T16/CG32 (final),U-TV (final),PSNR,0.3703441619873047
div2k/0819.png/sigma_0.050,div2k,0819.png,0.05000000074505806,U-Tikhonov T16/CG32 (final),U-TV (final),PSNR,0.19221878051757812
div2k/0820.png/sigma_0.050,div2k,0820.png,0.05000000074505806,U-Tikhonov T16/CG32 (final),U-TV (final),PSNR,0.7958965301513672
div2k/0821.png/sigma_0.050,div2k,0821.png,0.05000000074505806,U-Tikhonov T16/CG32 (final),U-TV (final),PSNR,1.0836410522460938
div2k/0822.png/sigma_0.050,div2k,0822.png,0.05000000074505806,U-Tikhonov T16/CG32 (final),U-TV (final),PSNR,0.2343597412109375
div2k/0823.png/sigma_0.050,div2k,0823.png,0.05000000074505806,U-Tikhonov T16/CG32 (final),U-TV (final),PSNR,0.3790607452392578
div2k/0824.png/sigma_0.050,div2k,0824.png,0.05000000074505806,U-Tikhonov T16/CG32 (final),U-TV (final),PSNR,0.14971542358398438
div2k/0825.png/sigma_0.050,div2k,0825.png,0.05000000074505806,U-Tikhonov T16/CG32 (final),U-TV (final),PSNR,0.1578960418701172
div2k/0826.png/sigma_0.050,div2k,0826.png,0.05000000074505806,U-Tikhonov T16/CG32 (final),U-TV (final),PSNR,0.2805938720703125
div2k/0827.png/sigma_0.050,div2k,0827.png,0.05000000074505806,U-Tikhonov T16/CG32 (final),U-TV (final),PSNR,0.067047119140625
div2k/0828.png/sigma_0.050,div2k,0828.png,0.05000000074505806,U-Tikhonov T16/CG32 (final),U-TV (final),PSNR,0.34940528869628906
div2k/0829.png/sigma_0.050,div2k,0829.png,0.05000000074505806,U-Tikhonov T16/CG32 (final),U-TV (final),PSNR,0.20878219604492188
div2k/0830.png/sigma_0.050,div2k,0830.png,0.05000000074505806,U-Tikhonov T16/CG32 (final),U-TV (final),PSNR,0.15389251708984375
div2k/0831.png/sigma_0.050,div2k,0831.png,0.05000000074505806,U-Tikhonov T16/CG32 (final),U-TV (final),PSNR,0.2106609344482422
div2k/0832.png/sigma_0.050,div2k,0832.png,0.05000000074505806,U-Tikhonov T16/CG32 (final),U-TV (final),PSNR,0.21735191345214844
div2k/0833.png/sigma_0.050,div2k,0833.png,0.05000000074505806,U-Tikhonov T16/CG32 (final),U-TV (final),PSNR,-0.077362060546875
div2k/0834.png/sigma_0.050,div2k,0834.png,0.05000000074505806,U-Tikhonov T16/CG32 (final),U-TV (final),PSNR,0.30699920654296875
div2k/0835.png/sigma_0.050,div2k,0835.png,0.05000000074505806,U-Tikhonov T16/CG32 (final),U-TV (final),PSNR,0.07300567626953125
div2k/0836.png/sigma_0.050,div2k,0836.png,0.05000000074505806,U-Tikhonov T16/CG32 (final),U-TV (final),PSNR,0.07801055908203125
div2k/0837.png/sigma_0.050,div2k,0837.png,0.05000000074505806,U-Tikhonov T16/CG32 (final),U-TV (final),PSNR,0.27993202209472656
div2k/0838.png/sigma_0.050,div2k,0838.png,0.05000000074505806,U-Tikhonov T16/CG32 (final),U-TV (final),PSNR,0.41022491455078125
div2k/0839.png/sigma_0.050,div2k,0839.png,0.05000000074505806,U-Tikhonov T16/CG32 (final),U-TV (final),PSNR,0.15787696838378906
div2k/0840.png/sigma_0.050,div2k,0840.png,0.05000000074505806,U-Tikhonov T16/CG32 (final),U-TV (final),PSNR,0.1578197479248047
div2k/0841.png/sigma_0.050,div2k,0841.png,0.05000000074505806,U-Tikhonov T16/CG32 (final),U-TV (final),PSNR,0.21783828735351562
div2k/0842.png/sigma_0.050,div2k,0842.png,0.05000000074505806,U-Tikhonov T16/CG32 (final),U-TV (final),PSNR,0.2859325408935547
div2k/0843.png/sigma_0.050,div2k,0843.png,0.05000000074505806,U-Tikhonov T16/CG32 (final),U-TV (final),PSNR,0.2475128173828125
div2k/0844.png/sigma_0.050,div2k,0844.png,0.05000000074505806,U-Tikhonov T16/CG32 (final),U-TV (final),PSNR,0.15561294555664062
div2k/0845.png/sigma_0.050,div2k,0845.png,0.05000000074505806,U-Tikhonov T16/CG32 (final),U-TV (final),PSNR,0.15690040588378906
div2k/0846.png/sigma_0.050,div2k,0846.png,0.05000000074505806,U-Tikhonov T16/CG32 (final),U-TV (final),PSNR,0.089569091796875
div2k/0847.png/sigma_0.050,div2k,0847.png,0.05000000074505806,U-Tikhonov T16/CG32 (final),U-TV (final),PSNR,0.14502716064453125
div2k/0848.png/sigma_0.050,div2k,0848.png,0.05000000074505806,U-Tikhonov T16/CG32 (final),U-TV (final),PSNR,0.1390209197998047
div2k/0849.png/sigma_0.050,div2k,0849.png,0.05000000074505806,U-Tikhonov T16/CG32 (final),U-TV (final),PSNR,0.7240047454833984
div2k/0850.png/sigma_0.050,div2k,0850.png,0.05000000074505806,U-Tikhonov T16/CG32 (final),U-TV (final),PSNR,0.23287010192871094
div2k/0851.png/sigma_0.050,div2k,0851.png,0.05000000074505806,U-Tikhonov T16/CG32 (final),U-TV (final),PSNR,0.5858860015869141
div2k/0852.png/sigma_0.050,div2k,0852.png,0.05000000074505806,U-Tikhonov T16/CG32 (final),U-TV (final),PSNR,0.07047462463378906
div2k/0853.png/sigma_0.050,div2k,0853.png,0.05000000074505806,U-Tikhonov T16/CG32 (final),U-TV (final),PSNR,0.248321533203125
div2k/0854.png/sigma_0.050,div2k,0854.png,0.05000000074505806,U-Tikhonov T16/CG32 (final),U-TV (final),PSNR,0.4154052734375
div2k/0855.png/sigma_0.050,div2k,0855.png,0.05000000074505806,U-Tikhonov T16/CG32 (final),U-TV (final),PSNR,0.242706298828125
div2k/0856.png/sigma_0.050,div2k,0856.png,0.05000000074505806,U-Tikhonov T16/CG32 (final),U-TV (final),PSNR,0.18852615356445312
div2k/0857.png/sigma_0.050,div2k,0857.png,0.05000000074505806,U-Tikhonov T16/CG32 (final),U-TV (final),PSNR,0.47737884521484375
div2k/0858.png/sigma_0.050,div2k,0858.png,0.05000000074505806,U-Tikhonov T16/CG32 (final),U-TV (final),PSNR,0.2024822235107422
div2k/0859.png/sigma_0.050,div2k,0859.png,0.05000000074505806,U-Tikhonov T16/CG32 (final),U-TV (final),PSNR,0.38243865966796875
div2k/0860.png/sigma_0.050,div2k,0860.png,0.05000000074505806,U-Tikhonov T16/CG32 (final),U-TV (final),PSNR,0.4096393585205078
div2k/0861.png/sigma_0.050,div2k,0861.png,0.05000000074505806,U-Tikhonov T16/CG32 (final),U-TV (final),PSNR,0.23124313354492188
div2k/0862.png/sigma_0.050,div2k,0862.png,0.05000000074505806,U-Tikhonov T16/CG32 (final),U-TV (final),PSNR,0.19931411743164062
div2k/0863.png/sigma_0.050,div2k,0863.png,0.05000000074505806,U-Tikhonov T16/CG32 (final),U-TV (final),PSNR,0.0497283935546875
div2k/0864.png/sigma_0.050,div2k,0864.png,0.05000000074505806,U-Tikhonov T16/CG32 (final),U-TV (final),PSNR,0.09927749633789062
div2k/0865.png/sigma_0.050,div2k,0865.png,0.05000000074505806,U-Tikhonov T16/CG32 (final),U-TV (final),PSNR,0.12148094177246094
div2k/0866.png/sigma_0.050,div2k,0866.png,0.05000000074505806,U-Tikhonov T16/CG32 (final),U-TV (final),PSNR,0.11655998229980469
div2k/0867.png/sigma_0.050,div2k,0867.png,0.05000000074505806,U-Tikhonov T16/CG32 (final),U-TV (final),PSNR,-0.054615020751953125
div2k/0868.png/sigma_0.050,div2k,0868.png,0.05000000074505806,U-Tikhonov T16/CG32 (final),U-TV (final),PSNR,0.22750091552734375
div2k/0869.png/sigma_0.050,div2k,0869.png,0.05000000074505806,U-Tikhonov T16/CG32 (final),U-TV (final),PSNR,0.21894454956054688
div2k/0870.png/sigma_0.050,div2k,0870.png,0.05000000074505806,U-Tikhonov T16/CG32 (final),U-TV (final),PSNR,0.3306865692138672
div2k/0871.png/sigma_0.050,div2k,0871.png,0.05000000074505806,U-Tikhonov T16/CG32 (final),U-TV (final),PSNR,0.12729454040527344
div2k/0872.png/sigma_0.050,div2k,0872.png,0.05000000074505806,U-Tikhonov T16/CG32 (final),U-TV (final),PSNR,0.29706573486328125
div2k/0873.png/sigma_0.050,div2k,0873.png,0.05000000074505806,U-Tikhonov T16/CG32 (final),U-TV (final),PSNR,0.30332374572753906
div2k/0874.png/sigma_0.050,div2k,0874.png,0.05000000074505806,U-Tikhonov T16/CG32 (final),U-TV (final),PSNR,0.1806468963623047
div2k/0875.png/sigma_0.050,div2k,0875.png,0.05000000074505806,U-Tikhonov T16/CG32 (final),U-TV (final),PSNR,0.12531089782714844
div2k/0876.png/sigma_0.050,div2k,0876.png,0.05000000074505806,U-Tikhonov T16/CG32 (final),U-TV (final),PSNR,0.1798267364501953
div2k/0877.png/sigma_0.050,div2k,0877.png,0.05000000074505806,U-Tikhonov T16/CG32 (final),U-TV (final),PSNR,0.21039962768554688
div2k/0878.png/sigma_0.050,div2k,0878.png,0.05000000074505806,U-Tikhonov T16/CG32 (final),U-TV (final),PSNR,0.20165443420410156
div2k/0879.png/sigma_0.050,div2k,0879.png,0.05000000074505806,U-Tikhonov T16/CG32 (final),U-TV (final),PSNR,0.21546554565429688
div2k/0880.png/sigma_0.050,div2k,0880.png,0.05000000074505806,U-Tikhonov T16/CG32 (final),U-TV (final),PSNR,0.2314777374267578
div2k/0881.png/sigma_0.050,div2k,0881.png,0.05000000074505806,U-Tikhonov T16/CG32 (final),U-TV (final),PSNR,0.283935546875
div2k/0882.png/sigma_0.050,div2k,0882.png,0.05000000074505806,U-Tikhonov T16/CG32 (final),U-TV (final),PSNR,0.21651077270507812
div2k/0883.png/sigma_0.050,div2k,0883.png,0.05000000074505806,U-Tikhonov T16/CG32 (final),U-TV (final),PSNR,0.1788806915283203
div2k/0884.png/sigma_0.050,div2k,0884.png,0.05000000074505806,U-Tikhonov T16/CG32 (final),U-TV (final),PSNR,0.15365219116210938
div2k/0885.png/sigma_0.050,div2k,0885.png,0.05000000074505806,U-Tikhonov T16/CG32 (final),U-TV (final),PSNR,0.018419265747070312
div2k/0886.png/sigma_0.050,div2k,0886.png,0.05000000074505806,U-Tikhonov T16/CG32 (final),U-TV (final),PSNR,0.1763916015625
div2k/0887.png/sigma_0.050,div2k,0887.png,0.05000000074505806,U-Tikhonov T16/CG32 (final),U-TV (final),PSNR,0.3182201385498047
div2k/0888.png/sigma_0.050,div2k,0888.png,0.05000000074505806,U-Tikhonov T16/CG32 (final),U-TV (final),PSNR,0.09715843200683594
div2k/0889.png/sigma_0.050,div2k,0889.png,0.05000000074505806,U-Tikhonov T16/CG32 (final),U-TV (final),PSNR,0.3329296112060547
div2k/0890.png/sigma_0.050,div2k,0890.png,0.05000000074505806,U-Tikhonov T16/CG32 (final),U-TV (final),PSNR,0.18659591674804688
div2k/0891.png/sigma_0.050,div2k,0891.png,0.05000000074505806,U-Tikhonov T16/CG32 (final),U-TV (final),PSNR,0.22699546813964844
div2k/0892.png/sigma_0.050,div2k,0892.png,0.05000000074505806,U-Tikhonov T16/CG32 (final),U-TV (final),PSNR,0.9399986267089844
div2k/0893.png/sigma_0.050,div2k,0893.png,0.05000000074505806,U-Tikhonov T16/CG32 (final),U-TV (final),PSNR,0.12884521484375
div2k/0894.png/sigma_0.050,div2k,0894.png,0.05000000074505806,U-Tikhonov T16/CG32 (final),U-TV (final),PSNR,0.23619461059570312
div2k/0895.png/sigma_0.050,div2k,0895.png,0.05000000074505806,U-Tikhonov T16/CG32 (final),U-TV (final),PSNR,0.6207008361816406
div2k/0896.png/sigma_0.050,div2k,0896.png,0.05000000074505806,U-Tikhonov T16/CG32 (final),U-TV (final),PSNR,0.2695198059082031
div2k/0897.png/sigma_0.050,div2k,0897.png,0.05000000074505806,U-Tikhonov T16/CG32 (final),U-TV (final),PSNR,1.1291351318359375
div2k/0898.png/sigma_0.050,div2k,0898.png,0.05000000074505806,U-Tikhonov T16/CG32 (final),U-TV (final),PSNR,0.2796745300292969
div2k/0899.png/sigma_0.050,div2k,0899.png,0.05000000074505806,U-Tikhonov T16/CG32 (final),U-TV (final),PSNR,0.13782119750976562
div2k/0900.png/sigma_0.050,div2k,0900.png,0.05000000074505806,U-Tikhonov T16/CG32 (final),U-TV (final),PSNR,-0.030712127685546875
div2k/0801.png/sigma_0.050,div2k,0801.png,0.05000000074505806,U-Tikhonov T16/CG32 (final),U-TV (final),SSIM,0.004282176494598389
div2k/0802.png/sigma_0.050,div2k,0802.png,0.05000000074505806,U-Tikhonov T16/CG32 (final),U-TV (final),SSIM,0.002032637596130371
div2k/0803.png/sigma_0.050,div2k,0803.png,0.05000000074505806,U-Tikhonov T16/CG32 (final),U-TV (final),SSIM,0.004198551177978516
div2k/0804.png/sigma_0.050,div2k,0804.png,0.05000000074505806,U-Tikhonov T16/CG32 (final),U-TV (final),SSIM,0.002526581287384033
div2k/0805.png/sigma_0.050,div2k,0805.png,0.05000000074505806,U-Tikhonov T16/CG32 (final),U-TV (final),SSIM,0.003993391990661621
div2k/0806.png/sigma_0.050,div2k,0806.png,0.05000000074505806,U-Tikhonov T16/CG32 (final),U-TV (final),SSIM,0.0026800036430358887
div2k/0807.png/sigma_0.050,div2k,0807.png,0.05000000074505806,U-Tikhonov T16/CG32 (final),U-TV (final),SSIM,0.0030983686447143555
div2k/0808.png/sigma_0.050,div2k,0808.png,0.05000000074505806,U-Tikhonov T16/CG32 (final),U-TV (final),SSIM,0.004518449306488037
div2k/0809.png/sigma_0.050,div2k,0809.png,0.05000000074505806,U-Tikhonov T16/CG32 (final),U-TV (final),SSIM,0.004132390022277832
div2k/0810.png/sigma_0.050,div2k,0810.png,0.05000000074505806,U-Tikhonov T16/CG32 (final),U-TV (final),SSIM,0.005562186241149902
div2k/0811.png/sigma_0.050,div2k,0811.png,0.05000000074505806,U-Tikhonov T16/CG32 (final),U-TV (final),SSIM,0.0031515955924987793
div2k/0812.png/sigma_0.050,div2k,0812.png,0.05000000074505806,U-Tikhonov T16/CG32 (final),U-TV (final),SSIM,0.001167595386505127
div2k/0813.png/sigma_0.050,div2k,0813.png,0.05000000074505806,U-Tikhonov T16/CG32 (final),U-TV (final),SSIM,0.0024952292442321777
div2k/0814.png/sigma_0.050,div2k,0814.png,0.05000000074505806,U-Tikhonov T16/CG32 (final),U-TV (final),SSIM,0.0015227794647216797
div2k/0815.png/sigma_0.050,div2k,0815.png,0.05000000074505806,U-Tikhonov T16/CG32 (final),U-TV (final),SSIM,0.0027661919593811035
div2k/0816.png/sigma_0.050,div2k,0816.png,0.05000000074505806,U-Tikhonov T16/CG32 (final),U-TV (final),SSIM,0.0020712614059448242
div2k/0817.png/sigma_0.050,div2k,0817.png,0.05000000074505806,U-Tikhonov T16/CG32 (final),U-TV (final),SSIM,0.0029562711715698242
div2k/0818.png/sigma_0.050,div2k,0818.png,0.05000000074505806,U-Tikhonov T16/CG32 (final),U-TV (final),SSIM,0.0039051175117492676
div2k/0819.png/sigma_0.050,div2k,0819.png,0.05000000074505806,U-Tikhonov T16/CG32 (final),U-TV (final),SSIM,0.00411534309387207
div2k/0820.png/sigma_0.050,div2k,0820.png,0.05000000074505806,U-Tikhonov T16/CG32 (final),U-TV (final),SSIM,0.0035043954849243164
div2k/0821.png/sigma_0.050,div2k,0821.png,0.05000000074505806,U-Tikhonov T16/CG32 (final),U-TV (final),SSIM,0.00776517391204834
div2k/0822.png/sigma_0.050,div2k,0822.png,0.05000000074505806,U-Tikhonov T16/CG32 (final),U-TV (final),SSIM,0.0040572285652160645
div2k/0823.png/sigma_0.050,div2k,0823.png,0.05000000074505806,U-Tikhonov T16/CG32 (final),U-TV (final),SSIM,0.003254830837249756
div2k/0824.png/sigma_0.050,div2k,0824.png,0.05000000074505806,U-Tikhonov T16/CG32 (final),U-TV (final),SSIM,0.0023549795150756836
div2k/0825.png/sigma_0.050,div2k,0825.png,0.05000000074505806,U-Tikhonov T16/CG32 (final),U-TV (final),SSIM,0.00139617919921875
div2k/0826.png/sigma_0.050,div2k,0826.png,0.05000000074505806,U-Tikhonov T16/CG32 (final),U-TV (final),SSIM,0.0032569169998168945
div2k/0827.png/sigma_0.050,div2k,0827.png,0.05000000074505806,U-Tikhonov T16/CG32 (final),U-TV (final),SSIM,0.00135880708694458
div2k/0828.png/sigma_0.050,div2k,0828.png,0.05000000074505806,U-Tikhonov T16/CG32 (final),U-TV (final),SSIM,0.004822909832000732
div2k/0829.png/sigma_0.050,div2k,0829.png,0.05000000074505806,U-Tikhonov T16/CG32 (final),U-TV (final),SSIM,0.0030977725982666016
div2k/0830.png/sigma_0.050,div2k,0830.png,0.05000000074505806,U-Tikhonov T16/CG32 (final),U-TV (final),SSIM,0.0026448965072631836
div2k/0831.png/sigma_0.050,div2k,0831.png,0.05000000074505806,U-Tikhonov T16/CG32 (final),U-TV (final),SSIM,0.0021411776542663574
div2k/0832.png/sigma_0.050,div2k,0832.png,0.05000000074505806,U-Tikhonov T16/CG32 (final),U-TV (final),SSIM,0.002253592014312744
div2k/0833.png/sigma_0.050,div2k,0833.png,0.05000000074505806,U-Tikhonov T16/CG32 (final),U-TV (final),SSIM,0.002556145191192627
div2k/0834.png/sigma_0.050,div2k,0834.png,0.05000000074505806,U-Tikhonov T16/CG32 (final),U-TV (final),SSIM,0.0022909045219421387
div2k/0835.png/sigma_0.050,div2k,0835.png,0.05000000074505806,U-Tikhonov T16/CG32 (final),U-TV (final),SSIM,9.697675704956055e-05
div2k/0836.png/sigma_0.050,div2k,0836.png,0.05000000074505806,U-Tikhonov T16/CG32 (final),U-TV (final),SSIM,0.0010080933570861816
div2k/0837.png/sigma_0.050,div2k,0837.png,0.05000000074505806,U-Tikhonov T16/CG32 (final),U-TV (final),SSIM,0.0022519826889038086
div2k/0838.png/sigma_0.050,div2k,0838.png,0.05000000074505806,U-Tikhonov T16/CG32 (final),U-TV (final),SSIM,0.0033312439918518066
div2k/0839.png/sigma_0.050,div2k,0839.png,0.05000000074505806,U-Tikhonov T16/CG32 (final),U-TV (final),SSIM,0.003260016441345215
div2k/0840.png/sigma_0.050,div2k,0840.png,0.05000000074505806,U-Tikhonov T16/CG32 (final),U-TV (final),SSIM,0.0016141533851623535
div2k/0841.png/sigma_0.050,div2k,0841.png,0.05000000074505806,U-Tikhonov T16/CG32 (final),U-TV (final),SSIM,0.0013687610626220703
div2k/0842.png/sigma_0.050,div2k,0842.png,0.05000000074505806,U-Tikhonov T16/CG32 (final),U-TV (final),SSIM,0.0030083060264587402
div2k/0843.png/sigma_0.050,div2k,0843.png,0.05000000074505806,U-Tikhonov T16/CG32 (final),U-TV (final),SSIM,4.547834396362305e-05
div2k/0844.png/sigma_0.050,div2k,0844.png,0.05000000074505806,U-Tikhonov T16/CG32 (final),U-TV (final),SSIM,0.001779019832611084
div2k/0845.png/sigma_0.050,div2k,0845.png,0.05000000074505806,U-Tikhonov T16/CG32 (final),U-TV (final),SSIM,0.002283632755279541
div2k/0846.png/sigma_0.050,div2k,0846.png,0.05000000074505806,U-Tikhonov T16/CG32 (final),U-TV (final),SSIM,-0.00015038251876831055
div2k/0847.png/sigma_0.050,div2k,0847.png,0.05000000074505806,U-Tikhonov T16/CG32 (final),U-TV (final),SSIM,0.0016958117485046387
div2k/0848.png/sigma_0.050,div2k,0848.png,0.05000000074505806,U-Tikhonov T16/CG32 (final),U-TV (final),SSIM,0.0017995834350585938
div2k/0849.png/sigma_0.050,div2k,0849.png,0.05000000074505806,U-Tikhonov T16/CG32 (final),U-TV (final),SSIM,0.0053057074546813965
div2k/0850.png/sigma_0.050,div2k,0850.png,0.05000000074505806,U-Tikhonov T16/CG32 (final),U-TV (final),SSIM,0.003453195095062256
div2k/0851.png/sigma_0.050,div2k,0851.png,0.05000000074505806,U-Tikhonov T16/CG32 (final),U-TV (final),SSIM,0.0035178661346435547
div2k/0852.png/sigma_0.050,div2k,0852.png,0.05000000074505806,U-Tikhonov T16/CG32 (final),U-TV (final),SSIM,-0.0004373788833618164
div2k/0853.png/sigma_0.050,div2k,0853.png,0.05000000074505806,U-Tikhonov T16/CG32 (final),U-TV (final),SSIM,0.004606127738952637
div2k/0854.png/sigma_0.050,div2k,0854.png,0.05000000074505806,U-Tikhonov T16/CG32 (final),U-TV (final),SSIM,0.0050547122955322266
div2k/0855.png/sigma_0.050,div2k,0855.png,0.05000000074505806,U-Tikhonov T16/CG32 (final),U-TV (final),SSIM,0.00406259298324585
div2k/0856.png/sigma_0.050,div2k,0856.png,0.05000000074505806,U-Tikhonov T16/CG32 (final),U-TV (final),SSIM,0.005337119102478027
div2k/0857.png/sigma_0.050,div2k,0857.png,0.05000000074505806,U-Tikhonov T16/CG32 (final),U-TV (final),SSIM,0.006304621696472168
div2k/0858.png/sigma_0.050,div2k,0858.png,0.05000000074505806,U-Tikhonov T16/CG32 (final),U-TV (final),SSIM,0.0038805007934570312
div2k/0859.png/sigma_0.050,div2k,0859.png,0.05000000074505806,U-Tikhonov T16/CG32 (final),U-TV (final),SSIM,0.006824314594268799
div2k/0860.png/sigma_0.050,div2k,0860.png,0.05000000074505806,U-Tikhonov T16/CG32 (final),U-TV (final),SSIM,0.006829738616943359
div2k/0861.png/sigma_0.050,div2k,0861.png,0.05000000074505806,U-Tikhonov T16/CG32 (final),U-TV (final),SSIM,-0.003953337669372559
div2k/0862.png/sigma_0.050,div2k,0862.png,0.05000000074505806,U-Tikhonov T16/CG32 (final),U-TV (final),SSIM,0.002789914608001709
div2k/0863.png/sigma_0.050,div2k,0863.png,0.05000000074505806,U-Tikhonov T16/CG32 (final),U-TV (final),SSIM,0.0009770393371582031
div2k/0864.png/sigma_0.050,div2k,0864.png,0.05000000074505806,U-Tikhonov T16/CG32 (final),U-TV (final),SSIM,0.0017627477645874023
div2k/0865.png/sigma_0.050,div2k,0865.png,0.05000000074505806,U-Tikhonov T16/CG32 (final),U-TV (final),SSIM,0.002499818801879883
div2k/0866.png/sigma_0.050,div2k,0866.png,0.05000000074505806,U-Tikhonov T16/CG32 (final),U-TV (final),SSIM,0.002229452133178711
div2k/0867.png/sigma_0.050,div2k,0867.png,0.05000000074505806,U-Tikhonov T16/CG32 (final),U-TV (final),SSIM,-0.0003026127815246582
div2k/0868.png/sigma_0.050,div2k,0868.png,0.05000000074505806,U-Tikhonov T16/CG32 (final),U-TV (final),SSIM,-0.0002301931381225586
div2k/0869.png/sigma_0.050,div2k,0869.png,0.05000000074505806,U-Tikhonov T16/CG32 (final),U-TV (final),SSIM,0.003331124782562256
div2k/0870.png/sigma_0.050,div2k,0870.png,0.05000000074505806,U-Tikhonov T16/CG32 (final),U-TV (final),SSIM,0.005940675735473633
div2k/0871.png/sigma_0.050,div2k,0871.png,0.05000000074505806,U-Tikhonov T16/CG32 (final),U-TV (final),SSIM,0.002136707305908203
div2k/0872.png/sigma_0.050,div2k,0872.png,0.05000000074505806,U-Tikhonov T16/CG32 (final),U-TV (final),SSIM,0.0038952231407165527
div2k/0873.png/sigma_0.050,div2k,0873.png,0.05000000074505806,U-Tikhonov T16/CG32 (final),U-TV (final),SSIM,0.004877150058746338
div2k/0874.png/sigma_0.050,div2k,0874.png,0.05000000074505806,U-Tikhonov T16/CG32 (final),U-TV (final),SSIM,0.003979623317718506
div2k/0875.png/sigma_0.050,div2k,0875.png,0.05000000074505806,U-Tikhonov T16/CG32 (final),U-TV (final),SSIM,0.0012845396995544434
div2k/0876.png/sigma_0.050,div2k,0876.png,0.05000000074505806,U-Tikhonov T16/CG32 (final),U-TV (final),SSIM,0.0011199712753295898
div2k/0877.png/sigma_0.050,div2k,0877.png,0.05000000074505806,U-Tikhonov T16/CG32 (final),U-TV (final),SSIM,0.004215359687805176
div2k/0878.png/sigma_0.050,div2k,0878.png,0.05000000074505806,U-Tikhonov T16/CG32 (final),U-TV (final),SSIM,0.0032201409339904785
div2k/0879.png/sigma_0.050,div2k,0879.png,0.05000000074505806,U-Tikhonov T16/CG32 (final),U-TV (final),SSIM,0.0015434026718139648
div2k/0880.png/sigma_0.050,div2k,0880.png,0.05000000074505806,U-Tikhonov T16/CG32 (final),U-TV (final),SSIM,0.0030273795127868652
div2k/0881.png/sigma_0.050,div2k,0881.png,0.05000000074505806,U-Tikhonov T16/CG32 (final),U-TV (final),SSIM,0.0037150979042053223
div2k/0882.png/sigma_0.050,div2k,0882.png,0.05000000074505806,U-Tikhonov T16/CG32 (final),U-TV (final),SSIM,0.003170490264892578
div2k/0883.png/sigma_0.050,div2k,0883.png,0.05000000074505806,U-Tikhonov T16/CG32 (final),U-TV (final),SSIM,0.002524852752685547
div2k/0884.png/sigma_0.050,div2k,0884.png,0.05000000074505806,U-Tikhonov T16/CG32 (final),U-TV (final),SSIM,0.0017047524452209473
div2k/0885.png/sigma_0.050,div2k,0885.png,0.05000000074505806,U-Tikhonov T16/CG32 (final),U-TV (final),SSIM,0.0012799501419067383
div2k/0886.png/sigma_0.050,div2k,0886.png,0.05000000074505806,U-Tikhonov T16/CG32 (final),U-TV (final),SSIM,0.003535628318786621
div2k/0887.png/sigma_0.050,div2k,0887.png,0.05000000074505806,U-Tikhonov T16/CG32 (final),U-TV (final),SSIM,0.003650486469268799
div2k/0888.png/sigma_0.050,div2k,0888.png,0.05000000074505806,U-Tikhonov T16/CG32 (final),U-TV (final),SSIM,0.0014289617538452148
div2k/0889.png/sigma_0.050,div2k,0889.png,0.05000000074505806,U-Tikhonov T16/CG32 (final),U-TV (final),SSIM,0.0032231807708740234
div2k/0890.png/sigma_0.050,div2k,0890.png,0.05000000074505806,U-Tikhonov T16/CG32 (final),U-TV (final),SSIM,0.0019322633743286133
div2k/0891.png/sigma_0.050,div2k,0891.png,0.05000000074505806,U-Tikhonov T16/CG32 (final),U-TV (final),SSIM,0.0025034546852111816
div2k/0892.png/sigma_0.050,div2k,0892.png,0.05000000074505806,U-Tikhonov T16/CG32 (final),U-TV (final),SSIM,0.009325265884399414
div2k/0893.png/sigma_0.050,div2k,0893.png,0.05000000074505806,U-Tikhonov T16/CG32 (final),U-TV (final),SSIM,0.0023461580276489258
div2k/0894.png/sigma_0.050,div2k,0894.png,0.05000000074505806,U-Tikhonov T16/CG32 (final),U-TV (final),SSIM,0.00412827730178833
div2k/0895.png/sigma_0.050,div2k,0895.png,0.05000000074505806,U-Tikhonov T16/CG32 (final),U-TV (final),SSIM,0.014523148536682129
div2k/0896.png/sigma_0.050,div2k,0896.png,0.05000000074505806,U-Tikhonov T16/CG32 (final),U-TV (final),SSIM,0.0019742846488952637
div2k/0897.png/sigma_0.050,div2k,0897.png,0.05000000074505806,U-Tikhonov T16/CG32 (final),U-TV (final),SSIM,0.008604466915130615
div2k/0898.png/sigma_0.050,div2k,0898.png,0.05000000074505806,U-Tikhonov T16/CG32 (final),U-TV (final),SSIM,0.0003178119659423828
div2k/0899.png/sigma_0.050,div2k,0899.png,0.05000000074505806,U-Tikhonov T16/CG32 (final),U-TV (final),SSIM,0.002554655075073242
div2k/0900.png/sigma_0.050,div2k,0900.png,0.05000000074505806,U-Tikhonov T16/CG32 (final),U-TV (final),SSIM,-0.0006150007247924805
div2k/0801.png/sigma_0.050,div2k,0801.png,0.05000000074505806,U-Tikhonov T16/CG32 (final),U-TGV (final),PSNR,-0.014974594116210938
div2k/0802.png/sigma_0.050,div2k,0802.png,0.05000000074505806,U-Tikhonov T16/CG32 (final),U-TGV (final),PSNR,-0.5220870971679688
div2k/0803.png/sigma_0.050,div2k,0803.png,0.05000000074505806,U-Tikhonov T16/CG32 (final),U-TGV (final),PSNR,-0.3025970458984375
div2k/0804.png/sigma_0.050,div2k,0804.png,0.05000000074505806,U-Tikhonov T16/CG32 (final),U-TGV (final),PSNR,-0.14291763305664062
div2k/0805.png/sigma_0.050,div2k,0805.png,0.05000000074505806,U-Tikhonov T16/CG32 (final),U-TGV (final),PSNR,-0.11845588684082031
div2k/0806.png/sigma_0.050,div2k,0806.png,0.05000000074505806,U-Tikhonov T16/CG32 (final),U-TGV (final),PSNR,-0.2817249298095703
div2k/0807.png/sigma_0.050,div2k,0807.png,0.05000000074505806,U-Tikhonov T16/CG32 (final),U-TGV (final),PSNR,-0.02217864990234375
div2k/0808.png/sigma_0.050,div2k,0808.png,0.05000000074505806,U-Tikhonov T16/CG32 (final),U-TGV (final),PSNR,-0.06438446044921875
div2k/0809.png/sigma_0.050,div2k,0809.png,0.05000000074505806,U-Tikhonov T16/CG32 (final),U-TGV (final),PSNR,-0.0472564697265625
div2k/0810.png/sigma_0.050,div2k,0810.png,0.05000000074505806,U-Tikhonov T16/CG32 (final),U-TGV (final),PSNR,-0.06745147705078125
div2k/0811.png/sigma_0.050,div2k,0811.png,0.05000000074505806,U-Tikhonov T16/CG32 (final),U-TGV (final),PSNR,-0.035556793212890625
div2k/0812.png/sigma_0.050,div2k,0812.png,0.05000000074505806,U-Tikhonov T16/CG32 (final),U-TGV (final),PSNR,-0.52264404296875
div2k/0813.png/sigma_0.050,div2k,0813.png,0.05000000074505806,U-Tikhonov T16/CG32 (final),U-TGV (final),PSNR,-0.25656700134277344
div2k/0814.png/sigma_0.050,div2k,0814.png,0.05000000074505806,U-Tikhonov T16/CG32 (final),U-TGV (final),PSNR,0.0101776123046875
div2k/0815.png/sigma_0.050,div2k,0815.png,0.05000000074505806,U-Tikhonov T16/CG32 (final),U-TGV (final),PSNR,-0.1473712921142578
div2k/0816.png/sigma_0.050,div2k,0816.png,0.05000000074505806,U-Tikhonov T16/CG32 (final),U-TGV (final),PSNR,-0.1783161163330078
div2k/0817.png/sigma_0.050,div2k,0817.png,0.05000000074505806,U-Tikhonov T16/CG32 (final),U-TGV (final),PSNR,-0.11317062377929688
div2k/0818.png/sigma_0.050,div2k,0818.png,0.05000000074505806,U-Tikhonov T16/CG32 (final),U-TGV (final),PSNR,-0.20466041564941406
div2k/0819.png/sigma_0.050,div2k,0819.png,0.05000000074505806,U-Tikhonov T16/CG32 (final),U-TGV (final),PSNR,-0.10733795166015625
div2k/0820.png/sigma_0.050,div2k,0820.png,0.05000000074505806,U-Tikhonov T16/CG32 (final),U-TGV (final),PSNR,-0.13110733032226562
div2k/0821.png/sigma_0.050,div2k,0821.png,0.05000000074505806,U-Tikhonov T16/CG32 (final),U-TGV (final),PSNR,0.39536476135253906
div2k/0822.png/sigma_0.050,div2k,0822.png,0.05000000074505806,U-Tikhonov T16/CG32 (final),U-TGV (final),PSNR,-0.1084747314453125
div2k/0823.png/sigma_0.050,div2k,0823.png,0.05000000074505806,U-Tikhonov T16/CG32 (final),U-TGV (final),PSNR,-0.07604408264160156
div2k/0824.png/sigma_0.050,div2k,0824.png,0.05000000074505806,U-Tikhonov T16/CG32 (final),U-TGV (final),PSNR,-0.291900634765625
div2k/0825.png/sigma_0.050,div2k,0825.png,0.05000000074505806,U-Tikhonov T16/CG32 (final),U-TGV (final),PSNR,-0.28911399841308594
div2k/0826.png/sigma_0.050,div2k,0826.png,0.05000000074505806,U-Tikhonov T16/CG32 (final),U-TGV (final),PSNR,-0.149078369140625
div2k/0827.png/sigma_0.050,div2k,0827.png,0.05000000074505806,U-Tikhonov T16/CG32 (final),U-TGV (final),PSNR,-0.1046905517578125
div2k/0828.png/sigma_0.050,div2k,0828.png,0.05000000074505806,U-Tikhonov T16/CG32 (final),U-TGV (final),PSNR,0.6870403289794922
div2k/0829.png/sigma_0.050,div2k,0829.png,0.05000000074505806,U-Tikhonov T16/CG32 (final),U-TGV (final),PSNR,-0.1343536376953125
div2k/0830.png/sigma_0.050,div2k,0830.png,0.05000000074505806,U-Tikhonov T16/CG32 (final),U-TGV (final),PSNR,-0.21708106994628906
div2k/0831.png/sigma_0.050,div2k,0831.png,0.05000000074505806,U-Tikhonov T16/CG32 (final),U-TGV (final),PSNR,-0.2948780059814453
div2k/0832.png/sigma_0.050,div2k,0832.png,0.05000000074505806,U-Tikhonov T16/CG32 (final),U-TGV (final),PSNR,-0.2585010528564453
div2k/0833.png/sigma_0.050,div2k,0833.png,0.05000000074505806,U-Tikhonov T16/CG32 (final),U-TGV (final),PSNR,-0.9816799163818359
div2k/0834.png/sigma_0.050,div2k,0834.png,0.05000000074505806,U-Tikhonov T16/CG32 (final),U-TGV (final),PSNR,-0.007778167724609375
div2k/0835.png/sigma_0.050,div2k,0835.png,0.05000000074505806,U-Tikhonov T16/CG32 (final),U-TGV (final),PSNR,-0.24349212646484375
div2k/0836.png/sigma_0.050,div2k,0836.png,0.05000000074505806,U-Tikhonov T16/CG32 (final),U-TGV (final),PSNR,-0.5244922637939453
div2k/0837.png/sigma_0.050,div2k,0837.png,0.05000000074505806,U-Tikhonov T16/CG32 (final),U-TGV (final),PSNR,-0.1036834716796875
div2k/0838.png/sigma_0.050,div2k,0838.png,0.05000000074505806,U-Tikhonov T16/CG32 (final),U-TGV (final),PSNR,-0.3313636779785156
div2k/0839.png/sigma_0.050,div2k,0839.png,0.05000000074505806,U-Tikhonov T16/CG32 (final),U-TGV (final),PSNR,-0.08013534545898438
div2k/0840.png/sigma_0.050,div2k,0840.png,0.05000000074505806,U-Tikhonov T16/CG32 (final),U-TGV (final),PSNR,-0.08188247680664062
div2k/0841.png/sigma_0.050,div2k,0841.png,0.05000000074505806,U-Tikhonov T16/CG32 (final),U-TGV (final),PSNR,-0.10385513305664062
div2k/0842.png/sigma_0.050,div2k,0842.png,0.05000000074505806,U-Tikhonov T16/CG32 (final),U-TGV (final),PSNR,-0.18922805786132812
div2k/0843.png/sigma_0.050,div2k,0843.png,0.05000000074505806,U-Tikhonov T16/CG32 (final),U-TGV (final),PSNR,-0.01044464111328125
div2k/0844.png/sigma_0.050,div2k,0844.png,0.05000000074505806,U-Tikhonov T16/CG32 (final),U-TGV (final),PSNR,-0.033611297607421875
div2k/0845.png/sigma_0.050,div2k,0845.png,0.05000000074505806,U-Tikhonov T16/CG32 (final),U-TGV (final),PSNR,0.031003952026367188
div2k/0846.png/sigma_0.050,div2k,0846.png,0.05000000074505806,U-Tikhonov T16/CG32 (final),U-TGV (final),PSNR,-0.2101287841796875
div2k/0847.png/sigma_0.050,div2k,0847.png,0.05000000074505806,U-Tikhonov T16/CG32 (final),U-TGV (final),PSNR,-0.23740196228027344
div2k/0848.png/sigma_0.050,div2k,0848.png,0.05000000074505806,U-Tikhonov T16/CG32 (final),U-TGV (final),PSNR,-0.18624114990234375
div2k/0849.png/sigma_0.050,div2k,0849.png,0.05000000074505806,U-Tikhonov T16/CG32 (final),U-TGV (final),PSNR,0.041996002197265625
div2k/0850.png/sigma_0.050,div2k,0850.png,0.05000000074505806,U-Tikhonov T16/CG32 (final),U-TGV (final),PSNR,-0.09449577331542969
div2k/0851.png/sigma_0.050,div2k,0851.png,0.05000000074505806,U-Tikhonov T16/CG32 (final),U-TGV (final),PSNR,-0.09057235717773438
div2k/0852.png/sigma_0.050,div2k,0852.png,0.05000000074505806,U-Tikhonov T16/CG32 (final),U-TGV (final),PSNR,-0.04472541809082031
div2k/0853.png/sigma_0.050,div2k,0853.png,0.05000000074505806,U-Tikhonov T16/CG32 (final),U-TGV (final),PSNR,0.028667449951171875
div2k/0854.png/sigma_0.050,div2k,0854.png,0.05000000074505806,U-Tikhonov T16/CG32 (final),U-TGV (final),PSNR,-0.11361885070800781
div2k/0855.png/sigma_0.050,div2k,0855.png,0.05000000074505806,U-Tikhonov T16/CG32 (final),U-TGV (final),PSNR,-0.0965423583984375
div2k/0856.png/sigma_0.050,div2k,0856.png,0.05000000074505806,U-Tikhonov T16/CG32 (final),U-TGV (final),PSNR,0.014636993408203125
div2k/0857.png/sigma_0.050,div2k,0857.png,0.05000000074505806,U-Tikhonov T16/CG32 (final),U-TGV (final),PSNR,-0.352874755859375
div2k/0858.png/sigma_0.050,div2k,0858.png,0.05000000074505806,U-Tikhonov T16/CG32 (final),U-TGV (final),PSNR,-0.08801078796386719
div2k/0859.png/sigma_0.050,div2k,0859.png,0.05000000074505806,U-Tikhonov T16/CG32 (final),U-TGV (final),PSNR,-0.06618118286132812
div2k/0860.png/sigma_0.050,div2k,0860.png,0.05000000074505806,U-Tikhonov T16/CG32 (final),U-TGV (final),PSNR,-0.029825210571289062
div2k/0861.png/sigma_0.050,div2k,0861.png,0.05000000074505806,U-Tikhonov T16/CG32 (final),U-TGV (final),PSNR,-0.11269760131835938
div2k/0862.png/sigma_0.050,div2k,0862.png,0.05000000074505806,U-Tikhonov T16/CG32 (final),U-TGV (final),PSNR,0.004730224609375
div2k/0863.png/sigma_0.050,div2k,0863.png,0.05000000074505806,U-Tikhonov T16/CG32 (final),U-TGV (final),PSNR,-0.2134246826171875
div2k/0864.png/sigma_0.050,div2k,0864.png,0.05000000074505806,U-Tikhonov T16/CG32 (final),U-TGV (final),PSNR,-0.11170196533203125
div2k/0865.png/sigma_0.050,div2k,0865.png,0.05000000074505806,U-Tikhonov T16/CG32 (final),U-TGV (final),PSNR,-0.19594383239746094
div2k/0866.png/sigma_0.050,div2k,0866.png,0.05000000074505806,U-Tikhonov T16/CG32 (final),U-TGV (final),PSNR,-0.2838764190673828
div2k/0867.png/sigma_0.050,div2k,0867.png,0.05000000074505806,U-Tikhonov T16/CG32 (final),U-TGV (final),PSNR,-0.39901161193847656
div2k/0868.png/sigma_0.050,div2k,0868.png,0.05000000074505806,U-Tikhonov T16/CG32 (final),U-TGV (final),PSNR,-0.06439971923828125
div2k/0869.png/sigma_0.050,div2k,0869.png,0.05000000074505806,U-Tikhonov T16/CG32 (final),U-TGV (final),PSNR,-0.179840087890625
div2k/0870.png/sigma_0.050,div2k,0870.png,0.05000000074505806,U-Tikhonov T16/CG32 (final),U-TGV (final),PSNR,-0.06983566284179688
div2k/0871.png/sigma_0.050,div2k,0871.png,0.05000000074505806,U-Tikhonov T16/CG32 (final),U-TGV (final),PSNR,-0.18830490112304688
div2k/0872.png/sigma_0.050,div2k,0872.png,0.05000000074505806,U-Tikhonov T16/CG32 (final),U-TGV (final),PSNR,-0.062252044677734375
div2k/0873.png/sigma_0.050,div2k,0873.png,0.05000000074505806,U-Tikhonov T16/CG32 (final),U-TGV (final),PSNR,-0.11932373046875
div2k/0874.png/sigma_0.050,div2k,0874.png,0.05000000074505806,U-Tikhonov T16/CG32 (final),U-TGV (final),PSNR,-0.1386547088623047
div2k/0875.png/sigma_0.050,div2k,0875.png,0.05000000074505806,U-Tikhonov T16/CG32 (final),U-TGV (final),PSNR,-0.2141590118408203
div2k/0876.png/sigma_0.050,div2k,0876.png,0.05000000074505806,U-Tikhonov T16/CG32 (final),U-TGV (final),PSNR,-0.020282745361328125
div2k/0877.png/sigma_0.050,div2k,0877.png,0.05000000074505806,U-Tikhonov T16/CG32 (final),U-TGV (final),PSNR,-0.005588531494140625
div2k/0878.png/sigma_0.050,div2k,0878.png,0.05000000074505806,U-Tikhonov T16/CG32 (final),U-TGV (final),PSNR,-0.22130393981933594
div2k/0879.png/sigma_0.050,div2k,0879.png,0.05000000074505806,U-Tikhonov T16/CG32 (final),U-TGV (final),PSNR,-0.21170425415039062
div2k/0880.png/sigma_0.050,div2k,0880.png,0.05000000074505806,U-Tikhonov T16/CG32 (final),U-TGV (final),PSNR,-0.07015609741210938
div2k/0881.png/sigma_0.050,div2k,0881.png,0.05000000074505806,U-Tikhonov T16/CG32 (final),U-TGV (final),PSNR,-0.09427642822265625
div2k/0882.png/sigma_0.050,div2k,0882.png,0.05000000074505806,U-Tikhonov T16/CG32 (final),U-TGV (final),PSNR,-0.3975639343261719
div2k/0883.png/sigma_0.050,div2k,0883.png,0.05000000074505806,U-Tikhonov T16/CG32 (final),U-TGV (final),PSNR,-0.09473800659179688
div2k/0884.png/sigma_0.050,div2k,0884.png,0.05000000074505806,U-Tikhonov T16/CG32 (final),U-TGV (final),PSNR,-0.18822097778320312
div2k/0885.png/sigma_0.050,div2k,0885.png,0.05000000074505806,U-Tikhonov T16/CG32 (final),U-TGV (final),PSNR,-0.3220195770263672
div2k/0886.png/sigma_0.050,div2k,0886.png,0.05000000074505806,U-Tikhonov T16/CG32 (final),U-TGV (final),PSNR,-0.4568977355957031
div2k/0887.png/sigma_0.050,div2k,0887.png,0.05000000074505806,U-Tikhonov T16/CG32 (final),U-TGV (final),PSNR,-0.12284660339355469
div2k/0888.png/sigma_0.050,div2k,0888.png,0.05000000074505806,U-Tikhonov T16/CG32 (final),U-TGV (final),PSNR,-0.34792327880859375
div2k/0889.png/sigma_0.050,div2k,0889.png,0.05000000074505806,U-Tikhonov T16/CG32 (final),U-TGV (final),PSNR,-0.11128997802734375
div2k/0890.png/sigma_0.050,div2k,0890.png,0.05000000074505806,U-Tikhonov T16/CG32 (final),U-TGV (final),PSNR,0.03183937072753906
div2k/0891.png/sigma_0.050,div2k,0891.png,0.05000000074505806,U-Tikhonov T16/CG32 (final),U-TGV (final),PSNR,-0.304962158203125
div2k/0892.png/sigma_0.050,div2k,0892.png,0.05000000074505806,U-Tikhonov T16/CG32 (final),U-TGV (final),PSNR,0.08850288391113281
div2k/0893.png/sigma_0.050,div2k,0893.png,0.05000000074505806,U-Tikhonov T16/CG32 (final),U-TGV (final),PSNR,-0.2074756622314453
div2k/0894.png/sigma_0.050,div2k,0894.png,0.05000000074505806,U-Tikhonov T16/CG32 (final),U-TGV (final),PSNR,-0.04689788818359375
div2k/0895.png/sigma_0.050,div2k,0895.png,0.05000000074505806,U-Tikhonov T16/CG32 (final),U-TGV (final),PSNR,0.22144317626953125
div2k/0896.png/sigma_0.050,div2k,0896.png,0.05000000074505806,U-Tikhonov T16/CG32 (final),U-TGV (final),PSNR,-0.2902870178222656
div2k/0897.png/sigma_0.050,div2k,0897.png,0.05000000074505806,U-Tikhonov T16/CG32 (final),U-TGV (final),PSNR,-0.1820220947265625
div2k/0898.png/sigma_0.050,div2k,0898.png,0.05000000074505806,U-Tikhonov T16/CG32 (final),U-TGV (final),PSNR,-0.10345458984375
div2k/0899.png/sigma_0.050,div2k,0899.png,0.05000000074505806,U-Tikhonov T16/CG32 (final),U-TGV (final),PSNR,-0.12255096435546875
div2k/0900.png/sigma_0.050,div2k,0900.png,0.05000000074505806,U-Tikhonov T16/CG32 (final),U-TGV (final),PSNR,-0.5275897979736328
div2k/0801.png/sigma_0.050,div2k,0801.png,0.05000000074505806,U-Tikhonov T16/CG32 (final),U-TGV (final),SSIM,-0.0015216469764709473
div2k/0802.png/sigma_0.050,div2k,0802.png,0.05000000074505806,U-Tikhonov T16/CG32 (final),U-TGV (final),SSIM,-0.00295180082321167
div2k/0803.png/sigma_0.050,div2k,0803.png,0.05000000074505806,U-Tikhonov T16/CG32 (final),U-TGV (final),SSIM,-0.003567636013031006
div2k/0804.png/sigma_0.050,div2k,0804.png,0.05000000074505806,U-Tikhonov T16/CG32 (final),U-TGV (final),SSIM,-0.000844120979309082
div2k/0805.png/sigma_0.050,div2k,0805.png,0.05000000074505806,U-Tikhonov T16/CG32 (final),U-TGV (final),SSIM,-0.0031518936157226562
div2k/0806.png/sigma_0.050,div2k,0806.png,0.05000000074505806,U-Tikhonov T16/CG32 (final),U-TGV (final),SSIM,-0.0035321712493896484
div2k/0807.png/sigma_0.050,div2k,0807.png,0.05000000074505806,U-Tikhonov T16/CG32 (final),U-TGV (final),SSIM,-0.0017018318176269531
div2k/0808.png/sigma_0.050,div2k,0808.png,0.05000000074505806,U-Tikhonov T16/CG32 (final),U-TGV (final),SSIM,0.00030493736267089844
div2k/0809.png/sigma_0.050,div2k,0809.png,0.05000000074505806,U-Tikhonov T16/CG32 (final),U-TGV (final),SSIM,-0.0032185912132263184
div2k/0810.png/sigma_0.050,div2k,0810.png,0.05000000074505806,U-Tikhonov T16/CG32 (final),U-TGV (final),SSIM,-0.0031867027282714844
div2k/0811.png/sigma_0.050,div2k,0811.png,0.05000000074505806,U-Tikhonov T16/CG32 (final),U-TGV (final),SSIM,-0.0028644204139709473
div2k/0812.png/sigma_0.050,div2k,0812.png,0.05000000074505806,U-Tikhonov T16/CG32 (final),U-TGV (final),SSIM,-0.003001868724822998
div2k/0813.png/sigma_0.050,div2k,0813.png,0.05000000074505806,U-Tikhonov T16/CG32 (final),U-TGV (final),SSIM,-0.0036407113075256348
div2k/0814.png/sigma_0.050,div2k,0814.png,0.05000000074505806,U-Tikhonov T16/CG32 (final),U-TGV (final),SSIM,0.00540614128112793
div2k/0815.png/sigma_0.050,div2k,0815.png,0.05000000074505806,U-Tikhonov T16/CG32 (final),U-TGV (final),SSIM,-0.0032089948654174805
div2k/0816.png/sigma_0.050,div2k,0816.png,0.05000000074505806,U-Tikhonov T16/CG32 (final),U-TGV (final),SSIM,-0.0015823841094970703
div2k/0817.png/sigma_0.050,div2k,0817.png,0.05000000074505806,U-Tikhonov T16/CG32 (final),U-TGV (final),SSIM,0.00015413761138916016
div2k/0818.png/sigma_0.050,div2k,0818.png,0.05000000074505806,U-Tikhonov T16/CG32 (final),U-TGV (final),SSIM,-0.001992523670196533
div2k/0819.png/sigma_0.050,div2k,0819.png,0.05000000074505806,U-Tikhonov T16/CG32 (final),U-TGV (final),SSIM,-0.002746760845184326
div2k/0820.png/sigma_0.050,div2k,0820.png,0.05000000074505806,U-Tikhonov T16/CG32 (final),U-TGV (final),SSIM,-0.007516145706176758
div2k/0821.png/sigma_0.050,div2k,0821.png,0.05000000074505806,U-Tikhonov T16/CG32 (final),U-TGV (final),SSIM,0.0028525590896606445
div2k/0822.png/sigma_0.050,div2k,0822.png,0.05000000074505806,U-Tikhonov T16/CG32 (final),U-TGV (final),SSIM,-0.0030208230018615723
div2k/0823.png/sigma_0.050,div2k,0823.png,0.05000000074505806,U-Tikhonov T16/CG32 (final),U-TGV (final),SSIM,0.0025790929794311523
div2k/0824.png/sigma_0.050,div2k,0824.png,0.05000000074505806,U-Tikhonov T16/CG32 (final),U-TGV (final),SSIM,-0.003107130527496338
div2k/0825.png/sigma_0.050,div2k,0825.png,0.05000000074505806,U-Tikhonov T16/CG32 (final),U-TGV (final),SSIM,-0.0020694732666015625
div2k/0826.png/sigma_0.050,div2k,0826.png,0.05000000074505806,U-Tikhonov T16/CG32 (final),U-TGV (final),SSIM,0.00018352270126342773
div2k/0827.png/sigma_0.050,div2k,0827.png,0.05000000074505806,U-Tikhonov T16/CG32 (final),U-TGV (final),SSIM,-0.0022439956665039062
div2k/0828.png/sigma_0.050,div2k,0828.png,0.05000000074505806,U-Tikhonov T16/CG32 (final),U-TGV (final),SSIM,0.012857496738433838
div2k/0829.png/sigma_0.050,div2k,0829.png,0.05000000074505806,U-Tikhonov T16/CG32 (final),U-TGV (final),SSIM,-0.0012881159782409668
div2k/0830.png/sigma_0.050,div2k,0830.png,0.05000000074505806,U-Tikhonov T16/CG32 (final),U-TGV (final),SSIM,-0.0026453137397766113
div2k/0831.png/sigma_0.050,div2k,0831.png,0.05000000074505806,U-Tikhonov T16/CG32 (final),U-TGV (final),SSIM,-0.00366288423538208
div2k/0832.png/sigma_0.050,div2k,0832.png,0.05000000074505806,U-Tikhonov T16/CG32 (final),U-TGV (final),SSIM,-0.0025099515914916992
div2k/0833.png/sigma_0.050,div2k,0833.png,0.05000000074505806,U-Tikhonov T16/CG32 (final),U-TGV (final),SSIM,-0.0006897449493408203
div2k/0834.png/sigma_0.050,div2k,0834.png,0.05000000074505806,U-Tikhonov T16/CG32 (final),U-TGV (final),SSIM,-0.0011899471282958984
div2k/0835.png/sigma_0.050,div2k,0835.png,0.05000000074505806,U-Tikhonov T16/CG32 (final),U-TGV (final),SSIM,-0.006615817546844482
div2k/0836.png/sigma_0.050,div2k,0836.png,0.05000000074505806,U-Tikhonov T16/CG32 (final),U-TGV (final),SSIM,-0.0027657151222229004
div2k/0837.png/sigma_0.050,div2k,0837.png,0.05000000074505806,U-Tikhonov T16/CG32 (final),U-TGV (final),SSIM,-0.0017517805099487305
div2k/0838.png/sigma_0.050,div2k,0838.png,0.05000000074505806,U-Tikhonov T16/CG32 (final),U-TGV (final),SSIM,-0.002442598342895508
div2k/0839.png/sigma_0.050,div2k,0839.png,0.05000000074505806,U-Tikhonov T16/CG32 (final),U-TGV (final),SSIM,-0.001896500587463379
div2k/0840.png/sigma_0.050,div2k,0840.png,0.05000000074505806,U-Tikhonov T16/CG32 (final),U-TGV (final),SSIM,-0.0030851364135742188
div2k/0841.png/sigma_0.050,div2k,0841.png,0.05000000074505806,U-Tikhonov T16/CG32 (final),U-TGV (final),SSIM,-0.002781987190246582
div2k/0842.png/sigma_0.050,div2k,0842.png,0.05000000074505806,U-Tikhonov T16/CG32 (final),U-TGV (final),SSIM,-0.004948556423187256
div2k/0843.png/sigma_0.050,div2k,0843.png,0.05000000074505806,U-Tikhonov T16/CG32 (final),U-TGV (final),SSIM,0.008692920207977295
div2k/0844.png/sigma_0.050,div2k,0844.png,0.05000000074505806,U-Tikhonov T16/CG32 (final),U-TGV (final),SSIM,-0.0007476806640625
div2k/0845.png/sigma_0.050,div2k,0845.png,0.05000000074505806,U-Tikhonov T16/CG32 (final),U-TGV (final),SSIM,-0.0015042424201965332
div2k/0846.png/sigma_0.050,div2k,0846.png,0.05000000074505806,U-Tikhonov T16/CG32 (final),U-TGV (final),SSIM,-0.002080857753753662
div2k/0847.png/sigma_0.050,div2k,0847.png,0.05000000074505806,U-Tikhonov T16/CG32 (final),U-TGV (final),SSIM,-0.001157224178314209
div2k/0848.png/sigma_0.050,div2k,0848.png,0.05000000074505806,U-Tikhonov T16/CG32 (final),U-TGV (final),SSIM,-0.001374363899230957
div2k/0849.png/sigma_0.050,div2k,0849.png,0.05000000074505806,U-Tikhonov T16/CG32 (final),U-TGV (final),SSIM,-0.0004640817642211914
div2k/0850.png/sigma_0.050,div2k,0850.png,0.05000000074505806,U-Tikhonov T16/CG32 (final),U-TGV (final),SSIM,-0.0020194649696350098
div2k/0851.png/sigma_0.050,div2k,0851.png,0.05000000074505806,U-Tikhonov T16/CG32 (final),U-TGV (final),SSIM,0.003507673740386963
div2k/0852.png/sigma_0.050,div2k,0852.png,0.05000000074505806,U-Tikhonov T16/CG32 (final),U-TGV (final),SSIM,-0.003396451473236084
div2k/0853.png/sigma_0.050,div2k,0853.png,0.05000000074505806,U-Tikhonov T16/CG32 (final),U-TGV (final),SSIM,0.0026236772537231445
div2k/0854.png/sigma_0.050,div2k,0854.png,0.05000000074505806,U-Tikhonov T16/CG32 (final),U-TGV (final),SSIM,0.000917971134185791
div2k/0855.png/sigma_0.050,div2k,0855.png,0.05000000074505806,U-Tikhonov T16/CG32 (final),U-TGV (final),SSIM,-0.0034702420234680176
div2k/0856.png/sigma_0.050,div2k,0856.png,0.05000000074505806,U-Tikhonov T16/CG32 (final),U-TGV (final),SSIM,-0.0032631754875183105
div2k/0857.png/sigma_0.050,div2k,0857.png,0.05000000074505806,U-Tikhonov T16/CG32 (final),U-TGV (final),SSIM,-0.003272533416748047
div2k/0858.png/sigma_0.050,div2k,0858.png,0.05000000074505806,U-Tikhonov T16/CG32 (final),U-TGV (final),SSIM,-0.006130337715148926
div2k/0859.png/sigma_0.050,div2k,0859.png,0.05000000074505806,U-Tikhonov T16/CG32 (final),U-TGV (final),SSIM,-0.001390218734741211
div2k/0860.png/sigma_0.050,div2k,0860.png,0.05000000074505806,U-Tikhonov T16/CG32 (final),U-TGV (final),SSIM,-0.0014739036560058594
div2k/0861.png/sigma_0.050,div2k,0861.png,0.05000000074505806,U-Tikhonov T16/CG32 (final),U-TGV (final),SSIM,-0.006909787654876709
div2k/0862.png/sigma_0.050,div2k,0862.png,0.05000000074505806,U-Tikhonov T16/CG32 (final),U-TGV (final),SSIM,1.537799835205078e-05
div2k/0863.png/sigma_0.050,div2k,0863.png,0.05000000074505806,U-Tikhonov T16/CG32 (final),U-TGV (final),SSIM,-0.00014412403106689453
div2k/0864.png/sigma_0.050,div2k,0864.png,0.05000000074505806,U-Tikhonov T16/CG32 (final),U-TGV (final),SSIM,-0.0030707120895385742
div2k/0865.png/sigma_0.050,div2k,0865.png,0.05000000074505806,U-Tikhonov T16/CG32 (final),U-TGV (final),SSIM,-0.003215491771697998
div2k/0866.png/sigma_0.050,div2k,0866.png,0.05000000074505806,U-Tikhonov T16/CG32 (final),U-TGV (final),SSIM,-0.004879176616668701
div2k/0867.png/sigma_0.050,div2k,0867.png,0.05000000074505806,U-Tikhonov T16/CG32 (final),U-TGV (final),SSIM,-0.004891455173492432
div2k/0868.png/sigma_0.050,div2k,0868.png,0.05000000074505806,U-Tikhonov T16/CG32 (final),U-TGV (final),SSIM,0.00811767578125
div2k/0869.png/sigma_0.050,div2k,0869.png,0.05000000074505806,U-Tikhonov T16/CG32 (final),U-TGV (final),SSIM,-0.0015435218811035156
div2k/0870.png/sigma_0.050,div2k,0870.png,0.05000000074505806,U-Tikhonov T16/CG32 (final),U-TGV (final),SSIM,-0.002429962158203125
div2k/0871.png/sigma_0.050,div2k,0871.png,0.05000000074505806,U-Tikhonov T16/CG32 (final),U-TGV (final),SSIM,-0.002054572105407715
div2k/0872.png/sigma_0.050,div2k,0872.png,0.05000000074505806,U-Tikhonov T16/CG32 (final),U-TGV (final),SSIM,-0.0009158849716186523
div2k/0873.png/sigma_0.050,div2k,0873.png,0.05000000074505806,U-Tikhonov T16/CG32 (final),U-TGV (final),SSIM,-0.0014974474906921387
div2k/0874.png/sigma_0.050,div2k,0874.png,0.05000000074505806,U-Tikhonov T16/CG32 (final),U-TGV (final),SSIM,-0.0021317601203918457
div2k/0875.png/sigma_0.050,div2k,0875.png,0.05000000074505806,U-Tikhonov T16/CG32 (final),U-TGV (final),SSIM,-0.0024566650390625
div2k/0876.png/sigma_0.050,div2k,0876.png,0.05000000074505806,U-Tikhonov T16/CG32 (final),U-TGV (final),SSIM,-0.004082322120666504
div2k/0877.png/sigma_0.050,div2k,0877.png,0.05000000074505806,U-Tikhonov T16/CG32 (final),U-TGV (final),SSIM,0.00030159950256347656
div2k/0878.png/sigma_0.050,div2k,0878.png,0.05000000074505806,U-Tikhonov T16/CG32 (final),U-TGV (final),SSIM,-0.002865731716156006
div2k/0879.png/sigma_0.050,div2k,0879.png,0.05000000074505806,U-Tikhonov T16/CG32 (final),U-TGV (final),SSIM,0.0038537979125976562
div2k/0880.png/sigma_0.050,div2k,0880.png,0.05000000074505806,U-Tikhonov T16/CG32 (final),U-TGV (final),SSIM,0.0006595253944396973
div2k/0881.png/sigma_0.050,div2k,0881.png,0.05000000074505806,U-Tikhonov T16/CG32 (final),U-TGV (final),SSIM,-0.002574920654296875
div2k/0882.png/sigma_0.050,div2k,0882.png,0.05000000074505806,U-Tikhonov T16/CG32 (final),U-TGV (final),SSIM,-0.0024015307426452637
div2k/0883.png/sigma_0.050,div2k,0883.png,0.05000000074505806,U-Tikhonov T16/CG32 (final),U-TGV (final),SSIM,-0.0017805099487304688
div2k/0884.png/sigma_0.050,div2k,0884.png,0.05000000074505806,U-Tikhonov T16/CG32 (final),U-TGV (final),SSIM,-0.003004610538482666
div2k/0885.png/sigma_0.050,div2k,0885.png,0.05000000074505806,U-Tikhonov T16/CG32 (final),U-TGV (final),SSIM,-0.0052394866943359375
div2k/0886.png/sigma_0.050,div2k,0886.png,0.05000000074505806,U-Tikhonov T16/CG32 (final),U-TGV (final),SSIM,-0.005774974822998047
div2k/0887.png/sigma_0.050,div2k,0887.png,0.05000000074505806,U-Tikhonov T16/CG32 (final),U-TGV (final),SSIM,-0.0021167993545532227
div2k/0888.png/sigma_0.050,div2k,0888.png,0.05000000074505806,U-Tikhonov T16/CG32 (final),U-TGV (final),SSIM,-0.003446817398071289
div2k/0889.png/sigma_0.050,div2k,0889.png,0.05000000074505806,U-Tikhonov T16/CG32 (final),U-TGV (final),SSIM,-0.00128096342086792
div2k/0890.png/sigma_0.050,div2k,0890.png,0.05000000074505806,U-Tikhonov T16/CG32 (final),U-TGV (final),SSIM,0.0038967132568359375
div2k/0891.png/sigma_0.050,div2k,0891.png,0.05000000074505806,U-Tikhonov T16/CG32 (final),U-TGV (final),SSIM,-0.0036853551864624023
div2k/0892.png/sigma_0.050,div2k,0892.png,0.05000000074505806,U-Tikhonov T16/CG32 (final),U-TGV (final),SSIM,-0.0011605620384216309
div2k/0893.png/sigma_0.050,div2k,0893.png,0.05000000074505806,U-Tikhonov T16/CG32 (final),U-TGV (final),SSIM,-0.0011892914772033691
div2k/0894.png/sigma_0.050,div2k,0894.png,0.05000000074505806,U-Tikhonov T16/CG32 (final),U-TGV (final),SSIM,-0.0014589428901672363
div2k/0895.png/sigma_0.050,div2k,0895.png,0.05000000074505806,U-Tikhonov T16/CG32 (final),U-TGV (final),SSIM,0.003020942211151123
div2k/0896.png/sigma_0.050,div2k,0896.png,0.05000000074505806,U-Tikhonov T16/CG32 (final),U-TGV (final),SSIM,0.003982424736022949
div2k/0897.png/sigma_0.050,div2k,0897.png,0.05000000074505806,U-Tikhonov T16/CG32 (final),U-TGV (final),SSIM,0.00011938810348510742
div2k/0898.png/sigma_0.050,div2k,0898.png,0.05000000074505806,U-Tikhonov T16/CG32 (final),U-TGV (final),SSIM,0.006287693977355957
div2k/0899.png/sigma_0.050,div2k,0899.png,0.05000000074505806,U-Tikhonov T16/CG32 (final),U-TGV (final),SSIM,-0.0017735958099365234
div2k/0900.png/sigma_0.050,div2k,0900.png,0.05000000074505806,U-Tikhonov T16/CG32 (final),U-TGV (final),SSIM,-0.00625300407409668
div2k/0801.png/sigma_0.100,div2k,0801.png,0.10000000149011612,U-Tikhonov T16/CG32 (final),U-TV (final),PSNR,0.1636505126953125
div2k/0802.png/sigma_0.100,div2k,0802.png,0.10000000149011612,U-Tikhonov T16/CG32 (final),U-TV (final),PSNR,0.281402587890625
div2k/0803.png/sigma_0.100,div2k,0803.png,0.10000000149011612,U-Tikhonov T16/CG32 (final),U-TV (final),PSNR,0.23212242126464844
div2k/0804.png/sigma_0.100,div2k,0804.png,0.10000000149011612,U-Tikhonov T16/CG32 (final),U-TV (final),PSNR,0.16020774841308594
div2k/0805.png/sigma_0.100,div2k,0805.png,0.10000000149011612,U-Tikhonov T16/CG32 (final),U-TV (final),PSNR,0.21330642700195312
div2k/0806.png/sigma_0.100,div2k,0806.png,0.10000000149011612,U-Tikhonov T16/CG32 (final),U-TV (final),PSNR,0.17771339416503906
div2k/0807.png/sigma_0.100,div2k,0807.png,0.10000000149011612,U-Tikhonov T16/CG32 (final),U-TV (final),PSNR,0.12422561645507812
div2k/0808.png/sigma_0.100,div2k,0808.png,0.10000000149011612,U-Tikhonov T16/CG32 (final),U-TV (final),PSNR,0.2846870422363281
div2k/0809.png/sigma_0.100,div2k,0809.png,0.10000000149011612,U-Tikhonov T16/CG32 (final),U-TV (final),PSNR,0.14907073974609375
div2k/0810.png/sigma_0.100,div2k,0810.png,0.10000000149011612,U-Tikhonov T16/CG32 (final),U-TV (final),PSNR,0.1594715118408203
div2k/0811.png/sigma_0.100,div2k,0811.png,0.10000000149011612,U-Tikhonov T16/CG32 (final),U-TV (final),PSNR,0.09948158264160156
div2k/0812.png/sigma_0.100,div2k,0812.png,0.10000000149011612,U-Tikhonov T16/CG32 (final),U-TV (final),PSNR,0.023050308227539062
div2k/0813.png/sigma_0.100,div2k,0813.png,0.10000000149011612,U-Tikhonov T16/CG32 (final),U-TV (final),PSNR,0.12362289428710938
div2k/0814.png/sigma_0.100,div2k,0814.png,0.10000000149011612,U-Tikhonov T16/CG32 (final),U-TV (final),PSNR,0.18921852111816406
div2k/0815.png/sigma_0.100,div2k,0815.png,0.10000000149011612,U-Tikhonov T16/CG32 (final),U-TV (final),PSNR,0.22574615478515625
div2k/0816.png/sigma_0.100,div2k,0816.png,0.10000000149011612,U-Tikhonov T16/CG32 (final),U-TV (final),PSNR,0.07961654663085938
div2k/0817.png/sigma_0.100,div2k,0817.png,0.10000000149011612,U-Tikhonov T16/CG32 (final),U-TV (final),PSNR,0.13434219360351562
div2k/0818.png/sigma_0.100,div2k,0818.png,0.10000000149011612,U-Tikhonov T16/CG32 (final),U-TV (final),PSNR,0.2964305877685547
div2k/0819.png/sigma_0.100,div2k,0819.png,0.10000000149011612,U-Tikhonov T16/CG32 (final),U-TV (final),PSNR,0.11247825622558594
div2k/0820.png/sigma_0.100,div2k,0820.png,0.10000000149011612,U-Tikhonov T16/CG32 (final),U-TV (final),PSNR,0.36720848083496094
div2k/0821.png/sigma_0.100,div2k,0821.png,0.10000000149011612,U-Tikhonov T16/CG32 (final),U-TV (final),PSNR,0.5794048309326172
div2k/0822.png/sigma_0.100,div2k,0822.png,0.10000000149011612,U-Tikhonov T16/CG32 (final),U-TV (final),PSNR,0.13543701171875
div2k/0823.png/sigma_0.100,div2k,0823.png,0.10000000149011612,U-Tikhonov T16/CG32 (final),U-TV (final),PSNR,0.1894378662109375
div2k/0824.png/sigma_0.100,div2k,0824.png,0.10000000149011612,U-Tikhonov T16/CG32 (final),U-TV (final),PSNR,0.12277603149414062
div2k/0825.png/sigma_0.100,div2k,0825.png,0.10000000149011612,U-Tikhonov T16/CG32 (final),U-TV (final),PSNR,0.13157272338867188
div2k/0826.png/sigma_0.100,div2k,0826.png,0.10000000149011612,U-Tikhonov T16/CG32 (final),U-TV (final),PSNR,0.20163726806640625
div2k/0827.png/sigma_0.100,div2k,0827.png,0.10000000149011612,U-Tikhonov T16/CG32 (final),U-TV (final),PSNR,0.16407394409179688
div2k/0828.png/sigma_0.100,div2k,0828.png,0.10000000149011612,U-Tikhonov T16/CG32 (final),U-TV (final),PSNR,0.0667572021484375
div2k/0829.png/sigma_0.100,div2k,0829.png,0.10000000149011612,U-Tikhonov T16/CG32 (final),U-TV (final),PSNR,0.23041534423828125
div2k/0830.png/sigma_0.100,div2k,0830.png,0.10000000149011612,U-Tikhonov T16/CG32 (final),U-TV (final),PSNR,0.0914154052734375
div2k/0831.png/sigma_0.100,div2k,0831.png,0.10000000149011612,U-Tikhonov T16/CG32 (final),U-TV (final),PSNR,0.12883949279785156
div2k/0832.png/sigma_0.100,div2k,0832.png,0.10000000149011612,U-Tikhonov T16/CG32 (final),U-TV (final),PSNR,0.2092456817626953
div2k/0833.png/sigma_0.100,div2k,0833.png,0.10000000149011612,U-Tikhonov T16/CG32 (final),U-TV (final),PSNR,0.00494384765625
div2k/0834.png/sigma_0.100,div2k,0834.png,0.10000000149011612,U-Tikhonov T16/CG32 (final),U-TV (final),PSNR,0.20241546630859375
div2k/0835.png/sigma_0.100,div2k,0835.png,0.10000000149011612,U-Tikhonov T16/CG32 (final),U-TV (final),PSNR,0.06348609924316406
div2k/0836.png/sigma_0.100,div2k,0836.png,0.10000000149011612,U-Tikhonov T16/CG32 (final),U-TV (final),PSNR,0.043079376220703125
div2k/0837.png/sigma_0.100,div2k,0837.png,0.10000000149011612,U-Tikhonov T16/CG32 (final),U-TV (final),PSNR,0.20293235778808594
div2k/0838.png/sigma_0.100,div2k,0838.png,0.10000000149011612,U-Tikhonov T16/CG32 (final),U-TV (final),PSNR,0.39871978759765625
div2k/0839.png/sigma_0.100,div2k,0839.png,0.10000000149011612,U-Tikhonov T16/CG32 (final),U-TV (final),PSNR,0.13604164123535156
div2k/0840.png/sigma_0.100,div2k,0840.png,0.10000000149011612,U-Tikhonov T16/CG32 (final),U-TV (final),PSNR,0.1510028839111328
div2k/0841.png/sigma_0.100,div2k,0841.png,0.10000000149011612,U-Tikhonov T16/CG32 (final),U-TV (final),PSNR,0.12661361694335938
div2k/0842.png/sigma_0.100,div2k,0842.png,0.10000000149011612,U-Tikhonov T16/CG32 (final),U-TV (final),PSNR,0.17274093627929688
div2k/0843.png/sigma_0.100,div2k,0843.png,0.10000000149011612,U-Tikhonov T16/CG32 (final),U-TV (final),PSNR,0.17681503295898438
div2k/0844.png/sigma_0.100,div2k,0844.png,0.10000000149011612,U-Tikhonov T16/CG32 (final),U-TV (final),PSNR,0.14199447631835938
div2k/0845.png/sigma_0.100,div2k,0845.png,0.10000000149011612,U-Tikhonov T16/CG32 (final),U-TV (final),PSNR,0.05109405517578125
div2k/0846.png/sigma_0.100,div2k,0846.png,0.10000000149011612,U-Tikhonov T16/CG32 (final),U-TV (final),PSNR,0.11089897155761719
div2k/0847.png/sigma_0.100,div2k,0847.png,0.10000000149011612,U-Tikhonov T16/CG32 (final),U-TV (final),PSNR,0.1375274658203125
div2k/0848.png/sigma_0.100,div2k,0848.png,0.10000000149011612,U-Tikhonov T16/CG32 (final),U-TV (final),PSNR,0.12820816040039062
div2k/0849.png/sigma_0.100,div2k,0849.png,0.10000000149011612,U-Tikhonov T16/CG32 (final),U-TV (final),PSNR,0.40508460998535156
div2k/0850.png/sigma_0.100,div2k,0850.png,0.10000000149011612,U-Tikhonov T16/CG32 (final),U-TV (final),PSNR,0.21359634399414062
div2k/0851.png/sigma_0.100,div2k,0851.png,0.10000000149011612,U-Tikhonov T16/CG32 (final),U-TV (final),PSNR,0.4582500457763672
div2k/0852.png/sigma_0.100,div2k,0852.png,0.10000000149011612,U-Tikhonov T16/CG32 (final),U-TV (final),PSNR,0.07284164428710938
div2k/0853.png/sigma_0.100,div2k,0853.png,0.10000000149011612,U-Tikhonov T16/CG32 (final),U-TV (final),PSNR,0.18568038940429688
div2k/0854.png/sigma_0.100,div2k,0854.png,0.10000000149011612,U-Tikhonov T16/CG32 (final),U-TV (final),PSNR,0.2365264892578125
div2k/0855.png/sigma_0.100,div2k,0855.png,0.10000000149011612,U-Tikhonov T16/CG32 (final),U-TV (final),PSNR,0.14229393005371094
div2k/0856.png/sigma_0.100,div2k,0856.png,0.10000000149011612,U-Tikhonov T16/CG32 (final),U-TV (final),PSNR,0.09487533569335938
div2k/0857.png/sigma_0.100,div2k,0857.png,0.10000000149011612,U-Tikhonov T16/CG32 (final),U-TV (final),PSNR,0.45488929748535156
div2k/0858.png/sigma_0.100,div2k,0858.png,0.10000000149011612,U-Tikhonov T16/CG32 (final),U-TV (final),PSNR,0.1506938934326172
div2k/0859.png/sigma_0.100,div2k,0859.png,0.10000000149011612,U-Tikhonov T16/CG32 (final),U-TV (final),PSNR,0.23144912719726562
div2k/0860.png/sigma_0.100,div2k,0860.png,0.10000000149011612,U-Tikhonov T16/CG32 (final),U-TV (final),PSNR,0.1970367431640625
div2k/0861.png/sigma_0.100,div2k,0861.png,0.10000000149011612,U-Tikhonov T16/CG32 (final),U-TV (final),PSNR,0.140625
div2k/0862.png/sigma_0.100,div2k,0862.png,0.10000000149011612,U-Tikhonov T16/CG32 (final),U-TV (final),PSNR,0.17366790771484375
div2k/0863.png/sigma_0.100,div2k,0863.png,0.10000000149011612,U-Tikhonov T16/CG32 (final),U-TV (final),PSNR,0.1512908935546875
div2k/0864.png/sigma_0.100,div2k,0864.png,0.10000000149011612,U-Tikhonov T16/CG32 (final),U-TV (final),PSNR,0.10742759704589844
div2k/0865.png/sigma_0.100,div2k,0865.png,0.10000000149011612,U-Tikhonov T16/CG32 (final),U-TV (final),PSNR,0.15424156188964844
div2k/0866.png/sigma_0.100,div2k,0866.png,0.10000000149011612,U-Tikhonov T16/CG32 (final),U-TV (final),PSNR,0.09348869323730469
div2k/0867.png/sigma_0.100,div2k,0867.png,0.10000000149011612,U-Tikhonov T16/CG32 (final),U-TV (final),PSNR,0.00963592529296875
div2k/0868.png/sigma_0.100,div2k,0868.png,0.10000000149011612,U-Tikhonov T16/CG32 (final),U-TV (final),PSNR,0.10404586791992188
div2k/0869.png/sigma_0.100,div2k,0869.png,0.10000000149011612,U-Tikhonov T16/CG32 (final),U-TV (final),PSNR,0.12359046936035156
div2k/0870.png/sigma_0.100,div2k,0870.png,0.10000000149011612,U-Tikhonov T16/CG32 (final),U-TV (final),PSNR,0.20000076293945312
div2k/0871.png/sigma_0.100,div2k,0871.png,0.10000000149011612,U-Tikhonov T16/CG32 (final),U-TV (final),PSNR,0.16877174377441406
div2k/0872.png/sigma_0.100,div2k,0872.png,0.10000000149011612,U-Tikhonov T16/CG32 (final),U-TV (final),PSNR,0.1444549560546875
div2k/0873.png/sigma_0.100,div2k,0873.png,0.10000000149011612,U-Tikhonov T16/CG32 (final),U-TV (final),PSNR,0.19535446166992188
div2k/0874.png/sigma_0.100,div2k,0874.png,0.10000000149011612,U-Tikhonov T16/CG32 (final),U-TV (final),PSNR,0.15708160400390625
div2k/0875.png/sigma_0.100,div2k,0875.png,0.10000000149011612,U-Tikhonov T16/CG32 (final),U-TV (final),PSNR,0.12054634094238281
div2k/0876.png/sigma_0.100,div2k,0876.png,0.10000000149011612,U-Tikhonov T16/CG32 (final),U-TV (final),PSNR,0.1593608856201172
div2k/0877.png/sigma_0.100,div2k,0877.png,0.10000000149011612,U-Tikhonov T16/CG32 (final),U-TV (final),PSNR,0.27013587951660156
div2k/0878.png/sigma_0.100,div2k,0878.png,0.10000000149011612,U-Tikhonov T16/CG32 (final),U-TV (final),PSNR,0.11920547485351562
div2k/0879.png/sigma_0.100,div2k,0879.png,0.10000000149011612,U-Tikhonov T16/CG32 (final),U-TV (final),PSNR,0.19474411010742188
div2k/0880.png/sigma_0.100,div2k,0880.png,0.10000000149011612,U-Tikhonov T16/CG32 (final),U-TV (final),PSNR,0.1572418212890625
div2k/0881.png/sigma_0.100,div2k,0881.png,0.10000000149011612,U-Tikhonov T16/CG32 (final),U-TV (final),PSNR,0.2034454345703125
div2k/0882.png/sigma_0.100,div2k,0882.png,0.10000000149011612,U-Tikhonov T16/CG32 (final),U-TV (final),PSNR,0.2718486785888672
div2k/0883.png/sigma_0.100,div2k,0883.png,0.10000000149011612,U-Tikhonov T16/CG32 (final),U-TV (final),PSNR,0.14141464233398438
div2k/0884.png/sigma_0.100,div2k,0884.png,0.10000000149011612,U-Tikhonov T16/CG32 (final),U-TV (final),PSNR,0.1711139678955078
div2k/0885.png/sigma_0.100,div2k,0885.png,0.10000000149011612,U-Tikhonov T16/CG32 (final),U-TV (final),PSNR,0.029571533203125
div2k/0886.png/sigma_0.100,div2k,0886.png,0.10000000149011612,U-Tikhonov T16/CG32 (final),U-TV (final),PSNR,0.15459823608398438
div2k/0887.png/sigma_0.100,div2k,0887.png,0.10000000149011612,U-Tikhonov T16/CG32 (final),U-TV (final),PSNR,0.17254257202148438
div2k/0888.png/sigma_0.100,div2k,0888.png,0.10000000149011612,U-Tikhonov T16/CG32 (final),U-TV (final),PSNR,0.16147804260253906
div2k/0889.png/sigma_0.100,div2k,0889.png,0.10000000149011612,U-Tikhonov T16/CG32 (final),U-TV (final),PSNR,0.2446136474609375
div2k/0890.png/sigma_0.100,div2k,0890.png,0.10000000149011612,U-Tikhonov T16/CG32 (final),U-TV (final),PSNR,0.1598949432373047
div2k/0891.png/sigma_0.100,div2k,0891.png,0.10000000149011612,U-Tikhonov T16/CG32 (final),U-TV (final),PSNR,0.17608642578125
div2k/0892.png/sigma_0.100,div2k,0892.png,0.10000000149011612,U-Tikhonov T16/CG32 (final),U-TV (final),PSNR,0.4873371124267578
div2k/0893.png/sigma_0.100,div2k,0893.png,0.10000000149011612,U-Tikhonov T16/CG32 (final),U-TV (final),PSNR,0.17284393310546875
div2k/0894.png/sigma_0.100,div2k,0894.png,0.10000000149011612,U-Tikhonov T16/CG32 (final),U-TV (final),PSNR,0.1351909637451172
div2k/0895.png/sigma_0.100,div2k,0895.png,0.10000000149011612,U-Tikhonov T16/CG32 (final),U-TV (final),PSNR,0.25766754150390625
div2k/0896.png/sigma_0.100,div2k,0896.png,0.10000000149011612,U-Tikhonov T16/CG32 (final),U-TV (final),PSNR,0.13227462768554688
div2k/0897.png/sigma_0.100,div2k,0897.png,0.10000000149011612,U-Tikhonov T16/CG32 (final),U-TV (final),PSNR,0.2692108154296875
div2k/0898.png/sigma_0.100,div2k,0898.png,0.10000000149011612,U-Tikhonov T16/CG32 (final),U-TV (final),PSNR,0.23061561584472656
div2k/0899.png/sigma_0.100,div2k,0899.png,0.10000000149011612,U-Tikhonov T16/CG32 (final),U-TV (final),PSNR,0.1284656524658203
div2k/0900.png/sigma_0.100,div2k,0900.png,0.10000000149011612,U-Tikhonov T16/CG32 (final),U-TV (final),PSNR,0.027500152587890625
div2k/0801.png/sigma_0.100,div2k,0801.png,0.10000000149011612,U-Tikhonov T16/CG32 (final),U-TV (final),SSIM,0.005636751651763916
div2k/0802.png/sigma_0.100,div2k,0802.png,0.10000000149011612,U-Tikhonov T16/CG32 (final),U-TV (final),SSIM,0.003937244415283203
div2k/0803.png/sigma_0.100,div2k,0803.png,0.10000000149011612,U-Tikhonov T16/CG32 (final),U-TV (final),SSIM,0.008227050304412842
div2k/0804.png/sigma_0.100,div2k,0804.png,0.10000000149011612,U-Tikhonov T16/CG32 (final),U-TV (final),SSIM,0.003345012664794922
div2k/0805.png/sigma_0.100,div2k,0805.png,0.10000000149011612,U-Tikhonov T16/CG32 (final),U-TV (final),SSIM,0.0040403008460998535
div2k/0806.png/sigma_0.100,div2k,0806.png,0.10000000149011612,U-Tikhonov T16/CG32 (final),U-TV (final),SSIM,0.006054937839508057
div2k/0807.png/sigma_0.100,div2k,0807.png,0.10000000149011612,U-Tikhonov T16/CG32 (final),U-TV (final),SSIM,0.005135953426361084
div2k/0808.png/sigma_0.100,div2k,0808.png,0.10000000149011612,U-Tikhonov T16/CG32 (final),U-TV (final),SSIM,0.0044803619384765625
div2k/0809.png/sigma_0.100,div2k,0809.png,0.10000000149011612,U-Tikhonov T16/CG32 (final),U-TV (final),SSIM,0.006548762321472168
div2k/0810.png/sigma_0.100,div2k,0810.png,0.10000000149011612,U-Tikhonov T16/CG32 (final),U-TV (final),SSIM,0.006761789321899414
div2k/0811.png/sigma_0.100,div2k,0811.png,0.10000000149011612,U-Tikhonov T16/CG32 (final),U-TV (final),SSIM,0.0022628307342529297
div2k/0812.png/sigma_0.100,div2k,0812.png,0.10000000149011612,U-Tikhonov T16/CG32 (final),U-TV (final),SSIM,0.0009084939956665039
div2k/0813.png/sigma_0.100,div2k,0813.png,0.10000000149011612,U-Tikhonov T16/CG32 (final),U-TV (final),SSIM,0.004372835159301758
div2k/0814.png/sigma_0.100,div2k,0814.png,0.10000000149011612,U-Tikhonov T16/CG32 (final),U-TV (final),SSIM,-0.0005893707275390625
div2k/0815.png/sigma_0.100,div2k,0815.png,0.10000000149011612,U-Tikhonov T16/CG32 (final),U-TV (final),SSIM,0.005973339080810547
div2k/0816.png/sigma_0.100,div2k,0816.png,0.10000000149011612,U-Tikhonov T16/CG32 (final),U-TV (final),SSIM,0.001596212387084961
div2k/0817.png/sigma_0.100,div2k,0817.png,0.10000000149011612,U-Tikhonov T16/CG32 (final),U-TV (final),SSIM,0.0028991103172302246
div2k/0818.png/sigma_0.100,div2k,0818.png,0.10000000149011612,U-Tikhonov T16/CG32 (final),U-TV (final),SSIM,0.0077307820320129395
div2k/0819.png/sigma_0.100,div2k,0819.png,0.10000000149011612,U-Tikhonov T16/CG32 (final),U-TV (final),SSIM,0.004123330116271973
div2k/0820.png/sigma_0.100,div2k,0820.png,0.10000000149011612,U-Tikhonov T16/CG32 (final),U-TV (final),SSIM,0.005138278007507324
div2k/0821.png/sigma_0.100,div2k,0821.png,0.10000000149011612,U-Tikhonov T16/CG32 (final),U-TV (final),SSIM,0.012334644794464111
div2k/0822.png/sigma_0.100,div2k,0822.png,0.10000000149011612,U-Tikhonov T16/CG32 (final),U-TV (final),SSIM,0.0058019161224365234
div2k/0823.png/sigma_0.100,div2k,0823.png,0.10000000149011612,U-Tikhonov T16/CG32 (final),U-TV (final),SSIM,0.0029677152633666992
div2k/0824.png/sigma_0.100,div2k,0824.png,0.10000000149011612,U-Tikhonov T16/CG32 (final),U-TV (final),SSIM,0.0035557150840759277
div2k/0825.png/sigma_0.100,div2k,0825.png,0.10000000149011612,U-Tikhonov T16/CG32 (final),U-TV (final),SSIM,0.0034674406051635742
div2k/0826.png/sigma_0.100,div2k,0826.png,0.10000000149011612,U-Tikhonov T16/CG32 (final),U-TV (final),SSIM,0.005305647850036621
div2k/0827.png/sigma_0.100,div2k,0827.png,0.10000000149011612,U-Tikhonov T16/CG32 (final),U-TV (final),SSIM,0.006093382835388184
div2k/0828.png/sigma_0.100,div2k,0828.png,0.10000000149011612,U-Tikhonov T16/CG32 (final),U-TV (final),SSIM,0.002347886562347412
div2k/0829.png/sigma_0.100,div2k,0829.png,0.10000000149011612,U-Tikhonov T16/CG32 (final),U-TV (final),SSIM,0.0053365230560302734
div2k/0830.png/sigma_0.100,div2k,0830.png,0.10000000149011612,U-Tikhonov T16/CG32 (final),U-TV (final),SSIM,0.005159139633178711
div2k/0831.png/sigma_0.100,div2k,0831.png,0.10000000149011612,U-Tikhonov T16/CG32 (final),U-TV (final),SSIM,0.005217075347900391
div2k/0832.png/sigma_0.100,div2k,0832.png,0.10000000149011612,U-Tikhonov T16/CG32 (final),U-TV (final),SSIM,0.004655659198760986
div2k/0833.png/sigma_0.100,div2k,0833.png,0.10000000149011612,U-Tikhonov T16/CG32 (final),U-TV (final),SSIM,0.0049124956130981445
div2k/0834.png/sigma_0.100,div2k,0834.png,0.10000000149011612,U-Tikhonov T16/CG32 (final),U-TV (final),SSIM,0.002820909023284912
div2k/0835.png/sigma_0.100,div2k,0835.png,0.10000000149011612,U-Tikhonov T16/CG32 (final),U-TV (final),SSIM,0.0012154579162597656
div2k/0836.png/sigma_0.100,div2k,0836.png,0.10000000149011612,U-Tikhonov T16/CG32 (final),U-TV (final),SSIM,0.0011326074600219727
div2k/0837.png/sigma_0.100,div2k,0837.png,0.10000000149011612,U-Tikhonov T16/CG32 (final),U-TV (final),SSIM,0.005163133144378662
div2k/0838.png/sigma_0.100,div2k,0838.png,0.10000000149011612,U-Tikhonov T16/CG32 (final),U-TV (final),SSIM,0.006934523582458496
div2k/0839.png/sigma_0.100,div2k,0839.png,0.10000000149011612,U-Tikhonov T16/CG32 (final),U-TV (final),SSIM,0.003562331199645996
div2k/0840.png/sigma_0.100,div2k,0840.png,0.10000000149011612,U-Tikhonov T16/CG32 (final),U-TV (final),SSIM,0.0037013888359069824
div2k/0841.png/sigma_0.100,div2k,0841.png,0.10000000149011612,U-Tikhonov T16/CG32 (final),U-TV (final),SSIM,0.0022110939025878906
div2k/0842.png/sigma_0.100,div2k,0842.png,0.10000000149011612,U-Tikhonov T16/CG32 (final),U-TV (final),SSIM,0.0034052133560180664
div2k/0843.png/sigma_0.100,div2k,0843.png,0.10000000149011612,U-Tikhonov T16/CG32 (final),U-TV (final),SSIM,-0.00022655725479125977
div2k/0844.png/sigma_0.100,div2k,0844.png,0.10000000149011612,U-Tikhonov T16/CG32 (final),U-TV (final),SSIM,0.001008152961730957
div2k/0845.png/sigma_0.100,div2k,0845.png,0.10000000149011612,U-Tikhonov T16/CG32 (final),U-TV (final),SSIM,0.0016217231750488281
div2k/0846.png/sigma_0.100,div2k,0846.png,0.10000000149011612,U-Tikhonov T16/CG32 (final),U-TV (final),SSIM,0.0038268566131591797
div2k/0847.png/sigma_0.100,div2k,0847.png,0.10000000149011612,U-Tikhonov T16/CG32 (final),U-TV (final),SSIM,0.0045874714851379395
div2k/0848.png/sigma_0.100,div2k,0848.png,0.10000000149011612,U-Tikhonov T16/CG32 (final),U-TV (final),SSIM,0.004184603691101074
div2k/0849.png/sigma_0.100,div2k,0849.png,0.10000000149011612,U-Tikhonov T16/CG32 (final),U-TV (final),SSIM,0.008819162845611572
div2k/0850.png/sigma_0.100,div2k,0850.png,0.10000000149011612,U-Tikhonov T16/CG32 (final),U-TV (final),SSIM,0.0073035359382629395
div2k/0851.png/sigma_0.100,div2k,0851.png,0.10000000149011612,U-Tikhonov T16/CG32 (final),U-TV (final),SSIM,0.007364034652709961
div2k/0852.png/sigma_0.100,div2k,0852.png,0.10000000149011612,U-Tikhonov T16/CG32 (final),U-TV (final),SSIM,0.000603795051574707
div2k/0853.png/sigma_0.100,div2k,0853.png,0.10000000149011612,U-Tikhonov T16/CG32 (final),U-TV (final),SSIM,0.004684567451477051
div2k/0854.png/sigma_0.100,div2k,0854.png,0.10000000149011612,U-Tikhonov T16/CG32 (final),U-TV (final),SSIM,0.006028532981872559
div2k/0855.png/sigma_0.100,div2k,0855.png,0.10000000149011612,U-Tikhonov T16/CG32 (final),U-TV (final),SSIM,0.0048367977142333984
div2k/0856.png/sigma_0.100,div2k,0856.png,0.10000000149011612,U-Tikhonov T16/CG32 (final),U-TV (final),SSIM,0.004768848419189453
div2k/0857.png/sigma_0.100,div2k,0857.png,0.10000000149011612,U-Tikhonov T16/CG32 (final),U-TV (final),SSIM,0.011758565902709961
div2k/0858.png/sigma_0.100,div2k,0858.png,0.10000000149011612,U-Tikhonov T16/CG32 (final),U-TV (final),SSIM,0.008058786392211914
div2k/0859.png/sigma_0.100,div2k,0859.png,0.10000000149011612,U-Tikhonov T16/CG32 (final),U-TV (final),SSIM,0.009341061115264893
div2k/0860.png/sigma_0.100,div2k,0860.png,0.10000000149011612,U-Tikhonov T16/CG32 (final),U-TV (final),SSIM,0.007947266101837158
div2k/0861.png/sigma_0.100,div2k,0861.png,0.10000000149011612,U-Tikhonov T16/CG32 (final),U-TV (final),SSIM,0.0005791783332824707
div2k/0862.png/sigma_0.100,div2k,0862.png,0.10000000149011612,U-Tikhonov T16/CG32 (final),U-TV (final),SSIM,0.0006934404373168945
div2k/0863.png/sigma_0.100,div2k,0863.png,0.10000000149011612,U-Tikhonov T16/CG32 (final),U-TV (final),SSIM,0.0028542280197143555
div2k/0864.png/sigma_0.100,div2k,0864.png,0.10000000149011612,U-Tikhonov T16/CG32 (final),U-TV (final),SSIM,0.0033580660820007324
div2k/0865.png/sigma_0.100,div2k,0865.png,0.10000000149011612,U-Tikhonov T16/CG32 (final),U-TV (final),SSIM,0.005322098731994629
div2k/0866.png/sigma_0.100,div2k,0866.png,0.10000000149011612,U-Tikhonov T16/CG32 (final),U-TV (final),SSIM,0.0030358433723449707
div2k/0867.png/sigma_0.100,div2k,0867.png,0.10000000149011612,U-Tikhonov T16/CG32 (final),U-TV (final),SSIM,0.0015466809272766113
div2k/0868.png/sigma_0.100,div2k,0868.png,0.10000000149011612,U-Tikhonov T16/CG32 (final),U-TV (final),SSIM,-0.0022498369216918945
div2k/0869.png/sigma_0.100,div2k,0869.png,0.10000000149011612,U-Tikhonov T16/CG32 (final),U-TV (final),SSIM,0.0037103891372680664
div2k/0870.png/sigma_0.100,div2k,0870.png,0.10000000149011612,U-Tikhonov T16/CG32 (final),U-TV (final),SSIM,0.00931692123413086
div2k/0871.png/sigma_0.100,div2k,0871.png,0.10000000149011612,U-Tikhonov T16/CG32 (final),U-TV (final),SSIM,0.005946815013885498
div2k/0872.png/sigma_0.100,div2k,0872.png,0.10000000149011612,U-Tikhonov T16/CG32 (final),U-TV (final),SSIM,0.0053473711013793945
div2k/0873.png/sigma_0.100,div2k,0873.png,0.10000000149011612,U-Tikhonov T16/CG32 (final),U-TV (final),SSIM,0.006670117378234863
div2k/0874.png/sigma_0.100,div2k,0874.png,0.10000000149011612,U-Tikhonov T16/CG32 (final),U-TV (final),SSIM,0.003816545009613037
div2k/0875.png/sigma_0.100,div2k,0875.png,0.10000000149011612,U-Tikhonov T16/CG32 (final),U-TV (final),SSIM,0.003237783908843994
div2k/0876.png/sigma_0.100,div2k,0876.png,0.10000000149011612,U-Tikhonov T16/CG32 (final),U-TV (final),SSIM,0.0056435465812683105
div2k/0877.png/sigma_0.100,div2k,0877.png,0.10000000149011612,U-Tikhonov T16/CG32 (final),U-TV (final),SSIM,0.008768439292907715
div2k/0878.png/sigma_0.100,div2k,0878.png,0.10000000149011612,U-Tikhonov T16/CG32 (final),U-TV (final),SSIM,0.005338072776794434
div2k/0879.png/sigma_0.100,div2k,0879.png,0.10000000149011612,U-Tikhonov T16/CG32 (final),U-TV (final),SSIM,0.002131223678588867
div2k/0880.png/sigma_0.100,div2k,0880.png,0.10000000149011612,U-Tikhonov T16/CG32 (final),U-TV (final),SSIM,0.003030121326446533
div2k/0881.png/sigma_0.100,div2k,0881.png,0.10000000149011612,U-Tikhonov T16/CG32 (final),U-TV (final),SSIM,0.005564451217651367
div2k/0882.png/sigma_0.100,div2k,0882.png,0.10000000149011612,U-Tikhonov T16/CG32 (final),U-TV (final),SSIM,0.007020175457000732
div2k/0883.png/sigma_0.100,div2k,0883.png,0.10000000149011612,U-Tikhonov T16/CG32 (final),U-TV (final),SSIM,0.0035074353218078613
div2k/0884.png/sigma_0.100,div2k,0884.png,0.10000000149011612,U-Tikhonov T16/CG32 (final),U-TV (final),SSIM,0.003629744052886963
div2k/0885.png/sigma_0.100,div2k,0885.png,0.10000000149011612,U-Tikhonov T16/CG32 (final),U-TV (final),SSIM,0.0017053484916687012
div2k/0886.png/sigma_0.100,div2k,0886.png,0.10000000149011612,U-Tikhonov T16/CG32 (final),U-TV (final),SSIM,0.005637168884277344
div2k/0887.png/sigma_0.100,div2k,0887.png,0.10000000149011612,U-Tikhonov T16/CG32 (final),U-TV (final),SSIM,0.004082620143890381
div2k/0888.png/sigma_0.100,div2k,0888.png,0.10000000149011612,U-Tikhonov T16/CG32 (final),U-TV (final),SSIM,0.004360318183898926
div2k/0889.png/sigma_0.100,div2k,0889.png,0.10000000149011612,U-Tikhonov T16/CG32 (final),U-TV (final),SSIM,0.006569266319274902
div2k/0890.png/sigma_0.100,div2k,0890.png,0.10000000149011612,U-Tikhonov T16/CG32 (final),U-TV (final),SSIM,0.0019640326499938965
div2k/0891.png/sigma_0.100,div2k,0891.png,0.10000000149011612,U-Tikhonov T16/CG32 (final),U-TV (final),SSIM,0.005474507808685303
div2k/0892.png/sigma_0.100,div2k,0892.png,0.10000000149011612,U-Tikhonov T16/CG32 (final),U-TV (final),SSIM,0.01685279607772827
div2k/0893.png/sigma_0.100,div2k,0893.png,0.10000000149011612,U-Tikhonov T16/CG32 (final),U-TV (final),SSIM,0.004265129566192627
div2k/0894.png/sigma_0.100,div2k,0894.png,0.10000000149011612,U-Tikhonov T16/CG32 (final),U-TV (final),SSIM,0.0027657747268676758
div2k/0895.png/sigma_0.100,div2k,0895.png,0.10000000149011612,U-Tikhonov T16/CG32 (final),U-TV (final),SSIM,0.014143764972686768
div2k/0896.png/sigma_0.100,div2k,0896.png,0.10000000149011612,U-Tikhonov T16/CG32 (final),U-TV (final),SSIM,0.0020633339881896973
div2k/0897.png/sigma_0.100,div2k,0897.png,0.10000000149011612,U-Tikhonov T16/CG32 (final),U-TV (final),SSIM,0.014072537422180176
div2k/0898.png/sigma_0.100,div2k,0898.png,0.10000000149011612,U-Tikhonov T16/CG32 (final),U-TV (final),SSIM,-0.0013086199760437012
div2k/0899.png/sigma_0.100,div2k,0899.png,0.10000000149011612,U-Tikhonov T16/CG32 (final),U-TV (final),SSIM,0.002858459949493408
div2k/0900.png/sigma_0.100,div2k,0900.png,0.10000000149011612,U-Tikhonov T16/CG32 (final),U-TV (final),SSIM,0.002807021141052246
div2k/0801.png/sigma_0.100,div2k,0801.png,0.10000000149011612,U-Tikhonov T16/CG32 (final),U-TGV (final),PSNR,0.0030040740966796875
div2k/0802.png/sigma_0.100,div2k,0802.png,0.10000000149011612,U-Tikhonov T16/CG32 (final),U-TGV (final),PSNR,-0.5502872467041016
div2k/0803.png/sigma_0.100,div2k,0803.png,0.10000000149011612,U-Tikhonov T16/CG32 (final),U-TGV (final),PSNR,-0.1309528350830078
div2k/0804.png/sigma_0.100,div2k,0804.png,0.10000000149011612,U-Tikhonov T16/CG32 (final),U-TGV (final),PSNR,-0.06713676452636719
div2k/0805.png/sigma_0.100,div2k,0805.png,0.10000000149011612,U-Tikhonov T16/CG32 (final),U-TGV (final),PSNR,-0.13541412353515625
div2k/0806.png/sigma_0.100,div2k,0806.png,0.10000000149011612,U-Tikhonov T16/CG32 (final),U-TGV (final),PSNR,-0.1633758544921875
div2k/0807.png/sigma_0.100,div2k,0807.png,0.10000000149011612,U-Tikhonov T16/CG32 (final),U-TGV (final),PSNR,0.03553962707519531
div2k/0808.png/sigma_0.100,div2k,0808.png,0.10000000149011612,U-Tikhonov T16/CG32 (final),U-TGV (final),PSNR,-0.026811599731445312
div2k/0809.png/sigma_0.100,div2k,0809.png,0.10000000149011612,U-Tikhonov T16/CG32 (final),U-TGV (final),PSNR,0.0034942626953125
div2k/0810.png/sigma_0.100,div2k,0810.png,0.10000000149011612,U-Tikhonov T16/CG32 (final),U-TGV (final),PSNR,-0.04754066467285156
div2k/0811.png/sigma_0.100,div2k,0811.png,0.10000000149011612,U-Tikhonov T16/CG32 (final),U-TGV (final),PSNR,-0.0477142333984375
div2k/0812.png/sigma_0.100,div2k,0812.png,0.10000000149011612,U-Tikhonov T16/CG32 (final),U-TGV (final),PSNR,-0.3257904052734375
div2k/0813.png/sigma_0.100,div2k,0813.png,0.10000000149011612,U-Tikhonov T16/CG32 (final),U-TGV (final),PSNR,-0.2390727996826172
div2k/0814.png/sigma_0.100,div2k,0814.png,0.10000000149011612,U-Tikhonov T16/CG32 (final),U-TGV (final),PSNR,0.10581398010253906
div2k/0815.png/sigma_0.100,div2k,0815.png,0.10000000149011612,U-Tikhonov T16/CG32 (final),U-TGV (final),PSNR,-0.10962104797363281
div2k/0816.png/sigma_0.100,div2k,0816.png,0.10000000149011612,U-Tikhonov T16/CG32 (final),U-TGV (final),PSNR,-0.10225868225097656
div2k/0817.png/sigma_0.100,div2k,0817.png,0.10000000149011612,U-Tikhonov T16/CG32 (final),U-TGV (final),PSNR,-0.029508590698242188
div2k/0818.png/sigma_0.100,div2k,0818.png,0.10000000149011612,U-Tikhonov T16/CG32 (final),U-TGV (final),PSNR,-0.1670207977294922
div2k/0819.png/sigma_0.100,div2k,0819.png,0.10000000149011612,U-Tikhonov T16/CG32 (final),U-TGV (final),PSNR,-0.08329391479492188
div2k/0820.png/sigma_0.100,div2k,0820.png,0.10000000149011612,U-Tikhonov T16/CG32 (final),U-TGV (final),PSNR,-0.11509323120117188
div2k/0821.png/sigma_0.100,div2k,0821.png,0.10000000149011612,U-Tikhonov T16/CG32 (final),U-TGV (final),PSNR,0.0643768310546875
div2k/0822.png/sigma_0.100,div2k,0822.png,0.10000000149011612,U-Tikhonov T16/CG32 (final),U-TGV (final),PSNR,-0.059909820556640625
div2k/0823.png/sigma_0.100,div2k,0823.png,0.10000000149011612,U-Tikhonov T16/CG32 (final),U-TGV (final),PSNR,-0.027463912963867188
div2k/0824.png/sigma_0.100,div2k,0824.png,0.10000000149011612,U-Tikhonov T16/CG32 (final),U-TGV (final),PSNR,-0.23543167114257812
div2k/0825.png/sigma_0.100,div2k,0825.png,0.10000000149011612,U-Tikhonov T16/CG32 (final),U-TGV (final),PSNR,-0.21596908569335938
div2k/0826.png/sigma_0.100,div2k,0826.png,0.10000000149011612,U-Tikhonov T16/CG32 (final),U-TGV (final),PSNR,-0.06804656982421875
div2k/0827.png/sigma_0.100,div2k,0827.png,0.10000000149011612,U-Tikhonov T16/CG32 (final),U-TGV (final),PSNR,0.034076690673828125
div2k/0828.png/sigma_0.100,div2k,0828.png,0.10000000149011612,U-Tikhonov T16/CG32 (final),U-TGV (final),PSNR,0.2187366485595703
div2k/0829.png/sigma_0.100,div2k,0829.png,0.10000000149011612,U-Tikhonov T16/CG32 (final),U-TGV (final),PSNR,-0.08262443542480469
div2k/0830.png/sigma_0.100,div2k,0830.png,0.10000000149011612,U-Tikhonov T16/CG32 (final),U-TGV (final),PSNR,-0.10266304016113281
div2k/0831.png/sigma_0.100,div2k,0831.png,0.10000000149011612,U-Tikhonov T16/CG32 (final),U-TGV (final),PSNR,-0.20270729064941406
div2k/0832.png/sigma_0.100,div2k,0832.png,0.10000000149011612,U-Tikhonov T16/CG32 (final),U-TGV (final),PSNR,-0.13211822509765625
div2k/0833.png/sigma_0.100,div2k,0833.png,0.10000000149011612,U-Tikhonov T16/CG32 (final),U-TGV (final),PSNR,-0.6478042602539062
div2k/0834.png/sigma_0.100,div2k,0834.png,0.10000000149011612,U-Tikhonov T16/CG32 (final),U-TGV (final),PSNR,-0.01894378662109375
div2k/0835.png/sigma_0.100,div2k,0835.png,0.10000000149011612,U-Tikhonov T16/CG32 (final),U-TGV (final),PSNR,-0.1094512939453125
div2k/0836.png/sigma_0.100,div2k,0836.png,0.10000000149011612,U-Tikhonov T16/CG32 (final),U-TGV (final),PSNR,-0.31524658203125
div2k/0837.png/sigma_0.100,div2k,0837.png,0.10000000149011612,U-Tikhonov T16/CG32 (final),U-TGV (final),PSNR,-0.0952301025390625
div2k/0838.png/sigma_0.100,div2k,0838.png,0.10000000149011612,U-Tikhonov T16/CG32 (final),U-TGV (final),PSNR,-0.2605304718017578
div2k/0839.png/sigma_0.100,div2k,0839.png,0.10000000149011612,U-Tikhonov T16/CG32 (final),U-TGV (final),PSNR,-0.026494979858398438
div2k/0840.png/sigma_0.100,div2k,0840.png,0.10000000149011612,U-Tikhonov T16/CG32 (final),U-TGV (final),PSNR,-0.04559898376464844
div2k/0841.png/sigma_0.100,div2k,0841.png,0.10000000149011612,U-Tikhonov T16/CG32 (final),U-TGV (final),PSNR,-0.023395538330078125
div2k/0842.png/sigma_0.100,div2k,0842.png,0.10000000149011612,U-Tikhonov T16/CG32 (final),U-TGV (final),PSNR,-0.1827869415283203
div2k/0843.png/sigma_0.100,div2k,0843.png,0.10000000149011612,U-Tikhonov T16/CG32 (final),U-TGV (final),PSNR,0.07707977294921875
div2k/0844.png/sigma_0.100,div2k,0844.png,0.10000000149011612,U-Tikhonov T16/CG32 (final),U-TGV (final),PSNR,0.05812263488769531
div2k/0845.png/sigma_0.100,div2k,0845.png,0.10000000149011612,U-Tikhonov T16/CG32 (final),U-TGV (final),PSNR,-0.05309867858886719
div2k/0846.png/sigma_0.100,div2k,0846.png,0.10000000149011612,U-Tikhonov T16/CG32 (final),U-TGV (final),PSNR,-0.15999984741210938
div2k/0847.png/sigma_0.100,div2k,0847.png,0.10000000149011612,U-Tikhonov T16/CG32 (final),U-TGV (final),PSNR,-0.16884994506835938
div2k/0848.png/sigma_0.100,div2k,0848.png,0.10000000149011612,U-Tikhonov T16/CG32 (final),U-TGV (final),PSNR,-0.1945037841796875
div2k/0849.png/sigma_0.100,div2k,0849.png,0.10000000149011612,U-Tikhonov T16/CG32 (final),U-TGV (final),PSNR,-0.025592803955078125
div2k/0850.png/sigma_0.100,div2k,0850.png,0.10000000149011612,U-Tikhonov T16/CG32 (final),U-TGV (final),PSNR,-0.03511238098144531
div2k/0851.png/sigma_0.100,div2k,0851.png,0.10000000149011612,U-Tikhonov T16/CG32 (final),U-TGV (final),PSNR,-0.02043914794921875
div2k/0852.png/sigma_0.100,div2k,0852.png,0.10000000149011612,U-Tikhonov T16/CG32 (final),U-TGV (final),PSNR,-0.004436492919921875
div2k/0853.png/sigma_0.100,div2k,0853.png,0.10000000149011612,U-Tikhonov T16/CG32 (final),U-TGV (final),PSNR,0.04938316345214844
div2k/0854.png/sigma_0.100,div2k,0854.png,0.10000000149011612,U-Tikhonov T16/CG32 (final),U-TGV (final),PSNR,-0.08947372436523438
div2k/0855.png/sigma_0.100,div2k,0855.png,0.10000000149011612,U-Tikhonov T16/CG32 (final),U-TGV (final),PSNR,-0.08309364318847656
div2k/0856.png/sigma_0.100,div2k,0856.png,0.10000000149011612,U-Tikhonov T16/CG32 (final),U-TGV (final),PSNR,0.054561614990234375
div2k/0857.png/sigma_0.100,div2k,0857.png,0.10000000149011612,U-Tikhonov T16/CG32 (final),U-TGV (final),PSNR,-0.12264823913574219
div2k/0858.png/sigma_0.100,div2k,0858.png,0.10000000149011612,U-Tikhonov T16/CG32 (final),U-TGV (final),PSNR,-0.030141830444335938
div2k/0859.png/sigma_0.100,div2k,0859.png,0.10000000149011612,U-Tikhonov T16/CG32 (final),U-TGV (final),PSNR,-0.021881103515625
div2k/0860.png/sigma_0.100,div2k,0860.png,0.10000000149011612,U-Tikhonov T16/CG32 (final),U-TGV (final),PSNR,-0.07459640502929688
div2k/0861.png/sigma_0.100,div2k,0861.png,0.10000000149011612,U-Tikhonov T16/CG32 (final),U-TGV (final),PSNR,-0.09382438659667969
div2k/0862.png/sigma_0.100,div2k,0862.png,0.10000000149011612,U-Tikhonov T16/CG32 (final),U-TGV (final),PSNR,0.16484451293945312
div2k/0863.png/sigma_0.100,div2k,0863.png,0.10000000149011612,U-Tikhonov T16/CG32 (final),U-TGV (final),PSNR,-0.133819580078125
div2k/0864.png/sigma_0.100,div2k,0864.png,0.10000000149011612,U-Tikhonov T16/CG32 (final),U-TGV (final),PSNR,-0.05977058410644531
div2k/0865.png/sigma_0.100,div2k,0865.png,0.10000000149011612,U-Tikhonov T16/CG32 (final),U-TGV (final),PSNR,-0.07457542419433594
div2k/0866.png/sigma_0.100,div2k,0866.png,0.10000000149011612,U-Tikhonov T16/CG32 (final),U-TGV (final),PSNR,-0.18710899353027344
div2k/0867.png/sigma_0.100,div2k,0867.png,0.10000000149011612,U-Tikhonov T16/CG32 (final),U-TGV (final),PSNR,-0.18243980407714844
div2k/0868.png/sigma_0.100,div2k,0868.png,0.10000000149011612,U-Tikhonov T16/CG32 (final),U-TGV (final),PSNR,0.1900196075439453
div2k/0869.png/sigma_0.100,div2k,0869.png,0.10000000149011612,U-Tikhonov T16/CG32 (final),U-TGV (final),PSNR,-0.11561203002929688
div2k/0870.png/sigma_0.100,div2k,0870.png,0.10000000149011612,U-Tikhonov T16/CG32 (final),U-TGV (final),PSNR,-0.03851318359375
div2k/0871.png/sigma_0.100,div2k,0871.png,0.10000000149011612,U-Tikhonov T16/CG32 (final),U-TGV (final),PSNR,-0.14707374572753906
div2k/0872.png/sigma_0.100,div2k,0872.png,0.10000000149011612,U-Tikhonov T16/CG32 (final),U-TGV (final),PSNR,-0.059719085693359375
div2k/0873.png/sigma_0.100,div2k,0873.png,0.10000000149011612,U-Tikhonov T16/CG32 (final),U-TGV (final),PSNR,-0.024148941040039062
div2k/0874.png/sigma_0.100,div2k,0874.png,0.10000000149011612,U-Tikhonov T16/CG32 (final),U-TGV (final),PSNR,-0.10390663146972656
div2k/0875.png/sigma_0.100,div2k,0875.png,0.10000000149011612,U-Tikhonov T16/CG32 (final),U-TGV (final),PSNR,-0.12459564208984375
div2k/0876.png/sigma_0.100,div2k,0876.png,0.10000000149011612,U-Tikhonov T16/CG32 (final),U-TGV (final),PSNR,-0.047054290771484375
div2k/0877.png/sigma_0.100,div2k,0877.png,0.10000000149011612,U-Tikhonov T16/CG32 (final),U-TGV (final),PSNR,0.0055675506591796875
div2k/0878.png/sigma_0.100,div2k,0878.png,0.10000000149011612,U-Tikhonov T16/CG32 (final),U-TGV (final),PSNR,-0.1299304962158203
div2k/0879.png/sigma_0.100,div2k,0879.png,0.10000000149011612,U-Tikhonov T16/CG32 (final),U-TGV (final),PSNR,-0.058917999267578125
div2k/0880.png/sigma_0.100,div2k,0880.png,0.10000000149011612,U-Tikhonov T16/CG32 (final),U-TGV (final),PSNR,-0.009082794189453125
div2k/0881.png/sigma_0.100,div2k,0881.png,0.10000000149011612,U-Tikhonov T16/CG32 (final),U-TGV (final),PSNR,0.021440505981445312
div2k/0882.png/sigma_0.100,div2k,0882.png,0.10000000149011612,U-Tikhonov T16/CG32 (final),U-TGV (final),PSNR,-0.2520122528076172
div2k/0883.png/sigma_0.100,div2k,0883.png,0.10000000149011612,U-Tikhonov T16/CG32 (final),U-TGV (final),PSNR,-0.078033447265625
div2k/0884.png/sigma_0.100,div2k,0884.png,0.10000000149011612,U-Tikhonov T16/CG32 (final),U-TGV (final),PSNR,-0.0620269775390625
div2k/0885.png/sigma_0.100,div2k,0885.png,0.10000000149011612,U-Tikhonov T16/CG32 (final),U-TGV (final),PSNR,-0.1575164794921875
div2k/0886.png/sigma_0.100,div2k,0886.png,0.10000000149011612,U-Tikhonov T16/CG32 (final),U-TGV (final),PSNR,-0.3789329528808594
div2k/0887.png/sigma_0.100,div2k,0887.png,0.10000000149011612,U-Tikhonov T16/CG32 (final),U-TGV (final),PSNR,-0.09891128540039062
div2k/0888.png/sigma_0.100,div2k,0888.png,0.10000000149011612,U-Tikhonov T16/CG32 (final),U-TGV (final),PSNR,-0.2304401397705078
div2k/0889.png/sigma_0.100,div2k,0889.png,0.10000000149011612,U-Tikhonov T16/CG32 (final),U-TGV (final),PSNR,-0.12229537963867188
div2k/0890.png/sigma_0.100,div2k,0890.png,0.10000000149011612,U-Tikhonov T16/CG32 (final),U-TGV (final),PSNR,0.1484699249267578
div2k/0891.png/sigma_0.100,div2k,0891.png,0.10000000149011612,U-Tikhonov T16/CG32 (final),U-TGV (final),PSNR,-0.16165924072265625
div2k/0892.png/sigma_0.100,div2k,0892.png,0.10000000149011612,U-Tikhonov T16/CG32 (final),U-TGV (final),PSNR,0.0005855560302734375
div2k/0893.png/sigma_0.100,div2k,0893.png,0.10000000149011612,U-Tikhonov T16/CG32 (final),U-TGV (final),PSNR,-0.05896759033203125
div2k/0894.png/sigma_0.100,div2k,0894.png,0.10000000149011612,U-Tikhonov T16/CG32 (final),U-TGV (final),PSNR,0.035125732421875
div2k/0895.png/sigma_0.100,div2k,0895.png,0.10000000149011612,U-Tikhonov T16/CG32 (final),U-TGV (final),PSNR,0.06431388854980469
div2k/0896.png/sigma_0.100,div2k,0896.png,0.10000000149011612,U-Tikhonov T16/CG32 (final),U-TGV (final),PSNR,-0.1754436492919922
div2k/0897.png/sigma_0.100,div2k,0897.png,0.10000000149011612,U-Tikhonov T16/CG32 (final),U-TGV (final),PSNR,-0.3974628448486328
div2k/0898.png/sigma_0.100,div2k,0898.png,0.10000000149011612,U-Tikhonov T16/CG32 (final),U-TGV (final),PSNR,0.1029205322265625
div2k/0899.png/sigma_0.100,div2k,0899.png,0.10000000149011612,U-Tikhonov T16/CG32 (final),U-TGV (final),PSNR,-0.09909820556640625
div2k/0900.png/sigma_0.100,div2k,0900.png,0.10000000149011612,U-Tikhonov T16/CG32 (final),U-TGV (final),PSNR,-0.3357887268066406
div2k/0801.png/sigma_0.100,div2k,0801.png,0.10000000149011612,U-Tikhonov T16/CG32 (final),U-TGV (final),SSIM,-0.0029252171516418457
div2k/0802.png/sigma_0.100,div2k,0802.png,0.10000000149011612,U-Tikhonov T16/CG32 (final),U-TGV (final),SSIM,-0.007656693458557129
div2k/0803.png/sigma_0.100,div2k,0803.png,0.10000000149011612,U-Tikhonov T16/CG32 (final),U-TGV (final),SSIM,-0.004393517971038818
div2k/0804.png/sigma_0.100,div2k,0804.png,0.10000000149011612,U-Tikhonov T16/CG32 (final),U-TGV (final),SSIM,-0.0030905604362487793
div2k/0805.png/sigma_0.100,div2k,0805.png,0.10000000149011612,U-Tikhonov T16/CG32 (final),U-TGV (final),SSIM,-0.0077207088470458984
div2k/0806.png/sigma_0.100,div2k,0806.png,0.10000000149011612,U-Tikhonov T16/CG32 (final),U-TGV (final),SSIM,-0.0033641457557678223
div2k/0807.png/sigma_0.100,div2k,0807.png,0.10000000149011612,U-Tikhonov T16/CG32 (final),U-TGV (final),SSIM,-0.002198636531829834
div2k/0808.png/sigma_0.100,div2k,0808.png,0.10000000149011612,U-Tikhonov T16/CG32 (final),U-TGV (final),SSIM,0.0056400299072265625
div2k/0809.png/sigma_0.100,div2k,0809.png,0.10000000149011612,U-Tikhonov T16/CG32 (final),U-TGV (final),SSIM,-0.003718852996826172
div2k/0810.png/sigma_0.100,div2k,0810.png,0.10000000149011612,U-Tikhonov T16/CG32 (final),U-TGV (final),SSIM,-0.0066339969635009766
div2k/0811.png/sigma_0.100,div2k,0811.png,0.10000000149011612,U-Tikhonov T16/CG32 (final),U-TGV (final),SSIM,-0.007580697536468506
div2k/0812.png/sigma_0.100,div2k,0812.png,0.10000000149011612,U-Tikhonov T16/CG32 (final),U-TGV (final),SSIM,-0.0021036863327026367
div2k/0813.png/sigma_0.100,div2k,0813.png,0.10000000149011612,U-Tikhonov T16/CG32 (final),U-TGV (final),SSIM,-0.0055738091468811035
div2k/0814.png/sigma_0.100,div2k,0814.png,0.10000000149011612,U-Tikhonov T16/CG32 (final),U-TGV (final),SSIM,0.021516263484954834
div2k/0815.png/sigma_0.100,div2k,0815.png,0.10000000149011612,U-Tikhonov T16/CG32 (final),U-TGV (final),SSIM,-0.005756258964538574
div2k/0816.png/sigma_0.100,div2k,0816.png,0.10000000149011612,U-Tikhonov T16/CG32 (final),U-TGV (final),SSIM,-0.001482248306274414
div2k/0817.png/sigma_0.100,div2k,0817.png,0.10000000149011612,U-Tikhonov T16/CG32 (final),U-TGV (final),SSIM,0.0029085278511047363
div2k/0818.png/sigma_0.100,div2k,0818.png,0.10000000149011612,U-Tikhonov T16/CG32 (final),U-TGV (final),SSIM,-0.0024261474609375
div2k/0819.png/sigma_0.100,div2k,0819.png,0.10000000149011612,U-Tikhonov T16/CG32 (final),U-TGV (final),SSIM,-0.005425095558166504
div2k/0820.png/sigma_0.100,div2k,0820.png,0.10000000149011612,U-Tikhonov T16/CG32 (final),U-TGV (final),SSIM,-0.008497178554534912
div2k/0821.png/sigma_0.100,div2k,0821.png,0.10000000149011612,U-Tikhonov T16/CG32 (final),U-TGV (final),SSIM,0.0015488266944885254
div2k/0822.png/sigma_0.100,div2k,0822.png,0.10000000149011612,U-Tikhonov T16/CG32 (final),U-TGV (final),SSIM,-0.005609452724456787
div2k/0823.png/sigma_0.100,div2k,0823.png,0.10000000149011612,U-Tikhonov T16/CG32 (final),U-TGV (final),SSIM,0.010610520839691162
div2k/0824.png/sigma_0.100,div2k,0824.png,0.10000000149011612,U-Tikhonov T16/CG32 (final),U-TGV (final),SSIM,-0.003847777843475342
div2k/0825.png/sigma_0.100,div2k,0825.png,0.10000000149011612,U-Tikhonov T16/CG32 (final),U-TGV (final),SSIM,-0.003851175308227539
div2k/0826.png/sigma_0.100,div2k,0826.png,0.10000000149011612,U-Tikhonov T16/CG32 (final),U-TGV (final),SSIM,0.004828512668609619
div2k/0827.png/sigma_0.100,div2k,0827.png,0.10000000149011612,U-Tikhonov T16/CG32 (final),U-TGV (final),SSIM,0.0005987882614135742
div2k/0828.png/sigma_0.100,div2k,0828.png,0.10000000149011612,U-Tikhonov T16/CG32 (final),U-TGV (final),SSIM,0.010839462280273438
div2k/0829.png/sigma_0.100,div2k,0829.png,0.10000000149011612,U-Tikhonov T16/CG32 (final),U-TGV (final),SSIM,-0.0010510683059692383
div2k/0830.png/sigma_0.100,div2k,0830.png,0.10000000149011612,U-Tikhonov T16/CG32 (final),U-TGV (final),SSIM,-0.0003796815872192383
div2k/0831.png/sigma_0.100,div2k,0831.png,0.10000000149011612,U-Tikhonov T16/CG32 (final),U-TGV (final),SSIM,-0.005777239799499512
div2k/0832.png/sigma_0.100,div2k,0832.png,0.10000000149011612,U-Tikhonov T16/CG32 (final),U-TGV (final),SSIM,-0.005665481090545654
div2k/0833.png/sigma_0.100,div2k,0833.png,0.10000000149011612,U-Tikhonov T16/CG32 (final),U-TGV (final),SSIM,0.006044328212738037
div2k/0834.png/sigma_0.100,div2k,0834.png,0.10000000149011612,U-Tikhonov T16/CG32 (final),U-TGV (final),SSIM,-0.0008206367492675781
div2k/0835.png/sigma_0.100,div2k,0835.png,0.10000000149011612,U-Tikhonov T16/CG32 (final),U-TGV (final),SSIM,-0.006770610809326172
div2k/0836.png/sigma_0.100,div2k,0836.png,0.10000000149011612,U-Tikhonov T16/CG32 (final),U-TGV (final),SSIM,-0.002703428268432617
div2k/0837.png/sigma_0.100,div2k,0837.png,0.10000000149011612,U-Tikhonov T16/CG32 (final),U-TGV (final),SSIM,-0.004249870777130127
div2k/0838.png/sigma_0.100,div2k,0838.png,0.10000000149011612,U-Tikhonov T16/CG32 (final),U-TGV (final),SSIM,-0.00022858381271362305
div2k/0839.png/sigma_0.100,div2k,0839.png,0.10000000149011612,U-Tikhonov T16/CG32 (final),U-TGV (final),SSIM,-0.00317537784576416
div2k/0840.png/sigma_0.100,div2k,0840.png,0.10000000149011612,U-Tikhonov T16/CG32 (final),U-TGV (final),SSIM,-0.005726993083953857
div2k/0841.png/sigma_0.100,div2k,0841.png,0.10000000149011612,U-Tikhonov T16/CG32 (final),U-TGV (final),SSIM,-0.0018550753593444824
div2k/0842.png/sigma_0.100,div2k,0842.png,0.10000000149011612,U-Tikhonov T16/CG32 (final),U-TGV (final),SSIM,-0.008591234683990479
div2k/0843.png/sigma_0.100,div2k,0843.png,0.10000000149011612,U-Tikhonov T16/CG32 (final),U-TGV (final),SSIM,0.022235989570617676
div2k/0844.png/sigma_0.100,div2k,0844.png,0.10000000149011612,U-Tikhonov T16/CG32 (final),U-TGV (final),SSIM,0.0012954473495483398
div2k/0845.png/sigma_0.100,div2k,0845.png,0.10000000149011612,U-Tikhonov T16/CG32 (final),U-TGV (final),SSIM,-0.0009368658065795898
div2k/0846.png/sigma_0.100,div2k,0846.png,0.10000000149011612,U-Tikhonov T16/CG32 (final),U-TGV (final),SSIM,-0.0011093616485595703
div2k/0847.png/sigma_0.100,div2k,0847.png,0.10000000149011612,U-Tikhonov T16/CG32 (final),U-TGV (final),SSIM,-0.0025824308395385742
div2k/0848.png/sigma_0.100,div2k,0848.png,0.10000000149011612,U-Tikhonov T16/CG32 (final),U-TGV (final),SSIM,-0.0038225650787353516
div2k/0849.png/sigma_0.100,div2k,0849.png,0.10000000149011612,U-Tikhonov T16/CG32 (final),U-TGV (final),SSIM,-0.0026198625564575195
div2k/0850.png/sigma_0.100,div2k,0850.png,0.10000000149011612,U-Tikhonov T16/CG32 (final),U-TGV (final),SSIM,-0.0034992098808288574
div2k/0851.png/sigma_0.100,div2k,0851.png,0.10000000149011612,U-Tikhonov T16/CG32 (final),U-TGV (final),SSIM,0.014904320240020752
div2k/0852.png/sigma_0.100,div2k,0852.png,0.10000000149011612,U-Tikhonov T16/CG32 (final),U-TGV (final),SSIM,-0.002319633960723877
div2k/0853.png/sigma_0.100,div2k,0853.png,0.10000000149011612,U-Tikhonov T16/CG32 (final),U-TGV (final),SSIM,0.010456383228302002
div2k/0854.png/sigma_0.100,div2k,0854.png,0.10000000149011612,U-Tikhonov T16/CG32 (final),U-TGV (final),SSIM,0.004805028438568115
div2k/0855.png/sigma_0.100,div2k,0855.png,0.10000000149011612,U-Tikhonov T16/CG32 (final),U-TGV (final),SSIM,-0.005396664142608643
div2k/0856.png/sigma_0.100,div2k,0856.png,0.10000000149011612,U-Tikhonov T16/CG32 (final),U-TGV (final),SSIM,-0.0039942264556884766
div2k/0857.png/sigma_0.100,div2k,0857.png,0.10000000149011612,U-Tikhonov T16/CG32 (final),U-TGV (final),SSIM,-0.0032747983932495117
div2k/0858.png/sigma_0.100,div2k,0858.png,0.10000000149011612,U-Tikhonov T16/CG32 (final),U-TGV (final),SSIM,-0.0054607391357421875
div2k/0859.png/sigma_0.100,div2k,0859.png,0.10000000149011612,U-Tikhonov T16/CG32 (final),U-TGV (final),SSIM,-0.0030315518379211426
div2k/0860.png/sigma_0.100,div2k,0860.png,0.10000000149011612,U-Tikhonov T16/CG32 (final),U-TGV (final),SSIM,-0.0060579776763916016
div2k/0861.png/sigma_0.100,div2k,0861.png,0.10000000149011612,U-Tikhonov T16/CG32 (final),U-TGV (final),SSIM,-0.004200160503387451
div2k/0862.png/sigma_0.100,div2k,0862.png,0.10000000149011612,U-Tikhonov T16/CG32 (final),U-TGV (final),SSIM,0.008295774459838867
div2k/0863.png/sigma_0.100,div2k,0863.png,0.10000000149011612,U-Tikhonov T16/CG32 (final),U-TGV (final),SSIM,0.003798544406890869
div2k/0864.png/sigma_0.100,div2k,0864.png,0.10000000149011612,U-Tikhonov T16/CG32 (final),U-TGV (final),SSIM,-0.00475156307220459
div2k/0865.png/sigma_0.100,div2k,0865.png,0.10000000149011612,U-Tikhonov T16/CG32 (final),U-TGV (final),SSIM,-0.002700209617614746
div2k/0866.png/sigma_0.100,div2k,0866.png,0.10000000149011612,U-Tikhonov T16/CG32 (final),U-TGV (final),SSIM,-0.006508231163024902
div2k/0867.png/sigma_0.100,div2k,0867.png,0.10000000149011612,U-Tikhonov T16/CG32 (final),U-TGV (final),SSIM,-0.005310356616973877
div2k/0868.png/sigma_0.100,div2k,0868.png,0.10000000149011612,U-Tikhonov T16/CG32 (final),U-TGV (final),SSIM,0.02612525224685669
div2k/0869.png/sigma_0.100,div2k,0869.png,0.10000000149011612,U-Tikhonov T16/CG32 (final),U-TGV (final),SSIM,0.001185297966003418
div2k/0870.png/sigma_0.100,div2k,0870.png,0.10000000149011612,U-Tikhonov T16/CG32 (final),U-TGV (final),SSIM,-0.005827844142913818
div2k/0871.png/sigma_0.100,div2k,0871.png,0.10000000149011612,U-Tikhonov T16/CG32 (final),U-TGV (final),SSIM,-0.004630446434020996
div2k/0872.png/sigma_0.100,div2k,0872.png,0.10000000149011612,U-Tikhonov T16/CG32 (final),U-TGV (final),SSIM,-0.0031119585037231445
div2k/0873.png/sigma_0.100,div2k,0873.png,0.10000000149011612,U-Tikhonov T16/CG32 (final),U-TGV (final),SSIM,0.0004031062126159668
div2k/0874.png/sigma_0.100,div2k,0874.png,0.10000000149011612,U-Tikhonov T16/CG32 (final),U-TGV (final),SSIM,-0.007285058498382568
div2k/0875.png/sigma_0.100,div2k,0875.png,0.10000000149011612,U-Tikhonov T16/CG32 (final),U-TGV (final),SSIM,-0.0047866106033325195
div2k/0876.png/sigma_0.100,div2k,0876.png,0.10000000149011612,U-Tikhonov T16/CG32 (final),U-TGV (final),SSIM,-0.0048667192459106445
div2k/0877.png/sigma_0.100,div2k,0877.png,0.10000000149011612,U-Tikhonov T16/CG32 (final),U-TGV (final),SSIM,0.0006738901138305664
div2k/0878.png/sigma_0.100,div2k,0878.png,0.10000000149011612,U-Tikhonov T16/CG32 (final),U-TGV (final),SSIM,-0.00410306453704834
div2k/0879.png/sigma_0.100,div2k,0879.png,0.10000000149011612,U-Tikhonov T16/CG32 (final),U-TGV (final),SSIM,0.015987277030944824
div2k/0880.png/sigma_0.100,div2k,0880.png,0.10000000149011612,U-Tikhonov T16/CG32 (final),U-TGV (final),SSIM,0.011081457138061523
div2k/0881.png/sigma_0.100,div2k,0881.png,0.10000000149011612,U-Tikhonov T16/CG32 (final),U-TGV (final),SSIM,-0.00028949975967407227
div2k/0882.png/sigma_0.100,div2k,0882.png,0.10000000149011612,U-Tikhonov T16/CG32 (final),U-TGV (final),SSIM,-0.0027512311935424805
div2k/0883.png/sigma_0.100,div2k,0883.png,0.10000000149011612,U-Tikhonov T16/CG32 (final),U-TGV (final),SSIM,-0.0014940500259399414
div2k/0884.png/sigma_0.100,div2k,0884.png,0.10000000149011612,U-Tikhonov T16/CG32 (final),U-TGV (final),SSIM,-0.004283428192138672
div2k/0885.png/sigma_0.100,div2k,0885.png,0.10000000149011612,U-Tikhonov T16/CG32 (final),U-TGV (final),SSIM,-0.007965683937072754
div2k/0886.png/sigma_0.100,div2k,0886.png,0.10000000149011612,U-Tikhonov T16/CG32 (final),U-TGV (final),SSIM,-0.010046601295471191
div2k/0887.png/sigma_0.100,div2k,0887.png,0.10000000149011612,U-Tikhonov T16/CG32 (final),U-TGV (final),SSIM,0.0007914304733276367
div2k/0888.png/sigma_0.100,div2k,0888.png,0.10000000149011612,U-Tikhonov T16/CG32 (final),U-TGV (final),SSIM,-0.005483388900756836
div2k/0889.png/sigma_0.100,div2k,0889.png,0.10000000149011612,U-Tikhonov T16/CG32 (final),U-TGV (final),SSIM,-0.0036438703536987305
div2k/0890.png/sigma_0.100,div2k,0890.png,0.10000000149011612,U-Tikhonov T16/CG32 (final),U-TGV (final),SSIM,0.016191482543945312
div2k/0891.png/sigma_0.100,div2k,0891.png,0.10000000149011612,U-Tikhonov T16/CG32 (final),U-TGV (final),SSIM,-0.004904031753540039
div2k/0892.png/sigma_0.100,div2k,0892.png,0.10000000149011612,U-Tikhonov T16/CG32 (final),U-TGV (final),SSIM,-0.0029868483543395996
div2k/0893.png/sigma_0.100,div2k,0893.png,0.10000000149011612,U-Tikhonov T16/CG32 (final),U-TGV (final),SSIM,-0.00014656782150268555
div2k/0894.png/sigma_0.100,div2k,0894.png,0.10000000149011612,U-Tikhonov T16/CG32 (final),U-TGV (final),SSIM,0.00014543533325195312
div2k/0895.png/sigma_0.100,div2k,0895.png,0.10000000149011612,U-Tikhonov T16/CG32 (final),U-TGV (final),SSIM,-0.001512289047241211
div2k/0896.png/sigma_0.100,div2k,0896.png,0.10000000149011612,U-Tikhonov T16/CG32 (final),U-TGV (final),SSIM,0.01371842622756958
div2k/0897.png/sigma_0.100,div2k,0897.png,0.10000000149011612,U-Tikhonov T16/CG32 (final),U-TGV (final),SSIM,9.906291961669922e-05
div2k/0898.png/sigma_0.100,div2k,0898.png,0.10000000149011612,U-Tikhonov T16/CG32 (final),U-TGV (final),SSIM,0.026555955410003662
div2k/0899.png/sigma_0.100,div2k,0899.png,0.10000000149011612,U-Tikhonov T16/CG32 (final),U-TGV (final),SSIM,-0.005599915981292725
div2k/0900.png/sigma_0.100,div2k,0900.png,0.10000000149011612,U-Tikhonov T16/CG32 (final),U-TGV (final),SSIM,-0.009244084358215332
div2k/0801.png/sigma_0.150,div2k,0801.png,0.15000000596046448,U-Tikhonov T16/CG32 (final),U-TV (final),PSNR,0.12598800659179688
div2k/0802.png/sigma_0.150,div2k,0802.png,0.15000000596046448,U-Tikhonov T16/CG32 (final),U-TV (final),PSNR,0.1977100372314453
div2k/0803.png/sigma_0.150,div2k,0803.png,0.15000000596046448,U-Tikhonov T16/CG32 (final),U-TV (final),PSNR,0.20068359375
div2k/0804.png/sigma_0.150,div2k,0804.png,0.15000000596046448,U-Tikhonov T16/CG32 (final),U-TV (final),PSNR,0.158355712890625
div2k/0805.png/sigma_0.150,div2k,0805.png,0.15000000596046448,U-Tikhonov T16/CG32 (final),U-TV (final),PSNR,0.170501708984375
div2k/0806.png/sigma_0.150,div2k,0806.png,0.15000000596046448,U-Tikhonov T16/CG32 (final),U-TV (final),PSNR,0.1709880828857422
div2k/0807.png/sigma_0.150,div2k,0807.png,0.15000000596046448,U-Tikhonov T16/CG32 (final),U-TV (final),PSNR,0.11711502075195312
div2k/0808.png/sigma_0.150,div2k,0808.png,0.15000000596046448,U-Tikhonov T16/CG32 (final),U-TV (final),PSNR,0.20718002319335938
div2k/0809.png/sigma_0.150,div2k,0809.png,0.15000000596046448,U-Tikhonov T16/CG32 (final),U-TV (final),PSNR,0.12314224243164062
div2k/0810.png/sigma_0.150,div2k,0810.png,0.15000000596046448,U-Tikhonov T16/CG32 (final),U-TV (final),PSNR,0.12207412719726562
div2k/0811.png/sigma_0.150,div2k,0811.png,0.15000000596046448,U-Tikhonov T16/CG32 (final),U-TV (final),PSNR,0.06886100769042969
div2k/0812.png/sigma_0.150,div2k,0812.png,0.15000000596046448,U-Tikhonov T16/CG32 (final),U-TV (final),PSNR,0.04295921325683594
div2k/0813.png/sigma_0.150,div2k,0813.png,0.15000000596046448,U-Tikhonov T16/CG32 (final),U-TV (final),PSNR,0.12070465087890625
div2k/0814.png/sigma_0.150,div2k,0814.png,0.15000000596046448,U-Tikhonov T16/CG32 (final),U-TV (final),PSNR,0.10705947875976562
div2k/0815.png/sigma_0.150,div2k,0815.png,0.15000000596046448,U-Tikhonov T16/CG32 (final),U-TV (final),PSNR,0.1972064971923828
div2k/0816.png/sigma_0.150,div2k,0816.png,0.15000000596046448,U-Tikhonov T16/CG32 (final),U-TV (final),PSNR,0.10838890075683594
div2k/0817.png/sigma_0.150,div2k,0817.png,0.15000000596046448,U-Tikhonov T16/CG32 (final),U-TV (final),PSNR,0.1400165557861328
div2k/0818.png/sigma_0.150,div2k,0818.png,0.15000000596046448,U-Tikhonov T16/CG32 (final),U-TV (final),PSNR,0.19842147827148438
div2k/0819.png/sigma_0.150,div2k,0819.png,0.15000000596046448,U-Tikhonov T16/CG32 (final),U-TV (final),PSNR,0.11679649353027344
div2k/0820.png/sigma_0.150,div2k,0820.png,0.15000000596046448,U-Tikhonov T16/CG32 (final),U-TV (final),PSNR,0.25661277770996094
div2k/0821.png/sigma_0.150,div2k,0821.png,0.15000000596046448,U-Tikhonov T16/CG32 (final),U-TV (final),PSNR,0.42200469970703125
div2k/0822.png/sigma_0.150,div2k,0822.png,0.15000000596046448,U-Tikhonov T16/CG32 (final),U-TV (final),PSNR,0.1256561279296875
div2k/0823.png/sigma_0.150,div2k,0823.png,0.15000000596046448,U-Tikhonov T16/CG32 (final),U-TV (final),PSNR,0.12516403198242188
div2k/0824.png/sigma_0.150,div2k,0824.png,0.15000000596046448,U-Tikhonov T16/CG32 (final),U-TV (final),PSNR,0.17154312133789062
div2k/0825.png/sigma_0.150,div2k,0825.png,0.15000000596046448,U-Tikhonov T16/CG32 (final),U-TV (final),PSNR,0.138580322265625
div2k/0826.png/sigma_0.150,div2k,0826.png,0.15000000596046448,U-Tikhonov T16/CG32 (final),U-TV (final),PSNR,0.18787765502929688
div2k/0827.png/sigma_0.150,div2k,0827.png,0.15000000596046448,U-Tikhonov T16/CG32 (final),U-TV (final),PSNR,0.11108589172363281
div2k/0828.png/sigma_0.150,div2k,0828.png,0.15000000596046448,U-Tikhonov T16/CG32 (final),U-TV (final),PSNR,0.049877166748046875
div2k/0829.png/sigma_0.150,div2k,0829.png,0.15000000596046448,U-Tikhonov T16/CG32 (final),U-TV (final),PSNR,0.17763519287109375
div2k/0830.png/sigma_0.150,div2k,0830.png,0.15000000596046448,U-Tikhonov T16/CG32 (final),U-TV (final),PSNR,0.061183929443359375
div2k/0831.png/sigma_0.150,div2k,0831.png,0.15000000596046448,U-Tikhonov T16/CG32 (final),U-TV (final),PSNR,0.12985610961914062
div2k/0832.png/sigma_0.150,div2k,0832.png,0.15000000596046448,U-Tikhonov T16/CG32 (final),U-TV (final),PSNR,0.19521331787109375
div2k/0833.png/sigma_0.150,div2k,0833.png,0.15000000596046448,U-Tikhonov T16/CG32 (final),U-TV (final),PSNR,0.07442474365234375
div2k/0834.png/sigma_0.150,div2k,0834.png,0.15000000596046448,U-Tikhonov T16/CG32 (final),U-TV (final),PSNR,0.15517807006835938
div2k/0835.png/sigma_0.150,div2k,0835.png,0.15000000596046448,U-Tikhonov T16/CG32 (final),U-TV (final),PSNR,0.09974098205566406
div2k/0836.png/sigma_0.150,div2k,0836.png,0.15000000596046448,U-Tikhonov T16/CG32 (final),U-TV (final),PSNR,0.05083656311035156
div2k/0837.png/sigma_0.150,div2k,0837.png,0.15000000596046448,U-Tikhonov T16/CG32 (final),U-TV (final),PSNR,0.16240692138671875
div2k/0838.png/sigma_0.150,div2k,0838.png,0.15000000596046448,U-Tikhonov T16/CG32 (final),U-TV (final),PSNR,0.3168487548828125
div2k/0839.png/sigma_0.150,div2k,0839.png,0.15000000596046448,U-Tikhonov T16/CG32 (final),U-TV (final),PSNR,0.13631057739257812
div2k/0840.png/sigma_0.150,div2k,0840.png,0.15000000596046448,U-Tikhonov T16/CG32 (final),U-TV (final),PSNR,0.14824295043945312
div2k/0841.png/sigma_0.150,div2k,0841.png,0.15000000596046448,U-Tikhonov T16/CG32 (final),U-TV (final),PSNR,0.10929107666015625
div2k/0842.png/sigma_0.150,div2k,0842.png,0.15000000596046448,U-Tikhonov T16/CG32 (final),U-TV (final),PSNR,0.17289352416992188
div2k/0843.png/sigma_0.150,div2k,0843.png,0.15000000596046448,U-Tikhonov T16/CG32 (final),U-TV (final),PSNR,0.08234786987304688
div2k/0844.png/sigma_0.150,div2k,0844.png,0.15000000596046448,U-Tikhonov T16/CG32 (final),U-TV (final),PSNR,0.08372116088867188
div2k/0845.png/sigma_0.150,div2k,0845.png,0.15000000596046448,U-Tikhonov T16/CG32 (final),U-TV (final),PSNR,0.03176307678222656
div2k/0846.png/sigma_0.150,div2k,0846.png,0.15000000596046448,U-Tikhonov T16/CG32 (final),U-TV (final),PSNR,0.1077423095703125
div2k/0847.png/sigma_0.150,div2k,0847.png,0.15000000596046448,U-Tikhonov T16/CG32 (final),U-TV (final),PSNR,0.1531696319580078
div2k/0848.png/sigma_0.150,div2k,0848.png,0.15000000596046448,U-Tikhonov T16/CG32 (final),U-TV (final),PSNR,0.11243438720703125
div2k/0849.png/sigma_0.150,div2k,0849.png,0.15000000596046448,U-Tikhonov T16/CG32 (final),U-TV (final),PSNR,0.3237724304199219
div2k/0850.png/sigma_0.150,div2k,0850.png,0.15000000596046448,U-Tikhonov T16/CG32 (final),U-TV (final),PSNR,0.1738452911376953
div2k/0851.png/sigma_0.150,div2k,0851.png,0.15000000596046448,U-Tikhonov T16/CG32 (final),U-TV (final),PSNR,0.33347129821777344
div2k/0852.png/sigma_0.150,div2k,0852.png,0.15000000596046448,U-Tikhonov T16/CG32 (final),U-TV (final),PSNR,0.0413665771484375
div2k/0853.png/sigma_0.150,div2k,0853.png,0.15000000596046448,U-Tikhonov T16/CG32 (final),U-TV (final),PSNR,0.16897964477539062
div2k/0854.png/sigma_0.150,div2k,0854.png,0.15000000596046448,U-Tikhonov T16/CG32 (final),U-TV (final),PSNR,0.18464088439941406
div2k/0855.png/sigma_0.150,div2k,0855.png,0.15000000596046448,U-Tikhonov T16/CG32 (final),U-TV (final),PSNR,0.10367202758789062
div2k/0856.png/sigma_0.150,div2k,0856.png,0.15000000596046448,U-Tikhonov T16/CG32 (final),U-TV (final),PSNR,0.049915313720703125
div2k/0857.png/sigma_0.150,div2k,0857.png,0.15000000596046448,U-Tikhonov T16/CG32 (final),U-TV (final),PSNR,0.3567829132080078
div2k/0858.png/sigma_0.150,div2k,0858.png,0.15000000596046448,U-Tikhonov T16/CG32 (final),U-TV (final),PSNR,0.12441062927246094
div2k/0859.png/sigma_0.150,div2k,0859.png,0.15000000596046448,U-Tikhonov T16/CG32 (final),U-TV (final),PSNR,0.13873672485351562
div2k/0860.png/sigma_0.150,div2k,0860.png,0.15000000596046448,U-Tikhonov T16/CG32 (final),U-TV (final),PSNR,0.14291763305664062
div2k/0861.png/sigma_0.150,div2k,0861.png,0.15000000596046448,U-Tikhonov T16/CG32 (final),U-TV (final),PSNR,0.13027572631835938
div2k/0862.png/sigma_0.150,div2k,0862.png,0.15000000596046448,U-Tikhonov T16/CG32 (final),U-TV (final),PSNR,0.12095832824707031
div2k/0863.png/sigma_0.150,div2k,0863.png,0.15000000596046448,U-Tikhonov T16/CG32 (final),U-TV (final),PSNR,0.1149749755859375
div2k/0864.png/sigma_0.150,div2k,0864.png,0.15000000596046448,U-Tikhonov T16/CG32 (final),U-TV (final),PSNR,0.10368537902832031
div2k/0865.png/sigma_0.150,div2k,0865.png,0.15000000596046448,U-Tikhonov T16/CG32 (final),U-TV (final),PSNR,0.1398296356201172
div2k/0866.png/sigma_0.150,div2k,0866.png,0.15000000596046448,U-Tikhonov T16/CG32 (final),U-TV (final),PSNR,0.13604164123535156
div2k/0867.png/sigma_0.150,div2k,0867.png,0.15000000596046448,U-Tikhonov T16/CG32 (final),U-TV (final),PSNR,0.05708885192871094
div2k/0868.png/sigma_0.150,div2k,0868.png,0.15000000596046448,U-Tikhonov T16/CG32 (final),U-TV (final),PSNR,0.11211204528808594
div2k/0869.png/sigma_0.150,div2k,0869.png,0.15000000596046448,U-Tikhonov T16/CG32 (final),U-TV (final),PSNR,0.0780792236328125
div2k/0870.png/sigma_0.150,div2k,0870.png,0.15000000596046448,U-Tikhonov T16/CG32 (final),U-TV (final),PSNR,0.17138671875
div2k/0871.png/sigma_0.150,div2k,0871.png,0.15000000596046448,U-Tikhonov T16/CG32 (final),U-TV (final),PSNR,0.17061233520507812
div2k/0872.png/sigma_0.150,div2k,0872.png,0.15000000596046448,U-Tikhonov T16/CG32 (final),U-TV (final),PSNR,0.1325702667236328
div2k/0873.png/sigma_0.150,div2k,0873.png,0.15000000596046448,U-Tikhonov T16/CG32 (final),U-TV (final),PSNR,0.13570404052734375
div2k/0874.png/sigma_0.150,div2k,0874.png,0.15000000596046448,U-Tikhonov T16/CG32 (final),U-TV (final),PSNR,0.10526466369628906
div2k/0875.png/sigma_0.150,div2k,0875.png,0.15000000596046448,U-Tikhonov T16/CG32 (final),U-TV (final),PSNR,0.09242630004882812
div2k/0876.png/sigma_0.150,div2k,0876.png,0.15000000596046448,U-Tikhonov T16/CG32 (final),U-TV (final),PSNR,0.15050888061523438
div2k/0877.png/sigma_0.150,div2k,0877.png,0.15000000596046448,U-Tikhonov T16/CG32 (final),U-TV (final),PSNR,0.21144866943359375
div2k/0878.png/sigma_0.150,div2k,0878.png,0.15000000596046448,U-Tikhonov T16/CG32 (final),U-TV (final),PSNR,0.11155509948730469
div2k/0879.png/sigma_0.150,div2k,0879.png,0.15000000596046448,U-Tikhonov T16/CG32 (final),U-TV (final),PSNR,0.15140342712402344
div2k/0880.png/sigma_0.150,div2k,0880.png,0.15000000596046448,U-Tikhonov T16/CG32 (final),U-TV (final),PSNR,0.1371288299560547
div2k/0881.png/sigma_0.150,div2k,0881.png,0.15000000596046448,U-Tikhonov T16/CG32 (final),U-TV (final),PSNR,0.19260025024414062
div2k/0882.png/sigma_0.150,div2k,0882.png,0.15000000596046448,U-Tikhonov T16/CG32 (final),U-TV (final),PSNR,0.2739906311035156
div2k/0883.png/sigma_0.150,div2k,0883.png,0.15000000596046448,U-Tikhonov T16/CG32 (final),U-TV (final),PSNR,0.1517791748046875
div2k/0884.png/sigma_0.150,div2k,0884.png,0.15000000596046448,U-Tikhonov T16/CG32 (final),U-TV (final),PSNR,0.18619537353515625
div2k/0885.png/sigma_0.150,div2k,0885.png,0.15000000596046448,U-Tikhonov T16/CG32 (final),U-TV (final),PSNR,0.034748077392578125
div2k/0886.png/sigma_0.150,div2k,0886.png,0.15000000596046448,U-Tikhonov T16/CG32 (final),U-TV (final),PSNR,0.13773536682128906
div2k/0887.png/sigma_0.150,div2k,0887.png,0.15000000596046448,U-Tikhonov T16/CG32 (final),U-TV (final),PSNR,0.1427593231201172
div2k/0888.png/sigma_0.150,div2k,0888.png,0.15000000596046448,U-Tikhonov T16/CG32 (final),U-TV (final),PSNR,0.19060134887695312
div2k/0889.png/sigma_0.150,div2k,0889.png,0.15000000596046448,U-Tikhonov T16/CG32 (final),U-TV (final),PSNR,0.2064800262451172
div2k/0890.png/sigma_0.150,div2k,0890.png,0.15000000596046448,U-Tikhonov T16/CG32 (final),U-TV (final),PSNR,0.12151718139648438
div2k/0891.png/sigma_0.150,div2k,0891.png,0.15000000596046448,U-Tikhonov T16/CG32 (final),U-TV (final),PSNR,0.1718006134033203
div2k/0892.png/sigma_0.150,div2k,0892.png,0.15000000596046448,U-Tikhonov T16/CG32 (final),U-TV (final),PSNR,0.384246826171875
div2k/0893.png/sigma_0.150,div2k,0893.png,0.15000000596046448,U-Tikhonov T16/CG32 (final),U-TV (final),PSNR,0.15958786010742188
div2k/0894.png/sigma_0.150,div2k,0894.png,0.15000000596046448,U-Tikhonov T16/CG32 (final),U-TV (final),PSNR,0.12387847900390625
div2k/0895.png/sigma_0.150,div2k,0895.png,0.15000000596046448,U-Tikhonov T16/CG32 (final),U-TV (final),PSNR,0.1704273223876953
div2k/0896.png/sigma_0.150,div2k,0896.png,0.15000000596046448,U-Tikhonov T16/CG32 (final),U-TV (final),PSNR,0.0626373291015625
div2k/0897.png/sigma_0.150,div2k,0897.png,0.15000000596046448,U-Tikhonov T16/CG32 (final),U-TV (final),PSNR,0.19867515563964844
div2k/0898.png/sigma_0.150,div2k,0898.png,0.15000000596046448,U-Tikhonov T16/CG32 (final),U-TV (final),PSNR,0.1966381072998047
div2k/0899.png/sigma_0.150,div2k,0899.png,0.15000000596046448,U-Tikhonov T16/CG32 (final),U-TV (final),PSNR,0.13423919677734375
div2k/0900.png/sigma_0.150,div2k,0900.png,0.15000000596046448,U-Tikhonov T16/CG32 (final),U-TV (final),PSNR,0.053920745849609375
div2k/0801.png/sigma_0.150,div2k,0801.png,0.15000000596046448,U-Tikhonov T16/CG32 (final),U-TV (final),SSIM,0.0056040287017822266
div2k/0802.png/sigma_0.150,div2k,0802.png,0.15000000596046448,U-Tikhonov T16/CG32 (final),U-TV (final),SSIM,0.004524946212768555
div2k/0803.png/sigma_0.150,div2k,0803.png,0.15000000596046448,U-Tikhonov T16/CG32 (final),U-TV (final),SSIM,0.008582890033721924
div2k/0804.png/sigma_0.150,div2k,0804.png,0.15000000596046448,U-Tikhonov T16/CG32 (final),U-TV (final),SSIM,0.0051610469818115234
div2k/0805.png/sigma_0.150,div2k,0805.png,0.15000000596046448,U-Tikhonov T16/CG32 (final),U-TV (final),SSIM,0.0052686333656311035
div2k/0806.png/sigma_0.150,div2k,0806.png,0.15000000596046448,U-Tikhonov T16/CG32 (final),U-TV (final),SSIM,0.006650209426879883
div2k/0807.png/sigma_0.150,div2k,0807.png,0.15000000596046448,U-Tikhonov T16/CG32 (final),U-TV (final),SSIM,0.0071503520011901855
div2k/0808.png/sigma_0.150,div2k,0808.png,0.15000000596046448,U-Tikhonov T16/CG32 (final),U-TV (final),SSIM,0.0031633377075195312
div2k/0809.png/sigma_0.150,div2k,0809.png,0.15000000596046448,U-Tikhonov T16/CG32 (final),U-TV (final),SSIM,0.006904542446136475
div2k/0810.png/sigma_0.150,div2k,0810.png,0.15000000596046448,U-Tikhonov T16/CG32 (final),U-TV (final),SSIM,0.005376279354095459
div2k/0811.png/sigma_0.150,div2k,0811.png,0.15000000596046448,U-Tikhonov T16/CG32 (final),U-TV (final),SSIM,0.0033750534057617188
div2k/0812.png/sigma_0.150,div2k,0812.png,0.15000000596046448,U-Tikhonov T16/CG32 (final),U-TV (final),SSIM,0.0015287399291992188
div2k/0813.png/sigma_0.150,div2k,0813.png,0.15000000596046448,U-Tikhonov T16/CG32 (final),U-TV (final),SSIM,0.004522085189819336
div2k/0814.png/sigma_0.150,div2k,0814.png,0.15000000596046448,U-Tikhonov T16/CG32 (final),U-TV (final),SSIM,-0.00415414571762085
div2k/0815.png/sigma_0.150,div2k,0815.png,0.15000000596046448,U-Tikhonov T16/CG32 (final),U-TV (final),SSIM,0.009004712104797363
div2k/0816.png/sigma_0.150,div2k,0816.png,0.15000000596046448,U-Tikhonov T16/CG32 (final),U-TV (final),SSIM,0.0025806427001953125
div2k/0817.png/sigma_0.150,div2k,0817.png,0.15000000596046448,U-Tikhonov T16/CG32 (final),U-TV (final),SSIM,0.006245672702789307
div2k/0818.png/sigma_0.150,div2k,0818.png,0.15000000596046448,U-Tikhonov T16/CG32 (final),U-TV (final),SSIM,0.006147801876068115
div2k/0819.png/sigma_0.150,div2k,0819.png,0.15000000596046448,U-Tikhonov T16/CG32 (final),U-TV (final),SSIM,0.006444096565246582
div2k/0820.png/sigma_0.150,div2k,0820.png,0.15000000596046448,U-Tikhonov T16/CG32 (final),U-TV (final),SSIM,0.009318947792053223
div2k/0821.png/sigma_0.150,div2k,0821.png,0.15000000596046448,U-Tikhonov T16/CG32 (final),U-TV (final),SSIM,0.015839695930480957
div2k/0822.png/sigma_0.150,div2k,0822.png,0.15000000596046448,U-Tikhonov T16/CG32 (final),U-TV (final),SSIM,0.00905609130859375
div2k/0823.png/sigma_0.150,div2k,0823.png,0.15000000596046448,U-Tikhonov T16/CG32 (final),U-TV (final),SSIM,0.0011536478996276855
div2k/0824.png/sigma_0.150,div2k,0824.png,0.15000000596046448,U-Tikhonov T16/CG32 (final),U-TV (final),SSIM,0.007667839527130127
div2k/0825.png/sigma_0.150,div2k,0825.png,0.15000000596046448,U-Tikhonov T16/CG32 (final),U-TV (final),SSIM,0.006268739700317383
div2k/0826.png/sigma_0.150,div2k,0826.png,0.15000000596046448,U-Tikhonov T16/CG32 (final),U-TV (final),SSIM,0.005952715873718262
div2k/0827.png/sigma_0.150,div2k,0827.png,0.15000000596046448,U-Tikhonov T16/CG32 (final),U-TV (final),SSIM,0.004941165447235107
div2k/0828.png/sigma_0.150,div2k,0828.png,0.15000000596046448,U-Tikhonov T16/CG32 (final),U-TV (final),SSIM,0.0028775930404663086
div2k/0829.png/sigma_0.150,div2k,0829.png,0.15000000596046448,U-Tikhonov T16/CG32 (final),U-TV (final),SSIM,0.006009221076965332
div2k/0830.png/sigma_0.150,div2k,0830.png,0.15000000596046448,U-Tikhonov T16/CG32 (final),U-TV (final),SSIM,0.0019211769104003906
div2k/0831.png/sigma_0.150,div2k,0831.png,0.15000000596046448,U-Tikhonov T16/CG32 (final),U-TV (final),SSIM,0.007413208484649658
div2k/0832.png/sigma_0.150,div2k,0832.png,0.15000000596046448,U-Tikhonov T16/CG32 (final),U-TV (final),SSIM,0.0064809322357177734
div2k/0833.png/sigma_0.150,div2k,0833.png,0.15000000596046448,U-Tikhonov T16/CG32 (final),U-TV (final),SSIM,0.0051659345626831055
div2k/0834.png/sigma_0.150,div2k,0834.png,0.15000000596046448,U-Tikhonov T16/CG32 (final),U-TV (final),SSIM,0.0027518272399902344
div2k/0835.png/sigma_0.150,div2k,0835.png,0.15000000596046448,U-Tikhonov T16/CG32 (final),U-TV (final),SSIM,0.005219221115112305
div2k/0836.png/sigma_0.150,div2k,0836.png,0.15000000596046448,U-Tikhonov T16/CG32 (final),U-TV (final),SSIM,0.0014197826385498047
div2k/0837.png/sigma_0.150,div2k,0837.png,0.15000000596046448,U-Tikhonov T16/CG32 (final),U-TV (final),SSIM,0.007372498512268066
div2k/0838.png/sigma_0.150,div2k,0838.png,0.15000000596046448,U-Tikhonov T16/CG32 (final),U-TV (final),SSIM,0.007822036743164062
div2k/0839.png/sigma_0.150,div2k,0839.png,0.15000000596046448,U-Tikhonov T16/CG32 (final),U-TV (final),SSIM,0.005757659673690796
div2k/0840.png/sigma_0.150,div2k,0840.png,0.15000000596046448,U-Tikhonov T16/CG32 (final),U-TV (final),SSIM,0.007428586483001709
div2k/0841.png/sigma_0.150,div2k,0841.png,0.15000000596046448,U-Tikhonov T16/CG32 (final),U-TV (final),SSIM,0.0024306774139404297
div2k/0842.png/sigma_0.150,div2k,0842.png,0.15000000596046448,U-Tikhonov T16/CG32 (final),U-TV (final),SSIM,0.005732893943786621
div2k/0843.png/sigma_0.150,div2k,0843.png,0.15000000596046448,U-Tikhonov T16/CG32 (final),U-TV (final),SSIM,-0.00456923246383667
div2k/0844.png/sigma_0.150,div2k,0844.png,0.15000000596046448,U-Tikhonov T16/CG32 (final),U-TV (final),SSIM,-0.00244748592376709
div2k/0845.png/sigma_0.150,div2k,0845.png,0.15000000596046448,U-Tikhonov T16/CG32 (final),U-TV (final),SSIM,-0.0013239383697509766
div2k/0846.png/sigma_0.150,div2k,0846.png,0.15000000596046448,U-Tikhonov T16/CG32 (final),U-TV (final),SSIM,0.00851660966873169
div2k/0847.png/sigma_0.150,div2k,0847.png,0.15000000596046448,U-Tikhonov T16/CG32 (final),U-TV (final),SSIM,0.007366001605987549
div2k/0848.png/sigma_0.150,div2k,0848.png,0.15000000596046448,U-Tikhonov T16/CG32 (final),U-TV (final),SSIM,0.005737781524658203
div2k/0849.png/sigma_0.150,div2k,0849.png,0.15000000596046448,U-Tikhonov T16/CG32 (final),U-TV (final),SSIM,0.012910723686218262
div2k/0850.png/sigma_0.150,div2k,0850.png,0.15000000596046448,U-Tikhonov T16/CG32 (final),U-TV (final),SSIM,0.008992493152618408
div2k/0851.png/sigma_0.150,div2k,0851.png,0.15000000596046448,U-Tikhonov T16/CG32 (final),U-TV (final),SSIM,0.007372498512268066
div2k/0852.png/sigma_0.150,div2k,0852.png,0.15000000596046448,U-Tikhonov T16/CG32 (final),U-TV (final),SSIM,0.0005374550819396973
div2k/0853.png/sigma_0.150,div2k,0853.png,0.15000000596046448,U-Tikhonov T16/CG32 (final),U-TV (final),SSIM,0.0037001371383666992
div2k/0854.png/sigma_0.150,div2k,0854.png,0.15000000596046448,U-Tikhonov T16/CG32 (final),U-TV (final),SSIM,0.005791127681732178
div2k/0855.png/sigma_0.150,div2k,0855.png,0.15000000596046448,U-Tikhonov T16/CG32 (final),U-TV (final),SSIM,0.0016942024230957031
div2k/0856.png/sigma_0.150,div2k,0856.png,0.15000000596046448,U-Tikhonov T16/CG32 (final),U-TV (final),SSIM,0.001582503318786621
div2k/0857.png/sigma_0.150,div2k,0857.png,0.15000000596046448,U-Tikhonov T16/CG32 (final),U-TV (final),SSIM,0.013526678085327148
div2k/0858.png/sigma_0.150,div2k,0858.png,0.15000000596046448,U-Tikhonov T16/CG32 (final),U-TV (final),SSIM,0.010004878044128418
div2k/0859.png/sigma_0.150,div2k,0859.png,0.15000000596046448,U-Tikhonov T16/CG32 (final),U-TV (final),SSIM,0.006959676742553711
div2k/0860.png/sigma_0.150,div2k,0860.png,0.15000000596046448,U-Tikhonov T16/CG32 (final),U-TV (final),SSIM,0.008978605270385742
div2k/0861.png/sigma_0.150,div2k,0861.png,0.15000000596046448,U-Tikhonov T16/CG32 (final),U-TV (final),SSIM,0.006868302822113037
div2k/0862.png/sigma_0.150,div2k,0862.png,0.15000000596046448,U-Tikhonov T16/CG32 (final),U-TV (final),SSIM,-0.001454770565032959
div2k/0863.png/sigma_0.150,div2k,0863.png,0.15000000596046448,U-Tikhonov T16/CG32 (final),U-TV (final),SSIM,0.0032255053520202637
div2k/0864.png/sigma_0.150,div2k,0864.png,0.15000000596046448,U-Tikhonov T16/CG32 (final),U-TV (final),SSIM,0.00402987003326416
div2k/0865.png/sigma_0.150,div2k,0865.png,0.15000000596046448,U-Tikhonov T16/CG32 (final),U-TV (final),SSIM,0.006414532661437988
div2k/0866.png/sigma_0.150,div2k,0866.png,0.15000000596046448,U-Tikhonov T16/CG32 (final),U-TV (final),SSIM,0.004806637763977051
div2k/0867.png/sigma_0.150,div2k,0867.png,0.15000000596046448,U-Tikhonov T16/CG32 (final),U-TV (final),SSIM,0.00423276424407959
div2k/0868.png/sigma_0.150,div2k,0868.png,0.15000000596046448,U-Tikhonov T16/CG32 (final),U-TV (final),SSIM,-0.004271805286407471
div2k/0869.png/sigma_0.150,div2k,0869.png,0.15000000596046448,U-Tikhonov T16/CG32 (final),U-TV (final),SSIM,0.001846909523010254
div2k/0870.png/sigma_0.150,div2k,0870.png,0.15000000596046448,U-Tikhonov T16/CG32 (final),U-TV (final),SSIM,0.013015270233154297
div2k/0871.png/sigma_0.150,div2k,0871.png,0.15000000596046448,U-Tikhonov T16/CG32 (final),U-TV (final),SSIM,0.007257580757141113
div2k/0872.png/sigma_0.150,div2k,0872.png,0.15000000596046448,U-Tikhonov T16/CG32 (final),U-TV (final),SSIM,0.0054847002029418945
div2k/0873.png/sigma_0.150,div2k,0873.png,0.15000000596046448,U-Tikhonov T16/CG32 (final),U-TV (final),SSIM,0.006412029266357422
div2k/0874.png/sigma_0.150,div2k,0874.png,0.15000000596046448,U-Tikhonov T16/CG32 (final),U-TV (final),SSIM,0.00147324800491333
div2k/0875.png/sigma_0.150,div2k,0875.png,0.15000000596046448,U-Tikhonov T16/CG32 (final),U-TV (final),SSIM,0.004859328269958496
div2k/0876.png/sigma_0.150,div2k,0876.png,0.15000000596046448,U-Tikhonov T16/CG32 (final),U-TV (final),SSIM,0.009410858154296875
div2k/0877.png/sigma_0.150,div2k,0877.png,0.15000000596046448,U-Tikhonov T16/CG32 (final),U-TV (final),SSIM,0.006614387035369873
div2k/0878.png/sigma_0.150,div2k,0878.png,0.15000000596046448,U-Tikhonov T16/CG32 (final),U-TV (final),SSIM,0.006785035133361816
div2k/0879.png/sigma_0.150,div2k,0879.png,0.15000000596046448,U-Tikhonov T16/CG32 (final),U-TV (final),SSIM,-0.0006285905838012695
div2k/0880.png/sigma_0.150,div2k,0880.png,0.15000000596046448,U-Tikhonov T16/CG32 (final),U-TV (final),SSIM,0.001513838768005371
div2k/0881.png/sigma_0.150,div2k,0881.png,0.15000000596046448,U-Tikhonov T16/CG32 (final),U-TV (final),SSIM,0.007238268852233887
div2k/0882.png/sigma_0.150,div2k,0882.png,0.15000000596046448,U-Tikhonov T16/CG32 (final),U-TV (final),SSIM,0.008018195629119873
div2k/0883.png/sigma_0.150,div2k,0883.png,0.15000000596046448,U-Tikhonov T16/CG32 (final),U-TV (final),SSIM,0.005560874938964844
div2k/0884.png/sigma_0.150,div2k,0884.png,0.15000000596046448,U-Tikhonov T16/CG32 (final),U-TV (final),SSIM,0.006645560264587402
div2k/0885.png/sigma_0.150,div2k,0885.png,0.15000000596046448,U-Tikhonov T16/CG32 (final),U-TV (final),SSIM,0.002518773078918457
div2k/0886.png/sigma_0.150,div2k,0886.png,0.15000000596046448,U-Tikhonov T16/CG32 (final),U-TV (final),SSIM,0.005422115325927734
div2k/0887.png/sigma_0.150,div2k,0887.png,0.15000000596046448,U-Tikhonov T16/CG32 (final),U-TV (final),SSIM,0.0042639970779418945
div2k/0888.png/sigma_0.150,div2k,0888.png,0.15000000596046448,U-Tikhonov T16/CG32 (final),U-TV (final),SSIM,0.006685376167297363
div2k/0889.png/sigma_0.150,div2k,0889.png,0.15000000596046448,U-Tikhonov T16/CG32 (final),U-TV (final),SSIM,0.010542988777160645
div2k/0890.png/sigma_0.150,div2k,0890.png,0.15000000596046448,U-Tikhonov T16/CG32 (final),U-TV (final),SSIM,-0.00048530101776123047
div2k/0891.png/sigma_0.150,div2k,0891.png,0.15000000596046448,U-Tikhonov T16/CG32 (final),U-TV (final),SSIM,0.008147895336151123
div2k/0892.png/sigma_0.150,div2k,0892.png,0.15000000596046448,U-Tikhonov T16/CG32 (final),U-TV (final),SSIM,0.025103747844696045
div2k/0893.png/sigma_0.150,div2k,0893.png,0.15000000596046448,U-Tikhonov T16/CG32 (final),U-TV (final),SSIM,0.004700064659118652
div2k/0894.png/sigma_0.150,div2k,0894.png,0.15000000596046448,U-Tikhonov T16/CG32 (final),U-TV (final),SSIM,0.004367947578430176
div2k/0895.png/sigma_0.150,div2k,0895.png,0.15000000596046448,U-Tikhonov T16/CG32 (final),U-TV (final),SSIM,0.011589884757995605
div2k/0896.png/sigma_0.150,div2k,0896.png,0.15000000596046448,U-Tikhonov T16/CG32 (final),U-TV (final),SSIM,-0.0009145736694335938
div2k/0897.png/sigma_0.150,div2k,0897.png,0.15000000596046448,U-Tikhonov T16/CG32 (final),U-TV (final),SSIM,0.025436997413635254
div2k/0898.png/sigma_0.150,div2k,0898.png,0.15000000596046448,U-Tikhonov T16/CG32 (final),U-TV (final),SSIM,-0.00555795431137085
div2k/0899.png/sigma_0.150,div2k,0899.png,0.15000000596046448,U-Tikhonov T16/CG32 (final),U-TV (final),SSIM,0.0028173327445983887
div2k/0900.png/sigma_0.150,div2k,0900.png,0.15000000596046448,U-Tikhonov T16/CG32 (final),U-TV (final),SSIM,0.004998385906219482
div2k/0801.png/sigma_0.150,div2k,0801.png,0.15000000596046448,U-Tikhonov T16/CG32 (final),U-TGV (final),PSNR,-0.0082550048828125
div2k/0802.png/sigma_0.150,div2k,0802.png,0.15000000596046448,U-Tikhonov T16/CG32 (final),U-TGV (final),PSNR,-0.5893440246582031
div2k/0803.png/sigma_0.150,div2k,0803.png,0.15000000596046448,U-Tikhonov T16/CG32 (final),U-TGV (final),PSNR,-0.08113288879394531
div2k/0804.png/sigma_0.150,div2k,0804.png,0.15000000596046448,U-Tikhonov T16/CG32 (final),U-TGV (final),PSNR,-0.000247955322265625
div2k/0805.png/sigma_0.150,div2k,0805.png,0.15000000596046448,U-Tikhonov T16/CG32 (final),U-TGV (final),PSNR,-0.13663291931152344
div2k/0806.png/sigma_0.150,div2k,0806.png,0.15000000596046448,U-Tikhonov T16/CG32 (final),U-TGV (final),PSNR,-0.07209396362304688
div2k/0807.png/sigma_0.150,div2k,0807.png,0.15000000596046448,U-Tikhonov T16/CG32 (final),U-TGV (final),PSNR,0.028360366821289062
div2k/0808.png/sigma_0.150,div2k,0808.png,0.15000000596046448,U-Tikhonov T16/CG32 (final),U-TGV (final),PSNR,0.05411529541015625
div2k/0809.png/sigma_0.150,div2k,0809.png,0.15000000596046448,U-Tikhonov T16/CG32 (final),U-TGV (final),PSNR,-0.014858245849609375
div2k/0810.png/sigma_0.150,div2k,0810.png,0.15000000596046448,U-Tikhonov T16/CG32 (final),U-TGV (final),PSNR,-0.044708251953125
div2k/0811.png/sigma_0.150,div2k,0811.png,0.15000000596046448,U-Tikhonov T16/CG32 (final),U-TGV (final),PSNR,-0.0570068359375
div2k/0812.png/sigma_0.150,div2k,0812.png,0.15000000596046448,U-Tikhonov T16/CG32 (final),U-TGV (final),PSNR,-0.1579742431640625
div2k/0813.png/sigma_0.150,div2k,0813.png,0.15000000596046448,U-Tikhonov T16/CG32 (final),U-TGV (final),PSNR,-0.15986061096191406
div2k/0814.png/sigma_0.150,div2k,0814.png,0.15000000596046448,U-Tikhonov T16/CG32 (final),U-TGV (final),PSNR,0.21327590942382812
div2k/0815.png/sigma_0.150,div2k,0815.png,0.15000000596046448,U-Tikhonov T16/CG32 (final),U-TGV (final),PSNR,-0.12210464477539062
div2k/0816.png/sigma_0.150,div2k,0816.png,0.15000000596046448,U-Tikhonov T16/CG32 (final),U-TGV (final),PSNR,-0.03228759765625
div2k/0817.png/sigma_0.150,div2k,0817.png,0.15000000596046448,U-Tikhonov T16/CG32 (final),U-TGV (final),PSNR,0.042720794677734375
div2k/0818.png/sigma_0.150,div2k,0818.png,0.15000000596046448,U-Tikhonov T16/CG32 (final),U-TGV (final),PSNR,-0.12504196166992188
div2k/0819.png/sigma_0.150,div2k,0819.png,0.15000000596046448,U-Tikhonov T16/CG32 (final),U-TGV (final),PSNR,-0.06008148193359375
div2k/0820.png/sigma_0.150,div2k,0820.png,0.15000000596046448,U-Tikhonov T16/CG32 (final),U-TGV (final),PSNR,-0.06284713745117188
div2k/0821.png/sigma_0.150,div2k,0821.png,0.15000000596046448,U-Tikhonov T16/CG32 (final),U-TGV (final),PSNR,0.05478477478027344
div2k/0822.png/sigma_0.150,div2k,0822.png,0.15000000596046448,U-Tikhonov T16/CG32 (final),U-TGV (final),PSNR,-0.04306793212890625
div2k/0823.png/sigma_0.150,div2k,0823.png,0.15000000596046448,U-Tikhonov T16/CG32 (final),U-TGV (final),PSNR,0.032207489013671875
div2k/0824.png/sigma_0.150,div2k,0824.png,0.15000000596046448,U-Tikhonov T16/CG32 (final),U-TGV (final),PSNR,-0.11274147033691406
div2k/0825.png/sigma_0.150,div2k,0825.png,0.15000000596046448,U-Tikhonov T16/CG32 (final),U-TGV (final),PSNR,-0.1589031219482422
div2k/0826.png/sigma_0.150,div2k,0826.png,0.15000000596046448,U-Tikhonov T16/CG32 (final),U-TGV (final),PSNR,-0.02640533447265625
div2k/0827.png/sigma_0.150,div2k,0827.png,0.15000000596046448,U-Tikhonov T16/CG32 (final),U-TGV (final),PSNR,0.05674552917480469
div2k/0828.png/sigma_0.150,div2k,0828.png,0.15000000596046448,U-Tikhonov T16/CG32 (final),U-TGV (final),PSNR,0.13320159912109375
div2k/0829.png/sigma_0.150,div2k,0829.png,0.15000000596046448,U-Tikhonov T16/CG32 (final),U-TGV (final),PSNR,-0.0280609130859375
div2k/0830.png/sigma_0.150,div2k,0830.png,0.15000000596046448,U-Tikhonov T16/CG32 (final),U-TGV (final),PSNR,0.00627899169921875
div2k/0831.png/sigma_0.150,div2k,0831.png,0.15000000596046448,U-Tikhonov T16/CG32 (final),U-TGV (final),PSNR,-0.12137413024902344
div2k/0832.png/sigma_0.150,div2k,0832.png,0.15000000596046448,U-Tikhonov T16/CG32 (final),U-TGV (final),PSNR,-0.07688331604003906
div2k/0833.png/sigma_0.150,div2k,0833.png,0.15000000596046448,U-Tikhonov T16/CG32 (final),U-TGV (final),PSNR,-0.3271942138671875
div2k/0834.png/sigma_0.150,div2k,0834.png,0.15000000596046448,U-Tikhonov T16/CG32 (final),U-TGV (final),PSNR,-0.016796112060546875
div2k/0835.png/sigma_0.150,div2k,0835.png,0.15000000596046448,U-Tikhonov T16/CG32 (final),U-TGV (final),PSNR,-0.07080078125
div2k/0836.png/sigma_0.150,div2k,0836.png,0.15000000596046448,U-Tikhonov T16/CG32 (final),U-TGV (final),PSNR,-0.16581344604492188
div2k/0837.png/sigma_0.150,div2k,0837.png,0.15000000596046448,U-Tikhonov T16/CG32 (final),U-TGV (final),PSNR,-0.09767913818359375
div2k/0838.png/sigma_0.150,div2k,0838.png,0.15000000596046448,U-Tikhonov T16/CG32 (final),U-TGV (final),PSNR,-0.2283344268798828
div2k/0839.png/sigma_0.150,div2k,0839.png,0.15000000596046448,U-Tikhonov T16/CG32 (final),U-TGV (final),PSNR,-0.0066738128662109375
div2k/0840.png/sigma_0.150,div2k,0840.png,0.15000000596046448,U-Tikhonov T16/CG32 (final),U-TGV (final),PSNR,-0.05629920959472656
div2k/0841.png/sigma_0.150,div2k,0841.png,0.15000000596046448,U-Tikhonov T16/CG32 (final),U-TGV (final),PSNR,0.015838623046875
div2k/0842.png/sigma_0.150,div2k,0842.png,0.15000000596046448,U-Tikhonov T16/CG32 (final),U-TGV (final),PSNR,-0.15405654907226562
div2k/0843.png/sigma_0.150,div2k,0843.png,0.15000000596046448,U-Tikhonov T16/CG32 (final),U-TGV (final),PSNR,0.10093307495117188
div2k/0844.png/sigma_0.150,div2k,0844.png,0.15000000596046448,U-Tikhonov T16/CG32 (final),U-TGV (final),PSNR,0.089385986328125
div2k/0845.png/sigma_0.150,div2k,0845.png,0.15000000596046448,U-Tikhonov T16/CG32 (final),U-TGV (final),PSNR,-0.08481788635253906
div2k/0846.png/sigma_0.150,div2k,0846.png,0.15000000596046448,U-Tikhonov T16/CG32 (final),U-TGV (final),PSNR,-0.0760345458984375
div2k/0847.png/sigma_0.150,div2k,0847.png,0.15000000596046448,U-Tikhonov T16/CG32 (final),U-TGV (final),PSNR,-0.10758399963378906
div2k/0848.png/sigma_0.150,div2k,0848.png,0.15000000596046448,U-Tikhonov T16/CG32 (final),U-TGV (final),PSNR,-0.17231178283691406
div2k/0849.png/sigma_0.150,div2k,0849.png,0.15000000596046448,U-Tikhonov T16/CG32 (final),U-TGV (final),PSNR,-0.009552001953125
div2k/0850.png/sigma_0.150,div2k,0850.png,0.15000000596046448,U-Tikhonov T16/CG32 (final),U-TGV (final),PSNR,-0.04229164123535156
div2k/0851.png/sigma_0.150,div2k,0851.png,0.15000000596046448,U-Tikhonov T16/CG32 (final),U-TGV (final),PSNR,0.07315444946289062
div2k/0852.png/sigma_0.150,div2k,0852.png,0.15000000596046448,U-Tikhonov T16/CG32 (final),U-TGV (final),PSNR,-0.000957489013671875
div2k/0853.png/sigma_0.150,div2k,0853.png,0.15000000596046448,U-Tikhonov T16/CG32 (final),U-TGV (final),PSNR,0.11179924011230469
div2k/0854.png/sigma_0.150,div2k,0854.png,0.15000000596046448,U-Tikhonov T16/CG32 (final),U-TGV (final),PSNR,-0.0303192138671875
div2k/0855.png/sigma_0.150,div2k,0855.png,0.15000000596046448,U-Tikhonov T16/CG32 (final),U-TGV (final),PSNR,-0.055538177490234375
div2k/0856.png/sigma_0.150,div2k,0856.png,0.15000000596046448,U-Tikhonov T16/CG32 (final),U-TGV (final),PSNR,0.05452156066894531
div2k/0857.png/sigma_0.150,div2k,0857.png,0.15000000596046448,U-Tikhonov T16/CG32 (final),U-TGV (final),PSNR,-0.06394577026367188
div2k/0858.png/sigma_0.150,div2k,0858.png,0.15000000596046448,U-Tikhonov T16/CG32 (final),U-TGV (final),PSNR,-0.017511367797851562
div2k/0859.png/sigma_0.150,div2k,0859.png,0.15000000596046448,U-Tikhonov T16/CG32 (final),U-TGV (final),PSNR,-0.05814933776855469
div2k/0860.png/sigma_0.150,div2k,0860.png,0.15000000596046448,U-Tikhonov T16/CG32 (final),U-TGV (final),PSNR,-0.08410263061523438
div2k/0861.png/sigma_0.150,div2k,0861.png,0.15000000596046448,U-Tikhonov T16/CG32 (final),U-TGV (final),PSNR,-0.04571342468261719
div2k/0862.png/sigma_0.150,div2k,0862.png,0.15000000596046448,U-Tikhonov T16/CG32 (final),U-TGV (final),PSNR,0.3319664001464844
div2k/0863.png/sigma_0.150,div2k,0863.png,0.15000000596046448,U-Tikhonov T16/CG32 (final),U-TGV (final),PSNR,-0.11668205261230469
div2k/0864.png/sigma_0.150,div2k,0864.png,0.15000000596046448,U-Tikhonov T16/CG32 (final),U-TGV (final),PSNR,-0.05845451354980469
div2k/0865.png/sigma_0.150,div2k,0865.png,0.15000000596046448,U-Tikhonov T16/CG32 (final),U-TGV (final),PSNR,-0.006927490234375
div2k/0866.png/sigma_0.150,div2k,0866.png,0.15000000596046448,U-Tikhonov T16/CG32 (final),U-TGV (final),PSNR,-0.13544273376464844
div2k/0867.png/sigma_0.150,div2k,0867.png,0.15000000596046448,U-Tikhonov T16/CG32 (final),U-TGV (final),PSNR,-0.1127166748046875
div2k/0868.png/sigma_0.150,div2k,0868.png,0.15000000596046448,U-Tikhonov T16/CG32 (final),U-TGV (final),PSNR,0.24364662170410156
div2k/0869.png/sigma_0.150,div2k,0869.png,0.15000000596046448,U-Tikhonov T16/CG32 (final),U-TGV (final),PSNR,-0.10853385925292969
div2k/0870.png/sigma_0.150,div2k,0870.png,0.15000000596046448,U-Tikhonov T16/CG32 (final),U-TGV (final),PSNR,-0.019487380981445312
div2k/0871.png/sigma_0.150,div2k,0871.png,0.15000000596046448,U-Tikhonov T16/CG32 (final),U-TGV (final),PSNR,-0.11702537536621094
div2k/0872.png/sigma_0.150,div2k,0872.png,0.15000000596046448,U-Tikhonov T16/CG32 (final),U-TGV (final),PSNR,-0.0712432861328125
div2k/0873.png/sigma_0.150,div2k,0873.png,0.15000000596046448,U-Tikhonov T16/CG32 (final),U-TGV (final),PSNR,0.014284133911132812
div2k/0874.png/sigma_0.150,div2k,0874.png,0.15000000596046448,U-Tikhonov T16/CG32 (final),U-TGV (final),PSNR,-0.03185844421386719
div2k/0875.png/sigma_0.150,div2k,0875.png,0.15000000596046448,U-Tikhonov T16/CG32 (final),U-TGV (final),PSNR,-0.08125686645507812
div2k/0876.png/sigma_0.150,div2k,0876.png,0.15000000596046448,U-Tikhonov T16/CG32 (final),U-TGV (final),PSNR,-0.07058906555175781
div2k/0877.png/sigma_0.150,div2k,0877.png,0.15000000596046448,U-Tikhonov T16/CG32 (final),U-TGV (final),PSNR,-0.015316009521484375
div2k/0878.png/sigma_0.150,div2k,0878.png,0.15000000596046448,U-Tikhonov T16/CG32 (final),U-TGV (final),PSNR,-0.09185218811035156
div2k/0879.png/sigma_0.150,div2k,0879.png,0.15000000596046448,U-Tikhonov T16/CG32 (final),U-TGV (final),PSNR,0.03145408630371094
div2k/0880.png/sigma_0.150,div2k,0880.png,0.15000000596046448,U-Tikhonov T16/CG32 (final),U-TGV (final),PSNR,0.04757118225097656
div2k/0881.png/sigma_0.150,div2k,0881.png,0.15000000596046448,U-Tikhonov T16/CG32 (final),U-TGV (final),PSNR,0.058589935302734375
div2k/0882.png/sigma_0.150,div2k,0882.png,0.15000000596046448,U-Tikhonov T16/CG32 (final),U-TGV (final),PSNR,-0.14640045166015625
div2k/0883.png/sigma_0.150,div2k,0883.png,0.15000000596046448,U-Tikhonov T16/CG32 (final),U-TGV (final),PSNR,-0.05164909362792969
div2k/0884.png/sigma_0.150,div2k,0884.png,0.15000000596046448,U-Tikhonov T16/CG32 (final),U-TGV (final),PSNR,-0.026060104370117188
div2k/0885.png/sigma_0.150,div2k,0885.png,0.15000000596046448,U-Tikhonov T16/CG32 (final),U-TGV (final),PSNR,-0.06857681274414062
div2k/0886.png/sigma_0.150,div2k,0886.png,0.15000000596046448,U-Tikhonov T16/CG32 (final),U-TGV (final),PSNR,-0.3087615966796875
div2k/0887.png/sigma_0.150,div2k,0887.png,0.15000000596046448,U-Tikhonov T16/CG32 (final),U-TGV (final),PSNR,-0.05120849609375
div2k/0888.png/sigma_0.150,div2k,0888.png,0.15000000596046448,U-Tikhonov T16/CG32 (final),U-TGV (final),PSNR,-0.171234130859375
div2k/0889.png/sigma_0.150,div2k,0889.png,0.15000000596046448,U-Tikhonov T16/CG32 (final),U-TGV (final),PSNR,-0.09881782531738281
div2k/0890.png/sigma_0.150,div2k,0890.png,0.15000000596046448,U-Tikhonov T16/CG32 (final),U-TGV (final),PSNR,0.24341583251953125
div2k/0891.png/sigma_0.150,div2k,0891.png,0.15000000596046448,U-Tikhonov T16/CG32 (final),U-TGV (final),PSNR,-0.09299087524414062
div2k/0892.png/sigma_0.150,div2k,0892.png,0.15000000596046448,U-Tikhonov T16/CG32 (final),U-TGV (final),PSNR,-0.021020889282226562
div2k/0893.png/sigma_0.150,div2k,0893.png,0.15000000596046448,U-Tikhonov T16/CG32 (final),U-TGV (final),PSNR,0.0002613067626953125
div2k/0894.png/sigma_0.150,div2k,0894.png,0.15000000596046448,U-Tikhonov T16/CG32 (final),U-TGV (final),PSNR,0.0800323486328125
div2k/0895.png/sigma_0.150,div2k,0895.png,0.15000000596046448,U-Tikhonov T16/CG32 (final),U-TGV (final),PSNR,0.014766693115234375
div2k/0896.png/sigma_0.150,div2k,0896.png,0.15000000596046448,U-Tikhonov T16/CG32 (final),U-TGV (final),PSNR,-0.10052108764648438
div2k/0897.png/sigma_0.150,div2k,0897.png,0.15000000596046448,U-Tikhonov T16/CG32 (final),U-TGV (final),PSNR,-0.20383453369140625
div2k/0898.png/sigma_0.150,div2k,0898.png,0.15000000596046448,U-Tikhonov T16/CG32 (final),U-TGV (final),PSNR,0.2768421173095703
div2k/0899.png/sigma_0.150,div2k,0899.png,0.15000000596046448,U-Tikhonov T16/CG32 (final),U-TGV (final),PSNR,-0.07825088500976562
div2k/0900.png/sigma_0.150,div2k,0900.png,0.15000000596046448,U-Tikhonov T16/CG32 (final),U-TGV (final),PSNR,-0.24678611755371094
div2k/0801.png/sigma_0.150,div2k,0801.png,0.15000000596046448,U-Tikhonov T16/CG32 (final),U-TGV (final),SSIM,-0.005617856979370117
div2k/0802.png/sigma_0.150,div2k,0802.png,0.15000000596046448,U-Tikhonov T16/CG32 (final),U-TGV (final),SSIM,-0.012959599494934082
div2k/0803.png/sigma_0.150,div2k,0803.png,0.15000000596046448,U-Tikhonov T16/CG32 (final),U-TGV (final),SSIM,-0.006128907203674316
div2k/0804.png/sigma_0.150,div2k,0804.png,0.15000000596046448,U-Tikhonov T16/CG32 (final),U-TGV (final),SSIM,-0.0027850866317749023
div2k/0805.png/sigma_0.150,div2k,0805.png,0.15000000596046448,U-Tikhonov T16/CG32 (final),U-TGV (final),SSIM,-0.01005256175994873
div2k/0806.png/sigma_0.150,div2k,0806.png,0.15000000596046448,U-Tikhonov T16/CG32 (final),U-TGV (final),SSIM,0.0007568001747131348
div2k/0807.png/sigma_0.150,div2k,0807.png,0.15000000596046448,U-Tikhonov T16/CG32 (final),U-TGV (final),SSIM,-0.0026450753211975098
div2k/0808.png/sigma_0.150,div2k,0808.png,0.15000000596046448,U-Tikhonov T16/CG32 (final),U-TGV (final),SSIM,0.01640784740447998
div2k/0809.png/sigma_0.150,div2k,0809.png,0.15000000596046448,U-Tikhonov T16/CG32 (final),U-TGV (final),SSIM,-0.006517529487609863
div2k/0810.png/sigma_0.150,div2k,0810.png,0.15000000596046448,U-Tikhonov T16/CG32 (final),U-TGV (final),SSIM,-0.008411109447479248
div2k/0811.png/sigma_0.150,div2k,0811.png,0.15000000596046448,U-Tikhonov T16/CG32 (final),U-TGV (final),SSIM,-0.01198720932006836
div2k/0812.png/sigma_0.150,div2k,0812.png,0.15000000596046448,U-Tikhonov T16/CG32 (final),U-TGV (final),SSIM,0.004342973232269287
div2k/0813.png/sigma_0.150,div2k,0813.png,0.15000000596046448,U-Tikhonov T16/CG32 (final),U-TGV (final),SSIM,-0.0035161375999450684
div2k/0814.png/sigma_0.150,div2k,0814.png,0.15000000596046448,U-Tikhonov T16/CG32 (final),U-TGV (final),SSIM,0.04178977012634277
div2k/0815.png/sigma_0.150,div2k,0815.png,0.15000000596046448,U-Tikhonov T16/CG32 (final),U-TGV (final),SSIM,-0.008707404136657715
div2k/0816.png/sigma_0.150,div2k,0816.png,0.15000000596046448,U-Tikhonov T16/CG32 (final),U-TGV (final),SSIM,0.0021411776542663574
div2k/0817.png/sigma_0.150,div2k,0817.png,0.15000000596046448,U-Tikhonov T16/CG32 (final),U-TGV (final),SSIM,0.010190963745117188
div2k/0818.png/sigma_0.150,div2k,0818.png,0.15000000596046448,U-Tikhonov T16/CG32 (final),U-TGV (final),SSIM,-0.001963019371032715
div2k/0819.png/sigma_0.150,div2k,0819.png,0.15000000596046448,U-Tikhonov T16/CG32 (final),U-TGV (final),SSIM,-0.007754206657409668
div2k/0820.png/sigma_0.150,div2k,0820.png,0.15000000596046448,U-Tikhonov T16/CG32 (final),U-TGV (final),SSIM,-0.0075685977935791016
div2k/0821.png/sigma_0.150,div2k,0821.png,0.15000000596046448,U-Tikhonov T16/CG32 (final),U-TGV (final),SSIM,0.0014782547950744629
div2k/0822.png/sigma_0.150,div2k,0822.png,0.15000000596046448,U-Tikhonov T16/CG32 (final),U-TGV (final),SSIM,-0.007390618324279785
div2k/0823.png/sigma_0.150,div2k,0823.png,0.15000000596046448,U-Tikhonov T16/CG32 (final),U-TGV (final),SSIM,0.021684110164642334
div2k/0824.png/sigma_0.150,div2k,0824.png,0.15000000596046448,U-Tikhonov T16/CG32 (final),U-TGV (final),SSIM,0.001384437084197998
div2k/0825.png/sigma_0.150,div2k,0825.png,0.15000000596046448,U-Tikhonov T16/CG32 (final),U-TGV (final),SSIM,-0.005194544792175293
div2k/0826.png/sigma_0.150,div2k,0826.png,0.15000000596046448,U-Tikhonov T16/CG32 (final),U-TGV (final),SSIM,0.011259138584136963
div2k/0827.png/sigma_0.150,div2k,0827.png,0.15000000596046448,U-Tikhonov T16/CG32 (final),U-TGV (final),SSIM,0.001116037368774414
div2k/0828.png/sigma_0.150,div2k,0828.png,0.15000000596046448,U-Tikhonov T16/CG32 (final),U-TGV (final),SSIM,0.010487616062164307
div2k/0829.png/sigma_0.150,div2k,0829.png,0.15000000596046448,U-Tikhonov T16/CG32 (final),U-TGV (final),SSIM,0.00261080265045166
div2k/0830.png/sigma_0.150,div2k,0830.png,0.15000000596046448,U-Tikhonov T16/CG32 (final),U-TGV (final),SSIM,0.004731357097625732
div2k/0831.png/sigma_0.150,div2k,0831.png,0.15000000596046448,U-Tikhonov T16/CG32 (final),U-TGV (final),SSIM,-0.006528258323669434
div2k/0832.png/sigma_0.150,div2k,0832.png,0.15000000596046448,U-Tikhonov T16/CG32 (final),U-TGV (final),SSIM,-0.005485117435455322
div2k/0833.png/sigma_0.150,div2k,0833.png,0.15000000596046448,U-Tikhonov T16/CG32 (final),U-TGV (final),SSIM,0.01787877082824707
div2k/0834.png/sigma_0.150,div2k,0834.png,0.15000000596046448,U-Tikhonov T16/CG32 (final),U-TGV (final),SSIM,0.0007126331329345703
div2k/0835.png/sigma_0.150,div2k,0835.png,0.15000000596046448,U-Tikhonov T16/CG32 (final),U-TGV (final),SSIM,-0.007815718650817871
div2k/0836.png/sigma_0.150,div2k,0836.png,0.15000000596046448,U-Tikhonov T16/CG32 (final),U-TGV (final),SSIM,0.0007930994033813477
div2k/0837.png/sigma_0.150,div2k,0837.png,0.15000000596046448,U-Tikhonov T16/CG32 (final),U-TGV (final),SSIM,-0.0077724456787109375
div2k/0838.png/sigma_0.150,div2k,0838.png,0.15000000596046448,U-Tikhonov T16/CG32 (final),U-TGV (final),SSIM,0.0015708208084106445
div2k/0839.png/sigma_0.150,div2k,0839.png,0.15000000596046448,U-Tikhonov T16/CG32 (final),U-TGV (final),SSIM,-0.002508401870727539
div2k/0840.png/sigma_0.150,div2k,0840.png,0.15000000596046448,U-Tikhonov T16/CG32 (final),U-TGV (final),SSIM,-0.007675468921661377
div2k/0841.png/sigma_0.150,div2k,0841.png,0.15000000596046448,U-Tikhonov T16/CG32 (final),U-TGV (final),SSIM,0.0014157295227050781
div2k/0842.png/sigma_0.150,div2k,0842.png,0.15000000596046448,U-Tikhonov T16/CG32 (final),U-TGV (final),SSIM,-0.008607983589172363
div2k/0843.png/sigma_0.150,div2k,0843.png,0.15000000596046448,U-Tikhonov T16/CG32 (final),U-TGV (final),SSIM,0.03565448522567749
div2k/0844.png/sigma_0.150,div2k,0844.png,0.15000000596046448,U-Tikhonov T16/CG32 (final),U-TGV (final),SSIM,0.007580280303955078
div2k/0845.png/sigma_0.150,div2k,0845.png,0.15000000596046448,U-Tikhonov T16/CG32 (final),U-TGV (final),SSIM,0.00015854835510253906
div2k/0846.png/sigma_0.150,div2k,0846.png,0.15000000596046448,U-Tikhonov T16/CG32 (final),U-TGV (final),SSIM,0.0009210109710693359
div2k/0847.png/sigma_0.150,div2k,0847.png,0.15000000596046448,U-Tikhonov T16/CG32 (final),U-TGV (final),SSIM,-0.0012513995170593262
div2k/0848.png/sigma_0.150,div2k,0848.png,0.15000000596046448,U-Tikhonov T16/CG32 (final),U-TGV (final),SSIM,-0.005103111267089844
div2k/0849.png/sigma_0.150,div2k,0849.png,0.15000000596046448,U-Tikhonov T16/CG32 (final),U-TGV (final),SSIM,-0.003817141056060791
div2k/0850.png/sigma_0.150,div2k,0850.png,0.15000000596046448,U-Tikhonov T16/CG32 (final),U-TGV (final),SSIM,-0.004675388336181641
div2k/0851.png/sigma_0.150,div2k,0851.png,0.15000000596046448,U-Tikhonov T16/CG32 (final),U-TGV (final),SSIM,0.03018009662628174
div2k/0852.png/sigma_0.150,div2k,0852.png,0.15000000596046448,U-Tikhonov T16/CG32 (final),U-TGV (final),SSIM,-0.004671871662139893
div2k/0853.png/sigma_0.150,div2k,0853.png,0.15000000596046448,U-Tikhonov T16/CG32 (final),U-TGV (final),SSIM,0.019989609718322754
div2k/0854.png/sigma_0.150,div2k,0854.png,0.15000000596046448,U-Tikhonov T16/CG32 (final),U-TGV (final),SSIM,0.012286067008972168
div2k/0855.png/sigma_0.150,div2k,0855.png,0.15000000596046448,U-Tikhonov T16/CG32 (final),U-TGV (final),SSIM,-0.005486011505126953
div2k/0856.png/sigma_0.150,div2k,0856.png,0.15000000596046448,U-Tikhonov T16/CG32 (final),U-TGV (final),SSIM,-0.0055130720138549805
div2k/0857.png/sigma_0.150,div2k,0857.png,0.15000000596046448,U-Tikhonov T16/CG32 (final),U-TGV (final),SSIM,-0.0005146265029907227
div2k/0858.png/sigma_0.150,div2k,0858.png,0.15000000596046448,U-Tikhonov T16/CG32 (final),U-TGV (final),SSIM,-0.007029056549072266
div2k/0859.png/sigma_0.150,div2k,0859.png,0.15000000596046448,U-Tikhonov T16/CG32 (final),U-TGV (final),SSIM,-0.007964015007019043
div2k/0860.png/sigma_0.150,div2k,0860.png,0.15000000596046448,U-Tikhonov T16/CG32 (final),U-TGV (final),SSIM,-0.010710954666137695
div2k/0861.png/sigma_0.150,div2k,0861.png,0.15000000596046448,U-Tikhonov T16/CG32 (final),U-TGV (final),SSIM,-0.0024619698524475098
div2k/0862.png/sigma_0.150,div2k,0862.png,0.15000000596046448,U-Tikhonov T16/CG32 (final),U-TGV (final),SSIM,0.023864924907684326
div2k/0863.png/sigma_0.150,div2k,0863.png,0.15000000596046448,U-Tikhonov T16/CG32 (final),U-TGV (final),SSIM,0.009086668491363525
div2k/0864.png/sigma_0.150,div2k,0864.png,0.15000000596046448,U-Tikhonov T16/CG32 (final),U-TGV (final),SSIM,-0.007518887519836426
div2k/0865.png/sigma_0.150,div2k,0865.png,0.15000000596046448,U-Tikhonov T16/CG32 (final),U-TGV (final),SSIM,-0.0008014440536499023
div2k/0866.png/sigma_0.150,div2k,0866.png,0.15000000596046448,U-Tikhonov T16/CG32 (final),U-TGV (final),SSIM,-0.006397664546966553
div2k/0867.png/sigma_0.150,div2k,0867.png,0.15000000596046448,U-Tikhonov T16/CG32 (final),U-TGV (final),SSIM,-0.006586551666259766
div2k/0868.png/sigma_0.150,div2k,0868.png,0.15000000596046448,U-Tikhonov T16/CG32 (final),U-TGV (final),SSIM,0.04587876796722412
div2k/0869.png/sigma_0.150,div2k,0869.png,0.15000000596046448,U-Tikhonov T16/CG32 (final),U-TGV (final),SSIM,0.005821108818054199
div2k/0870.png/sigma_0.150,div2k,0870.png,0.15000000596046448,U-Tikhonov T16/CG32 (final),U-TGV (final),SSIM,-0.0073108673095703125
div2k/0871.png/sigma_0.150,div2k,0871.png,0.15000000596046448,U-Tikhonov T16/CG32 (final),U-TGV (final),SSIM,-0.00578618049621582
div2k/0872.png/sigma_0.150,div2k,0872.png,0.15000000596046448,U-Tikhonov T16/CG32 (final),U-TGV (final),SSIM,-0.005577683448791504
div2k/0873.png/sigma_0.150,div2k,0873.png,0.15000000596046448,U-Tikhonov T16/CG32 (final),U-TGV (final),SSIM,0.0038811564445495605
div2k/0874.png/sigma_0.150,div2k,0874.png,0.15000000596046448,U-Tikhonov T16/CG32 (final),U-TGV (final),SSIM,-0.009434640407562256
div2k/0875.png/sigma_0.150,div2k,0875.png,0.15000000596046448,U-Tikhonov T16/CG32 (final),U-TGV (final),SSIM,-0.0059500932693481445
div2k/0876.png/sigma_0.150,div2k,0876.png,0.15000000596046448,U-Tikhonov T16/CG32 (final),U-TGV (final),SSIM,-0.007889747619628906
div2k/0877.png/sigma_0.150,div2k,0877.png,0.15000000596046448,U-Tikhonov T16/CG32 (final),U-TGV (final),SSIM,-0.001887500286102295
div2k/0878.png/sigma_0.150,div2k,0878.png,0.15000000596046448,U-Tikhonov T16/CG32 (final),U-TGV (final),SSIM,-0.005641818046569824
div2k/0879.png/sigma_0.150,div2k,0879.png,0.15000000596046448,U-Tikhonov T16/CG32 (final),U-TGV (final),SSIM,0.0317569375038147
div2k/0880.png/sigma_0.150,div2k,0880.png,0.15000000596046448,U-Tikhonov T16/CG32 (final),U-TGV (final),SSIM,0.026796996593475342
div2k/0881.png/sigma_0.150,div2k,0881.png,0.15000000596046448,U-Tikhonov T16/CG32 (final),U-TGV (final),SSIM,0.004664897918701172
div2k/0882.png/sigma_0.150,div2k,0882.png,0.15000000596046448,U-Tikhonov T16/CG32 (final),U-TGV (final),SSIM,-0.0024561285972595215
div2k/0883.png/sigma_0.150,div2k,0883.png,0.15000000596046448,U-Tikhonov T16/CG32 (final),U-TGV (final),SSIM,0.0005186200141906738
div2k/0884.png/sigma_0.150,div2k,0884.png,0.15000000596046448,U-Tikhonov T16/CG32 (final),U-TGV (final),SSIM,-0.005386829376220703
div2k/0885.png/sigma_0.150,div2k,0885.png,0.15000000596046448,U-Tikhonov T16/CG32 (final),U-TGV (final),SSIM,-0.0094146728515625
div2k/0886.png/sigma_0.150,div2k,0886.png,0.15000000596046448,U-Tikhonov T16/CG32 (final),U-TGV (final),SSIM,-0.011925458908081055
div2k/0887.png/sigma_0.150,div2k,0887.png,0.15000000596046448,U-Tikhonov T16/CG32 (final),U-TGV (final),SSIM,0.00711435079574585
div2k/0888.png/sigma_0.150,div2k,0888.png,0.15000000596046448,U-Tikhonov T16/CG32 (final),U-TGV (final),SSIM,-0.006589412689208984
div2k/0889.png/sigma_0.150,div2k,0889.png,0.15000000596046448,U-Tikhonov T16/CG32 (final),U-TGV (final),SSIM,-0.004918575286865234
div2k/0890.png/sigma_0.150,div2k,0890.png,0.15000000596046448,U-Tikhonov T16/CG32 (final),U-TGV (final),SSIM,0.03403204679489136
div2k/0891.png/sigma_0.150,div2k,0891.png,0.15000000596046448,U-Tikhonov T16/CG32 (final),U-TGV (final),SSIM,-0.004882633686065674
div2k/0892.png/sigma_0.150,div2k,0892.png,0.15000000596046448,U-Tikhonov T16/CG32 (final),U-TGV (final),SSIM,-0.005819499492645264
div2k/0893.png/sigma_0.150,div2k,0893.png,0.15000000596046448,U-Tikhonov T16/CG32 (final),U-TGV (final),SSIM,0.0013055205345153809
div2k/0894.png/sigma_0.150,div2k,0894.png,0.15000000596046448,U-Tikhonov T16/CG32 (final),U-TGV (final),SSIM,0.004230916500091553
div2k/0895.png/sigma_0.150,div2k,0895.png,0.15000000596046448,U-Tikhonov T16/CG32 (final),U-TGV (final),SSIM,-0.00787806510925293
div2k/0896.png/sigma_0.150,div2k,0896.png,0.15000000596046448,U-Tikhonov T16/CG32 (final),U-TGV (final),SSIM,0.025534749031066895
div2k/0897.png/sigma_0.150,div2k,0897.png,0.15000000596046448,U-Tikhonov T16/CG32 (final),U-TGV (final),SSIM,0.008597850799560547
div2k/0898.png/sigma_0.150,div2k,0898.png,0.15000000596046448,U-Tikhonov T16/CG32 (final),U-TGV (final),SSIM,0.05528581142425537
div2k/0899.png/sigma_0.150,div2k,0899.png,0.15000000596046448,U-Tikhonov T16/CG32 (final),U-TGV (final),SSIM,-0.008990168571472168
div2k/0900.png/sigma_0.150,div2k,0900.png,0.15000000596046448,U-Tikhonov T16/CG32 (final),U-TGV (final),SSIM,-0.011321425437927246
div2k/0801.png/sigma_0.200,div2k,0801.png,0.20000000298023224,U-Tikhonov T16/CG32 (final),U-TV (final),PSNR,0.1186981201171875
div2k/0802.png/sigma_0.200,div2k,0802.png,0.20000000298023224,U-Tikhonov T16/CG32 (final),U-TV (final),PSNR,0.1570892333984375
div2k/0803.png/sigma_0.200,div2k,0803.png,0.20000000298023224,U-Tikhonov T16/CG32 (final),U-TV (final),PSNR,0.18981361389160156
div2k/0804.png/sigma_0.200,div2k,0804.png,0.20000000298023224,U-Tikhonov T16/CG32 (final),U-TV (final),PSNR,0.15117454528808594
div2k/0805.png/sigma_0.200,div2k,0805.png,0.20000000298023224,U-Tikhonov T16/CG32 (final),U-TV (final),PSNR,0.14085006713867188
div2k/0806.png/sigma_0.200,div2k,0806.png,0.20000000298023224,U-Tikhonov T16/CG32 (final),U-TV (final),PSNR,0.1647968292236328
div2k/0807.png/sigma_0.200,div2k,0807.png,0.20000000298023224,U-Tikhonov T16/CG32 (final),U-TV (final),PSNR,0.10764884948730469
div2k/0808.png/sigma_0.200,div2k,0808.png,0.20000000298023224,U-Tikhonov T16/CG32 (final),U-TV (final),PSNR,0.17076492309570312
div2k/0809.png/sigma_0.200,div2k,0809.png,0.20000000298023224,U-Tikhonov T16/CG32 (final),U-TV (final),PSNR,0.10245323181152344
div2k/0810.png/sigma_0.200,div2k,0810.png,0.20000000298023224,U-Tikhonov T16/CG32 (final),U-TV (final),PSNR,0.13176345825195312
div2k/0811.png/sigma_0.200,div2k,0811.png,0.20000000298023224,U-Tikhonov T16/CG32 (final),U-TV (final),PSNR,0.07830810546875
div2k/0812.png/sigma_0.200,div2k,0812.png,0.20000000298023224,U-Tikhonov T16/CG32 (final),U-TV (final),PSNR,0.08108329772949219
div2k/0813.png/sigma_0.200,div2k,0813.png,0.20000000298023224,U-Tikhonov T16/CG32 (final),U-TV (final),PSNR,0.11146354675292969
div2k/0814.png/sigma_0.200,div2k,0814.png,0.20000000298023224,U-Tikhonov T16/CG32 (final),U-TV (final),PSNR,0.08568191528320312
div2k/0815.png/sigma_0.200,div2k,0815.png,0.20000000298023224,U-Tikhonov T16/CG32 (final),U-TV (final),PSNR,0.18156051635742188
div2k/0816.png/sigma_0.200,div2k,0816.png,0.20000000298023224,U-Tikhonov T16/CG32 (final),U-TV (final),PSNR,0.11385154724121094
div2k/0817.png/sigma_0.200,div2k,0817.png,0.20000000298023224,U-Tikhonov T16/CG32 (final),U-TV (final),PSNR,0.12062644958496094
div2k/0818.png/sigma_0.200,div2k,0818.png,0.20000000298023224,U-Tikhonov T16/CG32 (final),U-TV (final),PSNR,0.15643692016601562
div2k/0819.png/sigma_0.200,div2k,0819.png,0.20000000298023224,U-Tikhonov T16/CG32 (final),U-TV (final),PSNR,0.13272857666015625
div2k/0820.png/sigma_0.200,div2k,0820.png,0.20000000298023224,U-Tikhonov T16/CG32 (final),U-TV (final),PSNR,0.2053241729736328
div2k/0821.png/sigma_0.200,div2k,0821.png,0.20000000298023224,U-Tikhonov T16/CG32 (final),U-TV (final),PSNR,0.31982994079589844
div2k/0822.png/sigma_0.200,div2k,0822.png,0.20000000298023224,U-Tikhonov T16/CG32 (final),U-TV (final),PSNR,0.12853050231933594
div2k/0823.png/sigma_0.200,div2k,0823.png,0.20000000298023224,U-Tikhonov T16/CG32 (final),U-TV (final),PSNR,0.09691619873046875
div2k/0824.png/sigma_0.200,div2k,0824.png,0.20000000298023224,U-Tikhonov T16/CG32 (final),U-TV (final),PSNR,0.18819236755371094
div2k/0825.png/sigma_0.200,div2k,0825.png,0.20000000298023224,U-Tikhonov T16/CG32 (final),U-TV (final),PSNR,0.13187789916992188
div2k/0826.png/sigma_0.200,div2k,0826.png,0.20000000298023224,U-Tikhonov T16/CG32 (final),U-TV (final),PSNR,0.1533660888671875
div2k/0827.png/sigma_0.200,div2k,0827.png,0.20000000298023224,U-Tikhonov T16/CG32 (final),U-TV (final),PSNR,0.09292411804199219
div2k/0828.png/sigma_0.200,div2k,0828.png,0.20000000298023224,U-Tikhonov T16/CG32 (final),U-TV (final),PSNR,0.08156585693359375
div2k/0829.png/sigma_0.200,div2k,0829.png,0.20000000298023224,U-Tikhonov T16/CG32 (final),U-TV (final),PSNR,0.13479995727539062
div2k/0830.png/sigma_0.200,div2k,0830.png,0.20000000298023224,U-Tikhonov T16/CG32 (final),U-TV (final),PSNR,0.052768707275390625
div2k/0831.png/sigma_0.200,div2k,0831.png,0.20000000298023224,U-Tikhonov T16/CG32 (final),U-TV (final),PSNR,0.1378002166748047
div2k/0832.png/sigma_0.200,div2k,0832.png,0.20000000298023224,U-Tikhonov T16/CG32 (final),U-TV (final),PSNR,0.1637420654296875
div2k/0833.png/sigma_0.200,div2k,0833.png,0.20000000298023224,U-Tikhonov T16/CG32 (final),U-TV (final),PSNR,0.07177162170410156
div2k/0834.png/sigma_0.200,div2k,0834.png,0.20000000298023224,U-Tikhonov T16/CG32 (final),U-TV (final),PSNR,0.11689567565917969
div2k/0835.png/sigma_0.200,div2k,0835.png,0.20000000298023224,U-Tikhonov T16/CG32 (final),U-TV (final),PSNR,0.13397216796875
div2k/0836.png/sigma_0.200,div2k,0836.png,0.20000000298023224,U-Tikhonov T16/CG32 (final),U-TV (final),PSNR,0.0289154052734375
div2k/0837.png/sigma_0.200,div2k,0837.png,0.20000000298023224,U-Tikhonov T16/CG32 (final),U-TV (final),PSNR,0.1567096710205078
div2k/0838.png/sigma_0.200,div2k,0838.png,0.20000000298023224,U-Tikhonov T16/CG32 (final),U-TV (final),PSNR,0.23224258422851562
div2k/0839.png/sigma_0.200,div2k,0839.png,0.20000000298023224,U-Tikhonov T16/CG32 (final),U-TV (final),PSNR,0.11537933349609375
div2k/0840.png/sigma_0.200,div2k,0840.png,0.20000000298023224,U-Tikhonov T16/CG32 (final),U-TV (final),PSNR,0.12350845336914062
div2k/0841.png/sigma_0.200,div2k,0841.png,0.20000000298023224,U-Tikhonov T16/CG32 (final),U-TV (final),PSNR,0.11227035522460938
div2k/0842.png/sigma_0.200,div2k,0842.png,0.20000000298023224,U-Tikhonov T16/CG32 (final),U-TV (final),PSNR,0.1732311248779297
div2k/0843.png/sigma_0.200,div2k,0843.png,0.20000000298023224,U-Tikhonov T16/CG32 (final),U-TV (final),PSNR,0.06294059753417969
div2k/0844.png/sigma_0.200,div2k,0844.png,0.20000000298023224,U-Tikhonov T16/CG32 (final),U-TV (final),PSNR,0.04445838928222656
div2k/0845.png/sigma_0.200,div2k,0845.png,0.20000000298023224,U-Tikhonov T16/CG32 (final),U-TV (final),PSNR,0.053192138671875
div2k/0846.png/sigma_0.200,div2k,0846.png,0.20000000298023224,U-Tikhonov T16/CG32 (final),U-TV (final),PSNR,0.0764007568359375
div2k/0847.png/sigma_0.200,div2k,0847.png,0.20000000298023224,U-Tikhonov T16/CG32 (final),U-TV (final),PSNR,0.15896987915039062
div2k/0848.png/sigma_0.200,div2k,0848.png,0.20000000298023224,U-Tikhonov T16/CG32 (final),U-TV (final),PSNR,0.10618972778320312
div2k/0849.png/sigma_0.200,div2k,0849.png,0.20000000298023224,U-Tikhonov T16/CG32 (final),U-TV (final),PSNR,0.26645851135253906
div2k/0850.png/sigma_0.200,div2k,0850.png,0.20000000298023224,U-Tikhonov T16/CG32 (final),U-TV (final),PSNR,0.13599014282226562
div2k/0851.png/sigma_0.200,div2k,0851.png,0.20000000298023224,U-Tikhonov T16/CG32 (final),U-TV (final),PSNR,0.23053932189941406
div2k/0852.png/sigma_0.200,div2k,0852.png,0.20000000298023224,U-Tikhonov T16/CG32 (final),U-TV (final),PSNR,0.028812408447265625
div2k/0853.png/sigma_0.200,div2k,0853.png,0.20000000298023224,U-Tikhonov T16/CG32 (final),U-TV (final),PSNR,0.1348552703857422
div2k/0854.png/sigma_0.200,div2k,0854.png,0.20000000298023224,U-Tikhonov T16/CG32 (final),U-TV (final),PSNR,0.13193893432617188
div2k/0855.png/sigma_0.200,div2k,0855.png,0.20000000298023224,U-Tikhonov T16/CG32 (final),U-TV (final),PSNR,0.09949111938476562
div2k/0856.png/sigma_0.200,div2k,0856.png,0.20000000298023224,U-Tikhonov T16/CG32 (final),U-TV (final),PSNR,0.06497383117675781
div2k/0857.png/sigma_0.200,div2k,0857.png,0.20000000298023224,U-Tikhonov T16/CG32 (final),U-TV (final),PSNR,0.2553234100341797
div2k/0858.png/sigma_0.200,div2k,0858.png,0.20000000298023224,U-Tikhonov T16/CG32 (final),U-TV (final),PSNR,0.1013031005859375
div2k/0859.png/sigma_0.200,div2k,0859.png,0.20000000298023224,U-Tikhonov T16/CG32 (final),U-TV (final),PSNR,0.09247207641601562
div2k/0860.png/sigma_0.200,div2k,0860.png,0.20000000298023224,U-Tikhonov T16/CG32 (final),U-TV (final),PSNR,0.11092567443847656
div2k/0861.png/sigma_0.200,div2k,0861.png,0.20000000298023224,U-Tikhonov T16/CG32 (final),U-TV (final),PSNR,0.11730575561523438
div2k/0862.png/sigma_0.200,div2k,0862.png,0.20000000298023224,U-Tikhonov T16/CG32 (final),U-TV (final),PSNR,0.11647224426269531
div2k/0863.png/sigma_0.200,div2k,0863.png,0.20000000298023224,U-Tikhonov T16/CG32 (final),U-TV (final),PSNR,0.05488395690917969
div2k/0864.png/sigma_0.200,div2k,0864.png,0.20000000298023224,U-Tikhonov T16/CG32 (final),U-TV (final),PSNR,0.11228561401367188
div2k/0865.png/sigma_0.200,div2k,0865.png,0.20000000298023224,U-Tikhonov T16/CG32 (final),U-TV (final),PSNR,0.13143348693847656
div2k/0866.png/sigma_0.200,div2k,0866.png,0.20000000298023224,U-Tikhonov T16/CG32 (final),U-TV (final),PSNR,0.1625995635986328
div2k/0867.png/sigma_0.200,div2k,0867.png,0.20000000298023224,U-Tikhonov T16/CG32 (final),U-TV (final),PSNR,0.0843048095703125
div2k/0868.png/sigma_0.200,div2k,0868.png,0.20000000298023224,U-Tikhonov T16/CG32 (final),U-TV (final),PSNR,0.09710884094238281
div2k/0869.png/sigma_0.200,div2k,0869.png,0.20000000298023224,U-Tikhonov T16/CG32 (final),U-TV (final),PSNR,0.07275009155273438
div2k/0870.png/sigma_0.200,div2k,0870.png,0.20000000298023224,U-Tikhonov T16/CG32 (final),U-TV (final),PSNR,0.15584182739257812
div2k/0871.png/sigma_0.200,div2k,0871.png,0.20000000298023224,U-Tikhonov T16/CG32 (final),U-TV (final),PSNR,0.15087127685546875
div2k/0872.png/sigma_0.200,div2k,0872.png,0.20000000298023224,U-Tikhonov T16/CG32 (final),U-TV (final),PSNR,0.13256263732910156
div2k/0873.png/sigma_0.200,div2k,0873.png,0.20000000298023224,U-Tikhonov T16/CG32 (final),U-TV (final),PSNR,0.09793853759765625
div2k/0874.png/sigma_0.200,div2k,0874.png,0.20000000298023224,U-Tikhonov T16/CG32 (final),U-TV (final),PSNR,0.07856369018554688
div2k/0875.png/sigma_0.200,div2k,0875.png,0.20000000298023224,U-Tikhonov T16/CG32 (final),U-TV (final),PSNR,0.07251739501953125
div2k/0876.png/sigma_0.200,div2k,0876.png,0.20000000298023224,U-Tikhonov T16/CG32 (final),U-TV (final),PSNR,0.10643768310546875
div2k/0877.png/sigma_0.200,div2k,0877.png,0.20000000298023224,U-Tikhonov T16/CG32 (final),U-TV (final),PSNR,0.15750885009765625
div2k/0878.png/sigma_0.200,div2k,0878.png,0.20000000298023224,U-Tikhonov T16/CG32 (final),U-TV (final),PSNR,0.1258697509765625
div2k/0879.png/sigma_0.200,div2k,0879.png,0.20000000298023224,U-Tikhonov T16/CG32 (final),U-TV (final),PSNR,0.13973045349121094
div2k/0880.png/sigma_0.200,div2k,0880.png,0.20000000298023224,U-Tikhonov T16/CG32 (final),U-TV (final),PSNR,0.0966644287109375
div2k/0881.png/sigma_0.200,div2k,0881.png,0.20000000298023224,U-Tikhonov T16/CG32 (final),U-TV (final),PSNR,0.1841583251953125
div2k/0882.png/sigma_0.200,div2k,0882.png,0.20000000298023224,U-Tikhonov T16/CG32 (final),U-TV (final),PSNR,0.2461223602294922
div2k/0883.png/sigma_0.200,div2k,0883.png,0.20000000298023224,U-Tikhonov T16/CG32 (final),U-TV (final),PSNR,0.13629531860351562
div2k/0884.png/sigma_0.200,div2k,0884.png,0.20000000298023224,U-Tikhonov T16/CG32 (final),U-TV (final),PSNR,0.178497314453125
div2k/0885.png/sigma_0.200,div2k,0885.png,0.20000000298023224,U-Tikhonov T16/CG32 (final),U-TV (final),PSNR,0.057926177978515625
div2k/0886.png/sigma_0.200,div2k,0886.png,0.20000000298023224,U-Tikhonov T16/CG32 (final),U-TV (final),PSNR,0.11934471130371094
div2k/0887.png/sigma_0.200,div2k,0887.png,0.20000000298023224,U-Tikhonov T16/CG32 (final),U-TV (final),PSNR,0.14667510986328125
div2k/0888.png/sigma_0.200,div2k,0888.png,0.20000000298023224,U-Tikhonov T16/CG32 (final),U-TV (final),PSNR,0.18182373046875
div2k/0889.png/sigma_0.200,div2k,0889.png,0.20000000298023224,U-Tikhonov T16/CG32 (final),U-TV (final),PSNR,0.18153762817382812
div2k/0890.png/sigma_0.200,div2k,0890.png,0.20000000298023224,U-Tikhonov T16/CG32 (final),U-TV (final),PSNR,0.11969757080078125
div2k/0891.png/sigma_0.200,div2k,0891.png,0.20000000298023224,U-Tikhonov T16/CG32 (final),U-TV (final),PSNR,0.16423416137695312
div2k/0892.png/sigma_0.200,div2k,0892.png,0.20000000298023224,U-Tikhonov T16/CG32 (final),U-TV (final),PSNR,0.30661964416503906
div2k/0893.png/sigma_0.200,div2k,0893.png,0.20000000298023224,U-Tikhonov T16/CG32 (final),U-TV (final),PSNR,0.1427326202392578
div2k/0894.png/sigma_0.200,div2k,0894.png,0.20000000298023224,U-Tikhonov T16/CG32 (final),U-TV (final),PSNR,0.09697723388671875
div2k/0895.png/sigma_0.200,div2k,0895.png,0.20000000298023224,U-Tikhonov T16/CG32 (final),U-TV (final),PSNR,0.09953880310058594
div2k/0896.png/sigma_0.200,div2k,0896.png,0.20000000298023224,U-Tikhonov T16/CG32 (final),U-TV (final),PSNR,0.016279220581054688
div2k/0897.png/sigma_0.200,div2k,0897.png,0.20000000298023224,U-Tikhonov T16/CG32 (final),U-TV (final),PSNR,0.27616310119628906
div2k/0898.png/sigma_0.200,div2k,0898.png,0.20000000298023224,U-Tikhonov T16/CG32 (final),U-TV (final),PSNR,0.13832855224609375
div2k/0899.png/sigma_0.200,div2k,0899.png,0.20000000298023224,U-Tikhonov T16/CG32 (final),U-TV (final),PSNR,0.16923904418945312
div2k/0900.png/sigma_0.200,div2k,0900.png,0.20000000298023224,U-Tikhonov T16/CG32 (final),U-TV (final),PSNR,0.06211662292480469
div2k/0801.png/sigma_0.200,div2k,0801.png,0.20000000298023224,U-Tikhonov T16/CG32 (final),U-TV (final),SSIM,0.007358193397521973
div2k/0802.png/sigma_0.200,div2k,0802.png,0.20000000298023224,U-Tikhonov T16/CG32 (final),U-TV (final),SSIM,0.005523324012756348
div2k/0803.png/sigma_0.200,div2k,0803.png,0.20000000298023224,U-Tikhonov T16/CG32 (final),U-TV (final),SSIM,0.008676588535308838
div2k/0804.png/sigma_0.200,div2k,0804.png,0.20000000298023224,U-Tikhonov T16/CG32 (final),U-TV (final),SSIM,0.007729709148406982
div2k/0805.png/sigma_0.200,div2k,0805.png,0.20000000298023224,U-Tikhonov T16/CG32 (final),U-TV (final),SSIM,0.006339848041534424
div2k/0806.png/sigma_0.200,div2k,0806.png,0.20000000298023224,U-Tikhonov T16/CG32 (final),U-TV (final),SSIM,0.006004750728607178
div2k/0807.png/sigma_0.200,div2k,0807.png,0.20000000298023224,U-Tikhonov T16/CG32 (final),U-TV (final),SSIM,0.008928060531616211
div2k/0808.png/sigma_0.200,div2k,0808.png,0.20000000298023224,U-Tikhonov T16/CG32 (final),U-TV (final),SSIM,0.001646876335144043
div2k/0809.png/sigma_0.200,div2k,0809.png,0.20000000298023224,U-Tikhonov T16/CG32 (final),U-TV (final),SSIM,0.005256593227386475
div2k/0810.png/sigma_0.200,div2k,0810.png,0.20000000298023224,U-Tikhonov T16/CG32 (final),U-TV (final),SSIM,0.007576584815979004
div2k/0811.png/sigma_0.200,div2k,0811.png,0.20000000298023224,U-Tikhonov T16/CG32 (final),U-TV (final),SSIM,0.006778597831726074
div2k/0812.png/sigma_0.200,div2k,0812.png,0.20000000298023224,U-Tikhonov T16/CG32 (final),U-TV (final),SSIM,0.0035042762756347656
div2k/0813.png/sigma_0.200,div2k,0813.png,0.20000000298023224,U-Tikhonov T16/CG32 (final),U-TV (final),SSIM,0.003947257995605469
div2k/0814.png/sigma_0.200,div2k,0814.png,0.20000000298023224,U-Tikhonov T16/CG32 (final),U-TV (final),SSIM,-0.007338166236877441
div2k/0815.png/sigma_0.200,div2k,0815.png,0.20000000298023224,U-Tikhonov T16/CG32 (final),U-TV (final),SSIM,0.011833012104034424
div2k/0816.png/sigma_0.200,div2k,0816.png,0.20000000298023224,U-Tikhonov T16/CG32 (final),U-TV (final),SSIM,0.0021969079971313477
div2k/0817.png/sigma_0.200,div2k,0817.png,0.20000000298023224,U-Tikhonov T16/CG32 (final),U-TV (final),SSIM,0.007519721984863281
div2k/0818.png/sigma_0.200,div2k,0818.png,0.20000000298023224,U-Tikhonov T16/CG32 (final),U-TV (final),SSIM,0.005206584930419922
div2k/0819.png/sigma_0.200,div2k,0819.png,0.20000000298023224,U-Tikhonov T16/CG32 (final),U-TV (final),SSIM,0.010026931762695312
div2k/0820.png/sigma_0.200,div2k,0820.png,0.20000000298023224,U-Tikhonov T16/CG32 (final),U-TV (final),SSIM,0.013794541358947754
div2k/0821.png/sigma_0.200,div2k,0821.png,0.20000000298023224,U-Tikhonov T16/CG32 (final),U-TV (final),SSIM,0.01781904697418213
div2k/0822.png/sigma_0.200,div2k,0822.png,0.20000000298023224,U-Tikhonov T16/CG32 (final),U-TV (final),SSIM,0.013600468635559082
div2k/0823.png/sigma_0.200,div2k,0823.png,0.20000000298023224,U-Tikhonov T16/CG32 (final),U-TV (final),SSIM,-0.0008934736251831055
div2k/0824.png/sigma_0.200,div2k,0824.png,0.20000000298023224,U-Tikhonov T16/CG32 (final),U-TV (final),SSIM,0.01081693172454834
div2k/0825.png/sigma_0.200,div2k,0825.png,0.20000000298023224,U-Tikhonov T16/CG32 (final),U-TV (final),SSIM,0.008975744247436523
div2k/0826.png/sigma_0.200,div2k,0826.png,0.20000000298023224,U-Tikhonov T16/CG32 (final),U-TV (final),SSIM,0.004332900047302246
div2k/0827.png/sigma_0.200,div2k,0827.png,0.20000000298023224,U-Tikhonov T16/CG32 (final),U-TV (final),SSIM,0.007170736789703369
div2k/0828.png/sigma_0.200,div2k,0828.png,0.20000000298023224,U-Tikhonov T16/CG32 (final),U-TV (final),SSIM,0.009279072284698486
div2k/0829.png/sigma_0.200,div2k,0829.png,0.20000000298023224,U-Tikhonov T16/CG32 (final),U-TV (final),SSIM,0.004990339279174805
div2k/0830.png/sigma_0.200,div2k,0830.png,0.20000000298023224,U-Tikhonov T16/CG32 (final),U-TV (final),SSIM,5.78761100769043e-05
div2k/0831.png/sigma_0.200,div2k,0831.png,0.20000000298023224,U-Tikhonov T16/CG32 (final),U-TV (final),SSIM,0.009235560894012451
div2k/0832.png/sigma_0.200,div2k,0832.png,0.20000000298023224,U-Tikhonov T16/CG32 (final),U-TV (final),SSIM,0.007710278034210205
div2k/0833.png/sigma_0.200,div2k,0833.png,0.20000000298023224,U-Tikhonov T16/CG32 (final),U-TV (final),SSIM,0.0040267109870910645
div2k/0834.png/sigma_0.200,div2k,0834.png,0.20000000298023224,U-Tikhonov T16/CG32 (final),U-TV (final),SSIM,0.0027791261672973633
div2k/0835.png/sigma_0.200,div2k,0835.png,0.20000000298023224,U-Tikhonov T16/CG32 (final),U-TV (final),SSIM,0.009392857551574707
div2k/0836.png/sigma_0.200,div2k,0836.png,0.20000000298023224,U-Tikhonov T16/CG32 (final),U-TV (final),SSIM,0.0007210373878479004
div2k/0837.png/sigma_0.200,div2k,0837.png,0.20000000298023224,U-Tikhonov T16/CG32 (final),U-TV (final),SSIM,0.011039197444915771
div2k/0838.png/sigma_0.200,div2k,0838.png,0.20000000298023224,U-Tikhonov T16/CG32 (final),U-TV (final),SSIM,0.006544589996337891
div2k/0839.png/sigma_0.200,div2k,0839.png,0.20000000298023224,U-Tikhonov T16/CG32 (final),U-TV (final),SSIM,0.006733208894729614
div2k/0840.png/sigma_0.200,div2k,0840.png,0.20000000298023224,U-Tikhonov T16/CG32 (final),U-TV (final),SSIM,0.010047435760498047
div2k/0841.png/sigma_0.200,div2k,0841.png,0.20000000298023224,U-Tikhonov T16/CG32 (final),U-TV (final),SSIM,0.004033982753753662
div2k/0842.png/sigma_0.200,div2k,0842.png,0.20000000298023224,U-Tikhonov T16/CG32 (final),U-TV (final),SSIM,0.0070206522941589355
div2k/0843.png/sigma_0.200,div2k,0843.png,0.20000000298023224,U-Tikhonov T16/CG32 (final),U-TV (final),SSIM,-0.007027924060821533
div2k/0844.png/sigma_0.200,div2k,0844.png,0.20000000298023224,U-Tikhonov T16/CG32 (final),U-TV (final),SSIM,-0.0025987625122070312
div2k/0845.png/sigma_0.200,div2k,0845.png,0.20000000298023224,U-Tikhonov T16/CG32 (final),U-TV (final),SSIM,-0.0024309158325195312
div2k/0846.png/sigma_0.200,div2k,0846.png,0.20000000298023224,U-Tikhonov T16/CG32 (final),U-TV (final),SSIM,0.010484933853149414
div2k/0847.png/sigma_0.200,div2k,0847.png,0.20000000298023224,U-Tikhonov T16/CG32 (final),U-TV (final),SSIM,0.009438037872314453
div2k/0848.png/sigma_0.200,div2k,0848.png,0.20000000298023224,U-Tikhonov T16/CG32 (final),U-TV (final),SSIM,0.006380736827850342
div2k/0849.png/sigma_0.200,div2k,0849.png,0.20000000298023224,U-Tikhonov T16/CG32 (final),U-TV (final),SSIM,0.014948904514312744
div2k/0850.png/sigma_0.200,div2k,0850.png,0.20000000298023224,U-Tikhonov T16/CG32 (final),U-TV (final),SSIM,0.008044838905334473
div2k/0851.png/sigma_0.200,div2k,0851.png,0.20000000298023224,U-Tikhonov T16/CG32 (final),U-TV (final),SSIM,0.0068836212158203125
div2k/0852.png/sigma_0.200,div2k,0852.png,0.20000000298023224,U-Tikhonov T16/CG32 (final),U-TV (final),SSIM,0.003108203411102295
div2k/0853.png/sigma_0.200,div2k,0853.png,0.20000000298023224,U-Tikhonov T16/CG32 (final),U-TV (final),SSIM,0.0016156435012817383
div2k/0854.png/sigma_0.200,div2k,0854.png,0.20000000298023224,U-Tikhonov T16/CG32 (final),U-TV (final),SSIM,0.004108309745788574
div2k/0855.png/sigma_0.200,div2k,0855.png,0.20000000298023224,U-Tikhonov T16/CG32 (final),U-TV (final),SSIM,0.0005339980125427246
div2k/0856.png/sigma_0.200,div2k,0856.png,0.20000000298023224,U-Tikhonov T16/CG32 (final),U-TV (final),SSIM,0.005345761775970459
div2k/0857.png/sigma_0.200,div2k,0857.png,0.20000000298023224,U-Tikhonov T16/CG32 (final),U-TV (final),SSIM,0.011686742305755615
div2k/0858.png/sigma_0.200,div2k,0858.png,0.20000000298023224,U-Tikhonov T16/CG32 (final),U-TV (final),SSIM,0.012376070022583008
div2k/0859.png/sigma_0.200,div2k,0859.png,0.20000000298023224,U-Tikhonov T16/CG32 (final),U-TV (final),SSIM,0.005346536636352539
div2k/0860.png/sigma_0.200,div2k,0860.png,0.20000000298023224,U-Tikhonov T16/CG32 (final),U-TV (final),SSIM,0.009054303169250488
div2k/0861.png/sigma_0.200,div2k,0861.png,0.20000000298023224,U-Tikhonov T16/CG32 (final),U-TV (final),SSIM,0.009709298610687256
div2k/0862.png/sigma_0.200,div2k,0862.png,0.20000000298023224,U-Tikhonov T16/CG32 (final),U-TV (final),SSIM,-0.003132045269012451
div2k/0863.png/sigma_0.200,div2k,0863.png,0.20000000298023224,U-Tikhonov T16/CG32 (final),U-TV (final),SSIM,0.0019554495811462402
div2k/0864.png/sigma_0.200,div2k,0864.png,0.20000000298023224,U-Tikhonov T16/CG32 (final),U-TV (final),SSIM,0.006516695022583008
div2k/0865.png/sigma_0.200,div2k,0865.png,0.20000000298023224,U-Tikhonov T16/CG32 (final),U-TV (final),SSIM,0.00791621208190918
div2k/0866.png/sigma_0.200,div2k,0866.png,0.20000000298023224,U-Tikhonov T16/CG32 (final),U-TV (final),SSIM,0.007649838924407959
div2k/0867.png/sigma_0.200,div2k,0867.png,0.20000000298023224,U-Tikhonov T16/CG32 (final),U-TV (final),SSIM,0.006958603858947754
div2k/0868.png/sigma_0.200,div2k,0868.png,0.20000000298023224,U-Tikhonov T16/CG32 (final),U-TV (final),SSIM,-0.007699191570281982
div2k/0869.png/sigma_0.200,div2k,0869.png,0.20000000298023224,U-Tikhonov T16/CG32 (final),U-TV (final),SSIM,0.0010536909103393555
div2k/0870.png/sigma_0.200,div2k,0870.png,0.20000000298023224,U-Tikhonov T16/CG32 (final),U-TV (final),SSIM,0.017423510551452637
div2k/0871.png/sigma_0.200,div2k,0871.png,0.20000000298023224,U-Tikhonov T16/CG32 (final),U-TV (final),SSIM,0.007421910762786865
div2k/0872.png/sigma_0.200,div2k,0872.png,0.20000000298023224,U-Tikhonov T16/CG32 (final),U-TV (final),SSIM,0.006361842155456543
div2k/0873.png/sigma_0.200,div2k,0873.png,0.20000000298023224,U-Tikhonov T16/CG32 (final),U-TV (final),SSIM,0.005343317985534668
div2k/0874.png/sigma_0.200,div2k,0874.png,0.20000000298023224,U-Tikhonov T16/CG32 (final),U-TV (final),SSIM,0.0025920867919921875
div2k/0875.png/sigma_0.200,div2k,0875.png,0.20000000298023224,U-Tikhonov T16/CG32 (final),U-TV (final),SSIM,0.006053507328033447
div2k/0876.png/sigma_0.200,div2k,0876.png,0.20000000298023224,U-Tikhonov T16/CG32 (final),U-TV (final),SSIM,0.009211897850036621
div2k/0877.png/sigma_0.200,div2k,0877.png,0.20000000298023224,U-Tikhonov T16/CG32 (final),U-TV (final),SSIM,0.00570070743560791
div2k/0878.png/sigma_0.200,div2k,0878.png,0.20000000298023224,U-Tikhonov T16/CG32 (final),U-TV (final),SSIM,0.008919060230255127
div2k/0879.png/sigma_0.200,div2k,0879.png,0.20000000298023224,U-Tikhonov T16/CG32 (final),U-TV (final),SSIM,-0.0035538077354431152
div2k/0880.png/sigma_0.200,div2k,0880.png,0.20000000298023224,U-Tikhonov T16/CG32 (final),U-TV (final),SSIM,-0.0017924308776855469
div2k/0881.png/sigma_0.200,div2k,0881.png,0.20000000298023224,U-Tikhonov T16/CG32 (final),U-TV (final),SSIM,0.008867442607879639
div2k/0882.png/sigma_0.200,div2k,0882.png,0.20000000298023224,U-Tikhonov T16/CG32 (final),U-TV (final),SSIM,0.008283853530883789
div2k/0883.png/sigma_0.200,div2k,0883.png,0.20000000298023224,U-Tikhonov T16/CG32 (final),U-TV (final),SSIM,0.006567776203155518
div2k/0884.png/sigma_0.200,div2k,0884.png,0.20000000298023224,U-Tikhonov T16/CG32 (final),U-TV (final),SSIM,0.009357810020446777
div2k/0885.png/sigma_0.200,div2k,0885.png,0.20000000298023224,U-Tikhonov T16/CG32 (final),U-TV (final),SSIM,0.003922104835510254
div2k/0886.png/sigma_0.200,div2k,0886.png,0.20000000298023224,U-Tikhonov T16/CG32 (final),U-TV (final),SSIM,0.00634080171585083
div2k/0887.png/sigma_0.200,div2k,0887.png,0.20000000298023224,U-Tikhonov T16/CG32 (final),U-TV (final),SSIM,0.005026698112487793
div2k/0888.png/sigma_0.200,div2k,0888.png,0.20000000298023224,U-Tikhonov T16/CG32 (final),U-TV (final),SSIM,0.00882178544998169
div2k/0889.png/sigma_0.200,div2k,0889.png,0.20000000298023224,U-Tikhonov T16/CG32 (final),U-TV (final),SSIM,0.01390904188156128
div2k/0890.png/sigma_0.200,div2k,0890.png,0.20000000298023224,U-Tikhonov T16/CG32 (final),U-TV (final),SSIM,-0.0024166107177734375
div2k/0891.png/sigma_0.200,div2k,0891.png,0.20000000298023224,U-Tikhonov T16/CG32 (final),U-TV (final),SSIM,0.009519040584564209
div2k/0892.png/sigma_0.200,div2k,0892.png,0.20000000298023224,U-Tikhonov T16/CG32 (final),U-TV (final),SSIM,0.03012382984161377
div2k/0893.png/sigma_0.200,div2k,0893.png,0.20000000298023224,U-Tikhonov T16/CG32 (final),U-TV (final),SSIM,0.005222022533416748
div2k/0894.png/sigma_0.200,div2k,0894.png,0.20000000298023224,U-Tikhonov T16/CG32 (final),U-TV (final),SSIM,0.004209995269775391
div2k/0895.png/sigma_0.200,div2k,0895.png,0.20000000298023224,U-Tikhonov T16/CG32 (final),U-TV (final),SSIM,0.0035042166709899902
div2k/0896.png/sigma_0.200,div2k,0896.png,0.20000000298023224,U-Tikhonov T16/CG32 (final),U-TV (final),SSIM,-0.003950178623199463
div2k/0897.png/sigma_0.200,div2k,0897.png,0.20000000298023224,U-Tikhonov T16/CG32 (final),U-TV (final),SSIM,0.03782528638839722
div2k/0898.png/sigma_0.200,div2k,0898.png,0.20000000298023224,U-Tikhonov T16/CG32 (final),U-TV (final),SSIM,-0.0123482346534729
div2k/0899.png/sigma_0.200,div2k,0899.png,0.20000000298023224,U-Tikhonov T16/CG32 (final),U-TV (final),SSIM,0.009096682071685791
div2k/0900.png/sigma_0.200,div2k,0900.png,0.20000000298023224,U-Tikhonov T16/CG32 (final),U-TV (final),SSIM,0.006837606430053711
div2k/0801.png/sigma_0.200,div2k,0801.png,0.20000000298023224,U-Tikhonov T16/CG32 (final),U-TGV (final),PSNR,-0.026098251342773438
div2k/0802.png/sigma_0.200,div2k,0802.png,0.20000000298023224,U-Tikhonov T16/CG32 (final),U-TGV (final),PSNR,-0.5663986206054688
div2k/0803.png/sigma_0.200,div2k,0803.png,0.20000000298023224,U-Tikhonov T16/CG32 (final),U-TGV (final),PSNR,-0.041225433349609375
div2k/0804.png/sigma_0.200,div2k,0804.png,0.20000000298023224,U-Tikhonov T16/CG32 (final),U-TGV (final),PSNR,0.008428573608398438
div2k/0805.png/sigma_0.200,div2k,0805.png,0.20000000298023224,U-Tikhonov T16/CG32 (final),U-TGV (final),PSNR,-0.16020584106445312
div2k/0806.png/sigma_0.200,div2k,0806.png,0.20000000298023224,U-Tikhonov T16/CG32 (final),U-TGV (final),PSNR,-0.046146392822265625
div2k/0807.png/sigma_0.200,div2k,0807.png,0.20000000298023224,U-Tikhonov T16/CG32 (final),U-TGV (final),PSNR,0.029804229736328125
div2k/0808.png/sigma_0.200,div2k,0808.png,0.20000000298023224,U-Tikhonov T16/CG32 (final),U-TGV (final),PSNR,0.08633804321289062
div2k/0809.png/sigma_0.200,div2k,0809.png,0.20000000298023224,U-Tikhonov T16/CG32 (final),U-TGV (final),PSNR,-0.012237548828125
div2k/0810.png/sigma_0.200,div2k,0810.png,0.20000000298023224,U-Tikhonov T16/CG32 (final),U-TGV (final),PSNR,-0.003345489501953125
div2k/0811.png/sigma_0.200,div2k,0811.png,0.20000000298023224,U-Tikhonov T16/CG32 (final),U-TGV (final),PSNR,-0.03687477111816406
div2k/0812.png/sigma_0.200,div2k,0812.png,0.20000000298023224,U-Tikhonov T16/CG32 (final),U-TGV (final),PSNR,-0.05804634094238281
div2k/0813.png/sigma_0.200,div2k,0813.png,0.20000000298023224,U-Tikhonov T16/CG32 (final),U-TGV (final),PSNR,-0.10714912414550781
div2k/0814.png/sigma_0.200,div2k,0814.png,0.20000000298023224,U-Tikhonov T16/CG32 (final),U-TGV (final),PSNR,0.28259849548339844
div2k/0815.png/sigma_0.200,div2k,0815.png,0.20000000298023224,U-Tikhonov T16/CG32 (final),U-TGV (final),PSNR,-0.13561058044433594
div2k/0816.png/sigma_0.200,div2k,0816.png,0.20000000298023224,U-Tikhonov T16/CG32 (final),U-TGV (final),PSNR,0.0133514404296875
div2k/0817.png/sigma_0.200,div2k,0817.png,0.20000000298023224,U-Tikhonov T16/CG32 (final),U-TGV (final),PSNR,0.06940841674804688
div2k/0818.png/sigma_0.200,div2k,0818.png,0.20000000298023224,U-Tikhonov T16/CG32 (final),U-TGV (final),PSNR,-0.07340812683105469
div2k/0819.png/sigma_0.200,div2k,0819.png,0.20000000298023224,U-Tikhonov T16/CG32 (final),U-TGV (final),PSNR,-0.05884361267089844
div2k/0820.png/sigma_0.200,div2k,0820.png,0.20000000298023224,U-Tikhonov T16/CG32 (final),U-TGV (final),PSNR,-0.02486419677734375
div2k/0821.png/sigma_0.200,div2k,0821.png,0.20000000298023224,U-Tikhonov T16/CG32 (final),U-TGV (final),PSNR,0.0590667724609375
div2k/0822.png/sigma_0.200,div2k,0822.png,0.20000000298023224,U-Tikhonov T16/CG32 (final),U-TGV (final),PSNR,-0.0238800048828125
div2k/0823.png/sigma_0.200,div2k,0823.png,0.20000000298023224,U-Tikhonov T16/CG32 (final),U-TGV (final),PSNR,0.056171417236328125
div2k/0824.png/sigma_0.200,div2k,0824.png,0.20000000298023224,U-Tikhonov T16/CG32 (final),U-TGV (final),PSNR,-0.04693794250488281
div2k/0825.png/sigma_0.200,div2k,0825.png,0.20000000298023224,U-Tikhonov T16/CG32 (final),U-TGV (final),PSNR,-0.12816238403320312
div2k/0826.png/sigma_0.200,div2k,0826.png,0.20000000298023224,U-Tikhonov T16/CG32 (final),U-TGV (final),PSNR,-0.01227569580078125
div2k/0827.png/sigma_0.200,div2k,0827.png,0.20000000298023224,U-Tikhonov T16/CG32 (final),U-TGV (final),PSNR,0.09026145935058594
div2k/0828.png/sigma_0.200,div2k,0828.png,0.20000000298023224,U-Tikhonov T16/CG32 (final),U-TGV (final),PSNR,0.11332321166992188
div2k/0829.png/sigma_0.200,div2k,0829.png,0.20000000298023224,U-Tikhonov T16/CG32 (final),U-TGV (final),PSNR,0.006072998046875
div2k/0830.png/sigma_0.200,div2k,0830.png,0.20000000298023224,U-Tikhonov T16/CG32 (final),U-TGV (final),PSNR,0.06512260437011719
div2k/0831.png/sigma_0.200,div2k,0831.png,0.20000000298023224,U-Tikhonov T16/CG32 (final),U-TGV (final),PSNR,-0.07874107360839844
div2k/0832.png/sigma_0.200,div2k,0832.png,0.20000000298023224,U-Tikhonov T16/CG32 (final),U-TGV (final),PSNR,-0.0482940673828125
div2k/0833.png/sigma_0.200,div2k,0833.png,0.20000000298023224,U-Tikhonov T16/CG32 (final),U-TGV (final),PSNR,-0.1887531280517578
div2k/0834.png/sigma_0.200,div2k,0834.png,0.20000000298023224,U-Tikhonov T16/CG32 (final),U-TGV (final),PSNR,-0.019174575805664062
div2k/0835.png/sigma_0.200,div2k,0835.png,0.20000000298023224,U-Tikhonov T16/CG32 (final),U-TGV (final),PSNR,-0.03966522216796875
div2k/0836.png/sigma_0.200,div2k,0836.png,0.20000000298023224,U-Tikhonov T16/CG32 (final),U-TGV (final),PSNR,-0.10838699340820312
div2k/0837.png/sigma_0.200,div2k,0837.png,0.20000000298023224,U-Tikhonov T16/CG32 (final),U-TGV (final),PSNR,-0.082427978515625
div2k/0838.png/sigma_0.200,div2k,0838.png,0.20000000298023224,U-Tikhonov T16/CG32 (final),U-TGV (final),PSNR,-0.17250823974609375
div2k/0839.png/sigma_0.200,div2k,0839.png,0.20000000298023224,U-Tikhonov T16/CG32 (final),U-TGV (final),PSNR,-0.00742340087890625
div2k/0840.png/sigma_0.200,div2k,0840.png,0.20000000298023224,U-Tikhonov T16/CG32 (final),U-TGV (final),PSNR,-0.07905387878417969
div2k/0841.png/sigma_0.200,div2k,0841.png,0.20000000298023224,U-Tikhonov T16/CG32 (final),U-TGV (final),PSNR,0.06340599060058594
div2k/0842.png/sigma_0.200,div2k,0842.png,0.20000000298023224,U-Tikhonov T16/CG32 (final),U-TGV (final),PSNR,-0.1383686065673828
div2k/0843.png/sigma_0.200,div2k,0843.png,0.20000000298023224,U-Tikhonov T16/CG32 (final),U-TGV (final),PSNR,0.10494041442871094
div2k/0844.png/sigma_0.200,div2k,0844.png,0.20000000298023224,U-Tikhonov T16/CG32 (final),U-TGV (final),PSNR,0.11363983154296875
div2k/0845.png/sigma_0.200,div2k,0845.png,0.20000000298023224,U-Tikhonov T16/CG32 (final),U-TGV (final),PSNR,-0.08026123046875
div2k/0846.png/sigma_0.200,div2k,0846.png,0.20000000298023224,U-Tikhonov T16/CG32 (final),U-TGV (final),PSNR,-0.029476165771484375
div2k/0847.png/sigma_0.200,div2k,0847.png,0.20000000298023224,U-Tikhonov T16/CG32 (final),U-TGV (final),PSNR,-0.0717315673828125
div2k/0848.png/sigma_0.200,div2k,0848.png,0.20000000298023224,U-Tikhonov T16/CG32 (final),U-TGV (final),PSNR,-0.15660476684570312
div2k/0849.png/sigma_0.200,div2k,0849.png,0.20000000298023224,U-Tikhonov T16/CG32 (final),U-TGV (final),PSNR,-0.013477325439453125
div2k/0850.png/sigma_0.200,div2k,0850.png,0.20000000298023224,U-Tikhonov T16/CG32 (final),U-TGV (final),PSNR,-0.03533935546875
div2k/0851.png/sigma_0.200,div2k,0851.png,0.20000000298023224,U-Tikhonov T16/CG32 (final),U-TGV (final),PSNR,0.10794258117675781
div2k/0852.png/sigma_0.200,div2k,0852.png,0.20000000298023224,U-Tikhonov T16/CG32 (final),U-TGV (final),PSNR,0.0154571533203125
div2k/0853.png/sigma_0.200,div2k,0853.png,0.20000000298023224,U-Tikhonov T16/CG32 (final),U-TGV (final),PSNR,0.16019248962402344
div2k/0854.png/sigma_0.200,div2k,0854.png,0.20000000298023224,U-Tikhonov T16/CG32 (final),U-TGV (final),PSNR,0.010244369506835938
div2k/0855.png/sigma_0.200,div2k,0855.png,0.20000000298023224,U-Tikhonov T16/CG32 (final),U-TGV (final),PSNR,-0.0086669921875
div2k/0856.png/sigma_0.200,div2k,0856.png,0.20000000298023224,U-Tikhonov T16/CG32 (final),U-TGV (final),PSNR,0.10382843017578125
div2k/0857.png/sigma_0.200,div2k,0857.png,0.20000000298023224,U-Tikhonov T16/CG32 (final),U-TGV (final),PSNR,0.01973724365234375
div2k/0858.png/sigma_0.200,div2k,0858.png,0.20000000298023224,U-Tikhonov T16/CG32 (final),U-TGV (final),PSNR,-0.003002166748046875
div2k/0859.png/sigma_0.200,div2k,0859.png,0.20000000298023224,U-Tikhonov T16/CG32 (final),U-TGV (final),PSNR,-0.05080223083496094
div2k/0860.png/sigma_0.200,div2k,0860.png,0.20000000298023224,U-Tikhonov T16/CG32 (final),U-TGV (final),PSNR,-0.08136749267578125
div2k/0861.png/sigma_0.200,div2k,0861.png,0.20000000298023224,U-Tikhonov T16/CG32 (final),U-TGV (final),PSNR,-0.0287322998046875
div2k/0862.png/sigma_0.200,div2k,0862.png,0.20000000298023224,U-Tikhonov T16/CG32 (final),U-TGV (final),PSNR,0.5124263763427734
div2k/0863.png/sigma_0.200,div2k,0863.png,0.20000000298023224,U-Tikhonov T16/CG32 (final),U-TGV (final),PSNR,-0.10405731201171875
div2k/0864.png/sigma_0.200,div2k,0864.png,0.20000000298023224,U-Tikhonov T16/CG32 (final),U-TGV (final),PSNR,-0.041339874267578125
div2k/0865.png/sigma_0.200,div2k,0865.png,0.20000000298023224,U-Tikhonov T16/CG32 (final),U-TGV (final),PSNR,0.014226913452148438
div2k/0866.png/sigma_0.200,div2k,0866.png,0.20000000298023224,U-Tikhonov T16/CG32 (final),U-TGV (final),PSNR,-0.11593437194824219
div2k/0867.png/sigma_0.200,div2k,0867.png,0.20000000298023224,U-Tikhonov T16/CG32 (final),U-TGV (final),PSNR,-0.07032203674316406
div2k/0868.png/sigma_0.200,div2k,0868.png,0.20000000298023224,U-Tikhonov T16/CG32 (final),U-TGV (final),PSNR,0.22434043884277344
div2k/0869.png/sigma_0.200,div2k,0869.png,0.20000000298023224,U-Tikhonov T16/CG32 (final),U-TGV (final),PSNR,-0.07435989379882812
div2k/0870.png/sigma_0.200,div2k,0870.png,0.20000000298023224,U-Tikhonov T16/CG32 (final),U-TGV (final),PSNR,-0.010019302368164062
div2k/0871.png/sigma_0.200,div2k,0871.png,0.20000000298023224,U-Tikhonov T16/CG32 (final),U-TGV (final),PSNR,-0.11236000061035156
div2k/0872.png/sigma_0.200,div2k,0872.png,0.20000000298023224,U-Tikhonov T16/CG32 (final),U-TGV (final),PSNR,-0.08646011352539062
div2k/0873.png/sigma_0.200,div2k,0873.png,0.20000000298023224,U-Tikhonov T16/CG32 (final),U-TGV (final),PSNR,0.047210693359375
div2k/0874.png/sigma_0.200,div2k,0874.png,0.20000000298023224,U-Tikhonov T16/CG32 (final),U-TGV (final),PSNR,0.03795433044433594
div2k/0875.png/sigma_0.200,div2k,0875.png,0.20000000298023224,U-Tikhonov T16/CG32 (final),U-TGV (final),PSNR,-0.051746368408203125
div2k/0876.png/sigma_0.200,div2k,0876.png,0.20000000298023224,U-Tikhonov T16/CG32 (final),U-TGV (final),PSNR,-0.05422401428222656
div2k/0877.png/sigma_0.200,div2k,0877.png,0.20000000298023224,U-Tikhonov T16/CG32 (final),U-TGV (final),PSNR,-0.04065132141113281
div2k/0878.png/sigma_0.200,div2k,0878.png,0.20000000298023224,U-Tikhonov T16/CG32 (final),U-TGV (final),PSNR,-0.054439544677734375
div2k/0879.png/sigma_0.200,div2k,0879.png,0.20000000298023224,U-Tikhonov T16/CG32 (final),U-TGV (final),PSNR,0.09910392761230469
div2k/0880.png/sigma_0.200,div2k,0880.png,0.20000000298023224,U-Tikhonov T16/CG32 (final),U-TGV (final),PSNR,0.093994140625
div2k/0881.png/sigma_0.200,div2k,0881.png,0.20000000298023224,U-Tikhonov T16/CG32 (final),U-TGV (final),PSNR,0.09534072875976562
div2k/0882.png/sigma_0.200,div2k,0882.png,0.20000000298023224,U-Tikhonov T16/CG32 (final),U-TGV (final),PSNR,-0.10356712341308594
div2k/0883.png/sigma_0.200,div2k,0883.png,0.20000000298023224,U-Tikhonov T16/CG32 (final),U-TGV (final),PSNR,-0.038330078125
div2k/0884.png/sigma_0.200,div2k,0884.png,0.20000000298023224,U-Tikhonov T16/CG32 (final),U-TGV (final),PSNR,-0.01556396484375
div2k/0885.png/sigma_0.200,div2k,0885.png,0.20000000298023224,U-Tikhonov T16/CG32 (final),U-TGV (final),PSNR,0.002826690673828125
div2k/0886.png/sigma_0.200,div2k,0886.png,0.20000000298023224,U-Tikhonov T16/CG32 (final),U-TGV (final),PSNR,-0.23629379272460938
div2k/0887.png/sigma_0.200,div2k,0887.png,0.20000000298023224,U-Tikhonov T16/CG32 (final),U-TGV (final),PSNR,0.016241073608398438
div2k/0888.png/sigma_0.200,div2k,0888.png,0.20000000298023224,U-Tikhonov T16/CG32 (final),U-TGV (final),PSNR,-0.1531543731689453
div2k/0889.png/sigma_0.200,div2k,0889.png,0.20000000298023224,U-Tikhonov T16/CG32 (final),U-TGV (final),PSNR,-0.09230804443359375
div2k/0890.png/sigma_0.200,div2k,0890.png,0.20000000298023224,U-Tikhonov T16/CG32 (final),U-TGV (final),PSNR,0.32948875427246094
div2k/0891.png/sigma_0.200,div2k,0891.png,0.20000000298023224,U-Tikhonov T16/CG32 (final),U-TGV (final),PSNR,-0.07974052429199219
div2k/0892.png/sigma_0.200,div2k,0892.png,0.20000000298023224,U-Tikhonov T16/CG32 (final),U-TGV (final),PSNR,-0.06115150451660156
div2k/0893.png/sigma_0.200,div2k,0893.png,0.20000000298023224,U-Tikhonov T16/CG32 (final),U-TGV (final),PSNR,0.006877899169921875
div2k/0894.png/sigma_0.200,div2k,0894.png,0.20000000298023224,U-Tikhonov T16/CG32 (final),U-TGV (final),PSNR,0.09557533264160156
div2k/0895.png/sigma_0.200,div2k,0895.png,0.20000000298023224,U-Tikhonov T16/CG32 (final),U-TGV (final),PSNR,0.00827789306640625
div2k/0896.png/sigma_0.200,div2k,0896.png,0.20000000298023224,U-Tikhonov T16/CG32 (final),U-TGV (final),PSNR,-0.0877227783203125
div2k/0897.png/sigma_0.200,div2k,0897.png,0.20000000298023224,U-Tikhonov T16/CG32 (final),U-TGV (final),PSNR,0.11419486999511719
div2k/0898.png/sigma_0.200,div2k,0898.png,0.20000000298023224,U-Tikhonov T16/CG32 (final),U-TGV (final),PSNR,0.4100685119628906
div2k/0899.png/sigma_0.200,div2k,0899.png,0.20000000298023224,U-Tikhonov T16/CG32 (final),U-TGV (final),PSNR,-0.0299072265625
div2k/0900.png/sigma_0.200,div2k,0900.png,0.20000000298023224,U-Tikhonov T16/CG32 (final),U-TGV (final),PSNR,-0.1671772003173828
div2k/0801.png/sigma_0.200,div2k,0801.png,0.20000000298023224,U-Tikhonov T16/CG32 (final),U-TGV (final),SSIM,-0.0072359442710876465
div2k/0802.png/sigma_0.200,div2k,0802.png,0.20000000298023224,U-Tikhonov T16/CG32 (final),U-TGV (final),SSIM,-0.017260730266571045
div2k/0803.png/sigma_0.200,div2k,0803.png,0.20000000298023224,U-Tikhonov T16/CG32 (final),U-TGV (final),SSIM,-0.005377292633056641
div2k/0804.png/sigma_0.200,div2k,0804.png,0.20000000298023224,U-Tikhonov T16/CG32 (final),U-TGV (final),SSIM,-0.0028138160705566406
div2k/0805.png/sigma_0.200,div2k,0805.png,0.20000000298023224,U-Tikhonov T16/CG32 (final),U-TGV (final),SSIM,-0.014526903629302979
div2k/0806.png/sigma_0.200,div2k,0806.png,0.20000000298023224,U-Tikhonov T16/CG32 (final),U-TGV (final),SSIM,0.004084289073944092
div2k/0807.png/sigma_0.200,div2k,0807.png,0.20000000298023224,U-Tikhonov T16/CG32 (final),U-TGV (final),SSIM,-0.00017726421356201172
div2k/0808.png/sigma_0.200,div2k,0808.png,0.20000000298023224,U-Tikhonov T16/CG32 (final),U-TGV (final),SSIM,0.027624309062957764
div2k/0809.png/sigma_0.200,div2k,0809.png,0.20000000298023224,U-Tikhonov T16/CG32 (final),U-TGV (final),SSIM,-0.008227288722991943
div2k/0810.png/sigma_0.200,div2k,0810.png,0.20000000298023224,U-Tikhonov T16/CG32 (final),U-TGV (final),SSIM,-0.004908561706542969
div2k/0811.png/sigma_0.200,div2k,0811.png,0.20000000298023224,U-Tikhonov T16/CG32 (final),U-TGV (final),SSIM,-0.010749399662017822
div2k/0812.png/sigma_0.200,div2k,0812.png,0.20000000298023224,U-Tikhonov T16/CG32 (final),U-TGV (final),SSIM,0.013953208923339844
div2k/0813.png/sigma_0.200,div2k,0813.png,0.20000000298023224,U-Tikhonov T16/CG32 (final),U-TGV (final),SSIM,0.001114487648010254
div2k/0814.png/sigma_0.200,div2k,0814.png,0.20000000298023224,U-Tikhonov T16/CG32 (final),U-TGV (final),SSIM,0.0612635612487793
div2k/0815.png/sigma_0.200,div2k,0815.png,0.20000000298023224,U-Tikhonov T16/CG32 (final),U-TGV (final),SSIM,-0.010717451572418213
div2k/0816.png/sigma_0.200,div2k,0816.png,0.20000000298023224,U-Tikhonov T16/CG32 (final),U-TGV (final),SSIM,0.004552006721496582
div2k/0817.png/sigma_0.200,div2k,0817.png,0.20000000298023224,U-Tikhonov T16/CG32 (final),U-TGV (final),SSIM,0.016094624996185303
div2k/0818.png/sigma_0.200,div2k,0818.png,0.20000000298023224,U-Tikhonov T16/CG32 (final),U-TGV (final),SSIM,0.004757583141326904
div2k/0819.png/sigma_0.200,div2k,0819.png,0.20000000298023224,U-Tikhonov T16/CG32 (final),U-TGV (final),SSIM,-0.009817183017730713
div2k/0820.png/sigma_0.200,div2k,0820.png,0.20000000298023224,U-Tikhonov T16/CG32 (final),U-TGV (final),SSIM,-0.0047498345375061035
div2k/0821.png/sigma_0.200,div2k,0821.png,0.20000000298023224,U-Tikhonov T16/CG32 (final),U-TGV (final),SSIM,0.0017137527465820312
div2k/0822.png/sigma_0.200,div2k,0822.png,0.20000000298023224,U-Tikhonov T16/CG32 (final),U-TGV (final),SSIM,-0.006631612777709961
div2k/0823.png/sigma_0.200,div2k,0823.png,0.20000000298023224,U-Tikhonov T16/CG32 (final),U-TGV (final),SSIM,0.032796621322631836
div2k/0824.png/sigma_0.200,div2k,0824.png,0.20000000298023224,U-Tikhonov T16/CG32 (final),U-TGV (final),SSIM,0.007934272289276123
div2k/0825.png/sigma_0.200,div2k,0825.png,0.20000000298023224,U-Tikhonov T16/CG32 (final),U-TGV (final),SSIM,-0.006217479705810547
div2k/0826.png/sigma_0.200,div2k,0826.png,0.20000000298023224,U-Tikhonov T16/CG32 (final),U-TGV (final),SSIM,0.016429364681243896
div2k/0827.png/sigma_0.200,div2k,0827.png,0.20000000298023224,U-Tikhonov T16/CG32 (final),U-TGV (final),SSIM,0.0067934393882751465
div2k/0828.png/sigma_0.200,div2k,0828.png,0.20000000298023224,U-Tikhonov T16/CG32 (final),U-TGV (final),SSIM,0.011735320091247559
div2k/0829.png/sigma_0.200,div2k,0829.png,0.20000000298023224,U-Tikhonov T16/CG32 (final),U-TGV (final),SSIM,0.00786137580871582
div2k/0830.png/sigma_0.200,div2k,0830.png,0.20000000298023224,U-Tikhonov T16/CG32 (final),U-TGV (final),SSIM,0.011867702007293701
div2k/0831.png/sigma_0.200,div2k,0831.png,0.20000000298023224,U-Tikhonov T16/CG32 (final),U-TGV (final),SSIM,-0.006557047367095947
div2k/0832.png/sigma_0.200,div2k,0832.png,0.20000000298023224,U-Tikhonov T16/CG32 (final),U-TGV (final),SSIM,-0.004601120948791504
div2k/0833.png/sigma_0.200,div2k,0833.png,0.20000000298023224,U-Tikhonov T16/CG32 (final),U-TGV (final),SSIM,0.02955085039138794
div2k/0834.png/sigma_0.200,div2k,0834.png,0.20000000298023224,U-Tikhonov T16/CG32 (final),U-TGV (final),SSIM,0.004274964332580566
div2k/0835.png/sigma_0.200,div2k,0835.png,0.20000000298023224,U-Tikhonov T16/CG32 (final),U-TGV (final),SSIM,-0.007565557956695557
div2k/0836.png/sigma_0.200,div2k,0836.png,0.20000000298023224,U-Tikhonov T16/CG32 (final),U-TGV (final),SSIM,0.004822432994842529
div2k/0837.png/sigma_0.200,div2k,0837.png,0.20000000298023224,U-Tikhonov T16/CG32 (final),U-TGV (final),SSIM,-0.009303450584411621
div2k/0838.png/sigma_0.200,div2k,0838.png,0.20000000298023224,U-Tikhonov T16/CG32 (final),U-TGV (final),SSIM,0.00432974100112915
div2k/0839.png/sigma_0.200,div2k,0839.png,0.20000000298023224,U-Tikhonov T16/CG32 (final),U-TGV (final),SSIM,-0.0022956430912017822
div2k/0840.png/sigma_0.200,div2k,0840.png,0.20000000298023224,U-Tikhonov T16/CG32 (final),U-TGV (final),SSIM,-0.009334266185760498
div2k/0841.png/sigma_0.200,div2k,0841.png,0.20000000298023224,U-Tikhonov T16/CG32 (final),U-TGV (final),SSIM,0.008070528507232666
div2k/0842.png/sigma_0.200,div2k,0842.png,0.20000000298023224,U-Tikhonov T16/CG32 (final),U-TGV (final),SSIM,-0.0066887736320495605
div2k/0843.png/sigma_0.200,div2k,0843.png,0.20000000298023224,U-Tikhonov T16/CG32 (final),U-TGV (final),SSIM,0.048285067081451416
div2k/0844.png/sigma_0.200,div2k,0844.png,0.20000000298023224,U-Tikhonov T16/CG32 (final),U-TGV (final),SSIM,0.019163191318511963
div2k/0845.png/sigma_0.200,div2k,0845.png,0.20000000298023224,U-Tikhonov T16/CG32 (final),U-TGV (final),SSIM,0.004204213619232178
div2k/0846.png/sigma_0.200,div2k,0846.png,0.20000000298023224,U-Tikhonov T16/CG32 (final),U-TGV (final),SSIM,0.004679560661315918
div2k/0847.png/sigma_0.200,div2k,0847.png,0.20000000298023224,U-Tikhonov T16/CG32 (final),U-TGV (final),SSIM,0.0017110705375671387
div2k/0848.png/sigma_0.200,div2k,0848.png,0.20000000298023224,U-Tikhonov T16/CG32 (final),U-TGV (final),SSIM,-0.006536543369293213
div2k/0849.png/sigma_0.200,div2k,0849.png,0.20000000298023224,U-Tikhonov T16/CG32 (final),U-TGV (final),SSIM,-0.004897117614746094
div2k/0850.png/sigma_0.200,div2k,0850.png,0.20000000298023224,U-Tikhonov T16/CG32 (final),U-TGV (final),SSIM,-0.0033806562423706055
div2k/0851.png/sigma_0.200,div2k,0851.png,0.20000000298023224,U-Tikhonov T16/CG32 (final),U-TGV (final),SSIM,0.04337751865386963
div2k/0852.png/sigma_0.200,div2k,0852.png,0.20000000298023224,U-Tikhonov T16/CG32 (final),U-TGV (final),SSIM,-0.003672003746032715
div2k/0853.png/sigma_0.200,div2k,0853.png,0.20000000298023224,U-Tikhonov T16/CG32 (final),U-TGV (final),SSIM,0.0299910306930542
div2k/0854.png/sigma_0.200,div2k,0854.png,0.20000000298023224,U-Tikhonov T16/CG32 (final),U-TGV (final),SSIM,0.021741092205047607
div2k/0855.png/sigma_0.200,div2k,0855.png,0.20000000298023224,U-Tikhonov T16/CG32 (final),U-TGV (final),SSIM,-0.0019090771675109863
div2k/0856.png/sigma_0.200,div2k,0856.png,0.20000000298023224,U-Tikhonov T16/CG32 (final),U-TGV (final),SSIM,0.00032329559326171875
div2k/0857.png/sigma_0.200,div2k,0857.png,0.20000000298023224,U-Tikhonov T16/CG32 (final),U-TGV (final),SSIM,0.006100296974182129
div2k/0858.png/sigma_0.200,div2k,0858.png,0.20000000298023224,U-Tikhonov T16/CG32 (final),U-TGV (final),SSIM,-0.005792021751403809
div2k/0859.png/sigma_0.200,div2k,0859.png,0.20000000298023224,U-Tikhonov T16/CG32 (final),U-TGV (final),SSIM,-0.007990539073944092
div2k/0860.png/sigma_0.200,div2k,0860.png,0.20000000298023224,U-Tikhonov T16/CG32 (final),U-TGV (final),SSIM,-0.01346200704574585
div2k/0861.png/sigma_0.200,div2k,0861.png,0.20000000298023224,U-Tikhonov T16/CG32 (final),U-TGV (final),SSIM,-0.0007714629173278809
div2k/0862.png/sigma_0.200,div2k,0862.png,0.20000000298023224,U-Tikhonov T16/CG32 (final),U-TGV (final),SSIM,0.04242521524429321
div2k/0863.png/sigma_0.200,div2k,0863.png,0.20000000298023224,U-Tikhonov T16/CG32 (final),U-TGV (final),SSIM,0.014873743057250977
div2k/0864.png/sigma_0.200,div2k,0864.png,0.20000000298023224,U-Tikhonov T16/CG32 (final),U-TGV (final),SSIM,-0.00818413496017456
div2k/0865.png/sigma_0.200,div2k,0865.png,0.20000000298023224,U-Tikhonov T16/CG32 (final),U-TGV (final),SSIM,0.002657175064086914
div2k/0866.png/sigma_0.200,div2k,0866.png,0.20000000298023224,U-Tikhonov T16/CG32 (final),U-TGV (final),SSIM,-0.00678783655166626
div2k/0867.png/sigma_0.200,div2k,0867.png,0.20000000298023224,U-Tikhonov T16/CG32 (final),U-TGV (final),SSIM,-0.007243216037750244
div2k/0868.png/sigma_0.200,div2k,0868.png,0.20000000298023224,U-Tikhonov T16/CG32 (final),U-TGV (final),SSIM,0.06518793106079102
div2k/0869.png/sigma_0.200,div2k,0869.png,0.20000000298023224,U-Tikhonov T16/CG32 (final),U-TGV (final),SSIM,0.012898683547973633
div2k/0870.png/sigma_0.200,div2k,0870.png,0.20000000298023224,U-Tikhonov T16/CG32 (final),U-TGV (final),SSIM,-0.007072329521179199
div2k/0871.png/sigma_0.200,div2k,0871.png,0.20000000298023224,U-Tikhonov T16/CG32 (final),U-TGV (final),SSIM,-0.006118118762969971
div2k/0872.png/sigma_0.200,div2k,0872.png,0.20000000298023224,U-Tikhonov T16/CG32 (final),U-TGV (final),SSIM,-0.006585478782653809
div2k/0873.png/sigma_0.200,div2k,0873.png,0.20000000298023224,U-Tikhonov T16/CG32 (final),U-TGV (final),SSIM,0.008446335792541504
div2k/0874.png/sigma_0.200,div2k,0874.png,0.20000000298023224,U-Tikhonov T16/CG32 (final),U-TGV (final),SSIM,-0.004499197006225586
div2k/0875.png/sigma_0.200,div2k,0875.png,0.20000000298023224,U-Tikhonov T16/CG32 (final),U-TGV (final),SSIM,-0.005913913249969482
div2k/0876.png/sigma_0.200,div2k,0876.png,0.20000000298023224,U-Tikhonov T16/CG32 (final),U-TGV (final),SSIM,-0.008342921733856201
div2k/0877.png/sigma_0.200,div2k,0877.png,0.20000000298023224,U-Tikhonov T16/CG32 (final),U-TGV (final),SSIM,-0.004846096038818359
div2k/0878.png/sigma_0.200,div2k,0878.png,0.20000000298023224,U-Tikhonov T16/CG32 (final),U-TGV (final),SSIM,-0.007574737071990967
div2k/0879.png/sigma_0.200,div2k,0879.png,0.20000000298023224,U-Tikhonov T16/CG32 (final),U-TGV (final),SSIM,0.04889082908630371
div2k/0880.png/sigma_0.200,div2k,0880.png,0.20000000298023224,U-Tikhonov T16/CG32 (final),U-TGV (final),SSIM,0.042077600955963135
div2k/0881.png/sigma_0.200,div2k,0881.png,0.20000000298023224,U-Tikhonov T16/CG32 (final),U-TGV (final),SSIM,0.012863993644714355
div2k/0882.png/sigma_0.200,div2k,0882.png,0.20000000298023224,U-Tikhonov T16/CG32 (final),U-TGV (final),SSIM,-0.001598954200744629
div2k/0883.png/sigma_0.200,div2k,0883.png,0.20000000298023224,U-Tikhonov T16/CG32 (final),U-TGV (final),SSIM,0.0025173425674438477
div2k/0884.png/sigma_0.200,div2k,0884.png,0.20000000298023224,U-Tikhonov T16/CG32 (final),U-TGV (final),SSIM,-0.006627976894378662
div2k/0885.png/sigma_0.200,div2k,0885.png,0.20000000298023224,U-Tikhonov T16/CG32 (final),U-TGV (final),SSIM,-0.008766472339630127
div2k/0886.png/sigma_0.200,div2k,0886.png,0.20000000298023224,U-Tikhonov T16/CG32 (final),U-TGV (final),SSIM,-0.009110510349273682
div2k/0887.png/sigma_0.200,div2k,0887.png,0.20000000298023224,U-Tikhonov T16/CG32 (final),U-TGV (final),SSIM,0.01807701587677002
div2k/0888.png/sigma_0.200,div2k,0888.png,0.20000000298023224,U-Tikhonov T16/CG32 (final),U-TGV (final),SSIM,-0.006712734699249268
div2k/0889.png/sigma_0.200,div2k,0889.png,0.20000000298023224,U-Tikhonov T16/CG32 (final),U-TGV (final),SSIM,-0.006050467491149902
div2k/0890.png/sigma_0.200,div2k,0890.png,0.20000000298023224,U-Tikhonov T16/CG32 (final),U-TGV (final),SSIM,0.05327045917510986
div2k/0891.png/sigma_0.200,div2k,0891.png,0.20000000298023224,U-Tikhonov T16/CG32 (final),U-TGV (final),SSIM,-0.0064078569412231445
div2k/0892.png/sigma_0.200,div2k,0892.png,0.20000000298023224,U-Tikhonov T16/CG32 (final),U-TGV (final),SSIM,-0.01320713758468628
div2k/0893.png/sigma_0.200,div2k,0893.png,0.20000000298023224,U-Tikhonov T16/CG32 (final),U-TGV (final),SSIM,0.0025433897972106934
div2k/0894.png/sigma_0.200,div2k,0894.png,0.20000000298023224,U-Tikhonov T16/CG32 (final),U-TGV (final),SSIM,0.010878503322601318
div2k/0895.png/sigma_0.200,div2k,0895.png,0.20000000298023224,U-Tikhonov T16/CG32 (final),U-TGV (final),SSIM,-0.010851562023162842
div2k/0896.png/sigma_0.200,div2k,0896.png,0.20000000298023224,U-Tikhonov T16/CG32 (final),U-TGV (final),SSIM,0.03870457410812378
div2k/0897.png/sigma_0.200,div2k,0897.png,0.20000000298023224,U-Tikhonov T16/CG32 (final),U-TGV (final),SSIM,0.026863276958465576
div2k/0898.png/sigma_0.200,div2k,0898.png,0.20000000298023224,U-Tikhonov T16/CG32 (final),U-TGV (final),SSIM,0.08627092838287354
div2k/0899.png/sigma_0.200,div2k,0899.png,0.20000000298023224,U-Tikhonov T16/CG32 (final),U-TGV (final),SSIM,-0.003588438034057617
div2k/0900.png/sigma_0.200,div2k,0900.png,0.20000000298023224,U-Tikhonov T16/CG32 (final),U-TGV (final),SSIM,-0.010654211044311523
