benchmark_group,sample_id,dataset,image_name,sigma,first_method,second_method,metric,difference
div2k,div2k/0801.png/sigma_0.050,div2k,0801.png,0.05000000074505806,U-Tikhonov T16/CG32,U-Tikhonov T4/CG32,PSNR,0.05858612060546875
div2k,div2k/0802.png/sigma_0.050,div2k,0802.png,0.05000000074505806,U-Tikhonov T16/CG32,U-Tikhonov T4/CG32,PSNR,0.5578804016113281
div2k,div2k/0803.png/sigma_0.050,div2k,0803.png,0.05000000074505806,U-Tikhonov T16/CG32,U-Tikhonov T4/CG32,PSNR,0.13544082641601562
div2k,div2k/0804.png/sigma_0.050,div2k,0804.png,0.05000000074505806,U-Tikhonov T16/CG32,U-Tikhonov T4/CG32,PSNR,0.1410083770751953
div2k,div2k/0805.png/sigma_0.050,div2k,0805.png,0.05000000074505806,U-Tikhonov T16/CG32,U-Tikhonov T4/CG32,PSNR,0.14229202270507812
div2k,div2k/0806.png/sigma_0.050,div2k,0806.png,0.05000000074505806,U-Tikhonov T16/CG32,U-Tikhonov T4/CG32,PSNR,-0.04159355163574219
div2k,div2k/0807.png/sigma_0.050,div2k,0807.png,0.05000000074505806,U-Tikhonov T16/CG32,U-Tikhonov T4/CG32,PSNR,-0.11338424682617188
div2k,div2k/0808.png/sigma_0.050,div2k,0808.png,0.05000000074505806,U-Tikhonov T16/CG32,U-Tikhonov T4/CG32,PSNR,0.1013641357421875
div2k,div2k/0809.png/sigma_0.050,div2k,0809.png,0.05000000074505806,U-Tikhonov T16/CG32,U-Tikhonov T4/CG32,PSNR,0.0185394287109375
div2k,div2k/0810.png/sigma_0.050,div2k,0810.png,0.05000000074505806,U-Tikhonov T16/CG32,U-Tikhonov T4/CG32,PSNR,-0.04082679748535156
div2k,div2k/0811.png/sigma_0.050,div2k,0811.png,0.05000000074505806,U-Tikhonov T16/CG32,U-Tikhonov T4/CG32,PSNR,-0.055263519287109375
div2k,div2k/0812.png/sigma_0.050,div2k,0812.png,0.05000000074505806,U-Tikhonov T16/CG32,U-Tikhonov T4/CG32,PSNR,-0.0074672698974609375
div2k,div2k/0813.png/sigma_0.050,div2k,0813.png,0.05000000074505806,U-Tikhonov T16/CG32,U-Tikhonov T4/CG32,PSNR,0.10522651672363281
div2k,div2k/0814.png/sigma_0.050,div2k,0814.png,0.05000000074505806,U-Tikhonov T16/CG32,U-Tikhonov T4/CG32,PSNR,0.3285675048828125
div2k,div2k/0815.png/sigma_0.050,div2k,0815.png,0.05000000074505806,U-Tikhonov T16/CG32,U-Tikhonov T4/CG32,PSNR,0.14948272705078125
div2k,div2k/0816.png/sigma_0.050,div2k,0816.png,0.05000000074505806,U-Tikhonov T16/CG32,U-Tikhonov T4/CG32,PSNR,-0.03242301940917969
div2k,div2k/0817.png/sigma_0.050,div2k,0817.png,0.05000000074505806,U-Tikhonov T16/CG32,U-Tikhonov T4/CG32,PSNR,0.10899543762207031
div2k,div2k/0818.png/sigma_0.050,div2k,0818.png,0.05000000074505806,U-Tikhonov T16/CG32,U-Tikhonov T4/CG32,PSNR,0.06840324401855469
div2k,div2k/0819.png/sigma_0.050,div2k,0819.png,0.05000000074505806,U-Tikhonov T16/CG32,U-Tikhonov T4/CG32,PSNR,0.0068206787109375
div2k,div2k/0820.png/sigma_0.050,div2k,0820.png,0.05000000074505806,U-Tikhonov T16/CG32,U-Tikhonov T4/CG32,PSNR,0.3002452850341797
div2k,div2k/0821.png/sigma_0.050,div2k,0821.png,0.05000000074505806,U-Tikhonov T16/CG32,U-Tikhonov T4/CG32,PSNR,0.3862152099609375
div2k,div2k/0822.png/sigma_0.050,div2k,0822.png,0.05000000074505806,U-Tikhonov T16/CG32,U-Tikhonov T4/CG32,PSNR,-0.015378952026367188
div2k,div2k/0823.png/sigma_0.050,div2k,0823.png,0.05000000074505806,U-Tikhonov T16/CG32,U-Tikhonov T4/CG32,PSNR,0.0843963623046875
div2k,div2k/0824.png/sigma_0.050,div2k,0824.png,0.05000000074505806,U-Tikhonov T16/CG32,U-Tikhonov T4/CG32,PSNR,0.14447975158691406
div2k,div2k/0825.png/sigma_0.050,div2k,0825.png,0.05000000074505806,U-Tikhonov T16/CG32,U-Tikhonov T4/CG32,PSNR,0.1058197021484375
div2k,div2k/0826.png/sigma_0.050,div2k,0826.png,0.05000000074505806,U-Tikhonov T16/CG32,U-Tikhonov T4/CG32,PSNR,-0.01279449462890625
div2k,div2k/0827.png/sigma_0.050,div2k,0827.png,0.05000000074505806,U-Tikhonov T16/CG32,U-Tikhonov T4/CG32,PSNR,0.07241439819335938
div2k,div2k/0828.png/sigma_0.050,div2k,0828.png,0.05000000074505806,U-Tikhonov T16/CG32,U-Tikhonov T4/CG32,PSNR,0.311126708984375
div2k,div2k/0829.png/sigma_0.050,div2k,0829.png,0.05000000074505806,U-Tikhonov T16/CG32,U-Tikhonov T4/CG32,PSNR,0.17687225341796875
div2k,div2k/0830.png/sigma_0.050,div2k,0830.png,0.05000000074505806,U-Tikhonov T16/CG32,U-Tikhonov T4/CG32,PSNR,0.04677581787109375
div2k,div2k/0831.png/sigma_0.050,div2k,0831.png,0.05000000074505806,U-Tikhonov T16/CG32,U-Tikhonov T4/CG32,PSNR,0.016485214233398438
div2k,div2k/0832.png/sigma_0.050,div2k,0832.png,0.05000000074505806,U-Tikhonov T16/CG32,U-Tikhonov T4/CG32,PSNR,0.01763916015625
div2k,div2k/0833.png/sigma_0.050,div2k,0833.png,0.05000000074505806,U-Tikhonov T16/CG32,U-Tikhonov T4/CG32,PSNR,-0.0786590576171875
div2k,div2k/0834.png/sigma_0.050,div2k,0834.png,0.05000000074505806,U-Tikhonov T16/CG32,U-Tikhonov T4/CG32,PSNR,0.11576080322265625
div2k,div2k/0835.png/sigma_0.050,div2k,0835.png,0.05000000074505806,U-Tikhonov T16/CG32,U-Tikhonov T4/CG32,PSNR,-0.10991859436035156
div2k,div2k/0836.png/sigma_0.050,div2k,0836.png,0.05000000074505806,U-Tikhonov T16/CG32,U-Tikhonov T4/CG32,PSNR,-0.060771942138671875
div2k,div2k/0837.png/sigma_0.050,div2k,0837.png,0.05000000074505806,U-Tikhonov T16/CG32,U-Tikhonov T4/CG32,PSNR,0.088470458984375
div2k,div2k/0838.png/sigma_0.050,div2k,0838.png,0.05000000074505806,U-Tikhonov T16/CG32,U-Tikhonov T4/CG32,PSNR,0.2562408447265625
div2k,div2k/0839.png/sigma_0.050,div2k,0839.png,0.05000000074505806,U-Tikhonov T16/CG32,U-Tikhonov T4/CG32,PSNR,0.00322723388671875
div2k,div2k/0840.png/sigma_0.050,div2k,0840.png,0.05000000074505806,U-Tikhonov T16/CG32,U-Tikhonov T4/CG32,PSNR,-0.03711700439453125
div2k,div2k/0841.png/sigma_0.050,div2k,0841.png,0.05000000074505806,U-Tikhonov T16/CG32,U-Tikhonov T4/CG32,PSNR,0.06422996520996094
div2k,div2k/0842.png/sigma_0.050,div2k,0842.png,0.05000000074505806,U-Tikhonov T16/CG32,U-Tikhonov T4/CG32,PSNR,0.09647369384765625
div2k,div2k/0843.png/sigma_0.050,div2k,0843.png,0.05000000074505806,U-Tikhonov T16/CG32,U-Tikhonov T4/CG32,PSNR,0.6085205078125
div2k,div2k/0844.png/sigma_0.050,div2k,0844.png,0.05000000074505806,U-Tikhonov T16/CG32,U-Tikhonov T4/CG32,PSNR,0.0703125
div2k,div2k/0845.png/sigma_0.050,div2k,0845.png,0.05000000074505806,U-Tikhonov T16/CG32,U-Tikhonov T4/CG32,PSNR,-0.08391189575195312
div2k,div2k/0846.png/sigma_0.050,div2k,0846.png,0.05000000074505806,U-Tikhonov T16/CG32,U-Tikhonov T4/CG32,PSNR,-0.029918670654296875
div2k,div2k/0847.png/sigma_0.050,div2k,0847.png,0.05000000074505806,U-Tikhonov T16/CG32,U-Tikhonov T4/CG32,PSNR,0.07474136352539062
div2k,div2k/0848.png/sigma_0.050,div2k,0848.png,0.05000000074505806,U-Tikhonov T16/CG32,U-Tikhonov T4/CG32,PSNR,0.20421409606933594
div2k,div2k/0849.png/sigma_0.050,div2k,0849.png,0.05000000074505806,U-Tikhonov T16/CG32,U-Tikhonov T4/CG32,PSNR,0.061931610107421875
div2k,div2k/0850.png/sigma_0.050,div2k,0850.png,0.05000000074505806,U-Tikhonov T16/CG32,U-Tikhonov T4/CG32,PSNR,0.05377388000488281
div2k,div2k/0851.png/sigma_0.050,div2k,0851.png,0.05000000074505806,U-Tikhonov T16/CG32,U-Tikhonov T4/CG32,PSNR,0.3038368225097656
div2k,div2k/0852.png/sigma_0.050,div2k,0852.png,0.05000000074505806,U-Tikhonov T16/CG32,U-Tikhonov T4/CG32,PSNR,-0.06016349792480469
div2k,div2k/0853.png/sigma_0.050,div2k,0853.png,0.05000000074505806,U-Tikhonov T16/CG32,U-Tikhonov T4/CG32,PSNR,0.089202880859375
div2k,div2k/0854.png/sigma_0.050,div2k,0854.png,0.05000000074505806,U-Tikhonov T16/CG32,U-Tikhonov T4/CG32,PSNR,0.14185714721679688
div2k,div2k/0855.png/sigma_0.050,div2k,0855.png,0.05000000074505806,U-Tikhonov T16/CG32,U-Tikhonov T4/CG32,PSNR,0.062835693359375
div2k,div2k/0856.png/sigma_0.050,div2k,0856.png,0.05000000074505806,U-Tikhonov T16/CG32,U-Tikhonov T4/CG32,PSNR,-0.05111503601074219
div2k,div2k/0857.png/sigma_0.050,div2k,0857.png,0.05000000074505806,U-Tikhonov T16/CG32,U-Tikhonov T4/CG32,PSNR,0.20845794677734375
div2k,div2k/0858.png/sigma_0.050,div2k,0858.png,0.05000000074505806,U-Tikhonov T16/CG32,U-Tikhonov T4/CG32,PSNR,-0.09110450744628906
div2k,div2k/0859.png/sigma_0.050,div2k,0859.png,0.05000000074505806,U-Tikhonov T16/CG32,U-Tikhonov T4/CG32,PSNR,0.06365776062011719
div2k,div2k/0860.png/sigma_0.050,div2k,0860.png,0.05000000074505806,U-Tikhonov T16/CG32,U-Tikhonov T4/CG32,PSNR,0.05092048645019531
div2k,div2k/0861.png/sigma_0.050,div2k,0861.png,0.05000000074505806,U-Tikhonov T16/CG32,U-Tikhonov T4/CG32,PSNR,-0.09027862548828125
div2k,div2k/0862.png/sigma_0.050,div2k,0862.png,0.05000000074505806,U-Tikhonov T16/CG32,U-Tikhonov T4/CG32,PSNR,0.0334014892578125
div2k,div2k/0863.png/sigma_0.050,div2k,0863.png,0.05000000074505806,U-Tikhonov T16/CG32,U-Tikhonov T4/CG32,PSNR,0.06606101989746094
div2k,div2k/0864.png/sigma_0.050,div2k,0864.png,0.05000000074505806,U-Tikhonov T16/CG32,U-Tikhonov T4/CG32,PSNR,0.011203765869140625
div2k,div2k/0865.png/sigma_0.050,div2k,0865.png,0.05000000074505806,U-Tikhonov T16/CG32,U-Tikhonov T4/CG32,PSNR,0.05771827697753906
div2k,div2k/0866.png/sigma_0.050,div2k,0866.png,0.05000000074505806,U-Tikhonov T16/CG32,U-Tikhonov T4/CG32,PSNR,0.01499176025390625
div2k,div2k/0867.png/sigma_0.050,div2k,0867.png,0.05000000074505806,U-Tikhonov T16/CG32,U-Tikhonov T4/CG32,PSNR,0.030399322509765625
div2k,div2k/0868.png/sigma_0.050,div2k,0868.png,0.05000000074505806,U-Tikhonov T16/CG32,U-Tikhonov T4/CG32,PSNR,0.29541778564453125
div2k,div2k/0869.png/sigma_0.050,div2k,0869.png,0.05000000074505806,U-Tikhonov T16/CG32,U-Tikhonov T4/CG32,PSNR,-0.07032394409179688
div2k,div2k/0870.png/sigma_0.050,div2k,0870.png,0.05000000074505806,U-Tikhonov T16/CG32,U-Tikhonov T4/CG32,PSNR,0.02178192138671875
div2k,div2k/0871.png/sigma_0.050,div2k,0871.png,0.05000000074505806,U-Tikhonov T16/CG32,U-Tikhonov T4/CG32,PSNR,0.014245986938476562
div2k,div2k/0872.png/sigma_0.050,div2k,0872.png,0.05000000074505806,U-Tikhonov T16/CG32,U-Tikhonov T4/CG32,PSNR,0.09076309204101562
div2k,div2k/0873.png/sigma_0.050,div2k,0873.png,0.05000000074505806,U-Tikhonov T16/CG32,U-Tikhonov T4/CG32,PSNR,-0.0316619873046875
div2k,div2k/0874.png/sigma_0.050,div2k,0874.png,0.05000000074505806,U-Tikhonov T16/CG32,U-Tikhonov T4/CG32,PSNR,0.04504203796386719
div2k,div2k/0875.png/sigma_0.050,div2k,0875.png,0.05000000074505806,U-Tikhonov T16/CG32,U-Tikhonov T4/CG32,PSNR,-0.0861663818359375
div2k,div2k/0876.png/sigma_0.050,div2k,0876.png,0.05000000074505806,U-Tikhonov T16/CG32,U-Tikhonov T4/CG32,PSNR,-0.09000396728515625
div2k,div2k/0877.png/sigma_0.050,div2k,0877.png,0.05000000074505806,U-Tikhonov T16/CG32,U-Tikhonov T4/CG32,PSNR,0.18341445922851562
div2k,div2k/0878.png/sigma_0.050,div2k,0878.png,0.05000000074505806,U-Tikhonov T16/CG32,U-Tikhonov T4/CG32,PSNR,0.054134368896484375
div2k,div2k/0879.png/sigma_0.050,div2k,0879.png,0.05000000074505806,U-Tikhonov T16/CG32,U-Tikhonov T4/CG32,PSNR,0.15819358825683594
div2k,div2k/0880.png/sigma_0.050,div2k,0880.png,0.05000000074505806,U-Tikhonov T16/CG32,U-Tikhonov T4/CG32,PSNR,0.044124603271484375
div2k,div2k/0881.png/sigma_0.050,div2k,0881.png,0.05000000074505806,U-Tikhonov T16/CG32,U-Tikhonov T4/CG32,PSNR,0.024747848510742188
div2k,div2k/0882.png/sigma_0.050,div2k,0882.png,0.05000000074505806,U-Tikhonov T16/CG32,U-Tikhonov T4/CG32,PSNR,0.22883224487304688
div2k,div2k/0883.png/sigma_0.050,div2k,0883.png,0.05000000074505806,U-Tikhonov T16/CG32,U-Tikhonov T4/CG32,PSNR,0.02001953125
div2k,div2k/0884.png/sigma_0.050,div2k,0884.png,0.05000000074505806,U-Tikhonov T16/CG32,U-Tikhonov T4/CG32,PSNR,0.031986236572265625
div2k,div2k/0885.png/sigma_0.050,div2k,0885.png,0.05000000074505806,U-Tikhonov T16/CG32,U-Tikhonov T4/CG32,PSNR,0.019433975219726562
div2k,div2k/0886.png/sigma_0.050,div2k,0886.png,0.05000000074505806,U-Tikhonov T16/CG32,U-Tikhonov T4/CG32,PSNR,0.05516815185546875
div2k,div2k/0887.png/sigma_0.050,div2k,0887.png,0.05000000074505806,U-Tikhonov T16/CG32,U-Tikhonov T4/CG32,PSNR,-0.0509490966796875
div2k,div2k/0888.png/sigma_0.050,div2k,0888.png,0.05000000074505806,U-Tikhonov T16/CG32,U-Tikhonov T4/CG32,PSNR,0.10212135314941406
div2k,div2k/0889.png/sigma_0.050,div2k,0889.png,0.05000000074505806,U-Tikhonov T16/CG32,U-Tikhonov T4/CG32,PSNR,0.1268157958984375
div2k,div2k/0890.png/sigma_0.050,div2k,0890.png,0.05000000074505806,U-Tikhonov T16/CG32,U-Tikhonov T4/CG32,PSNR,0.10068321228027344
div2k,div2k/0891.png/sigma_0.050,div2k,0891.png,0.05000000074505806,U-Tikhonov T16/CG32,U-Tikhonov T4/CG32,PSNR,0.023366928100585938
div2k,div2k/0892.png/sigma_0.050,div2k,0892.png,0.05000000074505806,U-Tikhonov T16/CG32,U-Tikhonov T4/CG32,PSNR,0.1304759979248047
div2k,div2k/0893.png/sigma_0.050,div2k,0893.png,0.05000000074505806,U-Tikhonov T16/CG32,U-Tikhonov T4/CG32,PSNR,0.1467761993408203
div2k,div2k/0894.png/sigma_0.050,div2k,0894.png,0.05000000074505806,U-Tikhonov T16/CG32,U-Tikhonov T4/CG32,PSNR,0.10338973999023438
div2k,div2k/0895.png/sigma_0.050,div2k,0895.png,0.05000000074505806,U-Tikhonov T16/CG32,U-Tikhonov T4/CG32,PSNR,0.18962860107421875
div2k,div2k/0896.png/sigma_0.050,div2k,0896.png,0.05000000074505806,U-Tikhonov T16/CG32,U-Tikhonov T4/CG32,PSNR,0.3241424560546875
div2k,div2k/0897.png/sigma_0.050,div2k,0897.png,0.05000000074505806,U-Tikhonov T16/CG32,U-Tikhonov T4/CG32,PSNR,0.06395339965820312
div2k,div2k/0898.png/sigma_0.050,div2k,0898.png,0.05000000074505806,U-Tikhonov T16/CG32,U-Tikhonov T4/CG32,PSNR,0.13696670532226562
div2k,div2k/0899.png/sigma_0.050,div2k,0899.png,0.05000000074505806,U-Tikhonov T16/CG32,U-Tikhonov T4/CG32,PSNR,0.23395156860351562
div2k,div2k/0900.png/sigma_0.050,div2k,0900.png,0.05000000074505806,U-Tikhonov T16/CG32,U-Tikhonov T4/CG32,PSNR,-0.029237747192382812
div2k,div2k/0801.png/sigma_0.050,div2k,0801.png,0.05000000074505806,U-Tikhonov T16/CG32,U-Tikhonov T4/CG32,SSIM,-6.335973739624023e-05
div2k,div2k/0802.png/sigma_0.050,div2k,0802.png,0.05000000074505806,U-Tikhonov T16/CG32,U-Tikhonov T4/CG32,SSIM,0.0035856962203979492
div2k,div2k/0803.png/sigma_0.050,div2k,0803.png,0.05000000074505806,U-Tikhonov T16/CG32,U-Tikhonov T4/CG32,SSIM,0.0017592310905456543
div2k,div2k/0804.png/sigma_0.050,div2k,0804.png,0.05000000074505806,U-Tikhonov T16/CG32,U-Tikhonov T4/CG32,SSIM,0.000767827033996582
div2k,div2k/0805.png/sigma_0.050,div2k,0805.png,0.05000000074505806,U-Tikhonov T16/CG32,U-Tikhonov T4/CG32,SSIM,0.00038683414459228516
div2k,div2k/0806.png/sigma_0.050,div2k,0806.png,0.05000000074505806,U-Tikhonov T16/CG32,U-Tikhonov T4/CG32,SSIM,-0.0006132125854492188
div2k,div2k/0807.png/sigma_0.050,div2k,0807.png,0.05000000074505806,U-Tikhonov T16/CG32,U-Tikhonov T4/CG32,SSIM,-0.0023456811904907227
div2k,div2k/0808.png/sigma_0.050,div2k,0808.png,0.05000000074505806,U-Tikhonov T16/CG32,U-Tikhonov T4/CG32,SSIM,0.0016927719116210938
div2k,div2k/0809.png/sigma_0.050,div2k,0809.png,0.05000000074505806,U-Tikhonov T16/CG32,U-Tikhonov T4/CG32,SSIM,-0.0016955137252807617
div2k,div2k/0810.png/sigma_0.050,div2k,0810.png,0.05000000074505806,U-Tikhonov T16/CG32,U-Tikhonov T4/CG32,SSIM,-0.0019495487213134766
div2k,div2k/0811.png/sigma_0.050,div2k,0811.png,0.05000000074505806,U-Tikhonov T16/CG32,U-Tikhonov T4/CG32,SSIM,-0.003724396228790283
div2k,div2k/0812.png/sigma_0.050,div2k,0812.png,0.05000000074505806,U-Tikhonov T16/CG32,U-Tikhonov T4/CG32,SSIM,6.80088996887207e-05
div2k,div2k/0813.png/sigma_0.050,div2k,0813.png,0.05000000074505806,U-Tikhonov T16/CG32,U-Tikhonov T4/CG32,SSIM,0.00141143798828125
div2k,div2k/0814.png/sigma_0.050,div2k,0814.png,0.05000000074505806,U-Tikhonov T16/CG32,U-Tikhonov T4/CG32,SSIM,0.007407784461975098
div2k,div2k/0815.png/sigma_0.050,div2k,0815.png,0.05000000074505806,U-Tikhonov T16/CG32,U-Tikhonov T4/CG32,SSIM,0.0015874505043029785
div2k,div2k/0816.png/sigma_0.050,div2k,0816.png,0.05000000074505806,U-Tikhonov T16/CG32,U-Tikhonov T4/CG32,SSIM,-0.0009586811065673828
div2k,div2k/0817.png/sigma_0.050,div2k,0817.png,0.05000000074505806,U-Tikhonov T16/CG32,U-Tikhonov T4/CG32,SSIM,0.002459883689880371
div2k,div2k/0818.png/sigma_0.050,div2k,0818.png,0.05000000074505806,U-Tikhonov T16/CG32,U-Tikhonov T4/CG32,SSIM,0.0003581047058105469
div2k,div2k/0819.png/sigma_0.050,div2k,0819.png,0.05000000074505806,U-Tikhonov T16/CG32,U-Tikhonov T4/CG32,SSIM,-0.0008795261383056641
div2k,div2k/0820.png/sigma_0.050,div2k,0820.png,0.05000000074505806,U-Tikhonov T16/CG32,U-Tikhonov T4/CG32,SSIM,-0.0020785927772521973
div2k,div2k/0821.png/sigma_0.050,div2k,0821.png,0.05000000074505806,U-Tikhonov T16/CG32,U-Tikhonov T4/CG32,SSIM,0.002119898796081543
div2k,div2k/0822.png/sigma_0.050,div2k,0822.png,0.05000000074505806,U-Tikhonov T16/CG32,U-Tikhonov T4/CG32,SSIM,-0.0014424920082092285
div2k,div2k/0823.png/sigma_0.050,div2k,0823.png,0.05000000074505806,U-Tikhonov T16/CG32,U-Tikhonov T4/CG32,SSIM,0.003456592559814453
div2k,div2k/0824.png/sigma_0.050,div2k,0824.png,0.05000000074505806,U-Tikhonov T16/CG32,U-Tikhonov T4/CG32,SSIM,0.0008868575096130371
div2k,div2k/0825.png/sigma_0.050,div2k,0825.png,0.05000000074505806,U-Tikhonov T16/CG32,U-Tikhonov T4/CG32,SSIM,0.0019207596778869629
div2k,div2k/0826.png/sigma_0.050,div2k,0826.png,0.05000000074505806,U-Tikhonov T16/CG32,U-Tikhonov T4/CG32,SSIM,0.0008072853088378906
div2k,div2k/0827.png/sigma_0.050,div2k,0827.png,0.05000000074505806,U-Tikhonov T16/CG32,U-Tikhonov T4/CG32,SSIM,-0.0008771419525146484
div2k,div2k/0828.png/sigma_0.050,div2k,0828.png,0.05000000074505806,U-Tikhonov T16/CG32,U-Tikhonov T4/CG32,SSIM,0.003964722156524658
div2k,div2k/0829.png/sigma_0.050,div2k,0829.png,0.05000000074505806,U-Tikhonov T16/CG32,U-Tikhonov T4/CG32,SSIM,0.0017421245574951172
div2k,div2k/0830.png/sigma_0.050,div2k,0830.png,0.05000000074505806,U-Tikhonov T16/CG32,U-Tikhonov T4/CG32,SSIM,0.0001882314682006836
div2k,div2k/0831.png/sigma_0.050,div2k,0831.png,0.05000000074505806,U-Tikhonov T16/CG32,U-Tikhonov T4/CG32,SSIM,-0.0012656450271606445
div2k,div2k/0832.png/sigma_0.050,div2k,0832.png,0.05000000074505806,U-Tikhonov T16/CG32,U-Tikhonov T4/CG32,SSIM,0.0004469752311706543
div2k,div2k/0833.png/sigma_0.050,div2k,0833.png,0.05000000074505806,U-Tikhonov T16/CG32,U-Tikhonov T4/CG32,SSIM,0.0032302141189575195
div2k,div2k/0834.png/sigma_0.050,div2k,0834.png,0.05000000074505806,U-Tikhonov T16/CG32,U-Tikhonov T4/CG32,SSIM,0.00032711029052734375
div2k,div2k/0835.png/sigma_0.050,div2k,0835.png,0.05000000074505806,U-Tikhonov T16/CG32,U-Tikhonov T4/CG32,SSIM,-0.00480419397354126
div2k,div2k/0836.png/sigma_0.050,div2k,0836.png,0.05000000074505806,U-Tikhonov T16/CG32,U-Tikhonov T4/CG32,SSIM,0.0016045570373535156
div2k,div2k/0837.png/sigma_0.050,div2k,0837.png,0.05000000074505806,U-Tikhonov T16/CG32,U-Tikhonov T4/CG32,SSIM,-0.00010973215103149414
div2k,div2k/0838.png/sigma_0.050,div2k,0838.png,0.05000000074505806,U-Tikhonov T16/CG32,U-Tikhonov T4/CG32,SSIM,0.0037078857421875
div2k,div2k/0839.png/sigma_0.050,div2k,0839.png,0.05000000074505806,U-Tikhonov T16/CG32,U-Tikhonov T4/CG32,SSIM,-0.0006154179573059082
div2k,div2k/0840.png/sigma_0.050,div2k,0840.png,0.05000000074505806,U-Tikhonov T16/CG32,U-Tikhonov T4/CG32,SSIM,-0.001662909984588623
div2k,div2k/0841.png/sigma_0.050,div2k,0841.png,0.05000000074505806,U-Tikhonov T16/CG32,U-Tikhonov T4/CG32,SSIM,-0.0015659332275390625
div2k,div2k/0842.png/sigma_0.050,div2k,0842.png,0.05000000074505806,U-Tikhonov T16/CG32,U-Tikhonov T4/CG32,SSIM,-0.0004512667655944824
div2k,div2k/0843.png/sigma_0.050,div2k,0843.png,0.05000000074505806,U-Tikhonov T16/CG32,U-Tikhonov T4/CG32,SSIM,0.009756982326507568
div2k,div2k/0844.png/sigma_0.050,div2k,0844.png,0.05000000074505806,U-Tikhonov T16/CG32,U-Tikhonov T4/CG32,SSIM,0.0017746686935424805
div2k,div2k/0845.png/sigma_0.050,div2k,0845.png,0.05000000074505806,U-Tikhonov T16/CG32,U-Tikhonov T4/CG32,SSIM,-0.004168450832366943
div2k,div2k/0846.png/sigma_0.050,div2k,0846.png,0.05000000074505806,U-Tikhonov T16/CG32,U-Tikhonov T4/CG32,SSIM,-0.0029618144035339355
div2k,div2k/0847.png/sigma_0.050,div2k,0847.png,0.05000000074505806,U-Tikhonov T16/CG32,U-Tikhonov T4/CG32,SSIM,0.000751197338104248
div2k,div2k/0848.png/sigma_0.050,div2k,0848.png,0.05000000074505806,U-Tikhonov T16/CG32,U-Tikhonov T4/CG32,SSIM,0.002562284469604492
div2k,div2k/0849.png/sigma_0.050,div2k,0849.png,0.05000000074505806,U-Tikhonov T16/CG32,U-Tikhonov T4/CG32,SSIM,-0.0008202791213989258
div2k,div2k/0850.png/sigma_0.050,div2k,0850.png,0.05000000074505806,U-Tikhonov T16/CG32,U-Tikhonov T4/CG32,SSIM,9.167194366455078e-05
div2k,div2k/0851.png/sigma_0.050,div2k,0851.png,0.05000000074505806,U-Tikhonov T16/CG32,U-Tikhonov T4/CG32,SSIM,0.006102025508880615
div2k,div2k/0852.png/sigma_0.050,div2k,0852.png,0.05000000074505806,U-Tikhonov T16/CG32,U-Tikhonov T4/CG32,SSIM,-0.005198061466217041
div2k,div2k/0853.png/sigma_0.050,div2k,0853.png,0.05000000074505806,U-Tikhonov T16/CG32,U-Tikhonov T4/CG32,SSIM,0.003922462463378906
div2k,div2k/0854.png/sigma_0.050,div2k,0854.png,0.05000000074505806,U-Tikhonov T16/CG32,U-Tikhonov T4/CG32,SSIM,0.002270638942718506
div2k,div2k/0855.png/sigma_0.050,div2k,0855.png,0.05000000074505806,U-Tikhonov T16/CG32,U-Tikhonov T4/CG32,SSIM,-0.0006857514381408691
div2k,div2k/0856.png/sigma_0.050,div2k,0856.png,0.05000000074505806,U-Tikhonov T16/CG32,U-Tikhonov T4/CG32,SSIM,-0.004456162452697754
div2k,div2k/0857.png/sigma_0.050,div2k,0857.png,0.05000000074505806,U-Tikhonov T16/CG32,U-Tikhonov T4/CG32,SSIM,0.0023827552795410156
div2k,div2k/0858.png/sigma_0.050,div2k,0858.png,0.05000000074505806,U-Tikhonov T16/CG32,U-Tikhonov T4/CG32,SSIM,-0.008656859397888184
div2k,div2k/0859.png/sigma_0.050,div2k,0859.png,0.05000000074505806,U-Tikhonov T16/CG32,U-Tikhonov T4/CG32,SSIM,0.0002186298370361328
div2k,div2k/0860.png/sigma_0.050,div2k,0860.png,0.05000000074505806,U-Tikhonov T16/CG32,U-Tikhonov T4/CG32,SSIM,-0.0005886554718017578
div2k,div2k/0861.png/sigma_0.050,div2k,0861.png,0.05000000074505806,U-Tikhonov T16/CG32,U-Tikhonov T4/CG32,SSIM,-0.012611865997314453
div2k,div2k/0862.png/sigma_0.050,div2k,0862.png,0.05000000074505806,U-Tikhonov T16/CG32,U-Tikhonov T4/CG32,SSIM,0.0011138319969177246
div2k,div2k/0863.png/sigma_0.050,div2k,0863.png,0.05000000074505806,U-Tikhonov T16/CG32,U-Tikhonov T4/CG32,SSIM,0.002577543258666992
div2k,div2k/0864.png/sigma_0.050,div2k,0864.png,0.05000000074505806,U-Tikhonov T16/CG32,U-Tikhonov T4/CG32,SSIM,-0.0012188553810119629
div2k,div2k/0865.png/sigma_0.050,div2k,0865.png,0.05000000074505806,U-Tikhonov T16/CG32,U-Tikhonov T4/CG32,SSIM,0.0003114938735961914
div2k,div2k/0866.png/sigma_0.050,div2k,0866.png,0.05000000074505806,U-Tikhonov T16/CG32,U-Tikhonov T4/CG32,SSIM,-0.0012983083724975586
div2k,div2k/0867.png/sigma_0.050,div2k,0867.png,0.05000000074505806,U-Tikhonov T16/CG32,U-Tikhonov T4/CG32,SSIM,-0.0006135106086730957
div2k,div2k/0868.png/sigma_0.050,div2k,0868.png,0.05000000074505806,U-Tikhonov T16/CG32,U-Tikhonov T4/CG32,SSIM,0.010353446006774902
div2k,div2k/0869.png/sigma_0.050,div2k,0869.png,0.05000000074505806,U-Tikhonov T16/CG32,U-Tikhonov T4/CG32,SSIM,-0.0013384222984313965
div2k,div2k/0870.png/sigma_0.050,div2k,0870.png,0.05000000074505806,U-Tikhonov T16/CG32,U-Tikhonov T4/CG32,SSIM,-0.0004432201385498047
div2k,div2k/0871.png/sigma_0.050,div2k,0871.png,0.05000000074505806,U-Tikhonov T16/CG32,U-Tikhonov T4/CG32,SSIM,1.4603137969970703e-05
div2k,div2k/0872.png/sigma_0.050,div2k,0872.png,0.05000000074505806,U-Tikhonov T16/CG32,U-Tikhonov T4/CG32,SSIM,-0.0006178021430969238
div2k,div2k/0873.png/sigma_0.050,div2k,0873.png,0.05000000074505806,U-Tikhonov T16/CG32,U-Tikhonov T4/CG32,SSIM,-0.0010005831718444824
div2k,div2k/0874.png/sigma_0.050,div2k,0874.png,0.05000000074505806,U-Tikhonov T16/CG32,U-Tikhonov T4/CG32,SSIM,-0.0006871819496154785
div2k,div2k/0875.png/sigma_0.050,div2k,0875.png,0.05000000074505806,U-Tikhonov T16/CG32,U-Tikhonov T4/CG32,SSIM,-0.0015017986297607422
div2k,div2k/0876.png/sigma_0.050,div2k,0876.png,0.05000000074505806,U-Tikhonov T16/CG32,U-Tikhonov T4/CG32,SSIM,-0.006684064865112305
div2k,div2k/0877.png/sigma_0.050,div2k,0877.png,0.05000000074505806,U-Tikhonov T16/CG32,U-Tikhonov T4/CG32,SSIM,0.00302964448928833
div2k,div2k/0878.png/sigma_0.050,div2k,0878.png,0.05000000074505806,U-Tikhonov T16/CG32,U-Tikhonov T4/CG32,SSIM,0.0003447532653808594
div2k,div2k/0879.png/sigma_0.050,div2k,0879.png,0.05000000074505806,U-Tikhonov T16/CG32,U-Tikhonov T4/CG32,SSIM,0.006313145160675049
div2k,div2k/0880.png/sigma_0.050,div2k,0880.png,0.05000000074505806,U-Tikhonov T16/CG32,U-Tikhonov T4/CG32,SSIM,0.0018213987350463867
div2k,div2k/0881.png/sigma_0.050,div2k,0881.png,0.05000000074505806,U-Tikhonov T16/CG32,U-Tikhonov T4/CG32,SSIM,-0.00032770633697509766
div2k,div2k/0882.png/sigma_0.050,div2k,0882.png,0.05000000074505806,U-Tikhonov T16/CG32,U-Tikhonov T4/CG32,SSIM,0.002689063549041748
div2k,div2k/0883.png/sigma_0.050,div2k,0883.png,0.05000000074505806,U-Tikhonov T16/CG32,U-Tikhonov T4/CG32,SSIM,-0.0006339550018310547
div2k,div2k/0884.png/sigma_0.050,div2k,0884.png,0.05000000074505806,U-Tikhonov T16/CG32,U-Tikhonov T4/CG32,SSIM,9.22083854675293e-05
div2k,div2k/0885.png/sigma_0.050,div2k,0885.png,0.05000000074505806,U-Tikhonov T16/CG32,U-Tikhonov T4/CG32,SSIM,-0.0026377439498901367
div2k,div2k/0886.png/sigma_0.050,div2k,0886.png,0.05000000074505806,U-Tikhonov T16/CG32,U-Tikhonov T4/CG32,SSIM,0.0008466243743896484
div2k,div2k/0887.png/sigma_0.050,div2k,0887.png,0.05000000074505806,U-Tikhonov T16/CG32,U-Tikhonov T4/CG32,SSIM,-0.001515030860900879
div2k,div2k/0888.png/sigma_0.050,div2k,0888.png,0.05000000074505806,U-Tikhonov T16/CG32,U-Tikhonov T4/CG32,SSIM,0.00040143728256225586
div2k,div2k/0889.png/sigma_0.050,div2k,0889.png,0.05000000074505806,U-Tikhonov T16/CG32,U-Tikhonov T4/CG32,SSIM,0.00041556358337402344
div2k,div2k/0890.png/sigma_0.050,div2k,0890.png,0.05000000074505806,U-Tikhonov T16/CG32,U-Tikhonov T4/CG32,SSIM,0.004479706287384033
div2k,div2k/0891.png/sigma_0.050,div2k,0891.png,0.05000000074505806,U-Tikhonov T16/CG32,U-Tikhonov T4/CG32,SSIM,-0.00044476985931396484
div2k,div2k/0892.png/sigma_0.050,div2k,0892.png,0.05000000074505806,U-Tikhonov T16/CG32,U-Tikhonov T4/CG32,SSIM,0.0005626082420349121
div2k,div2k/0893.png/sigma_0.050,div2k,0893.png,0.05000000074505806,U-Tikhonov T16/CG32,U-Tikhonov T4/CG32,SSIM,0.0029262304306030273
div2k,div2k/0894.png/sigma_0.050,div2k,0894.png,0.05000000074505806,U-Tikhonov T16/CG32,U-Tikhonov T4/CG32,SSIM,0.000742793083190918
div2k,div2k/0895.png/sigma_0.050,div2k,0895.png,0.05000000074505806,U-Tikhonov T16/CG32,U-Tikhonov T4/CG32,SSIM,0.0017319917678833008
div2k,div2k/0896.png/sigma_0.050,div2k,0896.png,0.05000000074505806,U-Tikhonov T16/CG32,U-Tikhonov T4/CG32,SSIM,0.005226552486419678
div2k,div2k/0897.png/sigma_0.050,div2k,0897.png,0.05000000074505806,U-Tikhonov T16/CG32,U-Tikhonov T4/CG32,SSIM,0.0006897449493408203
div2k,div2k/0898.png/sigma_0.050,div2k,0898.png,0.05000000074505806,U-Tikhonov T16/CG32,U-Tikhonov T4/CG32,SSIM,0.007651567459106445
div2k,div2k/0899.png/sigma_0.050,div2k,0899.png,0.05000000074505806,U-Tikhonov T16/CG32,U-Tikhonov T4/CG32,SSIM,0.0036066770553588867
div2k,div2k/0900.png/sigma_0.050,div2k,0900.png,0.05000000074505806,U-Tikhonov T16/CG32,U-Tikhonov T4/CG32,SSIM,-0.002310633659362793
div2k,div2k/0801.png/sigma_0.050,div2k,0801.png,0.05000000074505806,U-Tikhonov T16/CG64,U-Tikhonov T4/CG64,PSNR,-0.1051483154296875
div2k,div2k/0802.png/sigma_0.050,div2k,0802.png,0.05000000074505806,U-Tikhonov T16/CG64,U-Tikhonov T4/CG64,PSNR,0.02849578857421875
div2k,div2k/0803.png/sigma_0.050,div2k,0803.png,0.05000000074505806,U-Tikhonov T16/CG64,U-Tikhonov T4/CG64,PSNR,0.0526580810546875
div2k,div2k/0804.png/sigma_0.050,div2k,0804.png,0.05000000074505806,U-Tikhonov T16/CG64,U-Tikhonov T4/CG64,PSNR,-0.08484268188476562
div2k,div2k/0805.png/sigma_0.050,div2k,0805.png,0.05000000074505806,U-Tikhonov T16/CG64,U-Tikhonov T4/CG64,PSNR,-0.1463146209716797
div2k,div2k/0806.png/sigma_0.050,div2k,0806.png,0.05000000074505806,U-Tikhonov T16/CG64,U-Tikhonov T4/CG64,PSNR,-0.12609100341796875
div2k,div2k/0807.png/sigma_0.050,div2k,0807.png,0.05000000074505806,U-Tikhonov T16/CG64,U-Tikhonov T4/CG64,PSNR,-0.159088134765625
div2k,div2k/0808.png/sigma_0.050,div2k,0808.png,0.05000000074505806,U-Tikhonov T16/CG64,U-Tikhonov T4/CG64,PSNR,0.14887619018554688
div2k,div2k/0809.png/sigma_0.050,div2k,0809.png,0.05000000074505806,U-Tikhonov T16/CG64,U-Tikhonov T4/CG64,PSNR,-0.06603431701660156
div2k,div2k/0810.png/sigma_0.050,div2k,0810.png,0.05000000074505806,U-Tikhonov T16/CG64,U-Tikhonov T4/CG64,PSNR,-0.17456436157226562
div2k,div2k/0811.png/sigma_0.050,div2k,0811.png,0.05000000074505806,U-Tikhonov T16/CG64,U-Tikhonov T4/CG64,PSNR,-0.220703125
div2k,div2k/0812.png/sigma_0.050,div2k,0812.png,0.05000000074505806,U-Tikhonov T16/CG64,U-Tikhonov T4/CG64,PSNR,-0.024169921875
div2k,div2k/0813.png/sigma_0.050,div2k,0813.png,0.05000000074505806,U-Tikhonov T16/CG64,U-Tikhonov T4/CG64,PSNR,-0.032978057861328125
div2k,div2k/0814.png/sigma_0.050,div2k,0814.png,0.05000000074505806,U-Tikhonov T16/CG64,U-Tikhonov T4/CG64,PSNR,0.07610702514648438
div2k,div2k/0815.png/sigma_0.050,div2k,0815.png,0.05000000074505806,U-Tikhonov T16/CG64,U-Tikhonov T4/CG64,PSNR,0.01406097412109375
div2k,div2k/0816.png/sigma_0.050,div2k,0816.png,0.05000000074505806,U-Tikhonov T16/CG64,U-Tikhonov T4/CG64,PSNR,-0.030780792236328125
div2k,div2k/0817.png/sigma_0.050,div2k,0817.png,0.05000000074505806,U-Tikhonov T16/CG64,U-Tikhonov T4/CG64,PSNR,-0.0196533203125
div2k,div2k/0818.png/sigma_0.050,div2k,0818.png,0.05000000074505806,U-Tikhonov T16/CG64,U-Tikhonov T4/CG64,PSNR,-0.1339740753173828
div2k,div2k/0819.png/sigma_0.050,div2k,0819.png,0.05000000074505806,U-Tikhonov T16/CG64,U-Tikhonov T4/CG64,PSNR,-0.1538219451904297
div2k,div2k/0820.png/sigma_0.050,div2k,0820.png,0.05000000074505806,U-Tikhonov T16/CG64,U-Tikhonov T4/CG64,PSNR,-0.6680107116699219
div2k,div2k/0821.png/sigma_0.050,div2k,0821.png,0.05000000074505806,U-Tikhonov T16/CG64,U-Tikhonov T4/CG64,PSNR,-0.34203529357910156
div2k,div2k/0822.png/sigma_0.050,div2k,0822.png,0.05000000074505806,U-Tikhonov T16/CG64,U-Tikhonov T4/CG64,PSNR,-0.23137474060058594
div2k,div2k/0823.png/sigma_0.050,div2k,0823.png,0.05000000074505806,U-Tikhonov T16/CG64,U-Tikhonov T4/CG64,PSNR,-0.07719612121582031
div2k,div2k/0824.png/sigma_0.050,div2k,0824.png,0.05000000074505806,U-Tikhonov T16/CG64,U-Tikhonov T4/CG64,PSNR,0.05557060241699219
div2k,div2k/0825.png/sigma_0.050,div2k,0825.png,0.05000000074505806,U-Tikhonov T16/CG64,U-Tikhonov T4/CG64,PSNR,0.0133514404296875
div2k,div2k/0826.png/sigma_0.050,div2k,0826.png,0.05000000074505806,U-Tikhonov T16/CG64,U-Tikhonov T4/CG64,PSNR,-0.11137008666992188
div2k,div2k/0827.png/sigma_0.050,div2k,0827.png,0.05000000074505806,U-Tikhonov T16/CG64,U-Tikhonov T4/CG64,PSNR,-0.17482757568359375
div2k,div2k/0828.png/sigma_0.050,div2k,0828.png,0.05000000074505806,U-Tikhonov T16/CG64,U-Tikhonov T4/CG64,PSNR,-0.8870677947998047
div2k,div2k/0829.png/sigma_0.050,div2k,0829.png,0.05000000074505806,U-Tikhonov T16/CG64,U-Tikhonov T4/CG64,PSNR,-0.023723602294921875
div2k,div2k/0830.png/sigma_0.050,div2k,0830.png,0.05000000074505806,U-Tikhonov T16/CG64,U-Tikhonov T4/CG64,PSNR,-0.10421180725097656
div2k,div2k/0831.png/sigma_0.050,div2k,0831.png,0.05000000074505806,U-Tikhonov T16/CG64,U-Tikhonov T4/CG64,PSNR,-0.0452423095703125
div2k,div2k/0832.png/sigma_0.050,div2k,0832.png,0.05000000074505806,U-Tikhonov T16/CG64,U-Tikhonov T4/CG64,PSNR,-0.020063400268554688
div2k,div2k/0833.png/sigma_0.050,div2k,0833.png,0.05000000074505806,U-Tikhonov T16/CG64,U-Tikhonov T4/CG64,PSNR,-0.11590766906738281
div2k,div2k/0834.png/sigma_0.050,div2k,0834.png,0.05000000074505806,U-Tikhonov T16/CG64,U-Tikhonov T4/CG64,PSNR,-0.004146575927734375
div2k,div2k/0835.png/sigma_0.050,div2k,0835.png,0.05000000074505806,U-Tikhonov T16/CG64,U-Tikhonov T4/CG64,PSNR,-0.1206817626953125
div2k,div2k/0836.png/sigma_0.050,div2k,0836.png,0.05000000074505806,U-Tikhonov T16/CG64,U-Tikhonov T4/CG64,PSNR,0.05317115783691406
div2k,div2k/0837.png/sigma_0.050,div2k,0837.png,0.05000000074505806,U-Tikhonov T16/CG64,U-Tikhonov T4/CG64,PSNR,-0.07350730895996094
div2k,div2k/0838.png/sigma_0.050,div2k,0838.png,0.05000000074505806,U-Tikhonov T16/CG64,U-Tikhonov T4/CG64,PSNR,0.058574676513671875
div2k,div2k/0839.png/sigma_0.050,div2k,0839.png,0.05000000074505806,U-Tikhonov T16/CG64,U-Tikhonov T4/CG64,PSNR,-0.09839248657226562
div2k,div2k/0840.png/sigma_0.050,div2k,0840.png,0.05000000074505806,U-Tikhonov T16/CG64,U-Tikhonov T4/CG64,PSNR,-0.09890556335449219
div2k,div2k/0841.png/sigma_0.050,div2k,0841.png,0.05000000074505806,U-Tikhonov T16/CG64,U-Tikhonov T4/CG64,PSNR,-0.25606727600097656
div2k,div2k/0842.png/sigma_0.050,div2k,0842.png,0.05000000074505806,U-Tikhonov T16/CG64,U-Tikhonov T4/CG64,PSNR,-0.11571121215820312
div2k,div2k/0843.png/sigma_0.050,div2k,0843.png,0.05000000074505806,U-Tikhonov T16/CG64,U-Tikhonov T4/CG64,PSNR,0.20251846313476562
div2k,div2k/0844.png/sigma_0.050,div2k,0844.png,0.05000000074505806,U-Tikhonov T16/CG64,U-Tikhonov T4/CG64,PSNR,0.11020660400390625
div2k,div2k/0845.png/sigma_0.050,div2k,0845.png,0.05000000074505806,U-Tikhonov T16/CG64,U-Tikhonov T4/CG64,PSNR,-0.18553924560546875
div2k,div2k/0846.png/sigma_0.050,div2k,0846.png,0.05000000074505806,U-Tikhonov T16/CG64,U-Tikhonov T4/CG64,PSNR,-0.2580757141113281
div2k,div2k/0847.png/sigma_0.050,div2k,0847.png,0.05000000074505806,U-Tikhonov T16/CG64,U-Tikhonov T4/CG64,PSNR,0.01751708984375
div2k,div2k/0848.png/sigma_0.050,div2k,0848.png,0.05000000074505806,U-Tikhonov T16/CG64,U-Tikhonov T4/CG64,PSNR,-0.010854721069335938
div2k,div2k/0849.png/sigma_0.050,div2k,0849.png,0.05000000074505806,U-Tikhonov T16/CG64,U-Tikhonov T4/CG64,PSNR,-0.16676902770996094
div2k,div2k/0850.png/sigma_0.050,div2k,0850.png,0.05000000074505806,U-Tikhonov T16/CG64,U-Tikhonov T4/CG64,PSNR,0.024900436401367188
div2k,div2k/0851.png/sigma_0.050,div2k,0851.png,0.05000000074505806,U-Tikhonov T16/CG64,U-Tikhonov T4/CG64,PSNR,-0.00955963134765625
div2k,div2k/0852.png/sigma_0.050,div2k,0852.png,0.05000000074505806,U-Tikhonov T16/CG64,U-Tikhonov T4/CG64,PSNR,-0.15583419799804688
div2k,div2k/0853.png/sigma_0.050,div2k,0853.png,0.05000000074505806,U-Tikhonov T16/CG64,U-Tikhonov T4/CG64,PSNR,0.003269195556640625
div2k,div2k/0854.png/sigma_0.050,div2k,0854.png,0.05000000074505806,U-Tikhonov T16/CG64,U-Tikhonov T4/CG64,PSNR,-0.15185546875
div2k,div2k/0855.png/sigma_0.050,div2k,0855.png,0.05000000074505806,U-Tikhonov T16/CG64,U-Tikhonov T4/CG64,PSNR,-0.3986644744873047
div2k,div2k/0856.png/sigma_0.050,div2k,0856.png,0.05000000074505806,U-Tikhonov T16/CG64,U-Tikhonov T4/CG64,PSNR,-0.3337135314941406
div2k,div2k/0857.png/sigma_0.050,div2k,0857.png,0.05000000074505806,U-Tikhonov T16/CG64,U-Tikhonov T4/CG64,PSNR,-0.06084442138671875
div2k,div2k/0858.png/sigma_0.050,div2k,0858.png,0.05000000074505806,U-Tikhonov T16/CG64,U-Tikhonov T4/CG64,PSNR,-0.2497406005859375
div2k,div2k/0859.png/sigma_0.050,div2k,0859.png,0.05000000074505806,U-Tikhonov T16/CG64,U-Tikhonov T4/CG64,PSNR,-0.11625862121582031
div2k,div2k/0860.png/sigma_0.050,div2k,0860.png,0.05000000074505806,U-Tikhonov T16/CG64,U-Tikhonov T4/CG64,PSNR,-0.24169921875
div2k,div2k/0861.png/sigma_0.050,div2k,0861.png,0.05000000074505806,U-Tikhonov T16/CG64,U-Tikhonov T4/CG64,PSNR,-0.3470325469970703
div2k,div2k/0862.png/sigma_0.050,div2k,0862.png,0.05000000074505806,U-Tikhonov T16/CG64,U-Tikhonov T4/CG64,PSNR,-0.042308807373046875
div2k,div2k/0863.png/sigma_0.050,div2k,0863.png,0.05000000074505806,U-Tikhonov T16/CG64,U-Tikhonov T4/CG64,PSNR,0.10944557189941406
div2k,div2k/0864.png/sigma_0.050,div2k,0864.png,0.05000000074505806,U-Tikhonov T16/CG64,U-Tikhonov T4/CG64,PSNR,-0.08036041259765625
div2k,div2k/0865.png/sigma_0.050,div2k,0865.png,0.05000000074505806,U-Tikhonov T16/CG64,U-Tikhonov T4/CG64,PSNR,-0.05320549011230469
div2k,div2k/0866.png/sigma_0.050,div2k,0866.png,0.05000000074505806,U-Tikhonov T16/CG64,U-Tikhonov T4/CG64,PSNR,-0.10461807250976562
div2k,div2k/0867.png/sigma_0.050,div2k,0867.png,0.05000000074505806,U-Tikhonov T16/CG64,U-Tikhonov T4/CG64,PSNR,-0.08541297912597656
div2k,div2k/0868.png/sigma_0.050,div2k,0868.png,0.05000000074505806,U-Tikhonov T16/CG64,U-Tikhonov T4/CG64,PSNR,0.3371162414550781
div2k,div2k/0869.png/sigma_0.050,div2k,0869.png,0.05000000074505806,U-Tikhonov T16/CG64,U-Tikhonov T4/CG64,PSNR,-0.09039688110351562
div2k,div2k/0870.png/sigma_0.050,div2k,0870.png,0.05000000074505806,U-Tikhonov T16/CG64,U-Tikhonov T4/CG64,PSNR,-0.205841064453125
div2k,div2k/0871.png/sigma_0.050,div2k,0871.png,0.05000000074505806,U-Tikhonov T16/CG64,U-Tikhonov T4/CG64,PSNR,-0.019590377807617188
div2k,div2k/0872.png/sigma_0.050,div2k,0872.png,0.05000000074505806,U-Tikhonov T16/CG64,U-Tikhonov T4/CG64,PSNR,-0.08624267578125
div2k,div2k/0873.png/sigma_0.050,div2k,0873.png,0.05000000074505806,U-Tikhonov T16/CG64,U-Tikhonov T4/CG64,PSNR,-0.1527118682861328
div2k,div2k/0874.png/sigma_0.050,div2k,0874.png,0.05000000074505806,U-Tikhonov T16/CG64,U-Tikhonov T4/CG64,PSNR,-0.047821044921875
div2k,div2k/0875.png/sigma_0.050,div2k,0875.png,0.05000000074505806,U-Tikhonov T16/CG64,U-Tikhonov T4/CG64,PSNR,0.03461265563964844
div2k,div2k/0876.png/sigma_0.050,div2k,0876.png,0.05000000074505806,U-Tikhonov T16/CG64,U-Tikhonov T4/CG64,PSNR,-0.21336936950683594
div2k,div2k/0877.png/sigma_0.050,div2k,0877.png,0.05000000074505806,U-Tikhonov T16/CG64,U-Tikhonov T4/CG64,PSNR,0.0861053466796875
div2k,div2k/0878.png/sigma_0.050,div2k,0878.png,0.05000000074505806,U-Tikhonov T16/CG64,U-Tikhonov T4/CG64,PSNR,-0.06052970886230469
div2k,div2k/0879.png/sigma_0.050,div2k,0879.png,0.05000000074505806,U-Tikhonov T16/CG64,U-Tikhonov T4/CG64,PSNR,0.017393112182617188
div2k,div2k/0880.png/sigma_0.050,div2k,0880.png,0.05000000074505806,U-Tikhonov T16/CG64,U-Tikhonov T4/CG64,PSNR,-0.0576019287109375
div2k,div2k/0881.png/sigma_0.050,div2k,0881.png,0.05000000074505806,U-Tikhonov T16/CG64,U-Tikhonov T4/CG64,PSNR,-0.07146835327148438
div2k,div2k/0882.png/sigma_0.050,div2k,0882.png,0.05000000074505806,U-Tikhonov T16/CG64,U-Tikhonov T4/CG64,PSNR,0.03967475891113281
div2k,div2k/0883.png/sigma_0.050,div2k,0883.png,0.05000000074505806,U-Tikhonov T16/CG64,U-Tikhonov T4/CG64,PSNR,-0.13248443603515625
div2k,div2k/0884.png/sigma_0.050,div2k,0884.png,0.05000000074505806,U-Tikhonov T16/CG64,U-Tikhonov T4/CG64,PSNR,-0.08209991455078125
div2k,div2k/0885.png/sigma_0.050,div2k,0885.png,0.05000000074505806,U-Tikhonov T16/CG64,U-Tikhonov T4/CG64,PSNR,-0.31879425048828125
div2k,div2k/0886.png/sigma_0.050,div2k,0886.png,0.05000000074505806,U-Tikhonov T16/CG64,U-Tikhonov T4/CG64,PSNR,0.05029296875
div2k,div2k/0887.png/sigma_0.050,div2k,0887.png,0.05000000074505806,U-Tikhonov T16/CG64,U-Tikhonov T4/CG64,PSNR,-0.18024253845214844
div2k,div2k/0888.png/sigma_0.050,div2k,0888.png,0.05000000074505806,U-Tikhonov T16/CG64,U-Tikhonov T4/CG64,PSNR,-0.00658416748046875
div2k,div2k/0889.png/sigma_0.050,div2k,0889.png,0.05000000074505806,U-Tikhonov T16/CG64,U-Tikhonov T4/CG64,PSNR,-0.11602401733398438
div2k,div2k/0890.png/sigma_0.050,div2k,0890.png,0.05000000074505806,U-Tikhonov T16/CG64,U-Tikhonov T4/CG64,PSNR,-0.03558540344238281
div2k,div2k/0891.png/sigma_0.050,div2k,0891.png,0.05000000074505806,U-Tikhonov T16/CG64,U-Tikhonov T4/CG64,PSNR,-0.04212760925292969
div2k,div2k/0892.png/sigma_0.050,div2k,0892.png,0.05000000074505806,U-Tikhonov T16/CG64,U-Tikhonov T4/CG64,PSNR,-0.05636405944824219
div2k,div2k/0893.png/sigma_0.050,div2k,0893.png,0.05000000074505806,U-Tikhonov T16/CG64,U-Tikhonov T4/CG64,PSNR,0.0054931640625
div2k,div2k/0894.png/sigma_0.050,div2k,0894.png,0.05000000074505806,U-Tikhonov T16/CG64,U-Tikhonov T4/CG64,PSNR,-0.16631698608398438
div2k,div2k/0895.png/sigma_0.050,div2k,0895.png,0.05000000074505806,U-Tikhonov T16/CG64,U-Tikhonov T4/CG64,PSNR,-0.36988258361816406
div2k,div2k/0896.png/sigma_0.050,div2k,0896.png,0.05000000074505806,U-Tikhonov T16/CG64,U-Tikhonov T4/CG64,PSNR,0.4939117431640625
div2k,div2k/0897.png/sigma_0.050,div2k,0897.png,0.05000000074505806,U-Tikhonov T16/CG64,U-Tikhonov T4/CG64,PSNR,0.4829235076904297
div2k,div2k/0898.png/sigma_0.050,div2k,0898.png,0.05000000074505806,U-Tikhonov T16/CG64,U-Tikhonov T4/CG64,PSNR,0.2375335693359375
div2k,div2k/0899.png/sigma_0.050,div2k,0899.png,0.05000000074505806,U-Tikhonov T16/CG64,U-Tikhonov T4/CG64,PSNR,-0.03885650634765625
div2k,div2k/0900.png/sigma_0.050,div2k,0900.png,0.05000000074505806,U-Tikhonov T16/CG64,U-Tikhonov T4/CG64,PSNR,-0.17948150634765625
div2k,div2k/0801.png/sigma_0.050,div2k,0801.png,0.05000000074505806,U-Tikhonov T16/CG64,U-Tikhonov T4/CG64,SSIM,-0.002951502799987793
div2k,div2k/0802.png/sigma_0.050,div2k,0802.png,0.05000000074505806,U-Tikhonov T16/CG64,U-Tikhonov T4/CG64,SSIM,0.00019848346710205078
div2k,div2k/0803.png/sigma_0.050,div2k,0803.png,0.05000000074505806,U-Tikhonov T16/CG64,U-Tikhonov T4/CG64,SSIM,9.870529174804688e-05
div2k,div2k/0804.png/sigma_0.050,div2k,0804.png,0.05000000074505806,U-Tikhonov T16/CG64,U-Tikhonov T4/CG64,SSIM,-0.0021950602531433105
div2k,div2k/0805.png/sigma_0.050,div2k,0805.png,0.05000000074505806,U-Tikhonov T16/CG64,U-Tikhonov T4/CG64,SSIM,-0.00481647253036499
div2k,div2k/0806.png/sigma_0.050,div2k,0806.png,0.05000000074505806,U-Tikhonov T16/CG64,U-Tikhonov T4/CG64,SSIM,-0.0015976428985595703
div2k,div2k/0807.png/sigma_0.050,div2k,0807.png,0.05000000074505806,U-Tikhonov T16/CG64,U-Tikhonov T4/CG64,SSIM,-0.005020618438720703
div2k,div2k/0808.png/sigma_0.050,div2k,0808.png,0.05000000074505806,U-Tikhonov T16/CG64,U-Tikhonov T4/CG64,SSIM,0.002015829086303711
div2k,div2k/0809.png/sigma_0.050,div2k,0809.png,0.05000000074505806,U-Tikhonov T16/CG64,U-Tikhonov T4/CG64,SSIM,-0.005979955196380615
div2k,div2k/0810.png/sigma_0.050,div2k,0810.png,0.05000000074505806,U-Tikhonov T16/CG64,U-Tikhonov T4/CG64,SSIM,-0.004767179489135742
div2k,div2k/0811.png/sigma_0.050,div2k,0811.png,0.05000000074505806,U-Tikhonov T16/CG64,U-Tikhonov T4/CG64,SSIM,-0.010368645191192627
div2k,div2k/0812.png/sigma_0.050,div2k,0812.png,0.05000000074505806,U-Tikhonov T16/CG64,U-Tikhonov T4/CG64,SSIM,-0.000893712043762207
div2k,div2k/0813.png/sigma_0.050,div2k,0813.png,0.05000000074505806,U-Tikhonov T16/CG64,U-Tikhonov T4/CG64,SSIM,-0.0005971193313598633
div2k,div2k/0814.png/sigma_0.050,div2k,0814.png,0.05000000074505806,U-Tikhonov T16/CG64,U-Tikhonov T4/CG64,SSIM,0.006284356117248535
div2k,div2k/0815.png/sigma_0.050,div2k,0815.png,0.05000000074505806,U-Tikhonov T16/CG64,U-Tikhonov T4/CG64,SSIM,-0.0001195669174194336
div2k,div2k/0816.png/sigma_0.050,div2k,0816.png,0.05000000074505806,U-Tikhonov T16/CG64,U-Tikhonov T4/CG64,SSIM,-0.0013470053672790527
div2k,div2k/0817.png/sigma_0.050,div2k,0817.png,0.05000000074505806,U-Tikhonov T16/CG64,U-Tikhonov T4/CG64,SSIM,-0.000440061092376709
div2k,div2k/0818.png/sigma_0.050,div2k,0818.png,0.05000000074505806,U-Tikhonov T16/CG64,U-Tikhonov T4/CG64,SSIM,-0.0015753507614135742
div2k,div2k/0819.png/sigma_0.050,div2k,0819.png,0.05000000074505806,U-Tikhonov T16/CG64,U-Tikhonov T4/CG64,SSIM,-0.005229592323303223
div2k,div2k/0820.png/sigma_0.050,div2k,0820.png,0.05000000074505806,U-Tikhonov T16/CG64,U-Tikhonov T4/CG64,SSIM,-0.013546109199523926
div2k,div2k/0821.png/sigma_0.050,div2k,0821.png,0.05000000074505806,U-Tikhonov T16/CG64,U-Tikhonov T4/CG64,SSIM,-0.0030097365379333496
div2k,div2k/0822.png/sigma_0.050,div2k,0822.png,0.05000000074505806,U-Tikhonov T16/CG64,U-Tikhonov T4/CG64,SSIM,-0.005783557891845703
div2k,div2k/0823.png/sigma_0.050,div2k,0823.png,0.05000000074505806,U-Tikhonov T16/CG64,U-Tikhonov T4/CG64,SSIM,0.002080976963043213
div2k,div2k/0824.png/sigma_0.050,div2k,0824.png,0.05000000074505806,U-Tikhonov T16/CG64,U-Tikhonov T4/CG64,SSIM,-0.0001646280288696289
div2k,div2k/0825.png/sigma_0.050,div2k,0825.png,0.05000000074505806,U-Tikhonov T16/CG64,U-Tikhonov T4/CG64,SSIM,-0.0010367035865783691
div2k,div2k/0826.png/sigma_0.050,div2k,0826.png,0.05000000074505806,U-Tikhonov T16/CG64,U-Tikhonov T4/CG64,SSIM,-0.0006181001663208008
div2k,div2k/0827.png/sigma_0.050,div2k,0827.png,0.05000000074505806,U-Tikhonov T16/CG64,U-Tikhonov T4/CG64,SSIM,-0.003544032573699951
div2k,div2k/0828.png/sigma_0.050,div2k,0828.png,0.05000000074505806,U-Tikhonov T16/CG64,U-Tikhonov T4/CG64,SSIM,-0.01741206645965576
div2k,div2k/0829.png/sigma_0.050,div2k,0829.png,0.05000000074505806,U-Tikhonov T16/CG64,U-Tikhonov T4/CG64,SSIM,-0.0004876255989074707
div2k,div2k/0830.png/sigma_0.050,div2k,0830.png,0.05000000074505806,U-Tikhonov T16/CG64,U-Tikhonov T4/CG64,SSIM,-0.0021970272064208984
div2k,div2k/0831.png/sigma_0.050,div2k,0831.png,0.05000000074505806,U-Tikhonov T16/CG64,U-Tikhonov T4/CG64,SSIM,-0.0010770559310913086
div2k,div2k/0832.png/sigma_0.050,div2k,0832.png,0.05000000074505806,U-Tikhonov T16/CG64,U-Tikhonov T4/CG64,SSIM,4.780292510986328e-05
div2k,div2k/0833.png/sigma_0.050,div2k,0833.png,0.05000000074505806,U-Tikhonov T16/CG64,U-Tikhonov T4/CG64,SSIM,0.002744317054748535
div2k,div2k/0834.png/sigma_0.050,div2k,0834.png,0.05000000074505806,U-Tikhonov T16/CG64,U-Tikhonov T4/CG64,SSIM,-0.0011649131774902344
div2k,div2k/0835.png/sigma_0.050,div2k,0835.png,0.05000000074505806,U-Tikhonov T16/CG64,U-Tikhonov T4/CG64,SSIM,-0.006477952003479004
div2k,div2k/0836.png/sigma_0.050,div2k,0836.png,0.05000000074505806,U-Tikhonov T16/CG64,U-Tikhonov T4/CG64,SSIM,0.0005530118942260742
div2k,div2k/0837.png/sigma_0.050,div2k,0837.png,0.05000000074505806,U-Tikhonov T16/CG64,U-Tikhonov T4/CG64,SSIM,-0.0017333030700683594
div2k,div2k/0838.png/sigma_0.050,div2k,0838.png,0.05000000074505806,U-Tikhonov T16/CG64,U-Tikhonov T4/CG64,SSIM,0.0015444159507751465
div2k,div2k/0839.png/sigma_0.050,div2k,0839.png,0.05000000074505806,U-Tikhonov T16/CG64,U-Tikhonov T4/CG64,SSIM,-0.004214882850646973
div2k,div2k/0840.png/sigma_0.050,div2k,0840.png,0.05000000074505806,U-Tikhonov T16/CG64,U-Tikhonov T4/CG64,SSIM,-0.002539396286010742
div2k,div2k/0841.png/sigma_0.050,div2k,0841.png,0.05000000074505806,U-Tikhonov T16/CG64,U-Tikhonov T4/CG64,SSIM,-0.004201233386993408
div2k,div2k/0842.png/sigma_0.050,div2k,0842.png,0.05000000074505806,U-Tikhonov T16/CG64,U-Tikhonov T4/CG64,SSIM,-0.0031987428665161133
div2k,div2k/0843.png/sigma_0.050,div2k,0843.png,0.05000000074505806,U-Tikhonov T16/CG64,U-Tikhonov T4/CG64,SSIM,0.00979238748550415
div2k,div2k/0844.png/sigma_0.050,div2k,0844.png,0.05000000074505806,U-Tikhonov T16/CG64,U-Tikhonov T4/CG64,SSIM,0.0018811821937561035
div2k,div2k/0845.png/sigma_0.050,div2k,0845.png,0.05000000074505806,U-Tikhonov T16/CG64,U-Tikhonov T4/CG64,SSIM,-0.0063610076904296875
div2k,div2k/0846.png/sigma_0.050,div2k,0846.png,0.05000000074505806,U-Tikhonov T16/CG64,U-Tikhonov T4/CG64,SSIM,-0.00507354736328125
div2k,div2k/0847.png/sigma_0.050,div2k,0847.png,0.05000000074505806,U-Tikhonov T16/CG64,U-Tikhonov T4/CG64,SSIM,-9.953975677490234e-05
div2k,div2k/0848.png/sigma_0.050,div2k,0848.png,0.05000000074505806,U-Tikhonov T16/CG64,U-Tikhonov T4/CG64,SSIM,-0.0003228187561035156
div2k,div2k/0849.png/sigma_0.050,div2k,0849.png,0.05000000074505806,U-Tikhonov T16/CG64,U-Tikhonov T4/CG64,SSIM,-0.0021555423736572266
div2k,div2k/0850.png/sigma_0.050,div2k,0850.png,0.05000000074505806,U-Tikhonov T16/CG64,U-Tikhonov T4/CG64,SSIM,-0.00024753808975219727
div2k,div2k/0851.png/sigma_0.050,div2k,0851.png,0.05000000074505806,U-Tikhonov T16/CG64,U-Tikhonov T4/CG64,SSIM,0.004890620708465576
div2k,div2k/0852.png/sigma_0.050,div2k,0852.png,0.05000000074505806,U-Tikhonov T16/CG64,U-Tikhonov T4/CG64,SSIM,-0.00952160358428955
div2k,div2k/0853.png/sigma_0.050,div2k,0853.png,0.05000000074505806,U-Tikhonov T16/CG64,U-Tikhonov T4/CG64,SSIM,0.0027408599853515625
div2k,div2k/0854.png/sigma_0.050,div2k,0854.png,0.05000000074505806,U-Tikhonov T16/CG64,U-Tikhonov T4/CG64,SSIM,-0.0021011829376220703
div2k,div2k/0855.png/sigma_0.050,div2k,0855.png,0.05000000074505806,U-Tikhonov T16/CG64,U-Tikhonov T4/CG64,SSIM,-0.006295919418334961
div2k,div2k/0856.png/sigma_0.050,div2k,0856.png,0.05000000074505806,U-Tikhonov T16/CG64,U-Tikhonov T4/CG64,SSIM,-0.016444385051727295
div2k,div2k/0857.png/sigma_0.050,div2k,0857.png,0.05000000074505806,U-Tikhonov T16/CG64,U-Tikhonov T4/CG64,SSIM,3.4332275390625e-05
div2k,div2k/0858.png/sigma_0.050,div2k,0858.png,0.05000000074505806,U-Tikhonov T16/CG64,U-Tikhonov T4/CG64,SSIM,-0.015822410583496094
div2k,div2k/0859.png/sigma_0.050,div2k,0859.png,0.05000000074505806,U-Tikhonov T16/CG64,U-Tikhonov T4/CG64,SSIM,-0.0038332343101501465
div2k,div2k/0860.png/sigma_0.050,div2k,0860.png,0.05000000074505806,U-Tikhonov T16/CG64,U-Tikhonov T4/CG64,SSIM,-0.006962120532989502
div2k,div2k/0861.png/sigma_0.050,div2k,0861.png,0.05000000074505806,U-Tikhonov T16/CG64,U-Tikhonov T4/CG64,SSIM,-0.018816769123077393
div2k,div2k/0862.png/sigma_0.050,div2k,0862.png,0.05000000074505806,U-Tikhonov T16/CG64,U-Tikhonov T4/CG64,SSIM,-0.0005213618278503418
div2k,div2k/0863.png/sigma_0.050,div2k,0863.png,0.05000000074505806,U-Tikhonov T16/CG64,U-Tikhonov T4/CG64,SSIM,0.002360522747039795
div2k,div2k/0864.png/sigma_0.050,div2k,0864.png,0.05000000074505806,U-Tikhonov T16/CG64,U-Tikhonov T4/CG64,SSIM,-0.0024715065956115723
div2k,div2k/0865.png/sigma_0.050,div2k,0865.png,0.05000000074505806,U-Tikhonov T16/CG64,U-Tikhonov T4/CG64,SSIM,-0.0021718740463256836
div2k,div2k/0866.png/sigma_0.050,div2k,0866.png,0.05000000074505806,U-Tikhonov T16/CG64,U-Tikhonov T4/CG64,SSIM,-0.005146324634552002
div2k,div2k/0867.png/sigma_0.050,div2k,0867.png,0.05000000074505806,U-Tikhonov T16/CG64,U-Tikhonov T4/CG64,SSIM,-0.0015660524368286133
div2k,div2k/0868.png/sigma_0.050,div2k,0868.png,0.05000000074505806,U-Tikhonov T16/CG64,U-Tikhonov T4/CG64,SSIM,0.009808003902435303
div2k,div2k/0869.png/sigma_0.050,div2k,0869.png,0.05000000074505806,U-Tikhonov T16/CG64,U-Tikhonov T4/CG64,SSIM,-0.0011138916015625
div2k,div2k/0870.png/sigma_0.050,div2k,0870.png,0.05000000074505806,U-Tikhonov T16/CG64,U-Tikhonov T4/CG64,SSIM,-0.005084216594696045
div2k,div2k/0871.png/sigma_0.050,div2k,0871.png,0.05000000074505806,U-Tikhonov T16/CG64,U-Tikhonov T4/CG64,SSIM,-2.002716064453125e-05
div2k,div2k/0872.png/sigma_0.050,div2k,0872.png,0.05000000074505806,U-Tikhonov T16/CG64,U-Tikhonov T4/CG64,SSIM,-0.002515137195587158
div2k,div2k/0873.png/sigma_0.050,div2k,0873.png,0.05000000074505806,U-Tikhonov T16/CG64,U-Tikhonov T4/CG64,SSIM,-0.0027579069137573242
div2k,div2k/0874.png/sigma_0.050,div2k,0874.png,0.05000000074505806,U-Tikhonov T16/CG64,U-Tikhonov T4/CG64,SSIM,-0.004186749458312988
div2k,div2k/0875.png/sigma_0.050,div2k,0875.png,0.05000000074505806,U-Tikhonov T16/CG64,U-Tikhonov T4/CG64,SSIM,-0.0004705190658569336
div2k,div2k/0876.png/sigma_0.050,div2k,0876.png,0.05000000074505806,U-Tikhonov T16/CG64,U-Tikhonov T4/CG64,SSIM,-0.008421599864959717
div2k,div2k/0877.png/sigma_0.050,div2k,0877.png,0.05000000074505806,U-Tikhonov T16/CG64,U-Tikhonov T4/CG64,SSIM,0.0011565089225769043
div2k,div2k/0878.png/sigma_0.050,div2k,0878.png,0.05000000074505806,U-Tikhonov T16/CG64,U-Tikhonov T4/CG64,SSIM,-0.002505779266357422
div2k,div2k/0879.png/sigma_0.050,div2k,0879.png,0.05000000074505806,U-Tikhonov T16/CG64,U-Tikhonov T4/CG64,SSIM,0.003563225269317627
div2k,div2k/0880.png/sigma_0.050,div2k,0880.png,0.05000000074505806,U-Tikhonov T16/CG64,U-Tikhonov T4/CG64,SSIM,0.0004807710647583008
div2k,div2k/0881.png/sigma_0.050,div2k,0881.png,0.05000000074505806,U-Tikhonov T16/CG64,U-Tikhonov T4/CG64,SSIM,-0.0014591217041015625
div2k,div2k/0882.png/sigma_0.050,div2k,0882.png,0.05000000074505806,U-Tikhonov T16/CG64,U-Tikhonov T4/CG64,SSIM,0.001265108585357666
div2k,div2k/0883.png/sigma_0.050,div2k,0883.png,0.05000000074505806,U-Tikhonov T16/CG64,U-Tikhonov T4/CG64,SSIM,-0.00262606143951416
div2k,div2k/0884.png/sigma_0.050,div2k,0884.png,0.05000000074505806,U-Tikhonov T16/CG64,U-Tikhonov T4/CG64,SSIM,-0.001683652400970459
div2k,div2k/0885.png/sigma_0.050,div2k,0885.png,0.05000000074505806,U-Tikhonov T16/CG64,U-Tikhonov T4/CG64,SSIM,-0.011088252067565918
div2k,div2k/0886.png/sigma_0.050,div2k,0886.png,0.05000000074505806,U-Tikhonov T16/CG64,U-Tikhonov T4/CG64,SSIM,0.00024044513702392578
div2k,div2k/0887.png/sigma_0.050,div2k,0887.png,0.05000000074505806,U-Tikhonov T16/CG64,U-Tikhonov T4/CG64,SSIM,-0.004625916481018066
div2k,div2k/0888.png/sigma_0.050,div2k,0888.png,0.05000000074505806,U-Tikhonov T16/CG64,U-Tikhonov T4/CG64,SSIM,-0.0003510117530822754
div2k,div2k/0889.png/sigma_0.050,div2k,0889.png,0.05000000074505806,U-Tikhonov T16/CG64,U-Tikhonov T4/CG64,SSIM,-0.002481818199157715
div2k,div2k/0890.png/sigma_0.050,div2k,0890.png,0.05000000074505806,U-Tikhonov T16/CG64,U-Tikhonov T4/CG64,SSIM,0.0027309060096740723
div2k,div2k/0891.png/sigma_0.050,div2k,0891.png,0.05000000074505806,U-Tikhonov T16/CG64,U-Tikhonov T4/CG64,SSIM,-0.0008357763290405273
div2k,div2k/0892.png/sigma_0.050,div2k,0892.png,0.05000000074505806,U-Tikhonov T16/CG64,U-Tikhonov T4/CG64,SSIM,-0.002625703811645508
div2k,div2k/0893.png/sigma_0.050,div2k,0893.png,0.05000000074505806,U-Tikhonov T16/CG64,U-Tikhonov T4/CG64,SSIM,0.0004724264144897461
div2k,div2k/0894.png/sigma_0.050,div2k,0894.png,0.05000000074505806,U-Tikhonov T16/CG64,U-Tikhonov T4/CG64,SSIM,-0.008992671966552734
div2k,div2k/0895.png/sigma_0.050,div2k,0895.png,0.05000000074505806,U-Tikhonov T16/CG64,U-Tikhonov T4/CG64,SSIM,-0.012874782085418701
div2k,div2k/0896.png/sigma_0.050,div2k,0896.png,0.05000000074505806,U-Tikhonov T16/CG64,U-Tikhonov T4/CG64,SSIM,0.003903985023498535
div2k,div2k/0897.png/sigma_0.050,div2k,0897.png,0.05000000074505806,U-Tikhonov T16/CG64,U-Tikhonov T4/CG64,SSIM,0.0028743743896484375
div2k,div2k/0898.png/sigma_0.050,div2k,0898.png,0.05000000074505806,U-Tikhonov T16/CG64,U-Tikhonov T4/CG64,SSIM,0.008041203022003174
div2k,div2k/0899.png/sigma_0.050,div2k,0899.png,0.05000000074505806,U-Tikhonov T16/CG64,U-Tikhonov T4/CG64,SSIM,-0.0006467700004577637
div2k,div2k/0900.png/sigma_0.050,div2k,0900.png,0.05000000074505806,U-Tikhonov T16/CG64,U-Tikhonov T4/CG64,SSIM,-0.0036097168922424316
div2k,div2k/0801.png/sigma_0.050,div2k,0801.png,0.05000000074505806,U-Tikhonov T4/CG64,U-Tikhonov T4/CG32,PSNR,0.05043792724609375
div2k,div2k/0802.png/sigma_0.050,div2k,0802.png,0.05000000074505806,U-Tikhonov T4/CG64,U-Tikhonov T4/CG32,PSNR,0.32529449462890625
div2k,div2k/0803.png/sigma_0.050,div2k,0803.png,0.05000000074505806,U-Tikhonov T4/CG64,U-Tikhonov T4/CG32,PSNR,0.07619094848632812
div2k,div2k/0804.png/sigma_0.050,div2k,0804.png,0.05000000074505806,U-Tikhonov T4/CG64,U-Tikhonov T4/CG32,PSNR,0.08282470703125
div2k,div2k/0805.png/sigma_0.050,div2k,0805.png,0.05000000074505806,U-Tikhonov T4/CG64,U-Tikhonov T4/CG32,PSNR,0.10596847534179688
div2k,div2k/0806.png/sigma_0.050,div2k,0806.png,0.05000000074505806,U-Tikhonov T4/CG64,U-Tikhonov T4/CG32,PSNR,0.005069732666015625
div2k,div2k/0807.png/sigma_0.050,div2k,0807.png,0.05000000074505806,U-Tikhonov T4/CG64,U-Tikhonov T4/CG32,PSNR,-0.0454254150390625
div2k,div2k/0808.png/sigma_0.050,div2k,0808.png,0.05000000074505806,U-Tikhonov T4/CG64,U-Tikhonov T4/CG32,PSNR,-0.22179412841796875
div2k,div2k/0809.png/sigma_0.050,div2k,0809.png,0.05000000074505806,U-Tikhonov T4/CG64,U-Tikhonov T4/CG32,PSNR,0.023777008056640625
div2k,div2k/0810.png/sigma_0.050,div2k,0810.png,0.05000000074505806,U-Tikhonov T4/CG64,U-Tikhonov T4/CG32,PSNR,-0.003948211669921875
div2k,div2k/0811.png/sigma_0.050,div2k,0811.png,0.05000000074505806,U-Tikhonov T4/CG64,U-Tikhonov T4/CG32,PSNR,0.019672393798828125
div2k,div2k/0812.png/sigma_0.050,div2k,0812.png,0.05000000074505806,U-Tikhonov T4/CG64,U-Tikhonov T4/CG32,PSNR,-0.06270027160644531
div2k,div2k/0813.png/sigma_0.050,div2k,0813.png,0.05000000074505806,U-Tikhonov T4/CG64,U-Tikhonov T4/CG32,PSNR,0.001346588134765625
div2k,div2k/0814.png/sigma_0.050,div2k,0814.png,0.05000000074505806,U-Tikhonov T4/CG64,U-Tikhonov T4/CG32,PSNR,-0.013233184814453125
div2k,div2k/0815.png/sigma_0.050,div2k,0815.png,0.05000000074505806,U-Tikhonov T4/CG64,U-Tikhonov T4/CG32,PSNR,0.04673004150390625
div2k,div2k/0816.png/sigma_0.050,div2k,0816.png,0.05000000074505806,U-Tikhonov T4/CG64,U-Tikhonov T4/CG32,PSNR,-0.03491401672363281
div2k,div2k/0817.png/sigma_0.050,div2k,0817.png,0.05000000074505806,U-Tikhonov T4/CG64,U-Tikhonov T4/CG32,PSNR,0.04609489440917969
div2k,div2k/0818.png/sigma_0.050,div2k,0818.png,0.05000000074505806,U-Tikhonov T4/CG64,U-Tikhonov T4/CG32,PSNR,-0.03280067443847656
div2k,div2k/0819.png/sigma_0.050,div2k,0819.png,0.05000000074505806,U-Tikhonov T4/CG64,U-Tikhonov T4/CG32,PSNR,0.00319671630859375
div2k,div2k/0820.png/sigma_0.050,div2k,0820.png,0.05000000074505806,U-Tikhonov T4/CG64,U-Tikhonov T4/CG32,PSNR,0.5103912353515625
div2k,div2k/0821.png/sigma_0.050,div2k,0821.png,0.05000000074505806,U-Tikhonov T4/CG64,U-Tikhonov T4/CG32,PSNR,-0.18634796142578125
div2k,div2k/0822.png/sigma_0.050,div2k,0822.png,0.05000000074505806,U-Tikhonov T4/CG64,U-Tikhonov T4/CG32,PSNR,0.04108238220214844
div2k,div2k/0823.png/sigma_0.050,div2k,0823.png,0.05000000074505806,U-Tikhonov T4/CG64,U-Tikhonov T4/CG32,PSNR,-0.04049110412597656
div2k,div2k/0824.png/sigma_0.050,div2k,0824.png,0.05000000074505806,U-Tikhonov T4/CG64,U-Tikhonov T4/CG32,PSNR,0.018568038940429688
div2k,div2k/0825.png/sigma_0.050,div2k,0825.png,0.05000000074505806,U-Tikhonov T4/CG64,U-Tikhonov T4/CG32,PSNR,0.016880035400390625
div2k,div2k/0826.png/sigma_0.050,div2k,0826.png,0.05000000074505806,U-Tikhonov T4/CG64,U-Tikhonov T4/CG32,PSNR,-0.16956520080566406
div2k,div2k/0827.png/sigma_0.050,div2k,0827.png,0.05000000074505806,U-Tikhonov T4/CG64,U-Tikhonov T4/CG32,PSNR,0.07249832153320312
div2k,div2k/0828.png/sigma_0.050,div2k,0828.png,0.05000000074505806,U-Tikhonov T4/CG64,U-Tikhonov T4/CG32,PSNR,0.4172325134277344
div2k,div2k/0829.png/sigma_0.050,div2k,0829.png,0.05000000074505806,U-Tikhonov T4/CG64,U-Tikhonov T4/CG32,PSNR,0.04459381103515625
div2k,div2k/0830.png/sigma_0.050,div2k,0830.png,0.05000000074505806,U-Tikhonov T4/CG64,U-Tikhonov T4/CG32,PSNR,0.07168960571289062
div2k,div2k/0831.png/sigma_0.050,div2k,0831.png,0.05000000074505806,U-Tikhonov T4/CG64,U-Tikhonov T4/CG32,PSNR,0.0335693359375
div2k,div2k/0832.png/sigma_0.050,div2k,0832.png,0.05000000074505806,U-Tikhonov T4/CG64,U-Tikhonov T4/CG32,PSNR,-0.07018661499023438
div2k,div2k/0833.png/sigma_0.050,div2k,0833.png,0.05000000074505806,U-Tikhonov T4/CG64,U-Tikhonov T4/CG32,PSNR,-0.09740447998046875
div2k,div2k/0834.png/sigma_0.050,div2k,0834.png,0.05000000074505806,U-Tikhonov T4/CG64,U-Tikhonov T4/CG32,PSNR,-0.053680419921875
div2k,div2k/0835.png/sigma_0.050,div2k,0835.png,0.05000000074505806,U-Tikhonov T4/CG64,U-Tikhonov T4/CG32,PSNR,-0.05452728271484375
div2k,div2k/0836.png/sigma_0.050,div2k,0836.png,0.05000000074505806,U-Tikhonov T4/CG64,U-Tikhonov T4/CG32,PSNR,-0.1251392364501953
div2k,div2k/0837.png/sigma_0.050,div2k,0837.png,0.05000000074505806,U-Tikhonov T4/CG64,U-Tikhonov T4/CG32,PSNR,-0.03637504577636719
div2k,div2k/0838.png/sigma_0.050,div2k,0838.png,0.05000000074505806,U-Tikhonov T4/CG64,U-Tikhonov T4/CG32,PSNR,0.1265869140625
div2k,div2k/0839.png/sigma_0.050,div2k,0839.png,0.05000000074505806,U-Tikhonov T4/CG64,U-Tikhonov T4/CG32,PSNR,-0.005298614501953125
div2k,div2k/0840.png/sigma_0.050,div2k,0840.png,0.05000000074505806,U-Tikhonov T4/CG64,U-Tikhonov T4/CG32,PSNR,-0.04934883117675781
div2k,div2k/0841.png/sigma_0.050,div2k,0841.png,0.05000000074505806,U-Tikhonov T4/CG64,U-Tikhonov T4/CG32,PSNR,0.017477035522460938
div2k,div2k/0842.png/sigma_0.050,div2k,0842.png,0.05000000074505806,U-Tikhonov T4/CG64,U-Tikhonov T4/CG32,PSNR,0.0333709716796875
div2k,div2k/0843.png/sigma_0.050,div2k,0843.png,0.05000000074505806,U-Tikhonov T4/CG64,U-Tikhonov T4/CG32,PSNR,0.25180816650390625
div2k,div2k/0844.png/sigma_0.050,div2k,0844.png,0.05000000074505806,U-Tikhonov T4/CG64,U-Tikhonov T4/CG32,PSNR,0.02167510986328125
div2k,div2k/0845.png/sigma_0.050,div2k,0845.png,0.05000000074505806,U-Tikhonov T4/CG64,U-Tikhonov T4/CG32,PSNR,-0.10490226745605469
div2k,div2k/0846.png/sigma_0.050,div2k,0846.png,0.05000000074505806,U-Tikhonov T4/CG64,U-Tikhonov T4/CG32,PSNR,0.028276443481445312
div2k,div2k/0847.png/sigma_0.050,div2k,0847.png,0.05000000074505806,U-Tikhonov T4/CG64,U-Tikhonov T4/CG32,PSNR,-0.09891510009765625
div2k,div2k/0848.png/sigma_0.050,div2k,0848.png,0.05000000074505806,U-Tikhonov T4/CG64,U-Tikhonov T4/CG32,PSNR,0.08133697509765625
div2k,div2k/0849.png/sigma_0.050,div2k,0849.png,0.05000000074505806,U-Tikhonov T4/CG64,U-Tikhonov T4/CG32,PSNR,-0.13920021057128906
div2k,div2k/0850.png/sigma_0.050,div2k,0850.png,0.05000000074505806,U-Tikhonov T4/CG64,U-Tikhonov T4/CG32,PSNR,-0.06139373779296875
div2k,div2k/0851.png/sigma_0.050,div2k,0851.png,0.05000000074505806,U-Tikhonov T4/CG64,U-Tikhonov T4/CG32,PSNR,0.04410552978515625
div2k,div2k/0852.png/sigma_0.050,div2k,0852.png,0.05000000074505806,U-Tikhonov T4/CG64,U-Tikhonov T4/CG32,PSNR,-0.016422271728515625
div2k,div2k/0853.png/sigma_0.050,div2k,0853.png,0.05000000074505806,U-Tikhonov T4/CG64,U-Tikhonov T4/CG32,PSNR,-0.032405853271484375
div2k,div2k/0854.png/sigma_0.050,div2k,0854.png,0.05000000074505806,U-Tikhonov T4/CG64,U-Tikhonov T4/CG32,PSNR,0.017810821533203125
div2k,div2k/0855.png/sigma_0.050,div2k,0855.png,0.05000000074505806,U-Tikhonov T4/CG64,U-Tikhonov T4/CG32,PSNR,0.1298370361328125
div2k,div2k/0856.png/sigma_0.050,div2k,0856.png,0.05000000074505806,U-Tikhonov T4/CG64,U-Tikhonov T4/CG32,PSNR,0.08983802795410156
div2k,div2k/0857.png/sigma_0.050,div2k,0857.png,0.05000000074505806,U-Tikhonov T4/CG64,U-Tikhonov T4/CG32,PSNR,0.0658721923828125
div2k,div2k/0858.png/sigma_0.050,div2k,0858.png,0.05000000074505806,U-Tikhonov T4/CG64,U-Tikhonov T4/CG32,PSNR,-0.04821968078613281
div2k,div2k/0859.png/sigma_0.050,div2k,0859.png,0.05000000074505806,U-Tikhonov T4/CG64,U-Tikhonov T4/CG32,PSNR,0.013223648071289062
div2k,div2k/0860.png/sigma_0.050,div2k,0860.png,0.05000000074505806,U-Tikhonov T4/CG64,U-Tikhonov T4/CG32,PSNR,0.017536163330078125
div2k,div2k/0861.png/sigma_0.050,div2k,0861.png,0.05000000074505806,U-Tikhonov T4/CG64,U-Tikhonov T4/CG32,PSNR,-0.10334968566894531
div2k,div2k/0862.png/sigma_0.050,div2k,0862.png,0.05000000074505806,U-Tikhonov T4/CG64,U-Tikhonov T4/CG32,PSNR,0.00299072265625
div2k,div2k/0863.png/sigma_0.050,div2k,0863.png,0.05000000074505806,U-Tikhonov T4/CG64,U-Tikhonov T4/CG32,PSNR,0.03809356689453125
div2k,div2k/0864.png/sigma_0.050,div2k,0864.png,0.05000000074505806,U-Tikhonov T4/CG64,U-Tikhonov T4/CG32,PSNR,0.04169273376464844
div2k,div2k/0865.png/sigma_0.050,div2k,0865.png,0.05000000074505806,U-Tikhonov T4/CG64,U-Tikhonov T4/CG32,PSNR,0.05896759033203125
div2k,div2k/0866.png/sigma_0.050,div2k,0866.png,0.05000000074505806,U-Tikhonov T4/CG64,U-Tikhonov T4/CG32,PSNR,-0.04236602783203125
div2k,div2k/0867.png/sigma_0.050,div2k,0867.png,0.05000000074505806,U-Tikhonov T4/CG64,U-Tikhonov T4/CG32,PSNR,0.008699417114257812
div2k,div2k/0868.png/sigma_0.050,div2k,0868.png,0.05000000074505806,U-Tikhonov T4/CG64,U-Tikhonov T4/CG32,PSNR,-0.169769287109375
div2k,div2k/0869.png/sigma_0.050,div2k,0869.png,0.05000000074505806,U-Tikhonov T4/CG64,U-Tikhonov T4/CG32,PSNR,-0.0077667236328125
div2k,div2k/0870.png/sigma_0.050,div2k,0870.png,0.05000000074505806,U-Tikhonov T4/CG64,U-Tikhonov T4/CG32,PSNR,0.04196739196777344
div2k,div2k/0871.png/sigma_0.050,div2k,0871.png,0.05000000074505806,U-Tikhonov T4/CG64,U-Tikhonov T4/CG32,PSNR,-0.004528045654296875
div2k,div2k/0872.png/sigma_0.050,div2k,0872.png,0.05000000074505806,U-Tikhonov T4/CG64,U-Tikhonov T4/CG32,PSNR,-0.016021728515625
div2k,div2k/0873.png/sigma_0.050,div2k,0873.png,0.05000000074505806,U-Tikhonov T4/CG64,U-Tikhonov T4/CG32,PSNR,-0.05472564697265625
div2k,div2k/0874.png/sigma_0.050,div2k,0874.png,0.05000000074505806,U-Tikhonov T4/CG64,U-Tikhonov T4/CG32,PSNR,0.00881195068359375
div2k,div2k/0875.png/sigma_0.050,div2k,0875.png,0.05000000074505806,U-Tikhonov T4/CG64,U-Tikhonov T4/CG32,PSNR,-0.25885009765625
div2k,div2k/0876.png/sigma_0.050,div2k,0876.png,0.05000000074505806,U-Tikhonov T4/CG64,U-Tikhonov T4/CG32,PSNR,-0.049816131591796875
div2k,div2k/0877.png/sigma_0.050,div2k,0877.png,0.05000000074505806,U-Tikhonov T4/CG64,U-Tikhonov T4/CG32,PSNR,0.0910186767578125
div2k,div2k/0878.png/sigma_0.050,div2k,0878.png,0.05000000074505806,U-Tikhonov T4/CG64,U-Tikhonov T4/CG32,PSNR,0.03629875183105469
div2k,div2k/0879.png/sigma_0.050,div2k,0879.png,0.05000000074505806,U-Tikhonov T4/CG64,U-Tikhonov T4/CG32,PSNR,-0.049953460693359375
div2k,div2k/0880.png/sigma_0.050,div2k,0880.png,0.05000000074505806,U-Tikhonov T4/CG64,U-Tikhonov T4/CG32,PSNR,0.012599945068359375
div2k,div2k/0881.png/sigma_0.050,div2k,0881.png,0.05000000074505806,U-Tikhonov T4/CG64,U-Tikhonov T4/CG32,PSNR,-0.06249427795410156
div2k,div2k/0882.png/sigma_0.050,div2k,0882.png,0.05000000074505806,U-Tikhonov T4/CG64,U-Tikhonov T4/CG32,PSNR,0.1400432586669922
div2k,div2k/0883.png/sigma_0.050,div2k,0883.png,0.05000000074505806,U-Tikhonov T4/CG64,U-Tikhonov T4/CG32,PSNR,-0.0028533935546875
div2k,div2k/0884.png/sigma_0.050,div2k,0884.png,0.05000000074505806,U-Tikhonov T4/CG64,U-Tikhonov T4/CG32,PSNR,-0.029096603393554688
div2k,div2k/0885.png/sigma_0.050,div2k,0885.png,0.05000000074505806,U-Tikhonov T4/CG64,U-Tikhonov T4/CG32,PSNR,0.12372207641601562
div2k,div2k/0886.png/sigma_0.050,div2k,0886.png,0.05000000074505806,U-Tikhonov T4/CG64,U-Tikhonov T4/CG32,PSNR,-0.07574844360351562
div2k,div2k/0887.png/sigma_0.050,div2k,0887.png,0.05000000074505806,U-Tikhonov T4/CG64,U-Tikhonov T4/CG32,PSNR,-0.020090103149414062
div2k,div2k/0888.png/sigma_0.050,div2k,0888.png,0.05000000074505806,U-Tikhonov T4/CG64,U-Tikhonov T4/CG32,PSNR,0.059528350830078125
div2k,div2k/0889.png/sigma_0.050,div2k,0889.png,0.05000000074505806,U-Tikhonov T4/CG64,U-Tikhonov T4/CG32,PSNR,0.049953460693359375
div2k,div2k/0890.png/sigma_0.050,div2k,0890.png,0.05000000074505806,U-Tikhonov T4/CG64,U-Tikhonov T4/CG32,PSNR,0.038356781005859375
div2k,div2k/0891.png/sigma_0.050,div2k,0891.png,0.05000000074505806,U-Tikhonov T4/CG64,U-Tikhonov T4/CG32,PSNR,-0.15942955017089844
div2k,div2k/0892.png/sigma_0.050,div2k,0892.png,0.05000000074505806,U-Tikhonov T4/CG64,U-Tikhonov T4/CG32,PSNR,0.047756195068359375
div2k,div2k/0893.png/sigma_0.050,div2k,0893.png,0.05000000074505806,U-Tikhonov T4/CG64,U-Tikhonov T4/CG32,PSNR,0.05405616760253906
div2k,div2k/0894.png/sigma_0.050,div2k,0894.png,0.05000000074505806,U-Tikhonov T4/CG64,U-Tikhonov T4/CG32,PSNR,0.02559661865234375
div2k,div2k/0895.png/sigma_0.050,div2k,0895.png,0.05000000074505806,U-Tikhonov T4/CG64,U-Tikhonov T4/CG32,PSNR,0.05529022216796875
div2k,div2k/0896.png/sigma_0.050,div2k,0896.png,0.05000000074505806,U-Tikhonov T4/CG64,U-Tikhonov T4/CG32,PSNR,-0.22546005249023438
div2k,div2k/0897.png/sigma_0.050,div2k,0897.png,0.05000000074505806,U-Tikhonov T4/CG64,U-Tikhonov T4/CG32,PSNR,-0.2758293151855469
div2k,div2k/0898.png/sigma_0.050,div2k,0898.png,0.05000000074505806,U-Tikhonov T4/CG64,U-Tikhonov T4/CG32,PSNR,-0.2609367370605469
div2k,div2k/0899.png/sigma_0.050,div2k,0899.png,0.05000000074505806,U-Tikhonov T4/CG64,U-Tikhonov T4/CG32,PSNR,0.09405899047851562
div2k,div2k/0900.png/sigma_0.050,div2k,0900.png,0.05000000074505806,U-Tikhonov T4/CG64,U-Tikhonov T4/CG32,PSNR,0.030439376831054688
div2k,div2k/0801.png/sigma_0.050,div2k,0801.png,0.05000000074505806,U-Tikhonov T4/CG64,U-Tikhonov T4/CG32,SSIM,0.0008604526519775391
div2k,div2k/0802.png/sigma_0.050,div2k,0802.png,0.05000000074505806,U-Tikhonov T4/CG64,U-Tikhonov T4/CG32,SSIM,0.0021312832832336426
div2k,div2k/0803.png/sigma_0.050,div2k,0803.png,0.05000000074505806,U-Tikhonov T4/CG64,U-Tikhonov T4/CG32,SSIM,0.000686943531036377
div2k,div2k/0804.png/sigma_0.050,div2k,0804.png,0.05000000074505806,U-Tikhonov T4/CG64,U-Tikhonov T4/CG32,SSIM,0.0004410743713378906
div2k,div2k/0805.png/sigma_0.050,div2k,0805.png,0.05000000074505806,U-Tikhonov T4/CG64,U-Tikhonov T4/CG32,SSIM,0.0017837285995483398
div2k,div2k/0806.png/sigma_0.050,div2k,0806.png,0.05000000074505806,U-Tikhonov T4/CG64,U-Tikhonov T4/CG32,SSIM,0.0004152059555053711
div2k,div2k/0807.png/sigma_0.050,div2k,0807.png,0.05000000074505806,U-Tikhonov T4/CG64,U-Tikhonov T4/CG32,SSIM,-0.00017762184143066406
div2k,div2k/0808.png/sigma_0.050,div2k,0808.png,0.05000000074505806,U-Tikhonov T4/CG64,U-Tikhonov T4/CG32,SSIM,-0.0008348226547241211
div2k,div2k/0809.png/sigma_0.050,div2k,0809.png,0.05000000074505806,U-Tikhonov T4/CG64,U-Tikhonov T4/CG32,SSIM,0.0010886788368225098
div2k,div2k/0810.png/sigma_0.050,div2k,0810.png,0.05000000074505806,U-Tikhonov T4/CG64,U-Tikhonov T4/CG32,SSIM,0.00010943412780761719
div2k,div2k/0811.png/sigma_0.050,div2k,0811.png,0.05000000074505806,U-Tikhonov T4/CG64,U-Tikhonov T4/CG32,SSIM,0.0020905733108520508
div2k,div2k/0812.png/sigma_0.050,div2k,0812.png,0.05000000074505806,U-Tikhonov T4/CG64,U-Tikhonov T4/CG32,SSIM,0.00023925304412841797
div2k,div2k/0813.png/sigma_0.050,div2k,0813.png,0.05000000074505806,U-Tikhonov T4/CG64,U-Tikhonov T4/CG32,SSIM,-6.705522537231445e-05
div2k,div2k/0814.png/sigma_0.050,div2k,0814.png,0.05000000074505806,U-Tikhonov T4/CG64,U-Tikhonov T4/CG32,SSIM,0.00011873245239257812
div2k,div2k/0815.png/sigma_0.050,div2k,0815.png,0.05000000074505806,U-Tikhonov T4/CG64,U-Tikhonov T4/CG32,SSIM,0.0011230707168579102
div2k,div2k/0816.png/sigma_0.050,div2k,0816.png,0.05000000074505806,U-Tikhonov T4/CG64,U-Tikhonov T4/CG32,SSIM,-0.00031685829162597656
div2k,div2k/0817.png/sigma_0.050,div2k,0817.png,0.05000000074505806,U-Tikhonov T4/CG64,U-Tikhonov T4/CG32,SSIM,0.0010051727294921875
div2k,div2k/0818.png/sigma_0.050,div2k,0818.png,0.05000000074505806,U-Tikhonov T4/CG64,U-Tikhonov T4/CG32,SSIM,-0.0005013346672058105
div2k,div2k/0819.png/sigma_0.050,div2k,0819.png,0.05000000074505806,U-Tikhonov T4/CG64,U-Tikhonov T4/CG32,SSIM,0.0009518861770629883
div2k,div2k/0820.png/sigma_0.050,div2k,0820.png,0.05000000074505806,U-Tikhonov T4/CG64,U-Tikhonov T4/CG32,SSIM,0.00690847635269165
div2k,div2k/0821.png/sigma_0.050,div2k,0821.png,0.05000000074505806,U-Tikhonov T4/CG64,U-Tikhonov T4/CG32,SSIM,-0.0014162659645080566
div2k,div2k/0822.png/sigma_0.050,div2k,0822.png,0.05000000074505806,U-Tikhonov T4/CG64,U-Tikhonov T4/CG32,SSIM,0.0013123750686645508
div2k,div2k/0823.png/sigma_0.050,div2k,0823.png,0.05000000074505806,U-Tikhonov T4/CG64,U-Tikhonov T4/CG32,SSIM,-0.0003864765167236328
div2k,div2k/0824.png/sigma_0.050,div2k,0824.png,0.05000000074505806,U-Tikhonov T4/CG64,U-Tikhonov T4/CG32,SSIM,0.000537872314453125
div2k,div2k/0825.png/sigma_0.050,div2k,0825.png,0.05000000074505806,U-Tikhonov T4/CG64,U-Tikhonov T4/CG32,SSIM,0.0014633536338806152
div2k,div2k/0826.png/sigma_0.050,div2k,0826.png,0.05000000074505806,U-Tikhonov T4/CG64,U-Tikhonov T4/CG32,SSIM,-0.0009909868240356445
div2k,div2k/0827.png/sigma_0.050,div2k,0827.png,0.05000000074505806,U-Tikhonov T4/CG64,U-Tikhonov T4/CG32,SSIM,0.000990450382232666
div2k,div2k/0828.png/sigma_0.050,div2k,0828.png,0.05000000074505806,U-Tikhonov T4/CG64,U-Tikhonov T4/CG32,SSIM,0.006964325904846191
div2k,div2k/0829.png/sigma_0.050,div2k,0829.png,0.05000000074505806,U-Tikhonov T4/CG64,U-Tikhonov T4/CG32,SSIM,0.0005107522010803223
div2k,div2k/0830.png/sigma_0.050,div2k,0830.png,0.05000000074505806,U-Tikhonov T4/CG64,U-Tikhonov T4/CG32,SSIM,0.0010627508163452148
div2k,div2k/0831.png/sigma_0.050,div2k,0831.png,0.05000000074505806,U-Tikhonov T4/CG64,U-Tikhonov T4/CG32,SSIM,-0.0003826618194580078
div2k,div2k/0832.png/sigma_0.050,div2k,0832.png,0.05000000074505806,U-Tikhonov T4/CG64,U-Tikhonov T4/CG32,SSIM,-0.0005290508270263672
div2k,div2k/0833.png/sigma_0.050,div2k,0833.png,0.05000000074505806,U-Tikhonov T4/CG64,U-Tikhonov T4/CG32,SSIM,-0.0014089345932006836
div2k,div2k/0834.png/sigma_0.050,div2k,0834.png,0.05000000074505806,U-Tikhonov T4/CG64,U-Tikhonov T4/CG32,SSIM,-0.0001285076141357422
div2k,div2k/0835.png/sigma_0.050,div2k,0835.png,0.05000000074505806,U-Tikhonov T4/CG64,U-Tikhonov T4/CG32,SSIM,0.00014400482177734375
div2k,div2k/0836.png/sigma_0.050,div2k,0836.png,0.05000000074505806,U-Tikhonov T4/CG64,U-Tikhonov T4/CG32,SSIM,-0.00010591745376586914
div2k,div2k/0837.png/sigma_0.050,div2k,0837.png,0.05000000074505806,U-Tikhonov T4/CG64,U-Tikhonov T4/CG32,SSIM,-0.0005298256874084473
div2k,div2k/0838.png/sigma_0.050,div2k,0838.png,0.05000000074505806,U-Tikhonov T4/CG64,U-Tikhonov T4/CG32,SSIM,0.0016085505485534668
div2k,div2k/0839.png/sigma_0.050,div2k,0839.png,0.05000000074505806,U-Tikhonov T4/CG64,U-Tikhonov T4/CG32,SSIM,2.7954578399658203e-05
div2k,div2k/0840.png/sigma_0.050,div2k,0840.png,0.05000000074505806,U-Tikhonov T4/CG64,U-Tikhonov T4/CG32,SSIM,-0.0002735257148742676
div2k,div2k/0841.png/sigma_0.050,div2k,0841.png,0.05000000074505806,U-Tikhonov T4/CG64,U-Tikhonov T4/CG32,SSIM,-0.0001462101936340332
div2k,div2k/0842.png/sigma_0.050,div2k,0842.png,0.05000000074505806,U-Tikhonov T4/CG64,U-Tikhonov T4/CG32,SSIM,0.0008565187454223633
div2k,div2k/0843.png/sigma_0.050,div2k,0843.png,0.05000000074505806,U-Tikhonov T4/CG64,U-Tikhonov T4/CG32,SSIM,0.0004354715347290039
div2k,div2k/0844.png/sigma_0.050,div2k,0844.png,0.05000000074505806,U-Tikhonov T4/CG64,U-Tikhonov T4/CG32,SSIM,-3.933906555175781e-05
div2k,div2k/0845.png/sigma_0.050,div2k,0845.png,0.05000000074505806,U-Tikhonov T4/CG64,U-Tikhonov T4/CG32,SSIM,-0.0013056397438049316
div2k,div2k/0846.png/sigma_0.050,div2k,0846.png,0.05000000074505806,U-Tikhonov T4/CG64,U-Tikhonov T4/CG32,SSIM,0.00020390748977661133
div2k,div2k/0847.png/sigma_0.050,div2k,0847.png,0.05000000074505806,U-Tikhonov T4/CG64,U-Tikhonov T4/CG32,SSIM,-0.0006587505340576172
div2k,div2k/0848.png/sigma_0.050,div2k,0848.png,0.05000000074505806,U-Tikhonov T4/CG64,U-Tikhonov T4/CG32,SSIM,0.001639723777770996
div2k,div2k/0849.png/sigma_0.050,div2k,0849.png,0.05000000074505806,U-Tikhonov T4/CG64,U-Tikhonov T4/CG32,SSIM,-0.0010814666748046875
div2k,div2k/0850.png/sigma_0.050,div2k,0850.png,0.05000000074505806,U-Tikhonov T4/CG64,U-Tikhonov T4/CG32,SSIM,-0.000503838062286377
div2k,div2k/0851.png/sigma_0.050,div2k,0851.png,0.05000000074505806,U-Tikhonov T4/CG64,U-Tikhonov T4/CG32,SSIM,-5.251169204711914e-05
div2k,div2k/0852.png/sigma_0.050,div2k,0852.png,0.05000000074505806,U-Tikhonov T4/CG64,U-Tikhonov T4/CG32,SSIM,-0.0013401508331298828
div2k,div2k/0853.png/sigma_0.050,div2k,0853.png,0.05000000074505806,U-Tikhonov T4/CG64,U-Tikhonov T4/CG32,SSIM,0.00034821033477783203
div2k,div2k/0854.png/sigma_0.050,div2k,0854.png,0.05000000074505806,U-Tikhonov T4/CG64,U-Tikhonov T4/CG32,SSIM,0.00029838085174560547
div2k,div2k/0855.png/sigma_0.050,div2k,0855.png,0.05000000074505806,U-Tikhonov T4/CG64,U-Tikhonov T4/CG32,SSIM,0.000765383243560791
div2k,div2k/0856.png/sigma_0.050,div2k,0856.png,0.05000000074505806,U-Tikhonov T4/CG64,U-Tikhonov T4/CG32,SSIM,0.004225671291351318
div2k,div2k/0857.png/sigma_0.050,div2k,0857.png,0.05000000074505806,U-Tikhonov T4/CG64,U-Tikhonov T4/CG32,SSIM,0.000859379768371582
div2k,div2k/0858.png/sigma_0.050,div2k,0858.png,0.05000000074505806,U-Tikhonov T4/CG64,U-Tikhonov T4/CG32,SSIM,-0.0001710653305053711
div2k,div2k/0859.png/sigma_0.050,div2k,0859.png,0.05000000074505806,U-Tikhonov T4/CG64,U-Tikhonov T4/CG32,SSIM,0.0005980134010314941
div2k,div2k/0860.png/sigma_0.050,div2k,0860.png,0.05000000074505806,U-Tikhonov T4/CG64,U-Tikhonov T4/CG32,SSIM,0.0008237957954406738
div2k,div2k/0861.png/sigma_0.050,div2k,0861.png,0.05000000074505806,U-Tikhonov T4/CG64,U-Tikhonov T4/CG32,SSIM,-0.0023107528686523438
div2k,div2k/0862.png/sigma_0.050,div2k,0862.png,0.05000000074505806,U-Tikhonov T4/CG64,U-Tikhonov T4/CG32,SSIM,0.0001862645149230957
div2k,div2k/0863.png/sigma_0.050,div2k,0863.png,0.05000000074505806,U-Tikhonov T4/CG64,U-Tikhonov T4/CG32,SSIM,1.1920928955078125e-05
div2k,div2k/0864.png/sigma_0.050,div2k,0864.png,0.05000000074505806,U-Tikhonov T4/CG64,U-Tikhonov T4/CG32,SSIM,0.0003643631935119629
div2k,div2k/0865.png/sigma_0.050,div2k,0865.png,0.05000000074505806,U-Tikhonov T4/CG64,U-Tikhonov T4/CG32,SSIM,0.0006967782974243164
div2k,div2k/0866.png/sigma_0.050,div2k,0866.png,0.05000000074505806,U-Tikhonov T4/CG64,U-Tikhonov T4/CG32,SSIM,-0.00021445751190185547
div2k,div2k/0867.png/sigma_0.050,div2k,0867.png,0.05000000074505806,U-Tikhonov T4/CG64,U-Tikhonov T4/CG32,SSIM,-0.0002560615539550781
div2k,div2k/0868.png/sigma_0.050,div2k,0868.png,0.05000000074505806,U-Tikhonov T4/CG64,U-Tikhonov T4/CG32,SSIM,-0.00035637617111206055
div2k,div2k/0869.png/sigma_0.050,div2k,0869.png,0.05000000074505806,U-Tikhonov T4/CG64,U-Tikhonov T4/CG32,SSIM,-0.0007450580596923828
div2k,div2k/0870.png/sigma_0.050,div2k,0870.png,0.05000000074505806,U-Tikhonov T4/CG64,U-Tikhonov T4/CG32,SSIM,0.0009108185768127441
div2k,div2k/0871.png/sigma_0.050,div2k,0871.png,0.05000000074505806,U-Tikhonov T4/CG64,U-Tikhonov T4/CG32,SSIM,-0.0004329085350036621
div2k,div2k/0872.png/sigma_0.050,div2k,0872.png,0.05000000074505806,U-Tikhonov T4/CG64,U-Tikhonov T4/CG32,SSIM,-0.000649571418762207
div2k,div2k/0873.png/sigma_0.050,div2k,0873.png,0.05000000074505806,U-Tikhonov T4/CG64,U-Tikhonov T4/CG32,SSIM,-0.0004382133483886719
div2k,div2k/0874.png/sigma_0.050,div2k,0874.png,0.05000000074505806,U-Tikhonov T4/CG64,U-Tikhonov T4/CG32,SSIM,0.0004671812057495117
div2k,div2k/0875.png/sigma_0.050,div2k,0875.png,0.05000000074505806,U-Tikhonov T4/CG64,U-Tikhonov T4/CG32,SSIM,-0.002380073070526123
div2k,div2k/0876.png/sigma_0.050,div2k,0876.png,0.05000000074505806,U-Tikhonov T4/CG64,U-Tikhonov T4/CG32,SSIM,-0.0024276375770568848
div2k,div2k/0877.png/sigma_0.050,div2k,0877.png,0.05000000074505806,U-Tikhonov T4/CG64,U-Tikhonov T4/CG32,SSIM,0.0008274316787719727
div2k,div2k/0878.png/sigma_0.050,div2k,0878.png,0.05000000074505806,U-Tikhonov T4/CG64,U-Tikhonov T4/CG32,SSIM,0.0007174015045166016
div2k,div2k/0879.png/sigma_0.050,div2k,0879.png,0.05000000074505806,U-Tikhonov T4/CG64,U-Tikhonov T4/CG32,SSIM,0.00032889842987060547
div2k,div2k/0880.png/sigma_0.050,div2k,0880.png,0.05000000074505806,U-Tikhonov T4/CG64,U-Tikhonov T4/CG32,SSIM,-0.0003878474235534668
div2k,div2k/0881.png/sigma_0.050,div2k,0881.png,0.05000000074505806,U-Tikhonov T4/CG64,U-Tikhonov T4/CG32,SSIM,-0.0004458427429199219
div2k,div2k/0882.png/sigma_0.050,div2k,0882.png,0.05000000074505806,U-Tikhonov T4/CG64,U-Tikhonov T4/CG32,SSIM,0.0007026195526123047
div2k,div2k/0883.png/sigma_0.050,div2k,0883.png,0.05000000074505806,U-Tikhonov T4/CG64,U-Tikhonov T4/CG32,SSIM,0.00015974044799804688
div2k,div2k/0884.png/sigma_0.050,div2k,0884.png,0.05000000074505806,U-Tikhonov T4/CG64,U-Tikhonov T4/CG32,SSIM,-0.0001156926155090332
div2k,div2k/0885.png/sigma_0.050,div2k,0885.png,0.05000000074505806,U-Tikhonov T4/CG64,U-Tikhonov T4/CG32,SSIM,0.0010341405868530273
div2k,div2k/0886.png/sigma_0.050,div2k,0886.png,0.05000000074505806,U-Tikhonov T4/CG64,U-Tikhonov T4/CG32,SSIM,0.0002372264862060547
div2k,div2k/0887.png/sigma_0.050,div2k,0887.png,0.05000000074505806,U-Tikhonov T4/CG64,U-Tikhonov T4/CG32,SSIM,0.0009087324142456055
div2k,div2k/0888.png/sigma_0.050,div2k,0888.png,0.05000000074505806,U-Tikhonov T4/CG64,U-Tikhonov T4/CG32,SSIM,0.0004685521125793457
div2k,div2k/0889.png/sigma_0.050,div2k,0889.png,0.05000000074505806,U-Tikhonov T4/CG64,U-Tikhonov T4/CG32,SSIM,0.0003993511199951172
div2k,div2k/0890.png/sigma_0.050,div2k,0890.png,0.05000000074505806,U-Tikhonov T4/CG64,U-Tikhonov T4/CG32,SSIM,0.00045734643936157227
div2k,div2k/0891.png/sigma_0.050,div2k,0891.png,0.05000000074505806,U-Tikhonov T4/CG64,U-Tikhonov T4/CG32,SSIM,-0.001926720142364502
div2k,div2k/0892.png/sigma_0.050,div2k,0892.png,0.05000000074505806,U-Tikhonov T4/CG64,U-Tikhonov T4/CG32,SSIM,0.0006514191627502441
div2k,div2k/0893.png/sigma_0.050,div2k,0893.png,0.05000000074505806,U-Tikhonov T4/CG64,U-Tikhonov T4/CG32,SSIM,0.001597285270690918
div2k,div2k/0894.png/sigma_0.050,div2k,0894.png,0.05000000074505806,U-Tikhonov T4/CG64,U-Tikhonov T4/CG32,SSIM,0.0022029876708984375
div2k,div2k/0895.png/sigma_0.050,div2k,0895.png,0.05000000074505806,U-Tikhonov T4/CG64,U-Tikhonov T4/CG32,SSIM,0.002587437629699707
div2k,div2k/0896.png/sigma_0.050,div2k,0896.png,0.05000000074505806,U-Tikhonov T4/CG64,U-Tikhonov T4/CG32,SSIM,0.0007553696632385254
div2k,div2k/0897.png/sigma_0.050,div2k,0897.png,0.05000000074505806,U-Tikhonov T4/CG64,U-Tikhonov T4/CG32,SSIM,-0.0018162727355957031
div2k,div2k/0898.png/sigma_0.050,div2k,0898.png,0.05000000074505806,U-Tikhonov T4/CG64,U-Tikhonov T4/CG32,SSIM,-0.0007274746894836426
div2k,div2k/0899.png/sigma_0.050,div2k,0899.png,0.05000000074505806,U-Tikhonov T4/CG64,U-Tikhonov T4/CG32,SSIM,0.001622319221496582
div2k,div2k/0900.png/sigma_0.050,div2k,0900.png,0.05000000074505806,U-Tikhonov T4/CG64,U-Tikhonov T4/CG32,SSIM,-0.0007213354110717773
div2k,div2k/0801.png/sigma_0.050,div2k,0801.png,0.05000000074505806,U-Tikhonov T16/CG64,U-Tikhonov T16/CG32,PSNR,-0.1132965087890625
div2k,div2k/0802.png/sigma_0.050,div2k,0802.png,0.05000000074505806,U-Tikhonov T16/CG64,U-Tikhonov T16/CG32,PSNR,-0.20409011840820312
div2k,div2k/0803.png/sigma_0.050,div2k,0803.png,0.05000000074505806,U-Tikhonov T16/CG64,U-Tikhonov T16/CG32,PSNR,-0.006591796875
div2k,div2k/0804.png/sigma_0.050,div2k,0804.png,0.05000000074505806,U-Tikhonov T16/CG64,U-Tikhonov T16/CG32,PSNR,-0.14302635192871094
div2k,div2k/0805.png/sigma_0.050,div2k,0805.png,0.05000000074505806,U-Tikhonov T16/CG64,U-Tikhonov T16/CG32,PSNR,-0.18263816833496094
div2k,div2k/0806.png/sigma_0.050,div2k,0806.png,0.05000000074505806,U-Tikhonov T16/CG64,U-Tikhonov T16/CG32,PSNR,-0.07942771911621094
div2k,div2k/0807.png/sigma_0.050,div2k,0807.png,0.05000000074505806,U-Tikhonov T16/CG64,U-Tikhonov T16/CG32,PSNR,-0.09112930297851562
div2k,div2k/0808.png/sigma_0.050,div2k,0808.png,0.05000000074505806,U-Tikhonov T16/CG64,U-Tikhonov T16/CG32,PSNR,-0.17428207397460938
div2k,div2k/0809.png/sigma_0.050,div2k,0809.png,0.05000000074505806,U-Tikhonov T16/CG64,U-Tikhonov T16/CG32,PSNR,-0.06079673767089844
div2k,div2k/0810.png/sigma_0.050,div2k,0810.png,0.05000000074505806,U-Tikhonov T16/CG64,U-Tikhonov T16/CG32,PSNR,-0.13768577575683594
div2k,div2k/0811.png/sigma_0.050,div2k,0811.png,0.05000000074505806,U-Tikhonov T16/CG64,U-Tikhonov T16/CG32,PSNR,-0.1457672119140625
div2k,div2k/0812.png/sigma_0.050,div2k,0812.png,0.05000000074505806,U-Tikhonov T16/CG64,U-Tikhonov T16/CG32,PSNR,-0.07940292358398438
div2k,div2k/0813.png/sigma_0.050,div2k,0813.png,0.05000000074505806,U-Tikhonov T16/CG64,U-Tikhonov T16/CG32,PSNR,-0.1368579864501953
div2k,div2k/0814.png/sigma_0.050,div2k,0814.png,0.05000000074505806,U-Tikhonov T16/CG64,U-Tikhonov T16/CG32,PSNR,-0.26569366455078125
div2k,div2k/0815.png/sigma_0.050,div2k,0815.png,0.05000000074505806,U-Tikhonov T16/CG64,U-Tikhonov T16/CG32,PSNR,-0.08869171142578125
div2k,div2k/0816.png/sigma_0.050,div2k,0816.png,0.05000000074505806,U-Tikhonov T16/CG64,U-Tikhonov T16/CG32,PSNR,-0.03327178955078125
div2k,div2k/0817.png/sigma_0.050,div2k,0817.png,0.05000000074505806,U-Tikhonov T16/CG64,U-Tikhonov T16/CG32,PSNR,-0.08255386352539062
div2k,div2k/0818.png/sigma_0.050,div2k,0818.png,0.05000000074505806,U-Tikhonov T16/CG64,U-Tikhonov T16/CG32,PSNR,-0.23517799377441406
div2k,div2k/0819.png/sigma_0.050,div2k,0819.png,0.05000000074505806,U-Tikhonov T16/CG64,U-Tikhonov T16/CG32,PSNR,-0.15744590759277344
div2k,div2k/0820.png/sigma_0.050,div2k,0820.png,0.05000000074505806,U-Tikhonov T16/CG64,U-Tikhonov T16/CG32,PSNR,-0.45786476135253906
div2k,div2k/0821.png/sigma_0.050,div2k,0821.png,0.05000000074505806,U-Tikhonov T16/CG64,U-Tikhonov T16/CG32,PSNR,-0.9145984649658203
div2k,div2k/0822.png/sigma_0.050,div2k,0822.png,0.05000000074505806,U-Tikhonov T16/CG64,U-Tikhonov T16/CG32,PSNR,-0.1749134063720703
div2k,div2k/0823.png/sigma_0.050,div2k,0823.png,0.05000000074505806,U-Tikhonov T16/CG64,U-Tikhonov T16/CG32,PSNR,-0.20208358764648438
div2k,div2k/0824.png/sigma_0.050,div2k,0824.png,0.05000000074505806,U-Tikhonov T16/CG64,U-Tikhonov T16/CG32,PSNR,-0.07034111022949219
div2k,div2k/0825.png/sigma_0.050,div2k,0825.png,0.05000000074505806,U-Tikhonov T16/CG64,U-Tikhonov T16/CG32,PSNR,-0.07558822631835938
div2k,div2k/0826.png/sigma_0.050,div2k,0826.png,0.05000000074505806,U-Tikhonov T16/CG64,U-Tikhonov T16/CG32,PSNR,-0.2681407928466797
div2k,div2k/0827.png/sigma_0.050,div2k,0827.png,0.05000000074505806,U-Tikhonov T16/CG64,U-Tikhonov T16/CG32,PSNR,-0.17474365234375
div2k,div2k/0828.png/sigma_0.050,div2k,0828.png,0.05000000074505806,U-Tikhonov T16/CG64,U-Tikhonov T16/CG32,PSNR,-0.7809619903564453
div2k,div2k/0829.png/sigma_0.050,div2k,0829.png,0.05000000074505806,U-Tikhonov T16/CG64,U-Tikhonov T16/CG32,PSNR,-0.15600204467773438
div2k,div2k/0830.png/sigma_0.050,div2k,0830.png,0.05000000074505806,U-Tikhonov T16/CG64,U-Tikhonov T16/CG32,PSNR,-0.07929801940917969
div2k,div2k/0831.png/sigma_0.050,div2k,0831.png,0.05000000074505806,U-Tikhonov T16/CG64,U-Tikhonov T16/CG32,PSNR,-0.028158187866210938
div2k,div2k/0832.png/sigma_0.050,div2k,0832.png,0.05000000074505806,U-Tikhonov T16/CG64,U-Tikhonov T16/CG32,PSNR,-0.10788917541503906
div2k,div2k/0833.png/sigma_0.050,div2k,0833.png,0.05000000074505806,U-Tikhonov T16/CG64,U-Tikhonov T16/CG32,PSNR,-0.13465309143066406
div2k,div2k/0834.png/sigma_0.050,div2k,0834.png,0.05000000074505806,U-Tikhonov T16/CG64,U-Tikhonov T16/CG32,PSNR,-0.17358779907226562
div2k,div2k/0835.png/sigma_0.050,div2k,0835.png,0.05000000074505806,U-Tikhonov T16/CG64,U-Tikhonov T16/CG32,PSNR,-0.06529045104980469
div2k,div2k/0836.png/sigma_0.050,div2k,0836.png,0.05000000074505806,U-Tikhonov T16/CG64,U-Tikhonov T16/CG32,PSNR,-0.011196136474609375
div2k,div2k/0837.png/sigma_0.050,div2k,0837.png,0.05000000074505806,U-Tikhonov T16/CG64,U-Tikhonov T16/CG32,PSNR,-0.19835281372070312
div2k,div2k/0838.png/sigma_0.050,div2k,0838.png,0.05000000074505806,U-Tikhonov T16/CG64,U-Tikhonov T16/CG32,PSNR,-0.07107925415039062
div2k,div2k/0839.png/sigma_0.050,div2k,0839.png,0.05000000074505806,U-Tikhonov T16/CG64,U-Tikhonov T16/CG32,PSNR,-0.1069183349609375
div2k,div2k/0840.png/sigma_0.050,div2k,0840.png,0.05000000074505806,U-Tikhonov T16/CG64,U-Tikhonov T16/CG32,PSNR,-0.11113739013671875
div2k,div2k/0841.png/sigma_0.050,div2k,0841.png,0.05000000074505806,U-Tikhonov T16/CG64,U-Tikhonov T16/CG32,PSNR,-0.30282020568847656
div2k,div2k/0842.png/sigma_0.050,div2k,0842.png,0.05000000074505806,U-Tikhonov T16/CG64,U-Tikhonov T16/CG32,PSNR,-0.17881393432617188
div2k,div2k/0843.png/sigma_0.050,div2k,0843.png,0.05000000074505806,U-Tikhonov T16/CG64,U-Tikhonov T16/CG32,PSNR,-0.15419387817382812
div2k,div2k/0844.png/sigma_0.050,div2k,0844.png,0.05000000074505806,U-Tikhonov T16/CG64,U-Tikhonov T16/CG32,PSNR,0.0615692138671875
div2k,div2k/0845.png/sigma_0.050,div2k,0845.png,0.05000000074505806,U-Tikhonov T16/CG64,U-Tikhonov T16/CG32,PSNR,-0.2065296173095703
div2k,div2k/0846.png/sigma_0.050,div2k,0846.png,0.05000000074505806,U-Tikhonov T16/CG64,U-Tikhonov T16/CG32,PSNR,-0.19988059997558594
div2k,div2k/0847.png/sigma_0.050,div2k,0847.png,0.05000000074505806,U-Tikhonov T16/CG64,U-Tikhonov T16/CG32,PSNR,-0.15613937377929688
div2k,div2k/0848.png/sigma_0.050,div2k,0848.png,0.05000000074505806,U-Tikhonov T16/CG64,U-Tikhonov T16/CG32,PSNR,-0.13373184204101562
div2k,div2k/0849.png/sigma_0.050,div2k,0849.png,0.05000000074505806,U-Tikhonov T16/CG64,U-Tikhonov T16/CG32,PSNR,-0.3679008483886719
div2k,div2k/0850.png/sigma_0.050,div2k,0850.png,0.05000000074505806,U-Tikhonov T16/CG64,U-Tikhonov T16/CG32,PSNR,-0.09026718139648438
div2k,div2k/0851.png/sigma_0.050,div2k,0851.png,0.05000000074505806,U-Tikhonov T16/CG64,U-Tikhonov T16/CG32,PSNR,-0.2692909240722656
div2k,div2k/0852.png/sigma_0.050,div2k,0852.png,0.05000000074505806,U-Tikhonov T16/CG64,U-Tikhonov T16/CG32,PSNR,-0.11209297180175781
div2k,div2k/0853.png/sigma_0.050,div2k,0853.png,0.05000000074505806,U-Tikhonov T16/CG64,U-Tikhonov T16/CG32,PSNR,-0.11833953857421875
div2k,div2k/0854.png/sigma_0.050,div2k,0854.png,0.05000000074505806,U-Tikhonov T16/CG64,U-Tikhonov T16/CG32,PSNR,-0.27590179443359375
div2k,div2k/0855.png/sigma_0.050,div2k,0855.png,0.05000000074505806,U-Tikhonov T16/CG64,U-Tikhonov T16/CG32,PSNR,-0.3316631317138672
div2k,div2k/0856.png/sigma_0.050,div2k,0856.png,0.05000000074505806,U-Tikhonov T16/CG64,U-Tikhonov T16/CG32,PSNR,-0.19276046752929688
div2k,div2k/0857.png/sigma_0.050,div2k,0857.png,0.05000000074505806,U-Tikhonov T16/CG64,U-Tikhonov T16/CG32,PSNR,-0.20343017578125
div2k,div2k/0858.png/sigma_0.050,div2k,0858.png,0.05000000074505806,U-Tikhonov T16/CG64,U-Tikhonov T16/CG32,PSNR,-0.20685577392578125
div2k,div2k/0859.png/sigma_0.050,div2k,0859.png,0.05000000074505806,U-Tikhonov T16/CG64,U-Tikhonov T16/CG32,PSNR,-0.16669273376464844
div2k,div2k/0860.png/sigma_0.050,div2k,0860.png,0.05000000074505806,U-Tikhonov T16/CG64,U-Tikhonov T16/CG32,PSNR,-0.2750835418701172
div2k,div2k/0861.png/sigma_0.050,div2k,0861.png,0.05000000074505806,U-Tikhonov T16/CG64,U-Tikhonov T16/CG32,PSNR,-0.3601036071777344
div2k,div2k/0862.png/sigma_0.050,div2k,0862.png,0.05000000074505806,U-Tikhonov T16/CG64,U-Tikhonov T16/CG32,PSNR,-0.07271957397460938
div2k,div2k/0863.png/sigma_0.050,div2k,0863.png,0.05000000074505806,U-Tikhonov T16/CG64,U-Tikhonov T16/CG32,PSNR,0.08147811889648438
div2k,div2k/0864.png/sigma_0.050,div2k,0864.png,0.05000000074505806,U-Tikhonov T16/CG64,U-Tikhonov T16/CG32,PSNR,-0.04987144470214844
div2k,div2k/0865.png/sigma_0.050,div2k,0865.png,0.05000000074505806,U-Tikhonov T16/CG64,U-Tikhonov T16/CG32,PSNR,-0.0519561767578125
div2k,div2k/0866.png/sigma_0.050,div2k,0866.png,0.05000000074505806,U-Tikhonov T16/CG64,U-Tikhonov T16/CG32,PSNR,-0.16197586059570312
div2k,div2k/0867.png/sigma_0.050,div2k,0867.png,0.05000000074505806,U-Tikhonov T16/CG64,U-Tikhonov T16/CG32,PSNR,-0.10711288452148438
div2k,div2k/0868.png/sigma_0.050,div2k,0868.png,0.05000000074505806,U-Tikhonov T16/CG64,U-Tikhonov T16/CG32,PSNR,-0.12807083129882812
div2k,div2k/0869.png/sigma_0.050,div2k,0869.png,0.05000000074505806,U-Tikhonov T16/CG64,U-Tikhonov T16/CG32,PSNR,-0.02783966064453125
div2k,div2k/0870.png/sigma_0.050,div2k,0870.png,0.05000000074505806,U-Tikhonov T16/CG64,U-Tikhonov T16/CG32,PSNR,-0.1856555938720703
div2k,div2k/0871.png/sigma_0.050,div2k,0871.png,0.05000000074505806,U-Tikhonov T16/CG64,U-Tikhonov T16/CG32,PSNR,-0.038364410400390625
div2k,div2k/0872.png/sigma_0.050,div2k,0872.png,0.05000000074505806,U-Tikhonov T16/CG64,U-Tikhonov T16/CG32,PSNR,-0.19302749633789062
div2k,div2k/0873.png/sigma_0.050,div2k,0873.png,0.05000000074505806,U-Tikhonov T16/CG64,U-Tikhonov T16/CG32,PSNR,-0.17577552795410156
div2k,div2k/0874.png/sigma_0.050,div2k,0874.png,0.05000000074505806,U-Tikhonov T16/CG64,U-Tikhonov T16/CG32,PSNR,-0.08405113220214844
div2k,div2k/0875.png/sigma_0.050,div2k,0875.png,0.05000000074505806,U-Tikhonov T16/CG64,U-Tikhonov T16/CG32,PSNR,-0.13807106018066406
div2k,div2k/0876.png/sigma_0.050,div2k,0876.png,0.05000000074505806,U-Tikhonov T16/CG64,U-Tikhonov T16/CG32,PSNR,-0.17318153381347656
div2k,div2k/0877.png/sigma_0.050,div2k,0877.png,0.05000000074505806,U-Tikhonov T16/CG64,U-Tikhonov T16/CG32,PSNR,-0.006290435791015625
div2k,div2k/0878.png/sigma_0.050,div2k,0878.png,0.05000000074505806,U-Tikhonov T16/CG64,U-Tikhonov T16/CG32,PSNR,-0.07836532592773438
div2k,div2k/0879.png/sigma_0.050,div2k,0879.png,0.05000000074505806,U-Tikhonov T16/CG64,U-Tikhonov T16/CG32,PSNR,-0.19075393676757812
div2k,div2k/0880.png/sigma_0.050,div2k,0880.png,0.05000000074505806,U-Tikhonov T16/CG64,U-Tikhonov T16/CG32,PSNR,-0.0891265869140625
div2k,div2k/0881.png/sigma_0.050,div2k,0881.png,0.05000000074505806,U-Tikhonov T16/CG64,U-Tikhonov T16/CG32,PSNR,-0.15871047973632812
div2k,div2k/0882.png/sigma_0.050,div2k,0882.png,0.05000000074505806,U-Tikhonov T16/CG64,U-Tikhonov T16/CG32,PSNR,-0.049114227294921875
div2k,div2k/0883.png/sigma_0.050,div2k,0883.png,0.05000000074505806,U-Tikhonov T16/CG64,U-Tikhonov T16/CG32,PSNR,-0.15535736083984375
div2k,div2k/0884.png/sigma_0.050,div2k,0884.png,0.05000000074505806,U-Tikhonov T16/CG64,U-Tikhonov T16/CG32,PSNR,-0.14318275451660156
div2k,div2k/0885.png/sigma_0.050,div2k,0885.png,0.05000000074505806,U-Tikhonov T16/CG64,U-Tikhonov T16/CG32,PSNR,-0.2145061492919922
div2k,div2k/0886.png/sigma_0.050,div2k,0886.png,0.05000000074505806,U-Tikhonov T16/CG64,U-Tikhonov T16/CG32,PSNR,-0.08062362670898438
div2k,div2k/0887.png/sigma_0.050,div2k,0887.png,0.05000000074505806,U-Tikhonov T16/CG64,U-Tikhonov T16/CG32,PSNR,-0.149383544921875
div2k,div2k/0888.png/sigma_0.050,div2k,0888.png,0.05000000074505806,U-Tikhonov T16/CG64,U-Tikhonov T16/CG32,PSNR,-0.04917716979980469
div2k,div2k/0889.png/sigma_0.050,div2k,0889.png,0.05000000074505806,U-Tikhonov T16/CG64,U-Tikhonov T16/CG32,PSNR,-0.1928863525390625
div2k,div2k/0890.png/sigma_0.050,div2k,0890.png,0.05000000074505806,U-Tikhonov T16/CG64,U-Tikhonov T16/CG32,PSNR,-0.09791183471679688
div2k,div2k/0891.png/sigma_0.050,div2k,0891.png,0.05000000074505806,U-Tikhonov T16/CG64,U-Tikhonov T16/CG32,PSNR,-0.22492408752441406
div2k,div2k/0892.png/sigma_0.050,div2k,0892.png,0.05000000074505806,U-Tikhonov T16/CG64,U-Tikhonov T16/CG32,PSNR,-0.1390838623046875
div2k,div2k/0893.png/sigma_0.050,div2k,0893.png,0.05000000074505806,U-Tikhonov T16/CG64,U-Tikhonov T16/CG32,PSNR,-0.08722686767578125
div2k,div2k/0894.png/sigma_0.050,div2k,0894.png,0.05000000074505806,U-Tikhonov T16/CG64,U-Tikhonov T16/CG32,PSNR,-0.244110107421875
div2k,div2k/0895.png/sigma_0.050,div2k,0895.png,0.05000000074505806,U-Tikhonov T16/CG64,U-Tikhonov T16/CG32,PSNR,-0.5042209625244141
div2k,div2k/0896.png/sigma_0.050,div2k,0896.png,0.05000000074505806,U-Tikhonov T16/CG64,U-Tikhonov T16/CG32,PSNR,-0.055690765380859375
div2k,div2k/0897.png/sigma_0.050,div2k,0897.png,0.05000000074505806,U-Tikhonov T16/CG64,U-Tikhonov T16/CG32,PSNR,0.1431407928466797
div2k,div2k/0898.png/sigma_0.050,div2k,0898.png,0.05000000074505806,U-Tikhonov T16/CG64,U-Tikhonov T16/CG32,PSNR,-0.160369873046875
div2k,div2k/0899.png/sigma_0.050,div2k,0899.png,0.05000000074505806,U-Tikhonov T16/CG64,U-Tikhonov T16/CG32,PSNR,-0.17874908447265625
div2k,div2k/0900.png/sigma_0.050,div2k,0900.png,0.05000000074505806,U-Tikhonov T16/CG64,U-Tikhonov T16/CG32,PSNR,-0.11980438232421875
div2k,div2k/0801.png/sigma_0.050,div2k,0801.png,0.05000000074505806,U-Tikhonov T16/CG64,U-Tikhonov T16/CG32,SSIM,-0.0020276904106140137
div2k,div2k/0802.png/sigma_0.050,div2k,0802.png,0.05000000074505806,U-Tikhonov T16/CG64,U-Tikhonov T16/CG32,SSIM,-0.0012559294700622559
div2k,div2k/0803.png/sigma_0.050,div2k,0803.png,0.05000000074505806,U-Tikhonov T16/CG64,U-Tikhonov T16/CG32,SSIM,-0.0009735822677612305
div2k,div2k/0804.png/sigma_0.050,div2k,0804.png,0.05000000074505806,U-Tikhonov T16/CG64,U-Tikhonov T16/CG32,SSIM,-0.002521812915802002
div2k,div2k/0805.png/sigma_0.050,div2k,0805.png,0.05000000074505806,U-Tikhonov T16/CG64,U-Tikhonov T16/CG32,SSIM,-0.0034195780754089355
div2k,div2k/0806.png/sigma_0.050,div2k,0806.png,0.05000000074505806,U-Tikhonov T16/CG64,U-Tikhonov T16/CG32,SSIM,-0.0005692243576049805
div2k,div2k/0807.png/sigma_0.050,div2k,0807.png,0.05000000074505806,U-Tikhonov T16/CG64,U-Tikhonov T16/CG32,SSIM,-0.0028525590896606445
div2k,div2k/0808.png/sigma_0.050,div2k,0808.png,0.05000000074505806,U-Tikhonov T16/CG64,U-Tikhonov T16/CG32,SSIM,-0.0005117654800415039
div2k,div2k/0809.png/sigma_0.050,div2k,0809.png,0.05000000074505806,U-Tikhonov T16/CG64,U-Tikhonov T16/CG32,SSIM,-0.0031957626342773438
div2k,div2k/0810.png/sigma_0.050,div2k,0810.png,0.05000000074505806,U-Tikhonov T16/CG64,U-Tikhonov T16/CG32,SSIM,-0.0027081966400146484
div2k,div2k/0811.png/sigma_0.050,div2k,0811.png,0.05000000074505806,U-Tikhonov T16/CG64,U-Tikhonov T16/CG32,SSIM,-0.004553675651550293
div2k,div2k/0812.png/sigma_0.050,div2k,0812.png,0.05000000074505806,U-Tikhonov T16/CG64,U-Tikhonov T16/CG32,SSIM,-0.0007224678993225098
div2k,div2k/0813.png/sigma_0.050,div2k,0813.png,0.05000000074505806,U-Tikhonov T16/CG64,U-Tikhonov T16/CG32,SSIM,-0.0020756125450134277
div2k,div2k/0814.png/sigma_0.050,div2k,0814.png,0.05000000074505806,U-Tikhonov T16/CG64,U-Tikhonov T16/CG32,SSIM,-0.0010046958923339844
div2k,div2k/0815.png/sigma_0.050,div2k,0815.png,0.05000000074505806,U-Tikhonov T16/CG64,U-Tikhonov T16/CG32,SSIM,-0.000583946704864502
div2k,div2k/0816.png/sigma_0.050,div2k,0816.png,0.05000000074505806,U-Tikhonov T16/CG64,U-Tikhonov T16/CG32,SSIM,-0.0007051825523376465
div2k,div2k/0817.png/sigma_0.050,div2k,0817.png,0.05000000074505806,U-Tikhonov T16/CG64,U-Tikhonov T16/CG32,SSIM,-0.0018947720527648926
div2k,div2k/0818.png/sigma_0.050,div2k,0818.png,0.05000000074505806,U-Tikhonov T16/CG64,U-Tikhonov T16/CG32,SSIM,-0.0024347901344299316
div2k,div2k/0819.png/sigma_0.050,div2k,0819.png,0.05000000074505806,U-Tikhonov T16/CG64,U-Tikhonov T16/CG32,SSIM,-0.0033981800079345703
div2k,div2k/0820.png/sigma_0.050,div2k,0820.png,0.05000000074505806,U-Tikhonov T16/CG64,U-Tikhonov T16/CG32,SSIM,-0.004559040069580078
div2k,div2k/0821.png/sigma_0.050,div2k,0821.png,0.05000000074505806,U-Tikhonov T16/CG64,U-Tikhonov T16/CG32,SSIM,-0.006545901298522949
div2k,div2k/0822.png/sigma_0.050,div2k,0822.png,0.05000000074505806,U-Tikhonov T16/CG64,U-Tikhonov T16/CG32,SSIM,-0.003028690814971924
div2k,div2k/0823.png/sigma_0.050,div2k,0823.png,0.05000000074505806,U-Tikhonov T16/CG64,U-Tikhonov T16/CG32,SSIM,-0.001762092113494873
div2k,div2k/0824.png/sigma_0.050,div2k,0824.png,0.05000000074505806,U-Tikhonov T16/CG64,U-Tikhonov T16/CG32,SSIM,-0.000513613224029541
div2k,div2k/0825.png/sigma_0.050,div2k,0825.png,0.05000000074505806,U-Tikhonov T16/CG64,U-Tikhonov T16/CG32,SSIM,-0.0014941096305847168
div2k,div2k/0826.png/sigma_0.050,div2k,0826.png,0.05000000074505806,U-Tikhonov T16/CG64,U-Tikhonov T16/CG32,SSIM,-0.002416372299194336
div2k,div2k/0827.png/sigma_0.050,div2k,0827.png,0.05000000074505806,U-Tikhonov T16/CG64,U-Tikhonov T16/CG32,SSIM,-0.0016764402389526367
div2k,div2k/0828.png/sigma_0.050,div2k,0828.png,0.05000000074505806,U-Tikhonov T16/CG64,U-Tikhonov T16/CG32,SSIM,-0.014412462711334229
div2k,div2k/0829.png/sigma_0.050,div2k,0829.png,0.05000000074505806,U-Tikhonov T16/CG64,U-Tikhonov T16/CG32,SSIM,-0.0017189979553222656
div2k,div2k/0830.png/sigma_0.050,div2k,0830.png,0.05000000074505806,U-Tikhonov T16/CG64,U-Tikhonov T16/CG32,SSIM,-0.0013225078582763672
div2k,div2k/0831.png/sigma_0.050,div2k,0831.png,0.05000000074505806,U-Tikhonov T16/CG64,U-Tikhonov T16/CG32,SSIM,-0.00019407272338867188
div2k,div2k/0832.png/sigma_0.050,div2k,0832.png,0.05000000074505806,U-Tikhonov T16/CG64,U-Tikhonov T16/CG32,SSIM,-0.0009282231330871582
div2k,div2k/0833.png/sigma_0.050,div2k,0833.png,0.05000000074505806,U-Tikhonov T16/CG64,U-Tikhonov T16/CG32,SSIM,-0.001894831657409668
div2k,div2k/0834.png/sigma_0.050,div2k,0834.png,0.05000000074505806,U-Tikhonov T16/CG64,U-Tikhonov T16/CG32,SSIM,-0.0016205310821533203
div2k,div2k/0835.png/sigma_0.050,div2k,0835.png,0.05000000074505806,U-Tikhonov T16/CG64,U-Tikhonov T16/CG32,SSIM,-0.0015297532081604004
div2k,div2k/0836.png/sigma_0.050,div2k,0836.png,0.05000000074505806,U-Tikhonov T16/CG64,U-Tikhonov T16/CG32,SSIM,-0.0011574625968933105
div2k,div2k/0837.png/sigma_0.050,div2k,0837.png,0.05000000074505806,U-Tikhonov T16/CG64,U-Tikhonov T16/CG32,SSIM,-0.0021533966064453125
div2k,div2k/0838.png/sigma_0.050,div2k,0838.png,0.05000000074505806,U-Tikhonov T16/CG64,U-Tikhonov T16/CG32,SSIM,-0.0005549192428588867
div2k,div2k/0839.png/sigma_0.050,div2k,0839.png,0.05000000074505806,U-Tikhonov T16/CG64,U-Tikhonov T16/CG32,SSIM,-0.0035715103149414062
div2k,div2k/0840.png/sigma_0.050,div2k,0840.png,0.05000000074505806,U-Tikhonov T16/CG64,U-Tikhonov T16/CG32,SSIM,-0.0011500120162963867
div2k,div2k/0841.png/sigma_0.050,div2k,0841.png,0.05000000074505806,U-Tikhonov T16/CG64,U-Tikhonov T16/CG32,SSIM,-0.002781510353088379
div2k,div2k/0842.png/sigma_0.050,div2k,0842.png,0.05000000074505806,U-Tikhonov T16/CG64,U-Tikhonov T16/CG32,SSIM,-0.0018909573554992676
div2k,div2k/0843.png/sigma_0.050,div2k,0843.png,0.05000000074505806,U-Tikhonov T16/CG64,U-Tikhonov T16/CG32,SSIM,0.00047087669372558594
div2k,div2k/0844.png/sigma_0.050,div2k,0844.png,0.05000000074505806,U-Tikhonov T16/CG64,U-Tikhonov T16/CG32,SSIM,6.717443466186523e-05
div2k,div2k/0845.png/sigma_0.050,div2k,0845.png,0.05000000074505806,U-Tikhonov T16/CG64,U-Tikhonov T16/CG32,SSIM,-0.0034981966018676758
div2k,div2k/0846.png/sigma_0.050,div2k,0846.png,0.05000000074505806,U-Tikhonov T16/CG64,U-Tikhonov T16/CG32,SSIM,-0.0019078254699707031
div2k,div2k/0847.png/sigma_0.050,div2k,0847.png,0.05000000074505806,U-Tikhonov T16/CG64,U-Tikhonov T16/CG32,SSIM,-0.0015094876289367676
div2k,div2k/0848.png/sigma_0.050,div2k,0848.png,0.05000000074505806,U-Tikhonov T16/CG64,U-Tikhonov T16/CG32,SSIM,-0.0012453794479370117
div2k,div2k/0849.png/sigma_0.050,div2k,0849.png,0.05000000074505806,U-Tikhonov T16/CG64,U-Tikhonov T16/CG32,SSIM,-0.0024167299270629883
div2k,div2k/0850.png/sigma_0.050,div2k,0850.png,0.05000000074505806,U-Tikhonov T16/CG64,U-Tikhonov T16/CG32,SSIM,-0.000843048095703125
div2k,div2k/0851.png/sigma_0.050,div2k,0851.png,0.05000000074505806,U-Tikhonov T16/CG64,U-Tikhonov T16/CG32,SSIM,-0.0012639164924621582
div2k,div2k/0852.png/sigma_0.050,div2k,0852.png,0.05000000074505806,U-Tikhonov T16/CG64,U-Tikhonov T16/CG32,SSIM,-0.005663692951202393
div2k,div2k/0853.png/sigma_0.050,div2k,0853.png,0.05000000074505806,U-Tikhonov T16/CG64,U-Tikhonov T16/CG32,SSIM,-0.0008333921432495117
div2k,div2k/0854.png/sigma_0.050,div2k,0854.png,0.05000000074505806,U-Tikhonov T16/CG64,U-Tikhonov T16/CG32,SSIM,-0.004073441028594971
div2k,div2k/0855.png/sigma_0.050,div2k,0855.png,0.05000000074505806,U-Tikhonov T16/CG64,U-Tikhonov T16/CG32,SSIM,-0.004844784736633301
div2k,div2k/0856.png/sigma_0.050,div2k,0856.png,0.05000000074505806,U-Tikhonov T16/CG64,U-Tikhonov T16/CG32,SSIM,-0.007762551307678223
div2k,div2k/0857.png/sigma_0.050,div2k,0857.png,0.05000000074505806,U-Tikhonov T16/CG64,U-Tikhonov T16/CG32,SSIM,-0.0014890432357788086
div2k,div2k/0858.png/sigma_0.050,div2k,0858.png,0.05000000074505806,U-Tikhonov T16/CG64,U-Tikhonov T16/CG32,SSIM,-0.007336616516113281
div2k,div2k/0859.png/sigma_0.050,div2k,0859.png,0.05000000074505806,U-Tikhonov T16/CG64,U-Tikhonov T16/CG32,SSIM,-0.003453850746154785
div2k,div2k/0860.png/sigma_0.050,div2k,0860.png,0.05000000074505806,U-Tikhonov T16/CG64,U-Tikhonov T16/CG32,SSIM,-0.00554966926574707
div2k,div2k/0861.png/sigma_0.050,div2k,0861.png,0.05000000074505806,U-Tikhonov T16/CG64,U-Tikhonov T16/CG32,SSIM,-0.008515655994415283
div2k,div2k/0862.png/sigma_0.050,div2k,0862.png,0.05000000074505806,U-Tikhonov T16/CG64,U-Tikhonov T16/CG32,SSIM,-0.0014489293098449707
div2k,div2k/0863.png/sigma_0.050,div2k,0863.png,0.05000000074505806,U-Tikhonov T16/CG64,U-Tikhonov T16/CG32,SSIM,-0.00020509958267211914
div2k,div2k/0864.png/sigma_0.050,div2k,0864.png,0.05000000074505806,U-Tikhonov T16/CG64,U-Tikhonov T16/CG32,SSIM,-0.0008882880210876465
div2k,div2k/0865.png/sigma_0.050,div2k,0865.png,0.05000000074505806,U-Tikhonov T16/CG64,U-Tikhonov T16/CG32,SSIM,-0.0017865896224975586
div2k,div2k/0866.png/sigma_0.050,div2k,0866.png,0.05000000074505806,U-Tikhonov T16/CG64,U-Tikhonov T16/CG32,SSIM,-0.004062473773956299
div2k,div2k/0867.png/sigma_0.050,div2k,0867.png,0.05000000074505806,U-Tikhonov T16/CG64,U-Tikhonov T16/CG32,SSIM,-0.0012086033821105957
div2k,div2k/0868.png/sigma_0.050,div2k,0868.png,0.05000000074505806,U-Tikhonov T16/CG64,U-Tikhonov T16/CG32,SSIM,-0.0009018182754516602
div2k,div2k/0869.png/sigma_0.050,div2k,0869.png,0.05000000074505806,U-Tikhonov T16/CG64,U-Tikhonov T16/CG32,SSIM,-0.0005205273628234863
div2k,div2k/0870.png/sigma_0.050,div2k,0870.png,0.05000000074505806,U-Tikhonov T16/CG64,U-Tikhonov T16/CG32,SSIM,-0.003730177879333496
div2k,div2k/0871.png/sigma_0.050,div2k,0871.png,0.05000000074505806,U-Tikhonov T16/CG64,U-Tikhonov T16/CG32,SSIM,-0.00046753883361816406
div2k,div2k/0872.png/sigma_0.050,div2k,0872.png,0.05000000074505806,U-Tikhonov T16/CG64,U-Tikhonov T16/CG32,SSIM,-0.0025469064712524414
div2k,div2k/0873.png/sigma_0.050,div2k,0873.png,0.05000000074505806,U-Tikhonov T16/CG64,U-Tikhonov T16/CG32,SSIM,-0.0021955370903015137
div2k,div2k/0874.png/sigma_0.050,div2k,0874.png,0.05000000074505806,U-Tikhonov T16/CG64,U-Tikhonov T16/CG32,SSIM,-0.003032386302947998
div2k,div2k/0875.png/sigma_0.050,div2k,0875.png,0.05000000074505806,U-Tikhonov T16/CG64,U-Tikhonov T16/CG32,SSIM,-0.0013487935066223145
div2k,div2k/0876.png/sigma_0.050,div2k,0876.png,0.05000000074505806,U-Tikhonov T16/CG64,U-Tikhonov T16/CG32,SSIM,-0.004165172576904297
div2k,div2k/0877.png/sigma_0.050,div2k,0877.png,0.05000000074505806,U-Tikhonov T16/CG64,U-Tikhonov T16/CG32,SSIM,-0.0010457038879394531
div2k,div2k/0878.png/sigma_0.050,div2k,0878.png,0.05000000074505806,U-Tikhonov T16/CG64,U-Tikhonov T16/CG32,SSIM,-0.0021331310272216797
div2k,div2k/0879.png/sigma_0.050,div2k,0879.png,0.05000000074505806,U-Tikhonov T16/CG64,U-Tikhonov T16/CG32,SSIM,-0.0024210214614868164
div2k,div2k/0880.png/sigma_0.050,div2k,0880.png,0.05000000074505806,U-Tikhonov T16/CG64,U-Tikhonov T16/CG32,SSIM,-0.0017284750938415527
div2k,div2k/0881.png/sigma_0.050,div2k,0881.png,0.05000000074505806,U-Tikhonov T16/CG64,U-Tikhonov T16/CG32,SSIM,-0.0015772581100463867
div2k,div2k/0882.png/sigma_0.050,div2k,0882.png,0.05000000074505806,U-Tikhonov T16/CG64,U-Tikhonov T16/CG32,SSIM,-0.0007213354110717773
div2k,div2k/0883.png/sigma_0.050,div2k,0883.png,0.05000000074505806,U-Tikhonov T16/CG64,U-Tikhonov T16/CG32,SSIM,-0.0018323659896850586
div2k,div2k/0884.png/sigma_0.050,div2k,0884.png,0.05000000074505806,U-Tikhonov T16/CG64,U-Tikhonov T16/CG32,SSIM,-0.0018915534019470215
div2k,div2k/0885.png/sigma_0.050,div2k,0885.png,0.05000000074505806,U-Tikhonov T16/CG64,U-Tikhonov T16/CG32,SSIM,-0.007416367530822754
div2k,div2k/0886.png/sigma_0.050,div2k,0886.png,0.05000000074505806,U-Tikhonov T16/CG64,U-Tikhonov T16/CG32,SSIM,-0.00036895275115966797
div2k,div2k/0887.png/sigma_0.050,div2k,0887.png,0.05000000074505806,U-Tikhonov T16/CG64,U-Tikhonov T16/CG32,SSIM,-0.002202153205871582
div2k,div2k/0888.png/sigma_0.050,div2k,0888.png,0.05000000074505806,U-Tikhonov T16/CG64,U-Tikhonov T16/CG32,SSIM,-0.00028389692306518555
div2k,div2k/0889.png/sigma_0.050,div2k,0889.png,0.05000000074505806,U-Tikhonov T16/CG64,U-Tikhonov T16/CG32,SSIM,-0.002498030662536621
div2k,div2k/0890.png/sigma_0.050,div2k,0890.png,0.05000000074505806,U-Tikhonov T16/CG64,U-Tikhonov T16/CG32,SSIM,-0.0012914538383483887
div2k,div2k/0891.png/sigma_0.050,div2k,0891.png,0.05000000074505806,U-Tikhonov T16/CG64,U-Tikhonov T16/CG32,SSIM,-0.0023177266120910645
div2k,div2k/0892.png/sigma_0.050,div2k,0892.png,0.05000000074505806,U-Tikhonov T16/CG64,U-Tikhonov T16/CG32,SSIM,-0.0025368928909301758
div2k,div2k/0893.png/sigma_0.050,div2k,0893.png,0.05000000074505806,U-Tikhonov T16/CG64,U-Tikhonov T16/CG32,SSIM,-0.0008565187454223633
div2k,div2k/0894.png/sigma_0.050,div2k,0894.png,0.05000000074505806,U-Tikhonov T16/CG64,U-Tikhonov T16/CG32,SSIM,-0.007532477378845215
div2k,div2k/0895.png/sigma_0.050,div2k,0895.png,0.05000000074505806,U-Tikhonov T16/CG64,U-Tikhonov T16/CG32,SSIM,-0.012019336223602295
div2k,div2k/0896.png/sigma_0.050,div2k,0896.png,0.05000000074505806,U-Tikhonov T16/CG64,U-Tikhonov T16/CG32,SSIM,-0.0005671977996826172
div2k,div2k/0897.png/sigma_0.050,div2k,0897.png,0.05000000074505806,U-Tikhonov T16/CG64,U-Tikhonov T16/CG32,SSIM,0.00036835670471191406
div2k,div2k/0898.png/sigma_0.050,div2k,0898.png,0.05000000074505806,U-Tikhonov T16/CG64,U-Tikhonov T16/CG32,SSIM,-0.00033783912658691406
div2k,div2k/0899.png/sigma_0.050,div2k,0899.png,0.05000000074505806,U-Tikhonov T16/CG64,U-Tikhonov T16/CG32,SSIM,-0.0026311278343200684
div2k,div2k/0900.png/sigma_0.050,div2k,0900.png,0.05000000074505806,U-Tikhonov T16/CG64,U-Tikhonov T16/CG32,SSIM,-0.002020418643951416
div2k,div2k/0801.png/sigma_0.100,div2k,0801.png,0.10000000149011612,U-Tikhonov T16/CG32,U-Tikhonov T4/CG32,PSNR,0.05202674865722656
div2k,div2k/0802.png/sigma_0.100,div2k,0802.png,0.10000000149011612,U-Tikhonov T16/CG32,U-Tikhonov T4/CG32,PSNR,0.3890800476074219
div2k,div2k/0803.png/sigma_0.100,div2k,0803.png,0.10000000149011612,U-Tikhonov T16/CG32,U-Tikhonov T4/CG32,PSNR,0.17761802673339844
div2k,div2k/0804.png/sigma_0.100,div2k,0804.png,0.10000000149011612,U-Tikhonov T16/CG32,U-Tikhonov T4/CG32,PSNR,0.15054893493652344
div2k,div2k/0805.png/sigma_0.100,div2k,0805.png,0.10000000149011612,U-Tikhonov T16/CG32,U-Tikhonov T4/CG32,PSNR,0.06989097595214844
div2k,div2k/0806.png/sigma_0.100,div2k,0806.png,0.10000000149011612,U-Tikhonov T16/CG32,U-Tikhonov T4/CG32,PSNR,0.025934219360351562
div2k,div2k/0807.png/sigma_0.100,div2k,0807.png,0.10000000149011612,U-Tikhonov T16/CG32,U-Tikhonov T4/CG32,PSNR,-0.0023193359375
div2k,div2k/0808.png/sigma_0.100,div2k,0808.png,0.10000000149011612,U-Tikhonov T16/CG32,U-Tikhonov T4/CG32,PSNR,0.19056320190429688
div2k,div2k/0809.png/sigma_0.100,div2k,0809.png,0.10000000149011612,U-Tikhonov T16/CG32,U-Tikhonov T4/CG32,PSNR,-0.01525115966796875
div2k,div2k/0810.png/sigma_0.100,div2k,0810.png,0.10000000149011612,U-Tikhonov T16/CG32,U-Tikhonov T4/CG32,PSNR,-0.013946533203125
div2k,div2k/0811.png/sigma_0.100,div2k,0811.png,0.10000000149011612,U-Tikhonov T16/CG32,U-Tikhonov T4/CG32,PSNR,-0.05315399169921875
div2k,div2k/0812.png/sigma_0.100,div2k,0812.png,0.10000000149011612,U-Tikhonov T16/CG32,U-Tikhonov T4/CG32,PSNR,0.046520233154296875
div2k,div2k/0813.png/sigma_0.100,div2k,0813.png,0.10000000149011612,U-Tikhonov T16/CG32,U-Tikhonov T4/CG32,PSNR,0.15630340576171875
div2k,div2k/0814.png/sigma_0.100,div2k,0814.png,0.10000000149011612,U-Tikhonov T16/CG32,U-Tikhonov T4/CG32,PSNR,0.2867698669433594
div2k,div2k/0815.png/sigma_0.100,div2k,0815.png,0.10000000149011612,U-Tikhonov T16/CG32,U-Tikhonov T4/CG32,PSNR,0.0968017578125
div2k,div2k/0816.png/sigma_0.100,div2k,0816.png,0.10000000149011612,U-Tikhonov T16/CG32,U-Tikhonov T4/CG32,PSNR,0.00800323486328125
div2k,div2k/0817.png/sigma_0.100,div2k,0817.png,0.10000000149011612,U-Tikhonov T16/CG32,U-Tikhonov T4/CG32,PSNR,0.09219169616699219
div2k,div2k/0818.png/sigma_0.100,div2k,0818.png,0.10000000149011612,U-Tikhonov T16/CG32,U-Tikhonov T4/CG32,PSNR,0.1729869842529297
div2k,div2k/0819.png/sigma_0.100,div2k,0819.png,0.10000000149011612,U-Tikhonov T16/CG32,U-Tikhonov T4/CG32,PSNR,0.03610992431640625
div2k,div2k/0820.png/sigma_0.100,div2k,0820.png,0.10000000149011612,U-Tikhonov T16/CG32,U-Tikhonov T4/CG32,PSNR,0.1909313201904297
div2k,div2k/0821.png/sigma_0.100,div2k,0821.png,0.10000000149011612,U-Tikhonov T16/CG32,U-Tikhonov T4/CG32,PSNR,0.2859630584716797
div2k,div2k/0822.png/sigma_0.100,div2k,0822.png,0.10000000149011612,U-Tikhonov T16/CG32,U-Tikhonov T4/CG32,PSNR,-0.0032215118408203125
div2k,div2k/0823.png/sigma_0.100,div2k,0823.png,0.10000000149011612,U-Tikhonov T16/CG32,U-Tikhonov T4/CG32,PSNR,0.18570899963378906
div2k,div2k/0824.png/sigma_0.100,div2k,0824.png,0.10000000149011612,U-Tikhonov T16/CG32,U-Tikhonov T4/CG32,PSNR,0.16282081604003906
div2k,div2k/0825.png/sigma_0.100,div2k,0825.png,0.10000000149011612,U-Tikhonov T16/CG32,U-Tikhonov T4/CG32,PSNR,0.12241554260253906
div2k,div2k/0826.png/sigma_0.100,div2k,0826.png,0.10000000149011612,U-Tikhonov T16/CG32,U-Tikhonov T4/CG32,PSNR,0.09273910522460938
div2k,div2k/0827.png/sigma_0.100,div2k,0827.png,0.10000000149011612,U-Tikhonov T16/CG32,U-Tikhonov T4/CG32,PSNR,0.1311798095703125
div2k,div2k/0828.png/sigma_0.100,div2k,0828.png,0.10000000149011612,U-Tikhonov T16/CG32,U-Tikhonov T4/CG32,PSNR,-0.019430160522460938
div2k,div2k/0829.png/sigma_0.100,div2k,0829.png,0.10000000149011612,U-Tikhonov T16/CG32,U-Tikhonov T4/CG32,PSNR,0.2436981201171875
div2k,div2k/0830.png/sigma_0.100,div2k,0830.png,0.10000000149011612,U-Tikhonov T16/CG32,U-Tikhonov T4/CG32,PSNR,0.03147697448730469
div2k,div2k/0831.png/sigma_0.100,div2k,0831.png,0.10000000149011612,U-Tikhonov T16/CG32,U-Tikhonov T4/CG32,PSNR,0.03429985046386719
div2k,div2k/0832.png/sigma_0.100,div2k,0832.png,0.10000000149011612,U-Tikhonov T16/CG32,U-Tikhonov T4/CG32,PSNR,0.08712005615234375
div2k,div2k/0833.png/sigma_0.100,div2k,0833.png,0.10000000149011612,U-Tikhonov T16/CG32,U-Tikhonov T4/CG32,PSNR,0.024427413940429688
div2k,div2k/0834.png/sigma_0.100,div2k,0834.png,0.10000000149011612,U-Tikhonov T16/CG32,U-Tikhonov T4/CG32,PSNR,0.1790904998779297
div2k,div2k/0835.png/sigma_0.100,div2k,0835.png,0.10000000149011612,U-Tikhonov T16/CG32,U-Tikhonov T4/CG32,PSNR,-0.04217529296875
div2k,div2k/0836.png/sigma_0.100,div2k,0836.png,0.10000000149011612,U-Tikhonov T16/CG32,U-Tikhonov T4/CG32,PSNR,0.07192611694335938
div2k,div2k/0837.png/sigma_0.100,div2k,0837.png,0.10000000149011612,U-Tikhonov T16/CG32,U-Tikhonov T4/CG32,PSNR,0.12977981567382812
div2k,div2k/0838.png/sigma_0.100,div2k,0838.png,0.10000000149011612,U-Tikhonov T16/CG32,U-Tikhonov T4/CG32,PSNR,0.2824554443359375
div2k,div2k/0839.png/sigma_0.100,div2k,0839.png,0.10000000149011612,U-Tikhonov T16/CG32,U-Tikhonov T4/CG32,PSNR,0.035266876220703125
div2k,div2k/0840.png/sigma_0.100,div2k,0840.png,0.10000000149011612,U-Tikhonov T16/CG32,U-Tikhonov T4/CG32,PSNR,0.056537628173828125
div2k,div2k/0841.png/sigma_0.100,div2k,0841.png,0.10000000149011612,U-Tikhonov T16/CG32,U-Tikhonov T4/CG32,PSNR,0.10630416870117188
div2k,div2k/0842.png/sigma_0.100,div2k,0842.png,0.10000000149011612,U-Tikhonov T16/CG32,U-Tikhonov T4/CG32,PSNR,0.09679031372070312
div2k,div2k/0843.png/sigma_0.100,div2k,0843.png,0.10000000149011612,U-Tikhonov T16/CG32,U-Tikhonov T4/CG32,PSNR,0.4330635070800781
div2k,div2k/0844.png/sigma_0.100,div2k,0844.png,0.10000000149011612,U-Tikhonov T16/CG32,U-Tikhonov T4/CG32,PSNR,0.08921623229980469
div2k,div2k/0845.png/sigma_0.100,div2k,0845.png,0.10000000149011612,U-Tikhonov T16/CG32,U-Tikhonov T4/CG32,PSNR,0.010530471801757812
div2k,div2k/0846.png/sigma_0.100,div2k,0846.png,0.10000000149011612,U-Tikhonov T16/CG32,U-Tikhonov T4/CG32,PSNR,0.05785942077636719
div2k,div2k/0847.png/sigma_0.100,div2k,0847.png,0.10000000149011612,U-Tikhonov T16/CG32,U-Tikhonov T4/CG32,PSNR,0.11223220825195312
div2k,div2k/0848.png/sigma_0.100,div2k,0848.png,0.10000000149011612,U-Tikhonov T16/CG32,U-Tikhonov T4/CG32,PSNR,0.17072296142578125
div2k,div2k/0849.png/sigma_0.100,div2k,0849.png,0.10000000149011612,U-Tikhonov T16/CG32,U-Tikhonov T4/CG32,PSNR,0.187255859375
div2k,div2k/0850.png/sigma_0.100,div2k,0850.png,0.10000000149011612,U-Tikhonov T16/CG32,U-Tikhonov T4/CG32,PSNR,0.09184074401855469
div2k,div2k/0851.png/sigma_0.100,div2k,0851.png,0.10000000149011612,U-Tikhonov T16/CG32,U-Tikhonov T4/CG32,PSNR,0.3168468475341797
div2k,div2k/0852.png/sigma_0.100,div2k,0852.png,0.10000000149011612,U-Tikhonov T16/CG32,U-Tikhonov T4/CG32,PSNR,0.014087677001953125
div2k,div2k/0853.png/sigma_0.100,div2k,0853.png,0.10000000149011612,U-Tikhonov T16/CG32,U-Tikhonov T4/CG32,PSNR,0.13744354248046875
div2k,div2k/0854.png/sigma_0.100,div2k,0854.png,0.10000000149011612,U-Tikhonov T16/CG32,U-Tikhonov T4/CG32,PSNR,0.14172935485839844
div2k,div2k/0855.png/sigma_0.100,div2k,0855.png,0.10000000149011612,U-Tikhonov T16/CG32,U-Tikhonov T4/CG32,PSNR,-0.003032684326171875
div2k,div2k/0856.png/sigma_0.100,div2k,0856.png,0.10000000149011612,U-Tikhonov T16/CG32,U-Tikhonov T4/CG32,PSNR,-0.10637855529785156
div2k,div2k/0857.png/sigma_0.100,div2k,0857.png,0.10000000149011612,U-Tikhonov T16/CG32,U-Tikhonov T4/CG32,PSNR,0.23855972290039062
div2k,div2k/0858.png/sigma_0.100,div2k,0858.png,0.10000000149011612,U-Tikhonov T16/CG32,U-Tikhonov T4/CG32,PSNR,0.011453628540039062
div2k,div2k/0859.png/sigma_0.100,div2k,0859.png,0.10000000149011612,U-Tikhonov T16/CG32,U-Tikhonov T4/CG32,PSNR,0.08274459838867188
div2k,div2k/0860.png/sigma_0.100,div2k,0860.png,0.10000000149011612,U-Tikhonov T16/CG32,U-Tikhonov T4/CG32,PSNR,0.05928230285644531
div2k,div2k/0861.png/sigma_0.100,div2k,0861.png,0.10000000149011612,U-Tikhonov T16/CG32,U-Tikhonov T4/CG32,PSNR,-0.010435104370117188
div2k,div2k/0862.png/sigma_0.100,div2k,0862.png,0.10000000149011612,U-Tikhonov T16/CG32,U-Tikhonov T4/CG32,PSNR,0.1854248046875
div2k,div2k/0863.png/sigma_0.100,div2k,0863.png,0.10000000149011612,U-Tikhonov T16/CG32,U-Tikhonov T4/CG32,PSNR,0.03294563293457031
div2k,div2k/0864.png/sigma_0.100,div2k,0864.png,0.10000000149011612,U-Tikhonov T16/CG32,U-Tikhonov T4/CG32,PSNR,0.022785186767578125
div2k,div2k/0865.png/sigma_0.100,div2k,0865.png,0.10000000149011612,U-Tikhonov T16/CG32,U-Tikhonov T4/CG32,PSNR,0.06567573547363281
div2k,div2k/0866.png/sigma_0.100,div2k,0866.png,0.10000000149011612,U-Tikhonov T16/CG32,U-Tikhonov T4/CG32,PSNR,-0.01094818115234375
div2k,div2k/0867.png/sigma_0.100,div2k,0867.png,0.10000000149011612,U-Tikhonov T16/CG32,U-Tikhonov T4/CG32,PSNR,0.019521713256835938
div2k,div2k/0868.png/sigma_0.100,div2k,0868.png,0.10000000149011612,U-Tikhonov T16/CG32,U-Tikhonov T4/CG32,PSNR,0.26987266540527344
div2k,div2k/0869.png/sigma_0.100,div2k,0869.png,0.10000000149011612,U-Tikhonov T16/CG32,U-Tikhonov T4/CG32,PSNR,-0.0038051605224609375
div2k,div2k/0870.png/sigma_0.100,div2k,0870.png,0.10000000149011612,U-Tikhonov T16/CG32,U-Tikhonov T4/CG32,PSNR,0.0018901824951171875
div2k,div2k/0871.png/sigma_0.100,div2k,0871.png,0.10000000149011612,U-Tikhonov T16/CG32,U-Tikhonov T4/CG32,PSNR,0.0478973388671875
div2k,div2k/0872.png/sigma_0.100,div2k,0872.png,0.10000000149011612,U-Tikhonov T16/CG32,U-Tikhonov T4/CG32,PSNR,0.11892890930175781
div2k,div2k/0873.png/sigma_0.100,div2k,0873.png,0.10000000149011612,U-Tikhonov T16/CG32,U-Tikhonov T4/CG32,PSNR,0.04464912414550781
div2k,div2k/0874.png/sigma_0.100,div2k,0874.png,0.10000000149011612,U-Tikhonov T16/CG32,U-Tikhonov T4/CG32,PSNR,-0.0004367828369140625
div2k,div2k/0875.png/sigma_0.100,div2k,0875.png,0.10000000149011612,U-Tikhonov T16/CG32,U-Tikhonov T4/CG32,PSNR,0.03516578674316406
div2k,div2k/0876.png/sigma_0.100,div2k,0876.png,0.10000000149011612,U-Tikhonov T16/CG32,U-Tikhonov T4/CG32,PSNR,-0.035442352294921875
div2k,div2k/0877.png/sigma_0.100,div2k,0877.png,0.10000000149011612,U-Tikhonov T16/CG32,U-Tikhonov T4/CG32,PSNR,0.21613121032714844
div2k,div2k/0878.png/sigma_0.100,div2k,0878.png,0.10000000149011612,U-Tikhonov T16/CG32,U-Tikhonov T4/CG32,PSNR,0.055271148681640625
div2k,div2k/0879.png/sigma_0.100,div2k,0879.png,0.10000000149011612,U-Tikhonov T16/CG32,U-Tikhonov T4/CG32,PSNR,0.24725341796875
div2k,div2k/0880.png/sigma_0.100,div2k,0880.png,0.10000000149011612,U-Tikhonov T16/CG32,U-Tikhonov T4/CG32,PSNR,0.11068534851074219
div2k,div2k/0881.png/sigma_0.100,div2k,0881.png,0.10000000149011612,U-Tikhonov T16/CG32,U-Tikhonov T4/CG32,PSNR,0.10902214050292969
div2k,div2k/0882.png/sigma_0.100,div2k,0882.png,0.10000000149011612,U-Tikhonov T16/CG32,U-Tikhonov T4/CG32,PSNR,0.23659324645996094
div2k,div2k/0883.png/sigma_0.100,div2k,0883.png,0.10000000149011612,U-Tikhonov T16/CG32,U-Tikhonov T4/CG32,PSNR,0.06672859191894531
div2k,div2k/0884.png/sigma_0.100,div2k,0884.png,0.10000000149011612,U-Tikhonov T16/CG32,U-Tikhonov T4/CG32,PSNR,0.07210159301757812
div2k,div2k/0885.png/sigma_0.100,div2k,0885.png,0.10000000149011612,U-Tikhonov T16/CG32,U-Tikhonov T4/CG32,PSNR,-0.047939300537109375
div2k,div2k/0886.png/sigma_0.100,div2k,0886.png,0.10000000149011612,U-Tikhonov T16/CG32,U-Tikhonov T4/CG32,PSNR,0.06258010864257812
div2k,div2k/0887.png/sigma_0.100,div2k,0887.png,0.10000000149011612,U-Tikhonov T16/CG32,U-Tikhonov T4/CG32,PSNR,0.06998825073242188
div2k,div2k/0888.png/sigma_0.100,div2k,0888.png,0.10000000149011612,U-Tikhonov T16/CG32,U-Tikhonov T4/CG32,PSNR,0.1740570068359375
div2k,div2k/0889.png/sigma_0.100,div2k,0889.png,0.10000000149011612,U-Tikhonov T16/CG32,U-Tikhonov T4/CG32,PSNR,0.08725738525390625
div2k,div2k/0890.png/sigma_0.100,div2k,0890.png,0.10000000149011612,U-Tikhonov T16/CG32,U-Tikhonov T4/CG32,PSNR,0.15817642211914062
div2k,div2k/0891.png/sigma_0.100,div2k,0891.png,0.10000000149011612,U-Tikhonov T16/CG32,U-Tikhonov T4/CG32,PSNR,0.06277275085449219
div2k,div2k/0892.png/sigma_0.100,div2k,0892.png,0.10000000149011612,U-Tikhonov T16/CG32,U-Tikhonov T4/CG32,PSNR,0.09981155395507812
div2k,div2k/0893.png/sigma_0.100,div2k,0893.png,0.10000000149011612,U-Tikhonov T16/CG32,U-Tikhonov T4/CG32,PSNR,0.15895843505859375
div2k,div2k/0894.png/sigma_0.100,div2k,0894.png,0.10000000149011612,U-Tikhonov T16/CG32,U-Tikhonov T4/CG32,PSNR,0.12224006652832031
div2k,div2k/0895.png/sigma_0.100,div2k,0895.png,0.10000000149011612,U-Tikhonov T16/CG32,U-Tikhonov T4/CG32,PSNR,0.04045295715332031
div2k,div2k/0896.png/sigma_0.100,div2k,0896.png,0.10000000149011612,U-Tikhonov T16/CG32,U-Tikhonov T4/CG32,PSNR,0.3867149353027344
div2k,div2k/0897.png/sigma_0.100,div2k,0897.png,0.10000000149011612,U-Tikhonov T16/CG32,U-Tikhonov T4/CG32,PSNR,-0.15982627868652344
div2k,div2k/0898.png/sigma_0.100,div2k,0898.png,0.10000000149011612,U-Tikhonov T16/CG32,U-Tikhonov T4/CG32,PSNR,0.36898231506347656
div2k,div2k/0899.png/sigma_0.100,div2k,0899.png,0.10000000149011612,U-Tikhonov T16/CG32,U-Tikhonov T4/CG32,PSNR,0.23978042602539062
div2k,div2k/0900.png/sigma_0.100,div2k,0900.png,0.10000000149011612,U-Tikhonov T16/CG32,U-Tikhonov T4/CG32,PSNR,0.05417060852050781
div2k,div2k/0801.png/sigma_0.100,div2k,0801.png,0.10000000149011612,U-Tikhonov T16/CG32,U-Tikhonov T4/CG32,SSIM,0.0006225705146789551
div2k,div2k/0802.png/sigma_0.100,div2k,0802.png,0.10000000149011612,U-Tikhonov T16/CG32,U-Tikhonov T4/CG32,SSIM,0.0048351287841796875
div2k,div2k/0803.png/sigma_0.100,div2k,0803.png,0.10000000149011612,U-Tikhonov T16/CG32,U-Tikhonov T4/CG32,SSIM,0.004333376884460449
div2k,div2k/0804.png/sigma_0.100,div2k,0804.png,0.10000000149011612,U-Tikhonov T16/CG32,U-Tikhonov T4/CG32,SSIM,0.001355886459350586
div2k,div2k/0805.png/sigma_0.100,div2k,0805.png,0.10000000149011612,U-Tikhonov T16/CG32,U-Tikhonov T4/CG32,SSIM,-0.001559436321258545
div2k,div2k/0806.png/sigma_0.100,div2k,0806.png,0.10000000149011612,U-Tikhonov T16/CG32,U-Tikhonov T4/CG32,SSIM,0.0014532208442687988
div2k,div2k/0807.png/sigma_0.100,div2k,0807.png,0.10000000149011612,U-Tikhonov T16/CG32,U-Tikhonov T4/CG32,SSIM,-0.001997709274291992
div2k,div2k/0808.png/sigma_0.100,div2k,0808.png,0.10000000149011612,U-Tikhonov T16/CG32,U-Tikhonov T4/CG32,SSIM,0.010207653045654297
div2k,div2k/0809.png/sigma_0.100,div2k,0809.png,0.10000000149011612,U-Tikhonov T16/CG32,U-Tikhonov T4/CG32,SSIM,-0.003936767578125
div2k,div2k/0810.png/sigma_0.100,div2k,0810.png,0.10000000149011612,U-Tikhonov T16/CG32,U-Tikhonov T4/CG32,SSIM,-0.001594245433807373
div2k,div2k/0811.png/sigma_0.100,div2k,0811.png,0.10000000149011612,U-Tikhonov T16/CG32,U-Tikhonov T4/CG32,SSIM,-0.0063016414642333984
div2k,div2k/0812.png/sigma_0.100,div2k,0812.png,0.10000000149011612,U-Tikhonov T16/CG32,U-Tikhonov T4/CG32,SSIM,0.002446472644805908
div2k,div2k/0813.png/sigma_0.100,div2k,0813.png,0.10000000149011612,U-Tikhonov T16/CG32,U-Tikhonov T4/CG32,SSIM,0.004298210144042969
div2k,div2k/0814.png/sigma_0.100,div2k,0814.png,0.10000000149011612,U-Tikhonov T16/CG32,U-Tikhonov T4/CG32,SSIM,0.028042078018188477
div2k,div2k/0815.png/sigma_0.100,div2k,0815.png,0.10000000149011612,U-Tikhonov T16/CG32,U-Tikhonov T4/CG32,SSIM,0.001165628433227539
div2k,div2k/0816.png/sigma_0.100,div2k,0816.png,0.10000000149011612,U-Tikhonov T16/CG32,U-Tikhonov T4/CG32,SSIM,0.0004163980484008789
div2k,div2k/0817.png/sigma_0.100,div2k,0817.png,0.10000000149011612,U-Tikhonov T16/CG32,U-Tikhonov T4/CG32,SSIM,0.008065879344940186
div2k,div2k/0818.png/sigma_0.100,div2k,0818.png,0.10000000149011612,U-Tikhonov T16/CG32,U-Tikhonov T4/CG32,SSIM,0.006154060363769531
div2k,div2k/0819.png/sigma_0.100,div2k,0819.png,0.10000000149011612,U-Tikhonov T16/CG32,U-Tikhonov T4/CG32,SSIM,-0.0007711648941040039
div2k,div2k/0820.png/sigma_0.100,div2k,0820.png,0.10000000149011612,U-Tikhonov T16/CG32,U-Tikhonov T4/CG32,SSIM,-0.002581775188446045
div2k,div2k/0821.png/sigma_0.100,div2k,0821.png,0.10000000149011612,U-Tikhonov T16/CG32,U-Tikhonov T4/CG32,SSIM,0.004925549030303955
div2k,div2k/0822.png/sigma_0.100,div2k,0822.png,0.10000000149011612,U-Tikhonov T16/CG32,U-Tikhonov T4/CG32,SSIM,-0.0028839111328125
div2k,div2k/0823.png/sigma_0.100,div2k,0823.png,0.10000000149011612,U-Tikhonov T16/CG32,U-Tikhonov T4/CG32,SSIM,0.0173761248588562
div2k,div2k/0824.png/sigma_0.100,div2k,0824.png,0.10000000149011612,U-Tikhonov T16/CG32,U-Tikhonov T4/CG32,SSIM,0.0009770989418029785
div2k,div2k/0825.png/sigma_0.100,div2k,0825.png,0.10000000149011612,U-Tikhonov T16/CG32,U-Tikhonov T4/CG32,SSIM,0.0017942190170288086
div2k,div2k/0826.png/sigma_0.100,div2k,0826.png,0.10000000149011612,U-Tikhonov T16/CG32,U-Tikhonov T4/CG32,SSIM,0.008138120174407959
div2k,div2k/0827.png/sigma_0.100,div2k,0827.png,0.10000000149011612,U-Tikhonov T16/CG32,U-Tikhonov T4/CG32,SSIM,0.003126978874206543
div2k,div2k/0828.png/sigma_0.100,div2k,0828.png,0.10000000149011612,U-Tikhonov T16/CG32,U-Tikhonov T4/CG32,SSIM,-0.0020667314529418945
div2k,div2k/0829.png/sigma_0.100,div2k,0829.png,0.10000000149011612,U-Tikhonov T16/CG32,U-Tikhonov T4/CG32,SSIM,0.004204750061035156
div2k,div2k/0830.png/sigma_0.100,div2k,0830.png,0.10000000149011612,U-Tikhonov T16/CG32,U-Tikhonov T4/CG32,SSIM,0.0014442801475524902
div2k,div2k/0831.png/sigma_0.100,div2k,0831.png,0.10000000149011612,U-Tikhonov T16/CG32,U-Tikhonov T4/CG32,SSIM,-0.0011349320411682129
div2k,div2k/0832.png/sigma_0.100,div2k,0832.png,0.10000000149011612,U-Tikhonov T16/CG32,U-Tikhonov T4/CG32,SSIM,-0.00017577409744262695
div2k,div2k/0833.png/sigma_0.100,div2k,0833.png,0.10000000149011612,U-Tikhonov T16/CG32,U-Tikhonov T4/CG32,SSIM,0.016662776470184326
div2k,div2k/0834.png/sigma_0.100,div2k,0834.png,0.10000000149011612,U-Tikhonov T16/CG32,U-Tikhonov T4/CG32,SSIM,0.0038437247276306152
div2k,div2k/0835.png/sigma_0.100,div2k,0835.png,0.10000000149011612,U-Tikhonov T16/CG32,U-Tikhonov T4/CG32,SSIM,-0.0057888031005859375
div2k,div2k/0836.png/sigma_0.100,div2k,0836.png,0.10000000149011612,U-Tikhonov T16/CG32,U-Tikhonov T4/CG32,SSIM,0.006228923797607422
div2k,div2k/0837.png/sigma_0.100,div2k,0837.png,0.10000000149011612,U-Tikhonov T16/CG32,U-Tikhonov T4/CG32,SSIM,0.0015829801559448242
div2k,div2k/0838.png/sigma_0.100,div2k,0838.png,0.10000000149011612,U-Tikhonov T16/CG32,U-Tikhonov T4/CG32,SSIM,0.0100860595703125
div2k,div2k/0839.png/sigma_0.100,div2k,0839.png,0.10000000149011612,U-Tikhonov T16/CG32,U-Tikhonov T4/CG32,SSIM,-0.003145575523376465
div2k,div2k/0840.png/sigma_0.100,div2k,0840.png,0.10000000149011612,U-Tikhonov T16/CG32,U-Tikhonov T4/CG32,SSIM,-0.0005873441696166992
div2k,div2k/0841.png/sigma_0.100,div2k,0841.png,0.10000000149011612,U-Tikhonov T16/CG32,U-Tikhonov T4/CG32,SSIM,0.0005676746368408203
div2k,div2k/0842.png/sigma_0.100,div2k,0842.png,0.10000000149011612,U-Tikhonov T16/CG32,U-Tikhonov T4/CG32,SSIM,-0.0009206533432006836
div2k,div2k/0843.png/sigma_0.100,div2k,0843.png,0.10000000149011612,U-Tikhonov T16/CG32,U-Tikhonov T4/CG32,SSIM,0.026382029056549072
div2k,div2k/0844.png/sigma_0.100,div2k,0844.png,0.10000000149011612,U-Tikhonov T16/CG32,U-Tikhonov T4/CG32,SSIM,0.0073487162590026855
div2k,div2k/0845.png/sigma_0.100,div2k,0845.png,0.10000000149011612,U-Tikhonov T16/CG32,U-Tikhonov T4/CG32,SSIM,0.0005348920822143555
div2k,div2k/0846.png/sigma_0.100,div2k,0846.png,0.10000000149011612,U-Tikhonov T16/CG32,U-Tikhonov T4/CG32,SSIM,0.001989305019378662
div2k,div2k/0847.png/sigma_0.100,div2k,0847.png,0.10000000149011612,U-Tikhonov T16/CG32,U-Tikhonov T4/CG32,SSIM,0.002862870693206787
div2k,div2k/0848.png/sigma_0.100,div2k,0848.png,0.10000000149011612,U-Tikhonov T16/CG32,U-Tikhonov T4/CG32,SSIM,0.004323244094848633
div2k,div2k/0849.png/sigma_0.100,div2k,0849.png,0.10000000149011612,U-Tikhonov T16/CG32,U-Tikhonov T4/CG32,SSIM,0.0011968612670898438
div2k,div2k/0850.png/sigma_0.100,div2k,0850.png,0.10000000149011612,U-Tikhonov T16/CG32,U-Tikhonov T4/CG32,SSIM,0.0020865201950073242
div2k,div2k/0851.png/sigma_0.100,div2k,0851.png,0.10000000149011612,U-Tikhonov T16/CG32,U-Tikhonov T4/CG32,SSIM,0.02249211072921753
div2k,div2k/0852.png/sigma_0.100,div2k,0852.png,0.10000000149011612,U-Tikhonov T16/CG32,U-Tikhonov T4/CG32,SSIM,-0.0029685497283935547
div2k,div2k/0853.png/sigma_0.100,div2k,0853.png,0.10000000149011612,U-Tikhonov T16/CG32,U-Tikhonov T4/CG32,SSIM,0.013138115406036377
div2k,div2k/0854.png/sigma_0.100,div2k,0854.png,0.10000000149011612,U-Tikhonov T16/CG32,U-Tikhonov T4/CG32,SSIM,0.010243117809295654
div2k,div2k/0855.png/sigma_0.100,div2k,0855.png,0.10000000149011612,U-Tikhonov T16/CG32,U-Tikhonov T4/CG32,SSIM,-0.0007073283195495605
div2k,div2k/0856.png/sigma_0.100,div2k,0856.png,0.10000000149011612,U-Tikhonov T16/CG32,U-Tikhonov T4/CG32,SSIM,-0.009420990943908691
div2k,div2k/0857.png/sigma_0.100,div2k,0857.png,0.10000000149011612,U-Tikhonov T16/CG32,U-Tikhonov T4/CG32,SSIM,0.005121588706970215
div2k,div2k/0858.png/sigma_0.100,div2k,0858.png,0.10000000149011612,U-Tikhonov T16/CG32,U-Tikhonov T4/CG32,SSIM,-0.0069828033447265625
div2k,div2k/0859.png/sigma_0.100,div2k,0859.png,0.10000000149011612,U-Tikhonov T16/CG32,U-Tikhonov T4/CG32,SSIM,0.0012004375457763672
div2k,div2k/0860.png/sigma_0.100,div2k,0860.png,0.10000000149011612,U-Tikhonov T16/CG32,U-Tikhonov T4/CG32,SSIM,-0.0012851357460021973
div2k,div2k/0861.png/sigma_0.100,div2k,0861.png,0.10000000149011612,U-Tikhonov T16/CG32,U-Tikhonov T4/CG32,SSIM,-0.008617222309112549
div2k,div2k/0862.png/sigma_0.100,div2k,0862.png,0.10000000149011612,U-Tikhonov T16/CG32,U-Tikhonov T4/CG32,SSIM,0.013270854949951172
div2k,div2k/0863.png/sigma_0.100,div2k,0863.png,0.10000000149011612,U-Tikhonov T16/CG32,U-Tikhonov T4/CG32,SSIM,0.010325610637664795
div2k,div2k/0864.png/sigma_0.100,div2k,0864.png,0.10000000149011612,U-Tikhonov T16/CG32,U-Tikhonov T4/CG32,SSIM,-0.0015929937362670898
div2k,div2k/0865.png/sigma_0.100,div2k,0865.png,0.10000000149011612,U-Tikhonov T16/CG32,U-Tikhonov T4/CG32,SSIM,0.0007760524749755859
div2k,div2k/0866.png/sigma_0.100,div2k,0866.png,0.10000000149011612,U-Tikhonov T16/CG32,U-Tikhonov T4/CG32,SSIM,-0.000898897647857666
div2k,div2k/0867.png/sigma_0.100,div2k,0867.png,0.10000000149011612,U-Tikhonov T16/CG32,U-Tikhonov T4/CG32,SSIM,-3.11732292175293e-05
div2k,div2k/0868.png/sigma_0.100,div2k,0868.png,0.10000000149011612,U-Tikhonov T16/CG32,U-Tikhonov T4/CG32,SSIM,0.032106220722198486
div2k,div2k/0869.png/sigma_0.100,div2k,0869.png,0.10000000149011612,U-Tikhonov T16/CG32,U-Tikhonov T4/CG32,SSIM,0.004624485969543457
div2k,div2k/0870.png/sigma_0.100,div2k,0870.png,0.10000000149011612,U-Tikhonov T16/CG32,U-Tikhonov T4/CG32,SSIM,-0.0015578866004943848
div2k,div2k/0871.png/sigma_0.100,div2k,0871.png,0.10000000149011612,U-Tikhonov T16/CG32,U-Tikhonov T4/CG32,SSIM,0.0006372928619384766
div2k,div2k/0872.png/sigma_0.100,div2k,0872.png,0.10000000149011612,U-Tikhonov T16/CG32,U-Tikhonov T4/CG32,SSIM,0.00019150972366333008
div2k,div2k/0873.png/sigma_0.100,div2k,0873.png,0.10000000149011612,U-Tikhonov T16/CG32,U-Tikhonov T4/CG32,SSIM,0.0035300254821777344
div2k,div2k/0874.png/sigma_0.100,div2k,0874.png,0.10000000149011612,U-Tikhonov T16/CG32,U-Tikhonov T4/CG32,SSIM,-0.006897866725921631
div2k,div2k/0875.png/sigma_0.100,div2k,0875.png,0.10000000149011612,U-Tikhonov T16/CG32,U-Tikhonov T4/CG32,SSIM,-0.0009764432907104492
div2k,div2k/0876.png/sigma_0.100,div2k,0876.png,0.10000000149011612,U-Tikhonov T16/CG32,U-Tikhonov T4/CG32,SSIM,-0.005859017372131348
div2k,div2k/0877.png/sigma_0.100,div2k,0877.png,0.10000000149011612,U-Tikhonov T16/CG32,U-Tikhonov T4/CG32,SSIM,0.005035400390625
div2k,div2k/0878.png/sigma_0.100,div2k,0878.png,0.10000000149011612,U-Tikhonov T16/CG32,U-Tikhonov T4/CG32,SSIM,0.0013216137886047363
div2k,div2k/0879.png/sigma_0.100,div2k,0879.png,0.10000000149011612,U-Tikhonov T16/CG32,U-Tikhonov T4/CG32,SSIM,0.023161590099334717
div2k,div2k/0880.png/sigma_0.100,div2k,0880.png,0.10000000149011612,U-Tikhonov T16/CG32,U-Tikhonov T4/CG32,SSIM,0.016246914863586426
div2k,div2k/0881.png/sigma_0.100,div2k,0881.png,0.10000000149011612,U-Tikhonov T16/CG32,U-Tikhonov T4/CG32,SSIM,0.004783511161804199
div2k,div2k/0882.png/sigma_0.100,div2k,0882.png,0.10000000149011612,U-Tikhonov T16/CG32,U-Tikhonov T4/CG32,SSIM,0.0062819719314575195
div2k,div2k/0883.png/sigma_0.100,div2k,0883.png,0.10000000149011612,U-Tikhonov T16/CG32,U-Tikhonov T4/CG32,SSIM,0.002089202404022217
div2k,div2k/0884.png/sigma_0.100,div2k,0884.png,0.10000000149011612,U-Tikhonov T16/CG32,U-Tikhonov T4/CG32,SSIM,0.0014031529426574707
div2k,div2k/0885.png/sigma_0.100,div2k,0885.png,0.10000000149011612,U-Tikhonov T16/CG32,U-Tikhonov T4/CG32,SSIM,-0.006690025329589844
div2k,div2k/0886.png/sigma_0.100,div2k,0886.png,0.10000000149011612,U-Tikhonov T16/CG32,U-Tikhonov T4/CG32,SSIM,0.0023914575576782227
div2k,div2k/0887.png/sigma_0.100,div2k,0887.png,0.10000000149011612,U-Tikhonov T16/CG32,U-Tikhonov T4/CG32,SSIM,0.005052924156188965
div2k,div2k/0888.png/sigma_0.100,div2k,0888.png,0.10000000149011612,U-Tikhonov T16/CG32,U-Tikhonov T4/CG32,SSIM,0.0015227198600769043
div2k,div2k/0889.png/sigma_0.100,div2k,0889.png,0.10000000149011612,U-Tikhonov T16/CG32,U-Tikhonov T4/CG32,SSIM,0.0016586780548095703
div2k,div2k/0890.png/sigma_0.100,div2k,0890.png,0.10000000149011612,U-Tikhonov T16/CG32,U-Tikhonov T4/CG32,SSIM,0.019565343856811523
div2k,div2k/0891.png/sigma_0.100,div2k,0891.png,0.10000000149011612,U-Tikhonov T16/CG32,U-Tikhonov T4/CG32,SSIM,0.0008191466331481934
div2k,div2k/0892.png/sigma_0.100,div2k,0892.png,0.10000000149011612,U-Tikhonov T16/CG32,U-Tikhonov T4/CG32,SSIM,0.001434624195098877
div2k,div2k/0893.png/sigma_0.100,div2k,0893.png,0.10000000149011612,U-Tikhonov T16/CG32,U-Tikhonov T4/CG32,SSIM,0.0050501227378845215
div2k,div2k/0894.png/sigma_0.100,div2k,0894.png,0.10000000149011612,U-Tikhonov T16/CG32,U-Tikhonov T4/CG32,SSIM,0.0016134977340698242
div2k,div2k/0895.png/sigma_0.100,div2k,0895.png,0.10000000149011612,U-Tikhonov T16/CG32,U-Tikhonov T4/CG32,SSIM,-0.0013698339462280273
div2k,div2k/0896.png/sigma_0.100,div2k,0896.png,0.10000000149011612,U-Tikhonov T16/CG32,U-Tikhonov T4/CG32,SSIM,0.020561516284942627
div2k,div2k/0897.png/sigma_0.100,div2k,0897.png,0.10000000149011612,U-Tikhonov T16/CG32,U-Tikhonov T4/CG32,SSIM,0.0007660984992980957
div2k,div2k/0898.png/sigma_0.100,div2k,0898.png,0.10000000149011612,U-Tikhonov T16/CG32,U-Tikhonov T4/CG32,SSIM,0.033819496631622314
div2k,div2k/0899.png/sigma_0.100,div2k,0899.png,0.10000000149011612,U-Tikhonov T16/CG32,U-Tikhonov T4/CG32,SSIM,0.0042029619216918945
div2k,div2k/0900.png/sigma_0.100,div2k,0900.png,0.10000000149011612,U-Tikhonov T16/CG32,U-Tikhonov T4/CG32,SSIM,-0.0018754005432128906
div2k,div2k/0801.png/sigma_0.100,div2k,0801.png,0.10000000149011612,U-Tikhonov T16/CG64,U-Tikhonov T4/CG64,PSNR,-0.027444839477539062
div2k,div2k/0802.png/sigma_0.100,div2k,0802.png,0.10000000149011612,U-Tikhonov T16/CG64,U-Tikhonov T4/CG64,PSNR,0.11511802673339844
div2k,div2k/0803.png/sigma_0.100,div2k,0803.png,0.10000000149011612,U-Tikhonov T16/CG64,U-Tikhonov T4/CG64,PSNR,0.03590202331542969
div2k,div2k/0804.png/sigma_0.100,div2k,0804.png,0.10000000149011612,U-Tikhonov T16/CG64,U-Tikhonov T4/CG64,PSNR,-0.02745819091796875
div2k,div2k/0805.png/sigma_0.100,div2k,0805.png,0.10000000149011612,U-Tikhonov T16/CG64,U-Tikhonov T4/CG64,PSNR,-0.05864715576171875
div2k,div2k/0806.png/sigma_0.100,div2k,0806.png,0.10000000149011612,U-Tikhonov T16/CG64,U-Tikhonov T4/CG64,PSNR,0.008192062377929688
div2k,div2k/0807.png/sigma_0.100,div2k,0807.png,0.10000000149011612,U-Tikhonov T16/CG64,U-Tikhonov T4/CG64,PSNR,-0.06902122497558594
div2k,div2k/0808.png/sigma_0.100,div2k,0808.png,0.10000000149011612,U-Tikhonov T16/CG64,U-Tikhonov T4/CG64,PSNR,0.155303955078125
div2k,div2k/0809.png/sigma_0.100,div2k,0809.png,0.10000000149011612,U-Tikhonov T16/CG64,U-Tikhonov T4/CG64,PSNR,-0.021219253540039062
div2k,div2k/0810.png/sigma_0.100,div2k,0810.png,0.10000000149011612,U-Tikhonov T16/CG64,U-Tikhonov T4/CG64,PSNR,-0.03466033935546875
div2k,div2k/0811.png/sigma_0.100,div2k,0811.png,0.10000000149011612,U-Tikhonov T16/CG64,U-Tikhonov T4/CG64,PSNR,-0.03234291076660156
div2k,div2k/0812.png/sigma_0.100,div2k,0812.png,0.10000000149011612,U-Tikhonov T16/CG64,U-Tikhonov T4/CG64,PSNR,0.06471061706542969
div2k,div2k/0813.png/sigma_0.100,div2k,0813.png,0.10000000149011612,U-Tikhonov T16/CG64,U-Tikhonov T4/CG64,PSNR,-0.011854171752929688
div2k,div2k/0814.png/sigma_0.100,div2k,0814.png,0.10000000149011612,U-Tikhonov T16/CG64,U-Tikhonov T4/CG64,PSNR,0.11134910583496094
div2k,div2k/0815.png/sigma_0.100,div2k,0815.png,0.10000000149011612,U-Tikhonov T16/CG64,U-Tikhonov T4/CG64,PSNR,0.03412818908691406
div2k,div2k/0816.png/sigma_0.100,div2k,0816.png,0.10000000149011612,U-Tikhonov T16/CG64,U-Tikhonov T4/CG64,PSNR,0.002593994140625
div2k,div2k/0817.png/sigma_0.100,div2k,0817.png,0.10000000149011612,U-Tikhonov T16/CG64,U-Tikhonov T4/CG64,PSNR,0.05604362487792969
div2k,div2k/0818.png/sigma_0.100,div2k,0818.png,0.10000000149011612,U-Tikhonov T16/CG64,U-Tikhonov T4/CG64,PSNR,-0.03440666198730469
div2k,div2k/0819.png/sigma_0.100,div2k,0819.png,0.10000000149011612,U-Tikhonov T16/CG64,U-Tikhonov T4/CG64,PSNR,-0.043636322021484375
div2k,div2k/0820.png/sigma_0.100,div2k,0820.png,0.10000000149011612,U-Tikhonov T16/CG64,U-Tikhonov T4/CG64,PSNR,-0.2513256072998047
div2k,div2k/0821.png/sigma_0.100,div2k,0821.png,0.10000000149011612,U-Tikhonov T16/CG64,U-Tikhonov T4/CG64,PSNR,-0.13445663452148438
div2k,div2k/0822.png/sigma_0.100,div2k,0822.png,0.10000000149011612,U-Tikhonov T16/CG64,U-Tikhonov T4/CG64,PSNR,-0.055095672607421875
div2k,div2k/0823.png/sigma_0.100,div2k,0823.png,0.10000000149011612,U-Tikhonov T16/CG64,U-Tikhonov T4/CG64,PSNR,0.05380821228027344
div2k,div2k/0824.png/sigma_0.100,div2k,0824.png,0.10000000149011612,U-Tikhonov T16/CG64,U-Tikhonov T4/CG64,PSNR,0.12414741516113281
div2k,div2k/0825.png/sigma_0.100,div2k,0825.png,0.10000000149011612,U-Tikhonov T16/CG64,U-Tikhonov T4/CG64,PSNR,0.056194305419921875
div2k,div2k/0826.png/sigma_0.100,div2k,0826.png,0.10000000149011612,U-Tikhonov T16/CG64,U-Tikhonov T4/CG64,PSNR,-0.003803253173828125
div2k,div2k/0827.png/sigma_0.100,div2k,0827.png,0.10000000149011612,U-Tikhonov T16/CG64,U-Tikhonov T4/CG64,PSNR,-0.04463958740234375
div2k,div2k/0828.png/sigma_0.100,div2k,0828.png,0.10000000149011612,U-Tikhonov T16/CG64,U-Tikhonov T4/CG64,PSNR,-0.4324150085449219
div2k,div2k/0829.png/sigma_0.100,div2k,0829.png,0.10000000149011612,U-Tikhonov T16/CG64,U-Tikhonov T4/CG64,PSNR,0.11038589477539062
div2k,div2k/0830.png/sigma_0.100,div2k,0830.png,0.10000000149011612,U-Tikhonov T16/CG64,U-Tikhonov T4/CG64,PSNR,-0.07984733581542969
div2k,div2k/0831.png/sigma_0.100,div2k,0831.png,0.10000000149011612,U-Tikhonov T16/CG64,U-Tikhonov T4/CG64,PSNR,0.009979248046875
div2k,div2k/0832.png/sigma_0.100,div2k,0832.png,0.10000000149011612,U-Tikhonov T16/CG64,U-Tikhonov T4/CG64,PSNR,0.0061168670654296875
div2k,div2k/0833.png/sigma_0.100,div2k,0833.png,0.10000000149011612,U-Tikhonov T16/CG64,U-Tikhonov T4/CG64,PSNR,0.015321731567382812
div2k,div2k/0834.png/sigma_0.100,div2k,0834.png,0.10000000149011612,U-Tikhonov T16/CG64,U-Tikhonov T4/CG64,PSNR,0.06519699096679688
div2k,div2k/0835.png/sigma_0.100,div2k,0835.png,0.10000000149011612,U-Tikhonov T16/CG64,U-Tikhonov T4/CG64,PSNR,-0.0211029052734375
div2k,div2k/0836.png/sigma_0.100,div2k,0836.png,0.10000000149011612,U-Tikhonov T16/CG64,U-Tikhonov T4/CG64,PSNR,0.08234786987304688
div2k,div2k/0837.png/sigma_0.100,div2k,0837.png,0.10000000149011612,U-Tikhonov T16/CG64,U-Tikhonov T4/CG64,PSNR,0.010433197021484375
div2k,div2k/0838.png/sigma_0.100,div2k,0838.png,0.10000000149011612,U-Tikhonov T16/CG64,U-Tikhonov T4/CG64,PSNR,0.13864707946777344
div2k,div2k/0839.png/sigma_0.100,div2k,0839.png,0.10000000149011612,U-Tikhonov T16/CG64,U-Tikhonov T4/CG64,PSNR,-0.019002914428710938
div2k,div2k/0840.png/sigma_0.100,div2k,0840.png,0.10000000149011612,U-Tikhonov T16/CG64,U-Tikhonov T4/CG64,PSNR,-0.017120361328125
div2k,div2k/0841.png/sigma_0.100,div2k,0841.png,0.10000000149011612,U-Tikhonov T16/CG64,U-Tikhonov T4/CG64,PSNR,-0.14114952087402344
div2k,div2k/0842.png/sigma_0.100,div2k,0842.png,0.10000000149011612,U-Tikhonov T16/CG64,U-Tikhonov T4/CG64,PSNR,-0.03246116638183594
div2k,div2k/0843.png/sigma_0.100,div2k,0843.png,0.10000000149011612,U-Tikhonov T16/CG64,U-Tikhonov T4/CG64,PSNR,0.1636810302734375
div2k,div2k/0844.png/sigma_0.100,div2k,0844.png,0.10000000149011612,U-Tikhonov T16/CG64,U-Tikhonov T4/CG64,PSNR,0.21059417724609375
div2k,div2k/0845.png/sigma_0.100,div2k,0845.png,0.10000000149011612,U-Tikhonov T16/CG64,U-Tikhonov T4/CG64,PSNR,-0.02655792236328125
div2k,div2k/0846.png/sigma_0.100,div2k,0846.png,0.10000000149011612,U-Tikhonov T16/CG64,U-Tikhonov T4/CG64,PSNR,-0.11815452575683594
div2k,div2k/0847.png/sigma_0.100,div2k,0847.png,0.10000000149011612,U-Tikhonov T16/CG64,U-Tikhonov T4/CG64,PSNR,0.101959228515625
div2k,div2k/0848.png/sigma_0.100,div2k,0848.png,0.10000000149011612,U-Tikhonov T16/CG64,U-Tikhonov T4/CG64,PSNR,0.023532867431640625
div2k,div2k/0849.png/sigma_0.100,div2k,0849.png,0.10000000149011612,U-Tikhonov T16/CG64,U-Tikhonov T4/CG64,PSNR,-0.07342147827148438
div2k,div2k/0850.png/sigma_0.100,div2k,0850.png,0.10000000149011612,U-Tikhonov T16/CG64,U-Tikhonov T4/CG64,PSNR,0.05148124694824219
div2k,div2k/0851.png/sigma_0.100,div2k,0851.png,0.10000000149011612,U-Tikhonov T16/CG64,U-Tikhonov T4/CG64,PSNR,0.01673126220703125
div2k,div2k/0852.png/sigma_0.100,div2k,0852.png,0.10000000149011612,U-Tikhonov T16/CG64,U-Tikhonov T4/CG64,PSNR,-0.050472259521484375
div2k,div2k/0853.png/sigma_0.100,div2k,0853.png,0.10000000149011612,U-Tikhonov T16/CG64,U-Tikhonov T4/CG64,PSNR,0.07598495483398438
div2k,div2k/0854.png/sigma_0.100,div2k,0854.png,0.10000000149011612,U-Tikhonov T16/CG64,U-Tikhonov T4/CG64,PSNR,-0.04593467712402344
div2k,div2k/0855.png/sigma_0.100,div2k,0855.png,0.10000000149011612,U-Tikhonov T16/CG64,U-Tikhonov T4/CG64,PSNR,-0.13242149353027344
div2k,div2k/0856.png/sigma_0.100,div2k,0856.png,0.10000000149011612,U-Tikhonov T16/CG64,U-Tikhonov T4/CG64,PSNR,-0.1320323944091797
div2k,div2k/0857.png/sigma_0.100,div2k,0857.png,0.10000000149011612,U-Tikhonov T16/CG64,U-Tikhonov T4/CG64,PSNR,-0.0032711029052734375
div2k,div2k/0858.png/sigma_0.100,div2k,0858.png,0.10000000149011612,U-Tikhonov T16/CG64,U-Tikhonov T4/CG64,PSNR,-0.08821868896484375
div2k,div2k/0859.png/sigma_0.100,div2k,0859.png,0.10000000149011612,U-Tikhonov T16/CG64,U-Tikhonov T4/CG64,PSNR,-0.0030765533447265625
div2k,div2k/0860.png/sigma_0.100,div2k,0860.png,0.10000000149011612,U-Tikhonov T16/CG64,U-Tikhonov T4/CG64,PSNR,-0.045635223388671875
div2k,div2k/0861.png/sigma_0.100,div2k,0861.png,0.10000000149011612,U-Tikhonov T16/CG64,U-Tikhonov T4/CG64,PSNR,-0.15056800842285156
div2k,div2k/0862.png/sigma_0.100,div2k,0862.png,0.10000000149011612,U-Tikhonov T16/CG64,U-Tikhonov T4/CG64,PSNR,0.13132095336914062
div2k,div2k/0863.png/sigma_0.100,div2k,0863.png,0.10000000149011612,U-Tikhonov T16/CG64,U-Tikhonov T4/CG64,PSNR,0.04993629455566406
div2k,div2k/0864.png/sigma_0.100,div2k,0864.png,0.10000000149011612,U-Tikhonov T16/CG64,U-Tikhonov T4/CG64,PSNR,0.01055908203125
div2k,div2k/0865.png/sigma_0.100,div2k,0865.png,0.10000000149011612,U-Tikhonov T16/CG64,U-Tikhonov T4/CG64,PSNR,-0.009426116943359375
div2k,div2k/0866.png/sigma_0.100,div2k,0866.png,0.10000000149011612,U-Tikhonov T16/CG64,U-Tikhonov T4/CG64,PSNR,0.03484535217285156
div2k,div2k/0867.png/sigma_0.100,div2k,0867.png,0.10000000149011612,U-Tikhonov T16/CG64,U-Tikhonov T4/CG64,PSNR,-0.017179489135742188
div2k,div2k/0868.png/sigma_0.100,div2k,0868.png,0.10000000149011612,U-Tikhonov T16/CG64,U-Tikhonov T4/CG64,PSNR,0.2937793731689453
div2k,div2k/0869.png/sigma_0.100,div2k,0869.png,0.10000000149011612,U-Tikhonov T16/CG64,U-Tikhonov T4/CG64,PSNR,0.016923904418945312
div2k,div2k/0870.png/sigma_0.100,div2k,0870.png,0.10000000149011612,U-Tikhonov T16/CG64,U-Tikhonov T4/CG64,PSNR,-0.0518951416015625
div2k,div2k/0871.png/sigma_0.100,div2k,0871.png,0.10000000149011612,U-Tikhonov T16/CG64,U-Tikhonov T4/CG64,PSNR,0.0382537841796875
div2k,div2k/0872.png/sigma_0.100,div2k,0872.png,0.10000000149011612,U-Tikhonov T16/CG64,U-Tikhonov T4/CG64,PSNR,-0.012203216552734375
div2k,div2k/0873.png/sigma_0.100,div2k,0873.png,0.10000000149011612,U-Tikhonov T16/CG64,U-Tikhonov T4/CG64,PSNR,-0.04182243347167969
div2k,div2k/0874.png/sigma_0.100,div2k,0874.png,0.10000000149011612,U-Tikhonov T16/CG64,U-Tikhonov T4/CG64,PSNR,-0.0034770965576171875
div2k,div2k/0875.png/sigma_0.100,div2k,0875.png,0.10000000149011612,U-Tikhonov T16/CG64,U-Tikhonov T4/CG64,PSNR,0.161834716796875
div2k,div2k/0876.png/sigma_0.100,div2k,0876.png,0.10000000149011612,U-Tikhonov T16/CG64,U-Tikhonov T4/CG64,PSNR,-0.0678253173828125
div2k,div2k/0877.png/sigma_0.100,div2k,0877.png,0.10000000149011612,U-Tikhonov T16/CG64,U-Tikhonov T4/CG64,PSNR,0.041469573974609375
div2k,div2k/0878.png/sigma_0.100,div2k,0878.png,0.10000000149011612,U-Tikhonov T16/CG64,U-Tikhonov T4/CG64,PSNR,-0.0042095184326171875
div2k,div2k/0879.png/sigma_0.100,div2k,0879.png,0.10000000149011612,U-Tikhonov T16/CG64,U-Tikhonov T4/CG64,PSNR,0.18461990356445312
div2k,div2k/0880.png/sigma_0.100,div2k,0880.png,0.10000000149011612,U-Tikhonov T16/CG64,U-Tikhonov T4/CG64,PSNR,0.04627227783203125
div2k,div2k/0881.png/sigma_0.100,div2k,0881.png,0.10000000149011612,U-Tikhonov T16/CG64,U-Tikhonov T4/CG64,PSNR,0.001415252685546875
div2k,div2k/0882.png/sigma_0.100,div2k,0882.png,0.10000000149011612,U-Tikhonov T16/CG64,U-Tikhonov T4/CG64,PSNR,0.06016349792480469
div2k,div2k/0883.png/sigma_0.100,div2k,0883.png,0.10000000149011612,U-Tikhonov T16/CG64,U-Tikhonov T4/CG64,PSNR,-0.010358810424804688
div2k,div2k/0884.png/sigma_0.100,div2k,0884.png,0.10000000149011612,U-Tikhonov T16/CG64,U-Tikhonov T4/CG64,PSNR,0.007913589477539062
div2k,div2k/0885.png/sigma_0.100,div2k,0885.png,0.10000000149011612,U-Tikhonov T16/CG64,U-Tikhonov T4/CG64,PSNR,-0.1657257080078125
div2k,div2k/0886.png/sigma_0.100,div2k,0886.png,0.10000000149011612,U-Tikhonov T16/CG64,U-Tikhonov T4/CG64,PSNR,0.03490638732910156
div2k,div2k/0887.png/sigma_0.100,div2k,0887.png,0.10000000149011612,U-Tikhonov T16/CG64,U-Tikhonov T4/CG64,PSNR,-0.020538330078125
div2k,div2k/0888.png/sigma_0.100,div2k,0888.png,0.10000000149011612,U-Tikhonov T16/CG64,U-Tikhonov T4/CG64,PSNR,0.08600044250488281
div2k,div2k/0889.png/sigma_0.100,div2k,0889.png,0.10000000149011612,U-Tikhonov T16/CG64,U-Tikhonov T4/CG64,PSNR,0.0049419403076171875
div2k,div2k/0890.png/sigma_0.100,div2k,0890.png,0.10000000149011612,U-Tikhonov T16/CG64,U-Tikhonov T4/CG64,PSNR,0.10475730895996094
div2k,div2k/0891.png/sigma_0.100,div2k,0891.png,0.10000000149011612,U-Tikhonov T16/CG64,U-Tikhonov T4/CG64,PSNR,0.046466827392578125
div2k,div2k/0892.png/sigma_0.100,div2k,0892.png,0.10000000149011612,U-Tikhonov T16/CG64,U-Tikhonov T4/CG64,PSNR,-0.16171646118164062
div2k,div2k/0893.png/sigma_0.100,div2k,0893.png,0.10000000149011612,U-Tikhonov T16/CG64,U-Tikhonov T4/CG64,PSNR,0.024934768676757812
div2k,div2k/0894.png/sigma_0.100,div2k,0894.png,0.10000000149011612,U-Tikhonov T16/CG64,U-Tikhonov T4/CG64,PSNR,0.024539947509765625
div2k,div2k/0895.png/sigma_0.100,div2k,0895.png,0.10000000149011612,U-Tikhonov T16/CG64,U-Tikhonov T4/CG64,PSNR,-0.09304046630859375
div2k,div2k/0896.png/sigma_0.100,div2k,0896.png,0.10000000149011612,U-Tikhonov T16/CG64,U-Tikhonov T4/CG64,PSNR,0.4404182434082031
div2k,div2k/0897.png/sigma_0.100,div2k,0897.png,0.10000000149011612,U-Tikhonov T16/CG64,U-Tikhonov T4/CG64,PSNR,0.2588520050048828
div2k,div2k/0898.png/sigma_0.100,div2k,0898.png,0.10000000149011612,U-Tikhonov T16/CG64,U-Tikhonov T4/CG64,PSNR,0.2900524139404297
div2k,div2k/0899.png/sigma_0.100,div2k,0899.png,0.10000000149011612,U-Tikhonov T16/CG64,U-Tikhonov T4/CG64,PSNR,0.022058486938476562
div2k,div2k/0900.png/sigma_0.100,div2k,0900.png,0.10000000149011612,U-Tikhonov T16/CG64,U-Tikhonov T4/CG64,PSNR,-0.0046634674072265625
div2k,div2k/0801.png/sigma_0.100,div2k,0801.png,0.10000000149011612,U-Tikhonov T16/CG64,U-Tikhonov T4/CG64,SSIM,-0.0032817721366882324
div2k,div2k/0802.png/sigma_0.100,div2k,0802.png,0.10000000149011612,U-Tikhonov T16/CG64,U-Tikhonov T4/CG64,SSIM,0.0015681982040405273
div2k,div2k/0803.png/sigma_0.100,div2k,0803.png,0.10000000149011612,U-Tikhonov T16/CG64,U-Tikhonov T4/CG64,SSIM,-0.00013333559036254883
div2k,div2k/0804.png/sigma_0.100,div2k,0804.png,0.10000000149011612,U-Tikhonov T16/CG64,U-Tikhonov T4/CG64,SSIM,-0.0030532479286193848
div2k,div2k/0805.png/sigma_0.100,div2k,0805.png,0.10000000149011612,U-Tikhonov T16/CG64,U-Tikhonov T4/CG64,SSIM,-0.004538774490356445
div2k,div2k/0806.png/sigma_0.100,div2k,0806.png,0.10000000149011612,U-Tikhonov T16/CG64,U-Tikhonov T4/CG64,SSIM,-0.00032061338424682617
div2k,div2k/0807.png/sigma_0.100,div2k,0807.png,0.10000000149011612,U-Tikhonov T16/CG64,U-Tikhonov T4/CG64,SSIM,-0.005506038665771484
div2k,div2k/0808.png/sigma_0.100,div2k,0808.png,0.10000000149011612,U-Tikhonov T16/CG64,U-Tikhonov T4/CG64,SSIM,0.011959195137023926
div2k,div2k/0809.png/sigma_0.100,div2k,0809.png,0.10000000149011612,U-Tikhonov T16/CG64,U-Tikhonov T4/CG64,SSIM,-0.006356537342071533
div2k,div2k/0810.png/sigma_0.100,div2k,0810.png,0.10000000149011612,U-Tikhonov T16/CG64,U-Tikhonov T4/CG64,SSIM,-0.003413558006286621
div2k,div2k/0811.png/sigma_0.100,div2k,0811.png,0.10000000149011612,U-Tikhonov T16/CG64,U-Tikhonov T4/CG64,SSIM,-0.00924772024154663
div2k,div2k/0812.png/sigma_0.100,div2k,0812.png,0.10000000149011612,U-Tikhonov T16/CG64,U-Tikhonov T4/CG64,SSIM,0.004211902618408203
div2k,div2k/0813.png/sigma_0.100,div2k,0813.png,0.10000000149011612,U-Tikhonov T16/CG64,U-Tikhonov T4/CG64,SSIM,0.0014301538467407227
div2k,div2k/0814.png/sigma_0.100,div2k,0814.png,0.10000000149011612,U-Tikhonov T16/CG64,U-Tikhonov T4/CG64,SSIM,0.025791287422180176
div2k,div2k/0815.png/sigma_0.100,div2k,0815.png,0.10000000149011612,U-Tikhonov T16/CG64,U-Tikhonov T4/CG64,SSIM,-0.0001233816146850586
div2k,div2k/0816.png/sigma_0.100,div2k,0816.png,0.10000000149011612,U-Tikhonov T16/CG64,U-Tikhonov T4/CG64,SSIM,-0.000620722770690918
div2k,div2k/0817.png/sigma_0.100,div2k,0817.png,0.10000000149011612,U-Tikhonov T16/CG64,U-Tikhonov T4/CG64,SSIM,0.0062729716300964355
div2k,div2k/0818.png/sigma_0.100,div2k,0818.png,0.10000000149011612,U-Tikhonov T16/CG64,U-Tikhonov T4/CG64,SSIM,0.0003039836883544922
div2k,div2k/0819.png/sigma_0.100,div2k,0819.png,0.10000000149011612,U-Tikhonov T16/CG64,U-Tikhonov T4/CG64,SSIM,-0.0038138628005981445
div2k,div2k/0820.png/sigma_0.100,div2k,0820.png,0.10000000149011612,U-Tikhonov T16/CG64,U-Tikhonov T4/CG64,SSIM,-0.011012017726898193
div2k,div2k/0821.png/sigma_0.100,div2k,0821.png,0.10000000149011612,U-Tikhonov T16/CG64,U-Tikhonov T4/CG64,SSIM,-0.0035550594329833984
div2k,div2k/0822.png/sigma_0.100,div2k,0822.png,0.10000000149011612,U-Tikhonov T16/CG64,U-Tikhonov T4/CG64,SSIM,-0.006761133670806885
div2k,div2k/0823.png/sigma_0.100,div2k,0823.png,0.10000000149011612,U-Tikhonov T16/CG64,U-Tikhonov T4/CG64,SSIM,0.014296114444732666
div2k,div2k/0824.png/sigma_0.100,div2k,0824.png,0.10000000149011612,U-Tikhonov T16/CG64,U-Tikhonov T4/CG64,SSIM,0.0024296045303344727
div2k,div2k/0825.png/sigma_0.100,div2k,0825.png,0.10000000149011612,U-Tikhonov T16/CG64,U-Tikhonov T4/CG64,SSIM,-0.0004630088806152344
div2k,div2k/0826.png/sigma_0.100,div2k,0826.png,0.10000000149011612,U-Tikhonov T16/CG64,U-Tikhonov T4/CG64,SSIM,0.005959689617156982
div2k,div2k/0827.png/sigma_0.100,div2k,0827.png,0.10000000149011612,U-Tikhonov T16/CG64,U-Tikhonov T4/CG64,SSIM,-0.0011276006698608398
div2k,div2k/0828.png/sigma_0.100,div2k,0828.png,0.10000000149011612,U-Tikhonov T16/CG64,U-Tikhonov T4/CG64,SSIM,-0.021376848220825195
div2k,div2k/0829.png/sigma_0.100,div2k,0829.png,0.10000000149011612,U-Tikhonov T16/CG64,U-Tikhonov T4/CG64,SSIM,0.0031064748764038086
div2k,div2k/0830.png/sigma_0.100,div2k,0830.png,0.10000000149011612,U-Tikhonov T16/CG64,U-Tikhonov T4/CG64,SSIM,0.0006897449493408203
div2k,div2k/0831.png/sigma_0.100,div2k,0831.png,0.10000000149011612,U-Tikhonov T16/CG64,U-Tikhonov T4/CG64,SSIM,-0.000405728816986084
div2k,div2k/0832.png/sigma_0.100,div2k,0832.png,0.10000000149011612,U-Tikhonov T16/CG64,U-Tikhonov T4/CG64,SSIM,0.0011391043663024902
div2k,div2k/0833.png/sigma_0.100,div2k,0833.png,0.10000000149011612,U-Tikhonov T16/CG64,U-Tikhonov T4/CG64,SSIM,0.013237357139587402
div2k,div2k/0834.png/sigma_0.100,div2k,0834.png,0.10000000149011612,U-Tikhonov T16/CG64,U-Tikhonov T4/CG64,SSIM,0.0015854239463806152
div2k,div2k/0835.png/sigma_0.100,div2k,0835.png,0.10000000149011612,U-Tikhonov T16/CG64,U-Tikhonov T4/CG64,SSIM,-0.004948258399963379
div2k,div2k/0836.png/sigma_0.100,div2k,0836.png,0.10000000149011612,U-Tikhonov T16/CG64,U-Tikhonov T4/CG64,SSIM,0.004999876022338867
div2k,div2k/0837.png/sigma_0.100,div2k,0837.png,0.10000000149011612,U-Tikhonov T16/CG64,U-Tikhonov T4/CG64,SSIM,-0.00084686279296875
div2k,div2k/0838.png/sigma_0.100,div2k,0838.png,0.10000000149011612,U-Tikhonov T16/CG64,U-Tikhonov T4/CG64,SSIM,0.006498575210571289
div2k,div2k/0839.png/sigma_0.100,div2k,0839.png,0.10000000149011612,U-Tikhonov T16/CG64,U-Tikhonov T4/CG64,SSIM,-0.006970345973968506
div2k,div2k/0840.png/sigma_0.100,div2k,0840.png,0.10000000149011612,U-Tikhonov T16/CG64,U-Tikhonov T4/CG64,SSIM,-0.002058684825897217
div2k,div2k/0841.png/sigma_0.100,div2k,0841.png,0.10000000149011612,U-Tikhonov T16/CG64,U-Tikhonov T4/CG64,SSIM,-0.003029465675354004
div2k,div2k/0842.png/sigma_0.100,div2k,0842.png,0.10000000149011612,U-Tikhonov T16/CG64,U-Tikhonov T4/CG64,SSIM,-0.0031404495239257812
div2k,div2k/0843.png/sigma_0.100,div2k,0843.png,0.10000000149011612,U-Tikhonov T16/CG64,U-Tikhonov T4/CG64,SSIM,0.02547144889831543
div2k,div2k/0844.png/sigma_0.100,div2k,0844.png,0.10000000149011612,U-Tikhonov T16/CG64,U-Tikhonov T4/CG64,SSIM,0.00901484489440918
div2k,div2k/0845.png/sigma_0.100,div2k,0845.png,0.10000000149011612,U-Tikhonov T16/CG64,U-Tikhonov T4/CG64,SSIM,-0.002662062644958496
div2k,div2k/0846.png/sigma_0.100,div2k,0846.png,0.10000000149011612,U-Tikhonov T16/CG64,U-Tikhonov T4/CG64,SSIM,-0.004784584045410156
div2k,div2k/0847.png/sigma_0.100,div2k,0847.png,0.10000000149011612,U-Tikhonov T16/CG64,U-Tikhonov T4/CG64,SSIM,0.002074122428894043
div2k,div2k/0848.png/sigma_0.100,div2k,0848.png,0.10000000149011612,U-Tikhonov T16/CG64,U-Tikhonov T4/CG64,SSIM,-3.8504600524902344e-05
div2k,div2k/0849.png/sigma_0.100,div2k,0849.png,0.10000000149011612,U-Tikhonov T16/CG64,U-Tikhonov T4/CG64,SSIM,-0.003440260887145996
div2k,div2k/0850.png/sigma_0.100,div2k,0850.png,0.10000000149011612,U-Tikhonov T16/CG64,U-Tikhonov T4/CG64,SSIM,0.0013546347618103027
div2k,div2k/0851.png/sigma_0.100,div2k,0851.png,0.10000000149011612,U-Tikhonov T16/CG64,U-Tikhonov T4/CG64,SSIM,0.018819332122802734
div2k,div2k/0852.png/sigma_0.100,div2k,0852.png,0.10000000149011612,U-Tikhonov T16/CG64,U-Tikhonov T4/CG64,SSIM,-0.010010600090026855
div2k,div2k/0853.png/sigma_0.100,div2k,0853.png,0.10000000149011612,U-Tikhonov T16/CG64,U-Tikhonov T4/CG64,SSIM,0.012548565864562988
div2k,div2k/0854.png/sigma_0.100,div2k,0854.png,0.10000000149011612,U-Tikhonov T16/CG64,U-Tikhonov T4/CG64,SSIM,0.003959059715270996
div2k,div2k/0855.png/sigma_0.100,div2k,0855.png,0.10000000149011612,U-Tikhonov T16/CG64,U-Tikhonov T4/CG64,SSIM,-0.0024138689041137695
div2k,div2k/0856.png/sigma_0.100,div2k,0856.png,0.10000000149011612,U-Tikhonov T16/CG64,U-Tikhonov T4/CG64,SSIM,-0.014150023460388184
div2k,div2k/0857.png/sigma_0.100,div2k,0857.png,0.10000000149011612,U-Tikhonov T16/CG64,U-Tikhonov T4/CG64,SSIM,-0.00017833709716796875
div2k,div2k/0858.png/sigma_0.100,div2k,0858.png,0.10000000149011612,U-Tikhonov T16/CG64,U-Tikhonov T4/CG64,SSIM,-0.015047669410705566
div2k,div2k/0859.png/sigma_0.100,div2k,0859.png,0.10000000149011612,U-Tikhonov T16/CG64,U-Tikhonov T4/CG64,SSIM,-0.0036965608596801758
div2k,div2k/0860.png/sigma_0.100,div2k,0860.png,0.10000000149011612,U-Tikhonov T16/CG64,U-Tikhonov T4/CG64,SSIM,-0.006792128086090088
div2k,div2k/0861.png/sigma_0.100,div2k,0861.png,0.10000000149011612,U-Tikhonov T16/CG64,U-Tikhonov T4/CG64,SSIM,-0.01638585329055786
div2k,div2k/0862.png/sigma_0.100,div2k,0862.png,0.10000000149011612,U-Tikhonov T16/CG64,U-Tikhonov T4/CG64,SSIM,0.013132274150848389
div2k,div2k/0863.png/sigma_0.100,div2k,0863.png,0.10000000149011612,U-Tikhonov T16/CG64,U-Tikhonov T4/CG64,SSIM,0.007857143878936768
div2k,div2k/0864.png/sigma_0.100,div2k,0864.png,0.10000000149011612,U-Tikhonov T16/CG64,U-Tikhonov T4/CG64,SSIM,-0.0021529793739318848
div2k,div2k/0865.png/sigma_0.100,div2k,0865.png,0.10000000149011612,U-Tikhonov T16/CG64,U-Tikhonov T4/CG64,SSIM,-0.001468062400817871
div2k,div2k/0866.png/sigma_0.100,div2k,0866.png,0.10000000149011612,U-Tikhonov T16/CG64,U-Tikhonov T4/CG64,SSIM,-0.0022317171096801758
div2k,div2k/0867.png/sigma_0.100,div2k,0867.png,0.10000000149011612,U-Tikhonov T16/CG64,U-Tikhonov T4/CG64,SSIM,-0.0014483928680419922
div2k,div2k/0868.png/sigma_0.100,div2k,0868.png,0.10000000149011612,U-Tikhonov T16/CG64,U-Tikhonov T4/CG64,SSIM,0.030108332633972168
div2k,div2k/0869.png/sigma_0.100,div2k,0869.png,0.10000000149011612,U-Tikhonov T16/CG64,U-Tikhonov T4/CG64,SSIM,0.005269408226013184
div2k,div2k/0870.png/sigma_0.100,div2k,0870.png,0.10000000149011612,U-Tikhonov T16/CG64,U-Tikhonov T4/CG64,SSIM,-0.0051381587982177734
div2k,div2k/0871.png/sigma_0.100,div2k,0871.png,0.10000000149011612,U-Tikhonov T16/CG64,U-Tikhonov T4/CG64,SSIM,0.0003458857536315918
div2k,div2k/0872.png/sigma_0.100,div2k,0872.png,0.10000000149011612,U-Tikhonov T16/CG64,U-Tikhonov T4/CG64,SSIM,-0.0009230375289916992
div2k,div2k/0873.png/sigma_0.100,div2k,0873.png,0.10000000149011612,U-Tikhonov T16/CG64,U-Tikhonov T4/CG64,SSIM,0.0005633831024169922
div2k,div2k/0874.png/sigma_0.100,div2k,0874.png,0.10000000149011612,U-Tikhonov T16/CG64,U-Tikhonov T4/CG64,SSIM,-0.003270566463470459
div2k,div2k/0875.png/sigma_0.100,div2k,0875.png,0.10000000149011612,U-Tikhonov T16/CG64,U-Tikhonov T4/CG64,SSIM,0.0028900504112243652
div2k,div2k/0876.png/sigma_0.100,div2k,0876.png,0.10000000149011612,U-Tikhonov T16/CG64,U-Tikhonov T4/CG64,SSIM,-0.009149730205535889
div2k,div2k/0877.png/sigma_0.100,div2k,0877.png,0.10000000149011612,U-Tikhonov T16/CG64,U-Tikhonov T4/CG64,SSIM,-0.001124262809753418
div2k,div2k/0878.png/sigma_0.100,div2k,0878.png,0.10000000149011612,U-Tikhonov T16/CG64,U-Tikhonov T4/CG64,SSIM,-0.0018326044082641602
div2k,div2k/0879.png/sigma_0.100,div2k,0879.png,0.10000000149011612,U-Tikhonov T16/CG64,U-Tikhonov T4/CG64,SSIM,0.021551430225372314
div2k,div2k/0880.png/sigma_0.100,div2k,0880.png,0.10000000149011612,U-Tikhonov T16/CG64,U-Tikhonov T4/CG64,SSIM,0.012943685054779053
div2k,div2k/0881.png/sigma_0.100,div2k,0881.png,0.10000000149011612,U-Tikhonov T16/CG64,U-Tikhonov T4/CG64,SSIM,0.0021889209747314453
div2k,div2k/0882.png/sigma_0.100,div2k,0882.png,0.10000000149011612,U-Tikhonov T16/CG64,U-Tikhonov T4/CG64,SSIM,0.002625882625579834
div2k,div2k/0883.png/sigma_0.100,div2k,0883.png,0.10000000149011612,U-Tikhonov T16/CG64,U-Tikhonov T4/CG64,SSIM,-0.0014279484748840332
div2k,div2k/0884.png/sigma_0.100,div2k,0884.png,0.10000000149011612,U-Tikhonov T16/CG64,U-Tikhonov T4/CG64,SSIM,-0.0005061626434326172
div2k,div2k/0885.png/sigma_0.100,div2k,0885.png,0.10000000149011612,U-Tikhonov T16/CG64,U-Tikhonov T4/CG64,SSIM,-0.010888338088989258
div2k,div2k/0886.png/sigma_0.100,div2k,0886.png,0.10000000149011612,U-Tikhonov T16/CG64,U-Tikhonov T4/CG64,SSIM,-0.0003368258476257324
div2k,div2k/0887.png/sigma_0.100,div2k,0887.png,0.10000000149011612,U-Tikhonov T16/CG64,U-Tikhonov T4/CG64,SSIM,0.0014064311981201172
div2k,div2k/0888.png/sigma_0.100,div2k,0888.png,0.10000000149011612,U-Tikhonov T16/CG64,U-Tikhonov T4/CG64,SSIM,0.00184708833694458
div2k,div2k/0889.png/sigma_0.100,div2k,0889.png,0.10000000149011612,U-Tikhonov T16/CG64,U-Tikhonov T4/CG64,SSIM,-0.0015597343444824219
div2k,div2k/0890.png/sigma_0.100,div2k,0890.png,0.10000000149011612,U-Tikhonov T16/CG64,U-Tikhonov T4/CG64,SSIM,0.017299294471740723
div2k,div2k/0891.png/sigma_0.100,div2k,0891.png,0.10000000149011612,U-Tikhonov T16/CG64,U-Tikhonov T4/CG64,SSIM,0.0003400444984436035
div2k,div2k/0892.png/sigma_0.100,div2k,0892.png,0.10000000149011612,U-Tikhonov T16/CG64,U-Tikhonov T4/CG64,SSIM,-0.009025275707244873
div2k,div2k/0893.png/sigma_0.100,div2k,0893.png,0.10000000149011612,U-Tikhonov T16/CG64,U-Tikhonov T4/CG64,SSIM,0.0008988380432128906
div2k,div2k/0894.png/sigma_0.100,div2k,0894.png,0.10000000149011612,U-Tikhonov T16/CG64,U-Tikhonov T4/CG64,SSIM,-0.003535449504852295
div2k,div2k/0895.png/sigma_0.100,div2k,0895.png,0.10000000149011612,U-Tikhonov T16/CG64,U-Tikhonov T4/CG64,SSIM,-0.008952021598815918
div2k,div2k/0896.png/sigma_0.100,div2k,0896.png,0.10000000149011612,U-Tikhonov T16/CG64,U-Tikhonov T4/CG64,SSIM,0.018285274505615234
div2k,div2k/0897.png/sigma_0.100,div2k,0897.png,0.10000000149011612,U-Tikhonov T16/CG64,U-Tikhonov T4/CG64,SSIM,0.005399465560913086
div2k,div2k/0898.png/sigma_0.100,div2k,0898.png,0.10000000149011612,U-Tikhonov T16/CG64,U-Tikhonov T4/CG64,SSIM,0.03280079364776611
div2k,div2k/0899.png/sigma_0.100,div2k,0899.png,0.10000000149011612,U-Tikhonov T16/CG64,U-Tikhonov T4/CG64,SSIM,0.0006971359252929688
div2k,div2k/0900.png/sigma_0.100,div2k,0900.png,0.10000000149011612,U-Tikhonov T16/CG64,U-Tikhonov T4/CG64,SSIM,-0.0035234689712524414
div2k,div2k/0801.png/sigma_0.100,div2k,0801.png,0.10000000149011612,U-Tikhonov T4/CG64,U-Tikhonov T4/CG32,PSNR,-0.03573799133300781
div2k,div2k/0802.png/sigma_0.100,div2k,0802.png,0.10000000149011612,U-Tikhonov T4/CG64,U-Tikhonov T4/CG32,PSNR,0.010442733764648438
div2k,div2k/0803.png/sigma_0.100,div2k,0803.png,0.10000000149011612,U-Tikhonov T4/CG64,U-Tikhonov T4/CG32,PSNR,0.02099609375
div2k,div2k/0804.png/sigma_0.100,div2k,0804.png,0.10000000149011612,U-Tikhonov T4/CG64,U-Tikhonov T4/CG32,PSNR,0.0326690673828125
div2k,div2k/0805.png/sigma_0.100,div2k,0805.png,0.10000000149011612,U-Tikhonov T4/CG64,U-Tikhonov T4/CG32,PSNR,0.011766433715820312
div2k,div2k/0806.png/sigma_0.100,div2k,0806.png,0.10000000149011612,U-Tikhonov T4/CG64,U-Tikhonov T4/CG32,PSNR,-0.06554603576660156
div2k,div2k/0807.png/sigma_0.100,div2k,0807.png,0.10000000149011612,U-Tikhonov T4/CG64,U-Tikhonov T4/CG32,PSNR,-0.04337882995605469
div2k,div2k/0808.png/sigma_0.100,div2k,0808.png,0.10000000149011612,U-Tikhonov T4/CG64,U-Tikhonov T4/CG32,PSNR,-0.11510467529296875
div2k,div2k/0809.png/sigma_0.100,div2k,0809.png,0.10000000149011612,U-Tikhonov T4/CG64,U-Tikhonov T4/CG32,PSNR,-0.035556793212890625
div2k,div2k/0810.png/sigma_0.100,div2k,0810.png,0.10000000149011612,U-Tikhonov T4/CG64,U-Tikhonov T4/CG32,PSNR,-0.05019378662109375
div2k,div2k/0811.png/sigma_0.100,div2k,0811.png,0.10000000149011612,U-Tikhonov T4/CG64,U-Tikhonov T4/CG32,PSNR,-0.058807373046875
div2k,div2k/0812.png/sigma_0.100,div2k,0812.png,0.10000000149011612,U-Tikhonov T4/CG64,U-Tikhonov T4/CG32,PSNR,-0.11539268493652344
div2k,div2k/0813.png/sigma_0.100,div2k,0813.png,0.10000000149011612,U-Tikhonov T4/CG64,U-Tikhonov T4/CG32,PSNR,0.020191192626953125
div2k,div2k/0814.png/sigma_0.100,div2k,0814.png,0.10000000149011612,U-Tikhonov T4/CG64,U-Tikhonov T4/CG32,PSNR,-0.05393028259277344
div2k,div2k/0815.png/sigma_0.100,div2k,0815.png,0.10000000149011612,U-Tikhonov T4/CG64,U-Tikhonov T4/CG32,PSNR,-0.029277801513671875
div2k,div2k/0816.png/sigma_0.100,div2k,0816.png,0.10000000149011612,U-Tikhonov T4/CG64,U-Tikhonov T4/CG32,PSNR,-0.09352493286132812
div2k,div2k/0817.png/sigma_0.100,div2k,0817.png,0.10000000149011612,U-Tikhonov T4/CG64,U-Tikhonov T4/CG32,PSNR,-0.03418731689453125
div2k,div2k/0818.png/sigma_0.100,div2k,0818.png,0.10000000149011612,U-Tikhonov T4/CG64,U-Tikhonov T4/CG32,PSNR,-0.003570556640625
div2k,div2k/0819.png/sigma_0.100,div2k,0819.png,0.10000000149011612,U-Tikhonov T4/CG64,U-Tikhonov T4/CG32,PSNR,-0.036197662353515625
div2k,div2k/0820.png/sigma_0.100,div2k,0820.png,0.10000000149011612,U-Tikhonov T4/CG64,U-Tikhonov T4/CG32,PSNR,0.18153953552246094
div2k,div2k/0821.png/sigma_0.100,div2k,0821.png,0.10000000149011612,U-Tikhonov T4/CG64,U-Tikhonov T4/CG32,PSNR,-0.14926719665527344
div2k,div2k/0822.png/sigma_0.100,div2k,0822.png,0.10000000149011612,U-Tikhonov T4/CG64,U-Tikhonov T4/CG32,PSNR,-0.028692245483398438
div2k,div2k/0823.png/sigma_0.100,div2k,0823.png,0.10000000149011612,U-Tikhonov T4/CG64,U-Tikhonov T4/CG32,PSNR,-0.03590965270996094
div2k,div2k/0824.png/sigma_0.100,div2k,0824.png,0.10000000149011612,U-Tikhonov T4/CG64,U-Tikhonov T4/CG32,PSNR,-0.043247222900390625
div2k,div2k/0825.png/sigma_0.100,div2k,0825.png,0.10000000149011612,U-Tikhonov T4/CG64,U-Tikhonov T4/CG32,PSNR,-0.07213783264160156
div2k,div2k/0826.png/sigma_0.100,div2k,0826.png,0.10000000149011612,U-Tikhonov T4/CG64,U-Tikhonov T4/CG32,PSNR,-0.1591644287109375
div2k,div2k/0827.png/sigma_0.100,div2k,0827.png,0.10000000149011612,U-Tikhonov T4/CG64,U-Tikhonov T4/CG32,PSNR,0.03204154968261719
div2k,div2k/0828.png/sigma_0.100,div2k,0828.png,0.10000000149011612,U-Tikhonov T4/CG64,U-Tikhonov T4/CG32,PSNR,0.12884521484375
div2k,div2k/0829.png/sigma_0.100,div2k,0829.png,0.10000000149011612,U-Tikhonov T4/CG64,U-Tikhonov T4/CG32,PSNR,-0.081329345703125
div2k,div2k/0830.png/sigma_0.100,div2k,0830.png,0.10000000149011612,U-Tikhonov T4/CG64,U-Tikhonov T4/CG32,PSNR,0.0268402099609375
div2k,div2k/0831.png/sigma_0.100,div2k,0831.png,0.10000000149011612,U-Tikhonov T4/CG64,U-Tikhonov T4/CG32,PSNR,-0.023777008056640625
div2k,div2k/0832.png/sigma_0.100,div2k,0832.png,0.10000000149011612,U-Tikhonov T4/CG64,U-Tikhonov T4/CG32,PSNR,-0.10632514953613281
div2k,div2k/0833.png/sigma_0.100,div2k,0833.png,0.10000000149011612,U-Tikhonov T4/CG64,U-Tikhonov T4/CG32,PSNR,-0.11326980590820312
div2k,div2k/0834.png/sigma_0.100,div2k,0834.png,0.10000000149011612,U-Tikhonov T4/CG64,U-Tikhonov T4/CG32,PSNR,-0.05426025390625
div2k,div2k/0835.png/sigma_0.100,div2k,0835.png,0.10000000149011612,U-Tikhonov T4/CG64,U-Tikhonov T4/CG32,PSNR,-0.05767059326171875
div2k,div2k/0836.png/sigma_0.100,div2k,0836.png,0.10000000149011612,U-Tikhonov T4/CG64,U-Tikhonov T4/CG32,PSNR,-0.12605857849121094
div2k,div2k/0837.png/sigma_0.100,div2k,0837.png,0.10000000149011612,U-Tikhonov T4/CG64,U-Tikhonov T4/CG32,PSNR,-0.05190849304199219
div2k,div2k/0838.png/sigma_0.100,div2k,0838.png,0.10000000149011612,U-Tikhonov T4/CG64,U-Tikhonov T4/CG32,PSNR,-0.013278961181640625
div2k,div2k/0839.png/sigma_0.100,div2k,0839.png,0.10000000149011612,U-Tikhonov T4/CG64,U-Tikhonov T4/CG32,PSNR,-0.030904769897460938
div2k,div2k/0840.png/sigma_0.100,div2k,0840.png,0.10000000149011612,U-Tikhonov T4/CG64,U-Tikhonov T4/CG32,PSNR,-0.04412078857421875
div2k,div2k/0841.png/sigma_0.100,div2k,0841.png,0.10000000149011612,U-Tikhonov T4/CG64,U-Tikhonov T4/CG32,PSNR,0.029529571533203125
div2k,div2k/0842.png/sigma_0.100,div2k,0842.png,0.10000000149011612,U-Tikhonov T4/CG64,U-Tikhonov T4/CG32,PSNR,-0.030336380004882812
div2k,div2k/0843.png/sigma_0.100,div2k,0843.png,0.10000000149011612,U-Tikhonov T4/CG64,U-Tikhonov T4/CG32,PSNR,0.08149909973144531
div2k,div2k/0844.png/sigma_0.100,div2k,0844.png,0.10000000149011612,U-Tikhonov T4/CG64,U-Tikhonov T4/CG32,PSNR,-0.08080101013183594
div2k,div2k/0845.png/sigma_0.100,div2k,0845.png,0.10000000149011612,U-Tikhonov T4/CG64,U-Tikhonov T4/CG32,PSNR,0.012041091918945312
div2k,div2k/0846.png/sigma_0.100,div2k,0846.png,0.10000000149011612,U-Tikhonov T4/CG64,U-Tikhonov T4/CG32,PSNR,-0.0057525634765625
div2k,div2k/0847.png/sigma_0.100,div2k,0847.png,0.10000000149011612,U-Tikhonov T4/CG64,U-Tikhonov T4/CG32,PSNR,-0.12176895141601562
div2k,div2k/0848.png/sigma_0.100,div2k,0848.png,0.10000000149011612,U-Tikhonov T4/CG64,U-Tikhonov T4/CG32,PSNR,-0.001495361328125
div2k,div2k/0849.png/sigma_0.100,div2k,0849.png,0.10000000149011612,U-Tikhonov T4/CG64,U-Tikhonov T4/CG32,PSNR,-0.061553955078125
div2k,div2k/0850.png/sigma_0.100,div2k,0850.png,0.10000000149011612,U-Tikhonov T4/CG64,U-Tikhonov T4/CG32,PSNR,-0.08326911926269531
div2k,div2k/0851.png/sigma_0.100,div2k,0851.png,0.10000000149011612,U-Tikhonov T4/CG64,U-Tikhonov T4/CG32,PSNR,-0.008876800537109375
div2k,div2k/0852.png/sigma_0.100,div2k,0852.png,0.10000000149011612,U-Tikhonov T4/CG64,U-Tikhonov T4/CG32,PSNR,-0.016759872436523438
div2k,div2k/0853.png/sigma_0.100,div2k,0853.png,0.10000000149011612,U-Tikhonov T4/CG64,U-Tikhonov T4/CG32,PSNR,-0.08465003967285156
div2k,div2k/0854.png/sigma_0.100,div2k,0854.png,0.10000000149011612,U-Tikhonov T4/CG64,U-Tikhonov T4/CG32,PSNR,-0.0229644775390625
div2k,div2k/0855.png/sigma_0.100,div2k,0855.png,0.10000000149011612,U-Tikhonov T4/CG64,U-Tikhonov T4/CG32,PSNR,-0.03782081604003906
div2k,div2k/0856.png/sigma_0.100,div2k,0856.png,0.10000000149011612,U-Tikhonov T4/CG64,U-Tikhonov T4/CG32,PSNR,-0.04621696472167969
div2k,div2k/0857.png/sigma_0.100,div2k,0857.png,0.10000000149011612,U-Tikhonov T4/CG64,U-Tikhonov T4/CG32,PSNR,0.0047130584716796875
div2k,div2k/0858.png/sigma_0.100,div2k,0858.png,0.10000000149011612,U-Tikhonov T4/CG64,U-Tikhonov T4/CG32,PSNR,-0.04891395568847656
div2k,div2k/0859.png/sigma_0.100,div2k,0859.png,0.10000000149011612,U-Tikhonov T4/CG64,U-Tikhonov T4/CG32,PSNR,-0.03677558898925781
div2k,div2k/0860.png/sigma_0.100,div2k,0860.png,0.10000000149011612,U-Tikhonov T4/CG64,U-Tikhonov T4/CG32,PSNR,-0.03266143798828125
div2k,div2k/0861.png/sigma_0.100,div2k,0861.png,0.10000000149011612,U-Tikhonov T4/CG64,U-Tikhonov T4/CG32,PSNR,-0.07240486145019531
div2k,div2k/0862.png/sigma_0.100,div2k,0862.png,0.10000000149011612,U-Tikhonov T4/CG64,U-Tikhonov T4/CG32,PSNR,-0.012468338012695312
div2k,div2k/0863.png/sigma_0.100,div2k,0863.png,0.10000000149011612,U-Tikhonov T4/CG64,U-Tikhonov T4/CG32,PSNR,-0.06679916381835938
div2k,div2k/0864.png/sigma_0.100,div2k,0864.png,0.10000000149011612,U-Tikhonov T4/CG64,U-Tikhonov T4/CG32,PSNR,-0.037631988525390625
div2k,div2k/0865.png/sigma_0.100,div2k,0865.png,0.10000000149011612,U-Tikhonov T4/CG64,U-Tikhonov T4/CG32,PSNR,-0.011419296264648438
div2k,div2k/0866.png/sigma_0.100,div2k,0866.png,0.10000000149011612,U-Tikhonov T4/CG64,U-Tikhonov T4/CG32,PSNR,-0.14910507202148438
div2k,div2k/0867.png/sigma_0.100,div2k,0867.png,0.10000000149011612,U-Tikhonov T4/CG64,U-Tikhonov T4/CG32,PSNR,-0.103424072265625
div2k,div2k/0868.png/sigma_0.100,div2k,0868.png,0.10000000149011612,U-Tikhonov T4/CG64,U-Tikhonov T4/CG32,PSNR,-0.1428508758544922
div2k,div2k/0869.png/sigma_0.100,div2k,0869.png,0.10000000149011612,U-Tikhonov T4/CG64,U-Tikhonov T4/CG32,PSNR,-0.040309906005859375
div2k,div2k/0870.png/sigma_0.100,div2k,0870.png,0.10000000149011612,U-Tikhonov T4/CG64,U-Tikhonov T4/CG32,PSNR,-0.03891944885253906
div2k,div2k/0871.png/sigma_0.100,div2k,0871.png,0.10000000149011612,U-Tikhonov T4/CG64,U-Tikhonov T4/CG32,PSNR,-0.09872817993164062
div2k,div2k/0872.png/sigma_0.100,div2k,0872.png,0.10000000149011612,U-Tikhonov T4/CG64,U-Tikhonov T4/CG32,PSNR,-0.018522262573242188
div2k,div2k/0873.png/sigma_0.100,div2k,0873.png,0.10000000149011612,U-Tikhonov T4/CG64,U-Tikhonov T4/CG32,PSNR,-0.0780792236328125
div2k,div2k/0874.png/sigma_0.100,div2k,0874.png,0.10000000149011612,U-Tikhonov T4/CG64,U-Tikhonov T4/CG32,PSNR,-0.058349609375
div2k,div2k/0875.png/sigma_0.100,div2k,0875.png,0.10000000149011612,U-Tikhonov T4/CG64,U-Tikhonov T4/CG32,PSNR,-0.2524528503417969
div2k,div2k/0876.png/sigma_0.100,div2k,0876.png,0.10000000149011612,U-Tikhonov T4/CG64,U-Tikhonov T4/CG32,PSNR,-0.040813446044921875
div2k,div2k/0877.png/sigma_0.100,div2k,0877.png,0.10000000149011612,U-Tikhonov T4/CG64,U-Tikhonov T4/CG32,PSNR,0.04838752746582031
div2k,div2k/0878.png/sigma_0.100,div2k,0878.png,0.10000000149011612,U-Tikhonov T4/CG64,U-Tikhonov T4/CG32,PSNR,-0.03566551208496094
div2k,div2k/0879.png/sigma_0.100,div2k,0879.png,0.10000000149011612,U-Tikhonov T4/CG64,U-Tikhonov T4/CG32,PSNR,-0.10908699035644531
div2k,div2k/0880.png/sigma_0.100,div2k,0880.png,0.10000000149011612,U-Tikhonov T4/CG64,U-Tikhonov T4/CG32,PSNR,-0.017850875854492188
div2k,div2k/0881.png/sigma_0.100,div2k,0881.png,0.10000000149011612,U-Tikhonov T4/CG64,U-Tikhonov T4/CG32,PSNR,-0.055156707763671875
div2k,div2k/0882.png/sigma_0.100,div2k,0882.png,0.10000000149011612,U-Tikhonov T4/CG64,U-Tikhonov T4/CG32,PSNR,0.04860496520996094
div2k,div2k/0883.png/sigma_0.100,div2k,0883.png,0.10000000149011612,U-Tikhonov T4/CG64,U-Tikhonov T4/CG32,PSNR,-0.046672821044921875
div2k,div2k/0884.png/sigma_0.100,div2k,0884.png,0.10000000149011612,U-Tikhonov T4/CG64,U-Tikhonov T4/CG32,PSNR,-0.09381484985351562
div2k,div2k/0885.png/sigma_0.100,div2k,0885.png,0.10000000149011612,U-Tikhonov T4/CG64,U-Tikhonov T4/CG32,PSNR,0.009290695190429688
div2k,div2k/0886.png/sigma_0.100,div2k,0886.png,0.10000000149011612,U-Tikhonov T4/CG64,U-Tikhonov T4/CG32,PSNR,-0.11807060241699219
div2k,div2k/0887.png/sigma_0.100,div2k,0887.png,0.10000000149011612,U-Tikhonov T4/CG64,U-Tikhonov T4/CG32,PSNR,-0.029186248779296875
div2k,div2k/0888.png/sigma_0.100,div2k,0888.png,0.10000000149011612,U-Tikhonov T4/CG64,U-Tikhonov T4/CG32,PSNR,-0.010448455810546875
div2k,div2k/0889.png/sigma_0.100,div2k,0889.png,0.10000000149011612,U-Tikhonov T4/CG64,U-Tikhonov T4/CG32,PSNR,-0.06989860534667969
div2k,div2k/0890.png/sigma_0.100,div2k,0890.png,0.10000000149011612,U-Tikhonov T4/CG64,U-Tikhonov T4/CG32,PSNR,-0.025037765502929688
div2k,div2k/0891.png/sigma_0.100,div2k,0891.png,0.10000000149011612,U-Tikhonov T4/CG64,U-Tikhonov T4/CG32,PSNR,-0.15906333923339844
div2k,div2k/0892.png/sigma_0.100,div2k,0892.png,0.10000000149011612,U-Tikhonov T4/CG64,U-Tikhonov T4/CG32,PSNR,0.08585739135742188
div2k,div2k/0893.png/sigma_0.100,div2k,0893.png,0.10000000149011612,U-Tikhonov T4/CG64,U-Tikhonov T4/CG32,PSNR,-0.06272125244140625
div2k,div2k/0894.png/sigma_0.100,div2k,0894.png,0.10000000149011612,U-Tikhonov T4/CG64,U-Tikhonov T4/CG32,PSNR,-0.0064792633056640625
div2k,div2k/0895.png/sigma_0.100,div2k,0895.png,0.10000000149011612,U-Tikhonov T4/CG64,U-Tikhonov T4/CG32,PSNR,-0.06954574584960938
div2k,div2k/0896.png/sigma_0.100,div2k,0896.png,0.10000000149011612,U-Tikhonov T4/CG64,U-Tikhonov T4/CG32,PSNR,-0.10262680053710938
div2k,div2k/0897.png/sigma_0.100,div2k,0897.png,0.10000000149011612,U-Tikhonov T4/CG64,U-Tikhonov T4/CG32,PSNR,-0.18864822387695312
div2k,div2k/0898.png/sigma_0.100,div2k,0898.png,0.10000000149011612,U-Tikhonov T4/CG64,U-Tikhonov T4/CG32,PSNR,-0.1677837371826172
div2k,div2k/0899.png/sigma_0.100,div2k,0899.png,0.10000000149011612,U-Tikhonov T4/CG64,U-Tikhonov T4/CG32,PSNR,0.03141212463378906
div2k,div2k/0900.png/sigma_0.100,div2k,0900.png,0.10000000149011612,U-Tikhonov T4/CG64,U-Tikhonov T4/CG32,PSNR,-0.05547904968261719
div2k,div2k/0801.png/sigma_0.100,div2k,0801.png,0.10000000149011612,U-Tikhonov T4/CG64,U-Tikhonov T4/CG32,SSIM,-0.0015090703964233398
div2k,div2k/0802.png/sigma_0.100,div2k,0802.png,0.10000000149011612,U-Tikhonov T4/CG64,U-Tikhonov T4/CG32,SSIM,-0.00017881393432617188
div2k,div2k/0803.png/sigma_0.100,div2k,0803.png,0.10000000149011612,U-Tikhonov T4/CG64,U-Tikhonov T4/CG32,SSIM,0.0003807544708251953
div2k,div2k/0804.png/sigma_0.100,div2k,0804.png,0.10000000149011612,U-Tikhonov T4/CG64,U-Tikhonov T4/CG32,SSIM,-0.00036656856536865234
div2k,div2k/0805.png/sigma_0.100,div2k,0805.png,0.10000000149011612,U-Tikhonov T4/CG64,U-Tikhonov T4/CG32,SSIM,0.0009686946868896484
div2k,div2k/0806.png/sigma_0.100,div2k,0806.png,0.10000000149011612,U-Tikhonov T4/CG64,U-Tikhonov T4/CG32,SSIM,-0.00021141767501831055
div2k,div2k/0807.png/sigma_0.100,div2k,0807.png,0.10000000149011612,U-Tikhonov T4/CG64,U-Tikhonov T4/CG32,SSIM,-0.0027794241905212402
div2k,div2k/0808.png/sigma_0.100,div2k,0808.png,0.10000000149011612,U-Tikhonov T4/CG64,U-Tikhonov T4/CG32,SSIM,-0.0020791292190551758
div2k,div2k/0809.png/sigma_0.100,div2k,0809.png,0.10000000149011612,U-Tikhonov T4/CG64,U-Tikhonov T4/CG32,SSIM,-0.0021715760231018066
div2k,div2k/0810.png/sigma_0.100,div2k,0810.png,0.10000000149011612,U-Tikhonov T4/CG64,U-Tikhonov T4/CG32,SSIM,-0.0015754103660583496
div2k,div2k/0811.png/sigma_0.100,div2k,0811.png,0.10000000149011612,U-Tikhonov T4/CG64,U-Tikhonov T4/CG32,SSIM,-0.00025206804275512695
div2k,div2k/0812.png/sigma_0.100,div2k,0812.png,0.10000000149011612,U-Tikhonov T4/CG64,U-Tikhonov T4/CG32,SSIM,-0.002665400505065918
div2k,div2k/0813.png/sigma_0.100,div2k,0813.png,0.10000000149011612,U-Tikhonov T4/CG64,U-Tikhonov T4/CG32,SSIM,-0.0011301040649414062
div2k,div2k/0814.png/sigma_0.100,div2k,0814.png,0.10000000149011612,U-Tikhonov T4/CG64,U-Tikhonov T4/CG32,SSIM,-1.5854835510253906e-05
div2k,div2k/0815.png/sigma_0.100,div2k,0815.png,0.10000000149011612,U-Tikhonov T4/CG64,U-Tikhonov T4/CG32,SSIM,-0.0011081695556640625
div2k,div2k/0816.png/sigma_0.100,div2k,0816.png,0.10000000149011612,U-Tikhonov T4/CG64,U-Tikhonov T4/CG32,SSIM,-0.002473115921020508
div2k,div2k/0817.png/sigma_0.100,div2k,0817.png,0.10000000149011612,U-Tikhonov T4/CG64,U-Tikhonov T4/CG32,SSIM,-0.001179814338684082
div2k,div2k/0818.png/sigma_0.100,div2k,0818.png,0.10000000149011612,U-Tikhonov T4/CG64,U-Tikhonov T4/CG32,SSIM,-0.0005865097045898438
div2k,div2k/0819.png/sigma_0.100,div2k,0819.png,0.10000000149011612,U-Tikhonov T4/CG64,U-Tikhonov T4/CG32,SSIM,-0.0012421607971191406
div2k,div2k/0820.png/sigma_0.100,div2k,0820.png,0.10000000149011612,U-Tikhonov T4/CG64,U-Tikhonov T4/CG32,SSIM,0.002505183219909668
div2k,div2k/0821.png/sigma_0.100,div2k,0821.png,0.10000000149011612,U-Tikhonov T4/CG64,U-Tikhonov T4/CG32,SSIM,-0.003317415714263916
div2k,div2k/0822.png/sigma_0.100,div2k,0822.png,0.10000000149011612,U-Tikhonov T4/CG64,U-Tikhonov T4/CG32,SSIM,-0.0010992884635925293
div2k,div2k/0823.png/sigma_0.100,div2k,0823.png,0.10000000149011612,U-Tikhonov T4/CG64,U-Tikhonov T4/CG32,SSIM,-0.000770270824432373
div2k,div2k/0824.png/sigma_0.100,div2k,0824.png,0.10000000149011612,U-Tikhonov T4/CG64,U-Tikhonov T4/CG32,SSIM,-0.0018355846405029297
div2k,div2k/0825.png/sigma_0.100,div2k,0825.png,0.10000000149011612,U-Tikhonov T4/CG64,U-Tikhonov T4/CG32,SSIM,-0.0009279251098632812
div2k,div2k/0826.png/sigma_0.100,div2k,0826.png,0.10000000149011612,U-Tikhonov T4/CG64,U-Tikhonov T4/CG32,SSIM,-0.0038170218467712402
div2k,div2k/0827.png/sigma_0.100,div2k,0827.png,0.10000000149011612,U-Tikhonov T4/CG64,U-Tikhonov T4/CG32,SSIM,0.0007845163345336914
div2k,div2k/0828.png/sigma_0.100,div2k,0828.png,0.10000000149011612,U-Tikhonov T4/CG64,U-Tikhonov T4/CG32,SSIM,0.004992187023162842
div2k,div2k/0829.png/sigma_0.100,div2k,0829.png,0.10000000149011612,U-Tikhonov T4/CG64,U-Tikhonov T4/CG32,SSIM,-0.002202630043029785
div2k,div2k/0830.png/sigma_0.100,div2k,0830.png,0.10000000149011612,U-Tikhonov T4/CG64,U-Tikhonov T4/CG32,SSIM,-0.0013976693153381348
div2k,div2k/0831.png/sigma_0.100,div2k,0831.png,0.10000000149011612,U-Tikhonov T4/CG64,U-Tikhonov T4/CG32,SSIM,-0.0024238228797912598
div2k,div2k/0832.png/sigma_0.100,div2k,0832.png,0.10000000149011612,U-Tikhonov T4/CG64,U-Tikhonov T4/CG32,SSIM,-0.004083991050720215
div2k,div2k/0833.png/sigma_0.100,div2k,0833.png,0.10000000149011612,U-Tikhonov T4/CG64,U-Tikhonov T4/CG32,SSIM,-0.0020981431007385254
div2k,div2k/0834.png/sigma_0.100,div2k,0834.png,0.10000000149011612,U-Tikhonov T4/CG64,U-Tikhonov T4/CG32,SSIM,-0.001016080379486084
div2k,div2k/0835.png/sigma_0.100,div2k,0835.png,0.10000000149011612,U-Tikhonov T4/CG64,U-Tikhonov T4/CG32,SSIM,-0.0021827220916748047
div2k,div2k/0836.png/sigma_0.100,div2k,0836.png,0.10000000149011612,U-Tikhonov T4/CG64,U-Tikhonov T4/CG32,SSIM,-0.0017877817153930664
div2k,div2k/0837.png/sigma_0.100,div2k,0837.png,0.10000000149011612,U-Tikhonov T4/CG64,U-Tikhonov T4/CG32,SSIM,-0.0025353431701660156
div2k,div2k/0838.png/sigma_0.100,div2k,0838.png,0.10000000149011612,U-Tikhonov T4/CG64,U-Tikhonov T4/CG32,SSIM,0.0008072853088378906
div2k,div2k/0839.png/sigma_0.100,div2k,0839.png,0.10000000149011612,U-Tikhonov T4/CG64,U-Tikhonov T4/CG32,SSIM,0.00029855966567993164
div2k,div2k/0840.png/sigma_0.100,div2k,0840.png,0.10000000149011612,U-Tikhonov T4/CG64,U-Tikhonov T4/CG32,SSIM,-0.0021789073944091797
div2k,div2k/0841.png/sigma_0.100,div2k,0841.png,0.10000000149011612,U-Tikhonov T4/CG64,U-Tikhonov T4/CG32,SSIM,-0.0008276700973510742
div2k,div2k/0842.png/sigma_0.100,div2k,0842.png,0.10000000149011612,U-Tikhonov T4/CG64,U-Tikhonov T4/CG32,SSIM,-6.711483001708984e-05
div2k,div2k/0843.png/sigma_0.100,div2k,0843.png,0.10000000149011612,U-Tikhonov T4/CG64,U-Tikhonov T4/CG32,SSIM,0.0004547238349914551
div2k,div2k/0844.png/sigma_0.100,div2k,0844.png,0.10000000149011612,U-Tikhonov T4/CG64,U-Tikhonov T4/CG32,SSIM,0.00013130903244018555
div2k,div2k/0845.png/sigma_0.100,div2k,0845.png,0.10000000149011612,U-Tikhonov T4/CG64,U-Tikhonov T4/CG32,SSIM,0.0013424158096313477
div2k,div2k/0846.png/sigma_0.100,div2k,0846.png,0.10000000149011612,U-Tikhonov T4/CG64,U-Tikhonov T4/CG32,SSIM,0.0007162690162658691
div2k,div2k/0847.png/sigma_0.100,div2k,0847.png,0.10000000149011612,U-Tikhonov T4/CG64,U-Tikhonov T4/CG32,SSIM,-0.0021371841430664062
div2k,div2k/0848.png/sigma_0.100,div2k,0848.png,0.10000000149011612,U-Tikhonov T4/CG64,U-Tikhonov T4/CG32,SSIM,0.0007677674293518066
div2k,div2k/0849.png/sigma_0.100,div2k,0849.png,0.10000000149011612,U-Tikhonov T4/CG64,U-Tikhonov T4/CG32,SSIM,-0.0024518966674804688
div2k,div2k/0850.png/sigma_0.100,div2k,0850.png,0.10000000149011612,U-Tikhonov T4/CG64,U-Tikhonov T4/CG32,SSIM,-0.002283036708831787
div2k,div2k/0851.png/sigma_0.100,div2k,0851.png,0.10000000149011612,U-Tikhonov T4/CG64,U-Tikhonov T4/CG32,SSIM,-0.0007916688919067383
div2k,div2k/0852.png/sigma_0.100,div2k,0852.png,0.10000000149011612,U-Tikhonov T4/CG64,U-Tikhonov T4/CG32,SSIM,0.00019049644470214844
div2k,div2k/0853.png/sigma_0.100,div2k,0853.png,0.10000000149011612,U-Tikhonov T4/CG64,U-Tikhonov T4/CG32,SSIM,-0.0010112524032592773
div2k,div2k/0854.png/sigma_0.100,div2k,0854.png,0.10000000149011612,U-Tikhonov T4/CG64,U-Tikhonov T4/CG32,SSIM,-0.0002949833869934082
div2k,div2k/0855.png/sigma_0.100,div2k,0855.png,0.10000000149011612,U-Tikhonov T4/CG64,U-Tikhonov T4/CG32,SSIM,-0.002682030200958252
div2k,div2k/0856.png/sigma_0.100,div2k,0856.png,0.10000000149011612,U-Tikhonov T4/CG64,U-Tikhonov T4/CG32,SSIM,-0.0020209550857543945
div2k,div2k/0857.png/sigma_0.100,div2k,0857.png,0.10000000149011612,U-Tikhonov T4/CG64,U-Tikhonov T4/CG32,SSIM,0.0007741451263427734
div2k,div2k/0858.png/sigma_0.100,div2k,0858.png,0.10000000149011612,U-Tikhonov T4/CG64,U-Tikhonov T4/CG32,SSIM,-0.0014863014221191406
div2k,div2k/0859.png/sigma_0.100,div2k,0859.png,0.10000000149011612,U-Tikhonov T4/CG64,U-Tikhonov T4/CG32,SSIM,-0.0013846755027770996
div2k,div2k/0860.png/sigma_0.100,div2k,0860.png,0.10000000149011612,U-Tikhonov T4/CG64,U-Tikhonov T4/CG32,SSIM,-0.0008894205093383789
div2k,div2k/0861.png/sigma_0.100,div2k,0861.png,0.10000000149011612,U-Tikhonov T4/CG64,U-Tikhonov T4/CG32,SSIM,-0.0031258463859558105
div2k,div2k/0862.png/sigma_0.100,div2k,0862.png,0.10000000149011612,U-Tikhonov T4/CG64,U-Tikhonov T4/CG32,SSIM,-0.0004730224609375
div2k,div2k/0863.png/sigma_0.100,div2k,0863.png,0.10000000149011612,U-Tikhonov T4/CG64,U-Tikhonov T4/CG32,SSIM,-0.0006334781646728516
div2k,div2k/0864.png/sigma_0.100,div2k,0864.png,0.10000000149011612,U-Tikhonov T4/CG64,U-Tikhonov T4/CG32,SSIM,-0.0019319653511047363
div2k,div2k/0865.png/sigma_0.100,div2k,0865.png,0.10000000149011612,U-Tikhonov T4/CG64,U-Tikhonov T4/CG32,SSIM,0.00027239322662353516
div2k,div2k/0866.png/sigma_0.100,div2k,0866.png,0.10000000149011612,U-Tikhonov T4/CG64,U-Tikhonov T4/CG32,SSIM,-0.0033448338508605957
div2k,div2k/0867.png/sigma_0.100,div2k,0867.png,0.10000000149011612,U-Tikhonov T4/CG64,U-Tikhonov T4/CG32,SSIM,-0.0035518407821655273
div2k,div2k/0868.png/sigma_0.100,div2k,0868.png,0.10000000149011612,U-Tikhonov T4/CG64,U-Tikhonov T4/CG32,SSIM,-0.0009887218475341797
div2k,div2k/0869.png/sigma_0.100,div2k,0869.png,0.10000000149011612,U-Tikhonov T4/CG64,U-Tikhonov T4/CG32,SSIM,-0.0013577938079833984
div2k,div2k/0870.png/sigma_0.100,div2k,0870.png,0.10000000149011612,U-Tikhonov T4/CG64,U-Tikhonov T4/CG32,SSIM,-0.0024451613426208496
div2k,div2k/0871.png/sigma_0.100,div2k,0871.png,0.10000000149011612,U-Tikhonov T4/CG64,U-Tikhonov T4/CG32,SSIM,-0.0029306411743164062
div2k,div2k/0872.png/sigma_0.100,div2k,0872.png,0.10000000149011612,U-Tikhonov T4/CG64,U-Tikhonov T4/CG32,SSIM,-0.0020716190338134766
div2k,div2k/0873.png/sigma_0.100,div2k,0873.png,0.10000000149011612,U-Tikhonov T4/CG64,U-Tikhonov T4/CG32,SSIM,-0.003001868724822998
div2k,div2k/0874.png/sigma_0.100,div2k,0874.png,0.10000000149011612,U-Tikhonov T4/CG64,U-Tikhonov T4/CG32,SSIM,-0.005183160305023193
div2k,div2k/0875.png/sigma_0.100,div2k,0875.png,0.10000000149011612,U-Tikhonov T4/CG64,U-Tikhonov T4/CG32,SSIM,-0.007123351097106934
div2k,div2k/0876.png/sigma_0.100,div2k,0876.png,0.10000000149011612,U-Tikhonov T4/CG64,U-Tikhonov T4/CG32,SSIM,-0.002894580364227295
div2k,div2k/0877.png/sigma_0.100,div2k,0877.png,0.10000000149011612,U-Tikhonov T4/CG64,U-Tikhonov T4/CG32,SSIM,0.0010710954666137695
div2k,div2k/0878.png/sigma_0.100,div2k,0878.png,0.10000000149011612,U-Tikhonov T4/CG64,U-Tikhonov T4/CG32,SSIM,-0.0012033581733703613
div2k,div2k/0879.png/sigma_0.100,div2k,0879.png,0.10000000149011612,U-Tikhonov T4/CG64,U-Tikhonov T4/CG32,SSIM,-0.0020399093627929688
div2k,div2k/0880.png/sigma_0.100,div2k,0880.png,0.10000000149011612,U-Tikhonov T4/CG64,U-Tikhonov T4/CG32,SSIM,0.00015616416931152344
div2k,div2k/0881.png/sigma_0.100,div2k,0881.png,0.10000000149011612,U-Tikhonov T4/CG64,U-Tikhonov T4/CG32,SSIM,-0.00011146068572998047
div2k,div2k/0882.png/sigma_0.100,div2k,0882.png,0.10000000149011612,U-Tikhonov T4/CG64,U-Tikhonov T4/CG32,SSIM,0.00030553340911865234
div2k,div2k/0883.png/sigma_0.100,div2k,0883.png,0.10000000149011612,U-Tikhonov T4/CG64,U-Tikhonov T4/CG32,SSIM,-0.0010902881622314453
div2k,div2k/0884.png/sigma_0.100,div2k,0884.png,0.10000000149011612,U-Tikhonov T4/CG64,U-Tikhonov T4/CG32,SSIM,-0.0018901824951171875
div2k,div2k/0885.png/sigma_0.100,div2k,0885.png,0.10000000149011612,U-Tikhonov T4/CG64,U-Tikhonov T4/CG32,SSIM,-0.002424478530883789
div2k,div2k/0886.png/sigma_0.100,div2k,0886.png,0.10000000149011612,U-Tikhonov T4/CG64,U-Tikhonov T4/CG32,SSIM,0.00011080503463745117
div2k,div2k/0887.png/sigma_0.100,div2k,0887.png,0.10000000149011612,U-Tikhonov T4/CG64,U-Tikhonov T4/CG32,SSIM,0.0001398324966430664
div2k,div2k/0888.png/sigma_0.100,div2k,0888.png,0.10000000149011612,U-Tikhonov T4/CG64,U-Tikhonov T4/CG32,SSIM,-0.002187788486480713
div2k,div2k/0889.png/sigma_0.100,div2k,0889.png,0.10000000149011612,U-Tikhonov T4/CG64,U-Tikhonov T4/CG32,SSIM,-0.002078533172607422
div2k,div2k/0890.png/sigma_0.100,div2k,0890.png,0.10000000149011612,U-Tikhonov T4/CG64,U-Tikhonov T4/CG32,SSIM,-0.0002970695495605469
div2k,div2k/0891.png/sigma_0.100,div2k,0891.png,0.10000000149011612,U-Tikhonov T4/CG64,U-Tikhonov T4/CG32,SSIM,-0.004467487335205078
div2k,div2k/0892.png/sigma_0.100,div2k,0892.png,0.10000000149011612,U-Tikhonov T4/CG64,U-Tikhonov T4/CG32,SSIM,0.0032233595848083496
div2k,div2k/0893.png/sigma_0.100,div2k,0893.png,0.10000000149011612,U-Tikhonov T4/CG64,U-Tikhonov T4/CG32,SSIM,-0.00026237964630126953
div2k,div2k/0894.png/sigma_0.100,div2k,0894.png,0.10000000149011612,U-Tikhonov T4/CG64,U-Tikhonov T4/CG32,SSIM,0.001443326473236084
div2k,div2k/0895.png/sigma_0.100,div2k,0895.png,0.10000000149011612,U-Tikhonov T4/CG64,U-Tikhonov T4/CG32,SSIM,-0.004409313201904297
div2k,div2k/0896.png/sigma_0.100,div2k,0896.png,0.10000000149011612,U-Tikhonov T4/CG64,U-Tikhonov T4/CG32,SSIM,0.0001628398895263672
div2k,div2k/0897.png/sigma_0.100,div2k,0897.png,0.10000000149011612,U-Tikhonov T4/CG64,U-Tikhonov T4/CG32,SSIM,-0.003855764865875244
div2k,div2k/0898.png/sigma_0.100,div2k,0898.png,0.10000000149011612,U-Tikhonov T4/CG64,U-Tikhonov T4/CG32,SSIM,-0.0008968114852905273
div2k,div2k/0899.png/sigma_0.100,div2k,0899.png,0.10000000149011612,U-Tikhonov T4/CG64,U-Tikhonov T4/CG32,SSIM,-0.0006244778633117676
div2k,div2k/0900.png/sigma_0.100,div2k,0900.png,0.10000000149011612,U-Tikhonov T4/CG64,U-Tikhonov T4/CG32,SSIM,-0.00346529483795166
div2k,div2k/0801.png/sigma_0.100,div2k,0801.png,0.10000000149011612,U-Tikhonov T16/CG64,U-Tikhonov T16/CG32,PSNR,-0.11520957946777344
div2k,div2k/0802.png/sigma_0.100,div2k,0802.png,0.10000000149011612,U-Tikhonov T16/CG64,U-Tikhonov T16/CG32,PSNR,-0.263519287109375
div2k,div2k/0803.png/sigma_0.100,div2k,0803.png,0.10000000149011612,U-Tikhonov T16/CG64,U-Tikhonov T16/CG32,PSNR,-0.12071990966796875
div2k,div2k/0804.png/sigma_0.100,div2k,0804.png,0.10000000149011612,U-Tikhonov T16/CG64,U-Tikhonov T16/CG32,PSNR,-0.1453380584716797
div2k,div2k/0805.png/sigma_0.100,div2k,0805.png,0.10000000149011612,U-Tikhonov T16/CG64,U-Tikhonov T16/CG32,PSNR,-0.11677169799804688
div2k,div2k/0806.png/sigma_0.100,div2k,0806.png,0.10000000149011612,U-Tikhonov T16/CG64,U-Tikhonov T16/CG32,PSNR,-0.08328819274902344
div2k,div2k/0807.png/sigma_0.100,div2k,0807.png,0.10000000149011612,U-Tikhonov T16/CG64,U-Tikhonov T16/CG32,PSNR,-0.11008071899414062
div2k,div2k/0808.png/sigma_0.100,div2k,0808.png,0.10000000149011612,U-Tikhonov T16/CG64,U-Tikhonov T16/CG32,PSNR,-0.15036392211914062
div2k,div2k/0809.png/sigma_0.100,div2k,0809.png,0.10000000149011612,U-Tikhonov T16/CG64,U-Tikhonov T16/CG32,PSNR,-0.04152488708496094
div2k,div2k/0810.png/sigma_0.100,div2k,0810.png,0.10000000149011612,U-Tikhonov T16/CG64,U-Tikhonov T16/CG32,PSNR,-0.0709075927734375
div2k,div2k/0811.png/sigma_0.100,div2k,0811.png,0.10000000149011612,U-Tikhonov T16/CG64,U-Tikhonov T16/CG32,PSNR,-0.03799629211425781
div2k,div2k/0812.png/sigma_0.100,div2k,0812.png,0.10000000149011612,U-Tikhonov T16/CG64,U-Tikhonov T16/CG32,PSNR,-0.09720230102539062
div2k,div2k/0813.png/sigma_0.100,div2k,0813.png,0.10000000149011612,U-Tikhonov T16/CG64,U-Tikhonov T16/CG32,PSNR,-0.1479663848876953
div2k,div2k/0814.png/sigma_0.100,div2k,0814.png,0.10000000149011612,U-Tikhonov T16/CG64,U-Tikhonov T16/CG32,PSNR,-0.22935104370117188
div2k,div2k/0815.png/sigma_0.100,div2k,0815.png,0.10000000149011612,U-Tikhonov T16/CG64,U-Tikhonov T16/CG32,PSNR,-0.09195137023925781
div2k,div2k/0816.png/sigma_0.100,div2k,0816.png,0.10000000149011612,U-Tikhonov T16/CG64,U-Tikhonov T16/CG32,PSNR,-0.09893417358398438
div2k,div2k/0817.png/sigma_0.100,div2k,0817.png,0.10000000149011612,U-Tikhonov T16/CG64,U-Tikhonov T16/CG32,PSNR,-0.07033538818359375
div2k,div2k/0818.png/sigma_0.100,div2k,0818.png,0.10000000149011612,U-Tikhonov T16/CG64,U-Tikhonov T16/CG32,PSNR,-0.21096420288085938
div2k,div2k/0819.png/sigma_0.100,div2k,0819.png,0.10000000149011612,U-Tikhonov T16/CG64,U-Tikhonov T16/CG32,PSNR,-0.11594390869140625
div2k,div2k/0820.png/sigma_0.100,div2k,0820.png,0.10000000149011612,U-Tikhonov T16/CG64,U-Tikhonov T16/CG32,PSNR,-0.26071739196777344
div2k,div2k/0821.png/sigma_0.100,div2k,0821.png,0.10000000149011612,U-Tikhonov T16/CG64,U-Tikhonov T16/CG32,PSNR,-0.5696868896484375
div2k,div2k/0822.png/sigma_0.100,div2k,0822.png,0.10000000149011612,U-Tikhonov T16/CG64,U-Tikhonov T16/CG32,PSNR,-0.08056640625
div2k,div2k/0823.png/sigma_0.100,div2k,0823.png,0.10000000149011612,U-Tikhonov T16/CG64,U-Tikhonov T16/CG32,PSNR,-0.16781044006347656
div2k,div2k/0824.png/sigma_0.100,div2k,0824.png,0.10000000149011612,U-Tikhonov T16/CG64,U-Tikhonov T16/CG32,PSNR,-0.08192062377929688
div2k,div2k/0825.png/sigma_0.100,div2k,0825.png,0.10000000149011612,U-Tikhonov T16/CG64,U-Tikhonov T16/CG32,PSNR,-0.13835906982421875
div2k,div2k/0826.png/sigma_0.100,div2k,0826.png,0.10000000149011612,U-Tikhonov T16/CG64,U-Tikhonov T16/CG32,PSNR,-0.255706787109375
div2k,div2k/0827.png/sigma_0.100,div2k,0827.png,0.10000000149011612,U-Tikhonov T16/CG64,U-Tikhonov T16/CG32,PSNR,-0.14377784729003906
div2k,div2k/0828.png/sigma_0.100,div2k,0828.png,0.10000000149011612,U-Tikhonov T16/CG64,U-Tikhonov T16/CG32,PSNR,-0.28413963317871094
div2k,div2k/0829.png/sigma_0.100,div2k,0829.png,0.10000000149011612,U-Tikhonov T16/CG64,U-Tikhonov T16/CG32,PSNR,-0.21464157104492188
div2k,div2k/0830.png/sigma_0.100,div2k,0830.png,0.10000000149011612,U-Tikhonov T16/CG64,U-Tikhonov T16/CG32,PSNR,-0.08448410034179688
div2k,div2k/0831.png/sigma_0.100,div2k,0831.png,0.10000000149011612,U-Tikhonov T16/CG64,U-Tikhonov T16/CG32,PSNR,-0.04809761047363281
div2k,div2k/0832.png/sigma_0.100,div2k,0832.png,0.10000000149011612,U-Tikhonov T16/CG64,U-Tikhonov T16/CG32,PSNR,-0.18732833862304688
div2k,div2k/0833.png/sigma_0.100,div2k,0833.png,0.10000000149011612,U-Tikhonov T16/CG64,U-Tikhonov T16/CG32,PSNR,-0.12237548828125
div2k,div2k/0834.png/sigma_0.100,div2k,0834.png,0.10000000149011612,U-Tikhonov T16/CG64,U-Tikhonov T16/CG32,PSNR,-0.1681537628173828
div2k,div2k/0835.png/sigma_0.100,div2k,0835.png,0.10000000149011612,U-Tikhonov T16/CG64,U-Tikhonov T16/CG32,PSNR,-0.03659820556640625
div2k,div2k/0836.png/sigma_0.100,div2k,0836.png,0.10000000149011612,U-Tikhonov T16/CG64,U-Tikhonov T16/CG32,PSNR,-0.11563682556152344
div2k,div2k/0837.png/sigma_0.100,div2k,0837.png,0.10000000149011612,U-Tikhonov T16/CG64,U-Tikhonov T16/CG32,PSNR,-0.17125511169433594
div2k,div2k/0838.png/sigma_0.100,div2k,0838.png,0.10000000149011612,U-Tikhonov T16/CG64,U-Tikhonov T16/CG32,PSNR,-0.1570873260498047
div2k,div2k/0839.png/sigma_0.100,div2k,0839.png,0.10000000149011612,U-Tikhonov T16/CG64,U-Tikhonov T16/CG32,PSNR,-0.085174560546875
div2k,div2k/0840.png/sigma_0.100,div2k,0840.png,0.10000000149011612,U-Tikhonov T16/CG64,U-Tikhonov T16/CG32,PSNR,-0.11777877807617188
div2k,div2k/0841.png/sigma_0.100,div2k,0841.png,0.10000000149011612,U-Tikhonov T16/CG64,U-Tikhonov T16/CG32,PSNR,-0.2179241180419922
div2k,div2k/0842.png/sigma_0.100,div2k,0842.png,0.10000000149011612,U-Tikhonov T16/CG64,U-Tikhonov T16/CG32,PSNR,-0.15958786010742188
div2k,div2k/0843.png/sigma_0.100,div2k,0843.png,0.10000000149011612,U-Tikhonov T16/CG64,U-Tikhonov T16/CG32,PSNR,-0.1878833770751953
div2k,div2k/0844.png/sigma_0.100,div2k,0844.png,0.10000000149011612,U-Tikhonov T16/CG64,U-Tikhonov T16/CG32,PSNR,0.040576934814453125
div2k,div2k/0845.png/sigma_0.100,div2k,0845.png,0.10000000149011612,U-Tikhonov T16/CG64,U-Tikhonov T16/CG32,PSNR,-0.02504730224609375
div2k,div2k/0846.png/sigma_0.100,div2k,0846.png,0.10000000149011612,U-Tikhonov T16/CG64,U-Tikhonov T16/CG32,PSNR,-0.18176651000976562
div2k,div2k/0847.png/sigma_0.100,div2k,0847.png,0.10000000149011612,U-Tikhonov T16/CG64,U-Tikhonov T16/CG32,PSNR,-0.13204193115234375
div2k,div2k/0848.png/sigma_0.100,div2k,0848.png,0.10000000149011612,U-Tikhonov T16/CG64,U-Tikhonov T16/CG32,PSNR,-0.14868545532226562
div2k,div2k/0849.png/sigma_0.100,div2k,0849.png,0.10000000149011612,U-Tikhonov T16/CG64,U-Tikhonov T16/CG32,PSNR,-0.3222312927246094
div2k,div2k/0850.png/sigma_0.100,div2k,0850.png,0.10000000149011612,U-Tikhonov T16/CG64,U-Tikhonov T16/CG32,PSNR,-0.12362861633300781
div2k,div2k/0851.png/sigma_0.100,div2k,0851.png,0.10000000149011612,U-Tikhonov T16/CG64,U-Tikhonov T16/CG32,PSNR,-0.3089923858642578
div2k,div2k/0852.png/sigma_0.100,div2k,0852.png,0.10000000149011612,U-Tikhonov T16/CG64,U-Tikhonov T16/CG32,PSNR,-0.08131980895996094
div2k,div2k/0853.png/sigma_0.100,div2k,0853.png,0.10000000149011612,U-Tikhonov T16/CG64,U-Tikhonov T16/CG32,PSNR,-0.14610862731933594
div2k,div2k/0854.png/sigma_0.100,div2k,0854.png,0.10000000149011612,U-Tikhonov T16/CG64,U-Tikhonov T16/CG32,PSNR,-0.21062850952148438
div2k,div2k/0855.png/sigma_0.100,div2k,0855.png,0.10000000149011612,U-Tikhonov T16/CG64,U-Tikhonov T16/CG32,PSNR,-0.16720962524414062
div2k,div2k/0856.png/sigma_0.100,div2k,0856.png,0.10000000149011612,U-Tikhonov T16/CG64,U-Tikhonov T16/CG32,PSNR,-0.07187080383300781
div2k,div2k/0857.png/sigma_0.100,div2k,0857.png,0.10000000149011612,U-Tikhonov T16/CG64,U-Tikhonov T16/CG32,PSNR,-0.23711776733398438
div2k,div2k/0858.png/sigma_0.100,div2k,0858.png,0.10000000149011612,U-Tikhonov T16/CG64,U-Tikhonov T16/CG32,PSNR,-0.14858627319335938
div2k,div2k/0859.png/sigma_0.100,div2k,0859.png,0.10000000149011612,U-Tikhonov T16/CG64,U-Tikhonov T16/CG32,PSNR,-0.12259674072265625
div2k,div2k/0860.png/sigma_0.100,div2k,0860.png,0.10000000149011612,U-Tikhonov T16/CG64,U-Tikhonov T16/CG32,PSNR,-0.13757896423339844
div2k,div2k/0861.png/sigma_0.100,div2k,0861.png,0.10000000149011612,U-Tikhonov T16/CG64,U-Tikhonov T16/CG32,PSNR,-0.2125377655029297
div2k,div2k/0862.png/sigma_0.100,div2k,0862.png,0.10000000149011612,U-Tikhonov T16/CG64,U-Tikhonov T16/CG32,PSNR,-0.06657218933105469
div2k,div2k/0863.png/sigma_0.100,div2k,0863.png,0.10000000149011612,U-Tikhonov T16/CG64,U-Tikhonov T16/CG32,PSNR,-0.049808502197265625
div2k,div2k/0864.png/sigma_0.100,div2k,0864.png,0.10000000149011612,U-Tikhonov T16/CG64,U-Tikhonov T16/CG32,PSNR,-0.04985809326171875
div2k,div2k/0865.png/sigma_0.100,div2k,0865.png,0.10000000149011612,U-Tikhonov T16/CG64,U-Tikhonov T16/CG32,PSNR,-0.08652114868164062
div2k,div2k/0866.png/sigma_0.100,div2k,0866.png,0.10000000149011612,U-Tikhonov T16/CG64,U-Tikhonov T16/CG32,PSNR,-0.10331153869628906
div2k,div2k/0867.png/sigma_0.100,div2k,0867.png,0.10000000149011612,U-Tikhonov T16/CG64,U-Tikhonov T16/CG32,PSNR,-0.14012527465820312
div2k,div2k/0868.png/sigma_0.100,div2k,0868.png,0.10000000149011612,U-Tikhonov T16/CG64,U-Tikhonov T16/CG32,PSNR,-0.11894416809082031
div2k,div2k/0869.png/sigma_0.100,div2k,0869.png,0.10000000149011612,U-Tikhonov T16/CG64,U-Tikhonov T16/CG32,PSNR,-0.019580841064453125
div2k,div2k/0870.png/sigma_0.100,div2k,0870.png,0.10000000149011612,U-Tikhonov T16/CG64,U-Tikhonov T16/CG32,PSNR,-0.09270477294921875
div2k,div2k/0871.png/sigma_0.100,div2k,0871.png,0.10000000149011612,U-Tikhonov T16/CG64,U-Tikhonov T16/CG32,PSNR,-0.10837173461914062
div2k,div2k/0872.png/sigma_0.100,div2k,0872.png,0.10000000149011612,U-Tikhonov T16/CG64,U-Tikhonov T16/CG32,PSNR,-0.14965438842773438
div2k,div2k/0873.png/sigma_0.100,div2k,0873.png,0.10000000149011612,U-Tikhonov T16/CG64,U-Tikhonov T16/CG32,PSNR,-0.16455078125
div2k,div2k/0874.png/sigma_0.100,div2k,0874.png,0.10000000149011612,U-Tikhonov T16/CG64,U-Tikhonov T16/CG32,PSNR,-0.061389923095703125
div2k,div2k/0875.png/sigma_0.100,div2k,0875.png,0.10000000149011612,U-Tikhonov T16/CG64,U-Tikhonov T16/CG32,PSNR,-0.12578392028808594
div2k,div2k/0876.png/sigma_0.100,div2k,0876.png,0.10000000149011612,U-Tikhonov T16/CG64,U-Tikhonov T16/CG32,PSNR,-0.0731964111328125
div2k,div2k/0877.png/sigma_0.100,div2k,0877.png,0.10000000149011612,U-Tikhonov T16/CG64,U-Tikhonov T16/CG32,PSNR,-0.12627410888671875
div2k,div2k/0878.png/sigma_0.100,div2k,0878.png,0.10000000149011612,U-Tikhonov T16/CG64,U-Tikhonov T16/CG32,PSNR,-0.09514617919921875
div2k,div2k/0879.png/sigma_0.100,div2k,0879.png,0.10000000149011612,U-Tikhonov T16/CG64,U-Tikhonov T16/CG32,PSNR,-0.1717205047607422
div2k,div2k/0880.png/sigma_0.100,div2k,0880.png,0.10000000149011612,U-Tikhonov T16/CG64,U-Tikhonov T16/CG32,PSNR,-0.08226394653320312
div2k,div2k/0881.png/sigma_0.100,div2k,0881.png,0.10000000149011612,U-Tikhonov T16/CG64,U-Tikhonov T16/CG32,PSNR,-0.1627635955810547
div2k,div2k/0882.png/sigma_0.100,div2k,0882.png,0.10000000149011612,U-Tikhonov T16/CG64,U-Tikhonov T16/CG32,PSNR,-0.1278247833251953
div2k,div2k/0883.png/sigma_0.100,div2k,0883.png,0.10000000149011612,U-Tikhonov T16/CG64,U-Tikhonov T16/CG32,PSNR,-0.12376022338867188
div2k,div2k/0884.png/sigma_0.100,div2k,0884.png,0.10000000149011612,U-Tikhonov T16/CG64,U-Tikhonov T16/CG32,PSNR,-0.1580028533935547
div2k,div2k/0885.png/sigma_0.100,div2k,0885.png,0.10000000149011612,U-Tikhonov T16/CG64,U-Tikhonov T16/CG32,PSNR,-0.10849571228027344
div2k,div2k/0886.png/sigma_0.100,div2k,0886.png,0.10000000149011612,U-Tikhonov T16/CG64,U-Tikhonov T16/CG32,PSNR,-0.14574432373046875
div2k,div2k/0887.png/sigma_0.100,div2k,0887.png,0.10000000149011612,U-Tikhonov T16/CG64,U-Tikhonov T16/CG32,PSNR,-0.11971282958984375
div2k,div2k/0888.png/sigma_0.100,div2k,0888.png,0.10000000149011612,U-Tikhonov T16/CG64,U-Tikhonov T16/CG32,PSNR,-0.09850502014160156
div2k,div2k/0889.png/sigma_0.100,div2k,0889.png,0.10000000149011612,U-Tikhonov T16/CG64,U-Tikhonov T16/CG32,PSNR,-0.15221405029296875
div2k,div2k/0890.png/sigma_0.100,div2k,0890.png,0.10000000149011612,U-Tikhonov T16/CG64,U-Tikhonov T16/CG32,PSNR,-0.07845687866210938
div2k,div2k/0891.png/sigma_0.100,div2k,0891.png,0.10000000149011612,U-Tikhonov T16/CG64,U-Tikhonov T16/CG32,PSNR,-0.1753692626953125
div2k,div2k/0892.png/sigma_0.100,div2k,0892.png,0.10000000149011612,U-Tikhonov T16/CG64,U-Tikhonov T16/CG32,PSNR,-0.17567062377929688
div2k,div2k/0893.png/sigma_0.100,div2k,0893.png,0.10000000149011612,U-Tikhonov T16/CG64,U-Tikhonov T16/CG32,PSNR,-0.1967449188232422
div2k,div2k/0894.png/sigma_0.100,div2k,0894.png,0.10000000149011612,U-Tikhonov T16/CG64,U-Tikhonov T16/CG32,PSNR,-0.10417938232421875
div2k,div2k/0895.png/sigma_0.100,div2k,0895.png,0.10000000149011612,U-Tikhonov T16/CG64,U-Tikhonov T16/CG32,PSNR,-0.20303916931152344
div2k,div2k/0896.png/sigma_0.100,div2k,0896.png,0.10000000149011612,U-Tikhonov T16/CG64,U-Tikhonov T16/CG32,PSNR,-0.048923492431640625
div2k,div2k/0897.png/sigma_0.100,div2k,0897.png,0.10000000149011612,U-Tikhonov T16/CG64,U-Tikhonov T16/CG32,PSNR,0.23003005981445312
div2k,div2k/0898.png/sigma_0.100,div2k,0898.png,0.10000000149011612,U-Tikhonov T16/CG64,U-Tikhonov T16/CG32,PSNR,-0.24671363830566406
div2k,div2k/0899.png/sigma_0.100,div2k,0899.png,0.10000000149011612,U-Tikhonov T16/CG64,U-Tikhonov T16/CG32,PSNR,-0.186309814453125
div2k,div2k/0900.png/sigma_0.100,div2k,0900.png,0.10000000149011612,U-Tikhonov T16/CG64,U-Tikhonov T16/CG32,PSNR,-0.11431312561035156
div2k,div2k/0801.png/sigma_0.100,div2k,0801.png,0.10000000149011612,U-Tikhonov T16/CG64,U-Tikhonov T16/CG32,SSIM,-0.005413413047790527
div2k,div2k/0802.png/sigma_0.100,div2k,0802.png,0.10000000149011612,U-Tikhonov T16/CG64,U-Tikhonov T16/CG32,SSIM,-0.003445744514465332
div2k,div2k/0803.png/sigma_0.100,div2k,0803.png,0.10000000149011612,U-Tikhonov T16/CG64,U-Tikhonov T16/CG32,SSIM,-0.004085958003997803
div2k,div2k/0804.png/sigma_0.100,div2k,0804.png,0.10000000149011612,U-Tikhonov T16/CG64,U-Tikhonov T16/CG32,SSIM,-0.004775702953338623
div2k,div2k/0805.png/sigma_0.100,div2k,0805.png,0.10000000149011612,U-Tikhonov T16/CG64,U-Tikhonov T16/CG32,SSIM,-0.002010643482208252
div2k,div2k/0806.png/sigma_0.100,div2k,0806.png,0.10000000149011612,U-Tikhonov T16/CG64,U-Tikhonov T16/CG32,SSIM,-0.0019852519035339355
div2k,div2k/0807.png/sigma_0.100,div2k,0807.png,0.10000000149011612,U-Tikhonov T16/CG64,U-Tikhonov T16/CG32,SSIM,-0.006287753582000732
div2k,div2k/0808.png/sigma_0.100,div2k,0808.png,0.10000000149011612,U-Tikhonov T16/CG64,U-Tikhonov T16/CG32,SSIM,-0.0003275871276855469
div2k,div2k/0809.png/sigma_0.100,div2k,0809.png,0.10000000149011612,U-Tikhonov T16/CG64,U-Tikhonov T16/CG32,SSIM,-0.00459134578704834
div2k,div2k/0810.png/sigma_0.100,div2k,0810.png,0.10000000149011612,U-Tikhonov T16/CG64,U-Tikhonov T16/CG32,SSIM,-0.0033947229385375977
div2k,div2k/0811.png/sigma_0.100,div2k,0811.png,0.10000000149011612,U-Tikhonov T16/CG64,U-Tikhonov T16/CG32,SSIM,-0.0031981468200683594
div2k,div2k/0812.png/sigma_0.100,div2k,0812.png,0.10000000149011612,U-Tikhonov T16/CG64,U-Tikhonov T16/CG32,SSIM,-0.000899970531463623
div2k,div2k/0813.png/sigma_0.100,div2k,0813.png,0.10000000149011612,U-Tikhonov T16/CG64,U-Tikhonov T16/CG32,SSIM,-0.003998160362243652
div2k,div2k/0814.png/sigma_0.100,div2k,0814.png,0.10000000149011612,U-Tikhonov T16/CG64,U-Tikhonov T16/CG32,SSIM,-0.0022666454315185547
div2k,div2k/0815.png/sigma_0.100,div2k,0815.png,0.10000000149011612,U-Tikhonov T16/CG64,U-Tikhonov T16/CG32,SSIM,-0.00239717960357666
div2k,div2k/0816.png/sigma_0.100,div2k,0816.png,0.10000000149011612,U-Tikhonov T16/CG64,U-Tikhonov T16/CG32,SSIM,-0.0035102367401123047
div2k,div2k/0817.png/sigma_0.100,div2k,0817.png,0.10000000149011612,U-Tikhonov T16/CG64,U-Tikhonov T16/CG32,SSIM,-0.002972722053527832
div2k,div2k/0818.png/sigma_0.100,div2k,0818.png,0.10000000149011612,U-Tikhonov T16/CG64,U-Tikhonov T16/CG32,SSIM,-0.006436586380004883
div2k,div2k/0819.png/sigma_0.100,div2k,0819.png,0.10000000149011612,U-Tikhonov T16/CG64,U-Tikhonov T16/CG32,SSIM,-0.004284858703613281
div2k,div2k/0820.png/sigma_0.100,div2k,0820.png,0.10000000149011612,U-Tikhonov T16/CG64,U-Tikhonov T16/CG32,SSIM,-0.0059250593185424805
div2k,div2k/0821.png/sigma_0.100,div2k,0821.png,0.10000000149011612,U-Tikhonov T16/CG64,U-Tikhonov T16/CG32,SSIM,-0.01179802417755127
div2k,div2k/0822.png/sigma_0.100,div2k,0822.png,0.10000000149011612,U-Tikhonov T16/CG64,U-Tikhonov T16/CG32,SSIM,-0.004976511001586914
div2k,div2k/0823.png/sigma_0.100,div2k,0823.png,0.10000000149011612,U-Tikhonov T16/CG64,U-Tikhonov T16/CG32,SSIM,-0.003850281238555908
div2k,div2k/0824.png/sigma_0.100,div2k,0824.png,0.10000000149011612,U-Tikhonov T16/CG64,U-Tikhonov T16/CG32,SSIM,-0.00038307905197143555
div2k,div2k/0825.png/sigma_0.100,div2k,0825.png,0.10000000149011612,U-Tikhonov T16/CG64,U-Tikhonov T16/CG32,SSIM,-0.0031851530075073242
div2k,div2k/0826.png/sigma_0.100,div2k,0826.png,0.10000000149011612,U-Tikhonov T16/CG64,U-Tikhonov T16/CG32,SSIM,-0.005995452404022217
div2k,div2k/0827.png/sigma_0.100,div2k,0827.png,0.10000000149011612,U-Tikhonov T16/CG64,U-Tikhonov T16/CG32,SSIM,-0.0034700632095336914
div2k,div2k/0828.png/sigma_0.100,div2k,0828.png,0.10000000149011612,U-Tikhonov T16/CG64,U-Tikhonov T16/CG32,SSIM,-0.014317929744720459
div2k,div2k/0829.png/sigma_0.100,div2k,0829.png,0.10000000149011612,U-Tikhonov T16/CG64,U-Tikhonov T16/CG32,SSIM,-0.003300905227661133
div2k,div2k/0830.png/sigma_0.100,div2k,0830.png,0.10000000149011612,U-Tikhonov T16/CG64,U-Tikhonov T16/CG32,SSIM,-0.0021522045135498047
div2k,div2k/0831.png/sigma_0.100,div2k,0831.png,0.10000000149011612,U-Tikhonov T16/CG64,U-Tikhonov T16/CG32,SSIM,-0.0016946196556091309
div2k,div2k/0832.png/sigma_0.100,div2k,0832.png,0.10000000149011612,U-Tikhonov T16/CG64,U-Tikhonov T16/CG32,SSIM,-0.0027691125869750977
div2k,div2k/0833.png/sigma_0.100,div2k,0833.png,0.10000000149011612,U-Tikhonov T16/CG64,U-Tikhonov T16/CG32,SSIM,-0.005523562431335449
div2k,div2k/0834.png/sigma_0.100,div2k,0834.png,0.10000000149011612,U-Tikhonov T16/CG64,U-Tikhonov T16/CG32,SSIM,-0.003274381160736084
div2k,div2k/0835.png/sigma_0.100,div2k,0835.png,0.10000000149011612,U-Tikhonov T16/CG64,U-Tikhonov T16/CG32,SSIM,-0.001342177391052246
div2k,div2k/0836.png/sigma_0.100,div2k,0836.png,0.10000000149011612,U-Tikhonov T16/CG64,U-Tikhonov T16/CG32,SSIM,-0.003016829490661621
div2k,div2k/0837.png/sigma_0.100,div2k,0837.png,0.10000000149011612,U-Tikhonov T16/CG64,U-Tikhonov T16/CG32,SSIM,-0.00496518611907959
div2k,div2k/0838.png/sigma_0.100,div2k,0838.png,0.10000000149011612,U-Tikhonov T16/CG64,U-Tikhonov T16/CG32,SSIM,-0.0027801990509033203
div2k,div2k/0839.png/sigma_0.100,div2k,0839.png,0.10000000149011612,U-Tikhonov T16/CG64,U-Tikhonov T16/CG32,SSIM,-0.0035262107849121094
div2k,div2k/0840.png/sigma_0.100,div2k,0840.png,0.10000000149011612,U-Tikhonov T16/CG64,U-Tikhonov T16/CG32,SSIM,-0.0036502480506896973
div2k,div2k/0841.png/sigma_0.100,div2k,0841.png,0.10000000149011612,U-Tikhonov T16/CG64,U-Tikhonov T16/CG32,SSIM,-0.0044248104095458984
div2k,div2k/0842.png/sigma_0.100,div2k,0842.png,0.10000000149011612,U-Tikhonov T16/CG64,U-Tikhonov T16/CG32,SSIM,-0.0022869110107421875
div2k,div2k/0843.png/sigma_0.100,div2k,0843.png,0.10000000149011612,U-Tikhonov T16/CG64,U-Tikhonov T16/CG32,SSIM,-0.0004558563232421875
div2k,div2k/0844.png/sigma_0.100,div2k,0844.png,0.10000000149011612,U-Tikhonov T16/CG64,U-Tikhonov T16/CG32,SSIM,0.0017974376678466797
div2k,div2k/0845.png/sigma_0.100,div2k,0845.png,0.10000000149011612,U-Tikhonov T16/CG64,U-Tikhonov T16/CG32,SSIM,-0.001854538917541504
div2k,div2k/0846.png/sigma_0.100,div2k,0846.png,0.10000000149011612,U-Tikhonov T16/CG64,U-Tikhonov T16/CG32,SSIM,-0.006057620048522949
div2k,div2k/0847.png/sigma_0.100,div2k,0847.png,0.10000000149011612,U-Tikhonov T16/CG64,U-Tikhonov T16/CG32,SSIM,-0.0029259324073791504
div2k,div2k/0848.png/sigma_0.100,div2k,0848.png,0.10000000149011612,U-Tikhonov T16/CG64,U-Tikhonov T16/CG32,SSIM,-0.0035939812660217285
div2k,div2k/0849.png/sigma_0.100,div2k,0849.png,0.10000000149011612,U-Tikhonov T16/CG64,U-Tikhonov T16/CG32,SSIM,-0.007089018821716309
div2k,div2k/0850.png/sigma_0.100,div2k,0850.png,0.10000000149011612,U-Tikhonov T16/CG64,U-Tikhonov T16/CG32,SSIM,-0.0030149221420288086
div2k,div2k/0851.png/sigma_0.100,div2k,0851.png,0.10000000149011612,U-Tikhonov T16/CG64,U-Tikhonov T16/CG32,SSIM,-0.004464447498321533
div2k,div2k/0852.png/sigma_0.100,div2k,0852.png,0.10000000149011612,U-Tikhonov T16/CG64,U-Tikhonov T16/CG32,SSIM,-0.006851553916931152
div2k,div2k/0853.png/sigma_0.100,div2k,0853.png,0.10000000149011612,U-Tikhonov T16/CG64,U-Tikhonov T16/CG32,SSIM,-0.001600801944732666
div2k,div2k/0854.png/sigma_0.100,div2k,0854.png,0.10000000149011612,U-Tikhonov T16/CG64,U-Tikhonov T16/CG32,SSIM,-0.006579041481018066
div2k,div2k/0855.png/sigma_0.100,div2k,0855.png,0.10000000149011612,U-Tikhonov T16/CG64,U-Tikhonov T16/CG32,SSIM,-0.004388570785522461
div2k,div2k/0856.png/sigma_0.100,div2k,0856.png,0.10000000149011612,U-Tikhonov T16/CG64,U-Tikhonov T16/CG32,SSIM,-0.006749987602233887
div2k,div2k/0857.png/sigma_0.100,div2k,0857.png,0.10000000149011612,U-Tikhonov T16/CG64,U-Tikhonov T16/CG32,SSIM,-0.00452578067779541
div2k,div2k/0858.png/sigma_0.100,div2k,0858.png,0.10000000149011612,U-Tikhonov T16/CG64,U-Tikhonov T16/CG32,SSIM,-0.009551167488098145
div2k,div2k/0859.png/sigma_0.100,div2k,0859.png,0.10000000149011612,U-Tikhonov T16/CG64,U-Tikhonov T16/CG32,SSIM,-0.006281673908233643
div2k,div2k/0860.png/sigma_0.100,div2k,0860.png,0.10000000149011612,U-Tikhonov T16/CG64,U-Tikhonov T16/CG32,SSIM,-0.0063964128494262695
div2k,div2k/0861.png/sigma_0.100,div2k,0861.png,0.10000000149011612,U-Tikhonov T16/CG64,U-Tikhonov T16/CG32,SSIM,-0.010894477367401123
div2k,div2k/0862.png/sigma_0.100,div2k,0862.png,0.10000000149011612,U-Tikhonov T16/CG64,U-Tikhonov T16/CG32,SSIM,-0.0006116032600402832
div2k,div2k/0863.png/sigma_0.100,div2k,0863.png,0.10000000149011612,U-Tikhonov T16/CG64,U-Tikhonov T16/CG32,SSIM,-0.003101944923400879
div2k,div2k/0864.png/sigma_0.100,div2k,0864.png,0.10000000149011612,U-Tikhonov T16/CG64,U-Tikhonov T16/CG32,SSIM,-0.0024919509887695312
div2k,div2k/0865.png/sigma_0.100,div2k,0865.png,0.10000000149011612,U-Tikhonov T16/CG64,U-Tikhonov T16/CG32,SSIM,-0.001971721649169922
div2k,div2k/0866.png/sigma_0.100,div2k,0866.png,0.10000000149011612,U-Tikhonov T16/CG64,U-Tikhonov T16/CG32,SSIM,-0.0046776533126831055
div2k,div2k/0867.png/sigma_0.100,div2k,0867.png,0.10000000149011612,U-Tikhonov T16/CG64,U-Tikhonov T16/CG32,SSIM,-0.00496906042098999
div2k,div2k/0868.png/sigma_0.100,div2k,0868.png,0.10000000149011612,U-Tikhonov T16/CG64,U-Tikhonov T16/CG32,SSIM,-0.002986609935760498
div2k,div2k/0869.png/sigma_0.100,div2k,0869.png,0.10000000149011612,U-Tikhonov T16/CG64,U-Tikhonov T16/CG32,SSIM,-0.0007128715515136719
div2k,div2k/0870.png/sigma_0.100,div2k,0870.png,0.10000000149011612,U-Tikhonov T16/CG64,U-Tikhonov T16/CG32,SSIM,-0.006025433540344238
div2k,div2k/0871.png/sigma_0.100,div2k,0871.png,0.10000000149011612,U-Tikhonov T16/CG64,U-Tikhonov T16/CG32,SSIM,-0.003222048282623291
div2k,div2k/0872.png/sigma_0.100,div2k,0872.png,0.10000000149011612,U-Tikhonov T16/CG64,U-Tikhonov T16/CG32,SSIM,-0.003186166286468506
div2k,div2k/0873.png/sigma_0.100,div2k,0873.png,0.10000000149011612,U-Tikhonov T16/CG64,U-Tikhonov T16/CG32,SSIM,-0.00596851110458374
div2k,div2k/0874.png/sigma_0.100,div2k,0874.png,0.10000000149011612,U-Tikhonov T16/CG64,U-Tikhonov T16/CG32,SSIM,-0.0015558600425720215
div2k,div2k/0875.png/sigma_0.100,div2k,0875.png,0.10000000149011612,U-Tikhonov T16/CG64,U-Tikhonov T16/CG32,SSIM,-0.003256857395172119
div2k,div2k/0876.png/sigma_0.100,div2k,0876.png,0.10000000149011612,U-Tikhonov T16/CG64,U-Tikhonov T16/CG32,SSIM,-0.006185293197631836
div2k,div2k/0877.png/sigma_0.100,div2k,0877.png,0.10000000149011612,U-Tikhonov T16/CG64,U-Tikhonov T16/CG32,SSIM,-0.0050885677337646484
div2k,div2k/0878.png/sigma_0.100,div2k,0878.png,0.10000000149011612,U-Tikhonov T16/CG64,U-Tikhonov T16/CG32,SSIM,-0.004357576370239258
div2k,div2k/0879.png/sigma_0.100,div2k,0879.png,0.10000000149011612,U-Tikhonov T16/CG64,U-Tikhonov T16/CG32,SSIM,-0.003650069236755371
div2k,div2k/0880.png/sigma_0.100,div2k,0880.png,0.10000000149011612,U-Tikhonov T16/CG64,U-Tikhonov T16/CG32,SSIM,-0.0031470656394958496
div2k,div2k/0881.png/sigma_0.100,div2k,0881.png,0.10000000149011612,U-Tikhonov T16/CG64,U-Tikhonov T16/CG32,SSIM,-0.0027060508728027344
div2k,div2k/0882.png/sigma_0.100,div2k,0882.png,0.10000000149011612,U-Tikhonov T16/CG64,U-Tikhonov T16/CG32,SSIM,-0.003350555896759033
div2k,div2k/0883.png/sigma_0.100,div2k,0883.png,0.10000000149011612,U-Tikhonov T16/CG64,U-Tikhonov T16/CG32,SSIM,-0.004607439041137695
div2k,div2k/0884.png/sigma_0.100,div2k,0884.png,0.10000000149011612,U-Tikhonov T16/CG64,U-Tikhonov T16/CG32,SSIM,-0.0037994980812072754
div2k,div2k/0885.png/sigma_0.100,div2k,0885.png,0.10000000149011612,U-Tikhonov T16/CG64,U-Tikhonov T16/CG32,SSIM,-0.006622791290283203
div2k,div2k/0886.png/sigma_0.100,div2k,0886.png,0.10000000149011612,U-Tikhonov T16/CG64,U-Tikhonov T16/CG32,SSIM,-0.002617478370666504
div2k,div2k/0887.png/sigma_0.100,div2k,0887.png,0.10000000149011612,U-Tikhonov T16/CG64,U-Tikhonov T16/CG32,SSIM,-0.0035066604614257812
div2k,div2k/0888.png/sigma_0.100,div2k,0888.png,0.10000000149011612,U-Tikhonov T16/CG64,U-Tikhonov T16/CG32,SSIM,-0.0018634200096130371
div2k,div2k/0889.png/sigma_0.100,div2k,0889.png,0.10000000149011612,U-Tikhonov T16/CG64,U-Tikhonov T16/CG32,SSIM,-0.005296945571899414
div2k,div2k/0890.png/sigma_0.100,div2k,0890.png,0.10000000149011612,U-Tikhonov T16/CG64,U-Tikhonov T16/CG32,SSIM,-0.0025631189346313477
div2k,div2k/0891.png/sigma_0.100,div2k,0891.png,0.10000000149011612,U-Tikhonov T16/CG64,U-Tikhonov T16/CG32,SSIM,-0.004946589469909668
div2k,div2k/0892.png/sigma_0.100,div2k,0892.png,0.10000000149011612,U-Tikhonov T16/CG64,U-Tikhonov T16/CG32,SSIM,-0.0072365403175354
div2k,div2k/0893.png/sigma_0.100,div2k,0893.png,0.10000000149011612,U-Tikhonov T16/CG64,U-Tikhonov T16/CG32,SSIM,-0.0044136643409729
div2k,div2k/0894.png/sigma_0.100,div2k,0894.png,0.10000000149011612,U-Tikhonov T16/CG64,U-Tikhonov T16/CG32,SSIM,-0.003705620765686035
div2k,div2k/0895.png/sigma_0.100,div2k,0895.png,0.10000000149011612,U-Tikhonov T16/CG64,U-Tikhonov T16/CG32,SSIM,-0.011991500854492188
div2k,div2k/0896.png/sigma_0.100,div2k,0896.png,0.10000000149011612,U-Tikhonov T16/CG64,U-Tikhonov T16/CG32,SSIM,-0.0021134018898010254
div2k,div2k/0897.png/sigma_0.100,div2k,0897.png,0.10000000149011612,U-Tikhonov T16/CG64,U-Tikhonov T16/CG32,SSIM,0.0007776021957397461
div2k,div2k/0898.png/sigma_0.100,div2k,0898.png,0.10000000149011612,U-Tikhonov T16/CG64,U-Tikhonov T16/CG32,SSIM,-0.0019155144691467285
div2k,div2k/0899.png/sigma_0.100,div2k,0899.png,0.10000000149011612,U-Tikhonov T16/CG64,U-Tikhonov T16/CG32,SSIM,-0.004130303859710693
div2k,div2k/0900.png/sigma_0.100,div2k,0900.png,0.10000000149011612,U-Tikhonov T16/CG64,U-Tikhonov T16/CG32,SSIM,-0.005113363265991211
div2k,div2k/0801.png/sigma_0.150,div2k,0801.png,0.15000000596046448,U-Tikhonov T16/CG32,U-Tikhonov T4/CG32,PSNR,0.0180511474609375
div2k,div2k/0802.png/sigma_0.150,div2k,0802.png,0.15000000596046448,U-Tikhonov T16/CG32,U-Tikhonov T4/CG32,PSNR,0.2298412322998047
div2k,div2k/0803.png/sigma_0.150,div2k,0803.png,0.15000000596046448,U-Tikhonov T16/CG32,U-Tikhonov T4/CG32,PSNR,0.15234756469726562
div2k,div2k/0804.png/sigma_0.150,div2k,0804.png,0.15000000596046448,U-Tikhonov T16/CG32,U-Tikhonov T4/CG32,PSNR,0.1487903594970703
div2k,div2k/0805.png/sigma_0.150,div2k,0805.png,0.15000000596046448,U-Tikhonov T16/CG32,U-Tikhonov T4/CG32,PSNR,0.050159454345703125
div2k,div2k/0806.png/sigma_0.150,div2k,0806.png,0.15000000596046448,U-Tikhonov T16/CG32,U-Tikhonov T4/CG32,PSNR,0.07973861694335938
div2k,div2k/0807.png/sigma_0.150,div2k,0807.png,0.15000000596046448,U-Tikhonov T16/CG32,U-Tikhonov T4/CG32,PSNR,-0.010164260864257812
div2k,div2k/0808.png/sigma_0.150,div2k,0808.png,0.15000000596046448,U-Tikhonov T16/CG32,U-Tikhonov T4/CG32,PSNR,0.22382736206054688
div2k,div2k/0809.png/sigma_0.150,div2k,0809.png,0.15000000596046448,U-Tikhonov T16/CG32,U-Tikhonov T4/CG32,PSNR,-0.04357719421386719
div2k,div2k/0810.png/sigma_0.150,div2k,0810.png,0.15000000596046448,U-Tikhonov T16/CG32,U-Tikhonov T4/CG32,PSNR,-0.0030460357666015625
div2k,div2k/0811.png/sigma_0.150,div2k,0811.png,0.15000000596046448,U-Tikhonov T16/CG32,U-Tikhonov T4/CG32,PSNR,-0.08013534545898438
div2k,div2k/0812.png/sigma_0.150,div2k,0812.png,0.15000000596046448,U-Tikhonov T16/CG32,U-Tikhonov T4/CG32,PSNR,0.052074432373046875
div2k,div2k/0813.png/sigma_0.150,div2k,0813.png,0.15000000596046448,U-Tikhonov T16/CG32,U-Tikhonov T4/CG32,PSNR,0.14708900451660156
div2k,div2k/0814.png/sigma_0.150,div2k,0814.png,0.15000000596046448,U-Tikhonov T16/CG32,U-Tikhonov T4/CG32,PSNR,0.23351287841796875
div2k,div2k/0815.png/sigma_0.150,div2k,0815.png,0.15000000596046448,U-Tikhonov T16/CG32,U-Tikhonov T4/CG32,PSNR,0.07935523986816406
div2k,div2k/0816.png/sigma_0.150,div2k,0816.png,0.15000000596046448,U-Tikhonov T16/CG32,U-Tikhonov T4/CG32,PSNR,0.03380775451660156
div2k,div2k/0817.png/sigma_0.150,div2k,0817.png,0.15000000596046448,U-Tikhonov T16/CG32,U-Tikhonov T4/CG32,PSNR,0.10618209838867188
div2k,div2k/0818.png/sigma_0.150,div2k,0818.png,0.15000000596046448,U-Tikhonov T16/CG32,U-Tikhonov T4/CG32,PSNR,0.16103744506835938
div2k,div2k/0819.png/sigma_0.150,div2k,0819.png,0.15000000596046448,U-Tikhonov T16/CG32,U-Tikhonov T4/CG32,PSNR,0.0247650146484375
div2k,div2k/0820.png/sigma_0.150,div2k,0820.png,0.15000000596046448,U-Tikhonov T16/CG32,U-Tikhonov T4/CG32,PSNR,0.11304855346679688
div2k,div2k/0821.png/sigma_0.150,div2k,0821.png,0.15000000596046448,U-Tikhonov T16/CG32,U-Tikhonov T4/CG32,PSNR,0.18048477172851562
div2k,div2k/0822.png/sigma_0.150,div2k,0822.png,0.15000000596046448,U-Tikhonov T16/CG32,U-Tikhonov T4/CG32,PSNR,-0.022733688354492188
div2k,div2k/0823.png/sigma_0.150,div2k,0823.png,0.15000000596046448,U-Tikhonov T16/CG32,U-Tikhonov T4/CG32,PSNR,0.17847824096679688
div2k,div2k/0824.png/sigma_0.150,div2k,0824.png,0.15000000596046448,U-Tikhonov T16/CG32,U-Tikhonov T4/CG32,PSNR,0.16521263122558594
div2k,div2k/0825.png/sigma_0.150,div2k,0825.png,0.15000000596046448,U-Tikhonov T16/CG32,U-Tikhonov T4/CG32,PSNR,0.10626411437988281
div2k,div2k/0826.png/sigma_0.150,div2k,0826.png,0.15000000596046448,U-Tikhonov T16/CG32,U-Tikhonov T4/CG32,PSNR,0.08420181274414062
div2k,div2k/0827.png/sigma_0.150,div2k,0827.png,0.15000000596046448,U-Tikhonov T16/CG32,U-Tikhonov T4/CG32,PSNR,0.10164451599121094
div2k,div2k/0828.png/sigma_0.150,div2k,0828.png,0.15000000596046448,U-Tikhonov T16/CG32,U-Tikhonov T4/CG32,PSNR,-0.1396007537841797
div2k,div2k/0829.png/sigma_0.150,div2k,0829.png,0.15000000596046448,U-Tikhonov T16/CG32,U-Tikhonov T4/CG32,PSNR,0.2392406463623047
div2k,div2k/0830.png/sigma_0.150,div2k,0830.png,0.15000000596046448,U-Tikhonov T16/CG32,U-Tikhonov T4/CG32,PSNR,0.015018463134765625
div2k,div2k/0831.png/sigma_0.150,div2k,0831.png,0.15000000596046448,U-Tikhonov T16/CG32,U-Tikhonov T4/CG32,PSNR,0.03574180603027344
div2k,div2k/0832.png/sigma_0.150,div2k,0832.png,0.15000000596046448,U-Tikhonov T16/CG32,U-Tikhonov T4/CG32,PSNR,0.09511375427246094
div2k,div2k/0833.png/sigma_0.150,div2k,0833.png,0.15000000596046448,U-Tikhonov T16/CG32,U-Tikhonov T4/CG32,PSNR,0.10818862915039062
div2k,div2k/0834.png/sigma_0.150,div2k,0834.png,0.15000000596046448,U-Tikhonov T16/CG32,U-Tikhonov T4/CG32,PSNR,0.13872528076171875
div2k,div2k/0835.png/sigma_0.150,div2k,0835.png,0.15000000596046448,U-Tikhonov T16/CG32,U-Tikhonov T4/CG32,PSNR,-0.004581451416015625
div2k,div2k/0836.png/sigma_0.150,div2k,0836.png,0.15000000596046448,U-Tikhonov T16/CG32,U-Tikhonov T4/CG32,PSNR,0.04847908020019531
div2k,div2k/0837.png/sigma_0.150,div2k,0837.png,0.15000000596046448,U-Tikhonov T16/CG32,U-Tikhonov T4/CG32,PSNR,0.08411407470703125
div2k,div2k/0838.png/sigma_0.150,div2k,0838.png,0.15000000596046448,U-Tikhonov T16/CG32,U-Tikhonov T4/CG32,PSNR,0.305419921875
div2k,div2k/0839.png/sigma_0.150,div2k,0839.png,0.15000000596046448,U-Tikhonov T16/CG32,U-Tikhonov T4/CG32,PSNR,0.07200241088867188
div2k,div2k/0840.png/sigma_0.150,div2k,0840.png,0.15000000596046448,U-Tikhonov T16/CG32,U-Tikhonov T4/CG32,PSNR,0.050571441650390625
div2k,div2k/0841.png/sigma_0.150,div2k,0841.png,0.15000000596046448,U-Tikhonov T16/CG32,U-Tikhonov T4/CG32,PSNR,0.06859016418457031
div2k,div2k/0842.png/sigma_0.150,div2k,0842.png,0.15000000596046448,U-Tikhonov T16/CG32,U-Tikhonov T4/CG32,PSNR,0.095062255859375
div2k,div2k/0843.png/sigma_0.150,div2k,0843.png,0.15000000596046448,U-Tikhonov T16/CG32,U-Tikhonov T4/CG32,PSNR,0.27654266357421875
div2k,div2k/0844.png/sigma_0.150,div2k,0844.png,0.15000000596046448,U-Tikhonov T16/CG32,U-Tikhonov T4/CG32,PSNR,0.08372116088867188
div2k,div2k/0845.png/sigma_0.150,div2k,0845.png,0.15000000596046448,U-Tikhonov T16/CG32,U-Tikhonov T4/CG32,PSNR,-0.030994415283203125
div2k,div2k/0846.png/sigma_0.150,div2k,0846.png,0.15000000596046448,U-Tikhonov T16/CG32,U-Tikhonov T4/CG32,PSNR,0.029169082641601562
div2k,div2k/0847.png/sigma_0.150,div2k,0847.png,0.15000000596046448,U-Tikhonov T16/CG32,U-Tikhonov T4/CG32,PSNR,0.09443283081054688
div2k,div2k/0848.png/sigma_0.150,div2k,0848.png,0.15000000596046448,U-Tikhonov T16/CG32,U-Tikhonov T4/CG32,PSNR,0.13085174560546875
div2k,div2k/0849.png/sigma_0.150,div2k,0849.png,0.15000000596046448,U-Tikhonov T16/CG32,U-Tikhonov T4/CG32,PSNR,0.2117595672607422
div2k,div2k/0850.png/sigma_0.150,div2k,0850.png,0.15000000596046448,U-Tikhonov T16/CG32,U-Tikhonov T4/CG32,PSNR,0.057247161865234375
div2k,div2k/0851.png/sigma_0.150,div2k,0851.png,0.15000000596046448,U-Tikhonov T16/CG32,U-Tikhonov T4/CG32,PSNR,0.28598976135253906
div2k,div2k/0852.png/sigma_0.150,div2k,0852.png,0.15000000596046448,U-Tikhonov T16/CG32,U-Tikhonov T4/CG32,PSNR,0.018255233764648438
div2k,div2k/0853.png/sigma_0.150,div2k,0853.png,0.15000000596046448,U-Tikhonov T16/CG32,U-Tikhonov T4/CG32,PSNR,0.17399215698242188
div2k,div2k/0854.png/sigma_0.150,div2k,0854.png,0.15000000596046448,U-Tikhonov T16/CG32,U-Tikhonov T4/CG32,PSNR,0.07252120971679688
div2k,div2k/0855.png/sigma_0.150,div2k,0855.png,0.15000000596046448,U-Tikhonov T16/CG32,U-Tikhonov T4/CG32,PSNR,-0.0077228546142578125
div2k,div2k/0856.png/sigma_0.150,div2k,0856.png,0.15000000596046448,U-Tikhonov T16/CG32,U-Tikhonov T4/CG32,PSNR,-0.12398529052734375
div2k,div2k/0857.png/sigma_0.150,div2k,0857.png,0.15000000596046448,U-Tikhonov T16/CG32,U-Tikhonov T4/CG32,PSNR,0.2711353302001953
div2k,div2k/0858.png/sigma_0.150,div2k,0858.png,0.15000000596046448,U-Tikhonov T16/CG32,U-Tikhonov T4/CG32,PSNR,0.007913589477539062
div2k,div2k/0859.png/sigma_0.150,div2k,0859.png,0.15000000596046448,U-Tikhonov T16/CG32,U-Tikhonov T4/CG32,PSNR,-0.004703521728515625
div2k,div2k/0860.png/sigma_0.150,div2k,0860.png,0.15000000596046448,U-Tikhonov T16/CG32,U-Tikhonov T4/CG32,PSNR,0.03389739990234375
div2k,div2k/0861.png/sigma_0.150,div2k,0861.png,0.15000000596046448,U-Tikhonov T16/CG32,U-Tikhonov T4/CG32,PSNR,0.0020084381103515625
div2k,div2k/0862.png/sigma_0.150,div2k,0862.png,0.15000000596046448,U-Tikhonov T16/CG32,U-Tikhonov T4/CG32,PSNR,0.3365325927734375
div2k,div2k/0863.png/sigma_0.150,div2k,0863.png,0.15000000596046448,U-Tikhonov T16/CG32,U-Tikhonov T4/CG32,PSNR,0.015096664428710938
div2k,div2k/0864.png/sigma_0.150,div2k,0864.png,0.15000000596046448,U-Tikhonov T16/CG32,U-Tikhonov T4/CG32,PSNR,0.020654678344726562
div2k,div2k/0865.png/sigma_0.150,div2k,0865.png,0.15000000596046448,U-Tikhonov T16/CG32,U-Tikhonov T4/CG32,PSNR,0.06374359130859375
div2k,div2k/0866.png/sigma_0.150,div2k,0866.png,0.15000000596046448,U-Tikhonov T16/CG32,U-Tikhonov T4/CG32,PSNR,-0.0068683624267578125
div2k,div2k/0867.png/sigma_0.150,div2k,0867.png,0.15000000596046448,U-Tikhonov T16/CG32,U-Tikhonov T4/CG32,PSNR,-0.0272979736328125
div2k,div2k/0868.png/sigma_0.150,div2k,0868.png,0.15000000596046448,U-Tikhonov T16/CG32,U-Tikhonov T4/CG32,PSNR,0.23986053466796875
div2k,div2k/0869.png/sigma_0.150,div2k,0869.png,0.15000000596046448,U-Tikhonov T16/CG32,U-Tikhonov T4/CG32,PSNR,0.016119003295898438
div2k,div2k/0870.png/sigma_0.150,div2k,0870.png,0.15000000596046448,U-Tikhonov T16/CG32,U-Tikhonov T4/CG32,PSNR,-0.024059295654296875
div2k,div2k/0871.png/sigma_0.150,div2k,0871.png,0.15000000596046448,U-Tikhonov T16/CG32,U-Tikhonov T4/CG32,PSNR,0.059001922607421875
div2k,div2k/0872.png/sigma_0.150,div2k,0872.png,0.15000000596046448,U-Tikhonov T16/CG32,U-Tikhonov T4/CG32,PSNR,0.06345939636230469
div2k,div2k/0873.png/sigma_0.150,div2k,0873.png,0.15000000596046448,U-Tikhonov T16/CG32,U-Tikhonov T4/CG32,PSNR,0.030035018920898438
div2k,div2k/0874.png/sigma_0.150,div2k,0874.png,0.15000000596046448,U-Tikhonov T16/CG32,U-Tikhonov T4/CG32,PSNR,-0.023916244506835938
div2k,div2k/0875.png/sigma_0.150,div2k,0875.png,0.15000000596046448,U-Tikhonov T16/CG32,U-Tikhonov T4/CG32,PSNR,0.015773773193359375
div2k,div2k/0876.png/sigma_0.150,div2k,0876.png,0.15000000596046448,U-Tikhonov T16/CG32,U-Tikhonov T4/CG32,PSNR,-0.03868675231933594
div2k,div2k/0877.png/sigma_0.150,div2k,0877.png,0.15000000596046448,U-Tikhonov T16/CG32,U-Tikhonov T4/CG32,PSNR,0.1995983123779297
div2k,div2k/0878.png/sigma_0.150,div2k,0878.png,0.15000000596046448,U-Tikhonov T16/CG32,U-Tikhonov T4/CG32,PSNR,0.013990402221679688
div2k,div2k/0879.png/sigma_0.150,div2k,0879.png,0.15000000596046448,U-Tikhonov T16/CG32,U-Tikhonov T4/CG32,PSNR,0.2530231475830078
div2k,div2k/0880.png/sigma_0.150,div2k,0880.png,0.15000000596046448,U-Tikhonov T16/CG32,U-Tikhonov T4/CG32,PSNR,0.18025970458984375
div2k,div2k/0881.png/sigma_0.150,div2k,0881.png,0.15000000596046448,U-Tikhonov T16/CG32,U-Tikhonov T4/CG32,PSNR,0.12328338623046875
div2k,div2k/0882.png/sigma_0.150,div2k,0882.png,0.15000000596046448,U-Tikhonov T16/CG32,U-Tikhonov T4/CG32,PSNR,0.25263023376464844
div2k,div2k/0883.png/sigma_0.150,div2k,0883.png,0.15000000596046448,U-Tikhonov T16/CG32,U-Tikhonov T4/CG32,PSNR,0.05856895446777344
div2k,div2k/0884.png/sigma_0.150,div2k,0884.png,0.15000000596046448,U-Tikhonov T16/CG32,U-Tikhonov T4/CG32,PSNR,0.08603286743164062
div2k,div2k/0885.png/sigma_0.150,div2k,0885.png,0.15000000596046448,U-Tikhonov T16/CG32,U-Tikhonov T4/CG32,PSNR,-0.123931884765625
div2k,div2k/0886.png/sigma_0.150,div2k,0886.png,0.15000000596046448,U-Tikhonov T16/CG32,U-Tikhonov T4/CG32,PSNR,0.0938568115234375
div2k,div2k/0887.png/sigma_0.150,div2k,0887.png,0.15000000596046448,U-Tikhonov T16/CG32,U-Tikhonov T4/CG32,PSNR,0.0919189453125
div2k,div2k/0888.png/sigma_0.150,div2k,0888.png,0.15000000596046448,U-Tikhonov T16/CG32,U-Tikhonov T4/CG32,PSNR,0.1572246551513672
div2k,div2k/0889.png/sigma_0.150,div2k,0889.png,0.15000000596046448,U-Tikhonov T16/CG32,U-Tikhonov T4/CG32,PSNR,0.05051422119140625
div2k,div2k/0890.png/sigma_0.150,div2k,0890.png,0.15000000596046448,U-Tikhonov T16/CG32,U-Tikhonov T4/CG32,PSNR,0.16267776489257812
div2k,div2k/0891.png/sigma_0.150,div2k,0891.png,0.15000000596046448,U-Tikhonov T16/CG32,U-Tikhonov T4/CG32,PSNR,0.035686492919921875
div2k,div2k/0892.png/sigma_0.150,div2k,0892.png,0.15000000596046448,U-Tikhonov T16/CG32,U-Tikhonov T4/CG32,PSNR,0.0464324951171875
div2k,div2k/0893.png/sigma_0.150,div2k,0893.png,0.15000000596046448,U-Tikhonov T16/CG32,U-Tikhonov T4/CG32,PSNR,0.13189315795898438
div2k,div2k/0894.png/sigma_0.150,div2k,0894.png,0.15000000596046448,U-Tikhonov T16/CG32,U-Tikhonov T4/CG32,PSNR,0.15547752380371094
div2k,div2k/0895.png/sigma_0.150,div2k,0895.png,0.15000000596046448,U-Tikhonov T16/CG32,U-Tikhonov T4/CG32,PSNR,-0.016265869140625
div2k,div2k/0896.png/sigma_0.150,div2k,0896.png,0.15000000596046448,U-Tikhonov T16/CG32,U-Tikhonov T4/CG32,PSNR,0.2933025360107422
div2k,div2k/0897.png/sigma_0.150,div2k,0897.png,0.15000000596046448,U-Tikhonov T16/CG32,U-Tikhonov T4/CG32,PSNR,-0.18457794189453125
div2k,div2k/0898.png/sigma_0.150,div2k,0898.png,0.15000000596046448,U-Tikhonov T16/CG32,U-Tikhonov T4/CG32,PSNR,0.4468059539794922
div2k,div2k/0899.png/sigma_0.150,div2k,0899.png,0.15000000596046448,U-Tikhonov T16/CG32,U-Tikhonov T4/CG32,PSNR,0.20171546936035156
div2k,div2k/0900.png/sigma_0.150,div2k,0900.png,0.15000000596046448,U-Tikhonov T16/CG32,U-Tikhonov T4/CG32,PSNR,0.034420013427734375
div2k,div2k/0801.png/sigma_0.150,div2k,0801.png,0.15000000596046448,U-Tikhonov T16/CG32,U-Tikhonov T4/CG32,SSIM,-0.001773834228515625
div2k,div2k/0802.png/sigma_0.150,div2k,0802.png,0.15000000596046448,U-Tikhonov T16/CG32,U-Tikhonov T4/CG32,SSIM,0.00373232364654541
div2k,div2k/0803.png/sigma_0.150,div2k,0803.png,0.15000000596046448,U-Tikhonov T16/CG32,U-Tikhonov T4/CG32,SSIM,0.006653547286987305
div2k,div2k/0804.png/sigma_0.150,div2k,0804.png,0.15000000596046448,U-Tikhonov T16/CG32,U-Tikhonov T4/CG32,SSIM,0.002048492431640625
div2k,div2k/0805.png/sigma_0.150,div2k,0805.png,0.15000000596046448,U-Tikhonov T16/CG32,U-Tikhonov T4/CG32,SSIM,-0.002856433391571045
div2k,div2k/0806.png/sigma_0.150,div2k,0806.png,0.15000000596046448,U-Tikhonov T16/CG32,U-Tikhonov T4/CG32,SSIM,0.0067092180252075195
div2k,div2k/0807.png/sigma_0.150,div2k,0807.png,0.15000000596046448,U-Tikhonov T16/CG32,U-Tikhonov T4/CG32,SSIM,-0.0018805861473083496
div2k,div2k/0808.png/sigma_0.150,div2k,0808.png,0.15000000596046448,U-Tikhonov T16/CG32,U-Tikhonov T4/CG32,SSIM,0.025575995445251465
div2k,div2k/0809.png/sigma_0.150,div2k,0809.png,0.15000000596046448,U-Tikhonov T16/CG32,U-Tikhonov T4/CG32,SSIM,-0.008779942989349365
div2k,div2k/0810.png/sigma_0.150,div2k,0810.png,0.15000000596046448,U-Tikhonov T16/CG32,U-Tikhonov T4/CG32,SSIM,-0.001410067081451416
div2k,div2k/0811.png/sigma_0.150,div2k,0811.png,0.15000000596046448,U-Tikhonov T16/CG32,U-Tikhonov T4/CG32,SSIM,-0.010857164859771729
div2k,div2k/0812.png/sigma_0.150,div2k,0812.png,0.15000000596046448,U-Tikhonov T16/CG32,U-Tikhonov T4/CG32,SSIM,0.0076027512550354
div2k,div2k/0813.png/sigma_0.150,div2k,0813.png,0.15000000596046448,U-Tikhonov T16/CG32,U-Tikhonov T4/CG32,SSIM,0.0071822404861450195
div2k,div2k/0814.png/sigma_0.150,div2k,0814.png,0.15000000596046448,U-Tikhonov T16/CG32,U-Tikhonov T4/CG32,SSIM,0.05272585153579712
div2k,div2k/0815.png/sigma_0.150,div2k,0815.png,0.15000000596046448,U-Tikhonov T16/CG32,U-Tikhonov T4/CG32,SSIM,0.0006192326545715332
div2k,div2k/0816.png/sigma_0.150,div2k,0816.png,0.15000000596046448,U-Tikhonov T16/CG32,U-Tikhonov T4/CG32,SSIM,0.0036892294883728027
div2k,div2k/0817.png/sigma_0.150,div2k,0817.png,0.15000000596046448,U-Tikhonov T16/CG32,U-Tikhonov T4/CG32,SSIM,0.01666867733001709
div2k,div2k/0818.png/sigma_0.150,div2k,0818.png,0.15000000596046448,U-Tikhonov T16/CG32,U-Tikhonov T4/CG32,SSIM,0.012446761131286621
div2k,div2k/0819.png/sigma_0.150,div2k,0819.png,0.15000000596046448,U-Tikhonov T16/CG32,U-Tikhonov T4/CG32,SSIM,-0.0035723447799682617
div2k,div2k/0820.png/sigma_0.150,div2k,0820.png,0.15000000596046448,U-Tikhonov T16/CG32,U-Tikhonov T4/CG32,SSIM,-0.004775404930114746
div2k,div2k/0821.png/sigma_0.150,div2k,0821.png,0.15000000596046448,U-Tikhonov T16/CG32,U-Tikhonov T4/CG32,SSIM,0.005265176296234131
div2k,div2k/0822.png/sigma_0.150,div2k,0822.png,0.15000000596046448,U-Tikhonov T16/CG32,U-Tikhonov T4/CG32,SSIM,-0.0066414475440979
div2k,div2k/0823.png/sigma_0.150,div2k,0823.png,0.15000000596046448,U-Tikhonov T16/CG32,U-Tikhonov T4/CG32,SSIM,0.03341507911682129
div2k,div2k/0824.png/sigma_0.150,div2k,0824.png,0.15000000596046448,U-Tikhonov T16/CG32,U-Tikhonov T4/CG32,SSIM,0.005987405776977539
div2k,div2k/0825.png/sigma_0.150,div2k,0825.png,0.15000000596046448,U-Tikhonov T16/CG32,U-Tikhonov T4/CG32,SSIM,0.0009213685989379883
div2k,div2k/0826.png/sigma_0.150,div2k,0826.png,0.15000000596046448,U-Tikhonov T16/CG32,U-Tikhonov T4/CG32,SSIM,0.015157103538513184
div2k,div2k/0827.png/sigma_0.150,div2k,0827.png,0.15000000596046448,U-Tikhonov T16/CG32,U-Tikhonov T4/CG32,SSIM,0.005508542060852051
div2k,div2k/0828.png/sigma_0.150,div2k,0828.png,0.15000000596046448,U-Tikhonov T16/CG32,U-Tikhonov T4/CG32,SSIM,-0.012000679969787598
div2k,div2k/0829.png/sigma_0.150,div2k,0829.png,0.15000000596046448,U-Tikhonov T16/CG32,U-Tikhonov T4/CG32,SSIM,0.009306371212005615
div2k,div2k/0830.png/sigma_0.150,div2k,0830.png,0.15000000596046448,U-Tikhonov T16/CG32,U-Tikhonov T4/CG32,SSIM,0.007430434226989746
div2k,div2k/0831.png/sigma_0.150,div2k,0831.png,0.15000000596046448,U-Tikhonov T16/CG32,U-Tikhonov T4/CG32,SSIM,-0.0015532970428466797
div2k,div2k/0832.png/sigma_0.150,div2k,0832.png,0.15000000596046448,U-Tikhonov T16/CG32,U-Tikhonov T4/CG32,SSIM,-0.000596165657043457
div2k,div2k/0833.png/sigma_0.150,div2k,0833.png,0.15000000596046448,U-Tikhonov T16/CG32,U-Tikhonov T4/CG32,SSIM,0.03228318691253662
div2k,div2k/0834.png/sigma_0.150,div2k,0834.png,0.15000000596046448,U-Tikhonov T16/CG32,U-Tikhonov T4/CG32,SSIM,0.005971312522888184
div2k,div2k/0835.png/sigma_0.150,div2k,0835.png,0.15000000596046448,U-Tikhonov T16/CG32,U-Tikhonov T4/CG32,SSIM,-0.006880700588226318
div2k,div2k/0836.png/sigma_0.150,div2k,0836.png,0.15000000596046448,U-Tikhonov T16/CG32,U-Tikhonov T4/CG32,SSIM,0.009728491306304932
div2k,div2k/0837.png/sigma_0.150,div2k,0837.png,0.15000000596046448,U-Tikhonov T16/CG32,U-Tikhonov T4/CG32,SSIM,0.0007278919219970703
div2k,div2k/0838.png/sigma_0.150,div2k,0838.png,0.15000000596046448,U-Tikhonov T16/CG32,U-Tikhonov T4/CG32,SSIM,0.017132282257080078
div2k,div2k/0839.png/sigma_0.150,div2k,0839.png,0.15000000596046448,U-Tikhonov T16/CG32,U-Tikhonov T4/CG32,SSIM,-0.0022313594818115234
div2k,div2k/0840.png/sigma_0.150,div2k,0840.png,0.15000000596046448,U-Tikhonov T16/CG32,U-Tikhonov T4/CG32,SSIM,-0.0014919638633728027
div2k,div2k/0841.png/sigma_0.150,div2k,0841.png,0.15000000596046448,U-Tikhonov T16/CG32,U-Tikhonov T4/CG32,SSIM,0.00209808349609375
div2k,div2k/0842.png/sigma_0.150,div2k,0842.png,0.15000000596046448,U-Tikhonov T16/CG32,U-Tikhonov T4/CG32,SSIM,0.001345515251159668
div2k,div2k/0843.png/sigma_0.150,div2k,0843.png,0.15000000596046448,U-Tikhonov T16/CG32,U-Tikhonov T4/CG32,SSIM,0.04384738206863403
div2k,div2k/0844.png/sigma_0.150,div2k,0844.png,0.15000000596046448,U-Tikhonov T16/CG32,U-Tikhonov T4/CG32,SSIM,0.014760255813598633
div2k,div2k/0845.png/sigma_0.150,div2k,0845.png,0.15000000596046448,U-Tikhonov T16/CG32,U-Tikhonov T4/CG32,SSIM,0.001990020275115967
div2k,div2k/0846.png/sigma_0.150,div2k,0846.png,0.15000000596046448,U-Tikhonov T16/CG32,U-Tikhonov T4/CG32,SSIM,0.0041727423667907715
div2k,div2k/0847.png/sigma_0.150,div2k,0847.png,0.15000000596046448,U-Tikhonov T16/CG32,U-Tikhonov T4/CG32,SSIM,0.006091773509979248
div2k,div2k/0848.png/sigma_0.150,div2k,0848.png,0.15000000596046448,U-Tikhonov T16/CG32,U-Tikhonov T4/CG32,SSIM,0.005586385726928711
div2k,div2k/0849.png/sigma_0.150,div2k,0849.png,0.15000000596046448,U-Tikhonov T16/CG32,U-Tikhonov T4/CG32,SSIM,0.004005849361419678
div2k,div2k/0850.png/sigma_0.150,div2k,0850.png,0.15000000596046448,U-Tikhonov T16/CG32,U-Tikhonov T4/CG32,SSIM,0.00183868408203125
div2k,div2k/0851.png/sigma_0.150,div2k,0851.png,0.15000000596046448,U-Tikhonov T16/CG32,U-Tikhonov T4/CG32,SSIM,0.040914058685302734
div2k,div2k/0852.png/sigma_0.150,div2k,0852.png,0.15000000596046448,U-Tikhonov T16/CG32,U-Tikhonov T4/CG32,SSIM,-0.00497591495513916
div2k,div2k/0853.png/sigma_0.150,div2k,0853.png,0.15000000596046448,U-Tikhonov T16/CG32,U-Tikhonov T4/CG32,SSIM,0.024361610412597656
div2k,div2k/0854.png/sigma_0.150,div2k,0854.png,0.15000000596046448,U-Tikhonov T16/CG32,U-Tikhonov T4/CG32,SSIM,0.017331480979919434
div2k,div2k/0855.png/sigma_0.150,div2k,0855.png,0.15000000596046448,U-Tikhonov T16/CG32,U-Tikhonov T4/CG32,SSIM,0.0014078617095947266
div2k,div2k/0856.png/sigma_0.150,div2k,0856.png,0.15000000596046448,U-Tikhonov T16/CG32,U-Tikhonov T4/CG32,SSIM,-0.017859816551208496
div2k,div2k/0857.png/sigma_0.150,div2k,0857.png,0.15000000596046448,U-Tikhonov T16/CG32,U-Tikhonov T4/CG32,SSIM,0.011655569076538086
div2k,div2k/0858.png/sigma_0.150,div2k,0858.png,0.15000000596046448,U-Tikhonov T16/CG32,U-Tikhonov T4/CG32,SSIM,-0.007810473442077637
div2k,div2k/0859.png/sigma_0.150,div2k,0859.png,0.15000000596046448,U-Tikhonov T16/CG32,U-Tikhonov T4/CG32,SSIM,-0.0035004615783691406
div2k,div2k/0860.png/sigma_0.150,div2k,0860.png,0.15000000596046448,U-Tikhonov T16/CG32,U-Tikhonov T4/CG32,SSIM,-0.0048691630363464355
div2k,div2k/0861.png/sigma_0.150,div2k,0861.png,0.15000000596046448,U-Tikhonov T16/CG32,U-Tikhonov T4/CG32,SSIM,-0.006490945816040039
div2k,div2k/0862.png/sigma_0.150,div2k,0862.png,0.15000000596046448,U-Tikhonov T16/CG32,U-Tikhonov T4/CG32,SSIM,0.03278762102127075
div2k,div2k/0863.png/sigma_0.150,div2k,0863.png,0.15000000596046448,U-Tikhonov T16/CG32,U-Tikhonov T4/CG32,SSIM,0.018235504627227783
div2k,div2k/0864.png/sigma_0.150,div2k,0864.png,0.15000000596046448,U-Tikhonov T16/CG32,U-Tikhonov T4/CG32,SSIM,-0.003800630569458008
div2k,div2k/0865.png/sigma_0.150,div2k,0865.png,0.15000000596046448,U-Tikhonov T16/CG32,U-Tikhonov T4/CG32,SSIM,0.002424955368041992
div2k,div2k/0866.png/sigma_0.150,div2k,0866.png,0.15000000596046448,U-Tikhonov T16/CG32,U-Tikhonov T4/CG32,SSIM,-0.00022155046463012695
div2k,div2k/0867.png/sigma_0.150,div2k,0867.png,0.15000000596046448,U-Tikhonov T16/CG32,U-Tikhonov T4/CG32,SSIM,-0.002479374408721924
div2k,div2k/0868.png/sigma_0.150,div2k,0868.png,0.15000000596046448,U-Tikhonov T16/CG32,U-Tikhonov T4/CG32,SSIM,0.05538773536682129
div2k,div2k/0869.png/sigma_0.150,div2k,0869.png,0.15000000596046448,U-Tikhonov T16/CG32,U-Tikhonov T4/CG32,SSIM,0.013293623924255371
div2k,div2k/0870.png/sigma_0.150,div2k,0870.png,0.15000000596046448,U-Tikhonov T16/CG32,U-Tikhonov T4/CG32,SSIM,-0.0035544633865356445
div2k,div2k/0871.png/sigma_0.150,div2k,0871.png,0.15000000596046448,U-Tikhonov T16/CG32,U-Tikhonov T4/CG32,SSIM,0.0014091134071350098
div2k,div2k/0872.png/sigma_0.150,div2k,0872.png,0.15000000596046448,U-Tikhonov T16/CG32,U-Tikhonov T4/CG32,SSIM,-0.001158595085144043
div2k,div2k/0873.png/sigma_0.150,div2k,0873.png,0.15000000596046448,U-Tikhonov T16/CG32,U-Tikhonov T4/CG32,SSIM,0.007147014141082764
div2k,div2k/0874.png/sigma_0.150,div2k,0874.png,0.15000000596046448,U-Tikhonov T16/CG32,U-Tikhonov T4/CG32,SSIM,-0.012658834457397461
div2k,div2k/0875.png/sigma_0.150,div2k,0875.png,0.15000000596046448,U-Tikhonov T16/CG32,U-Tikhonov T4/CG32,SSIM,-0.0020495057106018066
div2k,div2k/0876.png/sigma_0.150,div2k,0876.png,0.15000000596046448,U-Tikhonov T16/CG32,U-Tikhonov T4/CG32,SSIM,-0.00963592529296875
div2k,div2k/0877.png/sigma_0.150,div2k,0877.png,0.15000000596046448,U-Tikhonov T16/CG32,U-Tikhonov T4/CG32,SSIM,0.005937814712524414
div2k,div2k/0878.png/sigma_0.150,div2k,0878.png,0.15000000596046448,U-Tikhonov T16/CG32,U-Tikhonov T4/CG32,SSIM,0.0006446242332458496
div2k,div2k/0879.png/sigma_0.150,div2k,0879.png,0.15000000596046448,U-Tikhonov T16/CG32,U-Tikhonov T4/CG32,SSIM,0.044650137424468994
div2k,div2k/0880.png/sigma_0.150,div2k,0880.png,0.15000000596046448,U-Tikhonov T16/CG32,U-Tikhonov T4/CG32,SSIM,0.03841376304626465
div2k,div2k/0881.png/sigma_0.150,div2k,0881.png,0.15000000596046448,U-Tikhonov T16/CG32,U-Tikhonov T4/CG32,SSIM,0.012565314769744873
div2k,div2k/0882.png/sigma_0.150,div2k,0882.png,0.15000000596046448,U-Tikhonov T16/CG32,U-Tikhonov T4/CG32,SSIM,0.010883629322052002
div2k,div2k/0883.png/sigma_0.150,div2k,0883.png,0.15000000596046448,U-Tikhonov T16/CG32,U-Tikhonov T4/CG32,SSIM,0.0051094889640808105
div2k,div2k/0884.png/sigma_0.150,div2k,0884.png,0.15000000596046448,U-Tikhonov T16/CG32,U-Tikhonov T4/CG32,SSIM,0.0016809701919555664
div2k,div2k/0885.png/sigma_0.150,div2k,0885.png,0.15000000596046448,U-Tikhonov T16/CG32,U-Tikhonov T4/CG32,SSIM,-0.01535487174987793
div2k,div2k/0886.png/sigma_0.150,div2k,0886.png,0.15000000596046448,U-Tikhonov T16/CG32,U-Tikhonov T4/CG32,SSIM,0.005269408226013184
div2k,div2k/0887.png/sigma_0.150,div2k,0887.png,0.15000000596046448,U-Tikhonov T16/CG32,U-Tikhonov T4/CG32,SSIM,0.013537049293518066
div2k,div2k/0888.png/sigma_0.150,div2k,0888.png,0.15000000596046448,U-Tikhonov T16/CG32,U-Tikhonov T4/CG32,SSIM,0.002085566520690918
div2k,div2k/0889.png/sigma_0.150,div2k,0889.png,0.15000000596046448,U-Tikhonov T16/CG32,U-Tikhonov T4/CG32,SSIM,0.0018848180770874023
div2k,div2k/0890.png/sigma_0.150,div2k,0890.png,0.15000000596046448,U-Tikhonov T16/CG32,U-Tikhonov T4/CG32,SSIM,0.038650453090667725
div2k,div2k/0891.png/sigma_0.150,div2k,0891.png,0.15000000596046448,U-Tikhonov T16/CG32,U-Tikhonov T4/CG32,SSIM,0.0004399418830871582
div2k,div2k/0892.png/sigma_0.150,div2k,0892.png,0.15000000596046448,U-Tikhonov T16/CG32,U-Tikhonov T4/CG32,SSIM,-0.0005554556846618652
div2k,div2k/0893.png/sigma_0.150,div2k,0893.png,0.15000000596046448,U-Tikhonov T16/CG32,U-Tikhonov T4/CG32,SSIM,0.007040858268737793
div2k,div2k/0894.png/sigma_0.150,div2k,0894.png,0.15000000596046448,U-Tikhonov T16/CG32,U-Tikhonov T4/CG32,SSIM,0.00786823034286499
div2k,div2k/0895.png/sigma_0.150,div2k,0895.png,0.15000000596046448,U-Tikhonov T16/CG32,U-Tikhonov T4/CG32,SSIM,-0.006638824939727783
div2k,div2k/0896.png/sigma_0.150,div2k,0896.png,0.15000000596046448,U-Tikhonov T16/CG32,U-Tikhonov T4/CG32,SSIM,0.0374491810798645
div2k,div2k/0897.png/sigma_0.150,div2k,0897.png,0.15000000596046448,U-Tikhonov T16/CG32,U-Tikhonov T4/CG32,SSIM,0.0035684704780578613
div2k,div2k/0898.png/sigma_0.150,div2k,0898.png,0.15000000596046448,U-Tikhonov T16/CG32,U-Tikhonov T4/CG32,SSIM,0.0690603256225586
div2k,div2k/0899.png/sigma_0.150,div2k,0899.png,0.15000000596046448,U-Tikhonov T16/CG32,U-Tikhonov T4/CG32,SSIM,0.0005786418914794922
div2k,div2k/0900.png/sigma_0.150,div2k,0900.png,0.15000000596046448,U-Tikhonov T16/CG32,U-Tikhonov T4/CG32,SSIM,-0.002523362636566162
div2k,div2k/0801.png/sigma_0.150,div2k,0801.png,0.15000000596046448,U-Tikhonov T16/CG64,U-Tikhonov T4/CG64,PSNR,-0.016071319580078125
div2k,div2k/0802.png/sigma_0.150,div2k,0802.png,0.15000000596046448,U-Tikhonov T16/CG64,U-Tikhonov T4/CG64,PSNR,0.11841583251953125
div2k,div2k/0803.png/sigma_0.150,div2k,0803.png,0.15000000596046448,U-Tikhonov T16/CG64,U-Tikhonov T4/CG64,PSNR,0.018117904663085938
div2k,div2k/0804.png/sigma_0.150,div2k,0804.png,0.15000000596046448,U-Tikhonov T16/CG64,U-Tikhonov T4/CG64,PSNR,-0.0004787445068359375
div2k,div2k/0805.png/sigma_0.150,div2k,0805.png,0.15000000596046448,U-Tikhonov T16/CG64,U-Tikhonov T4/CG64,PSNR,-0.04233551025390625
div2k,div2k/0806.png/sigma_0.150,div2k,0806.png,0.15000000596046448,U-Tikhonov T16/CG64,U-Tikhonov T4/CG64,PSNR,0.07314682006835938
div2k,div2k/0807.png/sigma_0.150,div2k,0807.png,0.15000000596046448,U-Tikhonov T16/CG64,U-Tikhonov T4/CG64,PSNR,-0.03993988037109375
div2k,div2k/0808.png/sigma_0.150,div2k,0808.png,0.15000000596046448,U-Tikhonov T16/CG64,U-Tikhonov T4/CG64,PSNR,0.11840438842773438
div2k,div2k/0809.png/sigma_0.150,div2k,0809.png,0.15000000596046448,U-Tikhonov T16/CG64,U-Tikhonov T4/CG64,PSNR,0.00557708740234375
div2k,div2k/0810.png/sigma_0.150,div2k,0810.png,0.15000000596046448,U-Tikhonov T16/CG64,U-Tikhonov T4/CG64,PSNR,3.0517578125e-05
div2k,div2k/0811.png/sigma_0.150,div2k,0811.png,0.15000000596046448,U-Tikhonov T16/CG64,U-Tikhonov T4/CG64,PSNR,-0.019872665405273438
div2k,div2k/0812.png/sigma_0.150,div2k,0812.png,0.15000000596046448,U-Tikhonov T16/CG64,U-Tikhonov T4/CG64,PSNR,0.04456901550292969
div2k,div2k/0813.png/sigma_0.150,div2k,0813.png,0.15000000596046448,U-Tikhonov T16/CG64,U-Tikhonov T4/CG64,PSNR,-0.010168075561523438
div2k,div2k/0814.png/sigma_0.150,div2k,0814.png,0.15000000596046448,U-Tikhonov T16/CG64,U-Tikhonov T4/CG64,PSNR,0.14191818237304688
div2k,div2k/0815.png/sigma_0.150,div2k,0815.png,0.15000000596046448,U-Tikhonov T16/CG64,U-Tikhonov T4/CG64,PSNR,0.029874801635742188
div2k,div2k/0816.png/sigma_0.150,div2k,0816.png,0.15000000596046448,U-Tikhonov T16/CG64,U-Tikhonov T4/CG64,PSNR,0.041210174560546875
div2k,div2k/0817.png/sigma_0.150,div2k,0817.png,0.15000000596046448,U-Tikhonov T16/CG64,U-Tikhonov T4/CG64,PSNR,0.06080436706542969
div2k,div2k/0818.png/sigma_0.150,div2k,0818.png,0.15000000596046448,U-Tikhonov T16/CG64,U-Tikhonov T4/CG64,PSNR,0.035221099853515625
div2k,div2k/0819.png/sigma_0.150,div2k,0819.png,0.15000000596046448,U-Tikhonov T16/CG64,U-Tikhonov T4/CG64,PSNR,-0.016359329223632812
div2k,div2k/0820.png/sigma_0.150,div2k,0820.png,0.15000000596046448,U-Tikhonov T16/CG64,U-Tikhonov T4/CG64,PSNR,-0.1136627197265625
div2k,div2k/0821.png/sigma_0.150,div2k,0821.png,0.15000000596046448,U-Tikhonov T16/CG64,U-Tikhonov T4/CG64,PSNR,-0.04148674011230469
div2k,div2k/0822.png/sigma_0.150,div2k,0822.png,0.15000000596046448,U-Tikhonov T16/CG64,U-Tikhonov T4/CG64,PSNR,-0.017236709594726562
div2k,div2k/0823.png/sigma_0.150,div2k,0823.png,0.15000000596046448,U-Tikhonov T16/CG64,U-Tikhonov T4/CG64,PSNR,0.10366249084472656
div2k,div2k/0824.png/sigma_0.150,div2k,0824.png,0.15000000596046448,U-Tikhonov T16/CG64,U-Tikhonov T4/CG64,PSNR,0.13051795959472656
div2k,div2k/0825.png/sigma_0.150,div2k,0825.png,0.15000000596046448,U-Tikhonov T16/CG64,U-Tikhonov T4/CG64,PSNR,0.07933235168457031
div2k,div2k/0826.png/sigma_0.150,div2k,0826.png,0.15000000596046448,U-Tikhonov T16/CG64,U-Tikhonov T4/CG64,PSNR,0.0481414794921875
div2k,div2k/0827.png/sigma_0.150,div2k,0827.png,0.15000000596046448,U-Tikhonov T16/CG64,U-Tikhonov T4/CG64,PSNR,0.020786285400390625
div2k,div2k/0828.png/sigma_0.150,div2k,0828.png,0.15000000596046448,U-Tikhonov T16/CG64,U-Tikhonov T4/CG64,PSNR,-0.2355670928955078
div2k,div2k/0829.png/sigma_0.150,div2k,0829.png,0.15000000596046448,U-Tikhonov T16/CG64,U-Tikhonov T4/CG64,PSNR,0.1540966033935547
div2k,div2k/0830.png/sigma_0.150,div2k,0830.png,0.15000000596046448,U-Tikhonov T16/CG64,U-Tikhonov T4/CG64,PSNR,-0.018190383911132812
div2k,div2k/0831.png/sigma_0.150,div2k,0831.png,0.15000000596046448,U-Tikhonov T16/CG64,U-Tikhonov T4/CG64,PSNR,0.031078338623046875
div2k,div2k/0832.png/sigma_0.150,div2k,0832.png,0.15000000596046448,U-Tikhonov T16/CG64,U-Tikhonov T4/CG64,PSNR,0.041446685791015625
div2k,div2k/0833.png/sigma_0.150,div2k,0833.png,0.15000000596046448,U-Tikhonov T16/CG64,U-Tikhonov T4/CG64,PSNR,0.11232185363769531
div2k,div2k/0834.png/sigma_0.150,div2k,0834.png,0.15000000596046448,U-Tikhonov T16/CG64,U-Tikhonov T4/CG64,PSNR,0.09884071350097656
div2k,div2k/0835.png/sigma_0.150,div2k,0835.png,0.15000000596046448,U-Tikhonov T16/CG64,U-Tikhonov T4/CG64,PSNR,-0.017482757568359375
div2k,div2k/0836.png/sigma_0.150,div2k,0836.png,0.15000000596046448,U-Tikhonov T16/CG64,U-Tikhonov T4/CG64,PSNR,0.06819915771484375
div2k,div2k/0837.png/sigma_0.150,div2k,0837.png,0.15000000596046448,U-Tikhonov T16/CG64,U-Tikhonov T4/CG64,PSNR,0.03800201416015625
div2k,div2k/0838.png/sigma_0.150,div2k,0838.png,0.15000000596046448,U-Tikhonov T16/CG64,U-Tikhonov T4/CG64,PSNR,0.15106201171875
div2k,div2k/0839.png/sigma_0.150,div2k,0839.png,0.15000000596046448,U-Tikhonov T16/CG64,U-Tikhonov T4/CG64,PSNR,0.03693199157714844
div2k,div2k/0840.png/sigma_0.150,div2k,0840.png,0.15000000596046448,U-Tikhonov T16/CG64,U-Tikhonov T4/CG64,PSNR,0.01378631591796875
div2k,div2k/0841.png/sigma_0.150,div2k,0841.png,0.15000000596046448,U-Tikhonov T16/CG64,U-Tikhonov T4/CG64,PSNR,-0.06138038635253906
div2k,div2k/0842.png/sigma_0.150,div2k,0842.png,0.15000000596046448,U-Tikhonov T16/CG64,U-Tikhonov T4/CG64,PSNR,-0.01404571533203125
div2k,div2k/0843.png/sigma_0.150,div2k,0843.png,0.15000000596046448,U-Tikhonov T16/CG64,U-Tikhonov T4/CG64,PSNR,0.14177894592285156
div2k,div2k/0844.png/sigma_0.150,div2k,0844.png,0.15000000596046448,U-Tikhonov T16/CG64,U-Tikhonov T4/CG64,PSNR,0.1892223358154297
div2k,div2k/0845.png/sigma_0.150,div2k,0845.png,0.15000000596046448,U-Tikhonov T16/CG64,U-Tikhonov T4/CG64,PSNR,0.019962310791015625
div2k,div2k/0846.png/sigma_0.150,div2k,0846.png,0.15000000596046448,U-Tikhonov T16/CG64,U-Tikhonov T4/CG64,PSNR,-0.026515960693359375
div2k,div2k/0847.png/sigma_0.150,div2k,0847.png,0.15000000596046448,U-Tikhonov T16/CG64,U-Tikhonov T4/CG64,PSNR,0.1171417236328125
div2k,div2k/0848.png/sigma_0.150,div2k,0848.png,0.15000000596046448,U-Tikhonov T16/CG64,U-Tikhonov T4/CG64,PSNR,0.04952049255371094
div2k,div2k/0849.png/sigma_0.150,div2k,0849.png,0.15000000596046448,U-Tikhonov T16/CG64,U-Tikhonov T4/CG64,PSNR,-0.05710601806640625
div2k,div2k/0850.png/sigma_0.150,div2k,0850.png,0.15000000596046448,U-Tikhonov T16/CG64,U-Tikhonov T4/CG64,PSNR,0.017894744873046875
div2k,div2k/0851.png/sigma_0.150,div2k,0851.png,0.15000000596046448,U-Tikhonov T16/CG64,U-Tikhonov T4/CG64,PSNR,0.05642127990722656
div2k,div2k/0852.png/sigma_0.150,div2k,0852.png,0.15000000596046448,U-Tikhonov T16/CG64,U-Tikhonov T4/CG64,PSNR,-0.0011138916015625
div2k,div2k/0853.png/sigma_0.150,div2k,0853.png,0.15000000596046448,U-Tikhonov T16/CG64,U-Tikhonov T4/CG64,PSNR,0.08670806884765625
div2k,div2k/0854.png/sigma_0.150,div2k,0854.png,0.15000000596046448,U-Tikhonov T16/CG64,U-Tikhonov T4/CG64,PSNR,0.0132904052734375
div2k,div2k/0855.png/sigma_0.150,div2k,0855.png,0.15000000596046448,U-Tikhonov T16/CG64,U-Tikhonov T4/CG64,PSNR,-0.026136398315429688
div2k,div2k/0856.png/sigma_0.150,div2k,0856.png,0.15000000596046448,U-Tikhonov T16/CG64,U-Tikhonov T4/CG64,PSNR,-0.05168914794921875
div2k,div2k/0857.png/sigma_0.150,div2k,0857.png,0.15000000596046448,U-Tikhonov T16/CG64,U-Tikhonov T4/CG64,PSNR,0.07950782775878906
div2k,div2k/0858.png/sigma_0.150,div2k,0858.png,0.15000000596046448,U-Tikhonov T16/CG64,U-Tikhonov T4/CG64,PSNR,-0.025499343872070312
div2k,div2k/0859.png/sigma_0.150,div2k,0859.png,0.15000000596046448,U-Tikhonov T16/CG64,U-Tikhonov T4/CG64,PSNR,0.002933502197265625
div2k,div2k/0860.png/sigma_0.150,div2k,0860.png,0.15000000596046448,U-Tikhonov T16/CG64,U-Tikhonov T4/CG64,PSNR,0.001697540283203125
div2k,div2k/0861.png/sigma_0.150,div2k,0861.png,0.15000000596046448,U-Tikhonov T16/CG64,U-Tikhonov T4/CG64,PSNR,-0.07007408142089844
div2k,div2k/0862.png/sigma_0.150,div2k,0862.png,0.15000000596046448,U-Tikhonov T16/CG64,U-Tikhonov T4/CG64,PSNR,0.2916069030761719
div2k,div2k/0863.png/sigma_0.150,div2k,0863.png,0.15000000596046448,U-Tikhonov T16/CG64,U-Tikhonov T4/CG64,PSNR,0.032428741455078125
div2k,div2k/0864.png/sigma_0.150,div2k,0864.png,0.15000000596046448,U-Tikhonov T16/CG64,U-Tikhonov T4/CG64,PSNR,0.042827606201171875
div2k,div2k/0865.png/sigma_0.150,div2k,0865.png,0.15000000596046448,U-Tikhonov T16/CG64,U-Tikhonov T4/CG64,PSNR,0.01611328125
div2k,div2k/0866.png/sigma_0.150,div2k,0866.png,0.15000000596046448,U-Tikhonov T16/CG64,U-Tikhonov T4/CG64,PSNR,0.0053730010986328125
div2k,div2k/0867.png/sigma_0.150,div2k,0867.png,0.15000000596046448,U-Tikhonov T16/CG64,U-Tikhonov T4/CG64,PSNR,-0.00547027587890625
div2k,div2k/0868.png/sigma_0.150,div2k,0868.png,0.15000000596046448,U-Tikhonov T16/CG64,U-Tikhonov T4/CG64,PSNR,0.2224884033203125
div2k,div2k/0869.png/sigma_0.150,div2k,0869.png,0.15000000596046448,U-Tikhonov T16/CG64,U-Tikhonov T4/CG64,PSNR,0.050090789794921875
div2k,div2k/0870.png/sigma_0.150,div2k,0870.png,0.15000000596046448,U-Tikhonov T16/CG64,U-Tikhonov T4/CG64,PSNR,0.0052013397216796875
div2k,div2k/0871.png/sigma_0.150,div2k,0871.png,0.15000000596046448,U-Tikhonov T16/CG64,U-Tikhonov T4/CG64,PSNR,0.03352546691894531
div2k,div2k/0872.png/sigma_0.150,div2k,0872.png,0.15000000596046448,U-Tikhonov T16/CG64,U-Tikhonov T4/CG64,PSNR,-0.0012836456298828125
div2k,div2k/0873.png/sigma_0.150,div2k,0873.png,0.15000000596046448,U-Tikhonov T16/CG64,U-Tikhonov T4/CG64,PSNR,-0.0308685302734375
div2k,div2k/0874.png/sigma_0.150,div2k,0874.png,0.15000000596046448,U-Tikhonov T16/CG64,U-Tikhonov T4/CG64,PSNR,0.005733489990234375
div2k,div2k/0875.png/sigma_0.150,div2k,0875.png,0.15000000596046448,U-Tikhonov T16/CG64,U-Tikhonov T4/CG64,PSNR,0.1313953399658203
div2k,div2k/0876.png/sigma_0.150,div2k,0876.png,0.15000000596046448,U-Tikhonov T16/CG64,U-Tikhonov T4/CG64,PSNR,-0.04058265686035156
div2k,div2k/0877.png/sigma_0.150,div2k,0877.png,0.15000000596046448,U-Tikhonov T16/CG64,U-Tikhonov T4/CG64,PSNR,0.07428359985351562
div2k,div2k/0878.png/sigma_0.150,div2k,0878.png,0.15000000596046448,U-Tikhonov T16/CG64,U-Tikhonov T4/CG64,PSNR,0.00839996337890625
div2k,div2k/0879.png/sigma_0.150,div2k,0879.png,0.15000000596046448,U-Tikhonov T16/CG64,U-Tikhonov T4/CG64,PSNR,0.1894989013671875
div2k,div2k/0880.png/sigma_0.150,div2k,0880.png,0.15000000596046448,U-Tikhonov T16/CG64,U-Tikhonov T4/CG64,PSNR,0.11461448669433594
div2k,div2k/0881.png/sigma_0.150,div2k,0881.png,0.15000000596046448,U-Tikhonov T16/CG64,U-Tikhonov T4/CG64,PSNR,0.01619720458984375
div2k,div2k/0882.png/sigma_0.150,div2k,0882.png,0.15000000596046448,U-Tikhonov T16/CG64,U-Tikhonov T4/CG64,PSNR,0.039520263671875
div2k,div2k/0883.png/sigma_0.150,div2k,0883.png,0.15000000596046448,U-Tikhonov T16/CG64,U-Tikhonov T4/CG64,PSNR,0.02681732177734375
div2k,div2k/0884.png/sigma_0.150,div2k,0884.png,0.15000000596046448,U-Tikhonov T16/CG64,U-Tikhonov T4/CG64,PSNR,0.026845932006835938
div2k,div2k/0885.png/sigma_0.150,div2k,0885.png,0.15000000596046448,U-Tikhonov T16/CG64,U-Tikhonov T4/CG64,PSNR,-0.10171318054199219
div2k,div2k/0886.png/sigma_0.150,div2k,0886.png,0.15000000596046448,U-Tikhonov T16/CG64,U-Tikhonov T4/CG64,PSNR,0.027631759643554688
div2k,div2k/0887.png/sigma_0.150,div2k,0887.png,0.15000000596046448,U-Tikhonov T16/CG64,U-Tikhonov T4/CG64,PSNR,0.028673171997070312
div2k,div2k/0888.png/sigma_0.150,div2k,0888.png,0.15000000596046448,U-Tikhonov T16/CG64,U-Tikhonov T4/CG64,PSNR,0.092559814453125
div2k,div2k/0889.png/sigma_0.150,div2k,0889.png,0.15000000596046448,U-Tikhonov T16/CG64,U-Tikhonov T4/CG64,PSNR,0.0043849945068359375
div2k,div2k/0890.png/sigma_0.150,div2k,0890.png,0.15000000596046448,U-Tikhonov T16/CG64,U-Tikhonov T4/CG64,PSNR,0.18065452575683594
div2k,div2k/0891.png/sigma_0.150,div2k,0891.png,0.15000000596046448,U-Tikhonov T16/CG64,U-Tikhonov T4/CG64,PSNR,0.07548713684082031
div2k,div2k/0892.png/sigma_0.150,div2k,0892.png,0.15000000596046448,U-Tikhonov T16/CG64,U-Tikhonov T4/CG64,PSNR,-0.20328330993652344
div2k,div2k/0893.png/sigma_0.150,div2k,0893.png,0.15000000596046448,U-Tikhonov T16/CG64,U-Tikhonov T4/CG64,PSNR,0.017803192138671875
div2k,div2k/0894.png/sigma_0.150,div2k,0894.png,0.15000000596046448,U-Tikhonov T16/CG64,U-Tikhonov T4/CG64,PSNR,0.09259986877441406
div2k,div2k/0895.png/sigma_0.150,div2k,0895.png,0.15000000596046448,U-Tikhonov T16/CG64,U-Tikhonov T4/CG64,PSNR,-0.01590728759765625
div2k,div2k/0896.png/sigma_0.150,div2k,0896.png,0.15000000596046448,U-Tikhonov T16/CG64,U-Tikhonov T4/CG64,PSNR,0.3280029296875
div2k,div2k/0897.png/sigma_0.150,div2k,0897.png,0.15000000596046448,U-Tikhonov T16/CG64,U-Tikhonov T4/CG64,PSNR,0.07886886596679688
div2k,div2k/0898.png/sigma_0.150,div2k,0898.png,0.15000000596046448,U-Tikhonov T16/CG64,U-Tikhonov T4/CG64,PSNR,0.3855876922607422
div2k,div2k/0899.png/sigma_0.150,div2k,0899.png,0.15000000596046448,U-Tikhonov T16/CG64,U-Tikhonov T4/CG64,PSNR,0.04167938232421875
div2k,div2k/0900.png/sigma_0.150,div2k,0900.png,0.15000000596046448,U-Tikhonov T16/CG64,U-Tikhonov T4/CG64,PSNR,0.05193328857421875
div2k,div2k/0801.png/sigma_0.150,div2k,0801.png,0.15000000596046448,U-Tikhonov T16/CG64,U-Tikhonov T4/CG64,SSIM,-0.0033374428749084473
div2k,div2k/0802.png/sigma_0.150,div2k,0802.png,0.15000000596046448,U-Tikhonov T16/CG64,U-Tikhonov T4/CG64,SSIM,0.0027737021446228027
div2k,div2k/0803.png/sigma_0.150,div2k,0803.png,0.15000000596046448,U-Tikhonov T16/CG64,U-Tikhonov T4/CG64,SSIM,2.8789043426513672e-05
div2k,div2k/0804.png/sigma_0.150,div2k,0804.png,0.15000000596046448,U-Tikhonov T16/CG64,U-Tikhonov T4/CG64,SSIM,-0.000994265079498291
div2k,div2k/0805.png/sigma_0.150,div2k,0805.png,0.15000000596046448,U-Tikhonov T16/CG64,U-Tikhonov T4/CG64,SSIM,-0.0046866536140441895
div2k,div2k/0806.png/sigma_0.150,div2k,0806.png,0.15000000596046448,U-Tikhonov T16/CG64,U-Tikhonov T4/CG64,SSIM,0.0036529898643493652
div2k,div2k/0807.png/sigma_0.150,div2k,0807.png,0.15000000596046448,U-Tikhonov T16/CG64,U-Tikhonov T4/CG64,SSIM,-0.004387259483337402
div2k,div2k/0808.png/sigma_0.150,div2k,0808.png,0.15000000596046448,U-Tikhonov T16/CG64,U-Tikhonov T4/CG64,SSIM,0.02415001392364502
div2k,div2k/0809.png/sigma_0.150,div2k,0809.png,0.15000000596046448,U-Tikhonov T16/CG64,U-Tikhonov T4/CG64,SSIM,-0.003939211368560791
div2k,div2k/0810.png/sigma_0.150,div2k,0810.png,0.15000000596046448,U-Tikhonov T16/CG64,U-Tikhonov T4/CG64,SSIM,0.0002142190933227539
div2k,div2k/0811.png/sigma_0.150,div2k,0811.png,0.15000000596046448,U-Tikhonov T16/CG64,U-Tikhonov T4/CG64,SSIM,-0.009727954864501953
div2k,div2k/0812.png/sigma_0.150,div2k,0812.png,0.15000000596046448,U-Tikhonov T16/CG64,U-Tikhonov T4/CG64,SSIM,0.010466039180755615
div2k,div2k/0813.png/sigma_0.150,div2k,0813.png,0.15000000596046448,U-Tikhonov T16/CG64,U-Tikhonov T4/CG64,SSIM,0.0038486123085021973
div2k,div2k/0814.png/sigma_0.150,div2k,0814.png,0.15000000596046448,U-Tikhonov T16/CG64,U-Tikhonov T4/CG64,SSIM,0.04979044198989868
div2k,div2k/0815.png/sigma_0.150,div2k,0815.png,0.15000000596046448,U-Tikhonov T16/CG64,U-Tikhonov T4/CG64,SSIM,-0.0008454322814941406
div2k,div2k/0816.png/sigma_0.150,div2k,0816.png,0.15000000596046448,U-Tikhonov T16/CG64,U-Tikhonov T4/CG64,SSIM,0.003679931163787842
div2k,div2k/0817.png/sigma_0.150,div2k,0817.png,0.15000000596046448,U-Tikhonov T16/CG64,U-Tikhonov T4/CG64,SSIM,0.013057291507720947
div2k,div2k/0818.png/sigma_0.150,div2k,0818.png,0.15000000596046448,U-Tikhonov T16/CG64,U-Tikhonov T4/CG64,SSIM,0.007938683032989502
div2k,div2k/0819.png/sigma_0.150,div2k,0819.png,0.15000000596046448,U-Tikhonov T16/CG64,U-Tikhonov T4/CG64,SSIM,-0.0025986433029174805
div2k,div2k/0820.png/sigma_0.150,div2k,0820.png,0.15000000596046448,U-Tikhonov T16/CG64,U-Tikhonov T4/CG64,SSIM,-0.00888127088546753
div2k,div2k/0821.png/sigma_0.150,div2k,0821.png,0.15000000596046448,U-Tikhonov T16/CG64,U-Tikhonov T4/CG64,SSIM,-0.002474665641784668
div2k,div2k/0822.png/sigma_0.150,div2k,0822.png,0.15000000596046448,U-Tikhonov T16/CG64,U-Tikhonov T4/CG64,SSIM,-0.006979405879974365
div2k,div2k/0823.png/sigma_0.150,div2k,0823.png,0.15000000596046448,U-Tikhonov T16/CG64,U-Tikhonov T4/CG64,SSIM,0.03021019697189331
div2k,div2k/0824.png/sigma_0.150,div2k,0824.png,0.15000000596046448,U-Tikhonov T16/CG64,U-Tikhonov T4/CG64,SSIM,0.005150794982910156
div2k,div2k/0825.png/sigma_0.150,div2k,0825.png,0.15000000596046448,U-Tikhonov T16/CG64,U-Tikhonov T4/CG64,SSIM,0.0017957091331481934
div2k,div2k/0826.png/sigma_0.150,div2k,0826.png,0.15000000596046448,U-Tikhonov T16/CG64,U-Tikhonov T4/CG64,SSIM,0.01334679126739502
div2k,div2k/0827.png/sigma_0.150,div2k,0827.png,0.15000000596046448,U-Tikhonov T16/CG64,U-Tikhonov T4/CG64,SSIM,0.0032759904861450195
div2k,div2k/0828.png/sigma_0.150,div2k,0828.png,0.15000000596046448,U-Tikhonov T16/CG64,U-Tikhonov T4/CG64,SSIM,-0.02068197727203369
div2k,div2k/0829.png/sigma_0.150,div2k,0829.png,0.15000000596046448,U-Tikhonov T16/CG64,U-Tikhonov T4/CG64,SSIM,0.009858012199401855
div2k,div2k/0830.png/sigma_0.150,div2k,0830.png,0.15000000596046448,U-Tikhonov T16/CG64,U-Tikhonov T4/CG64,SSIM,0.009108781814575195
div2k,div2k/0831.png/sigma_0.150,div2k,0831.png,0.15000000596046448,U-Tikhonov T16/CG64,U-Tikhonov T4/CG64,SSIM,0.0011392831802368164
div2k,div2k/0832.png/sigma_0.150,div2k,0832.png,0.15000000596046448,U-Tikhonov T16/CG64,U-Tikhonov T4/CG64,SSIM,0.003720223903656006
div2k,div2k/0833.png/sigma_0.150,div2k,0833.png,0.15000000596046448,U-Tikhonov T16/CG64,U-Tikhonov T4/CG64,SSIM,0.02781575918197632
div2k,div2k/0834.png/sigma_0.150,div2k,0834.png,0.15000000596046448,U-Tikhonov T16/CG64,U-Tikhonov T4/CG64,SSIM,0.007754921913146973
div2k,div2k/0835.png/sigma_0.150,div2k,0835.png,0.15000000596046448,U-Tikhonov T16/CG64,U-Tikhonov T4/CG64,SSIM,-0.003974795341491699
div2k,div2k/0836.png/sigma_0.150,div2k,0836.png,0.15000000596046448,U-Tikhonov T16/CG64,U-Tikhonov T4/CG64,SSIM,0.010151386260986328
div2k,div2k/0837.png/sigma_0.150,div2k,0837.png,0.15000000596046448,U-Tikhonov T16/CG64,U-Tikhonov T4/CG64,SSIM,0.0003166794776916504
div2k,div2k/0838.png/sigma_0.150,div2k,0838.png,0.15000000596046448,U-Tikhonov T16/CG64,U-Tikhonov T4/CG64,SSIM,0.012419462203979492
div2k,div2k/0839.png/sigma_0.150,div2k,0839.png,0.15000000596046448,U-Tikhonov T16/CG64,U-Tikhonov T4/CG64,SSIM,-0.004286468029022217
div2k,div2k/0840.png/sigma_0.150,div2k,0840.png,0.15000000596046448,U-Tikhonov T16/CG64,U-Tikhonov T4/CG64,SSIM,-0.001193702220916748
div2k,div2k/0841.png/sigma_0.150,div2k,0841.png,0.15000000596046448,U-Tikhonov T16/CG64,U-Tikhonov T4/CG64,SSIM,0.000784456729888916
div2k,div2k/0842.png/sigma_0.150,div2k,0842.png,0.15000000596046448,U-Tikhonov T16/CG64,U-Tikhonov T4/CG64,SSIM,-0.0004696846008300781
div2k,div2k/0843.png/sigma_0.150,div2k,0843.png,0.15000000596046448,U-Tikhonov T16/CG64,U-Tikhonov T4/CG64,SSIM,0.0419234037399292
div2k,div2k/0844.png/sigma_0.150,div2k,0844.png,0.15000000596046448,U-Tikhonov T16/CG64,U-Tikhonov T4/CG64,SSIM,0.01932913064956665
div2k,div2k/0845.png/sigma_0.150,div2k,0845.png,0.15000000596046448,U-Tikhonov T16/CG64,U-Tikhonov T4/CG64,SSIM,0.00465923547744751
div2k,div2k/0846.png/sigma_0.150,div2k,0846.png,0.15000000596046448,U-Tikhonov T16/CG64,U-Tikhonov T4/CG64,SSIM,0.0013747215270996094
div2k,div2k/0847.png/sigma_0.150,div2k,0847.png,0.15000000596046448,U-Tikhonov T16/CG64,U-Tikhonov T4/CG64,SSIM,0.005369901657104492
div2k,div2k/0848.png/sigma_0.150,div2k,0848.png,0.15000000596046448,U-Tikhonov T16/CG64,U-Tikhonov T4/CG64,SSIM,0.0010634660720825195
div2k,div2k/0849.png/sigma_0.150,div2k,0849.png,0.15000000596046448,U-Tikhonov T16/CG64,U-Tikhonov T4/CG64,SSIM,-0.0052384138107299805
div2k,div2k/0850.png/sigma_0.150,div2k,0850.png,0.15000000596046448,U-Tikhonov T16/CG64,U-Tikhonov T4/CG64,SSIM,0.002021968364715576
div2k,div2k/0851.png/sigma_0.150,div2k,0851.png,0.15000000596046448,U-Tikhonov T16/CG64,U-Tikhonov T4/CG64,SSIM,0.03507810831069946
div2k,div2k/0852.png/sigma_0.150,div2k,0852.png,0.15000000596046448,U-Tikhonov T16/CG64,U-Tikhonov T4/CG64,SSIM,-0.006850898265838623
div2k,div2k/0853.png/sigma_0.150,div2k,0853.png,0.15000000596046448,U-Tikhonov T16/CG64,U-Tikhonov T4/CG64,SSIM,0.02250581979751587
div2k,div2k/0854.png/sigma_0.150,div2k,0854.png,0.15000000596046448,U-Tikhonov T16/CG64,U-Tikhonov T4/CG64,SSIM,0.016240835189819336
div2k,div2k/0855.png/sigma_0.150,div2k,0855.png,0.15000000596046448,U-Tikhonov T16/CG64,U-Tikhonov T4/CG64,SSIM,0.0039476752281188965
div2k,div2k/0856.png/sigma_0.150,div2k,0856.png,0.15000000596046448,U-Tikhonov T16/CG64,U-Tikhonov T4/CG64,SSIM,-0.006681323051452637
div2k,div2k/0857.png/sigma_0.150,div2k,0857.png,0.15000000596046448,U-Tikhonov T16/CG64,U-Tikhonov T4/CG64,SSIM,0.0034832358360290527
div2k,div2k/0858.png/sigma_0.150,div2k,0858.png,0.15000000596046448,U-Tikhonov T16/CG64,U-Tikhonov T4/CG64,SSIM,-0.00923001766204834
div2k,div2k/0859.png/sigma_0.150,div2k,0859.png,0.15000000596046448,U-Tikhonov T16/CG64,U-Tikhonov T4/CG64,SSIM,-0.0027619600296020508
div2k,div2k/0860.png/sigma_0.150,div2k,0860.png,0.15000000596046448,U-Tikhonov T16/CG64,U-Tikhonov T4/CG64,SSIM,-0.005470335483551025
div2k,div2k/0861.png/sigma_0.150,div2k,0861.png,0.15000000596046448,U-Tikhonov T16/CG64,U-Tikhonov T4/CG64,SSIM,-0.01002424955368042
div2k,div2k/0862.png/sigma_0.150,div2k,0862.png,0.15000000596046448,U-Tikhonov T16/CG64,U-Tikhonov T4/CG64,SSIM,0.033654630184173584
div2k,div2k/0863.png/sigma_0.150,div2k,0863.png,0.15000000596046448,U-Tikhonov T16/CG64,U-Tikhonov T4/CG64,SSIM,0.015213966369628906
div2k,div2k/0864.png/sigma_0.150,div2k,0864.png,0.15000000596046448,U-Tikhonov T16/CG64,U-Tikhonov T4/CG64,SSIM,0.001188039779663086
div2k,div2k/0865.png/sigma_0.150,div2k,0865.png,0.15000000596046448,U-Tikhonov T16/CG64,U-Tikhonov T4/CG64,SSIM,0.001920461654663086
div2k,div2k/0866.png/sigma_0.150,div2k,0866.png,0.15000000596046448,U-Tikhonov T16/CG64,U-Tikhonov T4/CG64,SSIM,-0.0005807280540466309
div2k,div2k/0867.png/sigma_0.150,div2k,0867.png,0.15000000596046448,U-Tikhonov T16/CG64,U-Tikhonov T4/CG64,SSIM,-0.0009565353393554688
div2k,div2k/0868.png/sigma_0.150,div2k,0868.png,0.15000000596046448,U-Tikhonov T16/CG64,U-Tikhonov T4/CG64,SSIM,0.05184066295623779
div2k,div2k/0869.png/sigma_0.150,div2k,0869.png,0.15000000596046448,U-Tikhonov T16/CG64,U-Tikhonov T4/CG64,SSIM,0.01577240228652954
div2k,div2k/0870.png/sigma_0.150,div2k,0870.png,0.15000000596046448,U-Tikhonov T16/CG64,U-Tikhonov T4/CG64,SSIM,-0.002543926239013672
div2k,div2k/0871.png/sigma_0.150,div2k,0871.png,0.15000000596046448,U-Tikhonov T16/CG64,U-Tikhonov T4/CG64,SSIM,-0.00036072731018066406
div2k,div2k/0872.png/sigma_0.150,div2k,0872.png,0.15000000596046448,U-Tikhonov T16/CG64,U-Tikhonov T4/CG64,SSIM,-0.0007646083831787109
div2k,div2k/0873.png/sigma_0.150,div2k,0873.png,0.15000000596046448,U-Tikhonov T16/CG64,U-Tikhonov T4/CG64,SSIM,0.0039948225021362305
div2k,div2k/0874.png/sigma_0.150,div2k,0874.png,0.15000000596046448,U-Tikhonov T16/CG64,U-Tikhonov T4/CG64,SSIM,-0.0028801560401916504
div2k,div2k/0875.png/sigma_0.150,div2k,0875.png,0.15000000596046448,U-Tikhonov T16/CG64,U-Tikhonov T4/CG64,SSIM,0.004559040069580078
div2k,div2k/0876.png/sigma_0.150,div2k,0876.png,0.15000000596046448,U-Tikhonov T16/CG64,U-Tikhonov T4/CG64,SSIM,-0.009233713150024414
div2k,div2k/0877.png/sigma_0.150,div2k,0877.png,0.15000000596046448,U-Tikhonov T16/CG64,U-Tikhonov T4/CG64,SSIM,0.002513885498046875
div2k,div2k/0878.png/sigma_0.150,div2k,0878.png,0.15000000596046448,U-Tikhonov T16/CG64,U-Tikhonov T4/CG64,SSIM,-0.0015172958374023438
div2k,div2k/0879.png/sigma_0.150,div2k,0879.png,0.15000000596046448,U-Tikhonov T16/CG64,U-Tikhonov T4/CG64,SSIM,0.04215133190155029
div2k,div2k/0880.png/sigma_0.150,div2k,0880.png,0.15000000596046448,U-Tikhonov T16/CG64,U-Tikhonov T4/CG64,SSIM,0.03352177143096924
div2k,div2k/0881.png/sigma_0.150,div2k,0881.png,0.15000000596046448,U-Tikhonov T16/CG64,U-Tikhonov T4/CG64,SSIM,0.00935661792755127
div2k,div2k/0882.png/sigma_0.150,div2k,0882.png,0.15000000596046448,U-Tikhonov T16/CG64,U-Tikhonov T4/CG64,SSIM,0.004632294178009033
div2k,div2k/0883.png/sigma_0.150,div2k,0883.png,0.15000000596046448,U-Tikhonov T16/CG64,U-Tikhonov T4/CG64,SSIM,0.0007749199867248535
div2k,div2k/0884.png/sigma_0.150,div2k,0884.png,0.15000000596046448,U-Tikhonov T16/CG64,U-Tikhonov T4/CG64,SSIM,-0.00018489360809326172
div2k,div2k/0885.png/sigma_0.150,div2k,0885.png,0.15000000596046448,U-Tikhonov T16/CG64,U-Tikhonov T4/CG64,SSIM,-0.009610295295715332
div2k,div2k/0886.png/sigma_0.150,div2k,0886.png,0.15000000596046448,U-Tikhonov T16/CG64,U-Tikhonov T4/CG64,SSIM,0.0019023418426513672
div2k,div2k/0887.png/sigma_0.150,div2k,0887.png,0.15000000596046448,U-Tikhonov T16/CG64,U-Tikhonov T4/CG64,SSIM,0.01116865873336792
div2k,div2k/0888.png/sigma_0.150,div2k,0888.png,0.15000000596046448,U-Tikhonov T16/CG64,U-Tikhonov T4/CG64,SSIM,0.002769649028778076
div2k,div2k/0889.png/sigma_0.150,div2k,0889.png,0.15000000596046448,U-Tikhonov T16/CG64,U-Tikhonov T4/CG64,SSIM,-0.0016497969627380371
div2k,div2k/0890.png/sigma_0.150,div2k,0890.png,0.15000000596046448,U-Tikhonov T16/CG64,U-Tikhonov T4/CG64,SSIM,0.03848510980606079
div2k,div2k/0891.png/sigma_0.150,div2k,0891.png,0.15000000596046448,U-Tikhonov T16/CG64,U-Tikhonov T4/CG64,SSIM,0.0017748475074768066
div2k,div2k/0892.png/sigma_0.150,div2k,0892.png,0.15000000596046448,U-Tikhonov T16/CG64,U-Tikhonov T4/CG64,SSIM,-0.015538573265075684
div2k,div2k/0893.png/sigma_0.150,div2k,0893.png,0.15000000596046448,U-Tikhonov T16/CG64,U-Tikhonov T4/CG64,SSIM,0.0029191970825195312
div2k,div2k/0894.png/sigma_0.150,div2k,0894.png,0.15000000596046448,U-Tikhonov T16/CG64,U-Tikhonov T4/CG64,SSIM,0.0031850337982177734
div2k,div2k/0895.png/sigma_0.150,div2k,0895.png,0.15000000596046448,U-Tikhonov T16/CG64,U-Tikhonov T4/CG64,SSIM,-0.005470097064971924
div2k,div2k/0896.png/sigma_0.150,div2k,0896.png,0.15000000596046448,U-Tikhonov T16/CG64,U-Tikhonov T4/CG64,SSIM,0.035135865211486816
div2k,div2k/0897.png/sigma_0.150,div2k,0897.png,0.15000000596046448,U-Tikhonov T16/CG64,U-Tikhonov T4/CG64,SSIM,0.002432703971862793
div2k,div2k/0898.png/sigma_0.150,div2k,0898.png,0.15000000596046448,U-Tikhonov T16/CG64,U-Tikhonov T4/CG64,SSIM,0.06737464666366577
div2k,div2k/0899.png/sigma_0.150,div2k,0899.png,0.15000000596046448,U-Tikhonov T16/CG64,U-Tikhonov T4/CG64,SSIM,0.0004443526268005371
div2k,div2k/0900.png/sigma_0.150,div2k,0900.png,0.15000000596046448,U-Tikhonov T16/CG64,U-Tikhonov T4/CG64,SSIM,-0.001481473445892334
div2k,div2k/0801.png/sigma_0.150,div2k,0801.png,0.15000000596046448,U-Tikhonov T4/CG64,U-Tikhonov T4/CG32,PSNR,-0.06495285034179688
div2k,div2k/0802.png/sigma_0.150,div2k,0802.png,0.15000000596046448,U-Tikhonov T4/CG64,U-Tikhonov T4/CG32,PSNR,-0.10014533996582031
div2k,div2k/0803.png/sigma_0.150,div2k,0803.png,0.15000000596046448,U-Tikhonov T4/CG64,U-Tikhonov T4/CG32,PSNR,0.0064697265625
div2k,div2k/0804.png/sigma_0.150,div2k,0804.png,0.15000000596046448,U-Tikhonov T4/CG64,U-Tikhonov T4/CG32,PSNR,0.00921630859375
div2k,div2k/0805.png/sigma_0.150,div2k,0805.png,0.15000000596046448,U-Tikhonov T4/CG64,U-Tikhonov T4/CG32,PSNR,-0.021991729736328125
div2k,div2k/0806.png/sigma_0.150,div2k,0806.png,0.15000000596046448,U-Tikhonov T4/CG64,U-Tikhonov T4/CG32,PSNR,-0.07051849365234375
div2k,div2k/0807.png/sigma_0.150,div2k,0807.png,0.15000000596046448,U-Tikhonov T4/CG64,U-Tikhonov T4/CG32,PSNR,-0.05915641784667969
div2k,div2k/0808.png/sigma_0.150,div2k,0808.png,0.15000000596046448,U-Tikhonov T4/CG64,U-Tikhonov T4/CG32,PSNR,-0.03673553466796875
div2k,div2k/0809.png/sigma_0.150,div2k,0809.png,0.15000000596046448,U-Tikhonov T4/CG64,U-Tikhonov T4/CG32,PSNR,-0.057769775390625
div2k,div2k/0810.png/sigma_0.150,div2k,0810.png,0.15000000596046448,U-Tikhonov T4/CG64,U-Tikhonov T4/CG32,PSNR,-0.05391883850097656
div2k,div2k/0811.png/sigma_0.150,div2k,0811.png,0.15000000596046448,U-Tikhonov T4/CG64,U-Tikhonov T4/CG32,PSNR,-0.054576873779296875
div2k,div2k/0812.png/sigma_0.150,div2k,0812.png,0.15000000596046448,U-Tikhonov T4/CG64,U-Tikhonov T4/CG32,PSNR,-0.10081863403320312
div2k,div2k/0813.png/sigma_0.150,div2k,0813.png,0.15000000596046448,U-Tikhonov T4/CG64,U-Tikhonov T4/CG32,PSNR,0.0031642913818359375
div2k,div2k/0814.png/sigma_0.150,div2k,0814.png,0.15000000596046448,U-Tikhonov T4/CG64,U-Tikhonov T4/CG32,PSNR,-0.08452224731445312
div2k,div2k/0815.png/sigma_0.150,div2k,0815.png,0.15000000596046448,U-Tikhonov T4/CG64,U-Tikhonov T4/CG32,PSNR,-0.024440765380859375
div2k,div2k/0816.png/sigma_0.150,div2k,0816.png,0.15000000596046448,U-Tikhonov T4/CG64,U-Tikhonov T4/CG32,PSNR,-0.09794425964355469
div2k,div2k/0817.png/sigma_0.150,div2k,0817.png,0.15000000596046448,U-Tikhonov T4/CG64,U-Tikhonov T4/CG32,PSNR,-0.021541595458984375
div2k,div2k/0818.png/sigma_0.150,div2k,0818.png,0.15000000596046448,U-Tikhonov T4/CG64,U-Tikhonov T4/CG32,PSNR,-0.003566741943359375
div2k,div2k/0819.png/sigma_0.150,div2k,0819.png,0.15000000596046448,U-Tikhonov T4/CG64,U-Tikhonov T4/CG32,PSNR,-0.049747467041015625
div2k,div2k/0820.png/sigma_0.150,div2k,0820.png,0.15000000596046448,U-Tikhonov T4/CG64,U-Tikhonov T4/CG32,PSNR,0.030588150024414062
div2k,div2k/0821.png/sigma_0.150,div2k,0821.png,0.15000000596046448,U-Tikhonov T4/CG64,U-Tikhonov T4/CG32,PSNR,-0.18989181518554688
div2k,div2k/0822.png/sigma_0.150,div2k,0822.png,0.15000000596046448,U-Tikhonov T4/CG64,U-Tikhonov T4/CG32,PSNR,-0.06662178039550781
div2k,div2k/0823.png/sigma_0.150,div2k,0823.png,0.15000000596046448,U-Tikhonov T4/CG64,U-Tikhonov T4/CG32,PSNR,-0.056453704833984375
div2k,div2k/0824.png/sigma_0.150,div2k,0824.png,0.15000000596046448,U-Tikhonov T4/CG64,U-Tikhonov T4/CG32,PSNR,-0.06324577331542969
div2k,div2k/0825.png/sigma_0.150,div2k,0825.png,0.15000000596046448,U-Tikhonov T4/CG64,U-Tikhonov T4/CG32,PSNR,-0.11372947692871094
div2k,div2k/0826.png/sigma_0.150,div2k,0826.png,0.15000000596046448,U-Tikhonov T4/CG64,U-Tikhonov T4/CG32,PSNR,-0.14411163330078125
div2k,div2k/0827.png/sigma_0.150,div2k,0827.png,0.15000000596046448,U-Tikhonov T4/CG64,U-Tikhonov T4/CG32,PSNR,0.0308837890625
div2k,div2k/0828.png/sigma_0.150,div2k,0828.png,0.15000000596046448,U-Tikhonov T4/CG64,U-Tikhonov T4/CG32,PSNR,-0.03803253173828125
div2k,div2k/0829.png/sigma_0.150,div2k,0829.png,0.15000000596046448,U-Tikhonov T4/CG64,U-Tikhonov T4/CG32,PSNR,-0.10409927368164062
div2k,div2k/0830.png/sigma_0.150,div2k,0830.png,0.15000000596046448,U-Tikhonov T4/CG64,U-Tikhonov T4/CG32,PSNR,-0.029157638549804688
div2k,div2k/0831.png/sigma_0.150,div2k,0831.png,0.15000000596046448,U-Tikhonov T4/CG64,U-Tikhonov T4/CG32,PSNR,-0.048095703125
div2k,div2k/0832.png/sigma_0.150,div2k,0832.png,0.15000000596046448,U-Tikhonov T4/CG64,U-Tikhonov T4/CG32,PSNR,-0.0980072021484375
div2k,div2k/0833.png/sigma_0.150,div2k,0833.png,0.15000000596046448,U-Tikhonov T4/CG64,U-Tikhonov T4/CG32,PSNR,-0.114593505859375
div2k,div2k/0834.png/sigma_0.150,div2k,0834.png,0.15000000596046448,U-Tikhonov T4/CG64,U-Tikhonov T4/CG32,PSNR,-0.07911872863769531
div2k,div2k/0835.png/sigma_0.150,div2k,0835.png,0.15000000596046448,U-Tikhonov T4/CG64,U-Tikhonov T4/CG32,PSNR,-0.022161483764648438
div2k,div2k/0836.png/sigma_0.150,div2k,0836.png,0.15000000596046448,U-Tikhonov T4/CG64,U-Tikhonov T4/CG32,PSNR,-0.13043212890625
div2k,div2k/0837.png/sigma_0.150,div2k,0837.png,0.15000000596046448,U-Tikhonov T4/CG64,U-Tikhonov T4/CG32,PSNR,-0.07793617248535156
div2k,div2k/0838.png/sigma_0.150,div2k,0838.png,0.15000000596046448,U-Tikhonov T4/CG64,U-Tikhonov T4/CG32,PSNR,-0.018453598022460938
div2k,div2k/0839.png/sigma_0.150,div2k,0839.png,0.15000000596046448,U-Tikhonov T4/CG64,U-Tikhonov T4/CG32,PSNR,-0.02442169189453125
div2k,div2k/0840.png/sigma_0.150,div2k,0840.png,0.15000000596046448,U-Tikhonov T4/CG64,U-Tikhonov T4/CG32,PSNR,-0.04730224609375
div2k,div2k/0841.png/sigma_0.150,div2k,0841.png,0.15000000596046448,U-Tikhonov T4/CG64,U-Tikhonov T4/CG32,PSNR,-0.001728057861328125
div2k,div2k/0842.png/sigma_0.150,div2k,0842.png,0.15000000596046448,U-Tikhonov T4/CG64,U-Tikhonov T4/CG32,PSNR,-0.052722930908203125
div2k,div2k/0843.png/sigma_0.150,div2k,0843.png,0.15000000596046448,U-Tikhonov T4/CG64,U-Tikhonov T4/CG32,PSNR,0.025936126708984375
div2k,div2k/0844.png/sigma_0.150,div2k,0844.png,0.15000000596046448,U-Tikhonov T4/CG64,U-Tikhonov T4/CG32,PSNR,-0.08624839782714844
div2k,div2k/0845.png/sigma_0.150,div2k,0845.png,0.15000000596046448,U-Tikhonov T4/CG64,U-Tikhonov T4/CG32,PSNR,-0.024209976196289062
div2k,div2k/0846.png/sigma_0.150,div2k,0846.png,0.15000000596046448,U-Tikhonov T4/CG64,U-Tikhonov T4/CG32,PSNR,-0.03944587707519531
div2k,div2k/0847.png/sigma_0.150,div2k,0847.png,0.15000000596046448,U-Tikhonov T4/CG64,U-Tikhonov T4/CG32,PSNR,-0.140869140625
div2k,div2k/0848.png/sigma_0.150,div2k,0848.png,0.15000000596046448,U-Tikhonov T4/CG64,U-Tikhonov T4/CG32,PSNR,-0.04626274108886719
div2k,div2k/0849.png/sigma_0.150,div2k,0849.png,0.15000000596046448,U-Tikhonov T4/CG64,U-Tikhonov T4/CG32,PSNR,-0.020040512084960938
div2k,div2k/0850.png/sigma_0.150,div2k,0850.png,0.15000000596046448,U-Tikhonov T4/CG64,U-Tikhonov T4/CG32,PSNR,-0.058170318603515625
div2k,div2k/0851.png/sigma_0.150,div2k,0851.png,0.15000000596046448,U-Tikhonov T4/CG64,U-Tikhonov T4/CG32,PSNR,-0.04253387451171875
div2k,div2k/0852.png/sigma_0.150,div2k,0852.png,0.15000000596046448,U-Tikhonov T4/CG64,U-Tikhonov T4/CG32,PSNR,-0.01346588134765625
div2k,div2k/0853.png/sigma_0.150,div2k,0853.png,0.15000000596046448,U-Tikhonov T4/CG64,U-Tikhonov T4/CG32,PSNR,-0.045867919921875
div2k,div2k/0854.png/sigma_0.150,div2k,0854.png,0.15000000596046448,U-Tikhonov T4/CG64,U-Tikhonov T4/CG32,PSNR,-0.0801239013671875
div2k,div2k/0855.png/sigma_0.150,div2k,0855.png,0.15000000596046448,U-Tikhonov T4/CG64,U-Tikhonov T4/CG32,PSNR,-0.059688568115234375
div2k,div2k/0856.png/sigma_0.150,div2k,0856.png,0.15000000596046448,U-Tikhonov T4/CG64,U-Tikhonov T4/CG32,PSNR,-0.0843658447265625
div2k,div2k/0857.png/sigma_0.150,div2k,0857.png,0.15000000596046448,U-Tikhonov T4/CG64,U-Tikhonov T4/CG32,PSNR,-0.0001373291015625
div2k,div2k/0858.png/sigma_0.150,div2k,0858.png,0.15000000596046448,U-Tikhonov T4/CG64,U-Tikhonov T4/CG32,PSNR,-0.055461883544921875
div2k,div2k/0859.png/sigma_0.150,div2k,0859.png,0.15000000596046448,U-Tikhonov T4/CG64,U-Tikhonov T4/CG32,PSNR,-0.0504913330078125
div2k,div2k/0860.png/sigma_0.150,div2k,0860.png,0.15000000596046448,U-Tikhonov T4/CG64,U-Tikhonov T4/CG32,PSNR,-0.05389404296875
div2k,div2k/0861.png/sigma_0.150,div2k,0861.png,0.15000000596046448,U-Tikhonov T4/CG64,U-Tikhonov T4/CG32,PSNR,-0.07214927673339844
div2k,div2k/0862.png/sigma_0.150,div2k,0862.png,0.15000000596046448,U-Tikhonov T4/CG64,U-Tikhonov T4/CG32,PSNR,0.000720977783203125
div2k,div2k/0863.png/sigma_0.150,div2k,0863.png,0.15000000596046448,U-Tikhonov T4/CG64,U-Tikhonov T4/CG32,PSNR,-0.060207366943359375
div2k,div2k/0864.png/sigma_0.150,div2k,0864.png,0.15000000596046448,U-Tikhonov T4/CG64,U-Tikhonov T4/CG32,PSNR,-0.03830909729003906
div2k,div2k/0865.png/sigma_0.150,div2k,0865.png,0.15000000596046448,U-Tikhonov T4/CG64,U-Tikhonov T4/CG32,PSNR,-0.02942657470703125
div2k,div2k/0866.png/sigma_0.150,div2k,0866.png,0.15000000596046448,U-Tikhonov T4/CG64,U-Tikhonov T4/CG32,PSNR,-0.09639358520507812
div2k,div2k/0867.png/sigma_0.150,div2k,0867.png,0.15000000596046448,U-Tikhonov T4/CG64,U-Tikhonov T4/CG32,PSNR,-0.1253509521484375
div2k,div2k/0868.png/sigma_0.150,div2k,0868.png,0.15000000596046448,U-Tikhonov T4/CG64,U-Tikhonov T4/CG32,PSNR,-0.12261581420898438
div2k,div2k/0869.png/sigma_0.150,div2k,0869.png,0.15000000596046448,U-Tikhonov T4/CG64,U-Tikhonov T4/CG32,PSNR,-0.047397613525390625
div2k,div2k/0870.png/sigma_0.150,div2k,0870.png,0.15000000596046448,U-Tikhonov T4/CG64,U-Tikhonov T4/CG32,PSNR,-0.06770133972167969
div2k,div2k/0871.png/sigma_0.150,div2k,0871.png,0.15000000596046448,U-Tikhonov T4/CG64,U-Tikhonov T4/CG32,PSNR,-0.07519340515136719
div2k,div2k/0872.png/sigma_0.150,div2k,0872.png,0.15000000596046448,U-Tikhonov T4/CG64,U-Tikhonov T4/CG32,PSNR,-0.05685234069824219
div2k,div2k/0873.png/sigma_0.150,div2k,0873.png,0.15000000596046448,U-Tikhonov T4/CG64,U-Tikhonov T4/CG32,PSNR,-0.0620880126953125
div2k,div2k/0874.png/sigma_0.150,div2k,0874.png,0.15000000596046448,U-Tikhonov T4/CG64,U-Tikhonov T4/CG32,PSNR,-0.04892730712890625
div2k,div2k/0875.png/sigma_0.150,div2k,0875.png,0.15000000596046448,U-Tikhonov T4/CG64,U-Tikhonov T4/CG32,PSNR,-0.18786239624023438
div2k,div2k/0876.png/sigma_0.150,div2k,0876.png,0.15000000596046448,U-Tikhonov T4/CG64,U-Tikhonov T4/CG32,PSNR,-0.03179931640625
div2k,div2k/0877.png/sigma_0.150,div2k,0877.png,0.15000000596046448,U-Tikhonov T4/CG64,U-Tikhonov T4/CG32,PSNR,0.03692054748535156
div2k,div2k/0878.png/sigma_0.150,div2k,0878.png,0.15000000596046448,U-Tikhonov T4/CG64,U-Tikhonov T4/CG32,PSNR,-0.07417488098144531
div2k,div2k/0879.png/sigma_0.150,div2k,0879.png,0.15000000596046448,U-Tikhonov T4/CG64,U-Tikhonov T4/CG32,PSNR,-0.06342506408691406
div2k,div2k/0880.png/sigma_0.150,div2k,0880.png,0.15000000596046448,U-Tikhonov T4/CG64,U-Tikhonov T4/CG32,PSNR,-0.022548675537109375
div2k,div2k/0881.png/sigma_0.150,div2k,0881.png,0.15000000596046448,U-Tikhonov T4/CG64,U-Tikhonov T4/CG32,PSNR,-0.04193878173828125
div2k,div2k/0882.png/sigma_0.150,div2k,0882.png,0.15000000596046448,U-Tikhonov T4/CG64,U-Tikhonov T4/CG32,PSNR,0.04979705810546875
div2k,div2k/0883.png/sigma_0.150,div2k,0883.png,0.15000000596046448,U-Tikhonov T4/CG64,U-Tikhonov T4/CG32,PSNR,-0.06534957885742188
div2k,div2k/0884.png/sigma_0.150,div2k,0884.png,0.15000000596046448,U-Tikhonov T4/CG64,U-Tikhonov T4/CG32,PSNR,-0.0974578857421875
div2k,div2k/0885.png/sigma_0.150,div2k,0885.png,0.15000000596046448,U-Tikhonov T4/CG64,U-Tikhonov T4/CG32,PSNR,-0.06890678405761719
div2k,div2k/0886.png/sigma_0.150,div2k,0886.png,0.15000000596046448,U-Tikhonov T4/CG64,U-Tikhonov T4/CG32,PSNR,-0.07683753967285156
div2k,div2k/0887.png/sigma_0.150,div2k,0887.png,0.15000000596046448,U-Tikhonov T4/CG64,U-Tikhonov T4/CG32,PSNR,-0.041149139404296875
div2k,div2k/0888.png/sigma_0.150,div2k,0888.png,0.15000000596046448,U-Tikhonov T4/CG64,U-Tikhonov T4/CG32,PSNR,-0.05106163024902344
div2k,div2k/0889.png/sigma_0.150,div2k,0889.png,0.15000000596046448,U-Tikhonov T4/CG64,U-Tikhonov T4/CG32,PSNR,-0.09234237670898438
div2k,div2k/0890.png/sigma_0.150,div2k,0890.png,0.15000000596046448,U-Tikhonov T4/CG64,U-Tikhonov T4/CG32,PSNR,-0.060947418212890625
div2k,div2k/0891.png/sigma_0.150,div2k,0891.png,0.15000000596046448,U-Tikhonov T4/CG64,U-Tikhonov T4/CG32,PSNR,-0.16216278076171875
div2k,div2k/0892.png/sigma_0.150,div2k,0892.png,0.15000000596046448,U-Tikhonov T4/CG64,U-Tikhonov T4/CG32,PSNR,0.054340362548828125
div2k,div2k/0893.png/sigma_0.150,div2k,0893.png,0.15000000596046448,U-Tikhonov T4/CG64,U-Tikhonov T4/CG32,PSNR,-0.07997894287109375
div2k,div2k/0894.png/sigma_0.150,div2k,0894.png,0.15000000596046448,U-Tikhonov T4/CG64,U-Tikhonov T4/CG32,PSNR,0.03241729736328125
div2k,div2k/0895.png/sigma_0.150,div2k,0895.png,0.15000000596046448,U-Tikhonov T4/CG64,U-Tikhonov T4/CG32,PSNR,-0.08466720581054688
div2k,div2k/0896.png/sigma_0.150,div2k,0896.png,0.15000000596046448,U-Tikhonov T4/CG64,U-Tikhonov T4/CG32,PSNR,-0.07768058776855469
div2k,div2k/0897.png/sigma_0.150,div2k,0897.png,0.15000000596046448,U-Tikhonov T4/CG64,U-Tikhonov T4/CG32,PSNR,-0.21468734741210938
div2k,div2k/0898.png/sigma_0.150,div2k,0898.png,0.15000000596046448,U-Tikhonov T4/CG64,U-Tikhonov T4/CG32,PSNR,-0.14980316162109375
div2k,div2k/0899.png/sigma_0.150,div2k,0899.png,0.15000000596046448,U-Tikhonov T4/CG64,U-Tikhonov T4/CG32,PSNR,-0.012935638427734375
div2k,div2k/0900.png/sigma_0.150,div2k,0900.png,0.15000000596046448,U-Tikhonov T4/CG64,U-Tikhonov T4/CG32,PSNR,-0.10264396667480469
div2k,div2k/0801.png/sigma_0.150,div2k,0801.png,0.15000000596046448,U-Tikhonov T4/CG64,U-Tikhonov T4/CG32,SSIM,-0.004672586917877197
div2k,div2k/0802.png/sigma_0.150,div2k,0802.png,0.15000000596046448,U-Tikhonov T4/CG64,U-Tikhonov T4/CG32,SSIM,-0.0035810470581054688
div2k,div2k/0803.png/sigma_0.150,div2k,0803.png,0.15000000596046448,U-Tikhonov T4/CG64,U-Tikhonov T4/CG32,SSIM,0.0012059211730957031
div2k,div2k/0804.png/sigma_0.150,div2k,0804.png,0.15000000596046448,U-Tikhonov T4/CG64,U-Tikhonov T4/CG32,SSIM,-0.002382218837738037
div2k,div2k/0805.png/sigma_0.150,div2k,0805.png,0.15000000596046448,U-Tikhonov T4/CG64,U-Tikhonov T4/CG32,SSIM,-0.0001602768898010254
div2k,div2k/0806.png/sigma_0.150,div2k,0806.png,0.15000000596046448,U-Tikhonov T4/CG64,U-Tikhonov T4/CG32,SSIM,-0.00010454654693603516
div2k,div2k/0807.png/sigma_0.150,div2k,0807.png,0.15000000596046448,U-Tikhonov T4/CG64,U-Tikhonov T4/CG32,SSIM,-0.005117535591125488
div2k,div2k/0808.png/sigma_0.150,div2k,0808.png,0.15000000596046448,U-Tikhonov T4/CG64,U-Tikhonov T4/CG32,SSIM,-0.0012062788009643555
div2k,div2k/0809.png/sigma_0.150,div2k,0809.png,0.15000000596046448,U-Tikhonov T4/CG64,U-Tikhonov T4/CG32,SSIM,-0.006471753120422363
div2k,div2k/0810.png/sigma_0.150,div2k,0810.png,0.15000000596046448,U-Tikhonov T4/CG64,U-Tikhonov T4/CG32,SSIM,-0.0036069750785827637
div2k,div2k/0811.png/sigma_0.150,div2k,0811.png,0.15000000596046448,U-Tikhonov T4/CG64,U-Tikhonov T4/CG32,SSIM,-0.0017760396003723145
div2k,div2k/0812.png/sigma_0.150,div2k,0812.png,0.15000000596046448,U-Tikhonov T4/CG64,U-Tikhonov T4/CG32,SSIM,-0.005307257175445557
div2k,div2k/0813.png/sigma_0.150,div2k,0813.png,0.15000000596046448,U-Tikhonov T4/CG64,U-Tikhonov T4/CG32,SSIM,-0.0018941760063171387
div2k,div2k/0814.png/sigma_0.150,div2k,0814.png,0.15000000596046448,U-Tikhonov T4/CG64,U-Tikhonov T4/CG32,SSIM,-0.00030690431594848633
div2k,div2k/0815.png/sigma_0.150,div2k,0815.png,0.15000000596046448,U-Tikhonov T4/CG64,U-Tikhonov T4/CG32,SSIM,-0.0022805333137512207
div2k,div2k/0816.png/sigma_0.150,div2k,0816.png,0.15000000596046448,U-Tikhonov T4/CG64,U-Tikhonov T4/CG32,SSIM,-0.005158066749572754
div2k,div2k/0817.png/sigma_0.150,div2k,0817.png,0.15000000596046448,U-Tikhonov T4/CG64,U-Tikhonov T4/CG32,SSIM,-0.0012639760971069336
div2k,div2k/0818.png/sigma_0.150,div2k,0818.png,0.15000000596046448,U-Tikhonov T4/CG64,U-Tikhonov T4/CG32,SSIM,-0.0003707408905029297
div2k,div2k/0819.png/sigma_0.150,div2k,0819.png,0.15000000596046448,U-Tikhonov T4/CG64,U-Tikhonov T4/CG32,SSIM,-0.005018949508666992
div2k,div2k/0820.png/sigma_0.150,div2k,0820.png,0.15000000596046448,U-Tikhonov T4/CG64,U-Tikhonov T4/CG32,SSIM,-0.0030351877212524414
div2k,div2k/0821.png/sigma_0.150,div2k,0821.png,0.15000000596046448,U-Tikhonov T4/CG64,U-Tikhonov T4/CG32,SSIM,-0.007359504699707031
div2k,div2k/0822.png/sigma_0.150,div2k,0822.png,0.15000000596046448,U-Tikhonov T4/CG64,U-Tikhonov T4/CG32,SSIM,-0.0066852569580078125
div2k,div2k/0823.png/sigma_0.150,div2k,0823.png,0.15000000596046448,U-Tikhonov T4/CG64,U-Tikhonov T4/CG32,SSIM,-0.0020206570625305176
div2k,div2k/0824.png/sigma_0.150,div2k,0824.png,0.15000000596046448,U-Tikhonov T4/CG64,U-Tikhonov T4/CG32,SSIM,-0.002075016498565674
div2k,div2k/0825.png/sigma_0.150,div2k,0825.png,0.15000000596046448,U-Tikhonov T4/CG64,U-Tikhonov T4/CG32,SSIM,-0.0055266618728637695
div2k,div2k/0826.png/sigma_0.150,div2k,0826.png,0.15000000596046448,U-Tikhonov T4/CG64,U-Tikhonov T4/CG32,SSIM,-0.004386544227600098
div2k,div2k/0827.png/sigma_0.150,div2k,0827.png,0.15000000596046448,U-Tikhonov T4/CG64,U-Tikhonov T4/CG32,SSIM,0.0016404390335083008
div2k,div2k/0828.png/sigma_0.150,div2k,0828.png,0.15000000596046448,U-Tikhonov T4/CG64,U-Tikhonov T4/CG32,SSIM,-0.0037996768951416016
div2k,div2k/0829.png/sigma_0.150,div2k,0829.png,0.15000000596046448,U-Tikhonov T4/CG64,U-Tikhonov T4/CG32,SSIM,-0.00370103120803833
div2k,div2k/0830.png/sigma_0.150,div2k,0830.png,0.15000000596046448,U-Tikhonov T4/CG64,U-Tikhonov T4/CG32,SSIM,-0.0028265714645385742
div2k,div2k/0831.png/sigma_0.150,div2k,0831.png,0.15000000596046448,U-Tikhonov T4/CG64,U-Tikhonov T4/CG32,SSIM,-0.004801750183105469
div2k,div2k/0832.png/sigma_0.150,div2k,0832.png,0.15000000596046448,U-Tikhonov T4/CG64,U-Tikhonov T4/CG32,SSIM,-0.005973160266876221
div2k,div2k/0833.png/sigma_0.150,div2k,0833.png,0.15000000596046448,U-Tikhonov T4/CG64,U-Tikhonov T4/CG32,SSIM,-0.0022029876708984375
div2k,div2k/0834.png/sigma_0.150,div2k,0834.png,0.15000000596046448,U-Tikhonov T4/CG64,U-Tikhonov T4/CG32,SSIM,-0.004403829574584961
div2k,div2k/0835.png/sigma_0.150,div2k,0835.png,0.15000000596046448,U-Tikhonov T4/CG64,U-Tikhonov T4/CG32,SSIM,-0.0039017200469970703
div2k,div2k/0836.png/sigma_0.150,div2k,0836.png,0.15000000596046448,U-Tikhonov T4/CG64,U-Tikhonov T4/CG32,SSIM,-0.004660189151763916
div2k,div2k/0837.png/sigma_0.150,div2k,0837.png,0.15000000596046448,U-Tikhonov T4/CG64,U-Tikhonov T4/CG32,SSIM,-0.00585329532623291
div2k,div2k/0838.png/sigma_0.150,div2k,0838.png,0.15000000596046448,U-Tikhonov T4/CG64,U-Tikhonov T4/CG32,SSIM,0.0008439421653747559
div2k,div2k/0839.png/sigma_0.150,div2k,0839.png,0.15000000596046448,U-Tikhonov T4/CG64,U-Tikhonov T4/CG32,SSIM,-0.00010925531387329102
div2k,div2k/0840.png/sigma_0.150,div2k,0840.png,0.15000000596046448,U-Tikhonov T4/CG64,U-Tikhonov T4/CG32,SSIM,-0.005249619483947754
div2k,div2k/0841.png/sigma_0.150,div2k,0841.png,0.15000000596046448,U-Tikhonov T4/CG64,U-Tikhonov T4/CG32,SSIM,-0.0033056139945983887
div2k,div2k/0842.png/sigma_0.150,div2k,0842.png,0.15000000596046448,U-Tikhonov T4/CG64,U-Tikhonov T4/CG32,SSIM,-0.0008969306945800781
div2k,div2k/0843.png/sigma_0.150,div2k,0843.png,0.15000000596046448,U-Tikhonov T4/CG64,U-Tikhonov T4/CG32,SSIM,0.001239180564880371
div2k,div2k/0844.png/sigma_0.150,div2k,0844.png,0.15000000596046448,U-Tikhonov T4/CG64,U-Tikhonov T4/CG32,SSIM,0.0002797842025756836
div2k,div2k/0845.png/sigma_0.150,div2k,0845.png,0.15000000596046448,U-Tikhonov T4/CG64,U-Tikhonov T4/CG32,SSIM,-0.0013229846954345703
div2k,div2k/0846.png/sigma_0.150,div2k,0846.png,0.15000000596046448,U-Tikhonov T4/CG64,U-Tikhonov T4/CG32,SSIM,-0.0019315481185913086
div2k,div2k/0847.png/sigma_0.150,div2k,0847.png,0.15000000596046448,U-Tikhonov T4/CG64,U-Tikhonov T4/CG32,SSIM,-0.003636479377746582
div2k,div2k/0848.png/sigma_0.150,div2k,0848.png,0.15000000596046448,U-Tikhonov T4/CG64,U-Tikhonov T4/CG32,SSIM,-0.0001633167266845703
div2k,div2k/0849.png/sigma_0.150,div2k,0849.png,0.15000000596046448,U-Tikhonov T4/CG64,U-Tikhonov T4/CG32,SSIM,-0.002892732620239258
div2k,div2k/0850.png/sigma_0.150,div2k,0850.png,0.15000000596046448,U-Tikhonov T4/CG64,U-Tikhonov T4/CG32,SSIM,-0.003945648670196533
div2k,div2k/0851.png/sigma_0.150,div2k,0851.png,0.15000000596046448,U-Tikhonov T4/CG64,U-Tikhonov T4/CG32,SSIM,-0.0011305809020996094
div2k,div2k/0852.png/sigma_0.150,div2k,0852.png,0.15000000596046448,U-Tikhonov T4/CG64,U-Tikhonov T4/CG32,SSIM,-0.0012693703174591064
div2k,div2k/0853.png/sigma_0.150,div2k,0853.png,0.15000000596046448,U-Tikhonov T4/CG64,U-Tikhonov T4/CG32,SSIM,-0.000769495964050293
div2k,div2k/0854.png/sigma_0.150,div2k,0854.png,0.15000000596046448,U-Tikhonov T4/CG64,U-Tikhonov T4/CG32,SSIM,-0.003899693489074707
div2k,div2k/0855.png/sigma_0.150,div2k,0855.png,0.15000000596046448,U-Tikhonov T4/CG64,U-Tikhonov T4/CG32,SSIM,-0.0037366151809692383
div2k,div2k/0856.png/sigma_0.150,div2k,0856.png,0.15000000596046448,U-Tikhonov T4/CG64,U-Tikhonov T4/CG32,SSIM,-0.01048588752746582
div2k,div2k/0857.png/sigma_0.150,div2k,0857.png,0.15000000596046448,U-Tikhonov T4/CG64,U-Tikhonov T4/CG32,SSIM,0.0013407468795776367
div2k,div2k/0858.png/sigma_0.150,div2k,0858.png,0.15000000596046448,U-Tikhonov T4/CG64,U-Tikhonov T4/CG32,SSIM,-0.006111025810241699
div2k,div2k/0859.png/sigma_0.150,div2k,0859.png,0.15000000596046448,U-Tikhonov T4/CG64,U-Tikhonov T4/CG32,SSIM,-0.0028322935104370117
div2k,div2k/0860.png/sigma_0.150,div2k,0860.png,0.15000000596046448,U-Tikhonov T4/CG64,U-Tikhonov T4/CG32,SSIM,-0.004320740699768066
div2k,div2k/0861.png/sigma_0.150,div2k,0861.png,0.15000000596046448,U-Tikhonov T4/CG64,U-Tikhonov T4/CG32,SSIM,-0.005877435207366943
div2k,div2k/0862.png/sigma_0.150,div2k,0862.png,0.15000000596046448,U-Tikhonov T4/CG64,U-Tikhonov T4/CG32,SSIM,-4.678964614868164e-05
div2k,div2k/0863.png/sigma_0.150,div2k,0863.png,0.15000000596046448,U-Tikhonov T4/CG64,U-Tikhonov T4/CG32,SSIM,-0.0018897056579589844
div2k,div2k/0864.png/sigma_0.150,div2k,0864.png,0.15000000596046448,U-Tikhonov T4/CG64,U-Tikhonov T4/CG32,SSIM,-0.0054242610931396484
div2k,div2k/0865.png/sigma_0.150,div2k,0865.png,0.15000000596046448,U-Tikhonov T4/CG64,U-Tikhonov T4/CG32,SSIM,-0.0017130374908447266
div2k,div2k/0866.png/sigma_0.150,div2k,0866.png,0.15000000596046448,U-Tikhonov T4/CG64,U-Tikhonov T4/CG32,SSIM,-0.004159867763519287
div2k,div2k/0867.png/sigma_0.150,div2k,0867.png,0.15000000596046448,U-Tikhonov T4/CG64,U-Tikhonov T4/CG32,SSIM,-0.006972372531890869
div2k,div2k/0868.png/sigma_0.150,div2k,0868.png,0.15000000596046448,U-Tikhonov T4/CG64,U-Tikhonov T4/CG32,SSIM,-0.0007641315460205078
div2k,div2k/0869.png/sigma_0.150,div2k,0869.png,0.15000000596046448,U-Tikhonov T4/CG64,U-Tikhonov T4/CG32,SSIM,-0.002329111099243164
div2k,div2k/0870.png/sigma_0.150,div2k,0870.png,0.15000000596046448,U-Tikhonov T4/CG64,U-Tikhonov T4/CG32,SSIM,-0.006748557090759277
div2k,div2k/0871.png/sigma_0.150,div2k,0871.png,0.15000000596046448,U-Tikhonov T4/CG64,U-Tikhonov T4/CG32,SSIM,-0.003001570701599121
div2k,div2k/0872.png/sigma_0.150,div2k,0872.png,0.15000000596046448,U-Tikhonov T4/CG64,U-Tikhonov T4/CG32,SSIM,-0.0036011934280395508
div2k,div2k/0873.png/sigma_0.150,div2k,0873.png,0.15000000596046448,U-Tikhonov T4/CG64,U-Tikhonov T4/CG32,SSIM,-0.004952728748321533
div2k,div2k/0874.png/sigma_0.150,div2k,0874.png,0.15000000596046448,U-Tikhonov T4/CG64,U-Tikhonov T4/CG32,SSIM,-0.007713794708251953
div2k,div2k/0875.png/sigma_0.150,div2k,0875.png,0.15000000596046448,U-Tikhonov T4/CG64,U-Tikhonov T4/CG32,SSIM,-0.009955227375030518
div2k,div2k/0876.png/sigma_0.150,div2k,0876.png,0.15000000596046448,U-Tikhonov T4/CG64,U-Tikhonov T4/CG32,SSIM,-0.004502415657043457
div2k,div2k/0877.png/sigma_0.150,div2k,0877.png,0.15000000596046448,U-Tikhonov T4/CG64,U-Tikhonov T4/CG32,SSIM,0.0007284879684448242
div2k,div2k/0878.png/sigma_0.150,div2k,0878.png,0.15000000596046448,U-Tikhonov T4/CG64,U-Tikhonov T4/CG32,SSIM,-0.0036304593086242676
div2k,div2k/0879.png/sigma_0.150,div2k,0879.png,0.15000000596046448,U-Tikhonov T4/CG64,U-Tikhonov T4/CG32,SSIM,-0.0009053945541381836
div2k,div2k/0880.png/sigma_0.150,div2k,0880.png,0.15000000596046448,U-Tikhonov T4/CG64,U-Tikhonov T4/CG32,SSIM,-0.00015151500701904297
div2k,div2k/0881.png/sigma_0.150,div2k,0881.png,0.15000000596046448,U-Tikhonov T4/CG64,U-Tikhonov T4/CG32,SSIM,-6.258487701416016e-06
div2k,div2k/0882.png/sigma_0.150,div2k,0882.png,0.15000000596046448,U-Tikhonov T4/CG64,U-Tikhonov T4/CG32,SSIM,0.0011510848999023438
div2k,div2k/0883.png/sigma_0.150,div2k,0883.png,0.15000000596046448,U-Tikhonov T4/CG64,U-Tikhonov T4/CG32,SSIM,-0.0023389458656311035
div2k,div2k/0884.png/sigma_0.150,div2k,0884.png,0.15000000596046448,U-Tikhonov T4/CG64,U-Tikhonov T4/CG32,SSIM,-0.004089236259460449
div2k,div2k/0885.png/sigma_0.150,div2k,0885.png,0.15000000596046448,U-Tikhonov T4/CG64,U-Tikhonov T4/CG32,SSIM,-0.010065197944641113
div2k,div2k/0886.png/sigma_0.150,div2k,0886.png,0.15000000596046448,U-Tikhonov T4/CG64,U-Tikhonov T4/CG32,SSIM,-6.794929504394531e-06
div2k,div2k/0887.png/sigma_0.150,div2k,0887.png,0.15000000596046448,U-Tikhonov T4/CG64,U-Tikhonov T4/CG32,SSIM,-0.0010097026824951172
div2k,div2k/0888.png/sigma_0.150,div2k,0888.png,0.15000000596046448,U-Tikhonov T4/CG64,U-Tikhonov T4/CG32,SSIM,-0.004331350326538086
div2k,div2k/0889.png/sigma_0.150,div2k,0889.png,0.15000000596046448,U-Tikhonov T4/CG64,U-Tikhonov T4/CG32,SSIM,-0.004287123680114746
div2k,div2k/0890.png/sigma_0.150,div2k,0890.png,0.15000000596046448,U-Tikhonov T4/CG64,U-Tikhonov T4/CG32,SSIM,-0.002273738384246826
div2k,div2k/0891.png/sigma_0.150,div2k,0891.png,0.15000000596046448,U-Tikhonov T4/CG64,U-Tikhonov T4/CG32,SSIM,-0.007127881050109863
div2k,div2k/0892.png/sigma_0.150,div2k,0892.png,0.15000000596046448,U-Tikhonov T4/CG64,U-Tikhonov T4/CG32,SSIM,0.0018679499626159668
div2k,div2k/0893.png/sigma_0.150,div2k,0893.png,0.15000000596046448,U-Tikhonov T4/CG64,U-Tikhonov T4/CG32,SSIM,-0.002270936965942383
div2k,div2k/0894.png/sigma_0.150,div2k,0894.png,0.15000000596046448,U-Tikhonov T4/CG64,U-Tikhonov T4/CG32,SSIM,0.0034067630767822266
div2k,div2k/0895.png/sigma_0.150,div2k,0895.png,0.15000000596046448,U-Tikhonov T4/CG64,U-Tikhonov T4/CG32,SSIM,-0.007911622524261475
div2k,div2k/0896.png/sigma_0.150,div2k,0896.png,0.15000000596046448,U-Tikhonov T4/CG64,U-Tikhonov T4/CG32,SSIM,-0.00018310546875
div2k,div2k/0897.png/sigma_0.150,div2k,0897.png,0.15000000596046448,U-Tikhonov T4/CG64,U-Tikhonov T4/CG32,SSIM,-0.007335484027862549
div2k,div2k/0898.png/sigma_0.150,div2k,0898.png,0.15000000596046448,U-Tikhonov T4/CG64,U-Tikhonov T4/CG32,SSIM,-0.0007145404815673828
div2k,div2k/0899.png/sigma_0.150,div2k,0899.png,0.15000000596046448,U-Tikhonov T4/CG64,U-Tikhonov T4/CG32,SSIM,-0.003778815269470215
div2k,div2k/0900.png/sigma_0.150,div2k,0900.png,0.15000000596046448,U-Tikhonov T4/CG64,U-Tikhonov T4/CG32,SSIM,-0.006060481071472168
div2k,div2k/0801.png/sigma_0.150,div2k,0801.png,0.15000000596046448,U-Tikhonov T16/CG64,U-Tikhonov T16/CG32,PSNR,-0.0990753173828125
div2k,div2k/0802.png/sigma_0.150,div2k,0802.png,0.15000000596046448,U-Tikhonov T16/CG64,U-Tikhonov T16/CG32,PSNR,-0.21157073974609375
div2k,div2k/0803.png/sigma_0.150,div2k,0803.png,0.15000000596046448,U-Tikhonov T16/CG64,U-Tikhonov T16/CG32,PSNR,-0.1277599334716797
div2k,div2k/0804.png/sigma_0.150,div2k,0804.png,0.15000000596046448,U-Tikhonov T16/CG64,U-Tikhonov T16/CG32,PSNR,-0.14005279541015625
div2k,div2k/0805.png/sigma_0.150,div2k,0805.png,0.15000000596046448,U-Tikhonov T16/CG64,U-Tikhonov T16/CG32,PSNR,-0.1144866943359375
div2k,div2k/0806.png/sigma_0.150,div2k,0806.png,0.15000000596046448,U-Tikhonov T16/CG64,U-Tikhonov T16/CG32,PSNR,-0.07711029052734375
div2k,div2k/0807.png/sigma_0.150,div2k,0807.png,0.15000000596046448,U-Tikhonov T16/CG64,U-Tikhonov T16/CG32,PSNR,-0.08893203735351562
div2k,div2k/0808.png/sigma_0.150,div2k,0808.png,0.15000000596046448,U-Tikhonov T16/CG64,U-Tikhonov T16/CG32,PSNR,-0.14215850830078125
div2k,div2k/0809.png/sigma_0.150,div2k,0809.png,0.15000000596046448,U-Tikhonov T16/CG64,U-Tikhonov T16/CG32,PSNR,-0.008615493774414062
div2k,div2k/0810.png/sigma_0.150,div2k,0810.png,0.15000000596046448,U-Tikhonov T16/CG64,U-Tikhonov T16/CG32,PSNR,-0.05084228515625
div2k,div2k/0811.png/sigma_0.150,div2k,0811.png,0.15000000596046448,U-Tikhonov T16/CG64,U-Tikhonov T16/CG32,PSNR,0.0056858062744140625
div2k,div2k/0812.png/sigma_0.150,div2k,0812.png,0.15000000596046448,U-Tikhonov T16/CG64,U-Tikhonov T16/CG32,PSNR,-0.10832405090332031
div2k,div2k/0813.png/sigma_0.150,div2k,0813.png,0.15000000596046448,U-Tikhonov T16/CG64,U-Tikhonov T16/CG32,PSNR,-0.15409278869628906
div2k,div2k/0814.png/sigma_0.150,div2k,0814.png,0.15000000596046448,U-Tikhonov T16/CG64,U-Tikhonov T16/CG32,PSNR,-0.176116943359375
div2k,div2k/0815.png/sigma_0.150,div2k,0815.png,0.15000000596046448,U-Tikhonov T16/CG64,U-Tikhonov T16/CG32,PSNR,-0.07392120361328125
div2k,div2k/0816.png/sigma_0.150,div2k,0816.png,0.15000000596046448,U-Tikhonov T16/CG64,U-Tikhonov T16/CG32,PSNR,-0.09054183959960938
div2k,div2k/0817.png/sigma_0.150,div2k,0817.png,0.15000000596046448,U-Tikhonov T16/CG64,U-Tikhonov T16/CG32,PSNR,-0.06691932678222656
div2k,div2k/0818.png/sigma_0.150,div2k,0818.png,0.15000000596046448,U-Tikhonov T16/CG64,U-Tikhonov T16/CG32,PSNR,-0.12938308715820312
div2k,div2k/0819.png/sigma_0.150,div2k,0819.png,0.15000000596046448,U-Tikhonov T16/CG64,U-Tikhonov T16/CG32,PSNR,-0.09087181091308594
div2k,div2k/0820.png/sigma_0.150,div2k,0820.png,0.15000000596046448,U-Tikhonov T16/CG64,U-Tikhonov T16/CG32,PSNR,-0.1961231231689453
div2k,div2k/0821.png/sigma_0.150,div2k,0821.png,0.15000000596046448,U-Tikhonov T16/CG64,U-Tikhonov T16/CG32,PSNR,-0.4118633270263672
div2k,div2k/0822.png/sigma_0.150,div2k,0822.png,0.15000000596046448,U-Tikhonov T16/CG64,U-Tikhonov T16/CG32,PSNR,-0.06112480163574219
div2k,div2k/0823.png/sigma_0.150,div2k,0823.png,0.15000000596046448,U-Tikhonov T16/CG64,U-Tikhonov T16/CG32,PSNR,-0.1312694549560547
div2k,div2k/0824.png/sigma_0.150,div2k,0824.png,0.15000000596046448,U-Tikhonov T16/CG64,U-Tikhonov T16/CG32,PSNR,-0.09794044494628906
div2k,div2k/0825.png/sigma_0.150,div2k,0825.png,0.15000000596046448,U-Tikhonov T16/CG64,U-Tikhonov T16/CG32,PSNR,-0.14066123962402344
div2k,div2k/0826.png/sigma_0.150,div2k,0826.png,0.15000000596046448,U-Tikhonov T16/CG64,U-Tikhonov T16/CG32,PSNR,-0.18017196655273438
div2k,div2k/0827.png/sigma_0.150,div2k,0827.png,0.15000000596046448,U-Tikhonov T16/CG64,U-Tikhonov T16/CG32,PSNR,-0.04997444152832031
div2k,div2k/0828.png/sigma_0.150,div2k,0828.png,0.15000000596046448,U-Tikhonov T16/CG64,U-Tikhonov T16/CG32,PSNR,-0.13399887084960938
div2k,div2k/0829.png/sigma_0.150,div2k,0829.png,0.15000000596046448,U-Tikhonov T16/CG64,U-Tikhonov T16/CG32,PSNR,-0.18924331665039062
div2k,div2k/0830.png/sigma_0.150,div2k,0830.png,0.15000000596046448,U-Tikhonov T16/CG64,U-Tikhonov T16/CG32,PSNR,-0.062366485595703125
div2k,div2k/0831.png/sigma_0.150,div2k,0831.png,0.15000000596046448,U-Tikhonov T16/CG64,U-Tikhonov T16/CG32,PSNR,-0.05275917053222656
div2k,div2k/0832.png/sigma_0.150,div2k,0832.png,0.15000000596046448,U-Tikhonov T16/CG64,U-Tikhonov T16/CG32,PSNR,-0.1516742706298828
div2k,div2k/0833.png/sigma_0.150,div2k,0833.png,0.15000000596046448,U-Tikhonov T16/CG64,U-Tikhonov T16/CG32,PSNR,-0.11046028137207031
div2k,div2k/0834.png/sigma_0.150,div2k,0834.png,0.15000000596046448,U-Tikhonov T16/CG64,U-Tikhonov T16/CG32,PSNR,-0.1190032958984375
div2k,div2k/0835.png/sigma_0.150,div2k,0835.png,0.15000000596046448,U-Tikhonov T16/CG64,U-Tikhonov T16/CG32,PSNR,-0.03506278991699219
div2k,div2k/0836.png/sigma_0.150,div2k,0836.png,0.15000000596046448,U-Tikhonov T16/CG64,U-Tikhonov T16/CG32,PSNR,-0.11071205139160156
div2k,div2k/0837.png/sigma_0.150,div2k,0837.png,0.15000000596046448,U-Tikhonov T16/CG64,U-Tikhonov T16/CG32,PSNR,-0.12404823303222656
div2k,div2k/0838.png/sigma_0.150,div2k,0838.png,0.15000000596046448,U-Tikhonov T16/CG64,U-Tikhonov T16/CG32,PSNR,-0.17281150817871094
div2k,div2k/0839.png/sigma_0.150,div2k,0839.png,0.15000000596046448,U-Tikhonov T16/CG64,U-Tikhonov T16/CG32,PSNR,-0.05949211120605469
div2k,div2k/0840.png/sigma_0.150,div2k,0840.png,0.15000000596046448,U-Tikhonov T16/CG64,U-Tikhonov T16/CG32,PSNR,-0.08408737182617188
div2k,div2k/0841.png/sigma_0.150,div2k,0841.png,0.15000000596046448,U-Tikhonov T16/CG64,U-Tikhonov T16/CG32,PSNR,-0.1316986083984375
div2k,div2k/0842.png/sigma_0.150,div2k,0842.png,0.15000000596046448,U-Tikhonov T16/CG64,U-Tikhonov T16/CG32,PSNR,-0.16183090209960938
div2k,div2k/0843.png/sigma_0.150,div2k,0843.png,0.15000000596046448,U-Tikhonov T16/CG64,U-Tikhonov T16/CG32,PSNR,-0.10882759094238281
div2k,div2k/0844.png/sigma_0.150,div2k,0844.png,0.15000000596046448,U-Tikhonov T16/CG64,U-Tikhonov T16/CG32,PSNR,0.019252777099609375
div2k,div2k/0845.png/sigma_0.150,div2k,0845.png,0.15000000596046448,U-Tikhonov T16/CG64,U-Tikhonov T16/CG32,PSNR,0.026746749877929688
div2k,div2k/0846.png/sigma_0.150,div2k,0846.png,0.15000000596046448,U-Tikhonov T16/CG64,U-Tikhonov T16/CG32,PSNR,-0.09513092041015625
div2k,div2k/0847.png/sigma_0.150,div2k,0847.png,0.15000000596046448,U-Tikhonov T16/CG64,U-Tikhonov T16/CG32,PSNR,-0.11816024780273438
div2k,div2k/0848.png/sigma_0.150,div2k,0848.png,0.15000000596046448,U-Tikhonov T16/CG64,U-Tikhonov T16/CG32,PSNR,-0.127593994140625
div2k,div2k/0849.png/sigma_0.150,div2k,0849.png,0.15000000596046448,U-Tikhonov T16/CG64,U-Tikhonov T16/CG32,PSNR,-0.2889060974121094
div2k,div2k/0850.png/sigma_0.150,div2k,0850.png,0.15000000596046448,U-Tikhonov T16/CG64,U-Tikhonov T16/CG32,PSNR,-0.09752273559570312
div2k,div2k/0851.png/sigma_0.150,div2k,0851.png,0.15000000596046448,U-Tikhonov T16/CG64,U-Tikhonov T16/CG32,PSNR,-0.27210235595703125
div2k,div2k/0852.png/sigma_0.150,div2k,0852.png,0.15000000596046448,U-Tikhonov T16/CG64,U-Tikhonov T16/CG32,PSNR,-0.03283500671386719
div2k,div2k/0853.png/sigma_0.150,div2k,0853.png,0.15000000596046448,U-Tikhonov T16/CG64,U-Tikhonov T16/CG32,PSNR,-0.13315200805664062
div2k,div2k/0854.png/sigma_0.150,div2k,0854.png,0.15000000596046448,U-Tikhonov T16/CG64,U-Tikhonov T16/CG32,PSNR,-0.13935470581054688
div2k,div2k/0855.png/sigma_0.150,div2k,0855.png,0.15000000596046448,U-Tikhonov T16/CG64,U-Tikhonov T16/CG32,PSNR,-0.07810211181640625
div2k,div2k/0856.png/sigma_0.150,div2k,0856.png,0.15000000596046448,U-Tikhonov T16/CG64,U-Tikhonov T16/CG32,PSNR,-0.0120697021484375
div2k,div2k/0857.png/sigma_0.150,div2k,0857.png,0.15000000596046448,U-Tikhonov T16/CG64,U-Tikhonov T16/CG32,PSNR,-0.19176483154296875
div2k,div2k/0858.png/sigma_0.150,div2k,0858.png,0.15000000596046448,U-Tikhonov T16/CG64,U-Tikhonov T16/CG32,PSNR,-0.08887481689453125
div2k,div2k/0859.png/sigma_0.150,div2k,0859.png,0.15000000596046448,U-Tikhonov T16/CG64,U-Tikhonov T16/CG32,PSNR,-0.04285430908203125
div2k,div2k/0860.png/sigma_0.150,div2k,0860.png,0.15000000596046448,U-Tikhonov T16/CG64,U-Tikhonov T16/CG32,PSNR,-0.08609390258789062
div2k,div2k/0861.png/sigma_0.150,div2k,0861.png,0.15000000596046448,U-Tikhonov T16/CG64,U-Tikhonov T16/CG32,PSNR,-0.14423179626464844
div2k,div2k/0862.png/sigma_0.150,div2k,0862.png,0.15000000596046448,U-Tikhonov T16/CG64,U-Tikhonov T16/CG32,PSNR,-0.0442047119140625
div2k,div2k/0863.png/sigma_0.150,div2k,0863.png,0.15000000596046448,U-Tikhonov T16/CG64,U-Tikhonov T16/CG32,PSNR,-0.04287528991699219
div2k,div2k/0864.png/sigma_0.150,div2k,0864.png,0.15000000596046448,U-Tikhonov T16/CG64,U-Tikhonov T16/CG32,PSNR,-0.01613616943359375
div2k,div2k/0865.png/sigma_0.150,div2k,0865.png,0.15000000596046448,U-Tikhonov T16/CG64,U-Tikhonov T16/CG32,PSNR,-0.077056884765625
div2k,div2k/0866.png/sigma_0.150,div2k,0866.png,0.15000000596046448,U-Tikhonov T16/CG64,U-Tikhonov T16/CG32,PSNR,-0.0841522216796875
div2k,div2k/0867.png/sigma_0.150,div2k,0867.png,0.15000000596046448,U-Tikhonov T16/CG64,U-Tikhonov T16/CG32,PSNR,-0.10352325439453125
div2k,div2k/0868.png/sigma_0.150,div2k,0868.png,0.15000000596046448,U-Tikhonov T16/CG64,U-Tikhonov T16/CG32,PSNR,-0.13998794555664062
div2k,div2k/0869.png/sigma_0.150,div2k,0869.png,0.15000000596046448,U-Tikhonov T16/CG64,U-Tikhonov T16/CG32,PSNR,-0.013425827026367188
div2k,div2k/0870.png/sigma_0.150,div2k,0870.png,0.15000000596046448,U-Tikhonov T16/CG64,U-Tikhonov T16/CG32,PSNR,-0.038440704345703125
div2k,div2k/0871.png/sigma_0.150,div2k,0871.png,0.15000000596046448,U-Tikhonov T16/CG64,U-Tikhonov T16/CG32,PSNR,-0.10066986083984375
div2k,div2k/0872.png/sigma_0.150,div2k,0872.png,0.15000000596046448,U-Tikhonov T16/CG64,U-Tikhonov T16/CG32,PSNR,-0.12159538269042969
div2k,div2k/0873.png/sigma_0.150,div2k,0873.png,0.15000000596046448,U-Tikhonov T16/CG64,U-Tikhonov T16/CG32,PSNR,-0.12299156188964844
div2k,div2k/0874.png/sigma_0.150,div2k,0874.png,0.15000000596046448,U-Tikhonov T16/CG64,U-Tikhonov T16/CG32,PSNR,-0.019277572631835938
div2k,div2k/0875.png/sigma_0.150,div2k,0875.png,0.15000000596046448,U-Tikhonov T16/CG64,U-Tikhonov T16/CG32,PSNR,-0.07224082946777344
div2k,div2k/0876.png/sigma_0.150,div2k,0876.png,0.15000000596046448,U-Tikhonov T16/CG64,U-Tikhonov T16/CG32,PSNR,-0.033695220947265625
div2k,div2k/0877.png/sigma_0.150,div2k,0877.png,0.15000000596046448,U-Tikhonov T16/CG64,U-Tikhonov T16/CG32,PSNR,-0.0883941650390625
div2k,div2k/0878.png/sigma_0.150,div2k,0878.png,0.15000000596046448,U-Tikhonov T16/CG64,U-Tikhonov T16/CG32,PSNR,-0.07976531982421875
div2k,div2k/0879.png/sigma_0.150,div2k,0879.png,0.15000000596046448,U-Tikhonov T16/CG64,U-Tikhonov T16/CG32,PSNR,-0.12694931030273438
div2k,div2k/0880.png/sigma_0.150,div2k,0880.png,0.15000000596046448,U-Tikhonov T16/CG64,U-Tikhonov T16/CG32,PSNR,-0.08819389343261719
div2k,div2k/0881.png/sigma_0.150,div2k,0881.png,0.15000000596046448,U-Tikhonov T16/CG64,U-Tikhonov T16/CG32,PSNR,-0.14902496337890625
div2k,div2k/0882.png/sigma_0.150,div2k,0882.png,0.15000000596046448,U-Tikhonov T16/CG64,U-Tikhonov T16/CG32,PSNR,-0.1633129119873047
div2k,div2k/0883.png/sigma_0.150,div2k,0883.png,0.15000000596046448,U-Tikhonov T16/CG64,U-Tikhonov T16/CG32,PSNR,-0.09710121154785156
div2k,div2k/0884.png/sigma_0.150,div2k,0884.png,0.15000000596046448,U-Tikhonov T16/CG64,U-Tikhonov T16/CG32,PSNR,-0.1566448211669922
div2k,div2k/0885.png/sigma_0.150,div2k,0885.png,0.15000000596046448,U-Tikhonov T16/CG64,U-Tikhonov T16/CG32,PSNR,-0.046688079833984375
div2k,div2k/0886.png/sigma_0.150,div2k,0886.png,0.15000000596046448,U-Tikhonov T16/CG64,U-Tikhonov T16/CG32,PSNR,-0.14306259155273438
div2k,div2k/0887.png/sigma_0.150,div2k,0887.png,0.15000000596046448,U-Tikhonov T16/CG64,U-Tikhonov T16/CG32,PSNR,-0.10439491271972656
div2k,div2k/0888.png/sigma_0.150,div2k,0888.png,0.15000000596046448,U-Tikhonov T16/CG64,U-Tikhonov T16/CG32,PSNR,-0.11572647094726562
div2k,div2k/0889.png/sigma_0.150,div2k,0889.png,0.15000000596046448,U-Tikhonov T16/CG64,U-Tikhonov T16/CG32,PSNR,-0.1384716033935547
div2k,div2k/0890.png/sigma_0.150,div2k,0890.png,0.15000000596046448,U-Tikhonov T16/CG64,U-Tikhonov T16/CG32,PSNR,-0.04297065734863281
div2k,div2k/0891.png/sigma_0.150,div2k,0891.png,0.15000000596046448,U-Tikhonov T16/CG64,U-Tikhonov T16/CG32,PSNR,-0.12236213684082031
div2k,div2k/0892.png/sigma_0.150,div2k,0892.png,0.15000000596046448,U-Tikhonov T16/CG64,U-Tikhonov T16/CG32,PSNR,-0.1953754425048828
div2k,div2k/0893.png/sigma_0.150,div2k,0893.png,0.15000000596046448,U-Tikhonov T16/CG64,U-Tikhonov T16/CG32,PSNR,-0.19406890869140625
div2k,div2k/0894.png/sigma_0.150,div2k,0894.png,0.15000000596046448,U-Tikhonov T16/CG64,U-Tikhonov T16/CG32,PSNR,-0.030460357666015625
div2k,div2k/0895.png/sigma_0.150,div2k,0895.png,0.15000000596046448,U-Tikhonov T16/CG64,U-Tikhonov T16/CG32,PSNR,-0.08430862426757812
div2k,div2k/0896.png/sigma_0.150,div2k,0896.png,0.15000000596046448,U-Tikhonov T16/CG64,U-Tikhonov T16/CG32,PSNR,-0.042980194091796875
div2k,div2k/0897.png/sigma_0.150,div2k,0897.png,0.15000000596046448,U-Tikhonov T16/CG64,U-Tikhonov T16/CG32,PSNR,0.04875946044921875
div2k,div2k/0898.png/sigma_0.150,div2k,0898.png,0.15000000596046448,U-Tikhonov T16/CG64,U-Tikhonov T16/CG32,PSNR,-0.21102142333984375
div2k,div2k/0899.png/sigma_0.150,div2k,0899.png,0.15000000596046448,U-Tikhonov T16/CG64,U-Tikhonov T16/CG32,PSNR,-0.1729717254638672
div2k,div2k/0900.png/sigma_0.150,div2k,0900.png,0.15000000596046448,U-Tikhonov T16/CG64,U-Tikhonov T16/CG32,PSNR,-0.08513069152832031
div2k,div2k/0801.png/sigma_0.150,div2k,0801.png,0.15000000596046448,U-Tikhonov T16/CG64,U-Tikhonov T16/CG32,SSIM,-0.0062361955642700195
div2k,div2k/0802.png/sigma_0.150,div2k,0802.png,0.15000000596046448,U-Tikhonov T16/CG64,U-Tikhonov T16/CG32,SSIM,-0.004539668560028076
div2k,div2k/0803.png/sigma_0.150,div2k,0803.png,0.15000000596046448,U-Tikhonov T16/CG64,U-Tikhonov T16/CG32,SSIM,-0.005418837070465088
div2k,div2k/0804.png/sigma_0.150,div2k,0804.png,0.15000000596046448,U-Tikhonov T16/CG64,U-Tikhonov T16/CG32,SSIM,-0.005424976348876953
div2k,div2k/0805.png/sigma_0.150,div2k,0805.png,0.15000000596046448,U-Tikhonov T16/CG64,U-Tikhonov T16/CG32,SSIM,-0.00199049711227417
div2k,div2k/0806.png/sigma_0.150,div2k,0806.png,0.15000000596046448,U-Tikhonov T16/CG64,U-Tikhonov T16/CG32,SSIM,-0.0031607747077941895
div2k,div2k/0807.png/sigma_0.150,div2k,0807.png,0.15000000596046448,U-Tikhonov T16/CG64,U-Tikhonov T16/CG32,SSIM,-0.007624208927154541
div2k,div2k/0808.png/sigma_0.150,div2k,0808.png,0.15000000596046448,U-Tikhonov T16/CG64,U-Tikhonov T16/CG32,SSIM,-0.0026322603225708008
div2k,div2k/0809.png/sigma_0.150,div2k,0809.png,0.15000000596046448,U-Tikhonov T16/CG64,U-Tikhonov T16/CG32,SSIM,-0.001631021499633789
div2k,div2k/0810.png/sigma_0.150,div2k,0810.png,0.15000000596046448,U-Tikhonov T16/CG64,U-Tikhonov T16/CG32,SSIM,-0.0019826889038085938
div2k,div2k/0811.png/sigma_0.150,div2k,0811.png,0.15000000596046448,U-Tikhonov T16/CG64,U-Tikhonov T16/CG32,SSIM,-0.0006468296051025391
div2k,div2k/0812.png/sigma_0.150,div2k,0812.png,0.15000000596046448,U-Tikhonov T16/CG64,U-Tikhonov T16/CG32,SSIM,-0.002443969249725342
div2k,div2k/0813.png/sigma_0.150,div2k,0813.png,0.15000000596046448,U-Tikhonov T16/CG64,U-Tikhonov T16/CG32,SSIM,-0.005227804183959961
div2k,div2k/0814.png/sigma_0.150,div2k,0814.png,0.15000000596046448,U-Tikhonov T16/CG64,U-Tikhonov T16/CG32,SSIM,-0.003242313861846924
div2k,div2k/0815.png/sigma_0.150,div2k,0815.png,0.15000000596046448,U-Tikhonov T16/CG64,U-Tikhonov T16/CG32,SSIM,-0.0037451982498168945
div2k,div2k/0816.png/sigma_0.150,div2k,0816.png,0.15000000596046448,U-Tikhonov T16/CG64,U-Tikhonov T16/CG32,SSIM,-0.005167365074157715
div2k,div2k/0817.png/sigma_0.150,div2k,0817.png,0.15000000596046448,U-Tikhonov T16/CG64,U-Tikhonov T16/CG32,SSIM,-0.004875361919403076
div2k,div2k/0818.png/sigma_0.150,div2k,0818.png,0.15000000596046448,U-Tikhonov T16/CG64,U-Tikhonov T16/CG32,SSIM,-0.004878818988800049
div2k,div2k/0819.png/sigma_0.150,div2k,0819.png,0.15000000596046448,U-Tikhonov T16/CG64,U-Tikhonov T16/CG32,SSIM,-0.004045248031616211
div2k,div2k/0820.png/sigma_0.150,div2k,0820.png,0.15000000596046448,U-Tikhonov T16/CG64,U-Tikhonov T16/CG32,SSIM,-0.007141053676605225
div2k,div2k/0821.png/sigma_0.150,div2k,0821.png,0.15000000596046448,U-Tikhonov T16/CG64,U-Tikhonov T16/CG32,SSIM,-0.01509934663772583
div2k,div2k/0822.png/sigma_0.150,div2k,0822.png,0.15000000596046448,U-Tikhonov T16/CG64,U-Tikhonov T16/CG32,SSIM,-0.007023215293884277
div2k,div2k/0823.png/sigma_0.150,div2k,0823.png,0.15000000596046448,U-Tikhonov T16/CG64,U-Tikhonov T16/CG32,SSIM,-0.005225539207458496
div2k,div2k/0824.png/sigma_0.150,div2k,0824.png,0.15000000596046448,U-Tikhonov T16/CG64,U-Tikhonov T16/CG32,SSIM,-0.0029116272926330566
div2k,div2k/0825.png/sigma_0.150,div2k,0825.png,0.15000000596046448,U-Tikhonov T16/CG64,U-Tikhonov T16/CG32,SSIM,-0.0046523213386535645
div2k,div2k/0826.png/sigma_0.150,div2k,0826.png,0.15000000596046448,U-Tikhonov T16/CG64,U-Tikhonov T16/CG32,SSIM,-0.006196856498718262
div2k,div2k/0827.png/sigma_0.150,div2k,0827.png,0.15000000596046448,U-Tikhonov T16/CG64,U-Tikhonov T16/CG32,SSIM,-0.0005921125411987305
div2k,div2k/0828.png/sigma_0.150,div2k,0828.png,0.15000000596046448,U-Tikhonov T16/CG64,U-Tikhonov T16/CG32,SSIM,-0.012480974197387695
div2k,div2k/0829.png/sigma_0.150,div2k,0829.png,0.15000000596046448,U-Tikhonov T16/CG64,U-Tikhonov T16/CG32,SSIM,-0.00314939022064209
div2k,div2k/0830.png/sigma_0.150,div2k,0830.png,0.15000000596046448,U-Tikhonov T16/CG64,U-Tikhonov T16/CG32,SSIM,-0.001148223876953125
div2k,div2k/0831.png/sigma_0.150,div2k,0831.png,0.15000000596046448,U-Tikhonov T16/CG64,U-Tikhonov T16/CG32,SSIM,-0.0021091699600219727
div2k,div2k/0832.png/sigma_0.150,div2k,0832.png,0.15000000596046448,U-Tikhonov T16/CG64,U-Tikhonov T16/CG32,SSIM,-0.0016567707061767578
div2k,div2k/0833.png/sigma_0.150,div2k,0833.png,0.15000000596046448,U-Tikhonov T16/CG64,U-Tikhonov T16/CG32,SSIM,-0.00667041540145874
div2k,div2k/0834.png/sigma_0.150,div2k,0834.png,0.15000000596046448,U-Tikhonov T16/CG64,U-Tikhonov T16/CG32,SSIM,-0.002620220184326172
div2k,div2k/0835.png/sigma_0.150,div2k,0835.png,0.15000000596046448,U-Tikhonov T16/CG64,U-Tikhonov T16/CG32,SSIM,-0.0009958148002624512
div2k,div2k/0836.png/sigma_0.150,div2k,0836.png,0.15000000596046448,U-Tikhonov T16/CG64,U-Tikhonov T16/CG32,SSIM,-0.0042372941970825195
div2k,div2k/0837.png/sigma_0.150,div2k,0837.png,0.15000000596046448,U-Tikhonov T16/CG64,U-Tikhonov T16/CG32,SSIM,-0.00626450777053833
div2k,div2k/0838.png/sigma_0.150,div2k,0838.png,0.15000000596046448,U-Tikhonov T16/CG64,U-Tikhonov T16/CG32,SSIM,-0.00386887788772583
div2k,div2k/0839.png/sigma_0.150,div2k,0839.png,0.15000000596046448,U-Tikhonov T16/CG64,U-Tikhonov T16/CG32,SSIM,-0.0021643638610839844
div2k,div2k/0840.png/sigma_0.150,div2k,0840.png,0.15000000596046448,U-Tikhonov T16/CG64,U-Tikhonov T16/CG32,SSIM,-0.004951357841491699
div2k,div2k/0841.png/sigma_0.150,div2k,0841.png,0.15000000596046448,U-Tikhonov T16/CG64,U-Tikhonov T16/CG32,SSIM,-0.004619240760803223
div2k,div2k/0842.png/sigma_0.150,div2k,0842.png,0.15000000596046448,U-Tikhonov T16/CG64,U-Tikhonov T16/CG32,SSIM,-0.0027121305465698242
div2k,div2k/0843.png/sigma_0.150,div2k,0843.png,0.15000000596046448,U-Tikhonov T16/CG64,U-Tikhonov T16/CG32,SSIM,-0.0006847977638244629
div2k,div2k/0844.png/sigma_0.150,div2k,0844.png,0.15000000596046448,U-Tikhonov T16/CG64,U-Tikhonov T16/CG32,SSIM,0.004848659038543701
div2k,div2k/0845.png/sigma_0.150,div2k,0845.png,0.15000000596046448,U-Tikhonov T16/CG64,U-Tikhonov T16/CG32,SSIM,0.0013462305068969727
div2k,div2k/0846.png/sigma_0.150,div2k,0846.png,0.15000000596046448,U-Tikhonov T16/CG64,U-Tikhonov T16/CG32,SSIM,-0.004729568958282471
div2k,div2k/0847.png/sigma_0.150,div2k,0847.png,0.15000000596046448,U-Tikhonov T16/CG64,U-Tikhonov T16/CG32,SSIM,-0.004358351230621338
div2k,div2k/0848.png/sigma_0.150,div2k,0848.png,0.15000000596046448,U-Tikhonov T16/CG64,U-Tikhonov T16/CG32,SSIM,-0.004686236381530762
div2k,div2k/0849.png/sigma_0.150,div2k,0849.png,0.15000000596046448,U-Tikhonov T16/CG64,U-Tikhonov T16/CG32,SSIM,-0.012136995792388916
div2k,div2k/0850.png/sigma_0.150,div2k,0850.png,0.15000000596046448,U-Tikhonov T16/CG64,U-Tikhonov T16/CG32,SSIM,-0.003762364387512207
div2k,div2k/0851.png/sigma_0.150,div2k,0851.png,0.15000000596046448,U-Tikhonov T16/CG64,U-Tikhonov T16/CG32,SSIM,-0.006966531276702881
div2k,div2k/0852.png/sigma_0.150,div2k,0852.png,0.15000000596046448,U-Tikhonov T16/CG64,U-Tikhonov T16/CG32,SSIM,-0.0031443536281585693
div2k,div2k/0853.png/sigma_0.150,div2k,0853.png,0.15000000596046448,U-Tikhonov T16/CG64,U-Tikhonov T16/CG32,SSIM,-0.00262528657913208
div2k,div2k/0854.png/sigma_0.150,div2k,0854.png,0.15000000596046448,U-Tikhonov T16/CG64,U-Tikhonov T16/CG32,SSIM,-0.004990339279174805
div2k,div2k/0855.png/sigma_0.150,div2k,0855.png,0.15000000596046448,U-Tikhonov T16/CG64,U-Tikhonov T16/CG32,SSIM,-0.0011968016624450684
div2k,div2k/0856.png/sigma_0.150,div2k,0856.png,0.15000000596046448,U-Tikhonov T16/CG64,U-Tikhonov T16/CG32,SSIM,0.0006926059722900391
div2k,div2k/0857.png/sigma_0.150,div2k,0857.png,0.15000000596046448,U-Tikhonov T16/CG64,U-Tikhonov T16/CG32,SSIM,-0.0068315863609313965
div2k,div2k/0858.png/sigma_0.150,div2k,0858.png,0.15000000596046448,U-Tikhonov T16/CG64,U-Tikhonov T16/CG32,SSIM,-0.007530570030212402
div2k,div2k/0859.png/sigma_0.150,div2k,0859.png,0.15000000596046448,U-Tikhonov T16/CG64,U-Tikhonov T16/CG32,SSIM,-0.002093791961669922
div2k,div2k/0860.png/sigma_0.150,div2k,0860.png,0.15000000596046448,U-Tikhonov T16/CG64,U-Tikhonov T16/CG32,SSIM,-0.004921913146972656
div2k,div2k/0861.png/sigma_0.150,div2k,0861.png,0.15000000596046448,U-Tikhonov T16/CG64,U-Tikhonov T16/CG32,SSIM,-0.009410738945007324
div2k,div2k/0862.png/sigma_0.150,div2k,0862.png,0.15000000596046448,U-Tikhonov T16/CG64,U-Tikhonov T16/CG32,SSIM,0.0008202195167541504
div2k,div2k/0863.png/sigma_0.150,div2k,0863.png,0.15000000596046448,U-Tikhonov T16/CG64,U-Tikhonov T16/CG32,SSIM,-0.004911243915557861
div2k,div2k/0864.png/sigma_0.150,div2k,0864.png,0.15000000596046448,U-Tikhonov T16/CG64,U-Tikhonov T16/CG32,SSIM,-0.0004355907440185547
div2k,div2k/0865.png/sigma_0.150,div2k,0865.png,0.15000000596046448,U-Tikhonov T16/CG64,U-Tikhonov T16/CG32,SSIM,-0.002217531204223633
div2k,div2k/0866.png/sigma_0.150,div2k,0866.png,0.15000000596046448,U-Tikhonov T16/CG64,U-Tikhonov T16/CG32,SSIM,-0.004519045352935791
div2k,div2k/0867.png/sigma_0.150,div2k,0867.png,0.15000000596046448,U-Tikhonov T16/CG64,U-Tikhonov T16/CG32,SSIM,-0.005449533462524414
div2k,div2k/0868.png/sigma_0.150,div2k,0868.png,0.15000000596046448,U-Tikhonov T16/CG64,U-Tikhonov T16/CG32,SSIM,-0.004311203956604004
div2k,div2k/0869.png/sigma_0.150,div2k,0869.png,0.15000000596046448,U-Tikhonov T16/CG64,U-Tikhonov T16/CG32,SSIM,0.00014966726303100586
div2k,div2k/0870.png/sigma_0.150,div2k,0870.png,0.15000000596046448,U-Tikhonov T16/CG64,U-Tikhonov T16/CG32,SSIM,-0.005738019943237305
div2k,div2k/0871.png/sigma_0.150,div2k,0871.png,0.15000000596046448,U-Tikhonov T16/CG64,U-Tikhonov T16/CG32,SSIM,-0.004771411418914795
div2k,div2k/0872.png/sigma_0.150,div2k,0872.png,0.15000000596046448,U-Tikhonov T16/CG64,U-Tikhonov T16/CG32,SSIM,-0.0032072067260742188
div2k,div2k/0873.png/sigma_0.150,div2k,0873.png,0.15000000596046448,U-Tikhonov T16/CG64,U-Tikhonov T16/CG32,SSIM,-0.008104920387268066
div2k,div2k/0874.png/sigma_0.150,div2k,0874.png,0.15000000596046448,U-Tikhonov T16/CG64,U-Tikhonov T16/CG32,SSIM,0.0020648837089538574
div2k,div2k/0875.png/sigma_0.150,div2k,0875.png,0.15000000596046448,U-Tikhonov T16/CG64,U-Tikhonov T16/CG32,SSIM,-0.003346681594848633
div2k,div2k/0876.png/sigma_0.150,div2k,0876.png,0.15000000596046448,U-Tikhonov T16/CG64,U-Tikhonov T16/CG32,SSIM,-0.004100203514099121
div2k,div2k/0877.png/sigma_0.150,div2k,0877.png,0.15000000596046448,U-Tikhonov T16/CG64,U-Tikhonov T16/CG32,SSIM,-0.002695441246032715
div2k,div2k/0878.png/sigma_0.150,div2k,0878.png,0.15000000596046448,U-Tikhonov T16/CG64,U-Tikhonov T16/CG32,SSIM,-0.005792379379272461
div2k,div2k/0879.png/sigma_0.150,div2k,0879.png,0.15000000596046448,U-Tikhonov T16/CG64,U-Tikhonov T16/CG32,SSIM,-0.0034042000770568848
div2k,div2k/0880.png/sigma_0.150,div2k,0880.png,0.15000000596046448,U-Tikhonov T16/CG64,U-Tikhonov T16/CG32,SSIM,-0.005043506622314453
div2k,div2k/0881.png/sigma_0.150,div2k,0881.png,0.15000000596046448,U-Tikhonov T16/CG64,U-Tikhonov T16/CG32,SSIM,-0.0032149553298950195
div2k,div2k/0882.png/sigma_0.150,div2k,0882.png,0.15000000596046448,U-Tikhonov T16/CG64,U-Tikhonov T16/CG32,SSIM,-0.005100250244140625
div2k,div2k/0883.png/sigma_0.150,div2k,0883.png,0.15000000596046448,U-Tikhonov T16/CG64,U-Tikhonov T16/CG32,SSIM,-0.0066735148429870605
div2k,div2k/0884.png/sigma_0.150,div2k,0884.png,0.15000000596046448,U-Tikhonov T16/CG64,U-Tikhonov T16/CG32,SSIM,-0.005955100059509277
div2k,div2k/0885.png/sigma_0.150,div2k,0885.png,0.15000000596046448,U-Tikhonov T16/CG64,U-Tikhonov T16/CG32,SSIM,-0.004320621490478516
div2k,div2k/0886.png/sigma_0.150,div2k,0886.png,0.15000000596046448,U-Tikhonov T16/CG64,U-Tikhonov T16/CG32,SSIM,-0.003373861312866211
div2k,div2k/0887.png/sigma_0.150,div2k,0887.png,0.15000000596046448,U-Tikhonov T16/CG64,U-Tikhonov T16/CG32,SSIM,-0.0033780932426452637
div2k,div2k/0888.png/sigma_0.150,div2k,0888.png,0.15000000596046448,U-Tikhonov T16/CG64,U-Tikhonov T16/CG32,SSIM,-0.0036472678184509277
div2k,div2k/0889.png/sigma_0.150,div2k,0889.png,0.15000000596046448,U-Tikhonov T16/CG64,U-Tikhonov T16/CG32,SSIM,-0.007821738719940186
div2k,div2k/0890.png/sigma_0.150,div2k,0890.png,0.15000000596046448,U-Tikhonov T16/CG64,U-Tikhonov T16/CG32,SSIM,-0.0024390816688537598
div2k,div2k/0891.png/sigma_0.150,div2k,0891.png,0.15000000596046448,U-Tikhonov T16/CG64,U-Tikhonov T16/CG32,SSIM,-0.005792975425720215
div2k,div2k/0892.png/sigma_0.150,div2k,0892.png,0.15000000596046448,U-Tikhonov T16/CG64,U-Tikhonov T16/CG32,SSIM,-0.013115167617797852
div2k,div2k/0893.png/sigma_0.150,div2k,0893.png,0.15000000596046448,U-Tikhonov T16/CG64,U-Tikhonov T16/CG32,SSIM,-0.0063925981521606445
div2k,div2k/0894.png/sigma_0.150,div2k,0894.png,0.15000000596046448,U-Tikhonov T16/CG64,U-Tikhonov T16/CG32,SSIM,-0.0012764334678649902
div2k,div2k/0895.png/sigma_0.150,div2k,0895.png,0.15000000596046448,U-Tikhonov T16/CG64,U-Tikhonov T16/CG32,SSIM,-0.006742894649505615
div2k,div2k/0896.png/sigma_0.150,div2k,0896.png,0.15000000596046448,U-Tikhonov T16/CG64,U-Tikhonov T16/CG32,SSIM,-0.0024964213371276855
div2k,div2k/0897.png/sigma_0.150,div2k,0897.png,0.15000000596046448,U-Tikhonov T16/CG64,U-Tikhonov T16/CG32,SSIM,-0.008471250534057617
div2k,div2k/0898.png/sigma_0.150,div2k,0898.png,0.15000000596046448,U-Tikhonov T16/CG64,U-Tikhonov T16/CG32,SSIM,-0.002400219440460205
div2k,div2k/0899.png/sigma_0.150,div2k,0899.png,0.15000000596046448,U-Tikhonov T16/CG64,U-Tikhonov T16/CG32,SSIM,-0.00391310453414917
div2k,div2k/0900.png/sigma_0.150,div2k,0900.png,0.15000000596046448,U-Tikhonov T16/CG64,U-Tikhonov T16/CG32,SSIM,-0.00501859188079834
div2k,div2k/0801.png/sigma_0.200,div2k,0801.png,0.20000000298023224,U-Tikhonov T16/CG32,U-Tikhonov T4/CG32,PSNR,-0.0011959075927734375
div2k,div2k/0802.png/sigma_0.200,div2k,0802.png,0.20000000298023224,U-Tikhonov T16/CG32,U-Tikhonov T4/CG32,PSNR,0.13779640197753906
div2k,div2k/0803.png/sigma_0.200,div2k,0803.png,0.20000000298023224,U-Tikhonov T16/CG32,U-Tikhonov T4/CG32,PSNR,0.15766143798828125
div2k,div2k/0804.png/sigma_0.200,div2k,0804.png,0.20000000298023224,U-Tikhonov T16/CG32,U-Tikhonov T4/CG32,PSNR,0.11674118041992188
div2k,div2k/0805.png/sigma_0.200,div2k,0805.png,0.20000000298023224,U-Tikhonov T16/CG32,U-Tikhonov T4/CG32,PSNR,0.022855758666992188
div2k,div2k/0806.png/sigma_0.200,div2k,0806.png,0.20000000298023224,U-Tikhonov T16/CG32,U-Tikhonov T4/CG32,PSNR,0.1118621826171875
div2k,div2k/0807.png/sigma_0.200,div2k,0807.png,0.20000000298023224,U-Tikhonov T16/CG32,U-Tikhonov T4/CG32,PSNR,-0.0069732666015625
div2k,div2k/0808.png/sigma_0.200,div2k,0808.png,0.20000000298023224,U-Tikhonov T16/CG32,U-Tikhonov T4/CG32,PSNR,0.2279376983642578
div2k,div2k/0809.png/sigma_0.200,div2k,0809.png,0.20000000298023224,U-Tikhonov T16/CG32,U-Tikhonov T4/CG32,PSNR,-0.047527313232421875
div2k,div2k/0810.png/sigma_0.200,div2k,0810.png,0.20000000298023224,U-Tikhonov T16/CG32,U-Tikhonov T4/CG32,PSNR,0.03840065002441406
div2k,div2k/0811.png/sigma_0.200,div2k,0811.png,0.20000000298023224,U-Tikhonov T16/CG32,U-Tikhonov T4/CG32,PSNR,-0.06408882141113281
div2k,div2k/0812.png/sigma_0.200,div2k,0812.png,0.20000000298023224,U-Tikhonov T16/CG32,U-Tikhonov T4/CG32,PSNR,0.056270599365234375
div2k,div2k/0813.png/sigma_0.200,div2k,0813.png,0.20000000298023224,U-Tikhonov T16/CG32,U-Tikhonov T4/CG32,PSNR,0.11742973327636719
div2k,div2k/0814.png/sigma_0.200,div2k,0814.png,0.20000000298023224,U-Tikhonov T16/CG32,U-Tikhonov T4/CG32,PSNR,0.2229747772216797
div2k,div2k/0815.png/sigma_0.200,div2k,0815.png,0.20000000298023224,U-Tikhonov T16/CG32,U-Tikhonov T4/CG32,PSNR,0.05523872375488281
div2k,div2k/0816.png/sigma_0.200,div2k,0816.png,0.20000000298023224,U-Tikhonov T16/CG32,U-Tikhonov T4/CG32,PSNR,0.05731391906738281
div2k,div2k/0817.png/sigma_0.200,div2k,0817.png,0.20000000298023224,U-Tikhonov T16/CG32,U-Tikhonov T4/CG32,PSNR,0.09007072448730469
div2k,div2k/0818.png/sigma_0.200,div2k,0818.png,0.20000000298023224,U-Tikhonov T16/CG32,U-Tikhonov T4/CG32,PSNR,0.14474868774414062
div2k,div2k/0819.png/sigma_0.200,div2k,0819.png,0.20000000298023224,U-Tikhonov T16/CG32,U-Tikhonov T4/CG32,PSNR,0.01441192626953125
div2k,div2k/0820.png/sigma_0.200,div2k,0820.png,0.20000000298023224,U-Tikhonov T16/CG32,U-Tikhonov T4/CG32,PSNR,0.05029869079589844
div2k,div2k/0821.png/sigma_0.200,div2k,0821.png,0.20000000298023224,U-Tikhonov T16/CG32,U-Tikhonov T4/CG32,PSNR,0.13030052185058594
div2k,div2k/0822.png/sigma_0.200,div2k,0822.png,0.20000000298023224,U-Tikhonov T16/CG32,U-Tikhonov T4/CG32,PSNR,-0.028123855590820312
div2k,div2k/0823.png/sigma_0.200,div2k,0823.png,0.20000000298023224,U-Tikhonov T16/CG32,U-Tikhonov T4/CG32,PSNR,0.15939903259277344
div2k,div2k/0824.png/sigma_0.200,div2k,0824.png,0.20000000298023224,U-Tikhonov T16/CG32,U-Tikhonov T4/CG32,PSNR,0.17450904846191406
div2k,div2k/0825.png/sigma_0.200,div2k,0825.png,0.20000000298023224,U-Tikhonov T16/CG32,U-Tikhonov T4/CG32,PSNR,0.08521652221679688
div2k,div2k/0826.png/sigma_0.200,div2k,0826.png,0.20000000298023224,U-Tikhonov T16/CG32,U-Tikhonov T4/CG32,PSNR,0.07094764709472656
div2k,div2k/0827.png/sigma_0.200,div2k,0827.png,0.20000000298023224,U-Tikhonov T16/CG32,U-Tikhonov T4/CG32,PSNR,0.09275627136230469
div2k,div2k/0828.png/sigma_0.200,div2k,0828.png,0.20000000298023224,U-Tikhonov T16/CG32,U-Tikhonov T4/CG32,PSNR,-0.141998291015625
div2k,div2k/0829.png/sigma_0.200,div2k,0829.png,0.20000000298023224,U-Tikhonov T16/CG32,U-Tikhonov T4/CG32,PSNR,0.22988319396972656
div2k,div2k/0830.png/sigma_0.200,div2k,0830.png,0.20000000298023224,U-Tikhonov T16/CG32,U-Tikhonov T4/CG32,PSNR,0.028125762939453125
div2k,div2k/0831.png/sigma_0.200,div2k,0831.png,0.20000000298023224,U-Tikhonov T16/CG32,U-Tikhonov T4/CG32,PSNR,0.04437828063964844
div2k,div2k/0832.png/sigma_0.200,div2k,0832.png,0.20000000298023224,U-Tikhonov T16/CG32,U-Tikhonov T4/CG32,PSNR,0.08754730224609375
div2k,div2k/0833.png/sigma_0.200,div2k,0833.png,0.20000000298023224,U-Tikhonov T16/CG32,U-Tikhonov T4/CG32,PSNR,0.10573387145996094
div2k,div2k/0834.png/sigma_0.200,div2k,0834.png,0.20000000298023224,U-Tikhonov T16/CG32,U-Tikhonov T4/CG32,PSNR,0.08556938171386719
div2k,div2k/0835.png/sigma_0.200,div2k,0835.png,0.20000000298023224,U-Tikhonov T16/CG32,U-Tikhonov T4/CG32,PSNR,0.02994537353515625
div2k,div2k/0836.png/sigma_0.200,div2k,0836.png,0.20000000298023224,U-Tikhonov T16/CG32,U-Tikhonov T4/CG32,PSNR,0.0075473785400390625
div2k,div2k/0837.png/sigma_0.200,div2k,0837.png,0.20000000298023224,U-Tikhonov T16/CG32,U-Tikhonov T4/CG32,PSNR,0.060794830322265625
div2k,div2k/0838.png/sigma_0.200,div2k,0838.png,0.20000000298023224,U-Tikhonov T16/CG32,U-Tikhonov T4/CG32,PSNR,0.295166015625
div2k,div2k/0839.png/sigma_0.200,div2k,0839.png,0.20000000298023224,U-Tikhonov T16/CG32,U-Tikhonov T4/CG32,PSNR,0.08047866821289062
div2k,div2k/0840.png/sigma_0.200,div2k,0840.png,0.20000000298023224,U-Tikhonov T16/CG32,U-Tikhonov T4/CG32,PSNR,0.02983856201171875
div2k,div2k/0841.png/sigma_0.200,div2k,0841.png,0.20000000298023224,U-Tikhonov T16/CG32,U-Tikhonov T4/CG32,PSNR,0.08949470520019531
div2k,div2k/0842.png/sigma_0.200,div2k,0842.png,0.20000000298023224,U-Tikhonov T16/CG32,U-Tikhonov T4/CG32,PSNR,0.10227775573730469
div2k,div2k/0843.png/sigma_0.200,div2k,0843.png,0.20000000298023224,U-Tikhonov T16/CG32,U-Tikhonov T4/CG32,PSNR,0.2126483917236328
div2k,div2k/0844.png/sigma_0.200,div2k,0844.png,0.20000000298023224,U-Tikhonov T16/CG32,U-Tikhonov T4/CG32,PSNR,0.10642242431640625
div2k,div2k/0845.png/sigma_0.200,div2k,0845.png,0.20000000298023224,U-Tikhonov T16/CG32,U-Tikhonov T4/CG32,PSNR,0.00162506103515625
div2k,div2k/0846.png/sigma_0.200,div2k,0846.png,0.20000000298023224,U-Tikhonov T16/CG32,U-Tikhonov T4/CG32,PSNR,0.0057811737060546875
div2k,div2k/0847.png/sigma_0.200,div2k,0847.png,0.20000000298023224,U-Tikhonov T16/CG32,U-Tikhonov T4/CG32,PSNR,0.08903121948242188
div2k,div2k/0848.png/sigma_0.200,div2k,0848.png,0.20000000298023224,U-Tikhonov T16/CG32,U-Tikhonov T4/CG32,PSNR,0.10504150390625
div2k,div2k/0849.png/sigma_0.200,div2k,0849.png,0.20000000298023224,U-Tikhonov T16/CG32,U-Tikhonov T4/CG32,PSNR,0.19925498962402344
div2k,div2k/0850.png/sigma_0.200,div2k,0850.png,0.20000000298023224,U-Tikhonov T16/CG32,U-Tikhonov T4/CG32,PSNR,0.049312591552734375
div2k,div2k/0851.png/sigma_0.200,div2k,0851.png,0.20000000298023224,U-Tikhonov T16/CG32,U-Tikhonov T4/CG32,PSNR,0.2692279815673828
div2k,div2k/0852.png/sigma_0.200,div2k,0852.png,0.20000000298023224,U-Tikhonov T16/CG32,U-Tikhonov T4/CG32,PSNR,0.03169059753417969
div2k,div2k/0853.png/sigma_0.200,div2k,0853.png,0.20000000298023224,U-Tikhonov T16/CG32,U-Tikhonov T4/CG32,PSNR,0.17814254760742188
div2k,div2k/0854.png/sigma_0.200,div2k,0854.png,0.20000000298023224,U-Tikhonov T16/CG32,U-Tikhonov T4/CG32,PSNR,0.040645599365234375
div2k,div2k/0855.png/sigma_0.200,div2k,0855.png,0.20000000298023224,U-Tikhonov T16/CG32,U-Tikhonov T4/CG32,PSNR,0.0243377685546875
div2k,div2k/0856.png/sigma_0.200,div2k,0856.png,0.20000000298023224,U-Tikhonov T16/CG32,U-Tikhonov T4/CG32,PSNR,-0.06575202941894531
div2k,div2k/0857.png/sigma_0.200,div2k,0857.png,0.20000000298023224,U-Tikhonov T16/CG32,U-Tikhonov T4/CG32,PSNR,0.32077789306640625
div2k,div2k/0858.png/sigma_0.200,div2k,0858.png,0.20000000298023224,U-Tikhonov T16/CG32,U-Tikhonov T4/CG32,PSNR,-0.0015430450439453125
div2k,div2k/0859.png/sigma_0.200,div2k,0859.png,0.20000000298023224,U-Tikhonov T16/CG32,U-Tikhonov T4/CG32,PSNR,-0.03987312316894531
div2k,div2k/0860.png/sigma_0.200,div2k,0860.png,0.20000000298023224,U-Tikhonov T16/CG32,U-Tikhonov T4/CG32,PSNR,0.017282485961914062
div2k,div2k/0861.png/sigma_0.200,div2k,0861.png,0.20000000298023224,U-Tikhonov T16/CG32,U-Tikhonov T4/CG32,PSNR,0.0062122344970703125
div2k,div2k/0862.png/sigma_0.200,div2k,0862.png,0.20000000298023224,U-Tikhonov T16/CG32,U-Tikhonov T4/CG32,PSNR,0.48549842834472656
div2k,div2k/0863.png/sigma_0.200,div2k,0863.png,0.20000000298023224,U-Tikhonov T16/CG32,U-Tikhonov T4/CG32,PSNR,-0.0075225830078125
div2k,div2k/0864.png/sigma_0.200,div2k,0864.png,0.20000000298023224,U-Tikhonov T16/CG32,U-Tikhonov T4/CG32,PSNR,0.03172492980957031
div2k,div2k/0865.png/sigma_0.200,div2k,0865.png,0.20000000298023224,U-Tikhonov T16/CG32,U-Tikhonov T4/CG32,PSNR,0.06618499755859375
div2k,div2k/0866.png/sigma_0.200,div2k,0866.png,0.20000000298023224,U-Tikhonov T16/CG32,U-Tikhonov T4/CG32,PSNR,-0.002437591552734375
div2k,div2k/0867.png/sigma_0.200,div2k,0867.png,0.20000000298023224,U-Tikhonov T16/CG32,U-Tikhonov T4/CG32,PSNR,-0.05503273010253906
div2k,div2k/0868.png/sigma_0.200,div2k,0868.png,0.20000000298023224,U-Tikhonov T16/CG32,U-Tikhonov T4/CG32,PSNR,0.2107696533203125
div2k,div2k/0869.png/sigma_0.200,div2k,0869.png,0.20000000298023224,U-Tikhonov T16/CG32,U-Tikhonov T4/CG32,PSNR,0.06089210510253906
div2k,div2k/0870.png/sigma_0.200,div2k,0870.png,0.20000000298023224,U-Tikhonov T16/CG32,U-Tikhonov T4/CG32,PSNR,-0.026597976684570312
div2k,div2k/0871.png/sigma_0.200,div2k,0871.png,0.20000000298023224,U-Tikhonov T16/CG32,U-Tikhonov T4/CG32,PSNR,0.049358367919921875
div2k,div2k/0872.png/sigma_0.200,div2k,0872.png,0.20000000298023224,U-Tikhonov T16/CG32,U-Tikhonov T4/CG32,PSNR,0.04356193542480469
div2k,div2k/0873.png/sigma_0.200,div2k,0873.png,0.20000000298023224,U-Tikhonov T16/CG32,U-Tikhonov T4/CG32,PSNR,0.0191802978515625
div2k,div2k/0874.png/sigma_0.200,div2k,0874.png,0.20000000298023224,U-Tikhonov T16/CG32,U-Tikhonov T4/CG32,PSNR,0.006877899169921875
div2k,div2k/0875.png/sigma_0.200,div2k,0875.png,0.20000000298023224,U-Tikhonov T16/CG32,U-Tikhonov T4/CG32,PSNR,-0.027126312255859375
div2k,div2k/0876.png/sigma_0.200,div2k,0876.png,0.20000000298023224,U-Tikhonov T16/CG32,U-Tikhonov T4/CG32,PSNR,-0.04436302185058594
div2k,div2k/0877.png/sigma_0.200,div2k,0877.png,0.20000000298023224,U-Tikhonov T16/CG32,U-Tikhonov T4/CG32,PSNR,0.1263275146484375
div2k,div2k/0878.png/sigma_0.200,div2k,0878.png,0.20000000298023224,U-Tikhonov T16/CG32,U-Tikhonov T4/CG32,PSNR,0.019771575927734375
div2k,div2k/0879.png/sigma_0.200,div2k,0879.png,0.20000000298023224,U-Tikhonov T16/CG32,U-Tikhonov T4/CG32,PSNR,0.25024986267089844
div2k,div2k/0880.png/sigma_0.200,div2k,0880.png,0.20000000298023224,U-Tikhonov T16/CG32,U-Tikhonov T4/CG32,PSNR,0.2008075714111328
div2k,div2k/0881.png/sigma_0.200,div2k,0881.png,0.20000000298023224,U-Tikhonov T16/CG32,U-Tikhonov T4/CG32,PSNR,0.15182113647460938
div2k,div2k/0882.png/sigma_0.200,div2k,0882.png,0.20000000298023224,U-Tikhonov T16/CG32,U-Tikhonov T4/CG32,PSNR,0.23646163940429688
div2k,div2k/0883.png/sigma_0.200,div2k,0883.png,0.20000000298023224,U-Tikhonov T16/CG32,U-Tikhonov T4/CG32,PSNR,0.05072784423828125
div2k,div2k/0884.png/sigma_0.200,div2k,0884.png,0.20000000298023224,U-Tikhonov T16/CG32,U-Tikhonov T4/CG32,PSNR,0.07985877990722656
div2k,div2k/0885.png/sigma_0.200,div2k,0885.png,0.20000000298023224,U-Tikhonov T16/CG32,U-Tikhonov T4/CG32,PSNR,-0.13387680053710938
div2k,div2k/0886.png/sigma_0.200,div2k,0886.png,0.20000000298023224,U-Tikhonov T16/CG32,U-Tikhonov T4/CG32,PSNR,0.1252422332763672
div2k,div2k/0887.png/sigma_0.200,div2k,0887.png,0.20000000298023224,U-Tikhonov T16/CG32,U-Tikhonov T4/CG32,PSNR,0.13643264770507812
div2k,div2k/0888.png/sigma_0.200,div2k,0888.png,0.20000000298023224,U-Tikhonov T16/CG32,U-Tikhonov T4/CG32,PSNR,0.13165664672851562
div2k,div2k/0889.png/sigma_0.200,div2k,0889.png,0.20000000298023224,U-Tikhonov T16/CG32,U-Tikhonov T4/CG32,PSNR,0.03273200988769531
div2k,div2k/0890.png/sigma_0.200,div2k,0890.png,0.20000000298023224,U-Tikhonov T16/CG32,U-Tikhonov T4/CG32,PSNR,0.2160968780517578
div2k,div2k/0891.png/sigma_0.200,div2k,0891.png,0.20000000298023224,U-Tikhonov T16/CG32,U-Tikhonov T4/CG32,PSNR,0.013006210327148438
div2k,div2k/0892.png/sigma_0.200,div2k,0892.png,0.20000000298023224,U-Tikhonov T16/CG32,U-Tikhonov T4/CG32,PSNR,-0.034801483154296875
div2k,div2k/0893.png/sigma_0.200,div2k,0893.png,0.20000000298023224,U-Tikhonov T16/CG32,U-Tikhonov T4/CG32,PSNR,0.10654830932617188
div2k,div2k/0894.png/sigma_0.200,div2k,0894.png,0.20000000298023224,U-Tikhonov T16/CG32,U-Tikhonov T4/CG32,PSNR,0.14678001403808594
div2k,div2k/0895.png/sigma_0.200,div2k,0895.png,0.20000000298023224,U-Tikhonov T16/CG32,U-Tikhonov T4/CG32,PSNR,-0.04378509521484375
div2k,div2k/0896.png/sigma_0.200,div2k,0896.png,0.20000000298023224,U-Tikhonov T16/CG32,U-Tikhonov T4/CG32,PSNR,0.18111228942871094
div2k,div2k/0897.png/sigma_0.200,div2k,0897.png,0.20000000298023224,U-Tikhonov T16/CG32,U-Tikhonov T4/CG32,PSNR,-0.06508445739746094
div2k,div2k/0898.png/sigma_0.200,div2k,0898.png,0.20000000298023224,U-Tikhonov T16/CG32,U-Tikhonov T4/CG32,PSNR,0.4860553741455078
div2k,div2k/0899.png/sigma_0.200,div2k,0899.png,0.20000000298023224,U-Tikhonov T16/CG32,U-Tikhonov T4/CG32,PSNR,0.18168258666992188
div2k,div2k/0900.png/sigma_0.200,div2k,0900.png,0.20000000298023224,U-Tikhonov T16/CG32,U-Tikhonov T4/CG32,PSNR,0.01546478271484375
div2k,div2k/0801.png/sigma_0.200,div2k,0801.png,0.20000000298023224,U-Tikhonov T16/CG32,U-Tikhonov T4/CG32,SSIM,-0.004684507846832275
div2k,div2k/0802.png/sigma_0.200,div2k,0802.png,0.20000000298023224,U-Tikhonov T16/CG32,U-Tikhonov T4/CG32,SSIM,0.0023961663246154785
div2k,div2k/0803.png/sigma_0.200,div2k,0803.png,0.20000000298023224,U-Tikhonov T16/CG32,U-Tikhonov T4/CG32,SSIM,0.010134696960449219
div2k,div2k/0804.png/sigma_0.200,div2k,0804.png,0.20000000298023224,U-Tikhonov T16/CG32,U-Tikhonov T4/CG32,SSIM,0.0012694597244262695
div2k,div2k/0805.png/sigma_0.200,div2k,0805.png,0.20000000298023224,U-Tikhonov T16/CG32,U-Tikhonov T4/CG32,SSIM,-0.00694960355758667
div2k,div2k/0806.png/sigma_0.200,div2k,0806.png,0.20000000298023224,U-Tikhonov T16/CG32,U-Tikhonov T4/CG32,SSIM,0.011301577091217041
div2k,div2k/0807.png/sigma_0.200,div2k,0807.png,0.20000000298023224,U-Tikhonov T16/CG32,U-Tikhonov T4/CG32,SSIM,0.00027239322662353516
div2k,div2k/0808.png/sigma_0.200,div2k,0808.png,0.20000000298023224,U-Tikhonov T16/CG32,U-Tikhonov T4/CG32,SSIM,0.04036682844161987
div2k,div2k/0809.png/sigma_0.200,div2k,0809.png,0.20000000298023224,U-Tikhonov T16/CG32,U-Tikhonov T4/CG32,SSIM,-0.012685060501098633
div2k,div2k/0810.png/sigma_0.200,div2k,0810.png,0.20000000298023224,U-Tikhonov T16/CG32,U-Tikhonov T4/CG32,SSIM,0.0030396580696105957
div2k,div2k/0811.png/sigma_0.200,div2k,0811.png,0.20000000298023224,U-Tikhonov T16/CG32,U-Tikhonov T4/CG32,SSIM,-0.011034131050109863
div2k,div2k/0812.png/sigma_0.200,div2k,0812.png,0.20000000298023224,U-Tikhonov T16/CG32,U-Tikhonov T4/CG32,SSIM,0.013936340808868408
div2k,div2k/0813.png/sigma_0.200,div2k,0813.png,0.20000000298023224,U-Tikhonov T16/CG32,U-Tikhonov T4/CG32,SSIM,0.010709047317504883
div2k,div2k/0814.png/sigma_0.200,div2k,0814.png,0.20000000298023224,U-Tikhonov T16/CG32,U-Tikhonov T4/CG32,SSIM,0.07665598392486572
div2k,div2k/0815.png/sigma_0.200,div2k,0815.png,0.20000000298023224,U-Tikhonov T16/CG32,U-Tikhonov T4/CG32,SSIM,-0.0015828609466552734
div2k,div2k/0816.png/sigma_0.200,div2k,0816.png,0.20000000298023224,U-Tikhonov T16/CG32,U-Tikhonov T4/CG32,SSIM,0.006324172019958496
div2k,div2k/0817.png/sigma_0.200,div2k,0817.png,0.20000000298023224,U-Tikhonov T16/CG32,U-Tikhonov T4/CG32,SSIM,0.023109734058380127
div2k,div2k/0818.png/sigma_0.200,div2k,0818.png,0.20000000298023224,U-Tikhonov T16/CG32,U-Tikhonov T4/CG32,SSIM,0.020539462566375732
div2k,div2k/0819.png/sigma_0.200,div2k,0819.png,0.20000000298023224,U-Tikhonov T16/CG32,U-Tikhonov T4/CG32,SSIM,-0.005623221397399902
div2k,div2k/0820.png/sigma_0.200,div2k,0820.png,0.20000000298023224,U-Tikhonov T16/CG32,U-Tikhonov T4/CG32,SSIM,-0.005864143371582031
div2k,div2k/0821.png/sigma_0.200,div2k,0821.png,0.20000000298023224,U-Tikhonov T16/CG32,U-Tikhonov T4/CG32,SSIM,0.005562186241149902
div2k,div2k/0822.png/sigma_0.200,div2k,0822.png,0.20000000298023224,U-Tikhonov T16/CG32,U-Tikhonov T4/CG32,SSIM,-0.009281814098358154
div2k,div2k/0823.png/sigma_0.200,div2k,0823.png,0.20000000298023224,U-Tikhonov T16/CG32,U-Tikhonov T4/CG32,SSIM,0.04818010330200195
div2k,div2k/0824.png/sigma_0.200,div2k,0824.png,0.20000000298023224,U-Tikhonov T16/CG32,U-Tikhonov T4/CG32,SSIM,0.01326972246170044
div2k,div2k/0825.png/sigma_0.200,div2k,0825.png,0.20000000298023224,U-Tikhonov T16/CG32,U-Tikhonov T4/CG32,SSIM,0.0006835460662841797
div2k,div2k/0826.png/sigma_0.200,div2k,0826.png,0.20000000298023224,U-Tikhonov T16/CG32,U-Tikhonov T4/CG32,SSIM,0.02052450180053711
div2k,div2k/0827.png/sigma_0.200,div2k,0827.png,0.20000000298023224,U-Tikhonov T16/CG32,U-Tikhonov T4/CG32,SSIM,0.011535346508026123
div2k,div2k/0828.png/sigma_0.200,div2k,0828.png,0.20000000298023224,U-Tikhonov T16/CG32,U-Tikhonov T4/CG32,SSIM,-0.017541587352752686
div2k,div2k/0829.png/sigma_0.200,div2k,0829.png,0.20000000298023224,U-Tikhonov T16/CG32,U-Tikhonov T4/CG32,SSIM,0.01676076650619507
div2k,div2k/0830.png/sigma_0.200,div2k,0830.png,0.20000000298023224,U-Tikhonov T16/CG32,U-Tikhonov T4/CG32,SSIM,0.015725672245025635
div2k,div2k/0831.png/sigma_0.200,div2k,0831.png,0.20000000298023224,U-Tikhonov T16/CG32,U-Tikhonov T4/CG32,SSIM,-0.0006164908409118652
div2k,div2k/0832.png/sigma_0.200,div2k,0832.png,0.20000000298023224,U-Tikhonov T16/CG32,U-Tikhonov T4/CG32,SSIM,0.00023651123046875
div2k,div2k/0833.png/sigma_0.200,div2k,0833.png,0.20000000298023224,U-Tikhonov T16/CG32,U-Tikhonov T4/CG32,SSIM,0.0457843542098999
div2k,div2k/0834.png/sigma_0.200,div2k,0834.png,0.20000000298023224,U-Tikhonov T16/CG32,U-Tikhonov T4/CG32,SSIM,0.009837090969085693
div2k,div2k/0835.png/sigma_0.200,div2k,0835.png,0.20000000298023224,U-Tikhonov T16/CG32,U-Tikhonov T4/CG32,SSIM,-0.006954014301300049
div2k,div2k/0836.png/sigma_0.200,div2k,0836.png,0.20000000298023224,U-Tikhonov T16/CG32,U-Tikhonov T4/CG32,SSIM,0.013157069683074951
div2k,div2k/0837.png/sigma_0.200,div2k,0837.png,0.20000000298023224,U-Tikhonov T16/CG32,U-Tikhonov T4/CG32,SSIM,4.5180320739746094e-05
div2k,div2k/0838.png/sigma_0.200,div2k,0838.png,0.20000000298023224,U-Tikhonov T16/CG32,U-Tikhonov T4/CG32,SSIM,0.02333623170852661
div2k,div2k/0839.png/sigma_0.200,div2k,0839.png,0.20000000298023224,U-Tikhonov T16/CG32,U-Tikhonov T4/CG32,SSIM,-0.0011828839778900146
div2k,div2k/0840.png/sigma_0.200,div2k,0840.png,0.20000000298023224,U-Tikhonov T16/CG32,U-Tikhonov T4/CG32,SSIM,-0.0027306675910949707
div2k,div2k/0841.png/sigma_0.200,div2k,0841.png,0.20000000298023224,U-Tikhonov T16/CG32,U-Tikhonov T4/CG32,SSIM,0.00791853666305542
div2k,div2k/0842.png/sigma_0.200,div2k,0842.png,0.20000000298023224,U-Tikhonov T16/CG32,U-Tikhonov T4/CG32,SSIM,0.00521010160446167
div2k,div2k/0843.png/sigma_0.200,div2k,0843.png,0.20000000298023224,U-Tikhonov T16/CG32,U-Tikhonov T4/CG32,SSIM,0.06041628122329712
div2k,div2k/0844.png/sigma_0.200,div2k,0844.png,0.20000000298023224,U-Tikhonov T16/CG32,U-Tikhonov T4/CG32,SSIM,0.027523696422576904
div2k,div2k/0845.png/sigma_0.200,div2k,0845.png,0.20000000298023224,U-Tikhonov T16/CG32,U-Tikhonov T4/CG32,SSIM,0.009210526943206787
div2k,div2k/0846.png/sigma_0.200,div2k,0846.png,0.20000000298023224,U-Tikhonov T16/CG32,U-Tikhonov T4/CG32,SSIM,0.0061511993408203125
div2k,div2k/0847.png/sigma_0.200,div2k,0847.png,0.20000000298023224,U-Tikhonov T16/CG32,U-Tikhonov T4/CG32,SSIM,0.010101556777954102
div2k,div2k/0848.png/sigma_0.200,div2k,0848.png,0.20000000298023224,U-Tikhonov T16/CG32,U-Tikhonov T4/CG32,SSIM,0.0058386921882629395
div2k,div2k/0849.png/sigma_0.200,div2k,0849.png,0.20000000298023224,U-Tikhonov T16/CG32,U-Tikhonov T4/CG32,SSIM,0.005708038806915283
div2k,div2k/0850.png/sigma_0.200,div2k,0850.png,0.20000000298023224,U-Tikhonov T16/CG32,U-Tikhonov T4/CG32,SSIM,0.0028998851776123047
div2k,div2k/0851.png/sigma_0.200,div2k,0851.png,0.20000000298023224,U-Tikhonov T16/CG32,U-Tikhonov T4/CG32,SSIM,0.05918705463409424
div2k,div2k/0852.png/sigma_0.200,div2k,0852.png,0.20000000298023224,U-Tikhonov T16/CG32,U-Tikhonov T4/CG32,SSIM,-0.003900676965713501
div2k,div2k/0853.png/sigma_0.200,div2k,0853.png,0.20000000298023224,U-Tikhonov T16/CG32,U-Tikhonov T4/CG32,SSIM,0.03559434413909912
div2k,div2k/0854.png/sigma_0.200,div2k,0854.png,0.20000000298023224,U-Tikhonov T16/CG32,U-Tikhonov T4/CG32,SSIM,0.025955259799957275
div2k,div2k/0855.png/sigma_0.200,div2k,0855.png,0.20000000298023224,U-Tikhonov T16/CG32,U-Tikhonov T4/CG32,SSIM,0.006574273109436035
div2k,div2k/0856.png/sigma_0.200,div2k,0856.png,0.20000000298023224,U-Tikhonov T16/CG32,U-Tikhonov T4/CG32,SSIM,-0.01610386371612549
div2k,div2k/0857.png/sigma_0.200,div2k,0857.png,0.20000000298023224,U-Tikhonov T16/CG32,U-Tikhonov T4/CG32,SSIM,0.020244956016540527
div2k,div2k/0858.png/sigma_0.200,div2k,0858.png,0.20000000298023224,U-Tikhonov T16/CG32,U-Tikhonov T4/CG32,SSIM,-0.00822359323501587
div2k,div2k/0859.png/sigma_0.200,div2k,0859.png,0.20000000298023224,U-Tikhonov T16/CG32,U-Tikhonov T4/CG32,SSIM,-0.0060689449310302734
div2k,div2k/0860.png/sigma_0.200,div2k,0860.png,0.20000000298023224,U-Tikhonov T16/CG32,U-Tikhonov T4/CG32,SSIM,-0.007626831531524658
div2k,div2k/0861.png/sigma_0.200,div2k,0861.png,0.20000000298023224,U-Tikhonov T16/CG32,U-Tikhonov T4/CG32,SSIM,-0.00425565242767334
div2k,div2k/0862.png/sigma_0.200,div2k,0862.png,0.20000000298023224,U-Tikhonov T16/CG32,U-Tikhonov T4/CG32,SSIM,0.05348867177963257
div2k,div2k/0863.png/sigma_0.200,div2k,0863.png,0.20000000298023224,U-Tikhonov T16/CG32,U-Tikhonov T4/CG32,SSIM,0.024313390254974365
div2k,div2k/0864.png/sigma_0.200,div2k,0864.png,0.20000000298023224,U-Tikhonov T16/CG32,U-Tikhonov T4/CG32,SSIM,-0.005256175994873047
div2k,div2k/0865.png/sigma_0.200,div2k,0865.png,0.20000000298023224,U-Tikhonov T16/CG32,U-Tikhonov T4/CG32,SSIM,0.006442129611968994
div2k,div2k/0866.png/sigma_0.200,div2k,0866.png,0.20000000298023224,U-Tikhonov T16/CG32,U-Tikhonov T4/CG32,SSIM,0.0011214017868041992
div2k,div2k/0867.png/sigma_0.200,div2k,0867.png,0.20000000298023224,U-Tikhonov T16/CG32,U-Tikhonov T4/CG32,SSIM,-0.005589544773101807
div2k,div2k/0868.png/sigma_0.200,div2k,0868.png,0.20000000298023224,U-Tikhonov T16/CG32,U-Tikhonov T4/CG32,SSIM,0.07940173149108887
div2k,div2k/0869.png/sigma_0.200,div2k,0869.png,0.20000000298023224,U-Tikhonov T16/CG32,U-Tikhonov T4/CG32,SSIM,0.02349168062210083
div2k,div2k/0870.png/sigma_0.200,div2k,0870.png,0.20000000298023224,U-Tikhonov T16/CG32,U-Tikhonov T4/CG32,SSIM,-0.004603028297424316
div2k,div2k/0871.png/sigma_0.200,div2k,0871.png,0.20000000298023224,U-Tikhonov T16/CG32,U-Tikhonov T4/CG32,SSIM,0.0018346905708312988
div2k,div2k/0872.png/sigma_0.200,div2k,0872.png,0.20000000298023224,U-Tikhonov T16/CG32,U-Tikhonov T4/CG32,SSIM,-0.0006240606307983398
div2k,div2k/0873.png/sigma_0.200,div2k,0873.png,0.20000000298023224,U-Tikhonov T16/CG32,U-Tikhonov T4/CG32,SSIM,0.009800076484680176
div2k,div2k/0874.png/sigma_0.200,div2k,0874.png,0.20000000298023224,U-Tikhonov T16/CG32,U-Tikhonov T4/CG32,SSIM,-0.008563697338104248
div2k,div2k/0875.png/sigma_0.200,div2k,0875.png,0.20000000298023224,U-Tikhonov T16/CG32,U-Tikhonov T4/CG32,SSIM,-0.004187405109405518
div2k,div2k/0876.png/sigma_0.200,div2k,0876.png,0.20000000298023224,U-Tikhonov T16/CG32,U-Tikhonov T4/CG32,SSIM,-0.014512300491333008
div2k,div2k/0877.png/sigma_0.200,div2k,0877.png,0.20000000298023224,U-Tikhonov T16/CG32,U-Tikhonov T4/CG32,SSIM,0.004105031490325928
div2k,div2k/0878.png/sigma_0.200,div2k,0878.png,0.20000000298023224,U-Tikhonov T16/CG32,U-Tikhonov T4/CG32,SSIM,0.0003085136413574219
div2k,div2k/0879.png/sigma_0.200,div2k,0879.png,0.20000000298023224,U-Tikhonov T16/CG32,U-Tikhonov T4/CG32,SSIM,0.06635630130767822
div2k,div2k/0880.png/sigma_0.200,div2k,0880.png,0.20000000298023224,U-Tikhonov T16/CG32,U-Tikhonov T4/CG32,SSIM,0.05928182601928711
div2k,div2k/0881.png/sigma_0.200,div2k,0881.png,0.20000000298023224,U-Tikhonov T16/CG32,U-Tikhonov T4/CG32,SSIM,0.023402392864227295
div2k,div2k/0882.png/sigma_0.200,div2k,0882.png,0.20000000298023224,U-Tikhonov T16/CG32,U-Tikhonov T4/CG32,SSIM,0.015159368515014648
div2k,div2k/0883.png/sigma_0.200,div2k,0883.png,0.20000000298023224,U-Tikhonov T16/CG32,U-Tikhonov T4/CG32,SSIM,0.007752478122711182
div2k,div2k/0884.png/sigma_0.200,div2k,0884.png,0.20000000298023224,U-Tikhonov T16/CG32,U-Tikhonov T4/CG32,SSIM,0.0005271434783935547
div2k,div2k/0885.png/sigma_0.200,div2k,0885.png,0.20000000298023224,U-Tikhonov T16/CG32,U-Tikhonov T4/CG32,SSIM,-0.022788047790527344
div2k,div2k/0886.png/sigma_0.200,div2k,0886.png,0.20000000298023224,U-Tikhonov T16/CG32,U-Tikhonov T4/CG32,SSIM,0.012292563915252686
div2k,div2k/0887.png/sigma_0.200,div2k,0887.png,0.20000000298023224,U-Tikhonov T16/CG32,U-Tikhonov T4/CG32,SSIM,0.025639474391937256
div2k,div2k/0888.png/sigma_0.200,div2k,0888.png,0.20000000298023224,U-Tikhonov T16/CG32,U-Tikhonov T4/CG32,SSIM,0.0032963156700134277
div2k,div2k/0889.png/sigma_0.200,div2k,0889.png,0.20000000298023224,U-Tikhonov T16/CG32,U-Tikhonov T4/CG32,SSIM,0.001631021499633789
div2k,div2k/0890.png/sigma_0.200,div2k,0890.png,0.20000000298023224,U-Tikhonov T16/CG32,U-Tikhonov T4/CG32,SSIM,0.05964940786361694
div2k,div2k/0891.png/sigma_0.200,div2k,0891.png,0.20000000298023224,U-Tikhonov T16/CG32,U-Tikhonov T4/CG32,SSIM,-0.0008594989776611328
div2k,div2k/0892.png/sigma_0.200,div2k,0892.png,0.20000000298023224,U-Tikhonov T16/CG32,U-Tikhonov T4/CG32,SSIM,-0.008158087730407715
div2k,div2k/0893.png/sigma_0.200,div2k,0893.png,0.20000000298023224,U-Tikhonov T16/CG32,U-Tikhonov T4/CG32,SSIM,0.008776068687438965
div2k,div2k/0894.png/sigma_0.200,div2k,0894.png,0.20000000298023224,U-Tikhonov T16/CG32,U-Tikhonov T4/CG32,SSIM,0.015440523624420166
div2k,div2k/0895.png/sigma_0.200,div2k,0895.png,0.20000000298023224,U-Tikhonov T16/CG32,U-Tikhonov T4/CG32,SSIM,-0.011779248714447021
div2k,div2k/0896.png/sigma_0.200,div2k,0896.png,0.20000000298023224,U-Tikhonov T16/CG32,U-Tikhonov T4/CG32,SSIM,0.054086267948150635
div2k,div2k/0897.png/sigma_0.200,div2k,0897.png,0.20000000298023224,U-Tikhonov T16/CG32,U-Tikhonov T4/CG32,SSIM,0.010456979274749756
div2k,div2k/0898.png/sigma_0.200,div2k,0898.png,0.20000000298023224,U-Tikhonov T16/CG32,U-Tikhonov T4/CG32,SSIM,0.10456228256225586
div2k,div2k/0899.png/sigma_0.200,div2k,0899.png,0.20000000298023224,U-Tikhonov T16/CG32,U-Tikhonov T4/CG32,SSIM,0.0015767216682434082
div2k,div2k/0900.png/sigma_0.200,div2k,0900.png,0.20000000298023224,U-Tikhonov T16/CG32,U-Tikhonov T4/CG32,SSIM,-0.0028105974197387695
div2k,div2k/0801.png/sigma_0.200,div2k,0801.png,0.20000000298023224,U-Tikhonov T16/CG64,U-Tikhonov T4/CG64,PSNR,-0.0072231292724609375
div2k,div2k/0802.png/sigma_0.200,div2k,0802.png,0.20000000298023224,U-Tikhonov T16/CG64,U-Tikhonov T4/CG64,PSNR,0.12039375305175781
div2k,div2k/0803.png/sigma_0.200,div2k,0803.png,0.20000000298023224,U-Tikhonov T16/CG64,U-Tikhonov T4/CG64,PSNR,0.041290283203125
div2k,div2k/0804.png/sigma_0.200,div2k,0804.png,0.20000000298023224,U-Tikhonov T16/CG64,U-Tikhonov T4/CG64,PSNR,0.0070285797119140625
div2k,div2k/0805.png/sigma_0.200,div2k,0805.png,0.20000000298023224,U-Tikhonov T16/CG64,U-Tikhonov T4/CG64,PSNR,-0.03306770324707031
div2k,div2k/0806.png/sigma_0.200,div2k,0806.png,0.20000000298023224,U-Tikhonov T16/CG64,U-Tikhonov T4/CG64,PSNR,0.0970611572265625
div2k,div2k/0807.png/sigma_0.200,div2k,0807.png,0.20000000298023224,U-Tikhonov T16/CG64,U-Tikhonov T4/CG64,PSNR,-0.00550079345703125
div2k,div2k/0808.png/sigma_0.200,div2k,0808.png,0.20000000298023224,U-Tikhonov T16/CG64,U-Tikhonov T4/CG64,PSNR,0.11278152465820312
div2k,div2k/0809.png/sigma_0.200,div2k,0809.png,0.20000000298023224,U-Tikhonov T16/CG64,U-Tikhonov T4/CG64,PSNR,0.017282485961914062
div2k,div2k/0810.png/sigma_0.200,div2k,0810.png,0.20000000298023224,U-Tikhonov T16/CG64,U-Tikhonov T4/CG64,PSNR,0.010538101196289062
div2k,div2k/0811.png/sigma_0.200,div2k,0811.png,0.20000000298023224,U-Tikhonov T16/CG64,U-Tikhonov T4/CG64,PSNR,-0.010091781616210938
div2k,div2k/0812.png/sigma_0.200,div2k,0812.png,0.20000000298023224,U-Tikhonov T16/CG64,U-Tikhonov T4/CG64,PSNR,0.03156471252441406
div2k,div2k/0813.png/sigma_0.200,div2k,0813.png,0.20000000298023224,U-Tikhonov T16/CG64,U-Tikhonov T4/CG64,PSNR,-0.017137527465820312
div2k,div2k/0814.png/sigma_0.200,div2k,0814.png,0.20000000298023224,U-Tikhonov T16/CG64,U-Tikhonov T4/CG64,PSNR,0.1810169219970703
div2k,div2k/0815.png/sigma_0.200,div2k,0815.png,0.20000000298023224,U-Tikhonov T16/CG64,U-Tikhonov T4/CG64,PSNR,0.024829864501953125
div2k,div2k/0816.png/sigma_0.200,div2k,0816.png,0.20000000298023224,U-Tikhonov T16/CG64,U-Tikhonov T4/CG64,PSNR,0.05859184265136719
div2k,div2k/0817.png/sigma_0.200,div2k,0817.png,0.20000000298023224,U-Tikhonov T16/CG64,U-Tikhonov T4/CG64,PSNR,0.04793548583984375
div2k,div2k/0818.png/sigma_0.200,div2k,0818.png,0.20000000298023224,U-Tikhonov T16/CG64,U-Tikhonov T4/CG64,PSNR,0.05734825134277344
div2k,div2k/0819.png/sigma_0.200,div2k,0819.png,0.20000000298023224,U-Tikhonov T16/CG64,U-Tikhonov T4/CG64,PSNR,-0.00479888916015625
div2k,div2k/0820.png/sigma_0.200,div2k,0820.png,0.20000000298023224,U-Tikhonov T16/CG64,U-Tikhonov T4/CG64,PSNR,-0.06076812744140625
div2k,div2k/0821.png/sigma_0.200,div2k,0821.png,0.20000000298023224,U-Tikhonov T16/CG64,U-Tikhonov T4/CG64,PSNR,-0.006855010986328125
div2k,div2k/0822.png/sigma_0.200,div2k,0822.png,0.20000000298023224,U-Tikhonov T16/CG64,U-Tikhonov T4/CG64,PSNR,-0.0075931549072265625
div2k,div2k/0823.png/sigma_0.200,div2k,0823.png,0.20000000298023224,U-Tikhonov T16/CG64,U-Tikhonov T4/CG64,PSNR,0.10355949401855469
div2k,div2k/0824.png/sigma_0.200,div2k,0824.png,0.20000000298023224,U-Tikhonov T16/CG64,U-Tikhonov T4/CG64,PSNR,0.11423492431640625
div2k,div2k/0825.png/sigma_0.200,div2k,0825.png,0.20000000298023224,U-Tikhonov T16/CG64,U-Tikhonov T4/CG64,PSNR,0.07985877990722656
div2k,div2k/0826.png/sigma_0.200,div2k,0826.png,0.20000000298023224,U-Tikhonov T16/CG64,U-Tikhonov T4/CG64,PSNR,0.08579444885253906
div2k,div2k/0827.png/sigma_0.200,div2k,0827.png,0.20000000298023224,U-Tikhonov T16/CG64,U-Tikhonov T4/CG64,PSNR,0.055660247802734375
div2k,div2k/0828.png/sigma_0.200,div2k,0828.png,0.20000000298023224,U-Tikhonov T16/CG64,U-Tikhonov T4/CG64,PSNR,-0.13628578186035156
div2k,div2k/0829.png/sigma_0.200,div2k,0829.png,0.20000000298023224,U-Tikhonov T16/CG64,U-Tikhonov T4/CG64,PSNR,0.155609130859375
div2k,div2k/0830.png/sigma_0.200,div2k,0830.png,0.20000000298023224,U-Tikhonov T16/CG64,U-Tikhonov T4/CG64,PSNR,0.032176971435546875
div2k,div2k/0831.png/sigma_0.200,div2k,0831.png,0.20000000298023224,U-Tikhonov T16/CG64,U-Tikhonov T4/CG64,PSNR,0.014219284057617188
div2k,div2k/0832.png/sigma_0.200,div2k,0832.png,0.20000000298023224,U-Tikhonov T16/CG64,U-Tikhonov T4/CG64,PSNR,0.03527069091796875
div2k,div2k/0833.png/sigma_0.200,div2k,0833.png,0.20000000298023224,U-Tikhonov T16/CG64,U-Tikhonov T4/CG64,PSNR,0.10871696472167969
div2k,div2k/0834.png/sigma_0.200,div2k,0834.png,0.20000000298023224,U-Tikhonov T16/CG64,U-Tikhonov T4/CG64,PSNR,0.08954048156738281
div2k,div2k/0835.png/sigma_0.200,div2k,0835.png,0.20000000298023224,U-Tikhonov T16/CG64,U-Tikhonov T4/CG64,PSNR,-0.021780014038085938
div2k,div2k/0836.png/sigma_0.200,div2k,0836.png,0.20000000298023224,U-Tikhonov T16/CG64,U-Tikhonov T4/CG64,PSNR,0.06094169616699219
div2k,div2k/0837.png/sigma_0.200,div2k,0837.png,0.20000000298023224,U-Tikhonov T16/CG64,U-Tikhonov T4/CG64,PSNR,0.036884307861328125
div2k,div2k/0838.png/sigma_0.200,div2k,0838.png,0.20000000298023224,U-Tikhonov T16/CG64,U-Tikhonov T4/CG64,PSNR,0.16765594482421875
div2k,div2k/0839.png/sigma_0.200,div2k,0839.png,0.20000000298023224,U-Tikhonov T16/CG64,U-Tikhonov T4/CG64,PSNR,0.05519866943359375
div2k,div2k/0840.png/sigma_0.200,div2k,0840.png,0.20000000298023224,U-Tikhonov T16/CG64,U-Tikhonov T4/CG64,PSNR,0.0213623046875
div2k,div2k/0841.png/sigma_0.200,div2k,0841.png,0.20000000298023224,U-Tikhonov T16/CG64,U-Tikhonov T4/CG64,PSNR,0.001026153564453125
div2k,div2k/0842.png/sigma_0.200,div2k,0842.png,0.20000000298023224,U-Tikhonov T16/CG64,U-Tikhonov T4/CG64,PSNR,0.0045566558837890625
div2k,div2k/0843.png/sigma_0.200,div2k,0843.png,0.20000000298023224,U-Tikhonov T16/CG64,U-Tikhonov T4/CG64,PSNR,0.1315746307373047
div2k,div2k/0844.png/sigma_0.200,div2k,0844.png,0.20000000298023224,U-Tikhonov T16/CG64,U-Tikhonov T4/CG64,PSNR,0.16446304321289062
div2k,div2k/0845.png/sigma_0.200,div2k,0845.png,0.20000000298023224,U-Tikhonov T16/CG64,U-Tikhonov T4/CG64,PSNR,0.0341033935546875
div2k,div2k/0846.png/sigma_0.200,div2k,0846.png,0.20000000298023224,U-Tikhonov T16/CG64,U-Tikhonov T4/CG64,PSNR,0.0005741119384765625
div2k,div2k/0847.png/sigma_0.200,div2k,0847.png,0.20000000298023224,U-Tikhonov T16/CG64,U-Tikhonov T4/CG64,PSNR,0.106781005859375
div2k,div2k/0848.png/sigma_0.200,div2k,0848.png,0.20000000298023224,U-Tikhonov T16/CG64,U-Tikhonov T4/CG64,PSNR,0.053264617919921875
div2k,div2k/0849.png/sigma_0.200,div2k,0849.png,0.20000000298023224,U-Tikhonov T16/CG64,U-Tikhonov T4/CG64,PSNR,-0.0439300537109375
div2k,div2k/0850.png/sigma_0.200,div2k,0850.png,0.20000000298023224,U-Tikhonov T16/CG64,U-Tikhonov T4/CG64,PSNR,0.002605438232421875
div2k,div2k/0851.png/sigma_0.200,div2k,0851.png,0.20000000298023224,U-Tikhonov T16/CG64,U-Tikhonov T4/CG64,PSNR,0.11195755004882812
div2k,div2k/0852.png/sigma_0.200,div2k,0852.png,0.20000000298023224,U-Tikhonov T16/CG64,U-Tikhonov T4/CG64,PSNR,0.025743484497070312
div2k,div2k/0853.png/sigma_0.200,div2k,0853.png,0.20000000298023224,U-Tikhonov T16/CG64,U-Tikhonov T4/CG64,PSNR,0.09020233154296875
div2k,div2k/0854.png/sigma_0.200,div2k,0854.png,0.20000000298023224,U-Tikhonov T16/CG64,U-Tikhonov T4/CG64,PSNR,0.022821426391601562
div2k,div2k/0855.png/sigma_0.200,div2k,0855.png,0.20000000298023224,U-Tikhonov T16/CG64,U-Tikhonov T4/CG64,PSNR,0.013566970825195312
div2k,div2k/0856.png/sigma_0.200,div2k,0856.png,0.20000000298023224,U-Tikhonov T16/CG64,U-Tikhonov T4/CG64,PSNR,-0.025274276733398438
div2k,div2k/0857.png/sigma_0.200,div2k,0857.png,0.20000000298023224,U-Tikhonov T16/CG64,U-Tikhonov T4/CG64,PSNR,0.12452507019042969
div2k,div2k/0858.png/sigma_0.200,div2k,0858.png,0.20000000298023224,U-Tikhonov T16/CG64,U-Tikhonov T4/CG64,PSNR,-0.020542144775390625
div2k,div2k/0859.png/sigma_0.200,div2k,0859.png,0.20000000298023224,U-Tikhonov T16/CG64,U-Tikhonov T4/CG64,PSNR,-0.0058307647705078125
div2k,div2k/0860.png/sigma_0.200,div2k,0860.png,0.20000000298023224,U-Tikhonov T16/CG64,U-Tikhonov T4/CG64,PSNR,-0.0024089813232421875
div2k,div2k/0861.png/sigma_0.200,div2k,0861.png,0.20000000298023224,U-Tikhonov T16/CG64,U-Tikhonov T4/CG64,PSNR,-0.028415679931640625
div2k,div2k/0862.png/sigma_0.200,div2k,0862.png,0.20000000298023224,U-Tikhonov T16/CG64,U-Tikhonov T4/CG64,PSNR,0.40573883056640625
div2k,div2k/0863.png/sigma_0.200,div2k,0863.png,0.20000000298023224,U-Tikhonov T16/CG64,U-Tikhonov T4/CG64,PSNR,0.04633522033691406
div2k,div2k/0864.png/sigma_0.200,div2k,0864.png,0.20000000298023224,U-Tikhonov T16/CG64,U-Tikhonov T4/CG64,PSNR,0.053607940673828125
div2k,div2k/0865.png/sigma_0.200,div2k,0865.png,0.20000000298023224,U-Tikhonov T16/CG64,U-Tikhonov T4/CG64,PSNR,0.03304862976074219
div2k,div2k/0866.png/sigma_0.200,div2k,0866.png,0.20000000298023224,U-Tikhonov T16/CG64,U-Tikhonov T4/CG64,PSNR,-0.0055828094482421875
div2k,div2k/0867.png/sigma_0.200,div2k,0867.png,0.20000000298023224,U-Tikhonov T16/CG64,U-Tikhonov T4/CG64,PSNR,0.0058994293212890625
div2k,div2k/0868.png/sigma_0.200,div2k,0868.png,0.20000000298023224,U-Tikhonov T16/CG64,U-Tikhonov T4/CG64,PSNR,0.19188308715820312
div2k,div2k/0869.png/sigma_0.200,div2k,0869.png,0.20000000298023224,U-Tikhonov T16/CG64,U-Tikhonov T4/CG64,PSNR,0.08160781860351562
div2k,div2k/0870.png/sigma_0.200,div2k,0870.png,0.20000000298023224,U-Tikhonov T16/CG64,U-Tikhonov T4/CG64,PSNR,0.009981155395507812
div2k,div2k/0871.png/sigma_0.200,div2k,0871.png,0.20000000298023224,U-Tikhonov T16/CG64,U-Tikhonov T4/CG64,PSNR,0.04443931579589844
div2k,div2k/0872.png/sigma_0.200,div2k,0872.png,0.20000000298023224,U-Tikhonov T16/CG64,U-Tikhonov T4/CG64,PSNR,-0.0009098052978515625
div2k,div2k/0873.png/sigma_0.200,div2k,0873.png,0.20000000298023224,U-Tikhonov T16/CG64,U-Tikhonov T4/CG64,PSNR,0.002582550048828125
div2k,div2k/0874.png/sigma_0.200,div2k,0874.png,0.20000000298023224,U-Tikhonov T16/CG64,U-Tikhonov T4/CG64,PSNR,0.017894744873046875
div2k,div2k/0875.png/sigma_0.200,div2k,0875.png,0.20000000298023224,U-Tikhonov T16/CG64,U-Tikhonov T4/CG64,PSNR,0.07996368408203125
div2k,div2k/0876.png/sigma_0.200,div2k,0876.png,0.20000000298023224,U-Tikhonov T16/CG64,U-Tikhonov T4/CG64,PSNR,-0.025371551513671875
div2k,div2k/0877.png/sigma_0.200,div2k,0877.png,0.20000000298023224,U-Tikhonov T16/CG64,U-Tikhonov T4/CG64,PSNR,0.07821083068847656
div2k,div2k/0878.png/sigma_0.200,div2k,0878.png,0.20000000298023224,U-Tikhonov T16/CG64,U-Tikhonov T4/CG64,PSNR,0.005916595458984375
div2k,div2k/0879.png/sigma_0.200,div2k,0879.png,0.20000000298023224,U-Tikhonov T16/CG64,U-Tikhonov T4/CG64,PSNR,0.1798381805419922
div2k,div2k/0880.png/sigma_0.200,div2k,0880.png,0.20000000298023224,U-Tikhonov T16/CG64,U-Tikhonov T4/CG64,PSNR,0.16419601440429688
div2k,div2k/0881.png/sigma_0.200,div2k,0881.png,0.20000000298023224,U-Tikhonov T16/CG64,U-Tikhonov T4/CG64,PSNR,0.06560134887695312
div2k,div2k/0882.png/sigma_0.200,div2k,0882.png,0.20000000298023224,U-Tikhonov T16/CG64,U-Tikhonov T4/CG64,PSNR,0.034580230712890625
div2k,div2k/0883.png/sigma_0.200,div2k,0883.png,0.20000000298023224,U-Tikhonov T16/CG64,U-Tikhonov T4/CG64,PSNR,0.049663543701171875
div2k,div2k/0884.png/sigma_0.200,div2k,0884.png,0.20000000298023224,U-Tikhonov T16/CG64,U-Tikhonov T4/CG64,PSNR,0.03648567199707031
div2k,div2k/0885.png/sigma_0.200,div2k,0885.png,0.20000000298023224,U-Tikhonov T16/CG64,U-Tikhonov T4/CG64,PSNR,-0.07136726379394531
div2k,div2k/0886.png/sigma_0.200,div2k,0886.png,0.20000000298023224,U-Tikhonov T16/CG64,U-Tikhonov T4/CG64,PSNR,0.053783416748046875
div2k,div2k/0887.png/sigma_0.200,div2k,0887.png,0.20000000298023224,U-Tikhonov T16/CG64,U-Tikhonov T4/CG64,PSNR,0.023862838745117188
div2k,div2k/0888.png/sigma_0.200,div2k,0888.png,0.20000000298023224,U-Tikhonov T16/CG64,U-Tikhonov T4/CG64,PSNR,0.08294677734375
div2k,div2k/0889.png/sigma_0.200,div2k,0889.png,0.20000000298023224,U-Tikhonov T16/CG64,U-Tikhonov T4/CG64,PSNR,0.0024967193603515625
div2k,div2k/0890.png/sigma_0.200,div2k,0890.png,0.20000000298023224,U-Tikhonov T16/CG64,U-Tikhonov T4/CG64,PSNR,0.21830368041992188
div2k,div2k/0891.png/sigma_0.200,div2k,0891.png,0.20000000298023224,U-Tikhonov T16/CG64,U-Tikhonov T4/CG64,PSNR,0.08246803283691406
div2k,div2k/0892.png/sigma_0.200,div2k,0892.png,0.20000000298023224,U-Tikhonov T16/CG64,U-Tikhonov T4/CG64,PSNR,-0.19150161743164062
div2k,div2k/0893.png/sigma_0.200,div2k,0893.png,0.20000000298023224,U-Tikhonov T16/CG64,U-Tikhonov T4/CG64,PSNR,0.0401763916015625
div2k,div2k/0894.png/sigma_0.200,div2k,0894.png,0.20000000298023224,U-Tikhonov T16/CG64,U-Tikhonov T4/CG64,PSNR,0.1557025909423828
div2k,div2k/0895.png/sigma_0.200,div2k,0895.png,0.20000000298023224,U-Tikhonov T16/CG64,U-Tikhonov T4/CG64,PSNR,-0.017831802368164062
div2k,div2k/0896.png/sigma_0.200,div2k,0896.png,0.20000000298023224,U-Tikhonov T16/CG64,U-Tikhonov T4/CG64,PSNR,0.2350940704345703
div2k,div2k/0897.png/sigma_0.200,div2k,0897.png,0.20000000298023224,U-Tikhonov T16/CG64,U-Tikhonov T4/CG64,PSNR,-0.106109619140625
div2k,div2k/0898.png/sigma_0.200,div2k,0898.png,0.20000000298023224,U-Tikhonov T16/CG64,U-Tikhonov T4/CG64,PSNR,0.4658393859863281
div2k,div2k/0899.png/sigma_0.200,div2k,0899.png,0.20000000298023224,U-Tikhonov T16/CG64,U-Tikhonov T4/CG64,PSNR,0.05520057678222656
div2k,div2k/0900.png/sigma_0.200,div2k,0900.png,0.20000000298023224,U-Tikhonov T16/CG64,U-Tikhonov T4/CG64,PSNR,0.07442855834960938
div2k,div2k/0801.png/sigma_0.200,div2k,0801.png,0.20000000298023224,U-Tikhonov T16/CG64,U-Tikhonov T4/CG64,SSIM,-0.004246830940246582
div2k,div2k/0802.png/sigma_0.200,div2k,0802.png,0.20000000298023224,U-Tikhonov T16/CG64,U-Tikhonov T4/CG64,SSIM,0.0035077333450317383
div2k,div2k/0803.png/sigma_0.200,div2k,0803.png,0.20000000298023224,U-Tikhonov T16/CG64,U-Tikhonov T4/CG64,SSIM,0.002272188663482666
div2k,div2k/0804.png/sigma_0.200,div2k,0804.png,0.20000000298023224,U-Tikhonov T16/CG64,U-Tikhonov T4/CG64,SSIM,-0.0005096793174743652
div2k,div2k/0805.png/sigma_0.200,div2k,0805.png,0.20000000298023224,U-Tikhonov T16/CG64,U-Tikhonov T4/CG64,SSIM,-0.0050547122955322266
div2k,div2k/0806.png/sigma_0.200,div2k,0806.png,0.20000000298023224,U-Tikhonov T16/CG64,U-Tikhonov T4/CG64,SSIM,0.007953286170959473
div2k,div2k/0807.png/sigma_0.200,div2k,0807.png,0.20000000298023224,U-Tikhonov T16/CG64,U-Tikhonov T4/CG64,SSIM,0.000194549560546875
div2k,div2k/0808.png/sigma_0.200,div2k,0808.png,0.20000000298023224,U-Tikhonov T16/CG64,U-Tikhonov T4/CG64,SSIM,0.03878432512283325
div2k,div2k/0809.png/sigma_0.200,div2k,0809.png,0.20000000298023224,U-Tikhonov T16/CG64,U-Tikhonov T4/CG64,SSIM,-0.002471625804901123
div2k,div2k/0810.png/sigma_0.200,div2k,0810.png,0.20000000298023224,U-Tikhonov T16/CG64,U-Tikhonov T4/CG64,SSIM,0.003789663314819336
div2k,div2k/0811.png/sigma_0.200,div2k,0811.png,0.20000000298023224,U-Tikhonov T16/CG64,U-Tikhonov T4/CG64,SSIM,-0.00863558053970337
div2k,div2k/0812.png/sigma_0.200,div2k,0812.png,0.20000000298023224,U-Tikhonov T16/CG64,U-Tikhonov T4/CG64,SSIM,0.0170135498046875
div2k,div2k/0813.png/sigma_0.200,div2k,0813.png,0.20000000298023224,U-Tikhonov T16/CG64,U-Tikhonov T4/CG64,SSIM,0.00633007287979126
div2k,div2k/0814.png/sigma_0.200,div2k,0814.png,0.20000000298023224,U-Tikhonov T16/CG64,U-Tikhonov T4/CG64,SSIM,0.0743173360824585
div2k,div2k/0815.png/sigma_0.200,div2k,0815.png,0.20000000298023224,U-Tikhonov T16/CG64,U-Tikhonov T4/CG64,SSIM,-0.0018420815467834473
div2k,div2k/0816.png/sigma_0.200,div2k,0816.png,0.20000000298023224,U-Tikhonov T16/CG64,U-Tikhonov T4/CG64,SSIM,0.009523749351501465
div2k,div2k/0817.png/sigma_0.200,div2k,0817.png,0.20000000298023224,U-Tikhonov T16/CG64,U-Tikhonov T4/CG64,SSIM,0.01744687557220459
div2k,div2k/0818.png/sigma_0.200,div2k,0818.png,0.20000000298023224,U-Tikhonov T16/CG64,U-Tikhonov T4/CG64,SSIM,0.016342461109161377
div2k,div2k/0819.png/sigma_0.200,div2k,0819.png,0.20000000298023224,U-Tikhonov T16/CG64,U-Tikhonov T4/CG64,SSIM,-0.0026586055755615234
div2k,div2k/0820.png/sigma_0.200,div2k,0820.png,0.20000000298023224,U-Tikhonov T16/CG64,U-Tikhonov T4/CG64,SSIM,-0.006805837154388428
div2k,div2k/0821.png/sigma_0.200,div2k,0821.png,0.20000000298023224,U-Tikhonov T16/CG64,U-Tikhonov T4/CG64,SSIM,-0.0018817782402038574
div2k,div2k/0822.png/sigma_0.200,div2k,0822.png,0.20000000298023224,U-Tikhonov T16/CG64,U-Tikhonov T4/CG64,SSIM,-0.005677521228790283
div2k,div2k/0823.png/sigma_0.200,div2k,0823.png,0.20000000298023224,U-Tikhonov T16/CG64,U-Tikhonov T4/CG64,SSIM,0.043808937072753906
div2k,div2k/0824.png/sigma_0.200,div2k,0824.png,0.20000000298023224,U-Tikhonov T16/CG64,U-Tikhonov T4/CG64,SSIM,0.008647620677947998
div2k,div2k/0825.png/sigma_0.200,div2k,0825.png,0.20000000298023224,U-Tikhonov T16/CG64,U-Tikhonov T4/CG64,SSIM,0.0029674172401428223
div2k,div2k/0826.png/sigma_0.200,div2k,0826.png,0.20000000298023224,U-Tikhonov T16/CG64,U-Tikhonov T4/CG64,SSIM,0.02099931240081787
div2k,div2k/0827.png/sigma_0.200,div2k,0827.png,0.20000000298023224,U-Tikhonov T16/CG64,U-Tikhonov T4/CG64,SSIM,0.009784996509552002
div2k,div2k/0828.png/sigma_0.200,div2k,0828.png,0.20000000298023224,U-Tikhonov T16/CG64,U-Tikhonov T4/CG64,SSIM,-0.01769918203353882
div2k,div2k/0829.png/sigma_0.200,div2k,0829.png,0.20000000298023224,U-Tikhonov T16/CG64,U-Tikhonov T4/CG64,SSIM,0.017971575260162354
div2k,div2k/0830.png/sigma_0.200,div2k,0830.png,0.20000000298023224,U-Tikhonov T16/CG64,U-Tikhonov T4/CG64,SSIM,0.01984858512878418
div2k,div2k/0831.png/sigma_0.200,div2k,0831.png,0.20000000298023224,U-Tikhonov T16/CG64,U-Tikhonov T4/CG64,SSIM,-0.000492393970489502
div2k,div2k/0832.png/sigma_0.200,div2k,0832.png,0.20000000298023224,U-Tikhonov T16/CG64,U-Tikhonov T4/CG64,SSIM,0.00391697883605957
div2k,div2k/0833.png/sigma_0.200,div2k,0833.png,0.20000000298023224,U-Tikhonov T16/CG64,U-Tikhonov T4/CG64,SSIM,0.040597498416900635
div2k,div2k/0834.png/sigma_0.200,div2k,0834.png,0.20000000298023224,U-Tikhonov T16/CG64,U-Tikhonov T4/CG64,SSIM,0.014005184173583984
div2k,div2k/0835.png/sigma_0.200,div2k,0835.png,0.20000000298023224,U-Tikhonov T16/CG64,U-Tikhonov T4/CG64,SSIM,-0.0047705769538879395
div2k,div2k/0836.png/sigma_0.200,div2k,0836.png,0.20000000298023224,U-Tikhonov T16/CG64,U-Tikhonov T4/CG64,SSIM,0.016010701656341553
div2k,div2k/0837.png/sigma_0.200,div2k,0837.png,0.20000000298023224,U-Tikhonov T16/CG64,U-Tikhonov T4/CG64,SSIM,0.0005522370338439941
div2k,div2k/0838.png/sigma_0.200,div2k,0838.png,0.20000000298023224,U-Tikhonov T16/CG64,U-Tikhonov T4/CG64,SSIM,0.019248008728027344
div2k,div2k/0839.png/sigma_0.200,div2k,0839.png,0.20000000298023224,U-Tikhonov T16/CG64,U-Tikhonov T4/CG64,SSIM,-0.0020407438278198242
div2k,div2k/0840.png/sigma_0.200,div2k,0840.png,0.20000000298023224,U-Tikhonov T16/CG64,U-Tikhonov T4/CG64,SSIM,-0.0011435747146606445
div2k,div2k/0841.png/sigma_0.200,div2k,0841.png,0.20000000298023224,U-Tikhonov T16/CG64,U-Tikhonov T4/CG64,SSIM,0.005642235279083252
div2k,div2k/0842.png/sigma_0.200,div2k,0842.png,0.20000000298023224,U-Tikhonov T16/CG64,U-Tikhonov T4/CG64,SSIM,0.003688812255859375
div2k,div2k/0843.png/sigma_0.200,div2k,0843.png,0.20000000298023224,U-Tikhonov T16/CG64,U-Tikhonov T4/CG64,SSIM,0.05797988176345825
div2k,div2k/0844.png/sigma_0.200,div2k,0844.png,0.20000000298023224,U-Tikhonov T16/CG64,U-Tikhonov T4/CG64,SSIM,0.030355393886566162
div2k,div2k/0845.png/sigma_0.200,div2k,0845.png,0.20000000298023224,U-Tikhonov T16/CG64,U-Tikhonov T4/CG64,SSIM,0.013118088245391846
div2k,div2k/0846.png/sigma_0.200,div2k,0846.png,0.20000000298023224,U-Tikhonov T16/CG64,U-Tikhonov T4/CG64,SSIM,0.0060694217681884766
div2k,div2k/0847.png/sigma_0.200,div2k,0847.png,0.20000000298023224,U-Tikhonov T16/CG64,U-Tikhonov T4/CG64,SSIM,0.008294284343719482
div2k,div2k/0848.png/sigma_0.200,div2k,0848.png,0.20000000298023224,U-Tikhonov T16/CG64,U-Tikhonov T4/CG64,SSIM,0.002070903778076172
div2k,div2k/0849.png/sigma_0.200,div2k,0849.png,0.20000000298023224,U-Tikhonov T16/CG64,U-Tikhonov T4/CG64,SSIM,-0.0049138665199279785
div2k,div2k/0850.png/sigma_0.200,div2k,0850.png,0.20000000298023224,U-Tikhonov T16/CG64,U-Tikhonov T4/CG64,SSIM,0.00340193510055542
div2k,div2k/0851.png/sigma_0.200,div2k,0851.png,0.20000000298023224,U-Tikhonov T16/CG64,U-Tikhonov T4/CG64,SSIM,0.05299866199493408
div2k,div2k/0852.png/sigma_0.200,div2k,0852.png,0.20000000298023224,U-Tikhonov T16/CG64,U-Tikhonov T4/CG64,SSIM,-0.0030330121517181396
div2k,div2k/0853.png/sigma_0.200,div2k,0853.png,0.20000000298023224,U-Tikhonov T16/CG64,U-Tikhonov T4/CG64,SSIM,0.03376591205596924
div2k,div2k/0854.png/sigma_0.200,div2k,0854.png,0.20000000298023224,U-Tikhonov T16/CG64,U-Tikhonov T4/CG64,SSIM,0.025194942951202393
div2k,div2k/0855.png/sigma_0.200,div2k,0855.png,0.20000000298023224,U-Tikhonov T16/CG64,U-Tikhonov T4/CG64,SSIM,0.00865471363067627
div2k,div2k/0856.png/sigma_0.200,div2k,0856.png,0.20000000298023224,U-Tikhonov T16/CG64,U-Tikhonov T4/CG64,SSIM,-0.0026709437370300293
div2k,div2k/0857.png/sigma_0.200,div2k,0857.png,0.20000000298023224,U-Tikhonov T16/CG64,U-Tikhonov T4/CG64,SSIM,0.010115981101989746
div2k,div2k/0858.png/sigma_0.200,div2k,0858.png,0.20000000298023224,U-Tikhonov T16/CG64,U-Tikhonov T4/CG64,SSIM,-0.007434427738189697
div2k,div2k/0859.png/sigma_0.200,div2k,0859.png,0.20000000298023224,U-Tikhonov T16/CG64,U-Tikhonov T4/CG64,SSIM,-0.003470897674560547
div2k,div2k/0860.png/sigma_0.200,div2k,0860.png,0.20000000298023224,U-Tikhonov T16/CG64,U-Tikhonov T4/CG64,SSIM,-0.005751848220825195
div2k,div2k/0861.png/sigma_0.200,div2k,0861.png,0.20000000298023224,U-Tikhonov T16/CG64,U-Tikhonov T4/CG64,SSIM,-0.007761836051940918
div2k,div2k/0862.png/sigma_0.200,div2k,0862.png,0.20000000298023224,U-Tikhonov T16/CG64,U-Tikhonov T4/CG64,SSIM,0.05385631322860718
div2k,div2k/0863.png/sigma_0.200,div2k,0863.png,0.20000000298023224,U-Tikhonov T16/CG64,U-Tikhonov T4/CG64,SSIM,0.024149954319000244
div2k,div2k/0864.png/sigma_0.200,div2k,0864.png,0.20000000298023224,U-Tikhonov T16/CG64,U-Tikhonov T4/CG64,SSIM,0.003280043601989746
div2k,div2k/0865.png/sigma_0.200,div2k,0865.png,0.20000000298023224,U-Tikhonov T16/CG64,U-Tikhonov T4/CG64,SSIM,0.00702136754989624
div2k,div2k/0866.png/sigma_0.200,div2k,0866.png,0.20000000298023224,U-Tikhonov T16/CG64,U-Tikhonov T4/CG64,SSIM,0.0006701350212097168
div2k,div2k/0867.png/sigma_0.200,div2k,0867.png,0.20000000298023224,U-Tikhonov T16/CG64,U-Tikhonov T4/CG64,SSIM,-0.0010360479354858398
div2k,div2k/0868.png/sigma_0.200,div2k,0868.png,0.20000000298023224,U-Tikhonov T16/CG64,U-Tikhonov T4/CG64,SSIM,0.07376670837402344
div2k,div2k/0869.png/sigma_0.200,div2k,0869.png,0.20000000298023224,U-Tikhonov T16/CG64,U-Tikhonov T4/CG64,SSIM,0.026856422424316406
div2k,div2k/0870.png/sigma_0.200,div2k,0870.png,0.20000000298023224,U-Tikhonov T16/CG64,U-Tikhonov T4/CG64,SSIM,-0.0018026232719421387
div2k,div2k/0871.png/sigma_0.200,div2k,0871.png,0.20000000298023224,U-Tikhonov T16/CG64,U-Tikhonov T4/CG64,SSIM,0.0005186796188354492
div2k,div2k/0872.png/sigma_0.200,div2k,0872.png,0.20000000298023224,U-Tikhonov T16/CG64,U-Tikhonov T4/CG64,SSIM,-0.0010530948638916016
div2k,div2k/0873.png/sigma_0.200,div2k,0873.png,0.20000000298023224,U-Tikhonov T16/CG64,U-Tikhonov T4/CG64,SSIM,0.010708749294281006
div2k,div2k/0874.png/sigma_0.200,div2k,0874.png,0.20000000298023224,U-Tikhonov T16/CG64,U-Tikhonov T4/CG64,SSIM,-0.003193974494934082
div2k,div2k/0875.png/sigma_0.200,div2k,0875.png,0.20000000298023224,U-Tikhonov T16/CG64,U-Tikhonov T4/CG64,SSIM,0.0035306811332702637
div2k,div2k/0876.png/sigma_0.200,div2k,0876.png,0.20000000298023224,U-Tikhonov T16/CG64,U-Tikhonov T4/CG64,SSIM,-0.008855164051055908
div2k,div2k/0877.png/sigma_0.200,div2k,0877.png,0.20000000298023224,U-Tikhonov T16/CG64,U-Tikhonov T4/CG64,SSIM,0.0070343017578125
div2k,div2k/0878.png/sigma_0.200,div2k,0878.png,0.20000000298023224,U-Tikhonov T16/CG64,U-Tikhonov T4/CG64,SSIM,-0.0018752813339233398
div2k,div2k/0879.png/sigma_0.200,div2k,0879.png,0.20000000298023224,U-Tikhonov T16/CG64,U-Tikhonov T4/CG64,SSIM,0.06338661909103394
div2k,div2k/0880.png/sigma_0.200,div2k,0880.png,0.20000000298023224,U-Tikhonov T16/CG64,U-Tikhonov T4/CG64,SSIM,0.055031001567840576
div2k,div2k/0881.png/sigma_0.200,div2k,0881.png,0.20000000298023224,U-Tikhonov T16/CG64,U-Tikhonov T4/CG64,SSIM,0.02071523666381836
div2k,div2k/0882.png/sigma_0.200,div2k,0882.png,0.20000000298023224,U-Tikhonov T16/CG64,U-Tikhonov T4/CG64,SSIM,0.008479893207550049
div2k,div2k/0883.png/sigma_0.200,div2k,0883.png,0.20000000298023224,U-Tikhonov T16/CG64,U-Tikhonov T4/CG64,SSIM,0.004107058048248291
div2k,div2k/0884.png/sigma_0.200,div2k,0884.png,0.20000000298023224,U-Tikhonov T16/CG64,U-Tikhonov T4/CG64,SSIM,0.0001074671745300293
div2k,div2k/0885.png/sigma_0.200,div2k,0885.png,0.20000000298023224,U-Tikhonov T16/CG64,U-Tikhonov T4/CG64,SSIM,-0.009999990463256836
div2k,div2k/0886.png/sigma_0.200,div2k,0886.png,0.20000000298023224,U-Tikhonov T16/CG64,U-Tikhonov T4/CG64,SSIM,0.00840151309967041
div2k,div2k/0887.png/sigma_0.200,div2k,0887.png,0.20000000298023224,U-Tikhonov T16/CG64,U-Tikhonov T4/CG64,SSIM,0.02304697036743164
div2k,div2k/0888.png/sigma_0.200,div2k,0888.png,0.20000000298023224,U-Tikhonov T16/CG64,U-Tikhonov T4/CG64,SSIM,0.002652466297149658
div2k,div2k/0889.png/sigma_0.200,div2k,0889.png,0.20000000298023224,U-Tikhonov T16/CG64,U-Tikhonov T4/CG64,SSIM,-0.0024530887603759766
div2k,div2k/0890.png/sigma_0.200,div2k,0890.png,0.20000000298023224,U-Tikhonov T16/CG64,U-Tikhonov T4/CG64,SSIM,0.058478355407714844
div2k,div2k/0891.png/sigma_0.200,div2k,0891.png,0.20000000298023224,U-Tikhonov T16/CG64,U-Tikhonov T4/CG64,SSIM,0.0017982721328735352
div2k,div2k/0892.png/sigma_0.200,div2k,0892.png,0.20000000298023224,U-Tikhonov T16/CG64,U-Tikhonov T4/CG64,SSIM,-0.01990729570388794
div2k,div2k/0893.png/sigma_0.200,div2k,0893.png,0.20000000298023224,U-Tikhonov T16/CG64,U-Tikhonov T4/CG64,SSIM,0.00514829158782959
div2k,div2k/0894.png/sigma_0.200,div2k,0894.png,0.20000000298023224,U-Tikhonov T16/CG64,U-Tikhonov T4/CG64,SSIM,0.012196540832519531
div2k,div2k/0895.png/sigma_0.200,div2k,0895.png,0.20000000298023224,U-Tikhonov T16/CG64,U-Tikhonov T4/CG64,SSIM,-0.005019783973693848
div2k,div2k/0896.png/sigma_0.200,div2k,0896.png,0.20000000298023224,U-Tikhonov T16/CG64,U-Tikhonov T4/CG64,SSIM,0.05221182107925415
div2k,div2k/0897.png/sigma_0.200,div2k,0897.png,0.20000000298023224,U-Tikhonov T16/CG64,U-Tikhonov T4/CG64,SSIM,-0.009090423583984375
div2k,div2k/0898.png/sigma_0.200,div2k,0898.png,0.20000000298023224,U-Tikhonov T16/CG64,U-Tikhonov T4/CG64,SSIM,0.10372692346572876
div2k,div2k/0899.png/sigma_0.200,div2k,0899.png,0.20000000298023224,U-Tikhonov T16/CG64,U-Tikhonov T4/CG64,SSIM,-0.0014640092849731445
div2k,div2k/0900.png/sigma_0.200,div2k,0900.png,0.20000000298023224,U-Tikhonov T16/CG64,U-Tikhonov T4/CG64,SSIM,0.0018880963325500488
div2k,div2k/0801.png/sigma_0.200,div2k,0801.png,0.20000000298023224,U-Tikhonov T4/CG64,U-Tikhonov T4/CG32,PSNR,-0.07486152648925781
div2k,div2k/0802.png/sigma_0.200,div2k,0802.png,0.20000000298023224,U-Tikhonov T4/CG64,U-Tikhonov T4/CG32,PSNR,-0.1337432861328125
div2k,div2k/0803.png/sigma_0.200,div2k,0803.png,0.20000000298023224,U-Tikhonov T4/CG64,U-Tikhonov T4/CG32,PSNR,0.0005588531494140625
div2k,div2k/0804.png/sigma_0.200,div2k,0804.png,0.20000000298023224,U-Tikhonov T4/CG64,U-Tikhonov T4/CG32,PSNR,-0.01657867431640625
div2k,div2k/0805.png/sigma_0.200,div2k,0805.png,0.20000000298023224,U-Tikhonov T4/CG64,U-Tikhonov T4/CG32,PSNR,-0.024415969848632812
div2k,div2k/0806.png/sigma_0.200,div2k,0806.png,0.20000000298023224,U-Tikhonov T4/CG64,U-Tikhonov T4/CG32,PSNR,-0.05127143859863281
div2k,div2k/0807.png/sigma_0.200,div2k,0807.png,0.20000000298023224,U-Tikhonov T4/CG64,U-Tikhonov T4/CG32,PSNR,-0.051815032958984375
div2k,div2k/0808.png/sigma_0.200,div2k,0808.png,0.20000000298023224,U-Tikhonov T4/CG64,U-Tikhonov T4/CG32,PSNR,-0.002193450927734375
div2k,div2k/0809.png/sigma_0.200,div2k,0809.png,0.20000000298023224,U-Tikhonov T4/CG64,U-Tikhonov T4/CG32,PSNR,-0.06002044677734375
div2k,div2k/0810.png/sigma_0.200,div2k,0810.png,0.20000000298023224,U-Tikhonov T4/CG64,U-Tikhonov T4/CG32,PSNR,-0.0289306640625
div2k,div2k/0811.png/sigma_0.200,div2k,0811.png,0.20000000298023224,U-Tikhonov T4/CG64,U-Tikhonov T4/CG32,PSNR,-0.0476837158203125
div2k,div2k/0812.png/sigma_0.200,div2k,0812.png,0.20000000298023224,U-Tikhonov T4/CG64,U-Tikhonov T4/CG32,PSNR,-0.08084297180175781
div2k,div2k/0813.png/sigma_0.200,div2k,0813.png,0.20000000298023224,U-Tikhonov T4/CG64,U-Tikhonov T4/CG32,PSNR,0.00145721435546875
div2k,div2k/0814.png/sigma_0.200,div2k,0814.png,0.20000000298023224,U-Tikhonov T4/CG64,U-Tikhonov T4/CG32,PSNR,-0.12472915649414062
div2k,div2k/0815.png/sigma_0.200,div2k,0815.png,0.20000000298023224,U-Tikhonov T4/CG64,U-Tikhonov T4/CG32,PSNR,-0.022581100463867188
div2k,div2k/0816.png/sigma_0.200,div2k,0816.png,0.20000000298023224,U-Tikhonov T4/CG64,U-Tikhonov T4/CG32,PSNR,-0.07214546203613281
div2k,div2k/0817.png/sigma_0.200,div2k,0817.png,0.20000000298023224,U-Tikhonov T4/CG64,U-Tikhonov T4/CG32,PSNR,-0.007959365844726562
div2k,div2k/0818.png/sigma_0.200,div2k,0818.png,0.20000000298023224,U-Tikhonov T4/CG64,U-Tikhonov T4/CG32,PSNR,-0.011997222900390625
div2k,div2k/0819.png/sigma_0.200,div2k,0819.png,0.20000000298023224,U-Tikhonov T4/CG64,U-Tikhonov T4/CG32,PSNR,-0.04683876037597656
div2k,div2k/0820.png/sigma_0.200,div2k,0820.png,0.20000000298023224,U-Tikhonov T4/CG64,U-Tikhonov T4/CG32,PSNR,-0.04921531677246094
div2k,div2k/0821.png/sigma_0.200,div2k,0821.png,0.20000000298023224,U-Tikhonov T4/CG64,U-Tikhonov T4/CG32,PSNR,-0.170501708984375
div2k,div2k/0822.png/sigma_0.200,div2k,0822.png,0.20000000298023224,U-Tikhonov T4/CG64,U-Tikhonov T4/CG32,PSNR,-0.06691169738769531
div2k,div2k/0823.png/sigma_0.200,div2k,0823.png,0.20000000298023224,U-Tikhonov T4/CG64,U-Tikhonov T4/CG32,PSNR,-0.04561805725097656
div2k,div2k/0824.png/sigma_0.200,div2k,0824.png,0.20000000298023224,U-Tikhonov T4/CG64,U-Tikhonov T4/CG32,PSNR,-0.05150413513183594
div2k,div2k/0825.png/sigma_0.200,div2k,0825.png,0.20000000298023224,U-Tikhonov T4/CG64,U-Tikhonov T4/CG32,PSNR,-0.10205459594726562
div2k,div2k/0826.png/sigma_0.200,div2k,0826.png,0.20000000298023224,U-Tikhonov T4/CG64,U-Tikhonov T4/CG32,PSNR,-0.1250438690185547
div2k,div2k/0827.png/sigma_0.200,div2k,0827.png,0.20000000298023224,U-Tikhonov T4/CG64,U-Tikhonov T4/CG32,PSNR,0.004840850830078125
div2k,div2k/0828.png/sigma_0.200,div2k,0828.png,0.20000000298023224,U-Tikhonov T4/CG64,U-Tikhonov T4/CG32,PSNR,-0.07934951782226562
div2k,div2k/0829.png/sigma_0.200,div2k,0829.png,0.20000000298023224,U-Tikhonov T4/CG64,U-Tikhonov T4/CG32,PSNR,-0.07645416259765625
div2k,div2k/0830.png/sigma_0.200,div2k,0830.png,0.20000000298023224,U-Tikhonov T4/CG64,U-Tikhonov T4/CG32,PSNR,-0.05710029602050781
div2k,div2k/0831.png/sigma_0.200,div2k,0831.png,0.20000000298023224,U-Tikhonov T4/CG64,U-Tikhonov T4/CG32,PSNR,-0.0384521484375
div2k,div2k/0832.png/sigma_0.200,div2k,0832.png,0.20000000298023224,U-Tikhonov T4/CG64,U-Tikhonov T4/CG32,PSNR,-0.07358360290527344
div2k,div2k/0833.png/sigma_0.200,div2k,0833.png,0.20000000298023224,U-Tikhonov T4/CG64,U-Tikhonov T4/CG32,PSNR,-0.07650947570800781
div2k,div2k/0834.png/sigma_0.200,div2k,0834.png,0.20000000298023224,U-Tikhonov T4/CG64,U-Tikhonov T4/CG32,PSNR,-0.07806587219238281
div2k,div2k/0835.png/sigma_0.200,div2k,0835.png,0.20000000298023224,U-Tikhonov T4/CG64,U-Tikhonov T4/CG32,PSNR,0.010080337524414062
div2k,div2k/0836.png/sigma_0.200,div2k,0836.png,0.20000000298023224,U-Tikhonov T4/CG64,U-Tikhonov T4/CG32,PSNR,-0.11961746215820312
div2k,div2k/0837.png/sigma_0.200,div2k,0837.png,0.20000000298023224,U-Tikhonov T4/CG64,U-Tikhonov T4/CG32,PSNR,-0.06803703308105469
div2k,div2k/0838.png/sigma_0.200,div2k,0838.png,0.20000000298023224,U-Tikhonov T4/CG64,U-Tikhonov T4/CG32,PSNR,-0.016117095947265625
div2k,div2k/0839.png/sigma_0.200,div2k,0839.png,0.20000000298023224,U-Tikhonov T4/CG64,U-Tikhonov T4/CG32,PSNR,-0.023464202880859375
div2k,div2k/0840.png/sigma_0.200,div2k,0840.png,0.20000000298023224,U-Tikhonov T4/CG64,U-Tikhonov T4/CG32,PSNR,-0.04877662658691406
div2k,div2k/0841.png/sigma_0.200,div2k,0841.png,0.20000000298023224,U-Tikhonov T4/CG64,U-Tikhonov T4/CG32,PSNR,-0.008623123168945312
div2k,div2k/0842.png/sigma_0.200,div2k,0842.png,0.20000000298023224,U-Tikhonov T4/CG64,U-Tikhonov T4/CG32,PSNR,-0.04618644714355469
div2k,div2k/0843.png/sigma_0.200,div2k,0843.png,0.20000000298023224,U-Tikhonov T4/CG64,U-Tikhonov T4/CG32,PSNR,0.0116119384765625
div2k,div2k/0844.png/sigma_0.200,div2k,0844.png,0.20000000298023224,U-Tikhonov T4/CG64,U-Tikhonov T4/CG32,PSNR,-0.07176780700683594
div2k,div2k/0845.png/sigma_0.200,div2k,0845.png,0.20000000298023224,U-Tikhonov T4/CG64,U-Tikhonov T4/CG32,PSNR,-0.008417129516601562
div2k,div2k/0846.png/sigma_0.200,div2k,0846.png,0.20000000298023224,U-Tikhonov T4/CG64,U-Tikhonov T4/CG32,PSNR,-0.05294036865234375
div2k,div2k/0847.png/sigma_0.200,div2k,0847.png,0.20000000298023224,U-Tikhonov T4/CG64,U-Tikhonov T4/CG32,PSNR,-0.12814903259277344
div2k,div2k/0848.png/sigma_0.200,div2k,0848.png,0.20000000298023224,U-Tikhonov T4/CG64,U-Tikhonov T4/CG32,PSNR,-0.04863739013671875
div2k,div2k/0849.png/sigma_0.200,div2k,0849.png,0.20000000298023224,U-Tikhonov T4/CG64,U-Tikhonov T4/CG32,PSNR,-0.00974273681640625
div2k,div2k/0850.png/sigma_0.200,div2k,0850.png,0.20000000298023224,U-Tikhonov T4/CG64,U-Tikhonov T4/CG32,PSNR,-0.0233154296875
div2k,div2k/0851.png/sigma_0.200,div2k,0851.png,0.20000000298023224,U-Tikhonov T4/CG64,U-Tikhonov T4/CG32,PSNR,-0.03521919250488281
div2k,div2k/0852.png/sigma_0.200,div2k,0852.png,0.20000000298023224,U-Tikhonov T4/CG64,U-Tikhonov T4/CG32,PSNR,-0.005901336669921875
div2k,div2k/0853.png/sigma_0.200,div2k,0853.png,0.20000000298023224,U-Tikhonov T4/CG64,U-Tikhonov T4/CG32,PSNR,-0.009952545166015625
div2k,div2k/0854.png/sigma_0.200,div2k,0854.png,0.20000000298023224,U-Tikhonov T4/CG64,U-Tikhonov T4/CG32,PSNR,-0.06657791137695312
div2k,div2k/0855.png/sigma_0.200,div2k,0855.png,0.20000000298023224,U-Tikhonov T4/CG64,U-Tikhonov T4/CG32,PSNR,-0.061275482177734375
div2k,div2k/0856.png/sigma_0.200,div2k,0856.png,0.20000000298023224,U-Tikhonov T4/CG64,U-Tikhonov T4/CG32,PSNR,-0.04797554016113281
div2k,div2k/0857.png/sigma_0.200,div2k,0857.png,0.20000000298023224,U-Tikhonov T4/CG64,U-Tikhonov T4/CG32,PSNR,0.017284393310546875
div2k,div2k/0858.png/sigma_0.200,div2k,0858.png,0.20000000298023224,U-Tikhonov T4/CG64,U-Tikhonov T4/CG32,PSNR,-0.028100967407226562
div2k,div2k/0859.png/sigma_0.200,div2k,0859.png,0.20000000298023224,U-Tikhonov T4/CG64,U-Tikhonov T4/CG32,PSNR,-0.04611015319824219
div2k,div2k/0860.png/sigma_0.200,div2k,0860.png,0.20000000298023224,U-Tikhonov T4/CG64,U-Tikhonov T4/CG32,PSNR,-0.05126762390136719
div2k,div2k/0861.png/sigma_0.200,div2k,0861.png,0.20000000298023224,U-Tikhonov T4/CG64,U-Tikhonov T4/CG32,PSNR,-0.05319023132324219
div2k,div2k/0862.png/sigma_0.200,div2k,0862.png,0.20000000298023224,U-Tikhonov T4/CG64,U-Tikhonov T4/CG32,PSNR,0.021173477172851562
div2k,div2k/0863.png/sigma_0.200,div2k,0863.png,0.20000000298023224,U-Tikhonov T4/CG64,U-Tikhonov T4/CG32,PSNR,-0.041614532470703125
div2k,div2k/0864.png/sigma_0.200,div2k,0864.png,0.20000000298023224,U-Tikhonov T4/CG64,U-Tikhonov T4/CG32,PSNR,-0.020048141479492188
div2k,div2k/0865.png/sigma_0.200,div2k,0865.png,0.20000000298023224,U-Tikhonov T4/CG64,U-Tikhonov T4/CG32,PSNR,-0.017599105834960938
div2k,div2k/0866.png/sigma_0.200,div2k,0866.png,0.20000000298023224,U-Tikhonov T4/CG64,U-Tikhonov T4/CG32,PSNR,-0.048370361328125
div2k,div2k/0867.png/sigma_0.200,div2k,0867.png,0.20000000298023224,U-Tikhonov T4/CG64,U-Tikhonov T4/CG32,PSNR,-0.1269207000732422
div2k,div2k/0868.png/sigma_0.200,div2k,0868.png,0.20000000298023224,U-Tikhonov T4/CG64,U-Tikhonov T4/CG32,PSNR,-0.08094406127929688
div2k,div2k/0869.png/sigma_0.200,div2k,0869.png,0.20000000298023224,U-Tikhonov T4/CG64,U-Tikhonov T4/CG32,PSNR,-0.03359222412109375
div2k,div2k/0870.png/sigma_0.200,div2k,0870.png,0.20000000298023224,U-Tikhonov T4/CG64,U-Tikhonov T4/CG32,PSNR,-0.06048583984375
div2k,div2k/0871.png/sigma_0.200,div2k,0871.png,0.20000000298023224,U-Tikhonov T4/CG64,U-Tikhonov T4/CG32,PSNR,-0.07110404968261719
div2k,div2k/0872.png/sigma_0.200,div2k,0872.png,0.20000000298023224,U-Tikhonov T4/CG64,U-Tikhonov T4/CG32,PSNR,-0.05626106262207031
div2k,div2k/0873.png/sigma_0.200,div2k,0873.png,0.20000000298023224,U-Tikhonov T4/CG64,U-Tikhonov T4/CG32,PSNR,-0.057605743408203125
div2k,div2k/0874.png/sigma_0.200,div2k,0874.png,0.20000000298023224,U-Tikhonov T4/CG64,U-Tikhonov T4/CG32,PSNR,-0.014209747314453125
div2k,div2k/0875.png/sigma_0.200,div2k,0875.png,0.20000000298023224,U-Tikhonov T4/CG64,U-Tikhonov T4/CG32,PSNR,-0.14188003540039062
div2k,div2k/0876.png/sigma_0.200,div2k,0876.png,0.20000000298023224,U-Tikhonov T4/CG64,U-Tikhonov T4/CG32,PSNR,-0.03326225280761719
div2k,div2k/0877.png/sigma_0.200,div2k,0877.png,0.20000000298023224,U-Tikhonov T4/CG64,U-Tikhonov T4/CG32,PSNR,0.013196945190429688
div2k,div2k/0878.png/sigma_0.200,div2k,0878.png,0.20000000298023224,U-Tikhonov T4/CG64,U-Tikhonov T4/CG32,PSNR,-0.057041168212890625
div2k,div2k/0879.png/sigma_0.200,div2k,0879.png,0.20000000298023224,U-Tikhonov T4/CG64,U-Tikhonov T4/CG32,PSNR,-0.049884796142578125
div2k,div2k/0880.png/sigma_0.200,div2k,0880.png,0.20000000298023224,U-Tikhonov T4/CG64,U-Tikhonov T4/CG32,PSNR,-0.018777847290039062
div2k,div2k/0881.png/sigma_0.200,div2k,0881.png,0.20000000298023224,U-Tikhonov T4/CG64,U-Tikhonov T4/CG32,PSNR,-0.0456695556640625
div2k,div2k/0882.png/sigma_0.200,div2k,0882.png,0.20000000298023224,U-Tikhonov T4/CG64,U-Tikhonov T4/CG32,PSNR,0.03439140319824219
div2k,div2k/0883.png/sigma_0.200,div2k,0883.png,0.20000000298023224,U-Tikhonov T4/CG64,U-Tikhonov T4/CG32,PSNR,-0.061138153076171875
div2k,div2k/0884.png/sigma_0.200,div2k,0884.png,0.20000000298023224,U-Tikhonov T4/CG64,U-Tikhonov T4/CG32,PSNR,-0.08381843566894531
div2k,div2k/0885.png/sigma_0.200,div2k,0885.png,0.20000000298023224,U-Tikhonov T4/CG64,U-Tikhonov T4/CG32,PSNR,-0.07865715026855469
div2k,div2k/0886.png/sigma_0.200,div2k,0886.png,0.20000000298023224,U-Tikhonov T4/CG64,U-Tikhonov T4/CG32,PSNR,-0.05324363708496094
div2k,div2k/0887.png/sigma_0.200,div2k,0887.png,0.20000000298023224,U-Tikhonov T4/CG64,U-Tikhonov T4/CG32,PSNR,-0.017778396606445312
div2k,div2k/0888.png/sigma_0.200,div2k,0888.png,0.20000000298023224,U-Tikhonov T4/CG64,U-Tikhonov T4/CG32,PSNR,-0.04388236999511719
div2k,div2k/0889.png/sigma_0.200,div2k,0889.png,0.20000000298023224,U-Tikhonov T4/CG64,U-Tikhonov T4/CG32,PSNR,-0.09285545349121094
div2k,div2k/0890.png/sigma_0.200,div2k,0890.png,0.20000000298023224,U-Tikhonov T4/CG64,U-Tikhonov T4/CG32,PSNR,-0.04476165771484375
div2k,div2k/0891.png/sigma_0.200,div2k,0891.png,0.20000000298023224,U-Tikhonov T4/CG64,U-Tikhonov T4/CG32,PSNR,-0.14516830444335938
div2k,div2k/0892.png/sigma_0.200,div2k,0892.png,0.20000000298023224,U-Tikhonov T4/CG64,U-Tikhonov T4/CG32,PSNR,0.020915985107421875
div2k,div2k/0893.png/sigma_0.200,div2k,0893.png,0.20000000298023224,U-Tikhonov T4/CG64,U-Tikhonov T4/CG32,PSNR,-0.07838630676269531
div2k,div2k/0894.png/sigma_0.200,div2k,0894.png,0.20000000298023224,U-Tikhonov T4/CG64,U-Tikhonov T4/CG32,PSNR,0.014545440673828125
div2k,div2k/0895.png/sigma_0.200,div2k,0895.png,0.20000000298023224,U-Tikhonov T4/CG64,U-Tikhonov T4/CG32,PSNR,-0.05705451965332031
div2k,div2k/0896.png/sigma_0.200,div2k,0896.png,0.20000000298023224,U-Tikhonov T4/CG64,U-Tikhonov T4/CG32,PSNR,-0.07771873474121094
div2k,div2k/0897.png/sigma_0.200,div2k,0897.png,0.20000000298023224,U-Tikhonov T4/CG64,U-Tikhonov T4/CG32,PSNR,-0.21615982055664062
div2k,div2k/0898.png/sigma_0.200,div2k,0898.png,0.20000000298023224,U-Tikhonov T4/CG64,U-Tikhonov T4/CG32,PSNR,-0.12700271606445312
div2k,div2k/0899.png/sigma_0.200,div2k,0899.png,0.20000000298023224,U-Tikhonov T4/CG64,U-Tikhonov T4/CG32,PSNR,-0.05335235595703125
div2k,div2k/0900.png/sigma_0.200,div2k,0900.png,0.20000000298023224,U-Tikhonov T4/CG64,U-Tikhonov T4/CG32,PSNR,-0.12518692016601562
div2k,div2k/0801.png/sigma_0.200,div2k,0801.png,0.20000000298023224,U-Tikhonov T4/CG64,U-Tikhonov T4/CG32,SSIM,-0.007385969161987305
div2k,div2k/0802.png/sigma_0.200,div2k,0802.png,0.20000000298023224,U-Tikhonov T4/CG64,U-Tikhonov T4/CG32,SSIM,-0.005921423435211182
div2k,div2k/0803.png/sigma_0.200,div2k,0803.png,0.20000000298023224,U-Tikhonov T4/CG64,U-Tikhonov T4/CG32,SSIM,0.0018668174743652344
div2k,div2k/0804.png/sigma_0.200,div2k,0804.png,0.20000000298023224,U-Tikhonov T4/CG64,U-Tikhonov T4/CG32,SSIM,-0.003409862518310547
div2k,div2k/0805.png/sigma_0.200,div2k,0805.png,0.20000000298023224,U-Tikhonov T4/CG64,U-Tikhonov T4/CG32,SSIM,-0.0012445449829101562
div2k,div2k/0806.png/sigma_0.200,div2k,0806.png,0.20000000298023224,U-Tikhonov T4/CG64,U-Tikhonov T4/CG32,SSIM,0.00041562318801879883
div2k,div2k/0807.png/sigma_0.200,div2k,0807.png,0.20000000298023224,U-Tikhonov T4/CG64,U-Tikhonov T4/CG32,SSIM,-0.0061615705490112305
div2k,div2k/0808.png/sigma_0.200,div2k,0808.png,0.20000000298023224,U-Tikhonov T4/CG64,U-Tikhonov T4/CG32,SSIM,-0.000979006290435791
div2k,div2k/0809.png/sigma_0.200,div2k,0809.png,0.20000000298023224,U-Tikhonov T4/CG64,U-Tikhonov T4/CG32,SSIM,-0.007981598377227783
div2k,div2k/0810.png/sigma_0.200,div2k,0810.png,0.20000000298023224,U-Tikhonov T4/CG64,U-Tikhonov T4/CG32,SSIM,-0.003706812858581543
div2k,div2k/0811.png/sigma_0.200,div2k,0811.png,0.20000000298023224,U-Tikhonov T4/CG64,U-Tikhonov T4/CG32,SSIM,-0.0023422837257385254
div2k,div2k/0812.png/sigma_0.200,div2k,0812.png,0.20000000298023224,U-Tikhonov T4/CG64,U-Tikhonov T4/CG32,SSIM,-0.006403982639312744
div2k,div2k/0813.png/sigma_0.200,div2k,0813.png,0.20000000298023224,U-Tikhonov T4/CG64,U-Tikhonov T4/CG32,SSIM,-0.0014225244522094727
div2k,div2k/0814.png/sigma_0.200,div2k,0814.png,0.20000000298023224,U-Tikhonov T4/CG64,U-Tikhonov T4/CG32,SSIM,-0.0025780200958251953
div2k,div2k/0815.png/sigma_0.200,div2k,0815.png,0.20000000298023224,U-Tikhonov T4/CG64,U-Tikhonov T4/CG32,SSIM,-0.003129243850708008
div2k,div2k/0816.png/sigma_0.200,div2k,0816.png,0.20000000298023224,U-Tikhonov T4/CG64,U-Tikhonov T4/CG32,SSIM,-0.006499052047729492
div2k,div2k/0817.png/sigma_0.200,div2k,0817.png,0.20000000298023224,U-Tikhonov T4/CG64,U-Tikhonov T4/CG32,SSIM,-0.0003077983856201172
div2k,div2k/0818.png/sigma_0.200,div2k,0818.png,0.20000000298023224,U-Tikhonov T4/CG64,U-Tikhonov T4/CG32,SSIM,0.0001016855239868164
div2k,div2k/0819.png/sigma_0.200,div2k,0819.png,0.20000000298023224,U-Tikhonov T4/CG64,U-Tikhonov T4/CG32,SSIM,-0.005803167819976807
div2k,div2k/0820.png/sigma_0.200,div2k,0820.png,0.20000000298023224,U-Tikhonov T4/CG64,U-Tikhonov T4/CG32,SSIM,-0.008040308952331543
div2k,div2k/0821.png/sigma_0.200,div2k,0821.png,0.20000000298023224,U-Tikhonov T4/CG64,U-Tikhonov T4/CG32,SSIM,-0.009394705295562744
div2k,div2k/0822.png/sigma_0.200,div2k,0822.png,0.20000000298023224,U-Tikhonov T4/CG64,U-Tikhonov T4/CG32,SSIM,-0.010181844234466553
div2k,div2k/0823.png/sigma_0.200,div2k,0823.png,0.20000000298023224,U-Tikhonov T4/CG64,U-Tikhonov T4/CG32,SSIM,-0.0020003318786621094
div2k,div2k/0824.png/sigma_0.200,div2k,0824.png,0.20000000298023224,U-Tikhonov T4/CG64,U-Tikhonov T4/CG32,SSIM,-0.000910341739654541
div2k,div2k/0825.png/sigma_0.200,div2k,0825.png,0.20000000298023224,U-Tikhonov T4/CG64,U-Tikhonov T4/CG32,SSIM,-0.00727158784866333
div2k,div2k/0826.png/sigma_0.200,div2k,0826.png,0.20000000298023224,U-Tikhonov T4/CG64,U-Tikhonov T4/CG32,SSIM,-0.004958391189575195
div2k,div2k/0827.png/sigma_0.200,div2k,0827.png,0.20000000298023224,U-Tikhonov T4/CG64,U-Tikhonov T4/CG32,SSIM,0.001320183277130127
div2k,div2k/0828.png/sigma_0.200,div2k,0828.png,0.20000000298023224,U-Tikhonov T4/CG64,U-Tikhonov T4/CG32,SSIM,-0.010919690132141113
div2k,div2k/0829.png/sigma_0.200,div2k,0829.png,0.20000000298023224,U-Tikhonov T4/CG64,U-Tikhonov T4/CG32,SSIM,-0.003272116184234619
div2k,div2k/0830.png/sigma_0.200,div2k,0830.png,0.20000000298023224,U-Tikhonov T4/CG64,U-Tikhonov T4/CG32,SSIM,-0.005035758018493652
div2k,div2k/0831.png/sigma_0.200,div2k,0831.png,0.20000000298023224,U-Tikhonov T4/CG64,U-Tikhonov T4/CG32,SSIM,-0.004008889198303223
div2k,div2k/0832.png/sigma_0.200,div2k,0832.png,0.20000000298023224,U-Tikhonov T4/CG64,U-Tikhonov T4/CG32,SSIM,-0.006150007247924805
div2k,div2k/0833.png/sigma_0.200,div2k,0833.png,0.20000000298023224,U-Tikhonov T4/CG64,U-Tikhonov T4/CG32,SSIM,-0.0009982585906982422
div2k,div2k/0834.png/sigma_0.200,div2k,0834.png,0.20000000298023224,U-Tikhonov T4/CG64,U-Tikhonov T4/CG32,SSIM,-0.00624459981918335
div2k,div2k/0835.png/sigma_0.200,div2k,0835.png,0.20000000298023224,U-Tikhonov T4/CG64,U-Tikhonov T4/CG32,SSIM,-0.003329336643218994
div2k,div2k/0836.png/sigma_0.200,div2k,0836.png,0.20000000298023224,U-Tikhonov T4/CG64,U-Tikhonov T4/CG32,SSIM,-0.006179690361022949
div2k,div2k/0837.png/sigma_0.200,div2k,0837.png,0.20000000298023224,U-Tikhonov T4/CG64,U-Tikhonov T4/CG32,SSIM,-0.006605744361877441
div2k,div2k/0838.png/sigma_0.200,div2k,0838.png,0.20000000298023224,U-Tikhonov T4/CG64,U-Tikhonov T4/CG32,SSIM,0.0009430646896362305
div2k,div2k/0839.png/sigma_0.200,div2k,0839.png,0.20000000298023224,U-Tikhonov T4/CG64,U-Tikhonov T4/CG32,SSIM,-0.0009860396385192871
div2k,div2k/0840.png/sigma_0.200,div2k,0840.png,0.20000000298023224,U-Tikhonov T4/CG64,U-Tikhonov T4/CG32,SSIM,-0.0067043304443359375
div2k,div2k/0841.png/sigma_0.200,div2k,0841.png,0.20000000298023224,U-Tikhonov T4/CG64,U-Tikhonov T4/CG32,SSIM,-0.004064500331878662
div2k,div2k/0842.png/sigma_0.200,div2k,0842.png,0.20000000298023224,U-Tikhonov T4/CG64,U-Tikhonov T4/CG32,SSIM,-0.0011032819747924805
div2k,div2k/0843.png/sigma_0.200,div2k,0843.png,0.20000000298023224,U-Tikhonov T4/CG64,U-Tikhonov T4/CG32,SSIM,0.0018352270126342773
div2k,div2k/0844.png/sigma_0.200,div2k,0844.png,0.20000000298023224,U-Tikhonov T4/CG64,U-Tikhonov T4/CG32,SSIM,0.0005512833595275879
div2k,div2k/0845.png/sigma_0.200,div2k,0845.png,0.20000000298023224,U-Tikhonov T4/CG64,U-Tikhonov T4/CG32,SSIM,-0.001999199390411377
div2k,div2k/0846.png/sigma_0.200,div2k,0846.png,0.20000000298023224,U-Tikhonov T4/CG64,U-Tikhonov T4/CG32,SSIM,-0.003659963607788086
div2k,div2k/0847.png/sigma_0.200,div2k,0847.png,0.20000000298023224,U-Tikhonov T4/CG64,U-Tikhonov T4/CG32,SSIM,-0.004752635955810547
div2k,div2k/0848.png/sigma_0.200,div2k,0848.png,0.20000000298023224,U-Tikhonov T4/CG64,U-Tikhonov T4/CG32,SSIM,-0.00043582916259765625
div2k,div2k/0849.png/sigma_0.200,div2k,0849.png,0.20000000298023224,U-Tikhonov T4/CG64,U-Tikhonov T4/CG32,SSIM,-0.0039003491401672363
div2k,div2k/0850.png/sigma_0.200,div2k,0850.png,0.20000000298023224,U-Tikhonov T4/CG64,U-Tikhonov T4/CG32,SSIM,-0.00361710786819458
div2k,div2k/0851.png/sigma_0.200,div2k,0851.png,0.20000000298023224,U-Tikhonov T4/CG64,U-Tikhonov T4/CG32,SSIM,-0.0012012124061584473
div2k,div2k/0852.png/sigma_0.200,div2k,0852.png,0.20000000298023224,U-Tikhonov T4/CG64,U-Tikhonov T4/CG32,SSIM,-0.002284705638885498
div2k,div2k/0853.png/sigma_0.200,div2k,0853.png,0.20000000298023224,U-Tikhonov T4/CG64,U-Tikhonov T4/CG32,SSIM,-0.00024759769439697266
div2k,div2k/0854.png/sigma_0.200,div2k,0854.png,0.20000000298023224,U-Tikhonov T4/CG64,U-Tikhonov T4/CG32,SSIM,-0.003224492073059082
div2k,div2k/0855.png/sigma_0.200,div2k,0855.png,0.20000000298023224,U-Tikhonov T4/CG64,U-Tikhonov T4/CG32,SSIM,-0.0031134486198425293
div2k,div2k/0856.png/sigma_0.200,div2k,0856.png,0.20000000298023224,U-Tikhonov T4/CG64,U-Tikhonov T4/CG32,SSIM,-0.010622143745422363
div2k,div2k/0857.png/sigma_0.200,div2k,0857.png,0.20000000298023224,U-Tikhonov T4/CG64,U-Tikhonov T4/CG32,SSIM,0.0019292831420898438
div2k,div2k/0858.png/sigma_0.200,div2k,0858.png,0.20000000298023224,U-Tikhonov T4/CG64,U-Tikhonov T4/CG32,SSIM,-0.0061397552490234375
div2k,div2k/0859.png/sigma_0.200,div2k,0859.png,0.20000000298023224,U-Tikhonov T4/CG64,U-Tikhonov T4/CG32,SSIM,-0.002644777297973633
div2k,div2k/0860.png/sigma_0.200,div2k,0860.png,0.20000000298023224,U-Tikhonov T4/CG64,U-Tikhonov T4/CG32,SSIM,-0.00655287504196167
div2k,div2k/0861.png/sigma_0.200,div2k,0861.png,0.20000000298023224,U-Tikhonov T4/CG64,U-Tikhonov T4/CG32,SSIM,-0.004588961601257324
div2k,div2k/0862.png/sigma_0.200,div2k,0862.png,0.20000000298023224,U-Tikhonov T4/CG64,U-Tikhonov T4/CG32,SSIM,0.0006720423698425293
div2k,div2k/0863.png/sigma_0.200,div2k,0863.png,0.20000000298023224,U-Tikhonov T4/CG64,U-Tikhonov T4/CG32,SSIM,-0.0030472874641418457
div2k,div2k/0864.png/sigma_0.200,div2k,0864.png,0.20000000298023224,U-Tikhonov T4/CG64,U-Tikhonov T4/CG32,SSIM,-0.006260216236114502
div2k,div2k/0865.png/sigma_0.200,div2k,0865.png,0.20000000298023224,U-Tikhonov T4/CG64,U-Tikhonov T4/CG32,SSIM,-0.0027605295181274414
div2k,div2k/0866.png/sigma_0.200,div2k,0866.png,0.20000000298023224,U-Tikhonov T4/CG64,U-Tikhonov T4/CG32,SSIM,-0.003274083137512207
div2k,div2k/0867.png/sigma_0.200,div2k,0867.png,0.20000000298023224,U-Tikhonov T4/CG64,U-Tikhonov T4/CG32,SSIM,-0.009080886840820312
div2k,div2k/0868.png/sigma_0.200,div2k,0868.png,0.20000000298023224,U-Tikhonov T4/CG64,U-Tikhonov T4/CG32,SSIM,-0.0004455447196960449
div2k,div2k/0869.png/sigma_0.200,div2k,0869.png,0.20000000298023224,U-Tikhonov T4/CG64,U-Tikhonov T4/CG32,SSIM,-0.002560913562774658
div2k,div2k/0870.png/sigma_0.200,div2k,0870.png,0.20000000298023224,U-Tikhonov T4/CG64,U-Tikhonov T4/CG32,SSIM,-0.009502947330474854
div2k,div2k/0871.png/sigma_0.200,div2k,0871.png,0.20000000298023224,U-Tikhonov T4/CG64,U-Tikhonov T4/CG32,SSIM,-0.003400564193725586
div2k,div2k/0872.png/sigma_0.200,div2k,0872.png,0.20000000298023224,U-Tikhonov T4/CG64,U-Tikhonov T4/CG32,SSIM,-0.003373265266418457
div2k,div2k/0873.png/sigma_0.200,div2k,0873.png,0.20000000298023224,U-Tikhonov T4/CG64,U-Tikhonov T4/CG32,SSIM,-0.007595539093017578
div2k,div2k/0874.png/sigma_0.200,div2k,0874.png,0.20000000298023224,U-Tikhonov T4/CG64,U-Tikhonov T4/CG32,SSIM,-0.005471169948577881
div2k,div2k/0875.png/sigma_0.200,div2k,0875.png,0.20000000298023224,U-Tikhonov T4/CG64,U-Tikhonov T4/CG32,SSIM,-0.011071324348449707
div2k,div2k/0876.png/sigma_0.200,div2k,0876.png,0.20000000298023224,U-Tikhonov T4/CG64,U-Tikhonov T4/CG32,SSIM,-0.006983160972595215
div2k,div2k/0877.png/sigma_0.200,div2k,0877.png,0.20000000298023224,U-Tikhonov T4/CG64,U-Tikhonov T4/CG32,SSIM,-0.0012874007225036621
div2k,div2k/0878.png/sigma_0.200,div2k,0878.png,0.20000000298023224,U-Tikhonov T4/CG64,U-Tikhonov T4/CG32,SSIM,-0.0035976767539978027
div2k,div2k/0879.png/sigma_0.200,div2k,0879.png,0.20000000298023224,U-Tikhonov T4/CG64,U-Tikhonov T4/CG32,SSIM,-0.000786900520324707
div2k,div2k/0880.png/sigma_0.200,div2k,0880.png,0.20000000298023224,U-Tikhonov T4/CG64,U-Tikhonov T4/CG32,SSIM,-0.0003128647804260254
div2k,div2k/0881.png/sigma_0.200,div2k,0881.png,0.20000000298023224,U-Tikhonov T4/CG64,U-Tikhonov T4/CG32,SSIM,-0.0012108683586120605
div2k,div2k/0882.png/sigma_0.200,div2k,0882.png,0.20000000298023224,U-Tikhonov T4/CG64,U-Tikhonov T4/CG32,SSIM,0.0012398362159729004
div2k,div2k/0883.png/sigma_0.200,div2k,0883.png,0.20000000298023224,U-Tikhonov T4/CG64,U-Tikhonov T4/CG32,SSIM,-0.00279390811920166
div2k,div2k/0884.png/sigma_0.200,div2k,0884.png,0.20000000298023224,U-Tikhonov T4/CG64,U-Tikhonov T4/CG32,SSIM,-0.0061318278312683105
div2k,div2k/0885.png/sigma_0.200,div2k,0885.png,0.20000000298023224,U-Tikhonov T4/CG64,U-Tikhonov T4/CG32,SSIM,-0.015333950519561768
div2k,div2k/0886.png/sigma_0.200,div2k,0886.png,0.20000000298023224,U-Tikhonov T4/CG64,U-Tikhonov T4/CG32,SSIM,-0.0002803802490234375
div2k,div2k/0887.png/sigma_0.200,div2k,0887.png,0.20000000298023224,U-Tikhonov T4/CG64,U-Tikhonov T4/CG32,SSIM,-0.0012595057487487793
div2k,div2k/0888.png/sigma_0.200,div2k,0888.png,0.20000000298023224,U-Tikhonov T4/CG64,U-Tikhonov T4/CG32,SSIM,-0.003974318504333496
div2k,div2k/0889.png/sigma_0.200,div2k,0889.png,0.20000000298023224,U-Tikhonov T4/CG64,U-Tikhonov T4/CG32,SSIM,-0.006120502948760986
div2k,div2k/0890.png/sigma_0.200,div2k,0890.png,0.20000000298023224,U-Tikhonov T4/CG64,U-Tikhonov T4/CG32,SSIM,-0.0018472671508789062
div2k,div2k/0891.png/sigma_0.200,div2k,0891.png,0.20000000298023224,U-Tikhonov T4/CG64,U-Tikhonov T4/CG32,SSIM,-0.00847470760345459
div2k,div2k/0892.png/sigma_0.200,div2k,0892.png,0.20000000298023224,U-Tikhonov T4/CG64,U-Tikhonov T4/CG32,SSIM,-0.002371490001678467
div2k,div2k/0893.png/sigma_0.200,div2k,0893.png,0.20000000298023224,U-Tikhonov T4/CG64,U-Tikhonov T4/CG32,SSIM,-0.00281447172164917
div2k,div2k/0894.png/sigma_0.200,div2k,0894.png,0.20000000298023224,U-Tikhonov T4/CG64,U-Tikhonov T4/CG32,SSIM,0.0032892823219299316
div2k,div2k/0895.png/sigma_0.200,div2k,0895.png,0.20000000298023224,U-Tikhonov T4/CG64,U-Tikhonov T4/CG32,SSIM,-0.007382035255432129
div2k,div2k/0896.png/sigma_0.200,div2k,0896.png,0.20000000298023224,U-Tikhonov T4/CG64,U-Tikhonov T4/CG32,SSIM,-0.0008764266967773438
div2k,div2k/0897.png/sigma_0.200,div2k,0897.png,0.20000000298023224,U-Tikhonov T4/CG64,U-Tikhonov T4/CG32,SSIM,-0.01181328296661377
div2k,div2k/0898.png/sigma_0.200,div2k,0898.png,0.20000000298023224,U-Tikhonov T4/CG64,U-Tikhonov T4/CG32,SSIM,-0.0012712478637695312
div2k,div2k/0899.png/sigma_0.200,div2k,0899.png,0.20000000298023224,U-Tikhonov T4/CG64,U-Tikhonov T4/CG32,SSIM,-0.005368351936340332
div2k,div2k/0900.png/sigma_0.200,div2k,0900.png,0.20000000298023224,U-Tikhonov T4/CG64,U-Tikhonov T4/CG32,SSIM,-0.009131133556365967
div2k,div2k/0801.png/sigma_0.200,div2k,0801.png,0.20000000298023224,U-Tikhonov T16/CG64,U-Tikhonov T16/CG32,PSNR,-0.08088874816894531
div2k,div2k/0802.png/sigma_0.200,div2k,0802.png,0.20000000298023224,U-Tikhonov T16/CG64,U-Tikhonov T16/CG32,PSNR,-0.15114593505859375
div2k,div2k/0803.png/sigma_0.200,div2k,0803.png,0.20000000298023224,U-Tikhonov T16/CG64,U-Tikhonov T16/CG32,PSNR,-0.11581230163574219
div2k,div2k/0804.png/sigma_0.200,div2k,0804.png,0.20000000298023224,U-Tikhonov T16/CG64,U-Tikhonov T16/CG32,PSNR,-0.12629127502441406
div2k,div2k/0805.png/sigma_0.200,div2k,0805.png,0.20000000298023224,U-Tikhonov T16/CG64,U-Tikhonov T16/CG32,PSNR,-0.08033943176269531
div2k,div2k/0806.png/sigma_0.200,div2k,0806.png,0.20000000298023224,U-Tikhonov T16/CG64,U-Tikhonov T16/CG32,PSNR,-0.06607246398925781
div2k,div2k/0807.png/sigma_0.200,div2k,0807.png,0.20000000298023224,U-Tikhonov T16/CG64,U-Tikhonov T16/CG32,PSNR,-0.050342559814453125
div2k,div2k/0808.png/sigma_0.200,div2k,0808.png,0.20000000298023224,U-Tikhonov T16/CG64,U-Tikhonov T16/CG32,PSNR,-0.11734962463378906
div2k,div2k/0809.png/sigma_0.200,div2k,0809.png,0.20000000298023224,U-Tikhonov T16/CG64,U-Tikhonov T16/CG32,PSNR,0.0047893524169921875
div2k,div2k/0810.png/sigma_0.200,div2k,0810.png,0.20000000298023224,U-Tikhonov T16/CG64,U-Tikhonov T16/CG32,PSNR,-0.056793212890625
div2k,div2k/0811.png/sigma_0.200,div2k,0811.png,0.20000000298023224,U-Tikhonov T16/CG64,U-Tikhonov T16/CG32,PSNR,0.006313323974609375
div2k,div2k/0812.png/sigma_0.200,div2k,0812.png,0.20000000298023224,U-Tikhonov T16/CG64,U-Tikhonov T16/CG32,PSNR,-0.10554885864257812
div2k,div2k/0813.png/sigma_0.200,div2k,0813.png,0.20000000298023224,U-Tikhonov T16/CG64,U-Tikhonov T16/CG32,PSNR,-0.13311004638671875
div2k,div2k/0814.png/sigma_0.200,div2k,0814.png,0.20000000298023224,U-Tikhonov T16/CG64,U-Tikhonov T16/CG32,PSNR,-0.16668701171875
div2k,div2k/0815.png/sigma_0.200,div2k,0815.png,0.20000000298023224,U-Tikhonov T16/CG64,U-Tikhonov T16/CG32,PSNR,-0.052989959716796875
div2k,div2k/0816.png/sigma_0.200,div2k,0816.png,0.20000000298023224,U-Tikhonov T16/CG64,U-Tikhonov T16/CG32,PSNR,-0.07086753845214844
div2k,div2k/0817.png/sigma_0.200,div2k,0817.png,0.20000000298023224,U-Tikhonov T16/CG64,U-Tikhonov T16/CG32,PSNR,-0.0500946044921875
div2k,div2k/0818.png/sigma_0.200,div2k,0818.png,0.20000000298023224,U-Tikhonov T16/CG64,U-Tikhonov T16/CG32,PSNR,-0.09939765930175781
div2k,div2k/0819.png/sigma_0.200,div2k,0819.png,0.20000000298023224,U-Tikhonov T16/CG64,U-Tikhonov T16/CG32,PSNR,-0.06604957580566406
div2k,div2k/0820.png/sigma_0.200,div2k,0820.png,0.20000000298023224,U-Tikhonov T16/CG64,U-Tikhonov T16/CG32,PSNR,-0.16028213500976562
div2k,div2k/0821.png/sigma_0.200,div2k,0821.png,0.20000000298023224,U-Tikhonov T16/CG64,U-Tikhonov T16/CG32,PSNR,-0.30765724182128906
div2k,div2k/0822.png/sigma_0.200,div2k,0822.png,0.20000000298023224,U-Tikhonov T16/CG64,U-Tikhonov T16/CG32,PSNR,-0.04638099670410156
div2k,div2k/0823.png/sigma_0.200,div2k,0823.png,0.20000000298023224,U-Tikhonov T16/CG64,U-Tikhonov T16/CG32,PSNR,-0.10145759582519531
div2k,div2k/0824.png/sigma_0.200,div2k,0824.png,0.20000000298023224,U-Tikhonov T16/CG64,U-Tikhonov T16/CG32,PSNR,-0.11177825927734375
div2k,div2k/0825.png/sigma_0.200,div2k,0825.png,0.20000000298023224,U-Tikhonov T16/CG64,U-Tikhonov T16/CG32,PSNR,-0.10741233825683594
div2k,div2k/0826.png/sigma_0.200,div2k,0826.png,0.20000000298023224,U-Tikhonov T16/CG64,U-Tikhonov T16/CG32,PSNR,-0.11019706726074219
div2k,div2k/0827.png/sigma_0.200,div2k,0827.png,0.20000000298023224,U-Tikhonov T16/CG64,U-Tikhonov T16/CG32,PSNR,-0.03225517272949219
div2k,div2k/0828.png/sigma_0.200,div2k,0828.png,0.20000000298023224,U-Tikhonov T16/CG64,U-Tikhonov T16/CG32,PSNR,-0.07363700866699219
div2k,div2k/0829.png/sigma_0.200,div2k,0829.png,0.20000000298023224,U-Tikhonov T16/CG64,U-Tikhonov T16/CG32,PSNR,-0.1507282257080078
div2k,div2k/0830.png/sigma_0.200,div2k,0830.png,0.20000000298023224,U-Tikhonov T16/CG64,U-Tikhonov T16/CG32,PSNR,-0.05304908752441406
div2k,div2k/0831.png/sigma_0.200,div2k,0831.png,0.20000000298023224,U-Tikhonov T16/CG64,U-Tikhonov T16/CG32,PSNR,-0.06861114501953125
div2k,div2k/0832.png/sigma_0.200,div2k,0832.png,0.20000000298023224,U-Tikhonov T16/CG64,U-Tikhonov T16/CG32,PSNR,-0.12586021423339844
div2k,div2k/0833.png/sigma_0.200,div2k,0833.png,0.20000000298023224,U-Tikhonov T16/CG64,U-Tikhonov T16/CG32,PSNR,-0.07352638244628906
div2k,div2k/0834.png/sigma_0.200,div2k,0834.png,0.20000000298023224,U-Tikhonov T16/CG64,U-Tikhonov T16/CG32,PSNR,-0.07409477233886719
div2k,div2k/0835.png/sigma_0.200,div2k,0835.png,0.20000000298023224,U-Tikhonov T16/CG64,U-Tikhonov T16/CG32,PSNR,-0.041645050048828125
div2k,div2k/0836.png/sigma_0.200,div2k,0836.png,0.20000000298023224,U-Tikhonov T16/CG64,U-Tikhonov T16/CG32,PSNR,-0.06622314453125
div2k,div2k/0837.png/sigma_0.200,div2k,0837.png,0.20000000298023224,U-Tikhonov T16/CG64,U-Tikhonov T16/CG32,PSNR,-0.09194755554199219
div2k,div2k/0838.png/sigma_0.200,div2k,0838.png,0.20000000298023224,U-Tikhonov T16/CG64,U-Tikhonov T16/CG32,PSNR,-0.14362716674804688
div2k,div2k/0839.png/sigma_0.200,div2k,0839.png,0.20000000298023224,U-Tikhonov T16/CG64,U-Tikhonov T16/CG32,PSNR,-0.04874420166015625
div2k,div2k/0840.png/sigma_0.200,div2k,0840.png,0.20000000298023224,U-Tikhonov T16/CG64,U-Tikhonov T16/CG32,PSNR,-0.05725288391113281
div2k,div2k/0841.png/sigma_0.200,div2k,0841.png,0.20000000298023224,U-Tikhonov T16/CG64,U-Tikhonov T16/CG32,PSNR,-0.0970916748046875
div2k,div2k/0842.png/sigma_0.200,div2k,0842.png,0.20000000298023224,U-Tikhonov T16/CG64,U-Tikhonov T16/CG32,PSNR,-0.1439075469970703
div2k,div2k/0843.png/sigma_0.200,div2k,0843.png,0.20000000298023224,U-Tikhonov T16/CG64,U-Tikhonov T16/CG32,PSNR,-0.06946182250976562
div2k,div2k/0844.png/sigma_0.200,div2k,0844.png,0.20000000298023224,U-Tikhonov T16/CG64,U-Tikhonov T16/CG32,PSNR,-0.013727188110351562
div2k,div2k/0845.png/sigma_0.200,div2k,0845.png,0.20000000298023224,U-Tikhonov T16/CG64,U-Tikhonov T16/CG32,PSNR,0.024061203002929688
div2k,div2k/0846.png/sigma_0.200,div2k,0846.png,0.20000000298023224,U-Tikhonov T16/CG64,U-Tikhonov T16/CG32,PSNR,-0.058147430419921875
div2k,div2k/0847.png/sigma_0.200,div2k,0847.png,0.20000000298023224,U-Tikhonov T16/CG64,U-Tikhonov T16/CG32,PSNR,-0.11039924621582031
div2k,div2k/0848.png/sigma_0.200,div2k,0848.png,0.20000000298023224,U-Tikhonov T16/CG64,U-Tikhonov T16/CG32,PSNR,-0.10041427612304688
div2k,div2k/0849.png/sigma_0.200,div2k,0849.png,0.20000000298023224,U-Tikhonov T16/CG64,U-Tikhonov T16/CG32,PSNR,-0.2529277801513672
div2k,div2k/0850.png/sigma_0.200,div2k,0850.png,0.20000000298023224,U-Tikhonov T16/CG64,U-Tikhonov T16/CG32,PSNR,-0.0700225830078125
div2k,div2k/0851.png/sigma_0.200,div2k,0851.png,0.20000000298023224,U-Tikhonov T16/CG64,U-Tikhonov T16/CG32,PSNR,-0.1924896240234375
div2k,div2k/0852.png/sigma_0.200,div2k,0852.png,0.20000000298023224,U-Tikhonov T16/CG64,U-Tikhonov T16/CG32,PSNR,-0.01184844970703125
div2k,div2k/0853.png/sigma_0.200,div2k,0853.png,0.20000000298023224,U-Tikhonov T16/CG64,U-Tikhonov T16/CG32,PSNR,-0.09789276123046875
div2k,div2k/0854.png/sigma_0.200,div2k,0854.png,0.20000000298023224,U-Tikhonov T16/CG64,U-Tikhonov T16/CG32,PSNR,-0.08440208435058594
div2k,div2k/0855.png/sigma_0.200,div2k,0855.png,0.20000000298023224,U-Tikhonov T16/CG64,U-Tikhonov T16/CG32,PSNR,-0.07204627990722656
div2k,div2k/0856.png/sigma_0.200,div2k,0856.png,0.20000000298023224,U-Tikhonov T16/CG64,U-Tikhonov T16/CG32,PSNR,-0.0074977874755859375
div2k,div2k/0857.png/sigma_0.200,div2k,0857.png,0.20000000298023224,U-Tikhonov T16/CG64,U-Tikhonov T16/CG32,PSNR,-0.1789684295654297
div2k,div2k/0858.png/sigma_0.200,div2k,0858.png,0.20000000298023224,U-Tikhonov T16/CG64,U-Tikhonov T16/CG32,PSNR,-0.047100067138671875
div2k,div2k/0859.png/sigma_0.200,div2k,0859.png,0.20000000298023224,U-Tikhonov T16/CG64,U-Tikhonov T16/CG32,PSNR,-0.012067794799804688
div2k,div2k/0860.png/sigma_0.200,div2k,0860.png,0.20000000298023224,U-Tikhonov T16/CG64,U-Tikhonov T16/CG32,PSNR,-0.07095909118652344
div2k,div2k/0861.png/sigma_0.200,div2k,0861.png,0.20000000298023224,U-Tikhonov T16/CG64,U-Tikhonov T16/CG32,PSNR,-0.08781814575195312
div2k,div2k/0862.png/sigma_0.200,div2k,0862.png,0.20000000298023224,U-Tikhonov T16/CG64,U-Tikhonov T16/CG32,PSNR,-0.05858612060546875
div2k,div2k/0863.png/sigma_0.200,div2k,0863.png,0.20000000298023224,U-Tikhonov T16/CG64,U-Tikhonov T16/CG32,PSNR,0.012243270874023438
div2k,div2k/0864.png/sigma_0.200,div2k,0864.png,0.20000000298023224,U-Tikhonov T16/CG64,U-Tikhonov T16/CG32,PSNR,0.001834869384765625
div2k,div2k/0865.png/sigma_0.200,div2k,0865.png,0.20000000298023224,U-Tikhonov T16/CG64,U-Tikhonov T16/CG32,PSNR,-0.0507354736328125
div2k,div2k/0866.png/sigma_0.200,div2k,0866.png,0.20000000298023224,U-Tikhonov T16/CG64,U-Tikhonov T16/CG32,PSNR,-0.05151557922363281
div2k,div2k/0867.png/sigma_0.200,div2k,0867.png,0.20000000298023224,U-Tikhonov T16/CG64,U-Tikhonov T16/CG32,PSNR,-0.06598854064941406
div2k,div2k/0868.png/sigma_0.200,div2k,0868.png,0.20000000298023224,U-Tikhonov T16/CG64,U-Tikhonov T16/CG32,PSNR,-0.09983062744140625
div2k,div2k/0869.png/sigma_0.200,div2k,0869.png,0.20000000298023224,U-Tikhonov T16/CG64,U-Tikhonov T16/CG32,PSNR,-0.012876510620117188
div2k,div2k/0870.png/sigma_0.200,div2k,0870.png,0.20000000298023224,U-Tikhonov T16/CG64,U-Tikhonov T16/CG32,PSNR,-0.023906707763671875
div2k,div2k/0871.png/sigma_0.200,div2k,0871.png,0.20000000298023224,U-Tikhonov T16/CG64,U-Tikhonov T16/CG32,PSNR,-0.07602310180664062
div2k,div2k/0872.png/sigma_0.200,div2k,0872.png,0.20000000298023224,U-Tikhonov T16/CG64,U-Tikhonov T16/CG32,PSNR,-0.10073280334472656
div2k,div2k/0873.png/sigma_0.200,div2k,0873.png,0.20000000298023224,U-Tikhonov T16/CG64,U-Tikhonov T16/CG32,PSNR,-0.0742034912109375
div2k,div2k/0874.png/sigma_0.200,div2k,0874.png,0.20000000298023224,U-Tikhonov T16/CG64,U-Tikhonov T16/CG32,PSNR,-0.003192901611328125
div2k,div2k/0875.png/sigma_0.200,div2k,0875.png,0.20000000298023224,U-Tikhonov T16/CG64,U-Tikhonov T16/CG32,PSNR,-0.0347900390625
div2k,div2k/0876.png/sigma_0.200,div2k,0876.png,0.20000000298023224,U-Tikhonov T16/CG64,U-Tikhonov T16/CG32,PSNR,-0.014270782470703125
div2k,div2k/0877.png/sigma_0.200,div2k,0877.png,0.20000000298023224,U-Tikhonov T16/CG64,U-Tikhonov T16/CG32,PSNR,-0.03491973876953125
div2k,div2k/0878.png/sigma_0.200,div2k,0878.png,0.20000000298023224,U-Tikhonov T16/CG64,U-Tikhonov T16/CG32,PSNR,-0.07089614868164062
div2k,div2k/0879.png/sigma_0.200,div2k,0879.png,0.20000000298023224,U-Tikhonov T16/CG64,U-Tikhonov T16/CG32,PSNR,-0.12029647827148438
div2k,div2k/0880.png/sigma_0.200,div2k,0880.png,0.20000000298023224,U-Tikhonov T16/CG64,U-Tikhonov T16/CG32,PSNR,-0.055389404296875
div2k,div2k/0881.png/sigma_0.200,div2k,0881.png,0.20000000298023224,U-Tikhonov T16/CG64,U-Tikhonov T16/CG32,PSNR,-0.13188934326171875
div2k,div2k/0882.png/sigma_0.200,div2k,0882.png,0.20000000298023224,U-Tikhonov T16/CG64,U-Tikhonov T16/CG32,PSNR,-0.16749000549316406
div2k,div2k/0883.png/sigma_0.200,div2k,0883.png,0.20000000298023224,U-Tikhonov T16/CG64,U-Tikhonov T16/CG32,PSNR,-0.06220245361328125
div2k,div2k/0884.png/sigma_0.200,div2k,0884.png,0.20000000298023224,U-Tikhonov T16/CG64,U-Tikhonov T16/CG32,PSNR,-0.12719154357910156
div2k,div2k/0885.png/sigma_0.200,div2k,0885.png,0.20000000298023224,U-Tikhonov T16/CG64,U-Tikhonov T16/CG32,PSNR,-0.016147613525390625
div2k,div2k/0886.png/sigma_0.200,div2k,0886.png,0.20000000298023224,U-Tikhonov T16/CG64,U-Tikhonov T16/CG32,PSNR,-0.12470245361328125
div2k,div2k/0887.png/sigma_0.200,div2k,0887.png,0.20000000298023224,U-Tikhonov T16/CG64,U-Tikhonov T16/CG32,PSNR,-0.13034820556640625
div2k,div2k/0888.png/sigma_0.200,div2k,0888.png,0.20000000298023224,U-Tikhonov T16/CG64,U-Tikhonov T16/CG32,PSNR,-0.09259223937988281
div2k,div2k/0889.png/sigma_0.200,div2k,0889.png,0.20000000298023224,U-Tikhonov T16/CG64,U-Tikhonov T16/CG32,PSNR,-0.12309074401855469
div2k,div2k/0890.png/sigma_0.200,div2k,0890.png,0.20000000298023224,U-Tikhonov T16/CG64,U-Tikhonov T16/CG32,PSNR,-0.04255485534667969
div2k,div2k/0891.png/sigma_0.200,div2k,0891.png,0.20000000298023224,U-Tikhonov T16/CG64,U-Tikhonov T16/CG32,PSNR,-0.07570648193359375
div2k,div2k/0892.png/sigma_0.200,div2k,0892.png,0.20000000298023224,U-Tikhonov T16/CG64,U-Tikhonov T16/CG32,PSNR,-0.13578414916992188
div2k,div2k/0893.png/sigma_0.200,div2k,0893.png,0.20000000298023224,U-Tikhonov T16/CG64,U-Tikhonov T16/CG32,PSNR,-0.1447582244873047
div2k,div2k/0894.png/sigma_0.200,div2k,0894.png,0.20000000298023224,U-Tikhonov T16/CG64,U-Tikhonov T16/CG32,PSNR,0.023468017578125
div2k,div2k/0895.png/sigma_0.200,div2k,0895.png,0.20000000298023224,U-Tikhonov T16/CG64,U-Tikhonov T16/CG32,PSNR,-0.031101226806640625
div2k,div2k/0896.png/sigma_0.200,div2k,0896.png,0.20000000298023224,U-Tikhonov T16/CG64,U-Tikhonov T16/CG32,PSNR,-0.023736953735351562
div2k,div2k/0897.png/sigma_0.200,div2k,0897.png,0.20000000298023224,U-Tikhonov T16/CG64,U-Tikhonov T16/CG32,PSNR,-0.2571849822998047
div2k,div2k/0898.png/sigma_0.200,div2k,0898.png,0.20000000298023224,U-Tikhonov T16/CG64,U-Tikhonov T16/CG32,PSNR,-0.1472187042236328
div2k,div2k/0899.png/sigma_0.200,div2k,0899.png,0.20000000298023224,U-Tikhonov T16/CG64,U-Tikhonov T16/CG32,PSNR,-0.17983436584472656
div2k,div2k/0900.png/sigma_0.200,div2k,0900.png,0.20000000298023224,U-Tikhonov T16/CG64,U-Tikhonov T16/CG32,PSNR,-0.06622314453125
div2k,div2k/0801.png/sigma_0.200,div2k,0801.png,0.20000000298023224,U-Tikhonov T16/CG64,U-Tikhonov T16/CG32,SSIM,-0.006948292255401611
div2k,div2k/0802.png/sigma_0.200,div2k,0802.png,0.20000000298023224,U-Tikhonov T16/CG64,U-Tikhonov T16/CG32,SSIM,-0.004809856414794922
div2k,div2k/0803.png/sigma_0.200,div2k,0803.png,0.20000000298023224,U-Tikhonov T16/CG64,U-Tikhonov T16/CG32,SSIM,-0.005995690822601318
div2k,div2k/0804.png/sigma_0.200,div2k,0804.png,0.20000000298023224,U-Tikhonov T16/CG64,U-Tikhonov T16/CG32,SSIM,-0.005189001560211182
div2k,div2k/0805.png/sigma_0.200,div2k,0805.png,0.20000000298023224,U-Tikhonov T16/CG64,U-Tikhonov T16/CG32,SSIM,0.0006503462791442871
div2k,div2k/0806.png/sigma_0.200,div2k,0806.png,0.20000000298023224,U-Tikhonov T16/CG64,U-Tikhonov T16/CG32,SSIM,-0.0029326677322387695
div2k,div2k/0807.png/sigma_0.200,div2k,0807.png,0.20000000298023224,U-Tikhonov T16/CG64,U-Tikhonov T16/CG32,SSIM,-0.006239414215087891
div2k,div2k/0808.png/sigma_0.200,div2k,0808.png,0.20000000298023224,U-Tikhonov T16/CG64,U-Tikhonov T16/CG32,SSIM,-0.002561509609222412
div2k,div2k/0809.png/sigma_0.200,div2k,0809.png,0.20000000298023224,U-Tikhonov T16/CG64,U-Tikhonov T16/CG32,SSIM,0.0022318363189697266
div2k,div2k/0810.png/sigma_0.200,div2k,0810.png,0.20000000298023224,U-Tikhonov T16/CG64,U-Tikhonov T16/CG32,SSIM,-0.0029568076133728027
div2k,div2k/0811.png/sigma_0.200,div2k,0811.png,0.20000000298023224,U-Tikhonov T16/CG64,U-Tikhonov T16/CG32,SSIM,5.626678466796875e-05
div2k,div2k/0812.png/sigma_0.200,div2k,0812.png,0.20000000298023224,U-Tikhonov T16/CG64,U-Tikhonov T16/CG32,SSIM,-0.0033267736434936523
div2k,div2k/0813.png/sigma_0.200,div2k,0813.png,0.20000000298023224,U-Tikhonov T16/CG64,U-Tikhonov T16/CG32,SSIM,-0.005801498889923096
div2k,div2k/0814.png/sigma_0.200,div2k,0814.png,0.20000000298023224,U-Tikhonov T16/CG64,U-Tikhonov T16/CG32,SSIM,-0.004916667938232422
div2k,div2k/0815.png/sigma_0.200,div2k,0815.png,0.20000000298023224,U-Tikhonov T16/CG64,U-Tikhonov T16/CG32,SSIM,-0.0033884644508361816
div2k,div2k/0816.png/sigma_0.200,div2k,0816.png,0.20000000298023224,U-Tikhonov T16/CG64,U-Tikhonov T16/CG32,SSIM,-0.0032994747161865234
div2k,div2k/0817.png/sigma_0.200,div2k,0817.png,0.20000000298023224,U-Tikhonov T16/CG64,U-Tikhonov T16/CG32,SSIM,-0.005970656871795654
div2k,div2k/0818.png/sigma_0.200,div2k,0818.png,0.20000000298023224,U-Tikhonov T16/CG64,U-Tikhonov T16/CG32,SSIM,-0.004095315933227539
div2k,div2k/0819.png/sigma_0.200,div2k,0819.png,0.20000000298023224,U-Tikhonov T16/CG64,U-Tikhonov T16/CG32,SSIM,-0.0028385519981384277
div2k,div2k/0820.png/sigma_0.200,div2k,0820.png,0.20000000298023224,U-Tikhonov T16/CG64,U-Tikhonov T16/CG32,SSIM,-0.00898200273513794
div2k,div2k/0821.png/sigma_0.200,div2k,0821.png,0.20000000298023224,U-Tikhonov T16/CG64,U-Tikhonov T16/CG32,SSIM,-0.016838669776916504
div2k,div2k/0822.png/sigma_0.200,div2k,0822.png,0.20000000298023224,U-Tikhonov T16/CG64,U-Tikhonov T16/CG32,SSIM,-0.006577551364898682
div2k,div2k/0823.png/sigma_0.200,div2k,0823.png,0.20000000298023224,U-Tikhonov T16/CG64,U-Tikhonov T16/CG32,SSIM,-0.006371498107910156
div2k,div2k/0824.png/sigma_0.200,div2k,0824.png,0.20000000298023224,U-Tikhonov T16/CG64,U-Tikhonov T16/CG32,SSIM,-0.005532443523406982
div2k,div2k/0825.png/sigma_0.200,div2k,0825.png,0.20000000298023224,U-Tikhonov T16/CG64,U-Tikhonov T16/CG32,SSIM,-0.0049877166748046875
div2k,div2k/0826.png/sigma_0.200,div2k,0826.png,0.20000000298023224,U-Tikhonov T16/CG64,U-Tikhonov T16/CG32,SSIM,-0.004483580589294434
div2k,div2k/0827.png/sigma_0.200,div2k,0827.png,0.20000000298023224,U-Tikhonov T16/CG64,U-Tikhonov T16/CG32,SSIM,-0.00043016672134399414
div2k,div2k/0828.png/sigma_0.200,div2k,0828.png,0.20000000298023224,U-Tikhonov T16/CG64,U-Tikhonov T16/CG32,SSIM,-0.011077284812927246
div2k,div2k/0829.png/sigma_0.200,div2k,0829.png,0.20000000298023224,U-Tikhonov T16/CG64,U-Tikhonov T16/CG32,SSIM,-0.002061307430267334
div2k,div2k/0830.png/sigma_0.200,div2k,0830.png,0.20000000298023224,U-Tikhonov T16/CG64,U-Tikhonov T16/CG32,SSIM,-0.0009128451347351074
div2k,div2k/0831.png/sigma_0.200,div2k,0831.png,0.20000000298023224,U-Tikhonov T16/CG64,U-Tikhonov T16/CG32,SSIM,-0.0038847923278808594
div2k,div2k/0832.png/sigma_0.200,div2k,0832.png,0.20000000298023224,U-Tikhonov T16/CG64,U-Tikhonov T16/CG32,SSIM,-0.0024695396423339844
div2k,div2k/0833.png/sigma_0.200,div2k,0833.png,0.20000000298023224,U-Tikhonov T16/CG64,U-Tikhonov T16/CG32,SSIM,-0.00618511438369751
div2k,div2k/0834.png/sigma_0.200,div2k,0834.png,0.20000000298023224,U-Tikhonov T16/CG64,U-Tikhonov T16/CG32,SSIM,-0.0020765066146850586
div2k,div2k/0835.png/sigma_0.200,div2k,0835.png,0.20000000298023224,U-Tikhonov T16/CG64,U-Tikhonov T16/CG32,SSIM,-0.0011458992958068848
div2k,div2k/0836.png/sigma_0.200,div2k,0836.png,0.20000000298023224,U-Tikhonov T16/CG64,U-Tikhonov T16/CG32,SSIM,-0.0033260583877563477
div2k,div2k/0837.png/sigma_0.200,div2k,0837.png,0.20000000298023224,U-Tikhonov T16/CG64,U-Tikhonov T16/CG32,SSIM,-0.006098687648773193
div2k,div2k/0838.png/sigma_0.200,div2k,0838.png,0.20000000298023224,U-Tikhonov T16/CG64,U-Tikhonov T16/CG32,SSIM,-0.003145158290863037
div2k,div2k/0839.png/sigma_0.200,div2k,0839.png,0.20000000298023224,U-Tikhonov T16/CG64,U-Tikhonov T16/CG32,SSIM,-0.0018438994884490967
div2k,div2k/0840.png/sigma_0.200,div2k,0840.png,0.20000000298023224,U-Tikhonov T16/CG64,U-Tikhonov T16/CG32,SSIM,-0.005117237567901611
div2k,div2k/0841.png/sigma_0.200,div2k,0841.png,0.20000000298023224,U-Tikhonov T16/CG64,U-Tikhonov T16/CG32,SSIM,-0.00634080171585083
div2k,div2k/0842.png/sigma_0.200,div2k,0842.png,0.20000000298023224,U-Tikhonov T16/CG64,U-Tikhonov T16/CG32,SSIM,-0.0026245713233947754
div2k,div2k/0843.png/sigma_0.200,div2k,0843.png,0.20000000298023224,U-Tikhonov T16/CG64,U-Tikhonov T16/CG32,SSIM,-0.0006011724472045898
div2k,div2k/0844.png/sigma_0.200,div2k,0844.png,0.20000000298023224,U-Tikhonov T16/CG64,U-Tikhonov T16/CG32,SSIM,0.0033829808235168457
div2k,div2k/0845.png/sigma_0.200,div2k,0845.png,0.20000000298023224,U-Tikhonov T16/CG64,U-Tikhonov T16/CG32,SSIM,0.0019083619117736816
div2k,div2k/0846.png/sigma_0.200,div2k,0846.png,0.20000000298023224,U-Tikhonov T16/CG64,U-Tikhonov T16/CG32,SSIM,-0.003741741180419922
div2k,div2k/0847.png/sigma_0.200,div2k,0847.png,0.20000000298023224,U-Tikhonov T16/CG64,U-Tikhonov T16/CG32,SSIM,-0.006559908390045166
div2k,div2k/0848.png/sigma_0.200,div2k,0848.png,0.20000000298023224,U-Tikhonov T16/CG64,U-Tikhonov T16/CG32,SSIM,-0.004203617572784424
div2k,div2k/0849.png/sigma_0.200,div2k,0849.png,0.20000000298023224,U-Tikhonov T16/CG64,U-Tikhonov T16/CG32,SSIM,-0.014522254467010498
div2k,div2k/0850.png/sigma_0.200,div2k,0850.png,0.20000000298023224,U-Tikhonov T16/CG64,U-Tikhonov T16/CG32,SSIM,-0.003115057945251465
div2k,div2k/0851.png/sigma_0.200,div2k,0851.png,0.20000000298023224,U-Tikhonov T16/CG64,U-Tikhonov T16/CG32,SSIM,-0.0073896050453186035
div2k,div2k/0852.png/sigma_0.200,div2k,0852.png,0.20000000298023224,U-Tikhonov T16/CG64,U-Tikhonov T16/CG32,SSIM,-0.0014170408248901367
div2k,div2k/0853.png/sigma_0.200,div2k,0853.png,0.20000000298023224,U-Tikhonov T16/CG64,U-Tikhonov T16/CG32,SSIM,-0.0020760297775268555
div2k,div2k/0854.png/sigma_0.200,div2k,0854.png,0.20000000298023224,U-Tikhonov T16/CG64,U-Tikhonov T16/CG32,SSIM,-0.003984808921813965
div2k,div2k/0855.png/sigma_0.200,div2k,0855.png,0.20000000298023224,U-Tikhonov T16/CG64,U-Tikhonov T16/CG32,SSIM,-0.001033008098602295
div2k,div2k/0856.png/sigma_0.200,div2k,0856.png,0.20000000298023224,U-Tikhonov T16/CG64,U-Tikhonov T16/CG32,SSIM,0.0028107762336730957
div2k,div2k/0857.png/sigma_0.200,div2k,0857.png,0.20000000298023224,U-Tikhonov T16/CG64,U-Tikhonov T16/CG32,SSIM,-0.008199691772460938
div2k,div2k/0858.png/sigma_0.200,div2k,0858.png,0.20000000298023224,U-Tikhonov T16/CG64,U-Tikhonov T16/CG32,SSIM,-0.005350589752197266
div2k,div2k/0859.png/sigma_0.200,div2k,0859.png,0.20000000298023224,U-Tikhonov T16/CG64,U-Tikhonov T16/CG32,SSIM,-4.673004150390625e-05
div2k,div2k/0860.png/sigma_0.200,div2k,0860.png,0.20000000298023224,U-Tikhonov T16/CG64,U-Tikhonov T16/CG32,SSIM,-0.004677891731262207
div2k,div2k/0861.png/sigma_0.200,div2k,0861.png,0.20000000298023224,U-Tikhonov T16/CG64,U-Tikhonov T16/CG32,SSIM,-0.008095145225524902
div2k,div2k/0862.png/sigma_0.200,div2k,0862.png,0.20000000298023224,U-Tikhonov T16/CG64,U-Tikhonov T16/CG32,SSIM,0.0010396838188171387
div2k,div2k/0863.png/sigma_0.200,div2k,0863.png,0.20000000298023224,U-Tikhonov T16/CG64,U-Tikhonov T16/CG32,SSIM,-0.003210723400115967
div2k,div2k/0864.png/sigma_0.200,div2k,0864.png,0.20000000298023224,U-Tikhonov T16/CG64,U-Tikhonov T16/CG32,SSIM,0.002276003360748291
div2k,div2k/0865.png/sigma_0.200,div2k,0865.png,0.20000000298023224,U-Tikhonov T16/CG64,U-Tikhonov T16/CG32,SSIM,-0.0021812915802001953
div2k,div2k/0866.png/sigma_0.200,div2k,0866.png,0.20000000298023224,U-Tikhonov T16/CG64,U-Tikhonov T16/CG32,SSIM,-0.0037253499031066895
div2k,div2k/0867.png/sigma_0.200,div2k,0867.png,0.20000000298023224,U-Tikhonov T16/CG64,U-Tikhonov T16/CG32,SSIM,-0.004527390003204346
div2k,div2k/0868.png/sigma_0.200,div2k,0868.png,0.20000000298023224,U-Tikhonov T16/CG64,U-Tikhonov T16/CG32,SSIM,-0.006080567836761475
div2k,div2k/0869.png/sigma_0.200,div2k,0869.png,0.20000000298023224,U-Tikhonov T16/CG64,U-Tikhonov T16/CG32,SSIM,0.000803828239440918
div2k,div2k/0870.png/sigma_0.200,div2k,0870.png,0.20000000298023224,U-Tikhonov T16/CG64,U-Tikhonov T16/CG32,SSIM,-0.006702542304992676
div2k,div2k/0871.png/sigma_0.200,div2k,0871.png,0.20000000298023224,U-Tikhonov T16/CG64,U-Tikhonov T16/CG32,SSIM,-0.0047165751457214355
div2k,div2k/0872.png/sigma_0.200,div2k,0872.png,0.20000000298023224,U-Tikhonov T16/CG64,U-Tikhonov T16/CG32,SSIM,-0.0038022994995117188
div2k,div2k/0873.png/sigma_0.200,div2k,0873.png,0.20000000298023224,U-Tikhonov T16/CG64,U-Tikhonov T16/CG32,SSIM,-0.006686866283416748
div2k,div2k/0874.png/sigma_0.200,div2k,0874.png,0.20000000298023224,U-Tikhonov T16/CG64,U-Tikhonov T16/CG32,SSIM,-0.00010144710540771484
div2k,div2k/0875.png/sigma_0.200,div2k,0875.png,0.20000000298023224,U-Tikhonov T16/CG64,U-Tikhonov T16/CG32,SSIM,-0.0033532381057739258
div2k,div2k/0876.png/sigma_0.200,div2k,0876.png,0.20000000298023224,U-Tikhonov T16/CG64,U-Tikhonov T16/CG32,SSIM,-0.0013260245323181152
div2k,div2k/0877.png/sigma_0.200,div2k,0877.png,0.20000000298023224,U-Tikhonov T16/CG64,U-Tikhonov T16/CG32,SSIM,0.0016418695449829102
div2k,div2k/0878.png/sigma_0.200,div2k,0878.png,0.20000000298023224,U-Tikhonov T16/CG64,U-Tikhonov T16/CG32,SSIM,-0.0057814717292785645
div2k,div2k/0879.png/sigma_0.200,div2k,0879.png,0.20000000298023224,U-Tikhonov T16/CG64,U-Tikhonov T16/CG32,SSIM,-0.003756582736968994
div2k,div2k/0880.png/sigma_0.200,div2k,0880.png,0.20000000298023224,U-Tikhonov T16/CG64,U-Tikhonov T16/CG32,SSIM,-0.004563689231872559
div2k,div2k/0881.png/sigma_0.200,div2k,0881.png,0.20000000298023224,U-Tikhonov T16/CG64,U-Tikhonov T16/CG32,SSIM,-0.003898024559020996
div2k,div2k/0882.png/sigma_0.200,div2k,0882.png,0.20000000298023224,U-Tikhonov T16/CG64,U-Tikhonov T16/CG32,SSIM,-0.005439639091491699
div2k,div2k/0883.png/sigma_0.200,div2k,0883.png,0.20000000298023224,U-Tikhonov T16/CG64,U-Tikhonov T16/CG32,SSIM,-0.006439328193664551
div2k,div2k/0884.png/sigma_0.200,div2k,0884.png,0.20000000298023224,U-Tikhonov T16/CG64,U-Tikhonov T16/CG32,SSIM,-0.006551504135131836
div2k,div2k/0885.png/sigma_0.200,div2k,0885.png,0.20000000298023224,U-Tikhonov T16/CG64,U-Tikhonov T16/CG32,SSIM,-0.0025458931922912598
div2k,div2k/0886.png/sigma_0.200,div2k,0886.png,0.20000000298023224,U-Tikhonov T16/CG64,U-Tikhonov T16/CG32,SSIM,-0.004171431064605713
div2k,div2k/0887.png/sigma_0.200,div2k,0887.png,0.20000000298023224,U-Tikhonov T16/CG64,U-Tikhonov T16/CG32,SSIM,-0.0038520097732543945
div2k,div2k/0888.png/sigma_0.200,div2k,0888.png,0.20000000298023224,U-Tikhonov T16/CG64,U-Tikhonov T16/CG32,SSIM,-0.004618167877197266
div2k,div2k/0889.png/sigma_0.200,div2k,0889.png,0.20000000298023224,U-Tikhonov T16/CG64,U-Tikhonov T16/CG32,SSIM,-0.010204613208770752
div2k,div2k/0890.png/sigma_0.200,div2k,0890.png,0.20000000298023224,U-Tikhonov T16/CG64,U-Tikhonov T16/CG32,SSIM,-0.003018319606781006
div2k,div2k/0891.png/sigma_0.200,div2k,0891.png,0.20000000298023224,U-Tikhonov T16/CG64,U-Tikhonov T16/CG32,SSIM,-0.005816936492919922
div2k,div2k/0892.png/sigma_0.200,div2k,0892.png,0.20000000298023224,U-Tikhonov T16/CG64,U-Tikhonov T16/CG32,SSIM,-0.014120697975158691
div2k,div2k/0893.png/sigma_0.200,div2k,0893.png,0.20000000298023224,U-Tikhonov T16/CG64,U-Tikhonov T16/CG32,SSIM,-0.006442248821258545
div2k,div2k/0894.png/sigma_0.200,div2k,0894.png,0.20000000298023224,U-Tikhonov T16/CG64,U-Tikhonov T16/CG32,SSIM,4.5299530029296875e-05
div2k,div2k/0895.png/sigma_0.200,div2k,0895.png,0.20000000298023224,U-Tikhonov T16/CG64,U-Tikhonov T16/CG32,SSIM,-0.0006225705146789551
div2k,div2k/0896.png/sigma_0.200,div2k,0896.png,0.20000000298023224,U-Tikhonov T16/CG64,U-Tikhonov T16/CG32,SSIM,-0.002750873565673828
div2k,div2k/0897.png/sigma_0.200,div2k,0897.png,0.20000000298023224,U-Tikhonov T16/CG64,U-Tikhonov T16/CG32,SSIM,-0.0313606858253479
div2k,div2k/0898.png/sigma_0.200,div2k,0898.png,0.20000000298023224,U-Tikhonov T16/CG64,U-Tikhonov T16/CG32,SSIM,-0.002106606960296631
div2k,div2k/0899.png/sigma_0.200,div2k,0899.png,0.20000000298023224,U-Tikhonov T16/CG64,U-Tikhonov T16/CG32,SSIM,-0.008409082889556885
div2k,div2k/0900.png/sigma_0.200,div2k,0900.png,0.20000000298023224,U-Tikhonov T16/CG64,U-Tikhonov T16/CG32,SSIM,-0.0044324398040771484
geometry,geometry/square_gradient.png/sigma_0.050,geometry,square_gradient.png,0.05000000074505806,U-Tikhonov T16/CG32,U-Tikhonov T4/CG32,PSNR,-0.13409805297851562
geometry,geometry/step_edge.png/sigma_0.050,geometry,step_edge.png,0.05000000074505806,U-Tikhonov T16/CG32,U-Tikhonov T4/CG32,PSNR,1.0826492309570312
geometry,geometry/disk.png/sigma_0.050,geometry,disk.png,0.05000000074505806,U-Tikhonov T16/CG32,U-Tikhonov T4/CG32,PSNR,0.9405975341796875
geometry,geometry/triangle.png/sigma_0.050,geometry,triangle.png,0.05000000074505806,U-Tikhonov T16/CG32,U-Tikhonov T4/CG32,PSNR,0.6352767944335938
geometry,geometry/nested_rectangles.png/sigma_0.050,geometry,nested_rectangles.png,0.05000000074505806,U-Tikhonov T16/CG32,U-Tikhonov T4/CG32,PSNR,0.708526611328125
geometry,geometry/square_gradient.png/sigma_0.050,geometry,square_gradient.png,0.05000000074505806,U-Tikhonov T16/CG32,U-Tikhonov T4/CG32,SSIM,0.0035592317581176758
geometry,geometry/step_edge.png/sigma_0.050,geometry,step_edge.png,0.05000000074505806,U-Tikhonov T16/CG32,U-Tikhonov T4/CG32,SSIM,0.012871980667114258
geometry,geometry/disk.png/sigma_0.050,geometry,disk.png,0.05000000074505806,U-Tikhonov T16/CG32,U-Tikhonov T4/CG32,SSIM,0.012877106666564941
geometry,geometry/triangle.png/sigma_0.050,geometry,triangle.png,0.05000000074505806,U-Tikhonov T16/CG32,U-Tikhonov T4/CG32,SSIM,0.01158815622329712
geometry,geometry/nested_rectangles.png/sigma_0.050,geometry,nested_rectangles.png,0.05000000074505806,U-Tikhonov T16/CG32,U-Tikhonov T4/CG32,SSIM,0.01160210371017456
geometry,geometry/square_gradient.png/sigma_0.050,geometry,square_gradient.png,0.05000000074505806,U-Tikhonov T16/CG64,U-Tikhonov T4/CG64,PSNR,0.6226119995117188
geometry,geometry/step_edge.png/sigma_0.050,geometry,step_edge.png,0.05000000074505806,U-Tikhonov T16/CG64,U-Tikhonov T4/CG64,PSNR,1.7900924682617188
geometry,geometry/disk.png/sigma_0.050,geometry,disk.png,0.05000000074505806,U-Tikhonov T16/CG64,U-Tikhonov T4/CG64,PSNR,1.1321640014648438
geometry,geometry/triangle.png/sigma_0.050,geometry,triangle.png,0.05000000074505806,U-Tikhonov T16/CG64,U-Tikhonov T4/CG64,PSNR,1.3776092529296875
geometry,geometry/nested_rectangles.png/sigma_0.050,geometry,nested_rectangles.png,0.05000000074505806,U-Tikhonov T16/CG64,U-Tikhonov T4/CG64,PSNR,1.4568138122558594
geometry,geometry/square_gradient.png/sigma_0.050,geometry,square_gradient.png,0.05000000074505806,U-Tikhonov T16/CG64,U-Tikhonov T4/CG64,SSIM,0.0039016008377075195
geometry,geometry/step_edge.png/sigma_0.050,geometry,step_edge.png,0.05000000074505806,U-Tikhonov T16/CG64,U-Tikhonov T4/CG64,SSIM,0.013233602046966553
geometry,geometry/disk.png/sigma_0.050,geometry,disk.png,0.05000000074505806,U-Tikhonov T16/CG64,U-Tikhonov T4/CG64,SSIM,0.012545526027679443
geometry,geometry/triangle.png/sigma_0.050,geometry,triangle.png,0.05000000074505806,U-Tikhonov T16/CG64,U-Tikhonov T4/CG64,SSIM,0.011774957180023193
geometry,geometry/nested_rectangles.png/sigma_0.050,geometry,nested_rectangles.png,0.05000000074505806,U-Tikhonov T16/CG64,U-Tikhonov T4/CG64,SSIM,0.01245969533920288
geometry,geometry/square_gradient.png/sigma_0.050,geometry,square_gradient.png,0.05000000074505806,U-Tikhonov T4/CG64,U-Tikhonov T4/CG32,PSNR,-1.0102500915527344
geometry,geometry/step_edge.png/sigma_0.050,geometry,step_edge.png,0.05000000074505806,U-Tikhonov T4/CG64,U-Tikhonov T4/CG32,PSNR,-1.6761894226074219
geometry,geometry/disk.png/sigma_0.050,geometry,disk.png,0.05000000074505806,U-Tikhonov T4/CG64,U-Tikhonov T4/CG32,PSNR,-0.3453941345214844
geometry,geometry/triangle.png/sigma_0.050,geometry,triangle.png,0.05000000074505806,U-Tikhonov T4/CG64,U-Tikhonov T4/CG32,PSNR,-0.19363784790039062
geometry,geometry/nested_rectangles.png/sigma_0.050,geometry,nested_rectangles.png,0.05000000074505806,U-Tikhonov T4/CG64,U-Tikhonov T4/CG32,PSNR,-0.6746788024902344
geometry,geometry/square_gradient.png/sigma_0.050,geometry,square_gradient.png,0.05000000074505806,U-Tikhonov T4/CG64,U-Tikhonov T4/CG32,SSIM,-0.0007831454277038574
geometry,geometry/step_edge.png/sigma_0.050,geometry,step_edge.png,0.05000000074505806,U-Tikhonov T4/CG64,U-Tikhonov T4/CG32,SSIM,-0.0008908510208129883
geometry,geometry/disk.png/sigma_0.050,geometry,disk.png,0.05000000074505806,U-Tikhonov T4/CG64,U-Tikhonov T4/CG32,SSIM,-0.0008504390716552734
geometry,geometry/triangle.png/sigma_0.050,geometry,triangle.png,0.05000000074505806,U-Tikhonov T4/CG64,U-Tikhonov T4/CG32,SSIM,-0.0014973878860473633
geometry,geometry/nested_rectangles.png/sigma_0.050,geometry,nested_rectangles.png,0.05000000074505806,U-Tikhonov T4/CG64,U-Tikhonov T4/CG32,SSIM,-0.0014846324920654297
geometry,geometry/square_gradient.png/sigma_0.050,geometry,square_gradient.png,0.05000000074505806,U-Tikhonov T16/CG64,U-Tikhonov T16/CG32,PSNR,-0.2535400390625
geometry,geometry/step_edge.png/sigma_0.050,geometry,step_edge.png,0.05000000074505806,U-Tikhonov T16/CG64,U-Tikhonov T16/CG32,PSNR,-0.9687461853027344
geometry,geometry/disk.png/sigma_0.050,geometry,disk.png,0.05000000074505806,U-Tikhonov T16/CG64,U-Tikhonov T16/CG32,PSNR,-0.15382766723632812
geometry,geometry/triangle.png/sigma_0.050,geometry,triangle.png,0.05000000074505806,U-Tikhonov T16/CG64,U-Tikhonov T16/CG32,PSNR,0.5486946105957031
geometry,geometry/nested_rectangles.png/sigma_0.050,geometry,nested_rectangles.png,0.05000000074505806,U-Tikhonov T16/CG64,U-Tikhonov T16/CG32,PSNR,0.0736083984375
geometry,geometry/square_gradient.png/sigma_0.050,geometry,square_gradient.png,0.05000000074505806,U-Tikhonov T16/CG64,U-Tikhonov T16/CG32,SSIM,-0.00044077634811401367
geometry,geometry/step_edge.png/sigma_0.050,geometry,step_edge.png,0.05000000074505806,U-Tikhonov T16/CG64,U-Tikhonov T16/CG32,SSIM,-0.0005292296409606934
geometry,geometry/disk.png/sigma_0.050,geometry,disk.png,0.05000000074505806,U-Tikhonov T16/CG64,U-Tikhonov T16/CG32,SSIM,-0.0011820197105407715
geometry,geometry/triangle.png/sigma_0.050,geometry,triangle.png,0.05000000074505806,U-Tikhonov T16/CG64,U-Tikhonov T16/CG32,SSIM,-0.001310586929321289
geometry,geometry/nested_rectangles.png/sigma_0.050,geometry,nested_rectangles.png,0.05000000074505806,U-Tikhonov T16/CG64,U-Tikhonov T16/CG32,SSIM,-0.0006270408630371094
geometry,geometry/square_gradient.png/sigma_0.100,geometry,square_gradient.png,0.10000000149011612,U-Tikhonov T16/CG32,U-Tikhonov T4/CG32,PSNR,0.20339202880859375
geometry,geometry/step_edge.png/sigma_0.100,geometry,step_edge.png,0.10000000149011612,U-Tikhonov T16/CG32,U-Tikhonov T4/CG32,PSNR,1.3033103942871094
geometry,geometry/disk.png/sigma_0.100,geometry,disk.png,0.10000000149011612,U-Tikhonov T16/CG32,U-Tikhonov T4/CG32,PSNR,1.2359619140625
geometry,geometry/triangle.png/sigma_0.100,geometry,triangle.png,0.10000000149011612,U-Tikhonov T16/CG32,U-Tikhonov T4/CG32,PSNR,1.6786346435546875
geometry,geometry/nested_rectangles.png/sigma_0.100,geometry,nested_rectangles.png,0.10000000149011612,U-Tikhonov T16/CG32,U-Tikhonov T4/CG32,PSNR,0.8990592956542969
geometry,geometry/square_gradient.png/sigma_0.100,geometry,square_gradient.png,0.10000000149011612,U-Tikhonov T16/CG32,U-Tikhonov T4/CG32,SSIM,0.024785876274108887
geometry,geometry/step_edge.png/sigma_0.100,geometry,step_edge.png,0.10000000149011612,U-Tikhonov T16/CG32,U-Tikhonov T4/CG32,SSIM,0.046441733837127686
geometry,geometry/disk.png/sigma_0.100,geometry,disk.png,0.10000000149011612,U-Tikhonov T16/CG32,U-Tikhonov T4/CG32,SSIM,0.045889437198638916
geometry,geometry/triangle.png/sigma_0.100,geometry,triangle.png,0.10000000149011612,U-Tikhonov T16/CG32,U-Tikhonov T4/CG32,SSIM,0.04441720247268677
geometry,geometry/nested_rectangles.png/sigma_0.100,geometry,nested_rectangles.png,0.10000000149011612,U-Tikhonov T16/CG32,U-Tikhonov T4/CG32,SSIM,0.04233229160308838
geometry,geometry/square_gradient.png/sigma_0.100,geometry,square_gradient.png,0.10000000149011612,U-Tikhonov T16/CG64,U-Tikhonov T4/CG64,PSNR,0.8525886535644531
geometry,geometry/step_edge.png/sigma_0.100,geometry,step_edge.png,0.10000000149011612,U-Tikhonov T16/CG64,U-Tikhonov T4/CG64,PSNR,2.2126731872558594
geometry,geometry/disk.png/sigma_0.100,geometry,disk.png,0.10000000149011612,U-Tikhonov T16/CG64,U-Tikhonov T4/CG64,PSNR,1.3198165893554688
geometry,geometry/triangle.png/sigma_0.100,geometry,triangle.png,0.10000000149011612,U-Tikhonov T16/CG64,U-Tikhonov T4/CG64,PSNR,1.0005264282226562
geometry,geometry/nested_rectangles.png/sigma_0.100,geometry,nested_rectangles.png,0.10000000149011612,U-Tikhonov T16/CG64,U-Tikhonov T4/CG64,PSNR,1.620513916015625
geometry,geometry/square_gradient.png/sigma_0.100,geometry,square_gradient.png,0.10000000149011612,U-Tikhonov T16/CG64,U-Tikhonov T4/CG64,SSIM,0.021884500980377197
geometry,geometry/step_edge.png/sigma_0.100,geometry,step_edge.png,0.10000000149011612,U-Tikhonov T16/CG64,U-Tikhonov T4/CG64,SSIM,0.04676854610443115
geometry,geometry/disk.png/sigma_0.100,geometry,disk.png,0.10000000149011612,U-Tikhonov T16/CG64,U-Tikhonov T4/CG64,SSIM,0.04154336452484131
geometry,geometry/triangle.png/sigma_0.100,geometry,triangle.png,0.10000000149011612,U-Tikhonov T16/CG64,U-Tikhonov T4/CG64,SSIM,0.038938820362091064
geometry,geometry/nested_rectangles.png/sigma_0.100,geometry,nested_rectangles.png,0.10000000149011612,U-Tikhonov T16/CG64,U-Tikhonov T4/CG64,SSIM,0.039693474769592285
geometry,geometry/square_gradient.png/sigma_0.100,geometry,square_gradient.png,0.10000000149011612,U-Tikhonov T4/CG64,U-Tikhonov T4/CG32,PSNR,-0.69915771484375
geometry,geometry/step_edge.png/sigma_0.100,geometry,step_edge.png,0.10000000149011612,U-Tikhonov T4/CG64,U-Tikhonov T4/CG32,PSNR,-1.2729988098144531
geometry,geometry/disk.png/sigma_0.100,geometry,disk.png,0.10000000149011612,U-Tikhonov T4/CG64,U-Tikhonov T4/CG32,PSNR,-0.2806739807128906
geometry,geometry/triangle.png/sigma_0.100,geometry,triangle.png,0.10000000149011612,U-Tikhonov T4/CG64,U-Tikhonov T4/CG32,PSNR,-0.07590484619140625
geometry,geometry/nested_rectangles.png/sigma_0.100,geometry,nested_rectangles.png,0.10000000149011612,U-Tikhonov T4/CG64,U-Tikhonov T4/CG32,PSNR,-0.8347091674804688
geometry,geometry/square_gradient.png/sigma_0.100,geometry,square_gradient.png,0.10000000149011612,U-Tikhonov T4/CG64,U-Tikhonov T4/CG32,SSIM,-0.0011495351791381836
geometry,geometry/step_edge.png/sigma_0.100,geometry,step_edge.png,0.10000000149011612,U-Tikhonov T4/CG64,U-Tikhonov T4/CG32,SSIM,-0.0011623501777648926
geometry,geometry/disk.png/sigma_0.100,geometry,disk.png,0.10000000149011612,U-Tikhonov T4/CG64,U-Tikhonov T4/CG32,SSIM,-0.0005483031272888184
geometry,geometry/triangle.png/sigma_0.100,geometry,triangle.png,0.10000000149011612,U-Tikhonov T4/CG64,U-Tikhonov T4/CG32,SSIM,-0.0012809038162231445
geometry,geometry/nested_rectangles.png/sigma_0.100,geometry,nested_rectangles.png,0.10000000149011612,U-Tikhonov T4/CG64,U-Tikhonov T4/CG32,SSIM,-0.0004868507385253906
geometry,geometry/square_gradient.png/sigma_0.100,geometry,square_gradient.png,0.10000000149011612,U-Tikhonov T16/CG64,U-Tikhonov T16/CG32,PSNR,-0.049961090087890625
geometry,geometry/step_edge.png/sigma_0.100,geometry,step_edge.png,0.10000000149011612,U-Tikhonov T16/CG64,U-Tikhonov T16/CG32,PSNR,-0.3636360168457031
geometry,geometry/disk.png/sigma_0.100,geometry,disk.png,0.10000000149011612,U-Tikhonov T16/CG64,U-Tikhonov T16/CG32,PSNR,-0.19681930541992188
geometry,geometry/triangle.png/sigma_0.100,geometry,triangle.png,0.10000000149011612,U-Tikhonov T16/CG64,U-Tikhonov T16/CG32,PSNR,-0.7540130615234375
geometry,geometry/nested_rectangles.png/sigma_0.100,geometry,nested_rectangles.png,0.10000000149011612,U-Tikhonov T16/CG64,U-Tikhonov T16/CG32,PSNR,-0.11325454711914062
geometry,geometry/square_gradient.png/sigma_0.100,geometry,square_gradient.png,0.10000000149011612,U-Tikhonov T16/CG64,U-Tikhonov T16/CG32,SSIM,-0.004050910472869873
geometry,geometry/step_edge.png/sigma_0.100,geometry,step_edge.png,0.10000000149011612,U-Tikhonov T16/CG64,U-Tikhonov T16/CG32,SSIM,-0.0008355379104614258
geometry,geometry/disk.png/sigma_0.100,geometry,disk.png,0.10000000149011612,U-Tikhonov T16/CG64,U-Tikhonov T16/CG32,SSIM,-0.004894375801086426
geometry,geometry/triangle.png/sigma_0.100,geometry,triangle.png,0.10000000149011612,U-Tikhonov T16/CG64,U-Tikhonov T16/CG32,SSIM,-0.006759285926818848
geometry,geometry/nested_rectangles.png/sigma_0.100,geometry,nested_rectangles.png,0.10000000149011612,U-Tikhonov T16/CG64,U-Tikhonov T16/CG32,SSIM,-0.0031256675720214844
geometry,geometry/square_gradient.png/sigma_0.150,geometry,square_gradient.png,0.15000000596046448,U-Tikhonov T16/CG32,U-Tikhonov T4/CG32,PSNR,0.40415191650390625
geometry,geometry/step_edge.png/sigma_0.150,geometry,step_edge.png,0.15000000596046448,U-Tikhonov T16/CG32,U-Tikhonov T4/CG32,PSNR,1.3364639282226562
geometry,geometry/disk.png/sigma_0.150,geometry,disk.png,0.15000000596046448,U-Tikhonov T16/CG32,U-Tikhonov T4/CG32,PSNR,1.2610511779785156
geometry,geometry/triangle.png/sigma_0.150,geometry,triangle.png,0.15000000596046448,U-Tikhonov T16/CG32,U-Tikhonov T4/CG32,PSNR,1.7959022521972656
geometry,geometry/nested_rectangles.png/sigma_0.150,geometry,nested_rectangles.png,0.15000000596046448,U-Tikhonov T16/CG32,U-Tikhonov T4/CG32,PSNR,0.9108867645263672
geometry,geometry/square_gradient.png/sigma_0.150,geometry,square_gradient.png,0.15000000596046448,U-Tikhonov T16/CG32,U-Tikhonov T4/CG32,SSIM,0.05515170097351074
geometry,geometry/step_edge.png/sigma_0.150,geometry,step_edge.png,0.15000000596046448,U-Tikhonov T16/CG32,U-Tikhonov T4/CG32,SSIM,0.08453863859176636
geometry,geometry/disk.png/sigma_0.150,geometry,disk.png,0.15000000596046448,U-Tikhonov T16/CG32,U-Tikhonov T4/CG32,SSIM,0.0814286470413208
geometry,geometry/triangle.png/sigma_0.150,geometry,triangle.png,0.15000000596046448,U-Tikhonov T16/CG32,U-Tikhonov T4/CG32,SSIM,0.07972532510757446
geometry,geometry/nested_rectangles.png/sigma_0.150,geometry,nested_rectangles.png,0.15000000596046448,U-Tikhonov T16/CG32,U-Tikhonov T4/CG32,SSIM,0.07659977674484253
geometry,geometry/square_gradient.png/sigma_0.150,geometry,square_gradient.png,0.15000000596046448,U-Tikhonov T16/CG64,U-Tikhonov T4/CG64,PSNR,0.7830543518066406
geometry,geometry/step_edge.png/sigma_0.150,geometry,step_edge.png,0.15000000596046448,U-Tikhonov T16/CG64,U-Tikhonov T4/CG64,PSNR,1.8203353881835938
geometry,geometry/disk.png/sigma_0.150,geometry,disk.png,0.15000000596046448,U-Tikhonov T16/CG64,U-Tikhonov T4/CG64,PSNR,1.2445144653320312
geometry,geometry/triangle.png/sigma_0.150,geometry,triangle.png,0.15000000596046448,U-Tikhonov T16/CG64,U-Tikhonov T4/CG64,PSNR,0.9951744079589844
geometry,geometry/nested_rectangles.png/sigma_0.150,geometry,nested_rectangles.png,0.15000000596046448,U-Tikhonov T16/CG64,U-Tikhonov T4/CG64,PSNR,1.4770145416259766
geometry,geometry/square_gradient.png/sigma_0.150,geometry,square_gradient.png,0.15000000596046448,U-Tikhonov T16/CG64,U-Tikhonov T4/CG64,SSIM,0.04854142665863037
geometry,geometry/step_edge.png/sigma_0.150,geometry,step_edge.png,0.15000000596046448,U-Tikhonov T16/CG64,U-Tikhonov T4/CG64,SSIM,0.08333468437194824
geometry,geometry/disk.png/sigma_0.150,geometry,disk.png,0.15000000596046448,U-Tikhonov T16/CG64,U-Tikhonov T4/CG64,SSIM,0.07475864887237549
geometry,geometry/triangle.png/sigma_0.150,geometry,triangle.png,0.15000000596046448,U-Tikhonov T16/CG64,U-Tikhonov T4/CG64,SSIM,0.07045614719390869
geometry,geometry/nested_rectangles.png/sigma_0.150,geometry,nested_rectangles.png,0.15000000596046448,U-Tikhonov T16/CG64,U-Tikhonov T4/CG64,SSIM,0.06780767440795898
geometry,geometry/square_gradient.png/sigma_0.150,geometry,square_gradient.png,0.15000000596046448,U-Tikhonov T4/CG64,U-Tikhonov T4/CG32,PSNR,-0.4307060241699219
geometry,geometry/step_edge.png/sigma_0.150,geometry,step_edge.png,0.15000000596046448,U-Tikhonov T4/CG64,U-Tikhonov T4/CG32,PSNR,-0.6470870971679688
geometry,geometry/disk.png/sigma_0.150,geometry,disk.png,0.15000000596046448,U-Tikhonov T4/CG64,U-Tikhonov T4/CG32,PSNR,-0.19695281982421875
geometry,geometry/triangle.png/sigma_0.150,geometry,triangle.png,0.15000000596046448,U-Tikhonov T4/CG64,U-Tikhonov T4/CG32,PSNR,-0.04974365234375
geometry,geometry/nested_rectangles.png/sigma_0.150,geometry,nested_rectangles.png,0.15000000596046448,U-Tikhonov T4/CG64,U-Tikhonov T4/CG32,PSNR,-0.7224216461181641
geometry,geometry/square_gradient.png/sigma_0.150,geometry,square_gradient.png,0.15000000596046448,U-Tikhonov T4/CG64,U-Tikhonov T4/CG32,SSIM,-0.0002244710922241211
geometry,geometry/step_edge.png/sigma_0.150,geometry,step_edge.png,0.15000000596046448,U-Tikhonov T4/CG64,U-Tikhonov T4/CG32,SSIM,8.225440979003906e-05
geometry,geometry/disk.png/sigma_0.150,geometry,disk.png,0.15000000596046448,U-Tikhonov T4/CG64,U-Tikhonov T4/CG32,SSIM,5.841255187988281e-06
geometry,geometry/triangle.png/sigma_0.150,geometry,triangle.png,0.15000000596046448,U-Tikhonov T4/CG64,U-Tikhonov T4/CG32,SSIM,0.0001208186149597168
geometry,geometry/nested_rectangles.png/sigma_0.150,geometry,nested_rectangles.png,0.15000000596046448,U-Tikhonov T4/CG64,U-Tikhonov T4/CG32,SSIM,0.003016173839569092
geometry,geometry/square_gradient.png/sigma_0.150,geometry,square_gradient.png,0.15000000596046448,U-Tikhonov T16/CG64,U-Tikhonov T16/CG32,PSNR,-0.0518035888671875
geometry,geometry/step_edge.png/sigma_0.150,geometry,step_edge.png,0.15000000596046448,U-Tikhonov T16/CG64,U-Tikhonov T16/CG32,PSNR,-0.16321563720703125
geometry,geometry/disk.png/sigma_0.150,geometry,disk.png,0.15000000596046448,U-Tikhonov T16/CG64,U-Tikhonov T16/CG32,PSNR,-0.21348953247070312
geometry,geometry/triangle.png/sigma_0.150,geometry,triangle.png,0.15000000596046448,U-Tikhonov T16/CG64,U-Tikhonov T16/CG32,PSNR,-0.8504714965820312
geometry,geometry/nested_rectangles.png/sigma_0.150,geometry,nested_rectangles.png,0.15000000596046448,U-Tikhonov T16/CG64,U-Tikhonov T16/CG32,PSNR,-0.1562938690185547
geometry,geometry/square_gradient.png/sigma_0.150,geometry,square_gradient.png,0.15000000596046448,U-Tikhonov T16/CG64,U-Tikhonov T16/CG32,SSIM,-0.006834745407104492
geometry,geometry/step_edge.png/sigma_0.150,geometry,step_edge.png,0.15000000596046448,U-Tikhonov T16/CG64,U-Tikhonov T16/CG32,SSIM,-0.0011216998100280762
geometry,geometry/disk.png/sigma_0.150,geometry,disk.png,0.15000000596046448,U-Tikhonov T16/CG64,U-Tikhonov T16/CG32,SSIM,-0.006664156913757324
geometry,geometry/triangle.png/sigma_0.150,geometry,triangle.png,0.15000000596046448,U-Tikhonov T16/CG64,U-Tikhonov T16/CG32,SSIM,-0.009148359298706055
geometry,geometry/nested_rectangles.png/sigma_0.150,geometry,nested_rectangles.png,0.15000000596046448,U-Tikhonov T16/CG64,U-Tikhonov T16/CG32,SSIM,-0.005775928497314453
geometry,geometry/square_gradient.png/sigma_0.200,geometry,square_gradient.png,0.20000000298023224,U-Tikhonov T16/CG32,U-Tikhonov T4/CG32,PSNR,0.4405651092529297
geometry,geometry/step_edge.png/sigma_0.200,geometry,step_edge.png,0.20000000298023224,U-Tikhonov T16/CG32,U-Tikhonov T4/CG32,PSNR,0.9039478302001953
geometry,geometry/disk.png/sigma_0.200,geometry,disk.png,0.20000000298023224,U-Tikhonov T16/CG32,U-Tikhonov T4/CG32,PSNR,0.9090633392333984
geometry,geometry/triangle.png/sigma_0.200,geometry,triangle.png,0.20000000298023224,U-Tikhonov T16/CG32,U-Tikhonov T4/CG32,PSNR,1.2541522979736328
geometry,geometry/nested_rectangles.png/sigma_0.200,geometry,nested_rectangles.png,0.20000000298023224,U-Tikhonov T16/CG32,U-Tikhonov T4/CG32,PSNR,0.7090320587158203
geometry,geometry/square_gradient.png/sigma_0.200,geometry,square_gradient.png,0.20000000298023224,U-Tikhonov T16/CG32,U-Tikhonov T4/CG32,SSIM,0.08767050504684448
geometry,geometry/step_edge.png/sigma_0.200,geometry,step_edge.png,0.20000000298023224,U-Tikhonov T16/CG32,U-Tikhonov T4/CG32,SSIM,0.12033939361572266
geometry,geometry/disk.png/sigma_0.200,geometry,disk.png,0.20000000298023224,U-Tikhonov T16/CG32,U-Tikhonov T4/CG32,SSIM,0.11442738771438599
geometry,geometry/triangle.png/sigma_0.200,geometry,triangle.png,0.20000000298023224,U-Tikhonov T16/CG32,U-Tikhonov T4/CG32,SSIM,0.11221837997436523
geometry,geometry/nested_rectangles.png/sigma_0.200,geometry,nested_rectangles.png,0.20000000298023224,U-Tikhonov T16/CG32,U-Tikhonov T4/CG32,SSIM,0.1073179841041565
geometry,geometry/square_gradient.png/sigma_0.200,geometry,square_gradient.png,0.20000000298023224,U-Tikhonov T16/CG64,U-Tikhonov T4/CG64,PSNR,0.6035938262939453
geometry,geometry/step_edge.png/sigma_0.200,geometry,step_edge.png,0.20000000298023224,U-Tikhonov T16/CG64,U-Tikhonov T4/CG64,PSNR,1.1045188903808594
geometry,geometry/disk.png/sigma_0.200,geometry,disk.png,0.20000000298023224,U-Tikhonov T16/CG64,U-Tikhonov T4/CG64,PSNR,0.9033565521240234
geometry,geometry/triangle.png/sigma_0.200,geometry,triangle.png,0.20000000298023224,U-Tikhonov T16/CG64,U-Tikhonov T4/CG64,PSNR,0.7550239562988281
geometry,geometry/nested_rectangles.png/sigma_0.200,geometry,nested_rectangles.png,0.20000000298023224,U-Tikhonov T16/CG64,U-Tikhonov T4/CG64,PSNR,1.14910888671875
geometry,geometry/square_gradient.png/sigma_0.200,geometry,square_gradient.png,0.20000000298023224,U-Tikhonov T16/CG64,U-Tikhonov T4/CG64,SSIM,0.07939416170120239
geometry,geometry/step_edge.png/sigma_0.200,geometry,step_edge.png,0.20000000298023224,U-Tikhonov T16/CG64,U-Tikhonov T4/CG64,SSIM,0.11819285154342651
geometry,geometry/disk.png/sigma_0.200,geometry,disk.png,0.20000000298023224,U-Tikhonov T16/CG64,U-Tikhonov T4/CG64,SSIM,0.10685640573501587
geometry,geometry/triangle.png/sigma_0.200,geometry,triangle.png,0.20000000298023224,U-Tikhonov T16/CG64,U-Tikhonov T4/CG64,SSIM,0.10063040256500244
geometry,geometry/nested_rectangles.png/sigma_0.200,geometry,nested_rectangles.png,0.20000000298023224,U-Tikhonov T16/CG64,U-Tikhonov T4/CG64,SSIM,0.09455108642578125
geometry,geometry/square_gradient.png/sigma_0.200,geometry,square_gradient.png,0.20000000298023224,U-Tikhonov T4/CG64,U-Tikhonov T4/CG32,PSNR,-0.25252723693847656
geometry,geometry/step_edge.png/sigma_0.200,geometry,step_edge.png,0.20000000298023224,U-Tikhonov T4/CG64,U-Tikhonov T4/CG32,PSNR,-0.2736797332763672
geometry,geometry/disk.png/sigma_0.200,geometry,disk.png,0.20000000298023224,U-Tikhonov T4/CG64,U-Tikhonov T4/CG32,PSNR,-0.12490272521972656
geometry,geometry/triangle.png/sigma_0.200,geometry,triangle.png,0.20000000298023224,U-Tikhonov T4/CG64,U-Tikhonov T4/CG32,PSNR,-0.022192001342773438
geometry,geometry/nested_rectangles.png/sigma_0.200,geometry,nested_rectangles.png,0.20000000298023224,U-Tikhonov T4/CG64,U-Tikhonov T4/CG32,PSNR,-0.5532321929931641
geometry,geometry/square_gradient.png/sigma_0.200,geometry,square_gradient.png,0.20000000298023224,U-Tikhonov T4/CG64,U-Tikhonov T4/CG32,SSIM,0.0008745789527893066
geometry,geometry/step_edge.png/sigma_0.200,geometry,step_edge.png,0.20000000298023224,U-Tikhonov T4/CG64,U-Tikhonov T4/CG32,SSIM,0.0012124180793762207
geometry,geometry/disk.png/sigma_0.200,geometry,disk.png,0.20000000298023224,U-Tikhonov T4/CG64,U-Tikhonov T4/CG32,SSIM,0.0007708072662353516
geometry,geometry/triangle.png/sigma_0.200,geometry,triangle.png,0.20000000298023224,U-Tikhonov T4/CG64,U-Tikhonov T4/CG32,SSIM,0.001657724380493164
geometry,geometry/nested_rectangles.png/sigma_0.200,geometry,nested_rectangles.png,0.20000000298023224,U-Tikhonov T4/CG64,U-Tikhonov T4/CG32,SSIM,0.004970431327819824
geometry,geometry/square_gradient.png/sigma_0.200,geometry,square_gradient.png,0.20000000298023224,U-Tikhonov T16/CG64,U-Tikhonov T16/CG32,PSNR,-0.08949851989746094
geometry,geometry/step_edge.png/sigma_0.200,geometry,step_edge.png,0.20000000298023224,U-Tikhonov T16/CG64,U-Tikhonov T16/CG32,PSNR,-0.07310867309570312
geometry,geometry/disk.png/sigma_0.200,geometry,disk.png,0.20000000298023224,U-Tikhonov T16/CG64,U-Tikhonov T16/CG32,PSNR,-0.13060951232910156
geometry,geometry/triangle.png/sigma_0.200,geometry,triangle.png,0.20000000298023224,U-Tikhonov T16/CG64,U-Tikhonov T16/CG32,PSNR,-0.5213203430175781
geometry,geometry/nested_rectangles.png/sigma_0.200,geometry,nested_rectangles.png,0.20000000298023224,U-Tikhonov T16/CG64,U-Tikhonov T16/CG32,PSNR,-0.11315536499023438
geometry,geometry/square_gradient.png/sigma_0.200,geometry,square_gradient.png,0.20000000298023224,U-Tikhonov T16/CG64,U-Tikhonov T16/CG32,SSIM,-0.007401764392852783
geometry,geometry/step_edge.png/sigma_0.200,geometry,step_edge.png,0.20000000298023224,U-Tikhonov T16/CG64,U-Tikhonov T16/CG32,SSIM,-0.0009341239929199219
geometry,geometry/disk.png/sigma_0.200,geometry,disk.png,0.20000000298023224,U-Tikhonov T16/CG64,U-Tikhonov T16/CG32,SSIM,-0.006800174713134766
geometry,geometry/triangle.png/sigma_0.200,geometry,triangle.png,0.20000000298023224,U-Tikhonov T16/CG64,U-Tikhonov T16/CG32,SSIM,-0.009930253028869629
geometry,geometry/nested_rectangles.png/sigma_0.200,geometry,nested_rectangles.png,0.20000000298023224,U-Tikhonov T16/CG64,U-Tikhonov T16/CG32,SSIM,-0.00779646635055542
