method,idx,base_idx,crop_id,path,sample_id,dataset,image_name,noise_seed,clean_sha256,noisy_sha256,sigma,noisy_mse,noisy_psnr,noisy_ssim,recon_mse,recon_psnr,recon_ssim,lambda_mean,lambda_std,lambda_min,lambda_max,lambda_p01,lambda_median,lambda_p99,lambda_lower_saturation_fraction,lambda_upper_saturation_fraction
U-Tikhonov T16/CG32,0,0,0,/Users/kyrillguba/Documents/Data Analytics MSc/Thesis/Python/First Try/data/DIV2K/DIV2K_valid_HR/0801.png,div2k/0801.png/sigma_0.050,div2k,0801.png,20000,9ca598cce3296c3968a2f8f7685477f637dbdbbb9d4efb1cd418ca185bd31eef,23816f670e12ef763ffa26e17d479c22563b12b91b944922e6e872ff0e91ddd9,0.05000000074505806,0.002490886254236102,26.036462783813477,0.8823994398117065,0.0013512191362679005,28.6927433013916,0.9308987259864807,0.6394615173339844,1.1668463945388794,0.006014535669237375,32.281497955322266,0.030233807861804962,0.3053988516330719,5.089405536651611,0.5316925048828125,0.0
U-Tikhonov T16/CG32,1,1,0,/Users/kyrillguba/Documents/Data Analytics MSc/Thesis/Python/First Try/data/DIV2K/DIV2K_valid_HR/0802.png,div2k/0802.png/sigma_0.050,div2k,0802.png,20001,3177c80331fb32ceee70ac3ef64d2e56a1bce05ea8a9c0b664e2592552554742,d7445e9bbede99adf4b19b227f2355615e482ee7cff23a13638b786e6b30c394,0.05000000074505806,0.002405831590294838,26.187347412109375,0.9328572154045105,0.0008765417151153088,30.572277069091797,0.9753933548927307,0.7380131483078003,1.8066998720169067,0.004323543980717659,33.242332458496094,0.030682511627674103,0.31526482105255127,7.8944525718688965,0.5204620361328125,0.00018310546875
U-Tikhonov T16/CG32,2,2,0,/Users/kyrillguba/Documents/Data Analytics MSc/Thesis/Python/First Try/data/DIV2K/DIV2K_valid_HR/0803.png,div2k/0803.png/sigma_0.050,div2k,0803.png,20002,671a4205d217354c075117f716a83d9a5ef2b4c921475de333f15ac8882c9356,b5a7166a3bd623d88ad5e32920e020aa9881a7f9602b957908661d9ad5911f05,0.05000000074505806,0.002532033249735832,25.965307235717773,0.7820858955383301,0.0005474835634231567,32.61628723144531,0.9581142663955688,1.5506463050842285,1.8689112663269043,0.0019354040268808603,30.830608367919922,0.026275286450982094,0.9979928731918335,8.904650688171387,0.2176055908203125,0.0
U-Tikhonov T16/CG32,3,3,0,/Users/kyrillguba/Documents/Data Analytics MSc/Thesis/Python/First Try/data/DIV2K/DIV2K_valid_HR/0804.png,div2k/0804.png/sigma_0.050,div2k,0804.png,20003,f95563d4b6e58b102c165eeec7f7e1ba2608e12c3a331510949f0cce842149ea,8156d77cd656fb19dfebf51512b4d5696d40aeafb0bde5085e54bd36695252c2,0.05000000074505806,0.00246782717294991,26.076852798461914,0.8910704851150513,0.0011371325235813856,29.4418888092041,0.9506874084472656,1.179013729095459,2.922041893005371,0.0023829687852412462,33.28067398071289,0.01902361772954464,0.3348706364631653,15.425317764282227,0.49859619140625,0.0003662109375
U-Tikhonov T16/CG32,4,4,0,/Users/kyrillguba/Documents/Data Analytics MSc/Thesis/Python/First Try/data/DIV2K/DIV2K_valid_HR/0805.png,div2k/0805.png/sigma_0.050,div2k,0805.png,20004,bac34b49da4033070da28c152ece5c527c7274eafed4e320f3e7258274a93177,d733ca341fa83d639b60a0d5d843dcd82077f7873c9129c0080f5cd10352a039,0.05000000074505806,0.002380685182288289,26.232982635498047,0.8473595976829529,0.001081978203728795,29.657814025878906,0.9177060127258301,0.985541582107544,1.7056609392166138,0.00585950817912817,33.27927017211914,0.04616018757224083,0.5349242687225342,7.71535062789917,0.3363494873046875,0.000244140625
U-Tikhonov T16/CG32,5,5,0,/Users/kyrillguba/Documents/Data Analytics MSc/Thesis/Python/First Try/data/DIV2K/DIV2K_valid_HR/0806.png,div2k/0806.png/sigma_0.050,div2k,0806.png,20005,befc31ea0c7663db0351a7238adfea3153639f5dfa13cb7cacfd757a46539d49,f1db7de87fc069e24df1302f21e8934d1fe35cda4374b9a2915d579081ffa22f,0.05000000074505806,0.002493798965588212,26.031387329101562,0.7556111812591553,0.0006843146402388811,31.647441864013672,0.9425156712532043,2.4610235691070557,3.2226200103759766,0.006187458522617817,33.28131103515625,0.049549322575330734,1.3457566499710083,15.17261791229248,0.187286376953125,0.0006256103515625
U-Tikhonov T16/CG32,6,6,0,/Users/kyrillguba/Documents/Data Analytics MSc/Thesis/Python/First Try/data/DIV2K/DIV2K_valid_HR/0807.png,div2k/0807.png/sigma_0.050,div2k,0807.png,20006,1e941eaeed69e78250491fe2c5b2f458f2f36301b8aa701227bd408f852fa572,1472dc7dc1cc2319794d51c25542091f03a175962d768447565a84affad77cfd,0.05000000074505806,0.002496341709047556,26.026958465576172,0.8193234205245972,0.0013974595349282026,28.546607971191406,0.9111340045928955,1.7742044925689697,3.1750614643096924,0.01160426065325737,33.272064208984375,0.050068918615579605,0.5803267359733582,16.430788040161133,0.345947265625,0.0002899169921875
U-Tikhonov T16/CG32,7,7,0,/Users/kyrillguba/Documents/Data Analytics MSc/Thesis/Python/First Try/data/DIV2K/DIV2K_valid_HR/0808.png,div2k/0808.png/sigma_0.050,div2k,0808.png,20007,9666b1dba93f470d95570471f38f195acafae585deefb8498b5ebb625df94e78,d66335dc80e7b4534f5e2fb398b20473ab46ef15dfb587f54f4af7a3bb09f04b,0.05000000074505806,0.002448369050398469,26.111230850219727,0.619567334651947,0.0006018634885549545,32.205020904541016,0.9536662101745605,7.386811256408691,8.547871589660645,0.0018929882207885385,33.281341552734375,0.03025035560131073,4.57840633392334,33.28123092651367,0.188446044921875,0.0273590087890625
U-Tikhonov T16/CG32,8,8,0,/Users/kyrillguba/Documents/Data Analytics MSc/Thesis/Python/First Try/data/DIV2K/DIV2K_valid_HR/0809.png,div2k/0809.png/sigma_0.050,div2k,0809.png,20008,f57d7f591d2770efb0162e925acaaef8e4ce467e58b7a54d53de058959be9978,8903d3b02e67898ce2ed33bc80a2e01b939b43396cb49d7dd57604d18f78a597,0.05000000074505806,0.002490770537406206,26.036663055419922,0.8125088214874268,0.0009783855639398098,30.094900131225586,0.896713137626648,0.9226521253585815,1.361128807067871,0.009330764412879944,29.355833053588867,0.05878022313117981,0.4490920305252075,6.579955577850342,0.3810882568359375,0.0
U-Tikhonov T16/CG32,9,9,0,/Users/kyrillguba/Documents/Data Analytics MSc/Thesis/Python/First Try/data/DIV2K/DIV2K_valid_HR/0810.png,div2k/0810.png/sigma_0.050,div2k,0810.png,20009,50cf8d799292c4a6f6c23b4a8f1d0c08015da9c6e74d9109a31efdb1eb5d9df3,dcf29b2f5a250c88dd457f9bb2447b76c18db7a9927223d0768af7ff6648da6b,0.05000000074505806,0.002494839718565345,26.02957534790039,0.753049373626709,0.0008383665699511766,30.76565933227539,0.9208012819290161,1.6328024864196777,2.0011794567108154,0.012559853494167328,30.977619171142578,0.06412426382303238,0.9125820994377136,8.740368843078613,0.248321533203125,0.0
U-Tikhonov T16/CG32,10,10,0,/Users/kyrillguba/Documents/Data Analytics MSc/Thesis/Python/First Try/data/DIV2K/DIV2K_valid_HR/0811.png,div2k/0811.png/sigma_0.050,div2k,0811.png,20010,ceab700e5944238d72f4ec94852a5ee6b9c353c54281c96ee7c6e9b9f2a16308,f3793a053731a43e46584eff4ba09ac27005d714369da0431660236cc1f7603d,0.05000000074505806,0.0023965993896126747,26.204044342041016,0.7875660061836243,0.0010500727221369743,29.78780746459961,0.8878679275512695,2.4360737800598145,5.117673397064209,0.009706609882414341,33.281341552734375,0.05836375802755356,0.6522155404090881,32.58345031738281,0.2964935302734375,0.0090789794921875
U-Tikhonov T16/CG32,11,11,0,/Users/kyrillguba/Documents/Data Analytics MSc/Thesis/Python/First Try/data/DIV2K/DIV2K_valid_HR/0812.png,div2k/0812.png/sigma_0.050,div2k,0812.png,20011,5f26939fc07611061a96f2a386a77ffd9251b83abf26ac7ecb5a44dcae97187b,919cc1a5d8a61b4c91c622ef576f74f9f44f8fb13fda2e0dfc41f0b357ad5295,0.05000000074505806,0.0024693645536899567,26.07415008544922,0.7905488014221191,0.0009574510622769594,30.18883514404297,0.9473651051521301,3.9900801181793213,7.572620391845703,0.0016081250505521894,33.281341552734375,0.018676327541470528,0.6685543060302734,33.281211853027344,0.3411712646484375,0.0203704833984375
U-Tikhonov T16/CG32,12,12,0,/Users/kyrillguba/Documents/Data Analytics MSc/Thesis/Python/First Try/data/DIV2K/DIV2K_valid_HR/0813.png,div2k/0813.png/sigma_0.050,div2k,0813.png,20012,c34023db0a8b05fd8269a4d5afeb83670d5b08e7bce8d6c8cfe221a95b0e0b2f,09da1827ff8433374734cdb652e7754e505be3746d2bd8f568a47a328f217e48,0.05000000074505806,0.0023902326356619596,26.215599060058594,0.78742915391922,0.0008413814357481897,30.750072479248047,0.9494412541389465,2.9627952575683594,5.114832401275635,0.004287672229111195,33.281341552734375,0.02789696864783764,0.8903478384017944,26.272558212280273,0.3087005615234375,0.0031280517578125
U-Tikhonov T16/CG32,13,13,0,/Users/kyrillguba/Documents/Data Analytics MSc/Thesis/Python/First Try/data/DIV2K/DIV2K_valid_HR/0814.png,div2k/0814.png/sigma_0.050,div2k,0814.png,20013,9f544177fb7f24fc86ba1b0d9b9d0e664f093ce144600099ca215fbf1a3e3c25,5f24b789d2ca6124203a1a40f9b48b68594a011b101d6af1d89f4192185d3880,0.05000000074505806,0.0025069008115679026,26.008628845214844,0.5397735834121704,0.00048086518654599786,33.17976760864258,0.9645159244537354,17.47271156311035,14.776435852050781,0.006662431173026562,33.281341552734375,0.03147624060511589,17.85306167602539,33.281341552734375,0.1927642822265625,0.360443115234375
U-Tikhonov T16/CG32,14,14,0,/Users/kyrillguba/Documents/Data Analytics MSc/Thesis/Python/First Try/data/DIV2K/DIV2K_valid_HR/0815.png,div2k/0815.png/sigma_0.050,div2k,0815.png,20014,d8f2b2b3496e52c1ec43e3c5e28732516b24990b8a2361d1876240ad562db395,4bc908074575a440446f8cf3cf4b30d18b358574fd90c38c20b3cb36ffacc0a7,0.05000000074505806,0.0024913474917411804,26.035659790039062,0.8415508270263672,0.0008770385757088661,30.569812774658203,0.9420769810676575,0.8437432050704956,1.240443229675293,0.0038447948172688484,28.20006561279297,0.03154423460364342,0.46450433135032654,6.086669921875,0.3880462646484375,0.0
U-Tikhonov T16/CG32,15,15,0,/Users/kyrillguba/Documents/Data Analytics MSc/Thesis/Python/First Try/data/DIV2K/DIV2K_valid_HR/0816.png,div2k/0816.png/sigma_0.050,div2k,0816.png,20015,f457e7c932a8730df29263aaf8e3c3a2e54e7e68e543a34cdbc085f7c21edf50,26270b5dfe84c0e73a8ff05bef9d9a014fb181dc56a27ac120957e965c51768f,0.05000000074505806,0.002437438815832138,26.130664825439453,0.7617701888084412,0.0007093558087944984,31.49135971069336,0.936210036277771,2.9723377227783203,4.923330783843994,0.005491394083946943,33.273101806640625,0.04967798292636871,0.875564455986023,25.1840763092041,0.25982666015625,0.00048828125
U-Tikhonov T16/CG32,16,16,0,/Users/kyrillguba/Documents/Data Analytics MSc/Thesis/Python/First Try/data/DIV2K/DIV2K_valid_HR/0817.png,div2k/0817.png/sigma_0.050,div2k,0817.png,20016,b14c93dc0fd3fb833a2c04431c6af818313c8c6f744eb433dd1817a932b015cf,b801fc201be5316a38d52e45e3242185be6cfea63e2a2d06ec988398e7d15831,0.05000000074505806,0.0024598061572760344,26.090991973876953,0.7724976539611816,0.0008751631830818951,30.57910919189453,0.9373650550842285,4.5521016120910645,8.625086784362793,0.004662796854972839,33.281341552734375,0.035278432071208954,0.5798711776733398,33.271484375,0.371734619140625,0.0241851806640625
U-Tikhonov T16/CG32,17,17,0,/Users/kyrillguba/Documents/Data Analytics MSc/Thesis/Python/First Try/data/DIV2K/DIV2K_valid_HR/0818.png,div2k/0818.png/sigma_0.050,div2k,0818.png,20017,00f18d236ddc7fe3a937cdcb41ce31082a90c94b9370fc202c7dce18dd80ab2a,6e25b7b315cedeaf3b1345e37bb839678533ea4830e744337c069aa4068ebb47,0.05000000074505806,0.002381330356001854,26.23180389404297,0.7704674005508423,0.0009802649728953838,30.086565017700195,0.9543322920799255,3.220179557800293,5.223085403442383,0.0015311200404539704,33.281341552734375,0.02139698714017868,0.8024259805679321,26.425872802734375,0.391448974609375,0.0022125244140625
U-Tikhonov T16/CG32,18,18,0,/Users/kyrillguba/Documents/Data Analytics MSc/Thesis/Python/First Try/data/DIV2K/DIV2K_valid_HR/0819.png,div2k/0819.png/sigma_0.050,div2k,0819.png,20018,f7450c40d5c0aabdc2bd2a562302ca3993841849efca05e281ec4059186e528c,e2c9e38db76f472ef79bf0589b00d844dc99f0b0ae8f2b1ca50660bb265b55f3,0.05000000074505806,0.002463102340698242,26.085176467895508,0.8513132333755493,0.001179979182779789,29.28125762939453,0.915955662727356,1.1492409706115723,2.1380321979522705,0.0068308268673717976,32.91571044921875,0.04258716106414795,0.4751198887825012,10.854768753051758,0.382843017578125,0.0
U-Tikhonov T16/CG32,19,19,0,/Users/kyrillguba/Documents/Data Analytics MSc/Thesis/Python/First Try/data/DIV2K/DIV2K_valid_HR/0820.png,div2k/0820.png/sigma_0.050,div2k,0820.png,20019,ab2cf6ba20cc18bafee4976e8be3cbf4a6db4afea570ef888fdebb8c8e0616f2,a89f9759efbd13f1463a714dee8f0c3be158bc9ea3ee9998e63b5873af574aba,0.05000000074505806,0.002383555518463254,26.22774887084961,0.9048423767089844,0.002066479530185461,26.847688674926758,0.9199700355529785,1.8055250644683838,4.007779121398926,0.0004551603051368147,33.281341552734375,0.014467970468103886,0.3759096562862396,22.581525802612305,0.4746551513671875,0.0009918212890625
U-Tikhonov T16/CG32,20,20,0,/Users/kyrillguba/Documents/Data Analytics MSc/Thesis/Python/First Try/data/DIV2K/DIV2K_valid_HR/0821.png,div2k/0821.png/sigma_0.050,div2k,0821.png,20020,ebd02fa51f1a3ee91b6ca90bb58a444e53385dd1193938609708b71bca4504a0,3a232b4dd1b631ac0900a77b50cf182680b0cbe53c61bcbf44525f847a188d37,0.05000000074505806,0.0023471133317798376,26.294660568237305,0.960415780544281,0.002002542372792959,26.98418426513672,0.9682943820953369,1.024543285369873,3.2052390575408936,0.0009160673362202942,33.24783706665039,0.007417659740895033,0.14150208234786987,19.09609603881836,0.6766357421875,9.1552734375e-05
U-Tikhonov T16/CG32,21,21,0,/Users/kyrillguba/Documents/Data Analytics MSc/Thesis/Python/First Try/data/DIV2K/DIV2K_valid_HR/0822.png,div2k/0822.png/sigma_0.050,div2k,0822.png,20021,86c801c8390b132b94a9efaeb7a9bad9acdd1212e41d91d44b44811708142963,0abc4f2e4adb5c790e30b77f7a3bc5fd1c970677069733ba10dea91d014706c6,0.05000000074505806,0.0024247164838016033,26.153392791748047,0.8965033292770386,0.0014317067107185721,28.44145965576172,0.9267676472663879,0.7437187433242798,1.9199905395507812,0.004920340143144131,33.2680549621582,0.03186279162764549,0.27440762519836426,9.131732940673828,0.5707550048828125,7.62939453125e-05
U-Tikhonov T16/CG32,22,22,0,/Users/kyrillguba/Documents/Data Analytics MSc/Thesis/Python/First Try/data/DIV2K/DIV2K_valid_HR/0823.png,div2k/0823.png/sigma_0.050,div2k,0823.png,20022,ec11d2cf0a95684902842094c84e0956a3cd35920ef85f25ba677348927a365c,ecc7e76080791daa092510c6d95769995451494bc6f21cdd23927f4c4d05ff61,0.05000000074505806,0.002477123634889722,26.060523986816406,0.6903771758079529,0.0008995019597932696,30.459980010986328,0.9586902856826782,8.35021686553955,10.920733451843262,0.005103431176394224,33.281341552734375,0.02998797595500946,1.1022005081176758,33.28126525878906,0.366058349609375,0.037384033203125
U-Tikhonov T16/CG32,23,23,0,/Users/kyrillguba/Documents/Data Analytics MSc/Thesis/Python/First Try/data/DIV2K/DIV2K_valid_HR/0824.png,div2k/0824.png/sigma_0.050,div2k,0824.png,20023,5ce7bdee523a1299c6a42c3adbb96d0e62c2f40266823753b8c042edb8b10495,5485e4487caf59442732dd248ecdc0446d1a6a3cea2e30f31057a1f1d926dfda,0.05000000074505806,0.0024936094414442778,26.031719207763672,0.7650009393692017,0.00088196259457618,30.545499801635742,0.9407351613044739,2.897620677947998,4.467945098876953,0.0009394068038091063,33.281341552734375,0.014171655289828777,1.108737587928772,22.189085006713867,0.336029052734375,0.0013885498046875
U-Tikhonov T16/CG32,24,24,0,/Users/kyrillguba/Documents/Data Analytics MSc/Thesis/Python/First Try/data/DIV2K/DIV2K_valid_HR/0825.png,div2k/0825.png/sigma_0.050,div2k,0825.png,20024,0403db62808d832f7764170e8df2b8c78ad826e2a93d809f8cf6d018258b011a,bc6e5a307dbe58a3621972b9537080fd5f3d2199cb2f68c5d046aa5060925204,0.05000000074505806,0.002457178197801113,26.09563636779785,0.8984700441360474,0.001282928162254393,28.917978286743164,0.9436045289039612,1.1449555158615112,3.076932668685913,0.001014952315017581,33.281341552734375,0.014014465734362602,0.28906357288360596,15.740398406982422,0.5316009521484375,0.0026092529296875
U-Tikhonov T16/CG32,25,25,0,/Users/kyrillguba/Documents/Data Analytics MSc/Thesis/Python/First Try/data/DIV2K/DIV2K_valid_HR/0826.png,div2k/0826.png/sigma_0.050,div2k,0826.png,20025,b7fba61bcca359e5581b44283bbc34696cae71321e031969411ada23b17e2199,e4bbce3def7d8405d4344ccbb87a3e3514d162c19ded7bdc83423dff8e63a86f,0.05000000074505806,0.0024615353904664516,26.087940216064453,0.7617788314819336,0.0009168520919047296,30.37700843811035,0.9376022815704346,4.882667064666748,7.484426021575928,0.005052613094449043,33.281341552734375,0.03665810823440552,1.2620387077331543,32.71583557128906,0.2679901123046875,0.008880615234375
U-Tikhonov T16/CG32,26,26,0,/Users/kyrillguba/Documents/Data Analytics MSc/Thesis/Python/First Try/data/DIV2K/DIV2K_valid_HR/0827.png,div2k/0827.png/sigma_0.050,div2k,0827.png,20026,1a1d5ffbd89d79d7803cf86e2d8f6c75cd146872fd61e387fec71a904e384317,1496c25e0335fbb79b8ec66d7b213d8f9234cac6e48041bba99e2e5d80e935e7,0.05000000074505806,0.0023136702366173267,26.356985092163086,0.5827498435974121,0.00040963347419165075,33.87604522705078,0.8959550857543945,4.544317245483398,5.316348075866699,0.006515516433864832,33.28132247924805,0.05681675672531128,2.8225345611572266,28.30624771118164,0.1003875732421875,0.0027618408203125
U-Tikhonov T16/CG32,27,27,0,/Users/kyrillguba/Documents/Data Analytics MSc/Thesis/Python/First Try/data/DIV2K/DIV2K_valid_HR/0828.png,div2k/0828.png/sigma_0.050,div2k,0828.png,20027,3b7551ae7f737167932c3230707f7075368102b6732eb16bfe514fd471223ea4,7013204f2c9f35f44744aaf82ea3ca5f9bf7e7dd407635e6aaf84ccf14ef53ec,0.05000000074505806,0.0021302225068211555,26.71575164794922,0.8599305152893066,0.001884204102680087,27.248722076416016,0.9183655381202698,4.064836502075195,7.595373630523682,0.000940294994506985,33.281341552734375,0.0132671520113945,0.3707504868507385,33.13934326171875,0.4821319580078125,0.0124664306640625
U-Tikhonov T16/CG32,28,28,0,/Users/kyrillguba/Documents/Data Analytics MSc/Thesis/Python/First Try/data/DIV2K/DIV2K_valid_HR/0829.png,div2k/0829.png/sigma_0.050,div2k,0829.png,20028,7fef744df96a3f5b2077c74a59929852deb533e35d4804c7c745471471543ed7,8dd35903bf87baf7f5d0c90ed7a0cac8466aafd566d5b31b5cc24ba8dcbe1932,0.05000000074505806,0.0024739063810557127,26.0661678314209,0.724089503288269,0.0005993652157485485,32.223087310791016,0.9348591566085815,2.772854804992676,4.093758583068848,0.0026831470895558596,33.260093688964844,0.021733639761805534,1.19688081741333,19.92034149169922,0.20623779296875,0.000274658203125
U-Tikhonov T16/CG32,29,29,0,/Users/kyrillguba/Documents/Data Analytics MSc/Thesis/Python/First Try/data/DIV2K/DIV2K_valid_HR/0830.png,div2k/0830.png/sigma_0.050,div2k,0830.png,20029,33405798eea5a2bbd23d383a107f9127b4f5d220ad2d443bdb05db6049757a90,8b55cf2a7df2326b1fa79cbd98f9e02a3cb8714c7a9b4b166d2b7b5745e86e0f,0.05000000074505806,0.00250443397089839,26.01290512084961,0.6986998319625854,0.0008743531070649624,30.583131790161133,0.9078038930892944,4.044326305389404,5.305085182189941,0.006837857887148857,33.25299835205078,0.03287371248006821,1.9162472486495972,24.6522216796875,0.246185302734375,0.0009765625
U-Tikhonov T16/CG32,30,30,0,/Users/kyrillguba/Documents/Data Analytics MSc/Thesis/Python/First Try/data/DIV2K/DIV2K_valid_HR/0831.png,div2k/0831.png/sigma_0.050,div2k,0831.png,20030,37f625cf3b90622b2047f8f9b3e488dcb450cde9c639eb5f94e082ec5148792e,ed393efe56b6e94d5303c71ffa8d1c570e7f6ec97a04942870be360ce991e261,0.05000000074505806,0.002373534720391035,26.246044158935547,0.8587419986724854,0.0011395432520657778,29.432693481445312,0.9354363083839417,1.3950488567352295,2.8407273292541504,0.0028391515370458364,33.25847244262695,0.022394279018044472,0.4800373911857605,14.931408882141113,0.4058074951171875,0.00018310546875
U-Tikhonov T16/CG32,31,31,0,/Users/kyrillguba/Documents/Data Analytics MSc/Thesis/Python/First Try/data/DIV2K/DIV2K_valid_HR/0832.png,div2k/0832.png/sigma_0.050,div2k,0832.png,20031,678db3c6c13225750b6bb2ae62b3e9ffdbdb3491d462fa2451e73fea851ed64c,47467aa6d888ca85dda510d65c606bd0aa4cf5af67585f34ee3df773785323c9,0.05000000074505806,0.0023926645517349243,26.211181640625,0.8460536003112793,0.0010617213556542993,29.73989486694336,0.9447386860847473,1.7613885402679443,3.249624490737915,0.0036021587438881397,33.28130340576172,0.020936813205480576,0.552154541015625,16.36772918701172,0.3883819580078125,0.000457763671875
U-Tikhonov T16/CG32,32,32,0,/Users/kyrillguba/Documents/Data Analytics MSc/Thesis/Python/First Try/data/DIV2K/DIV2K_valid_HR/0833.png,div2k/0833.png/sigma_0.050,div2k,0833.png,20032,196e9aedca5a8ddb4904ed57c8a1a32e080164df130d093fbc86da6222f32553,3a714a2b62205ca61f3147b1676b945f820fff3acefe2f1e55754483d340f161,0.05000000074505806,0.00242267781868577,26.157045364379883,0.6686140298843384,0.0006739131640642881,31.713960647583008,0.966834306716919,6.945972442626953,9.027443885803223,0.002769411774352193,33.281341552734375,0.025334548205137253,2.106281280517578,32.92473602294922,0.226104736328125,0.0096893310546875
U-Tikhonov T16/CG32,33,33,0,/Users/kyrillguba/Documents/Data Analytics MSc/Thesis/Python/First Try/data/DIV2K/DIV2K_valid_HR/0834.png,div2k/0834.png/sigma_0.050,div2k,0834.png,20033,43cd5d3407a2ec5d9396c0ba9f3595990830fe17adfb5b3d69777dc489012502,61622438cf56b44c080308b60b9dbca7cbeb3de3d5186d8c7b7611b2a68bca64,0.05000000074505806,0.002312642754986882,26.358917236328125,0.7481876611709595,0.0008192307432182133,30.865938186645508,0.9404529333114624,4.136661529541016,6.929752349853516,0.00432254932820797,33.281341552734375,0.03137501701712608,1.068500280380249,33.01680374145508,0.277008056640625,0.01043701171875
U-Tikhonov T16/CG32,34,34,0,/Users/kyrillguba/Documents/Data Analytics MSc/Thesis/Python/First Try/data/DIV2K/DIV2K_valid_HR/0835.png,div2k/0835.png/sigma_0.050,div2k,0835.png,20034,80084574e021b9b385517a807fa4f62735358952d97592c2b192db98626e086c,ac0456d334a23b93ce7076b589a2ce6ca09ccd6153ea523a2500c6640e4c869d,0.05000000074505806,0.002499223919585347,26.021947860717773,0.8371410369873047,0.001308976556174457,28.8306827545166,0.8998371958732605,1.2236357927322388,1.971800684928894,0.007743017747998238,31.706298828125,0.04788758605718613,0.5455142259597778,9.607501029968262,0.33990478515625,0.0
U-Tikhonov T16/CG32,35,35,0,/Users/kyrillguba/Documents/Data Analytics MSc/Thesis/Python/First Try/data/DIV2K/DIV2K_valid_HR/0836.png,div2k/0836.png/sigma_0.050,div2k,0836.png,20035,d774c40f160da761b384b399f5636cb3cfecf88e2cc5d41c78f575c3bea500af,284ad2931c3bc6507b40bf59c3b64e8f4f92a43ba361f4c4bcc52deb37a25042,0.05000000074505806,0.0023897746577858925,26.2164306640625,0.8066840171813965,0.0010370855452492833,29.841854095458984,0.9544427990913391,3.94406795501709,7.591817855834961,0.005299460608512163,33.281341552734375,0.027747275307774544,0.5850911140441895,33.215972900390625,0.3741912841796875,0.0127105712890625
U-Tikhonov T16/CG32,36,36,0,/Users/kyrillguba/Documents/Data Analytics MSc/Thesis/Python/First Try/data/DIV2K/DIV2K_valid_HR/0837.png,div2k/0837.png/sigma_0.050,div2k,0837.png,20036,af3a3f14f10fd37d750995ae36a4d7d4e23e7343e1fc6fb8ddf8342f79d68d35,6cc924ebeb60b7d740054d877327520def456c30af4fa1f4e8498d79a786a6b0,0.05000000074505806,0.0024176565930247307,26.16605567932129,0.9131945371627808,0.0013412641128525138,28.7248592376709,0.9518857002258301,0.8162044286727905,2.008040428161621,0.0032492789905518293,33.277748107910156,0.020832359790802002,0.2494049072265625,9.566411018371582,0.5819091796875,0.0001678466796875
U-Tikhonov T16/CG32,37,37,0,/Users/kyrillguba/Documents/Data Analytics MSc/Thesis/Python/First Try/data/DIV2K/DIV2K_valid_HR/0838.png,div2k/0838.png/sigma_0.050,div2k,0838.png,20037,a419adae2a9bbcb7b328e0e98815224877487f12f01cec7bd572e3a61b346f36,6aab86b91d97f60d52dbd058e8e6d9e47d5ff5cd6bf8b95911b13477fdda9a69,0.05000000074505806,0.002457757480442524,26.0946102142334,0.7100621461868286,0.0003858754935208708,34.135528564453125,0.959537923336029,5.090235233306885,8.804708480834961,0.005569398868829012,33.281341552734375,0.06220391392707825,1.3937920331954956,33.281341552734375,0.1354522705078125,0.0439910888671875
U-Tikhonov T16/CG32,38,38,0,/Users/kyrillguba/Documents/Data Analytics MSc/Thesis/Python/First Try/data/DIV2K/DIV2K_valid_HR/0839.png,div2k/0839.png/sigma_0.050,div2k,0839.png,20038,9ed3b7789f4dcc0b1bfd3a6e2391350b33a63a89353a3bd50f5bde4b89d2f647,03311d059cb2afa72a656566e0b5ec099e92358e9b13a7c9c37e17bee9ec6340,0.05000000074505806,0.0019779247231781483,27.03790283203125,0.6088687181472778,0.0008938370156101882,30.48741912841797,0.6734062433242798,6.050934791564941,8.85344409942627,0.003926902078092098,33.281341552734375,0.038574010133743286,0.9675863981246948,33.281341552734375,0.295379638671875,0.0339202880859375
U-Tikhonov T16/CG32,39,39,0,/Users/kyrillguba/Documents/Data Analytics MSc/Thesis/Python/First Try/data/DIV2K/DIV2K_valid_HR/0840.png,div2k/0840.png/sigma_0.050,div2k,0840.png,20039,df4e88246e2af519b1c29adccc7944ac0f8568e6a1ef7d65c39dc4fcd2a3dd5b,7c59d425d11ee77210f9205919da2169594e2a28ce6661dc2350be70d12d18a0,0.05000000074505806,0.0024346939753741026,26.135557174682617,0.8944105505943298,0.0012555238790810108,29.01175308227539,0.936521053314209,0.7865317463874817,1.5264633893966675,0.004385287873446941,32.30881881713867,0.0381104052066803,0.36349642276763916,7.500429630279541,0.46502685546875,0.0
U-Tikhonov T16/CG32,40,40,0,/Users/kyrillguba/Documents/Data Analytics MSc/Thesis/Python/First Try/data/DIV2K/DIV2K_valid_HR/0841.png,div2k/0841.png/sigma_0.050,div2k,0841.png,20040,b85a5c827a7d17dab432c8f79abc120715b867e00f3bcbe182f90d6c23ecff6f,8fe200eca4b5b5242df4bc0de21335521f30c97ede9eb74fc53a2b7d9f56c88e,0.05000000074505806,0.002478003269061446,26.05898094177246,0.7327069044113159,0.0008687182562425733,30.611209869384766,0.9200154542922974,3.287414312362671,5.59512186050415,0.0030607630033046007,33.281341552734375,0.034467704594135284,1.1200838088989258,33.209991455078125,0.2928619384765625,0.0115966796875
U-Tikhonov T16/CG32,41,41,0,/Users/kyrillguba/Documents/Data Analytics MSc/Thesis/Python/First Try/data/DIV2K/DIV2K_valid_HR/0842.png,div2k/0842.png/sigma_0.050,div2k,0842.png,20041,e0fe2755785538efb2ac1c7a4fc4e854d8206a8f09b68ac1931f0544c3e7cc53,beda00ff8db42d4b589f7378d3e25b21007f8885570daf4c565c0337c785048a,0.05000000074505806,0.00240309233777225,26.19229507446289,0.7688649892807007,0.0007752935634925961,31.105337142944336,0.9340729117393494,1.9538428783416748,2.751812219619751,0.005209246650338173,33.201255798339844,0.03358614072203636,1.0209829807281494,13.3671293258667,0.254852294921875,6.103515625e-05
U-Tikhonov T16/CG32,42,42,0,/Users/kyrillguba/Documents/Data Analytics MSc/Thesis/Python/First Try/data/DIV2K/DIV2K_valid_HR/0843.png,div2k/0843.png/sigma_0.050,div2k,0843.png,20042,8d4db85adca20e5911d117b4bb54fdfb3f22b2a02cceb14242bb7540955f6140,35d05bad930e78acf4ef2cb816eca7463834e674af53f848c7dbaadb73084f68,0.05000000074505806,0.0021504508331418037,26.674707412719727,0.4611368179321289,0.00018489430658519268,37.33076477050781,0.9894985556602478,19.89893341064453,11.912614822387695,0.002478425856679678,33.281341552734375,0.03022705391049385,22.603954315185547,33.281341552734375,0.1035003662109375,0.182159423828125
U-Tikhonov T16/CG32,43,43,0,/Users/kyrillguba/Documents/Data Analytics MSc/Thesis/Python/First Try/data/DIV2K/DIV2K_valid_HR/0844.png,div2k/0844.png/sigma_0.050,div2k,0844.png,20043,15c2150d7c67049e1e35243bac1a1a68c6f0e57215592b78ed9b74e130ed1370,54e704e5fefca2dce105a38946c8722391d376a9b4bda2d175503937d9443db5,0.05000000074505806,0.00241699512116611,26.16724395751953,0.5474591255187988,0.0003024507313966751,35.193450927734375,0.939131498336792,7.96885871887207,9.63939094543457,0.001634750864468515,33.281341552734375,0.042767271399497986,3.302645206451416,33.1514892578125,0.0808563232421875,0.0146026611328125
U-Tikhonov T16/CG32,44,44,0,/Users/kyrillguba/Documents/Data Analytics MSc/Thesis/Python/First Try/data/DIV2K/DIV2K_valid_HR/0845.png,div2k/0845.png/sigma_0.050,div2k,0845.png,20044,3afec5a048f16903b44498719256567f9874b218bd408f06ae16848d5bfd4779,787c55ff16cedc70877931e779b270a9714da1b1ff66e29c8b238f45f9089a82,0.05000000074505806,0.002203594194725156,26.568683624267578,0.7407160401344299,0.0012459318386390805,29.04505729675293,0.9312867522239685,5.6016950607299805,7.981900215148926,0.0019143471727147698,33.28116226196289,0.014643151313066483,1.3969063758850098,31.34967613220215,0.32794189453125,0.0018768310546875
U-Tikhonov T16/CG32,45,45,0,/Users/kyrillguba/Documents/Data Analytics MSc/Thesis/Python/First Try/data/DIV2K/DIV2K_valid_HR/0846.png,div2k/0846.png/sigma_0.050,div2k,0846.png,20045,bfa025022780e8b45b7d8ca41bf0c1aa0ef062e997a3e07e7b0b4766072a0c65,0adbf774efd417a8fd418e7c5104d799b1f00bb3095edb86e4e8ab2dfa026b37,0.05000000074505806,0.002105560153722763,26.76632308959961,0.8011387586593628,0.0016047642566263676,27.94588851928711,0.9231290817260742,5.109879493713379,8.766233444213867,0.0023584936279803514,33.281341552734375,0.024391518905758858,0.6681588292121887,33.281341552734375,0.361572265625,0.0294647216796875
U-Tikhonov T16/CG32,46,46,0,/Users/kyrillguba/Documents/Data Analytics MSc/Thesis/Python/First Try/data/DIV2K/DIV2K_valid_HR/0847.png,div2k/0847.png/sigma_0.050,div2k,0847.png,20046,a03ac31eb9aa42c51d2ec103e996158d3f7890d32752d0e5a0bece66c7f0a096,f7a15c06ecc295897dcb2e920759c7d2b39e632ddbc05f39f62443e6f2d07c47,0.05000000074505806,0.0023024985566735268,26.378005981445312,0.8615671396255493,0.0011630558874458075,29.343994140625,0.9533446431159973,2.703430652618408,5.266648292541504,0.0031886110082268715,33.281341552734375,0.017809933051466942,0.568954348564148,28.0240478515625,0.4034881591796875,0.0050048828125
U-Tikhonov T16/CG32,47,47,0,/Users/kyrillguba/Documents/Data Analytics MSc/Thesis/Python/First Try/data/DIV2K/DIV2K_valid_HR/0848.png,div2k/0848.png/sigma_0.050,div2k,0848.png,20047,226e619ed1295a7c7b4eb9d622c6124c81ba03e21362bb8eee67e67dced25224,efa2172a3a1dd6cd91b1b9a07f06d0811453ba7dedba5ff3c724a98f91ceee0f,0.05000000074505806,0.002366595435887575,26.258758544921875,0.8601237535476685,0.0009249350987374783,30.33888816833496,0.9535781145095825,1.8469338417053223,4.02011251449585,0.002780001610517502,33.27777862548828,0.016996705904603004,0.5249925851821899,23.059614181518555,0.397735595703125,0.0009613037109375
U-Tikhonov T16/CG32,48,48,0,/Users/kyrillguba/Documents/Data Analytics MSc/Thesis/Python/First Try/data/DIV2K/DIV2K_valid_HR/0849.png,div2k/0849.png/sigma_0.050,div2k,0849.png,20048,2c70dd5654b23e4a9ab11865c6c70e3077823c4972ad389deddc84dd9edc36b8,812c07076778f64508761453798502e38c6faad3cecffd799395e10f24d49b2e,0.05000000074505806,0.0024144914932549,26.171743392944336,0.9492175579071045,0.0019344218308106065,27.13448715209961,0.9594409465789795,0.5771374702453613,1.6754693984985352,0.0015372952912002802,33.28123474121094,0.013270728290081024,0.16213147342205048,6.980019569396973,0.6866607666015625,0.000244140625
U-Tikhonov T16/CG32,49,49,0,/Users/kyrillguba/Documents/Data Analytics MSc/Thesis/Python/First Try/data/DIV2K/DIV2K_valid_HR/0850.png,div2k/0850.png/sigma_0.050,div2k,0850.png,20049,b0e8b344c318dfae08640e56c0b52ec6df0909ea2a5c7128b8b44308511dabe7,c58c027afbe1f7160eae9abc4d0d74aea25e91e356b752d3e1e2acb9dd2b25b1,0.05000000074505806,0.0024805485736578703,26.054523468017578,0.8018345832824707,0.0008465624996460974,30.72340965270996,0.9341827630996704,2.1538872718811035,3.9839518070220947,0.005729814060032368,33.28085708618164,0.037668339908123016,0.8341886401176453,22.29814338684082,0.27587890625,0.0022735595703125
U-Tikhonov T16/CG32,50,50,0,/Users/kyrillguba/Documents/Data Analytics MSc/Thesis/Python/First Try/data/DIV2K/DIV2K_valid_HR/0851.png,div2k/0851.png/sigma_0.050,div2k,0851.png,20050,6cd623610d71351bd69a4193263bc448cd15272dcfd17f66224ecc57d176c5d0,3c106b758572323bd824bc5a7c10ef69bf0bb6f2d4c116d1984d1ba198b915d8,0.05000000074505806,0.002428226638585329,26.14710807800293,0.6372339129447937,0.0005776019534096122,32.38371276855469,0.9706738591194153,11.942869186401367,12.581647872924805,0.0028508284594863653,33.281341552734375,0.02006969228386879,6.5981855392456055,33.281341552734375,0.22900390625,0.1142578125
U-Tikhonov T16/CG32,51,51,0,/Users/kyrillguba/Documents/Data Analytics MSc/Thesis/Python/First Try/data/DIV2K/DIV2K_valid_HR/0852.png,div2k/0852.png/sigma_0.050,div2k,0852.png,20051,73b3c50a05a0fcb1a26fb8f3d88ebc57fe34409f6e6d0d125e46c18d90cca3a1,4ce54e8621ce4f5257ecb630b4daea9067dfad4a58b54393e8e18482ffa73ce6,0.05000000074505806,0.0017825127579271793,27.489673614501953,0.5970467329025269,0.0006320904940366745,31.99220848083496,0.7534196972846985,4.729123115539551,5.664524078369141,0.015577636659145355,33.281341552734375,0.08029287308454514,2.467257499694824,27.17523193359375,0.128265380859375,0.003753662109375
U-Tikhonov T16/CG32,52,52,0,/Users/kyrillguba/Documents/Data Analytics MSc/Thesis/Python/First Try/data/DIV2K/DIV2K_valid_HR/0853.png,div2k/0853.png/sigma_0.050,div2k,0853.png,20052,e9eb55fc2bc1bcfd2fad63122c380357a672f2b9f14b61a7547da796324e10c2,c4ddc83133c81f82df55fcd98380e6d24f8bab15fb2b858671b54562d377c806,0.05000000074505806,0.002295798622071743,26.390663146972656,0.6024793386459351,0.0004845117509830743,33.14695739746094,0.9534726142883301,9.766054153442383,11.32485294342041,0.003621558425948024,33.281341552734375,0.036365676671266556,3.9595370292663574,33.281341552734375,0.1812896728515625,0.0706329345703125
U-Tikhonov T16/CG32,53,53,0,/Users/kyrillguba/Documents/Data Analytics MSc/Thesis/Python/First Try/data/DIV2K/DIV2K_valid_HR/0854.png,div2k/0854.png/sigma_0.050,div2k,0854.png,20053,dbefb08aac7a5ad65da8e59ab21cbb0e921c9ad6da4d670be4cb2a982a3e2ffe,ee82022d69ec65f113006151c0964c1ce0401ec3b9c05faa531c924cc453f28e,0.05000000074505806,0.0024929214268922806,26.032915115356445,0.7780815362930298,0.0011318400502204895,29.46215057373047,0.942781388759613,4.283742904663086,7.757923603057861,0.00368438009172678,33.281341552734375,0.027066616341471672,0.5275159478187561,33.223899841308594,0.404876708984375,0.01141357421875
U-Tikhonov T16/CG32,54,54,0,/Users/kyrillguba/Documents/Data Analytics MSc/Thesis/Python/First Try/data/DIV2K/DIV2K_valid_HR/0855.png,div2k/0855.png/sigma_0.050,div2k,0855.png,20054,9e2b3caa326eef35864ca6323728491aaf77f5232b3a1b7435275b7a4b5bc314,224e93d4c6e4499718b0c65e9f9dc75bfff8c9849e40711398f500fcb0e1344c,0.05000000074505806,0.0024242037907242775,26.154308319091797,0.7343929409980774,0.0007886348175816238,31.03124237060547,0.9227475523948669,2.7418570518493652,4.160658836364746,0.005343357566744089,33.275482177734375,0.05526468902826309,1.2522257566452026,21.6777286529541,0.1853179931640625,0.001190185546875
U-Tikhonov T16/CG32,55,55,0,/Users/kyrillguba/Documents/Data Analytics MSc/Thesis/Python/First Try/data/DIV2K/DIV2K_valid_HR/0856.png,div2k/0856.png/sigma_0.050,div2k,0856.png,20055,66cf31de43a337537e663db0aecf5dd0004e87a0fbe2bd2cdc7ed9a8b4a93ece,62ea9274995afc0d0ba793d444a4eca4cd474404f25acb13a3902506fcfc2ec5,0.05000000074505806,0.0024465948808938265,26.1143798828125,0.7071712613105774,0.0009813227225095034,30.08188247680664,0.8546537160873413,3.2222535610198975,6.010557651519775,0.01946691796183586,33.281341552734375,0.07492443919181824,0.9092274308204651,31.548505783081055,0.2078399658203125,0.0065460205078125
U-Tikhonov T16/CG32,56,56,0,/Users/kyrillguba/Documents/Data Analytics MSc/Thesis/Python/First Try/data/DIV2K/DIV2K_valid_HR/0857.png,div2k/0857.png/sigma_0.050,div2k,0857.png,20056,ab895c24c3f27bd01daebb297e1995e3f7eaba3372e5cc7e32fb98edb3dfd93b,673be55e35caf9556009ef5b290c84ca55946414b7437036ce7a684e731ab7d2,0.05000000074505806,0.002511989325284958,25.99982261657715,0.6884675025939941,0.00031652473262511194,34.99592590332031,0.9557585716247559,2.6718688011169434,2.465074300765991,0.010146206244826317,33.205894470214844,0.05938467010855675,2.1013457775115967,11.377628326416016,0.076751708984375,6.103515625e-05
U-Tikhonov T16/CG32,57,57,0,/Users/kyrillguba/Documents/Data Analytics MSc/Thesis/Python/First Try/data/DIV2K/DIV2K_valid_HR/0858.png,div2k/0858.png/sigma_0.050,div2k,0858.png,20057,69c3c9a846793f1dd2cda90db3fba707412671412126cd1eaad1496e784f7c0e,9a3fedb0e7da6c4cb13c4aa3be8292d1decc9118fb09e54e5d4f940963c19b8a,0.05000000074505806,0.002182303462177515,26.610849380493164,0.7960816621780396,0.0010737301781773567,29.691049575805664,0.867440938949585,2.4019813537597656,3.999451160430908,0.010702951811254025,33.2752799987793,0.0450810045003891,0.8002599477767944,19.96533966064453,0.282806396484375,0.000518798828125
U-Tikhonov T16/CG32,58,58,0,/Users/kyrillguba/Documents/Data Analytics MSc/Thesis/Python/First Try/data/DIV2K/DIV2K_valid_HR/0859.png,div2k/0859.png/sigma_0.050,div2k,0859.png,20058,0783919bca182fbd4ec27a809e6b7e6c58e89fddb3d3ef3d1bd5c807651c9a53,fcf822cfa8424f9b9c84b5035a72e071539cb531dffee6d54e3f00d3c550a601,0.05000000074505806,0.0025279473047703505,25.972320556640625,0.8422619104385376,0.0012404965236783028,29.064044952392578,0.9189771413803101,1.3006224632263184,2.2187728881835938,0.003493431955575943,33.25988006591797,0.03398710489273071,0.4724051356315613,10.52374267578125,0.408599853515625,0.0001220703125
U-Tikhonov T16/CG32,59,59,0,/Users/kyrillguba/Documents/Data Analytics MSc/Thesis/Python/First Try/data/DIV2K/DIV2K_valid_HR/0860.png,div2k/0860.png/sigma_0.050,div2k,0860.png,20059,6323c40a5d11f381b901e87cf8f54d9578bc32be44b9350ac5386eb44224de4a,c71c04fcfb6b74e55325e34a45c1c3ca5d8a987657eb8863649b82696952b358,0.05000000074505806,0.0024339123629033566,26.136951446533203,0.9106051325798035,0.0017456187633797526,27.580507278442383,0.9233075380325317,0.7166963219642639,1.5223724842071533,0.005204600747674704,32.74824905395508,0.029349561780691147,0.30468451976776123,7.43367338180542,0.534698486328125,0.0
U-Tikhonov T16/CG32,60,60,0,/Users/kyrillguba/Documents/Data Analytics MSc/Thesis/Python/First Try/data/DIV2K/DIV2K_valid_HR/0861.png,div2k/0861.png/sigma_0.050,div2k,0861.png,20060,c3df240f2bf2bcdcdc9060b4ba3b0dd6324594f485ce3ee2d407f0b5364d72d7,8839bdd16fcb8d9dc749ec4fba288f25ca0dc583156fc136316fb9ae87610e10,0.05000000074505806,0.0020175748504698277,26.951704025268555,0.8055756092071533,0.0013009400572627783,28.857425689697266,0.872765064239502,3.1174373626708984,4.854371070861816,0.0017632353119552135,33.28129959106445,0.0215460117906332,0.9179413914680481,23.25864028930664,0.3502349853515625,0.00091552734375
U-Tikhonov T16/CG32,61,61,0,/Users/kyrillguba/Documents/Data Analytics MSc/Thesis/Python/First Try/data/DIV2K/DIV2K_valid_HR/0862.png,div2k/0862.png/sigma_0.050,div2k,0862.png,20061,b28039f4ed1566ad4bef028589288dfa1cf33c4b676694010eb5d0d9f228ef50,978a7b813eafffc3aa259f7f1d4c268f8c390f58f7b2ffe9b6706c1a191e7bda,0.05000000074505806,0.0025069513358175755,26.008541107177734,0.5648969411849976,0.0003284607082605362,34.835166931152344,0.93870609998703,7.340037822723389,8.191590309143066,0.011743112467229366,33.281341552734375,0.10980632156133652,3.850466251373291,33.25944137573242,0.06951904296875,0.01416015625
U-Tikhonov T16/CG32,62,62,0,/Users/kyrillguba/Documents/Data Analytics MSc/Thesis/Python/First Try/data/DIV2K/DIV2K_valid_HR/0863.png,div2k/0863.png/sigma_0.050,div2k,0863.png,20062,69a9aeec52e386294dc8c778c0d11c7f842f0960ca488aa898c25c50220c823a,c5b360385124b0b9db466d8df7c65a52c9f7b40b24ea0989ea1251fe9b9e974c,0.05000000074505806,0.0024539162404835224,26.101402282714844,0.7052394151687622,0.0006556105799973011,31.833541870117188,0.9573143720626831,5.126441478729248,8.15194320678711,0.004909307695925236,33.281341552734375,0.030819913372397423,0.6612876653671265,32.777000427246094,0.364990234375,0.009002685546875
U-Tikhonov T16/CG32,63,63,0,/Users/kyrillguba/Documents/Data Analytics MSc/Thesis/Python/First Try/data/DIV2K/DIV2K_valid_HR/0864.png,div2k/0864.png/sigma_0.050,div2k,0864.png,20063,fb786dffb18452c590dd1e18bebeea18d1c1bec24fd9d36d75ba35ad6c8a81d3,f18d1da23718072040022a8b39a5ed0e4862a23ffc29a83502f4179a0f193a89,0.05000000074505806,0.0024664667434990406,26.079246520996094,0.8392430543899536,0.0009013317758217454,30.451154708862305,0.9284188747406006,1.2688096761703491,2.3180723190307617,0.013765836134552956,33.26526641845703,0.061945535242557526,0.567629337310791,11.017196655273438,0.3043365478515625,6.103515625e-05
U-Tikhonov T16/CG32,64,64,0,/Users/kyrillguba/Documents/Data Analytics MSc/Thesis/Python/First Try/data/DIV2K/DIV2K_valid_HR/0865.png,div2k/0865.png/sigma_0.050,div2k,0865.png,20064,f92af3991be3de305c0efcfbe87ac07586eb280db7c47c56bbf8452a9b10010c,acd0fc3cccb5e4827e28374fc235054efe5f2b26adc84330573534bc9727fece,0.05000000074505806,0.002491431077942252,26.035511016845703,0.780320405960083,0.0008215004927478731,30.85392189025879,0.931998610496521,1.4877550601959229,2.108590841293335,0.0047558750957250595,23.408632278442383,0.036867737770080566,0.5702338218688965,9.673588752746582,0.3534393310546875,0.0
U-Tikhonov T16/CG32,65,65,0,/Users/kyrillguba/Documents/Data Analytics MSc/Thesis/Python/First Try/data/DIV2K/DIV2K_valid_HR/0866.png,div2k/0866.png/sigma_0.050,div2k,0866.png,20065,64fe1cb87ea16bd47a4af52b635bd686b87a3bb0bb006aa875e7090e7f4f1b09,9afe981f615137ba03acacaf176e2c98a40692fb9b988590634da93828007e30,0.05000000074505806,0.0024913714732974768,26.035615921020508,0.8772956132888794,0.0014415577752515674,28.411678314208984,0.931302547454834,1.015749454498291,2.0970585346221924,0.0019359431462362409,31.570650100708008,0.016526225954294205,0.3039102852344513,10.285287857055664,0.52532958984375,0.0
U-Tikhonov T16/CG32,66,66,0,/Users/kyrillguba/Documents/Data Analytics MSc/Thesis/Python/First Try/data/DIV2K/DIV2K_valid_HR/0867.png,div2k/0867.png/sigma_0.050,div2k,0867.png,20066,a1b0a4eea55a3cc398df9e911e7db0ecbec9938d8ca0f96d3252df65b6daed62,66b0a986b08c5cd25291d21eeaacbef5e8726ec5e502a875560f78802f9bd7de,0.05000000074505806,0.0024518349673599005,26.10508918762207,0.904789924621582,0.001206349115818739,29.185272216796875,0.951686680316925,1.076375961303711,2.7185652256011963,0.0018775538774207234,33.26923751831055,0.022208092734217644,0.27342066168785095,14.376753807067871,0.5589599609375,0.0002288818359375
U-Tikhonov T16/CG32,67,67,0,/Users/kyrillguba/Documents/Data Analytics MSc/Thesis/Python/First Try/data/DIV2K/DIV2K_valid_HR/0868.png,div2k/0868.png/sigma_0.050,div2k,0868.png,20067,a5806164ffd45d6b14c4f40b199c062ca7d2855351fd99291a948b57f15212f1,a068c0fafc52686b9b284c602856e7d72b97994c0d20c34e82fde7b9e37cf00c,0.05000000074505806,0.002463496755808592,26.08448028564453,0.4806396961212158,0.0003382301365491003,34.70787811279297,0.9843978881835938,19.150760650634766,12.46200942993164,0.0028131939470767975,33.281341552734375,0.02554558403789997,22.712085723876953,33.28105545043945,0.1298675537109375,0.11419677734375
U-Tikhonov T16/CG32,68,68,0,/Users/kyrillguba/Documents/Data Analytics MSc/Thesis/Python/First Try/data/DIV2K/DIV2K_valid_HR/0869.png,div2k/0869.png/sigma_0.050,div2k,0869.png,20068,bc61ffc14754a4c0e306111ec7946ec828ebc05b363e7717d8c2f300d7750e5c,92faf7d14463503cc56675c98f92d562b015bd906d1db31c8f3cc235521aefff,0.05000000074505806,0.002459372393786907,26.091758728027344,0.7520028352737427,0.0009739986853674054,30.114418029785156,0.9273616671562195,5.414731025695801,8.148399353027344,0.011330416426062584,33.281341552734375,0.04359748959541321,0.9620423316955566,33.273101806640625,0.3090667724609375,0.0176849365234375
U-Tikhonov T16/CG32,69,69,0,/Users/kyrillguba/Documents/Data Analytics MSc/Thesis/Python/First Try/data/DIV2K/DIV2K_valid_HR/0870.png,div2k/0870.png/sigma_0.050,div2k,0870.png,20069,23fb86d88c32c580e802edb1ef9cd9aecf3ca74c79ecdde14ada63f7050ad410,b6f5585f87becf8c8892e5f8ff9ae9085e0882cccd1e98b84ad068e6c2fd5d7f,0.05000000074505806,0.00249586277641356,26.027793884277344,0.9074313640594482,0.001528529915958643,28.157262802124023,0.9328180551528931,0.4876534044742584,1.2125182151794434,0.007755482569336891,31.229644775390625,0.03101416677236557,0.22792187333106995,5.029706001281738,0.6555328369140625,0.0
U-Tikhonov T16/CG32,70,70,0,/Users/kyrillguba/Documents/Data Analytics MSc/Thesis/Python/First Try/data/DIV2K/DIV2K_valid_HR/0871.png,div2k/0871.png/sigma_0.050,div2k,0871.png,20070,755675f2824bd9535075c3a3649ecad82608dffc5b28d5b6777c999ce5ac8feb,9b545bb8a7867d96b3d1fecda24e03809067ef977387c4a9184f2aae6fcbc8c8,0.05000000074505806,0.002481108531355858,26.053543090820312,0.857539176940918,0.0009444562601856887,30.24818229675293,0.950907826423645,0.9684237837791443,1.5525870323181152,0.005626588128507137,31.76767921447754,0.03158881887793541,0.3998485207557678,7.237122535705566,0.4467926025390625,0.0
U-Tikhonov T16/CG32,71,71,0,/Users/kyrillguba/Documents/Data Analytics MSc/Thesis/Python/First Try/data/DIV2K/DIV2K_valid_HR/0872.png,div2k/0872.png/sigma_0.050,div2k,0872.png,20071,a3051017ca8c7da3a6c7830c9bb928ecf2b81dc2add6c092a6aecfa321376f6b,131358219de1a92c883f7aabb6f73c5887153fa67393bfc249b3c44637410397,0.05000000074505806,0.002477589063346386,26.05970573425293,0.902247965335846,0.0013610947644338012,28.661117553710938,0.9442423582077026,0.9623441696166992,2.0823142528533936,0.003278495976701379,33.279109954833984,0.020001476630568504,0.3001372814178467,9.945465087890625,0.52764892578125,0.000274658203125
U-Tikhonov T16/CG32,72,72,0,/Users/kyrillguba/Documents/Data Analytics MSc/Thesis/Python/First Try/data/DIV2K/DIV2K_valid_HR/0873.png,div2k/0873.png/sigma_0.050,div2k,0873.png,20072,98eca5a763607b677cf4da90c4112b7bd27d325edaf99023f29c46b2af95740e,7ed996e83d7c85129cf42e7e77d6ee12ca7058197ed761629f556c4526a743be,0.05000000074505806,0.002525132382288575,25.977157592773438,0.801446795463562,0.0011881280224770308,29.251367568969727,0.9343824982643127,3.117867946624756,6.184628963470459,0.004150109365582466,33.281341552734375,0.04164469987154007,0.4628640413284302,28.506221771240234,0.3988037109375,0.0008544921875
U-Tikhonov T16/CG32,73,73,0,/Users/kyrillguba/Documents/Data Analytics MSc/Thesis/Python/First Try/data/DIV2K/DIV2K_valid_HR/0874.png,div2k/0874.png/sigma_0.050,div2k,0874.png,20073,c1b141701b55a15db0c8d9d38d28131d0c6935abc941c0cf5a1b8e17483ce6db,b19bfca99d856a1b2097f69aab2e36d4fedf6c4a2af0992eda02c4f131e8329d,0.05000000074505806,0.002378856297582388,26.236316680908203,0.7668249011039734,0.0007643097778782248,31.167306900024414,0.9127373099327087,2.072199583053589,3.8540456295013428,0.006630260962992907,33.281341552734375,0.04243285581469536,0.8426928520202637,21.28023910522461,0.228485107421875,0.002960205078125
U-Tikhonov T16/CG32,74,74,0,/Users/kyrillguba/Documents/Data Analytics MSc/Thesis/Python/First Try/data/DIV2K/DIV2K_valid_HR/0875.png,div2k/0875.png/sigma_0.050,div2k,0875.png,20074,9efdc0057bb6e53db148019bb4a13192254fce5f31a016a4924e85fc6ee62a16,5dec522d5e1137adce5d49d502dfa608677341edee3f6ccf586c6fc3ae9ffa96,0.05000000074505806,0.0024223660584539175,26.157604217529297,0.9346641302108765,0.0014291919069364667,28.4490966796875,0.9564271569252014,0.940355122089386,3.149837017059326,0.0032607028260827065,33.27375411987305,0.024098750203847885,0.2878188192844391,19.45662498474121,0.5513763427734375,0.0011138916015625
U-Tikhonov T16/CG32,75,75,0,/Users/kyrillguba/Documents/Data Analytics MSc/Thesis/Python/First Try/data/DIV2K/DIV2K_valid_HR/0876.png,div2k/0876.png/sigma_0.050,div2k,0876.png,20075,84df379a2b4a7b995296e31b3954bfb9a7731d5e2d0b8650405a416a53e11125,80e9a18961ffcbf9cc0f8ac5206060e646fa8d3dbbd54ed03acd91720a2d69e9,0.05000000074505806,0.0022386491764336824,26.500139236450195,0.8460820913314819,0.001175643759779632,29.2972412109375,0.8947415351867676,1.519932746887207,2.7693395614624023,0.0038454593159258366,32.84290313720703,0.031076518818736076,0.5418040156364441,14.087852478027344,0.3577117919921875,0.0
U-Tikhonov T16/CG32,76,76,0,/Users/kyrillguba/Documents/Data Analytics MSc/Thesis/Python/First Try/data/DIV2K/DIV2K_valid_HR/0877.png,div2k/0877.png/sigma_0.050,div2k,0877.png,20076,a7be10c02736c3557926612d053466a395f1f8df83ddeeff7027d05bb769b33a,78441016e6cfc95c22e8029585e0135aee252e64b13e409b0421ab423ad3bc5b,0.05000000074505806,0.002484759083017707,26.047157287597656,0.6783108115196228,0.00044771406101062894,33.489994049072266,0.9313894510269165,2.879185676574707,3.4209136962890625,0.010600353591144085,33.06109619140625,0.0450228750705719,1.6907496452331543,16.074718475341797,0.1588134765625,7.62939453125e-05
U-Tikhonov T16/CG32,77,77,0,/Users/kyrillguba/Documents/Data Analytics MSc/Thesis/Python/First Try/data/DIV2K/DIV2K_valid_HR/0878.png,div2k/0878.png/sigma_0.050,div2k,0878.png,20077,f1e61ee7f615bf40fc0cc24a3750fc6413019d89281f32d061c3bfb42fdf3082,6f9cb19221b164fd1c4793e9119d414b2937b5fe464e8b30b5d536fc88349f47,0.05000000074505806,0.002496751956641674,26.026247024536133,0.8696799278259277,0.0011110471095889807,29.54267692565918,0.9423543214797974,1.7116496562957764,4.547041893005371,0.0019559438806027174,33.281341552734375,0.025295540690422058,0.3442474603652954,32.488494873046875,0.490234375,0.009002685546875
U-Tikhonov T16/CG32,78,78,0,/Users/kyrillguba/Documents/Data Analytics MSc/Thesis/Python/First Try/data/DIV2K/DIV2K_valid_HR/0879.png,div2k/0879.png/sigma_0.050,div2k,0879.png,20078,f7a72db70e5d13cc9ce0514ee1b317f98a5b43e5671f68071037416761ac50bb,3af6e6931292a54a400c5fe7933c9aac4afecb5836dd41e2e23a0d722688892b,0.05000000074505806,0.0025101255159825087,26.0030460357666,0.6462010145187378,0.0007420460460707545,31.295690536499023,0.9684051871299744,12.903221130371094,13.757570266723633,0.002545003779232502,33.281341552734375,0.02447027899324894,5.2169647216796875,33.281341552734375,0.2849884033203125,0.14801025390625
U-Tikhonov T16/CG32,79,79,0,/Users/kyrillguba/Documents/Data Analytics MSc/Thesis/Python/First Try/data/DIV2K/DIV2K_valid_HR/0880.png,div2k/0880.png/sigma_0.050,div2k,0880.png,20079,2464ffab9474f65f91c41e6231fc7c3907d471b36d493192c28dd9a9c9ac3c4c,ffecafd44bf8d629abfc24db08cb713e2747a47b22d9ed9ed9bc9660924349a3,0.05000000074505806,0.0025037077721208334,26.014163970947266,0.6307056546211243,0.0006174148875288665,32.09423065185547,0.9530876278877258,7.462776184082031,8.973823547363281,0.005403212737292051,33.281341552734375,0.03721423074603081,3.9889559745788574,33.279319763183594,0.2420654296875,0.020751953125
U-Tikhonov T16/CG32,80,80,0,/Users/kyrillguba/Documents/Data Analytics MSc/Thesis/Python/First Try/data/DIV2K/DIV2K_valid_HR/0881.png,div2k/0881.png/sigma_0.050,div2k,0881.png,20080,b4be0560c87adf38d8561ec3fb5a8e3e0e5d0b43501194ff1ff77f1511e89119,ff995967a741339364d17f41dcd807bccd4353b0c9d14e5fc9125b4bed8e3b9b,0.05000000074505806,0.002498085843399167,26.02392578125,0.6853863000869751,0.0006336711812764406,31.981361389160156,0.9345536231994629,3.560119390487671,4.84358024597168,0.007002575788646936,33.281341552734375,0.05135926231741905,1.8218069076538086,24.45536231994629,0.16424560546875,0.0030517578125
U-Tikhonov T16/CG32,81,81,0,/Users/kyrillguba/Documents/Data Analytics MSc/Thesis/Python/First Try/data/DIV2K/DIV2K_valid_HR/0882.png,div2k/0882.png/sigma_0.050,div2k,0882.png,20081,aac379d4eb1f7ffb4575e0fcca3a6836e85643267b9f537632bdfd3422ae2a6d,150dcca981b1c1e3158f4d57fa0cfc7d25c1e39ecdd9e084f83d47d137d9624c,0.05000000074505806,0.0024375757202506065,26.13041877746582,0.8196840286254883,0.0007663046708330512,31.155986785888672,0.9609450697898865,1.4230194091796875,2.5015695095062256,0.0005071918712928891,33.2696647644043,0.007098038215190172,0.5127105712890625,11.562312126159668,0.3925018310546875,0.00018310546875
U-Tikhonov T16/CG32,82,82,0,/Users/kyrillguba/Documents/Data Analytics MSc/Thesis/Python/First Try/data/DIV2K/DIV2K_valid_HR/0883.png,div2k/0883.png/sigma_0.050,div2k,0883.png,20082,dc84aa16cb279e020e6bb4a512b74aeb161e2c3b612b40cfe834b4ea44c4dbd4,8be593f4169e0006fed354c03aa94d24561d05cf205aa1ab1135d7f0ccfb3662,0.05000000074505806,0.002462737960740924,26.085817337036133,0.8668558597564697,0.0012681866064667702,28.968170166015625,0.9440606832504272,1.8629252910614014,4.096554279327393,0.00526035251095891,33.281341552734375,0.02755456604063511,0.36765190958976746,21.005226135253906,0.47265625,0.0020294189453125
U-Tikhonov T16/CG32,83,83,0,/Users/kyrillguba/Documents/Data Analytics MSc/Thesis/Python/First Try/data/DIV2K/DIV2K_valid_HR/0884.png,div2k/0884.png/sigma_0.050,div2k,0884.png,20083,c3e792b1483d91371c9eeedd1d20a4f45de1d748d7f261794ce740fbc3ea3016,644712dffe27a59f790cd1353bc32632a684ecb9a493f14d431d028de199b4ab,0.05000000074505806,0.002447187900543213,26.113327026367188,0.892356276512146,0.001266511157155037,28.97391128540039,0.9398918747901917,0.7851245999336243,1.582553505897522,0.002306549344211817,32.41639709472656,0.020206954330205917,0.336614727973938,7.651770114898682,0.496307373046875,0.0
U-Tikhonov T16/CG32,84,84,0,/Users/kyrillguba/Documents/Data Analytics MSc/Thesis/Python/First Try/data/DIV2K/DIV2K_valid_HR/0885.png,div2k/0885.png/sigma_0.050,div2k,0885.png,20084,d1b12f5bdff73a004166bc26bfd68ed924612ba4dfeb5ee46ef886fec9606402,54e95c1f904f700786fe9b0020834c1adb1474c7f7d7015fed754fcbbac1cb68,0.05000000074505806,0.002510383725166321,26.00259780883789,0.8224970102310181,0.0012503117322921753,29.029817581176758,0.8939777612686157,1.9072248935699463,4.7049455642700195,0.004568007774651051,33.280818939208984,0.02431276999413967,0.47061818838119507,28.846193313598633,0.3921966552734375,0.003875732421875
U-Tikhonov T16/CG32,85,85,0,/Users/kyrillguba/Documents/Data Analytics MSc/Thesis/Python/First Try/data/DIV2K/DIV2K_valid_HR/0886.png,div2k/0886.png/sigma_0.050,div2k,0886.png,20085,8269830c494c50f2ca58c9fe1491092884eabccc73e5d87438dd2282f32843ab,644f721c45f511f04e3e4dfe1984679ca45a76abef26cb112dfa7c13004f0451,0.05000000074505806,0.002460349118337035,26.09003257751465,0.6926786303520203,0.0004744149337057024,33.2384147644043,0.9548238515853882,2.3991167545318604,2.7681338787078857,0.0024516757111996412,33.28062057495117,0.037003640085458755,1.6848080158233643,13.398015022277832,0.1483001708984375,0.000274658203125
U-Tikhonov T16/CG32,86,86,0,/Users/kyrillguba/Documents/Data Analytics MSc/Thesis/Python/First Try/data/DIV2K/DIV2K_valid_HR/0887.png,div2k/0887.png/sigma_0.050,div2k,0887.png,20086,9674e5076ec8c005bce7e3450e6bf09deb82df9952eaff58c7717b3a16e90f3e,2099d8648cfc0604200e781860cc79588ad1d7d189a7db04e8d8409a476fba77,0.05000000074505806,0.002473687520250678,26.066551208496094,0.7209355235099792,0.0009664647514000535,30.148141860961914,0.9264287948608398,4.346386432647705,6.677361011505127,0.0037419521249830723,33.281341552734375,0.024286119267344475,0.8964531421661377,29.229320526123047,0.2915496826171875,0.00482177734375
U-Tikhonov T16/CG32,87,87,0,/Users/kyrillguba/Documents/Data Analytics MSc/Thesis/Python/First Try/data/DIV2K/DIV2K_valid_HR/0888.png,div2k/0888.png/sigma_0.050,div2k,0888.png,20087,0b12dfb6e7a24bf393f0f61b8c12a04a0e14c82f6eb77cce3a6d2ed989cadb40,6107146e9b7375749f1106b6bae5ce13f26b5e35a344ca566beaecbb6d21d742,0.05000000074505806,0.0024025437887758017,26.193286895751953,0.8998664021492004,0.0011916361982002854,29.23856544494629,0.9545204639434814,0.9342771172523499,2.2608702182769775,0.0018660002388060093,33.218475341796875,0.016133254393935204,0.27729928493499756,11.39188003540039,0.5506591796875,0.0001373291015625
U-Tikhonov T16/CG32,88,88,0,/Users/kyrillguba/Documents/Data Analytics MSc/Thesis/Python/First Try/data/DIV2K/DIV2K_valid_HR/0889.png,div2k/0889.png/sigma_0.050,div2k,0889.png,20088,65b588cd7d91eb7ab3ad2ee297b48e2bcd71468e6f3fd4cedd22296161fcf0b3,82afed0bd0dc99b05f58a686bfb502c07791b318fc31c5955e5141844cdde637,0.05000000074505806,0.0024099466390907764,26.1799259185791,0.9300921559333801,0.0015468187630176544,28.105606079101562,0.9527676105499268,0.5671179890632629,1.6109548807144165,0.0015848946059122682,33.28046417236328,0.014645089395344257,0.16229024529457092,7.041897773742676,0.7018280029296875,0.0001983642578125
U-Tikhonov T16/CG32,89,89,0,/Users/kyrillguba/Documents/Data Analytics MSc/Thesis/Python/First Try/data/DIV2K/DIV2K_valid_HR/0890.png,div2k/0890.png/sigma_0.050,div2k,0890.png,20089,641726511e5ab55ecb5dccce15a53a64473d43e0a2be22d51e522b22644d2891,d34d9e3cd9ebcd2cf3d6c1b9f064df56bda984f844f8bcf06e3af73c3e659c5c,0.05000000074505806,0.0025088931433856487,26.00518035888672,0.638018012046814,0.0006284583359956741,32.017234802246094,0.9480158090591431,10.497284889221191,12.74921703338623,0.016102077439427376,33.281341552734375,0.06303895264863968,1.6681809425354004,33.281341552734375,0.217926025390625,0.0986328125
U-Tikhonov T16/CG32,90,90,0,/Users/kyrillguba/Documents/Data Analytics MSc/Thesis/Python/First Try/data/DIV2K/DIV2K_valid_HR/0891.png,div2k/0891.png/sigma_0.050,div2k,0891.png,20090,df25cc2cba32c4a350c4749f690c8d6acb73d96d359ca40b6fee4071dbf564d0,421e905729a92cab4f659e1ddb1bf1d771c753c1d167652bf852b8a13e934671,0.05000000074505806,0.002452274551615119,26.10430908203125,0.9113262891769409,0.0013015156146138906,28.855506896972656,0.9539139270782471,0.9489104747772217,2.3872268199920654,0.0033666728995740414,33.069950103759766,0.023345960304141045,0.27295947074890137,12.493376731872559,0.5586395263671875,1.52587890625e-05
U-Tikhonov T16/CG32,91,91,0,/Users/kyrillguba/Documents/Data Analytics MSc/Thesis/Python/First Try/data/DIV2K/DIV2K_valid_HR/0892.png,div2k/0892.png/sigma_0.050,div2k,0892.png,20091,cf51693d41de71e034484154f59145fbffeb5a48fb250085472f21ef15bc44ee,3cafed2fde4b57bf1807633e19dc80bea402b14e9c3980876c0f7c9215b861dc,0.05000000074505806,0.002447811421006918,26.112220764160156,0.9193196296691895,0.0014312714338302612,28.442781448364258,0.9512989521026611,0.675554633140564,1.8742306232452393,0.0015290908049792051,32.05094909667969,0.006809636019170284,0.14871814846992493,9.154452323913574,0.676239013671875,0.0
U-Tikhonov T16/CG32,92,92,0,/Users/kyrillguba/Documents/Data Analytics MSc/Thesis/Python/First Try/data/DIV2K/DIV2K_valid_HR/0893.png,div2k/0893.png/sigma_0.050,div2k,0893.png,20092,e38a2d9fc2bb1bfe2d7f4ac7ac04be6e3b640472049753a9ec509cb5b184dfae,a878a4f9219f30bc2ec3940c274d4b9a2a25ebe0a3266e469e0181b37c892a73,0.05000000074505806,0.0025149087887257338,25.99477767944336,0.7572695016860962,0.0006991736008785665,31.554149627685547,0.9407221078872681,2.4029788970947266,3.66019868850708,0.003818144090473652,33.28075408935547,0.019732361659407616,0.9720946550369263,17.928712844848633,0.309173583984375,0.0001678466796875
U-Tikhonov T16/CG32,93,93,0,/Users/kyrillguba/Documents/Data Analytics MSc/Thesis/Python/First Try/data/DIV2K/DIV2K_valid_HR/0894.png,div2k/0894.png/sigma_0.050,div2k,0894.png,20093,f7c053db8ff81bb3c056ed342eb0bfb9ba890e8adb30617f79d560f11e941c73,3d463b3e7a884a106cc74b530c35a6335045088c1b51b2e80c59951856a4b3e1,0.05000000074505806,0.0024041011929512024,26.190471649169922,0.702221155166626,0.0007844888605177402,31.054134368896484,0.88603675365448,4.205580711364746,5.414486885070801,0.0008454803610220551,33.281341552734375,0.03280598297715187,2.2497291564941406,27.690872192382812,0.1560821533203125,0.004180908203125
U-Tikhonov T16/CG32,94,94,0,/Users/kyrillguba/Documents/Data Analytics MSc/Thesis/Python/First Try/data/DIV2K/DIV2K_valid_HR/0895.png,div2k/0895.png/sigma_0.050,div2k,0895.png,20094,abdbc9e5dd323d44902bb35948460b514a4fe27d53aa9bc4f2072e0a425a5902,5d40f5addb18cb3d1e51dee5d67c4528bf69f82e268864b4ac85abbc858bcee8,0.05000000074505806,0.0024713503662496805,26.070659637451172,0.8485620021820068,0.0016750628128647804,27.759689331054688,0.8893812894821167,1.620728850364685,3.1516177654266357,0.0029911736492067575,33.24797058105469,0.03024211712181568,0.4274553954601288,16.093181610107422,0.4232025146484375,0.0003662109375
U-Tikhonov T16/CG32,95,95,0,/Users/kyrillguba/Documents/Data Analytics MSc/Thesis/Python/First Try/data/DIV2K/DIV2K_valid_HR/0896.png,div2k/0896.png/sigma_0.050,div2k,0896.png,20095,857388cd8fc429b194bc7374762cee70b099ddf090a6495b03d92edc4c8c7b8d,27af2283b2ab076eaa81356ab561d313279ce0d569c2e4877fdddf0ef320a479,0.05000000074505806,0.0022726221941411495,26.434728622436523,0.5752899050712585,0.0004201803239993751,33.76564407348633,0.9769704341888428,11.360051155090332,10.590280532836914,0.0011636819690465927,33.281341552734375,0.023801345378160477,7.9461517333984375,33.28017807006836,0.111175537109375,0.03668212890625
U-Tikhonov T16/CG32,96,96,0,/Users/kyrillguba/Documents/Data Analytics MSc/Thesis/Python/First Try/data/DIV2K/DIV2K_valid_HR/0897.png,div2k/0897.png/sigma_0.050,div2k,0897.png,20096,a75baf8d323b01687486bd536ce524304bab0a20ffcaf0d6d19c9abe9c8bef57,da79c380ada110768713c99a2ad422a7857a64ecbf57984e4d67ce6e8c4d3c70,0.05000000074505806,0.002324646105989814,26.3364315032959,0.9741009473800659,0.0020457766950130463,26.89141845703125,0.976839542388916,0.06588052213191986,0.3262425661087036,0.0002016998187173158,26.128992080688477,0.0006715094204992056,0.015964947640895844,0.7995654940605164,0.96795654296875,0.0
U-Tikhonov T16/CG32,97,97,0,/Users/kyrillguba/Documents/Data Analytics MSc/Thesis/Python/First Try/data/DIV2K/DIV2K_valid_HR/0898.png,div2k/0898.png/sigma_0.050,div2k,0898.png,20097,0f9b0c2f1793b1dd0ac81be97181b9e904a39fcf108cd39194842f26678085f7,22948b1ef3fcd8302fe9b4dd4d4aac4714e185a35570b7da3b68fe57b56fdad1,0.05000000074505806,0.002482225652784109,26.05158805847168,0.5179792046546936,0.00040865299524739385,33.88645553588867,0.9771065711975098,17.42915916442871,13.036308288574219,0.007152695208787918,33.281341552734375,0.04152018576860428,19.07120132446289,33.281341552734375,0.164031982421875,0.1585693359375
U-Tikhonov T16/CG32,98,98,0,/Users/kyrillguba/Documents/Data Analytics MSc/Thesis/Python/First Try/data/DIV2K/DIV2K_valid_HR/0899.png,div2k/0899.png/sigma_0.050,div2k,0899.png,20098,bea5ead4e165747f9c0e6d434cc536abdd4760b1a8da09c78f705024684bff65,f4921620b91b54ab8ae8f39e871106445b45f261f242a9fbf6d33d5e9cc3e9fe,0.05000000074505806,0.002485462464392185,26.045928955078125,0.8564862012863159,0.0010065388632938266,29.971694946289062,0.9446703195571899,1.442574381828308,3.405221462249756,0.0005307421088218689,33.281280517578125,0.005446718540042639,0.36961743235588074,18.79823875427246,0.4785919189453125,0.001220703125
U-Tikhonov T16/CG32,99,99,0,/Users/kyrillguba/Documents/Data Analytics MSc/Thesis/Python/First Try/data/DIV2K/DIV2K_valid_HR/0900.png,div2k/0900.png/sigma_0.050,div2k,0900.png,20099,72e06d86758e25d0f39e87b43b4ed00325b96cc08c65fc1809df35beee23e59c,05f111db00088713f2eb648ca109d3ed2f2cd730a89df2e3e70279429de302e6,0.05000000074505806,0.0021633352153003216,26.648761749267578,0.852595329284668,0.0011576202232390642,29.364337921142578,0.9227182865142822,2.1452584266662598,3.9971208572387695,0.0007242576102726161,33.27497863769531,0.01703246496617794,0.551508367061615,21.066509246826172,0.396697998046875,0.0003662109375
U-Tikhonov T16/CG32,100,0,0,/Users/kyrillguba/Documents/Data Analytics MSc/Thesis/Python/First Try/data/DIV2K/DIV2K_valid_HR/0801.png,div2k/0801.png/sigma_0.100,div2k,0801.png,20000,9ca598cce3296c3968a2f8f7685477f637dbdbbb9d4efb1cd418ca185bd31eef,5bc70c556c439e3ad16a0612b017823488632d8ab9075eafd042b541e95a3d8e,0.10000000149011612,0.0096769779920578,20.142602920532227,0.69742351770401,0.0029595436062663794,25.287752151489258,0.8494914174079895,1.7894794940948486,2.7935891151428223,0.008773730136454105,33.27648162841797,0.0731826201081276,0.9461421966552734,14.76041030883789,0.168701171875,0.000213623046875
U-Tikhonov T16/CG32,101,1,0,/Users/kyrillguba/Documents/Data Analytics MSc/Thesis/Python/First Try/data/DIV2K/DIV2K_valid_HR/0802.png,div2k/0802.png/sigma_0.100,div2k,0802.png,20001,3177c80331fb32ceee70ac3ef64d2e56a1bce05ea8a9c0b664e2592552554742,56b8614a91a95a3f5c5153bfe0e4e4bb5c87995c268e14381c075da55031ed9b,0.10000000149011612,0.009191468358039856,20.366153717041016,0.799968957901001,0.0020745082292705774,26.830846786499023,0.9428240060806274,1.7419102191925049,3.4064395427703857,0.009792978875339031,33.28133010864258,0.06557903438806534,0.7443631887435913,18.76993179321289,0.2275543212890625,0.0015411376953125
U-Tikhonov T16/CG32,102,2,0,/Users/kyrillguba/Documents/Data Analytics MSc/Thesis/Python/First Try/data/DIV2K/DIV2K_valid_HR/0803.png,div2k/0803.png/sigma_0.100,div2k,0803.png,20002,671a4205d217354c075117f716a83d9a5ef2b4c921475de333f15ac8882c9356,3897d20fbdaef314d3797b206677a444b48f34a7def0e96c690f0eb0f03b6f64,0.10000000149011612,0.010020711459219456,19.99101448059082,0.5532242655754089,0.0012592739658430219,28.998796463012695,0.911634087562561,3.4280030727386475,4.0617289543151855,0.004212955944240093,33.26029586791992,0.0637694001197815,2.082824945449829,20.667999267578125,0.0891265869140625,7.62939453125e-05
U-Tikhonov T16/CG32,103,3,0,/Users/kyrillguba/Documents/Data Analytics MSc/Thesis/Python/First Try/data/DIV2K/DIV2K_valid_HR/0804.png,div2k/0804.png/sigma_0.100,div2k,0804.png,20003,f95563d4b6e58b102c165eeec7f7e1ba2608e12c3a331510949f0cce842149ea,8ec4d7a591e0cdca2c9f0cc073f4a813bcd8abdcbf7339dae68d831f04184902,0.10000000149011612,0.009451879188418388,20.24481773376465,0.742481529712677,0.0026217098347842693,25.81415367126465,0.8924940824508667,2.950498580932617,5.541086196899414,0.004524821415543556,33.281341552734375,0.047506023198366165,0.9895468950271606,30.798954010009766,0.2284698486328125,0.004974365234375
U-Tikhonov T16/CG32,104,4,0,/Users/kyrillguba/Documents/Data Analytics MSc/Thesis/Python/First Try/data/DIV2K/DIV2K_valid_HR/0805.png,div2k/0805.png/sigma_0.100,div2k,0805.png,20004,bac34b49da4033070da28c152ece5c527c7274eafed4e320f3e7258274a93177,13e3f2a30b326ea1e6c557f2be7e313b9b3c4b3b25ea07381fb0d37e68a78c08,0.10000000149011612,0.009218410588800907,20.353439331054688,0.6337673664093018,0.002290933160111308,26.39987564086914,0.8349137902259827,2.7370963096618652,3.7639949321746826,0.005839530844241381,33.28126907348633,0.1000971794128418,1.500016689300537,20.21814727783203,0.0959625244140625,0.000823974609375
U-Tikhonov T16/CG32,105,5,0,/Users/kyrillguba/Documents/Data Analytics MSc/Thesis/Python/First Try/data/DIV2K/DIV2K_valid_HR/0806.png,div2k/0806.png/sigma_0.100,div2k,0806.png,20005,befc31ea0c7663db0351a7238adfea3153639f5dfa13cb7cacfd757a46539d49,70e25b70b1321615425e839c3e1d5b1d601eeb586b1c727a49b68e8ee2d34f55,0.10000000149011612,0.00968242809176445,20.140155792236328,0.5367704629898071,0.0014665427152067423,28.337055206298828,0.8913702964782715,5.131194114685059,6.115077972412109,0.017771901562809944,33.28044509887695,0.10452473163604736,2.7773849964141846,28.296581268310547,0.071807861328125,0.001007080078125
U-Tikhonov T16/CG32,106,6,0,/Users/kyrillguba/Documents/Data Analytics MSc/Thesis/Python/First Try/data/DIV2K/DIV2K_valid_HR/0807.png,div2k/0807.png/sigma_0.100,div2k,0807.png,20006,1e941eaeed69e78250491fe2c5b2f458f2f36301b8aa701227bd408f852fa572,ccec587e120d7723c88396ce26dcde7cf593f2f4f919248e97955334cd4fcbce,0.10000000149011612,0.009644688107073307,20.15711784362793,0.6150097846984863,0.0028049321845173836,25.52077865600586,0.8236774802207947,4.054404258728027,5.99939489364624,0.01495457999408245,33.281341552734375,0.10225138068199158,1.5580763816833496,30.59566879272461,0.109100341796875,0.0059967041015625
U-Tikhonov T16/CG32,107,7,0,/Users/kyrillguba/Documents/Data Analytics MSc/Thesis/Python/First Try/data/DIV2K/DIV2K_valid_HR/0808.png,div2k/0808.png/sigma_0.100,div2k,0808.png,20007,9666b1dba93f470d95570471f38f195acafae585deefb8498b5ebb625df94e78,520a6fe374d3ebb9df485fa61fbd573478f2ac6c5ce693201f28b97916c70c3f,0.10000000149011612,0.009302692487835884,20.313913345336914,0.41364091634750366,0.0014097082894295454,28.508708953857422,0.903738260269165,12.034721374511719,11.303912162780762,0.004452073015272617,33.281341552734375,0.07594860345125198,8.153038024902344,33.281341552734375,0.0723114013671875,0.064178466796875
U-Tikhonov T16/CG32,108,8,0,/Users/kyrillguba/Documents/Data Analytics MSc/Thesis/Python/First Try/data/DIV2K/DIV2K_valid_HR/0809.png,div2k/0809.png/sigma_0.100,div2k,0809.png,20008,f57d7f591d2770efb0162e925acaaef8e4ce467e58b7a54d53de058959be9978,02cc395d33e53480f9673f1a6497892c249607082301fedb6df6e6e3fc146458,0.10000000149011612,0.009794967249035835,20.089969635009766,0.5681920051574707,0.00197114166803658,27.05282211303711,0.7976797819137573,2.9907281398773193,4.151491641998291,0.00849237572401762,33.1700553894043,0.14708951115608215,1.545732021331787,22.101369857788086,0.0582275390625,7.62939453125e-05
U-Tikhonov T16/CG32,109,9,0,/Users/kyrillguba/Documents/Data Analytics MSc/Thesis/Python/First Try/data/DIV2K/DIV2K_valid_HR/0810.png,div2k/0810.png/sigma_0.100,div2k,0810.png,20009,50cf8d799292c4a6f6c23b4a8f1d0c08015da9c6e74d9109a31efdb1eb5d9df3,2b57d2dfcd12991aeb7ab9faf01a2d8f8bd96314f078c0bf5e52692b94518773,0.10000000149011612,0.009871197864413261,20.056303024291992,0.5139862298965454,0.0017160000279545784,27.654827117919922,0.8398420810699463,3.8332765102386475,4.215050220489502,0.020926136523485184,33.03245162963867,0.1513570100069046,2.424558639526367,21.174938201904297,0.0462646484375,4.57763671875e-05
U-Tikhonov T16/CG32,110,10,0,/Users/kyrillguba/Documents/Data Analytics MSc/Thesis/Python/First Try/data/DIV2K/DIV2K_valid_HR/0811.png,div2k/0811.png/sigma_0.100,div2k,0811.png,20010,ceab700e5944238d72f4ec94852a5ee6b9c353c54281c96ee7c6e9b9f2a16308,2a5be0e4fb830aa880a3ae425de9935ae5a11f956c4be2e5ce3f17fc8933ec02,0.10000000149011612,0.008832404389977455,20.53921127319336,0.5509722828865051,0.0022166981361806393,26.54293441772461,0.7722923755645752,5.3809661865234375,7.992663860321045,0.015195858664810658,33.281341552734375,0.14915607869625092,1.9701862335205078,33.28126525878906,0.0570526123046875,0.024261474609375
U-Tikhonov T16/CG32,111,11,0,/Users/kyrillguba/Documents/Data Analytics MSc/Thesis/Python/First Try/data/DIV2K/DIV2K_valid_HR/0812.png,div2k/0812.png/sigma_0.100,div2k,0812.png,20011,5f26939fc07611061a96f2a386a77ffd9251b83abf26ac7ecb5a44dcae97187b,f40eed7a4b5ba87ef7b157195200148072925c57c9d9370720b2d06685869aca,0.10000000149011612,0.009534102864563465,20.207202911376953,0.6157577633857727,0.002185473684221506,26.60454559326172,0.8859274983406067,6.988848686218262,9.925225257873535,0.0017267502844333649,33.281341552734375,0.04607361927628517,1.9860055446624756,33.281307220458984,0.1530609130859375,0.0377197265625
U-Tikhonov T16/CG32,112,12,0,/Users/kyrillguba/Documents/Data Analytics MSc/Thesis/Python/First Try/data/DIV2K/DIV2K_valid_HR/0813.png,div2k/0813.png/sigma_0.100,div2k,0813.png,20012,c34023db0a8b05fd8269a4d5afeb83670d5b08e7bce8d6c8cfe221a95b0e0b2f,5610545bcb496fb9dd55249cdcd93bb7631b13659b4b32682e9ab285276783f6,0.10000000149011612,0.008836835622787476,20.537033081054688,0.6159494519233704,0.002046110574156046,26.890708923339844,0.8900806903839111,5.7325897216796875,8.154014587402344,0.007896863855421543,33.281341552734375,0.06601370871067047,2.0516743659973145,32.890769958496094,0.14105224609375,0.009246826171875
U-Tikhonov T16/CG32,113,13,0,/Users/kyrillguba/Documents/Data Analytics MSc/Thesis/Python/First Try/data/DIV2K/DIV2K_valid_HR/0814.png,div2k/0814.png/sigma_0.100,div2k,0814.png,20013,9f544177fb7f24fc86ba1b0d9b9d0e664f093ce144600099ca215fbf1a3e3c25,1450de033911c1593b75144c18a82d91fc6a9e50ee5ff3ad69e7420652936412,0.10000000149011612,0.009942586533725262,20.025007247924805,0.3495311141014099,0.0011962680146098137,29.221715927124023,0.9215234518051147,19.684049606323242,14.309345245361328,0.017975686118006706,33.281341552734375,0.08628037571907043,27.949073791503906,33.281341552734375,0.08135986328125,0.3574066162109375
U-Tikhonov T16/CG32,114,14,0,/Users/kyrillguba/Documents/Data Analytics MSc/Thesis/Python/First Try/data/DIV2K/DIV2K_valid_HR/0815.png,div2k/0815.png/sigma_0.100,div2k,0815.png,20014,d8f2b2b3496e52c1ec43e3c5e28732516b24990b8a2361d1876240ad562db395,3600382f647ec23f968eaeb10ed0adc9dd235d82ae9cbc330c368d9cdb511f0b,0.10000000149011612,0.00968572311103344,20.13867950439453,0.6248074769973755,0.001970356795936823,27.054553985595703,0.8744314908981323,2.4756598472595215,3.8060476779937744,0.011345753446221352,33.2679557800293,0.07605133205652237,1.2775940895080566,21.22930908203125,0.1346893310546875,0.000732421875
U-Tikhonov T16/CG32,115,15,0,/Users/kyrillguba/Documents/Data Analytics MSc/Thesis/Python/First Try/data/DIV2K/DIV2K_valid_HR/0816.png,div2k/0816.png/sigma_0.100,div2k,0816.png,20015,f457e7c932a8730df29263aaf8e3c3a2e54e7e68e543a34cdbc085f7c21edf50,e5764cbdd758b4b453d67d749eba293ac7ecf98e8ab17c442aced76fa7664a18,0.10000000149011612,0.009482970461249352,20.23055648803711,0.544446587562561,0.0015550648095086217,28.082515716552734,0.8693046569824219,5.936273574829102,8.049785614013672,0.010739211924374104,33.28133773803711,0.11480755358934402,2.4059579372406006,33.07405090332031,0.0712432861328125,0.0119171142578125
U-Tikhonov T16/CG32,116,16,0,/Users/kyrillguba/Documents/Data Analytics MSc/Thesis/Python/First Try/data/DIV2K/DIV2K_valid_HR/0817.png,div2k/0817.png/sigma_0.100,div2k,0817.png,20016,b14c93dc0fd3fb833a2c04431c6af818313c8c6f744eb433dd1817a932b015cf,f779324f1135afcd06dffb24c876a93bd37dc07be9eb49a5c4e69a16ccda998e,0.10000000149011612,0.009596263989806175,20.178977966308594,0.5705644488334656,0.002013719640672207,26.960010528564453,0.8573669791221619,7.415430545806885,10.92750358581543,0.010000188834965229,33.281341552734375,0.08364526927471161,1.8459124565124512,33.28133773803711,0.1160736083984375,0.0732574462890625
U-Tikhonov T16/CG32,117,17,0,/Users/kyrillguba/Documents/Data Analytics MSc/Thesis/Python/First Try/data/DIV2K/DIV2K_valid_HR/0818.png,div2k/0818.png/sigma_0.100,div2k,0818.png,20017,00f18d236ddc7fe3a937cdcb41ce31082a90c94b9370fc202c7dce18dd80ab2a,ac917a4137abdf4235fde443eee93d4182e6c45809001bd79d91d2a6e4d80b8e,0.10000000149011612,0.00906631350517273,20.425691604614258,0.6061022877693176,0.0024463594891130924,26.114797592163086,0.8997839689254761,6.423124313354492,8.826699256896973,0.001520912628620863,33.281341552734375,0.051850419491529465,2.00307559967041,33.08216094970703,0.1935272216796875,0.0121917724609375
U-Tikhonov T16/CG32,118,18,0,/Users/kyrillguba/Documents/Data Analytics MSc/Thesis/Python/First Try/data/DIV2K/DIV2K_valid_HR/0819.png,div2k/0819.png/sigma_0.100,div2k,0819.png,20018,f7450c40d5c0aabdc2bd2a562302ca3993841849efca05e281ec4059186e528c,3f047b3b735aab1a28db9024b683c3bfd7ada2476ebfcd8a8700e3d65b8c98aa,0.10000000149011612,0.009486023336648941,20.229158401489258,0.6530311107635498,0.0025546543765813112,25.926677703857422,0.8264055252075195,3.203108549118042,5.017983913421631,0.013739096000790596,33.281341552734375,0.09078794717788696,1.4338409900665283,28.062206268310547,0.1161651611328125,0.0023956298828125
U-Tikhonov T16/CG32,119,19,0,/Users/kyrillguba/Documents/Data Analytics MSc/Thesis/Python/First Try/data/DIV2K/DIV2K_valid_HR/0820.png,div2k/0820.png/sigma_0.100,div2k,0820.png,20019,ab2cf6ba20cc18bafee4976e8be3cbf4a6db4afea570ef888fdebb8c8e0616f2,d521d8856defce4134d85fa271f2c5bb89b3390471c4c04cb629a9062250d448,0.10000000149011612,0.008936306461691856,20.488418579101562,0.7622074484825134,0.004524050280451775,23.444726943969727,0.8397790789604187,4.045011043548584,6.9232072830200195,0.0009683541138656437,33.281341552734375,0.029633712023496628,0.9941165447235107,31.841402053833008,0.273040771484375,0.00445556640625
U-Tikhonov T16/CG32,120,20,0,/Users/kyrillguba/Documents/Data Analytics MSc/Thesis/Python/First Try/data/DIV2K/DIV2K_valid_HR/0821.png,div2k/0821.png/sigma_0.100,div2k,0821.png,20020,ebd02fa51f1a3ee91b6ca90bb58a444e53385dd1193938609708b71bca4504a0,e0988bb88b8bc2155de87d46209371667886a4284b490d1bdfb61ea477cac4d9,0.10000000149011612,0.008856703527271748,20.527278900146484,0.8821395039558411,0.00521407276391983,22.828227996826172,0.9188757538795471,2.0309786796569824,4.88539457321167,0.0018295240588486195,33.27366638183594,0.018490377813577652,0.3512289822101593,28.06018829345703,0.4874725341796875,0.000823974609375
U-Tikhonov T16/CG32,121,21,0,/Users/kyrillguba/Documents/Data Analytics MSc/Thesis/Python/First Try/data/DIV2K/DIV2K_valid_HR/0822.png,div2k/0822.png/sigma_0.100,div2k,0822.png,20021,86c801c8390b132b94a9efaeb7a9bad9acdd1212e41d91d44b44811708142963,975ab59b0504a5784d99c6e6515c4acf76a3deafabe0121f6e53f9a556b98532,0.10000000149011612,0.009146437048912048,20.387479782104492,0.7088755965232849,0.0032638327684253454,24.862720489501953,0.8279743194580078,1.943239688873291,3.6830785274505615,0.009870787151157856,33.272865295410156,0.06657889485359192,0.81868577003479,21.503061294555664,0.2067718505859375,0.00067138671875
U-Tikhonov T16/CG32,122,22,0,/Users/kyrillguba/Documents/Data Analytics MSc/Thesis/Python/First Try/data/DIV2K/DIV2K_valid_HR/0823.png,div2k/0823.png/sigma_0.100,div2k,0823.png,20022,ec11d2cf0a95684902842094c84e0956a3cd35920ef85f25ba677348927a365c,4503f7bbd1222d220571fc5c93203bfa86d087def3acc2d7bb67ae703823efa6,0.10000000149011612,0.009676441550254822,20.14284324645996,0.5243744850158691,0.0021534860134124756,26.6685791015625,0.9138479232788086,11.856276512145996,13.428653717041016,0.012969011440873146,33.281341552734375,0.07037250697612762,2.7360427379608154,33.281341552734375,0.168182373046875,0.1064910888671875
U-Tikhonov T16/CG32,123,23,0,/Users/kyrillguba/Documents/Data Analytics MSc/Thesis/Python/First Try/data/DIV2K/DIV2K_valid_HR/0824.png,div2k/0824.png/sigma_0.100,div2k,0824.png,20023,5ce7bdee523a1299c6a42c3adbb96d0e62c2f40266823753b8c042edb8b10495,acafba4d8d7abdf9c503d2411b57067900f637d58d43430028f67091dda5217d,0.10000000149011612,0.009483656845986843,20.230243682861328,0.5942830443382263,0.0020724302157759666,26.835201263427734,0.8822745680809021,7.6755828857421875,9.677999496459961,0.001947228331118822,33.281341552734375,0.03347649425268173,3.235619068145752,33.28068542480469,0.2011566162109375,0.0308380126953125
U-Tikhonov T16/CG32,124,24,0,/Users/kyrillguba/Documents/Data Analytics MSc/Thesis/Python/First Try/data/DIV2K/DIV2K_valid_HR/0825.png,div2k/0825.png/sigma_0.100,div2k,0825.png,20024,0403db62808d832f7764170e8df2b8c78ad826e2a93d809f8cf6d018258b011a,7f05494aeb0b319f0df043dbf58299edb7909cbe999f75f65fe7cf7048083af8,0.10000000149011612,0.009548486210405827,20.200654983520508,0.7481750249862671,0.0030283143278211355,25.187990188598633,0.882860541343689,2.95432710647583,5.942312717437744,0.0017530362820252776,33.281341552734375,0.034604959189891815,0.8403879404067993,33.25056076049805,0.2932586669921875,0.012969970703125
U-Tikhonov T16/CG32,125,25,0,/Users/kyrillguba/Documents/Data Analytics MSc/Thesis/Python/First Try/data/DIV2K/DIV2K_valid_HR/0826.png,div2k/0826.png/sigma_0.100,div2k,0826.png,20025,b7fba61bcca359e5581b44283bbc34696cae71321e031969411ada23b17e2199,d523abbc1a0f6f18846ff748511683e4a250528af1dacd10bdd6ad2f705652bf,0.10000000149011612,0.009350886568427086,20.291471481323242,0.582999587059021,0.001982013927772641,27.028934478759766,0.8843841552734375,8.194694519042969,10.41513442993164,0.0066100554540753365,33.281341552734375,0.07371345907449722,2.6919050216674805,33.27347183227539,0.1090545654296875,0.0314483642578125
U-Tikhonov T16/CG32,126,26,0,/Users/kyrillguba/Documents/Data Analytics MSc/Thesis/Python/First Try/data/DIV2K/DIV2K_valid_HR/0827.png,div2k/0827.png/sigma_0.100,div2k,0827.png,20026,1a1d5ffbd89d79d7803cf86e2d8f6c75cd146872fd61e387fec71a904e384317,6c2a443ebd48754c66912251716b30634e9f21ec2dc9744b3ae16d87ef839488,0.10000000149011612,0.007821217179298401,21.067256927490234,0.3391401767730713,0.0009116395958699286,30.40176773071289,0.8164243698120117,9.475227355957031,9.069619178771973,0.013262277469038963,33.281341552734375,0.145568385720253,6.1479878425598145,33.28086853027344,0.0346527099609375,0.025848388671875
U-Tikhonov T16/CG32,127,27,0,/Users/kyrillguba/Documents/Data Analytics MSc/Thesis/Python/First Try/data/DIV2K/DIV2K_valid_HR/0828.png,div2k/0828.png/sigma_0.100,div2k,0828.png,20027,3b7551ae7f737167932c3230707f7075368102b6732eb16bfe514fd471223ea4,68b5b7984a2989eceb239eea152db17338e26b26dc24cd4f9a47806c4dcfcad2,0.10000000149011612,0.007739588618278503,21.112821578979492,0.6974624395370483,0.0042761871591210365,23.68943214416504,0.7993184328079224,6.6236162185668945,10.11820125579834,0.002383249578997493,33.281341552734375,0.02669941820204258,1.0549851655960083,33.281341552734375,0.2947845458984375,0.037139892578125
U-Tikhonov T16/CG32,128,28,0,/Users/kyrillguba/Documents/Data Analytics MSc/Thesis/Python/First Try/data/DIV2K/DIV2K_valid_HR/0829.png,div2k/0829.png/sigma_0.100,div2k,0829.png,20028,7fef744df96a3f5b2077c74a59929852deb533e35d4804c7c745471471543ed7,45d3447b0e35c11922bd6dfc03759afbce56fdfa1ab4374e4025d0a67c08b63b,0.10000000149011612,0.009670507162809372,20.145509719848633,0.5172064304351807,0.0013210127362981439,28.790929794311523,0.875685453414917,7.001667022705078,8.688791275024414,0.004036918748170137,33.281341552734375,0.05259383097290993,3.0817930698394775,33.13377380371094,0.097259521484375,0.0129241943359375
U-Tikhonov T16/CG32,129,29,0,/Users/kyrillguba/Documents/Data Analytics MSc/Thesis/Python/First Try/data/DIV2K/DIV2K_valid_HR/0830.png,div2k/0830.png/sigma_0.100,div2k,0830.png,20029,33405798eea5a2bbd23d383a107f9127b4f5d220ad2d443bdb05db6049757a90,fa1014a253f03e5c0689587282002a607b21e2fcf591210d45c4b4aec93ac54e,0.10000000149011612,0.009921448305249214,20.03424835205078,0.484535276889801,0.0018800045363605022,27.258413314819336,0.8347889184951782,9.250447273254395,10.348691940307617,0.014257830567657948,33.281341552734375,0.08739539235830307,4.494448184967041,33.27732849121094,0.07977294921875,0.033905029296875
U-Tikhonov T16/CG32,130,30,0,/Users/kyrillguba/Documents/Data Analytics MSc/Thesis/Python/First Try/data/DIV2K/DIV2K_valid_HR/0831.png,div2k/0831.png/sigma_0.100,div2k,0831.png,20030,37f625cf3b90622b2047f8f9b3e488dcb450cde9c639eb5f94e082ec5148792e,d94e7500ff5e3743622762dfca7994da5fa7af5c20dcfab0e032d469201ae55b,0.10000000149011612,0.009035764262080193,20.440351486206055,0.6673297882080078,0.002733780536800623,25.63236427307129,0.8526365756988525,3.1103832721710205,4.901832580566406,0.0041855317540466785,33.27974319458008,0.048313967883586884,1.3357023000717163,26.381511688232422,0.1729888916015625,0.0011749267578125
U-Tikhonov T16/CG32,131,31,0,/Users/kyrillguba/Documents/Data Analytics MSc/Thesis/Python/First Try/data/DIV2K/DIV2K_valid_HR/0832.png,div2k/0832.png/sigma_0.100,div2k,0832.png,20031,678db3c6c13225750b6bb2ae62b3e9ffdbdb3491d462fa2451e73fea851ed64c,8cd5b24dfa77b72b1d7c53f473790d526f36b09838e6e9103ef576f83ee81242,0.10000000149011612,0.009017338044941425,20.44921875,0.6776522994041443,0.002558681182563305,25.919837951660156,0.8798792958259583,4.003263473510742,6.195889949798584,0.004363867919892073,33.281341552734375,0.04816512018442154,1.456075668334961,29.851526260375977,0.1928863525390625,0.0033111572265625
U-Tikhonov T16/CG32,132,32,0,/Users/kyrillguba/Documents/Data Analytics MSc/Thesis/Python/First Try/data/DIV2K/DIV2K_valid_HR/0833.png,div2k/0833.png/sigma_0.100,div2k,0833.png,20032,196e9aedca5a8ddb4904ed57c8a1a32e080164df130d093fbc86da6222f32553,76c3607abc2d73c2bf54a006ea8bbe5b91d123cda9e61617327c7e4f5bcb29de,0.10000000149011612,0.00907338596880436,20.422306060791016,0.5003514289855957,0.001615574350580573,27.916732788085938,0.9272834062576294,10.720979690551758,11.923164367675781,0.0019901643972843885,33.281341552734375,0.057988230139017105,4.099647521972656,33.28019714355469,0.1072845458984375,0.055511474609375
U-Tikhonov T16/CG32,133,33,0,/Users/kyrillguba/Documents/Data Analytics MSc/Thesis/Python/First Try/data/DIV2K/DIV2K_valid_HR/0834.png,div2k/0834.png/sigma_0.100,div2k,0834.png,20033,43cd5d3407a2ec5d9396c0ba9f3595990830fe17adfb5b3d69777dc489012502,6f85001147428e5fa8b8832a9e83c274ddf4415e8b52081c47e5381113f4aecf,0.10000000149011612,0.008551173843443394,20.67974281311035,0.5625623464584351,0.0018953081453219056,27.223203659057617,0.8862077593803406,7.377292156219482,9.61470890045166,0.00918757263571024,33.281341552734375,0.06979382038116455,2.447826623916626,33.25923538208008,0.1146697998046875,0.0193634033203125
U-Tikhonov T16/CG32,134,34,0,/Users/kyrillguba/Documents/Data Analytics MSc/Thesis/Python/First Try/data/DIV2K/DIV2K_valid_HR/0835.png,div2k/0835.png/sigma_0.100,div2k,0835.png,20034,80084574e021b9b385517a807fa4f62735358952d97592c2b192db98626e086c,66799b661073557f2d3380525a876b741faef7fa369c895525cf350830f20820,0.10000000149011612,0.009692177176475525,20.135787963867188,0.6203199625015259,0.0026461840607225895,25.773799896240234,0.8086892366409302,3.444464683532715,5.048946380615234,0.020719172433018684,33.281070709228516,0.10205267369747162,1.5901985168457031,26.639619827270508,0.1009368896484375,0.0020904541015625
U-Tikhonov T16/CG32,135,35,0,/Users/kyrillguba/Documents/Data Analytics MSc/Thesis/Python/First Try/data/DIV2K/DIV2K_valid_HR/0836.png,div2k/0836.png/sigma_0.100,div2k,0836.png,20035,d774c40f160da761b384b399f5636cb3cfecf88e2cc5d41c78f575c3bea500af,3d619a1af2b6657712679994d89ef15d0975d3c7c5b026fa848857951fff72f5,0.10000000149011612,0.008989027701318264,20.462873458862305,0.6440120935440063,0.002533450722694397,25.96287727355957,0.8957805633544922,5.907248020172119,9.422006607055664,0.009492549113929272,33.281341552734375,0.06276565790176392,1.4206154346466064,33.2777214050293,0.1648712158203125,0.02484130859375
U-Tikhonov T16/CG32,136,36,0,/Users/kyrillguba/Documents/Data Analytics MSc/Thesis/Python/First Try/data/DIV2K/DIV2K_valid_HR/0837.png,div2k/0837.png/sigma_0.100,div2k,0837.png,20036,af3a3f14f10fd37d750995ae36a4d7d4e23e7343e1fc6fb8ddf8342f79d68d35,a004e4dcc378ed000b11429c85db08b896894bbcc0e8a8e467cacb0c8face975,0.10000000149011612,0.00916203297674656,20.380081176757812,0.765365481376648,0.0032336064614355564,24.903127670288086,0.8858742117881775,1.8988922834396362,3.73164963722229,0.005119094625115395,33.281341552734375,0.04862751439213753,0.6900075674057007,21.21280860900879,0.283935546875,0.000762939453125
U-Tikhonov T16/CG32,137,37,0,/Users/kyrillguba/Documents/Data Analytics MSc/Thesis/Python/First Try/data/DIV2K/DIV2K_valid_HR/0838.png,div2k/0838.png/sigma_0.100,div2k,0838.png,20037,a419adae2a9bbcb7b328e0e98815224877487f12f01cec7bd572e3a61b346f36,73c2c92e98f5548121634934b7f8b396da2f106fa5edff6fa4406bcb5bb7bb07,0.10000000149011612,0.009333591908216476,20.299510955810547,0.489147812128067,0.0008473983034491539,30.719125747680664,0.9207353591918945,8.00883674621582,10.381853103637695,0.011021554470062256,33.281341552734375,0.12328330427408218,3.005276679992676,33.281341552734375,0.0505218505859375,0.0702056884765625
U-Tikhonov T16/CG32,138,38,0,/Users/kyrillguba/Documents/Data Analytics MSc/Thesis/Python/First Try/data/DIV2K/DIV2K_valid_HR/0839.png,div2k/0839.png/sigma_0.100,div2k,0839.png,20038,9ed3b7789f4dcc0b1bfd3a6e2391350b33a63a89353a3bd50f5bde4b89d2f647,3b2839787a4e994067fee71a5a1c8fb78033e5cbc93482ea5970729be4a87066,0.10000000149011612,0.007751947268843651,21.105892181396484,0.4432066082954407,0.002182368654757738,26.610719680786133,0.5621939897537231,10.784961700439453,12.397842407226562,0.0037308628670871258,33.281341552734375,0.0940399244427681,3.151212692260742,33.281341552734375,0.0730133056640625,0.102752685546875
U-Tikhonov T16/CG32,139,39,0,/Users/kyrillguba/Documents/Data Analytics MSc/Thesis/Python/First Try/data/DIV2K/DIV2K_valid_HR/0840.png,div2k/0840.png/sigma_0.100,div2k,0840.png,20039,df4e88246e2af519b1c29adccc7944ac0f8568e6a1ef7d65c39dc4fcd2a3dd5b,1f17b191a1cb4c7983a7c9b878a8cd852a388158dbaf91a28f09e346d483a71e,0.10000000149011612,0.009186126291751862,20.368675231933594,0.7120739221572876,0.0027811231557279825,25.55780029296875,0.8581306338310242,2.012418746948242,3.2959656715393066,0.009602082893252373,33.2775993347168,0.07638134062290192,1.0011417865753174,18.24775505065918,0.1578369140625,0.0001220703125
U-Tikhonov T16/CG32,140,40,0,/Users/kyrillguba/Documents/Data Analytics MSc/Thesis/Python/First Try/data/DIV2K/DIV2K_valid_HR/0841.png,div2k/0841.png/sigma_0.100,div2k,0841.png,20040,b85a5c827a7d17dab432c8f79abc120715b867e00f3bcbe182f90d6c23ecff6f,8c1ee2b2fc094e7d06b937c0217e04765d471915ef200473146ecd3282885518,0.10000000149011612,0.009126249700784683,20.397075653076172,0.5158218145370483,0.0019856481812894344,27.020977020263672,0.8396073579788208,6.309274196624756,8.157219886779785,0.010753361508250237,33.281341552734375,0.08412037789821625,2.7016186714172363,33.27658462524414,0.111236572265625,0.0163421630859375
U-Tikhonov T16/CG32,141,41,0,/Users/kyrillguba/Documents/Data Analytics MSc/Thesis/Python/First Try/data/DIV2K/DIV2K_valid_HR/0842.png,div2k/0842.png/sigma_0.100,div2k,0842.png,20041,e0fe2755785538efb2ac1c7a4fc4e854d8206a8f09b68ac1931f0544c3e7cc53,35fce4372c911a0760c19a4858630bf39e9be9413b3d00e9529bb3c55d6fb672,0.10000000149011612,0.008929554373025894,20.491703033447266,0.5761888027191162,0.0017297199228778481,27.620241165161133,0.8717360496520996,5.446723461151123,7.243122100830078,0.009721807204186916,33.281341552734375,0.07442399114370346,2.507690906524658,32.89656066894531,0.1083984375,0.0096282958984375
U-Tikhonov T16/CG32,142,42,0,/Users/kyrillguba/Documents/Data Analytics MSc/Thesis/Python/First Try/data/DIV2K/DIV2K_valid_HR/0843.png,div2k/0843.png/sigma_0.100,div2k,0843.png,20042,8d4db85adca20e5911d117b4bb54fdfb3f22b2a02cceb14242bb7540955f6140,4396acf5db3292779c648b276f459c5db8e2d2d60f75764d3d5013efb9ad0c61,0.10000000149011612,0.006897990591824055,21.612775802612305,0.2857520580291748,0.0006498493021354079,31.87187385559082,0.9563338756561279,22.294021606445312,12.26747989654541,0.0036509218625724316,33.281341552734375,0.07136474549770355,28.183868408203125,33.281341552734375,0.055999755859375,0.251312255859375
U-Tikhonov T16/CG32,143,43,0,/Users/kyrillguba/Documents/Data Analytics MSc/Thesis/Python/First Try/data/DIV2K/DIV2K_valid_HR/0844.png,div2k/0844.png/sigma_0.100,div2k,0844.png,20043,15c2150d7c67049e1e35243bac1a1a68c6f0e57215592b78ed9b74e130ed1370,81716fb24e15948d4c559e010784e178d010208e374b3fa77390bf2e1119561b,0.10000000149011612,0.008547065779566765,20.68182945251465,0.33853840827941895,0.000687302730511874,31.628520965576172,0.8851577043533325,13.205280303955078,11.591382026672363,0.006761585362255573,33.281341552734375,0.1032775267958641,8.712041854858398,33.2796630859375,0.0348358154296875,0.06005859375
U-Tikhonov T16/CG32,144,44,0,/Users/kyrillguba/Documents/Data Analytics MSc/Thesis/Python/First Try/data/DIV2K/DIV2K_valid_HR/0845.png,div2k/0845.png/sigma_0.100,div2k,0845.png,20044,3afec5a048f16903b44498719256567f9874b218bd408f06ae16848d5bfd4779,4bcb3c23daecdc254d579c8d39d68436083c954664b8c7bcd4f3074845db63a0,0.10000000149011612,0.007887687534093857,21.030502319335938,0.5800467133522034,0.002793679479509592,25.53823471069336,0.8621920347213745,8.547006607055664,10.467068672180176,0.0026612288784235716,33.281341552734375,0.02888488583266735,3.028614044189453,33.240474700927734,0.1916961669921875,0.021697998046875
U-Tikhonov T16/CG32,145,45,0,/Users/kyrillguba/Documents/Data Analytics MSc/Thesis/Python/First Try/data/DIV2K/DIV2K_valid_HR/0846.png,div2k/0846.png/sigma_0.100,div2k,0846.png,20045,bfa025022780e8b45b7d8ca41bf0c1aa0ef062e997a3e07e7b0b4766072a0c65,ef61b57813715c2a4ca032b455913e793bcd3b4bae6d56a574377a98fad4b983,0.10000000149011612,0.007892230525612831,21.028003692626953,0.6083446741104126,0.0036097439005970955,24.42523765563965,0.8400459289550781,7.493391513824463,10.556644439697266,0.006246770732104778,33.281341552734375,0.05532655119895935,1.7321293354034424,33.28133010864258,0.1650848388671875,0.04083251953125
U-Tikhonov T16/CG32,146,46,0,/Users/kyrillguba/Documents/Data Analytics MSc/Thesis/Python/First Try/data/DIV2K/DIV2K_valid_HR/0847.png,div2k/0847.png/sigma_0.100,div2k,0847.png,20046,a03ac31eb9aa42c51d2ec103e996158d3f7890d32752d0e5a0bece66c7f0a096,22c960d9b264401c4af7b57ae07d03f7ae02355432012f2738b9cc5b52f13e67,0.10000000149011612,0.008751721121370792,20.57906723022461,0.7116260528564453,0.0028440244495868683,25.46066665649414,0.9024228453636169,5.240671157836914,8.247916221618652,0.004954487085342407,33.281341552734375,0.038665421307086945,1.3550751209259033,33.21636199951172,0.2232666015625,0.0142974853515625
U-Tikhonov T16/CG32,147,47,0,/Users/kyrillguba/Documents/Data Analytics MSc/Thesis/Python/First Try/data/DIV2K/DIV2K_valid_HR/0848.png,div2k/0848.png/sigma_0.100,div2k,0848.png,20047,226e619ed1295a7c7b4eb9d622c6124c81ba03e21362bb8eee67e67dced25224,29141bb4c48bd018ea9e6e7e5bcf7acbd1ec089db3974cea22deaa532db4e025,0.10000000149011612,0.00900827907025814,20.453582763671875,0.6942570209503174,0.002259628614410758,26.459632873535156,0.8982124328613281,3.8416085243225098,6.601779460906982,0.00447513721883297,33.281341552734375,0.03858169913291931,1.2876596450805664,33.01080322265625,0.19879150390625,0.0106048583984375
U-Tikhonov T16/CG32,148,48,0,/Users/kyrillguba/Documents/Data Analytics MSc/Thesis/Python/First Try/data/DIV2K/DIV2K_valid_HR/0849.png,div2k/0849.png/sigma_0.100,div2k,0849.png,20048,2c70dd5654b23e4a9ab11865c6c70e3077823c4972ad389deddc84dd9edc36b8,67496b41386bc3c88e9e83ee22b8d3a57f6f0a4ba1269ebd2b1c5bc752d1a3bc,0.10000000149011612,0.00921087246388197,20.35699462890625,0.8438193202018738,0.004886644892394543,23.109893798828125,0.8972337245941162,1.50115966796875,3.3248324394226074,0.003455785568803549,33.281341552734375,0.029436225071549416,0.4434738755226135,18.202707290649414,0.4213104248046875,0.000885009765625
U-Tikhonov T16/CG32,149,49,0,/Users/kyrillguba/Documents/Data Analytics MSc/Thesis/Python/First Try/data/DIV2K/DIV2K_valid_HR/0850.png,div2k/0850.png/sigma_0.100,div2k,0850.png,20049,b0e8b344c318dfae08640e56c0b52ec6df0909ea2a5c7128b8b44308511dabe7,e5eed9b98168c320aae9491f2de893ed92ccc53e0d6c387e72f8d2e90f262460,0.10000000149011612,0.009512841701507568,20.216899871826172,0.5987415313720703,0.0019254835788160563,27.15460205078125,0.8612263798713684,4.623379707336426,6.597681999206543,0.003732763696461916,33.281341552734375,0.0798410102725029,2.103860855102539,31.897014617919922,0.1059722900390625,0.0054931640625
U-Tikhonov T16/CG32,150,50,0,/Users/kyrillguba/Documents/Data Analytics MSc/Thesis/Python/First Try/data/DIV2K/DIV2K_valid_HR/0851.png,div2k/0851.png/sigma_0.100,div2k,0851.png,20050,6cd623610d71351bd69a4193263bc448cd15272dcfd17f66224ecc57d176c5d0,04b876fb5e620624fb5a789176b565a5f47cf999cd2769f1f04b3699cd551808,0.10000000149011612,0.00909978523850441,20.40968894958496,0.45385831594467163,0.001535290852189064,28.138093948364258,0.929701030254364,15.456897735595703,13.8737211227417,0.008793019689619541,33.281341552734375,0.05329836905002594,11.942350387573242,33.281341552734375,0.1298980712890625,0.208953857421875
U-Tikhonov T16/CG32,151,51,0,/Users/kyrillguba/Documents/Data Analytics MSc/Thesis/Python/First Try/data/DIV2K/DIV2K_valid_HR/0852.png,div2k/0852.png/sigma_0.100,div2k,0852.png,20051,73b3c50a05a0fcb1a26fb8f3d88ebc57fe34409f6e6d0d125e46c18d90cca3a1,17353f211f92fc85c89c297f06876badb25b6456c6b233a1a98aee22ee086d70,0.10000000149011612,0.006303895264863968,22.003910064697266,0.33275675773620605,0.0015808960888534784,28.010967254638672,0.5909595489501953,10.113125801086426,10.026151657104492,0.03728071600198746,33.281341552734375,0.2080611139535904,5.994428634643555,33.281307220458984,0.0252532958984375,0.037017822265625
U-Tikhonov T16/CG32,152,52,0,/Users/kyrillguba/Documents/Data Analytics MSc/Thesis/Python/First Try/data/DIV2K/DIV2K_valid_HR/0853.png,div2k/0853.png/sigma_0.100,div2k,0853.png,20052,e9eb55fc2bc1bcfd2fad63122c380357a672f2b9f14b61a7547da796324e10c2,2a4a46f0eaf5d1fadc00d4ef05bf92a9fe627ad832048c6055af87d61f360962,0.10000000149011612,0.008257114328444004,20.831716537475586,0.393589586019516,0.0011858864454552531,29.25956916809082,0.8926699161529541,13.80565071105957,12.96303653717041,0.006893866695463657,33.281341552734375,0.09175189584493637,8.269258499145508,33.281341552734375,0.06512451171875,0.13262939453125
U-Tikhonov T16/CG32,153,53,0,/Users/kyrillguba/Documents/Data Analytics MSc/Thesis/Python/First Try/data/DIV2K/DIV2K_valid_HR/0854.png,div2k/0854.png/sigma_0.100,div2k,0854.png,20053,dbefb08aac7a5ad65da8e59ab21cbb0e921c9ad6da4d670be4cb2a982a3e2ffe,bd525848244c4016e4998c6599de8de721f2e9eb73659da056c41adcf5624910,0.10000000149011612,0.009751019068062305,20.109500885009766,0.6039422750473022,0.00269695813767612,25.691259384155273,0.8669948577880859,7.150350570678711,10.350603103637695,0.007651365362107754,33.281341552734375,0.06538031250238419,1.6865307092666626,33.27570724487305,0.1563262939453125,0.0313568115234375
U-Tikhonov T16/CG32,154,54,0,/Users/kyrillguba/Documents/Data Analytics MSc/Thesis/Python/First Try/data/DIV2K/DIV2K_valid_HR/0855.png,div2k/0855.png/sigma_0.100,div2k,0855.png,20054,9e2b3caa326eef35864ca6323728491aaf77f5232b3a1b7435275b7a4b5bc314,9c884a4c1264511665220097ef6455b848e483cc451c7b09ba79a3bc39982fef,0.10000000149011612,0.009356774389743805,20.288738250732422,0.5107844471931458,0.0016639535315334797,27.788589477539062,0.8456681966781616,5.960489273071289,7.323096752166748,0.006178207229822874,33.281341552734375,0.13121677935123444,3.0323967933654785,32.690208435058594,0.0501861572265625,0.0085601806640625
U-Tikhonov T16/CG32,155,55,0,/Users/kyrillguba/Documents/Data Analytics MSc/Thesis/Python/First Try/data/DIV2K/DIV2K_valid_HR/0856.png,div2k/0856.png/sigma_0.100,div2k,0856.png,20055,66cf31de43a337537e663db0aecf5dd0004e87a0fbe2bd2cdc7ed9a8b4a93ece,8db0d4fb635c06647b3d027ad817c93618ff33a3591a9b57db124c192372aa52,0.10000000149011612,0.009079148061573505,20.4195499420166,0.443595290184021,0.0018852681387215853,27.24626922607422,0.7230242490768433,6.556684494018555,8.260452270507812,0.03572700172662735,33.281341552734375,0.20134440064430237,3.029531955718994,33.22931671142578,0.0305938720703125,0.0142669677734375
U-Tikhonov T16/CG32,156,56,0,/Users/kyrillguba/Documents/Data Analytics MSc/Thesis/Python/First Try/data/DIV2K/DIV2K_valid_HR/0857.png,div2k/0857.png/sigma_0.100,div2k,0857.png,20056,ab895c24c3f27bd01daebb297e1995e3f7eaba3372e5cc7e32fb98edb3dfd93b,476bbdf273fdcd9ae475898c6ecc7ce6e5edaf3d4d08218db00d7bed56909036,0.10000000149011612,0.00997798889875412,20.009571075439453,0.4474475383758545,0.0007057434413582087,31.513534545898438,0.9148588180541992,6.049607276916504,5.770587921142578,0.011334918439388275,33.28072738647461,0.1426917165517807,4.228250980377197,27.27149200439453,0.032501220703125,0.00091552734375
U-Tikhonov T16/CG32,157,57,0,/Users/kyrillguba/Documents/Data Analytics MSc/Thesis/Python/First Try/data/DIV2K/DIV2K_valid_HR/0858.png,div2k/0858.png/sigma_0.100,div2k,0858.png,20057,69c3c9a846793f1dd2cda90db3fba707412671412126cd1eaad1496e784f7c0e,0995b1952cfd847384835bae14f9a97cce530f1e88cfd5c392481a0c5c30bbd1,0.10000000149011612,0.007848209701478481,21.05229377746582,0.5598976612091064,0.0023545038420706987,26.281005859375,0.7397549152374268,6.149151802062988,8.60140323638916,0.014182902872562408,33.281341552734375,0.09834573417901993,2.109516143798828,33.2699089050293,0.0951690673828125,0.017669677734375
U-Tikhonov T16/CG32,158,58,0,/Users/kyrillguba/Documents/Data Analytics MSc/Thesis/Python/First Try/data/DIV2K/DIV2K_valid_HR/0859.png,div2k/0859.png/sigma_0.100,div2k,0859.png,20058,0783919bca182fbd4ec27a809e6b7e6c58e89fddb3d3ef3d1bd5c807651c9a53,9e180ea026a3eef1371dab91bcf0d927754d8dee60a9b4becb90165ef4632c49,0.10000000149011612,0.009828127920627594,20.075292587280273,0.6457004547119141,0.0027486588805913925,25.60879135131836,0.8243805766105652,3.3935742378234863,4.960440158843994,0.006663832813501358,33.281341552734375,0.08456065505743027,1.4878239631652832,25.76633071899414,0.1246795654296875,0.0014190673828125
U-Tikhonov T16/CG32,159,59,0,/Users/kyrillguba/Documents/Data Analytics MSc/Thesis/Python/First Try/data/DIV2K/DIV2K_valid_HR/0860.png,div2k/0860.png/sigma_0.100,div2k,0860.png,20059,6323c40a5d11f381b901e87cf8f54d9578bc32be44b9350ac5386eb44224de4a,63ead1cd4b82fcf5bffae114e0fb4ca2e4246029d73f8633a1acde2e19613fe0,0.10000000149011612,0.009273558855056763,20.327537536621094,0.7460750341415405,0.003838874865323305,24.157960891723633,0.8288295269012451,1.7147068977355957,3.019822120666504,0.011501849628984928,33.279144287109375,0.0651663988828659,0.8210111856460571,16.450193405151367,0.1994171142578125,0.0001068115234375
U-Tikhonov T16/CG32,160,60,0,/Users/kyrillguba/Documents/Data Analytics MSc/Thesis/Python/First Try/data/DIV2K/DIV2K_valid_HR/0861.png,div2k/0861.png/sigma_0.100,div2k,0861.png,20060,c3df240f2bf2bcdcdc9060b4ba3b0dd6324594f485ce3ee2d407f0b5364d72d7,a9a12e0aaefddc591199232f1d5f742e9109541608c31ecf59629e223d529eec,0.10000000149011612,0.007323967292904854,21.352537155151367,0.6070129871368408,0.0031511876732110977,25.0152587890625,0.7498651742935181,6.853212833404541,9.080862998962402,0.0038743061013519764,33.281341552734375,0.04747958853840828,2.357774496078491,33.11540985107422,0.18359375,0.0128173828125
U-Tikhonov T16/CG32,161,61,0,/Users/kyrillguba/Documents/Data Analytics MSc/Thesis/Python/First Try/data/DIV2K/DIV2K_valid_HR/0862.png,div2k/0862.png/sigma_0.100,div2k,0862.png,20061,b28039f4ed1566ad4bef028589288dfa1cf33c4b676694010eb5d0d9f228ef50,959ccc78623b336d62f55a6a714d36d189c961c063e3dadc6f1f2acbc6c70a2a,0.10000000149011612,0.009982351213693619,20.007671356201172,0.33325788378715515,0.0006260399241000414,32.03398132324219,0.891432523727417,13.205501556396484,11.445168495178223,0.0220278799533844,33.281341552734375,0.30325692892074585,8.777872085571289,33.28114318847656,0.0119781494140625,0.0683135986328125
U-Tikhonov T16/CG32,162,62,0,/Users/kyrillguba/Documents/Data Analytics MSc/Thesis/Python/First Try/data/DIV2K/DIV2K_valid_HR/0863.png,div2k/0863.png/sigma_0.100,div2k,0863.png,20062,69a9aeec52e386294dc8c778c0d11c7f842f0960ca488aa898c25c50220c823a,5618043d9d3bf03908250b939c6297cb19642235a3c4b3af94b85798507b799b,0.10000000149011612,0.0091111334040761,20.404277801513672,0.5163592100143433,0.0015044608153402805,28.226192474365234,0.906520664691925,7.94331169128418,10.718582153320312,0.013271452859044075,33.281341552734375,0.09152410924434662,1.88133704662323,33.268802642822266,0.128387451171875,0.02630615234375
U-Tikhonov T16/CG32,163,63,0,/Users/kyrillguba/Documents/Data Analytics MSc/Thesis/Python/First Try/data/DIV2K/DIV2K_valid_HR/0864.png,div2k/0864.png/sigma_0.100,div2k,0864.png,20063,fb786dffb18452c590dd1e18bebeea18d1c1bec24fd9d36d75ba35ad6c8a81d3,12fb470b3d46c90d01b555ae70f59db0f7bfbf9cd2bcdc6fd3ea0b8ed76202d2,0.10000000149011612,0.0095108263194561,20.217817306518555,0.6106503009796143,0.001872772118076682,27.275150299072266,0.8503811359405518,3.283785343170166,5.0393877029418945,0.017034059390425682,33.281341552734375,0.13153403997421265,1.5630302429199219,29.39867401123047,0.0725555419921875,0.0048828125
U-Tikhonov T16/CG32,164,64,0,/Users/kyrillguba/Documents/Data Analytics MSc/Thesis/Python/First Try/data/DIV2K/DIV2K_valid_HR/0865.png,div2k/0865.png/sigma_0.100,div2k,0865.png,20064,f92af3991be3de305c0efcfbe87ac07586eb280db7c47c56bbf8452a9b10010c,f67e280d87d20f1c266f6b5b05d10e674034d6352756e35108aee9a2fa9286bd,0.10000000149011612,0.009856237098574638,20.062889099121094,0.5661797523498535,0.0018066804623231292,27.43118667602539,0.8614542484283447,4.3302321434021,6.313693046569824,0.017308153212070465,33.2807502746582,0.09072212874889374,1.644592523574829,30.54116439819336,0.1180877685546875,0.00390625
U-Tikhonov T16/CG32,165,65,0,/Users/kyrillguba/Documents/Data Analytics MSc/Thesis/Python/First Try/data/DIV2K/DIV2K_valid_HR/0866.png,div2k/0866.png/sigma_0.100,div2k,0866.png,20065,64fe1cb87ea16bd47a4af52b635bd686b87a3bb0bb006aa875e7090e7f4f1b09,5a433ea275e536aa640c70b64ed3189144c7b9d55b564f7b9a573197f2c2105b,0.10000000149011612,0.009749007411301136,20.110397338867188,0.7100076079368591,0.003056577406823635,25.147647857666016,0.8616015911102295,2.8584141731262207,5.014260292053223,0.005754162557423115,33.186920166015625,0.04329463467001915,0.9038817882537842,25.973373413085938,0.248870849609375,0.000213623046875
U-Tikhonov T16/CG32,166,66,0,/Users/kyrillguba/Documents/Data Analytics MSc/Thesis/Python/First Try/data/DIV2K/DIV2K_valid_HR/0867.png,div2k/0867.png/sigma_0.100,div2k,0867.png,20066,a1b0a4eea55a3cc398df9e911e7db0ecbec9938d8ca0f96d3252df65b6daed62,d3596bfffab130a8252c78644bb26e7ffe06ec9cd2771644261183d83a4e1cc0,0.10000000149011612,0.009541342034935951,20.20390510559082,0.7404269576072693,0.00279166828840971,25.541362762451172,0.8875345587730408,2.697416305541992,5.545596122741699,0.004106694832444191,33.281341552734375,0.05207560211420059,0.7707985043525696,31.47661590576172,0.2498779296875,0.0060272216796875
U-Tikhonov T16/CG32,167,67,0,/Users/kyrillguba/Documents/Data Analytics MSc/Thesis/Python/First Try/data/DIV2K/DIV2K_valid_HR/0868.png,div2k/0868.png/sigma_0.100,div2k,0868.png,20067,a5806164ffd45d6b14c4f40b199c062ca7d2855351fd99291a948b57f15212f1,0229669bb41b80ad700535d241feed15e7d28bdc8b353e408b18259398dabef5,0.10000000149011612,0.008502976968884468,20.704288482666016,0.3280462622642517,0.0008740854682400823,30.584461212158203,0.9607929587364197,21.18500518798828,12.779672622680664,0.006723356433212757,33.281341552734375,0.06422674655914307,27.461761474609375,33.281341552734375,0.0754852294921875,0.21307373046875
U-Tikhonov T16/CG32,168,68,0,/Users/kyrillguba/Documents/Data Analytics MSc/Thesis/Python/First Try/data/DIV2K/DIV2K_valid_HR/0869.png,div2k/0869.png/sigma_0.100,div2k,0869.png,20068,bc61ffc14754a4c0e306111ec7946ec828ebc05b363e7717d8c2f300d7750e5c,cd2f3f08c7c3efb7473bd4c81fe4156eb9060582b568b86be9e4b9d59169846f,0.10000000149011612,0.009489672258496284,20.227489471435547,0.5651524066925049,0.0019921031780540943,27.00688362121582,0.8746362924575806,9.367340087890625,11.575867652893066,0.00797613151371479,33.281341552734375,0.08490070700645447,2.558948040008545,33.281333923339844,0.1111602783203125,0.065643310546875
U-Tikhonov T16/CG32,169,69,0,/Users/kyrillguba/Documents/Data Analytics MSc/Thesis/Python/First Try/data/DIV2K/DIV2K_valid_HR/0870.png,div2k/0870.png/sigma_0.100,div2k,0870.png,20069,23fb86d88c32c580e802edb1ef9cd9aecf3ca74c79ecdde14ada63f7050ad410,f16e67fd6cd51d4bb157dd3956e6fdd4376c93344ca114a093849f9ff793dfa9,0.10000000149011612,0.00978570245206356,20.094079971313477,0.7300774455070496,0.0034600095823407173,24.60922622680664,0.8401333093643188,1.4629096984863281,2.6749448776245117,0.010001670569181442,33.21295166015625,0.06854138523340225,0.6969391107559204,14.299215316772461,0.224761962890625,4.57763671875e-05
U-Tikhonov T16/CG32,170,70,0,/Users/kyrillguba/Documents/Data Analytics MSc/Thesis/Python/First Try/data/DIV2K/DIV2K_valid_HR/0871.png,div2k/0871.png/sigma_0.100,div2k,0871.png,20070,755675f2824bd9535075c3a3649ecad82608dffc5b28d5b6777c999ce5ac8feb,6a0cebe551232da5a94575252472c29db0b5793607ab75f371852670a8ddf197,0.10000000149011612,0.009753039106726646,20.10860252380371,0.6733852624893188,0.002171378582715988,26.632644653320312,0.8911914229393005,2.475876808166504,3.7357451915740967,0.007965062744915485,33.27376174926758,0.07216868549585342,1.1568868160247803,19.228836059570312,0.16259765625,0.00030517578125
U-Tikhonov T16/CG32,171,71,0,/Users/kyrillguba/Documents/Data Analytics MSc/Thesis/Python/First Try/data/DIV2K/DIV2K_valid_HR/0872.png,div2k/0872.png/sigma_0.100,div2k,0872.png,20071,a3051017ca8c7da3a6c7830c9bb928ecf2b81dc2add6c092a6aecfa321376f6b,529213461c041abaf5ea0a860118362802927a015fbbc359c49100f32f8b9878,0.10000000149011612,0.009656647220253944,20.151737213134766,0.7541844248771667,0.0031062234193086624,25.077674865722656,0.8843556046485901,2.5511722564697266,4.7145256996154785,0.010232807137072086,33.281341552734375,0.04611919820308685,0.859147846698761,27.080368041992188,0.2497406005859375,0.0021820068359375
U-Tikhonov T16/CG32,172,72,0,/Users/kyrillguba/Documents/Data Analytics MSc/Thesis/Python/First Try/data/DIV2K/DIV2K_valid_HR/0873.png,div2k/0873.png/sigma_0.100,div2k,0873.png,20072,98eca5a763607b677cf4da90c4112b7bd27d325edaf99023f29c46b2af95740e,f8e45952713a11ce9a6004c66c8d9a0fe657b02b641945445f43a990b67068b6,0.10000000149011612,0.009869927540421486,20.056859970092773,0.6017451286315918,0.0026846190448850393,25.71117401123047,0.8488361239433289,5.136523246765137,8.583415031433105,0.004194142296910286,33.281341552734375,0.1045641228556633,1.3200981616973877,33.03159713745117,0.1139373779296875,0.0114593505859375
U-Tikhonov T16/CG32,173,73,0,/Users/kyrillguba/Documents/Data Analytics MSc/Thesis/Python/First Try/data/DIV2K/DIV2K_valid_HR/0874.png,div2k/0874.png/sigma_0.100,div2k,0874.png,20073,c1b141701b55a15db0c8d9d38d28131d0c6935abc941c0cf5a1b8e17483ce6db,8714757c7cefeaf51668906df37cd9bc4f339497a1ad81057cb9dcf4f3c9aba7,0.10000000149011612,0.009442366659641266,20.249191284179688,0.5293329954147339,0.0016868433449417353,27.7292537689209,0.8189144730567932,5.281647682189941,6.877917766571045,0.011780178174376488,33.281341552734375,0.10201232135295868,2.5214040279388428,32.63429641723633,0.061370849609375,0.00811767578125
U-Tikhonov T16/CG32,174,74,0,/Users/kyrillguba/Documents/Data Analytics MSc/Thesis/Python/First Try/data/DIV2K/DIV2K_valid_HR/0875.png,div2k/0875.png/sigma_0.100,div2k,0875.png,20074,9efdc0057bb6e53db148019bb4a13192254fce5f31a016a4924e85fc6ee62a16,79c7871fdc92244fc03b37776af2dac4f07ffad0f5f0634b08ac5cbe41808f67,0.10000000149011612,0.00937436893582344,20.280580520629883,0.7994077205657959,0.0033898823894560337,24.69815444946289,0.8964426517486572,2.0165023803710938,4.559708118438721,0.0029223449528217316,33.28130340576172,0.049220483750104904,0.7288493514060974,30.126588821411133,0.245880126953125,0.0044097900390625
U-Tikhonov T16/CG32,175,75,0,/Users/kyrillguba/Documents/Data Analytics MSc/Thesis/Python/First Try/data/DIV2K/DIV2K_valid_HR/0876.png,div2k/0876.png/sigma_0.100,div2k,0876.png,20075,84df379a2b4a7b995296e31b3954bfb9a7731d5e2d0b8650405a416a53e11125,654e45defe491a2f2df43d9ff8de2d0759c17fdba0de1195702d52ede68f4196,0.10000000149011612,0.00821440014988184,20.8542423248291,0.6224081516265869,0.0025376733392477036,25.955642700195312,0.783843994140625,3.2954561710357666,4.806702136993408,0.010214777663350105,33.279083251953125,0.06687494367361069,1.519946575164795,24.738853454589844,0.1251678466796875,0.0003204345703125
U-Tikhonov T16/CG32,176,76,0,/Users/kyrillguba/Documents/Data Analytics MSc/Thesis/Python/First Try/data/DIV2K/DIV2K_valid_HR/0877.png,div2k/0877.png/sigma_0.100,div2k,0877.png,20076,a7be10c02736c3557926612d053466a395f1f8df83ddeeff7027d05bb769b33a,e77ce1907bd4a2412344169304caffc1f0f6da79cf0cd08dd9b995a703ba7e60,0.10000000149011612,0.008973807096481323,20.470233917236328,0.4357912540435791,0.0010028127580881119,29.987802505493164,0.8580409288406372,5.8131585121154785,6.538959980010986,0.014218718744814396,33.28133773803711,0.10589919984340668,3.3745670318603516,30.534257888793945,0.05877685546875,0.003204345703125
U-Tikhonov T16/CG32,177,77,0,/Users/kyrillguba/Documents/Data Analytics MSc/Thesis/Python/First Try/data/DIV2K/DIV2K_valid_HR/0878.png,div2k/0878.png/sigma_0.100,div2k,0878.png,20077,f1e61ee7f615bf40fc0cc24a3750fc6413019d89281f32d061c3bfb42fdf3082,ba873ad736f651359d212e7fda5be93795141f25d29a8c56fae1a1999c1c56ee,0.10000000149011612,0.009745083749294281,20.112144470214844,0.6891080141067505,0.0025565261021256447,25.923498153686523,0.8688546419143677,3.904641628265381,7.1046223640441895,0.008638891391456127,33.281341552734375,0.06296023726463318,1.0945419073104858,33.28082275390625,0.1767730712890625,0.0199127197265625
U-Tikhonov T16/CG32,178,78,0,/Users/kyrillguba/Documents/Data Analytics MSc/Thesis/Python/First Try/data/DIV2K/DIV2K_valid_HR/0879.png,div2k/0879.png/sigma_0.100,div2k,0879.png,20078,f7a72db70e5d13cc9ce0514ee1b317f98a5b43e5671f68071037416761ac50bb,54ff8a6000defd60f55faf992ce3e7b31f2a2f52b7d0ed78cafd6f60df3244b7,0.10000000149011612,0.009800195693969727,20.0876522064209,0.4864945411682129,0.0017257370054721832,27.6302547454834,0.9329463243484497,15.57349967956543,14.66097354888916,0.007653432432562113,33.281341552734375,0.05681415647268295,10.48338794708252,33.281341552734375,0.1521148681640625,0.24871826171875
U-Tikhonov T16/CG32,179,79,0,/Users/kyrillguba/Documents/Data Analytics MSc/Thesis/Python/First Try/data/DIV2K/DIV2K_valid_HR/0880.png,div2k/0880.png/sigma_0.100,div2k,0880.png,20079,2464ffab9474f65f91c41e6231fc7c3907d471b36d493192c28dd9a9c9ac3c4c,6068708c32342e6b6df9bf4e2fb546a318c0074608c8af565def68d4f73d8038,0.10000000149011612,0.009952405467629433,20.020721435546875,0.4326709508895874,0.0013325039763003588,28.75331687927246,0.9085279703140259,12.48879337310791,12.416516304016113,0.005877042189240456,33.281341552734375,0.09735691547393799,7.370756149291992,33.281341552734375,0.0868682861328125,0.0886993408203125
U-Tikhonov T16/CG32,180,80,0,/Users/kyrillguba/Documents/Data Analytics MSc/Thesis/Python/First Try/data/DIV2K/DIV2K_valid_HR/0881.png,div2k/0881.png/sigma_0.100,div2k,0881.png,20080,b4be0560c87adf38d8561ec3fb5a8e3e0e5d0b43501194ff1ff77f1511e89119,326d7851cc92f94124419908819bc1c797ee5e04dccc6fbc9f366ead957337e1,0.10000000149011612,0.00986284576356411,20.05997657775879,0.4646434187889099,0.0013413955457508564,28.72443199157715,0.8735157251358032,7.7271246910095215,8.56017017364502,0.017183829098939896,33.281341552734375,0.12022164463996887,4.204407215118408,33.2489128112793,0.0479888916015625,0.0154571533203125
U-Tikhonov T16/CG32,181,81,0,/Users/kyrillguba/Documents/Data Analytics MSc/Thesis/Python/First Try/data/DIV2K/DIV2K_valid_HR/0882.png,div2k/0882.png/sigma_0.100,div2k,0882.png,20081,aac379d4eb1f7ffb4575e0fcca3a6836e85643267b9f537632bdfd3422ae2a6d,c4cb2770f469a6b1db185a8e62a3ae0dac421972588881c4405ed2425a64ec4a,0.10000000149011612,0.009415140375494957,20.261734008789062,0.6395930051803589,0.0018759765662252903,27.26772689819336,0.9165433645248413,3.645164728164673,6.127368927001953,0.0007428901735693216,33.281341552734375,0.01997467689216137,1.2599468231201172,32.09474182128906,0.1937408447265625,0.006805419921875
U-Tikhonov T16/CG32,182,82,0,/Users/kyrillguba/Documents/Data Analytics MSc/Thesis/Python/First Try/data/DIV2K/DIV2K_valid_HR/0883.png,div2k/0883.png/sigma_0.100,div2k,0883.png,20082,dc84aa16cb279e020e6bb4a512b74aeb161e2c3b612b40cfe834b4ea44c4dbd4,02c3fc747fc31008a2c17231bb7d372b96a3ca9aa91b9441fbeea959251bf6d8,0.10000000149011612,0.009631909430027008,20.162878036499023,0.705026388168335,0.0028218114748597145,25.494720458984375,0.8804863691329956,3.94132661819458,6.984918117523193,0.010505174286663532,33.28133010864258,0.056943684816360474,1.0473856925964355,31.75140380859375,0.1963653564453125,0.0049285888671875
U-Tikhonov T16/CG32,183,83,0,/Users/kyrillguba/Documents/Data Analytics MSc/Thesis/Python/First Try/data/DIV2K/DIV2K_valid_HR/0884.png,div2k/0884.png/sigma_0.100,div2k,0884.png,20083,c3e792b1483d91371c9eeedd1d20a4f45de1d748d7f261794ce740fbc3ea3016,47bfb1ceb4930ad7db921bc4c4f0a64a5e360b7a4bb4649088a048628bbd573d,0.10000000149011612,0.009465215727686882,20.23869514465332,0.7136551141738892,0.002855896018445492,25.442577362060547,0.8672065138816833,2.1386945247650146,3.730908155441284,0.004347927402704954,33.281307220458984,0.047929275780916214,0.9363454580307007,21.00151824951172,0.20965576171875,0.0005645751953125
U-Tikhonov T16/CG32,184,84,0,/Users/kyrillguba/Documents/Data Analytics MSc/Thesis/Python/First Try/data/DIV2K/DIV2K_valid_HR/0885.png,div2k/0885.png/sigma_0.100,div2k,0885.png,20084,d1b12f5bdff73a004166bc26bfd68ed924612ba4dfeb5ee46ef886fec9606402,3f47b63087f24ce76d1021060b4556c275768dd06d8953d703f453fec8d2e216,0.10000000149011612,0.009921858087182045,20.034069061279297,0.5917404294013977,0.0026028002612292767,25.845592498779297,0.7852047681808472,4.173618793487549,6.733973503112793,0.010290216654539108,33.281341552734375,0.07220152765512466,1.6048914194107056,33.056495666503906,0.11749267578125,0.0107269287109375
U-Tikhonov T16/CG32,185,85,0,/Users/kyrillguba/Documents/Data Analytics MSc/Thesis/Python/First Try/data/DIV2K/DIV2K_valid_HR/0886.png,div2k/0886.png/sigma_0.100,div2k,0886.png,20085,8269830c494c50f2ca58c9fe1491092884eabccc73e5d87438dd2282f32843ab,485afdc014678bde03cdff386abafda609af75925c86830d2cabdbadf5ed02ff,0.10000000149011612,0.0095310527831316,20.20859146118164,0.4675765931606293,0.001119868247769773,29.508331298828125,0.9075031280517578,5.610100746154785,6.282774448394775,0.0027267313562333584,33.281341552734375,0.08903826773166656,3.442532539367676,31.34450912475586,0.0648956298828125,0.005523681640625
U-Tikhonov T16/CG32,186,86,0,/Users/kyrillguba/Documents/Data Analytics MSc/Thesis/Python/First Try/data/DIV2K/DIV2K_valid_HR/0887.png,div2k/0887.png/sigma_0.100,div2k,0887.png,20086,9674e5076ec8c005bce7e3450e6bf09deb82df9952eaff58c7717b3a16e90f3e,912790f90dbdea56174c1e034cc1efe7964335dc4c73269389d494ba9a6ee783,0.10000000149011612,0.009589008055627346,20.18226432800293,0.5204975605010986,0.0021337145008146763,26.708637237548828,0.8538928031921387,8.290655136108398,10.445110321044922,0.0077615645714104176,33.281341552734375,0.0602591373026371,2.5147037506103516,33.27180862426758,0.122039794921875,0.023223876953125
U-Tikhonov T16/CG32,187,87,0,/Users/kyrillguba/Documents/Data Analytics MSc/Thesis/Python/First Try/data/DIV2K/DIV2K_valid_HR/0888.png,div2k/0888.png/sigma_0.100,div2k,0888.png,20087,0b12dfb6e7a24bf393f0f61b8c12a04a0e14c82f6eb77cce3a6d2ed989cadb40,50da035f692a0c49935f5534c311abaf4ca5fa4726eef5315ef1ef857e255215,0.10000000149011612,0.00918933842331171,20.36716079711914,0.7557084560394287,0.002907074522227049,25.36543846130371,0.8960713148117065,2.274332046508789,4.313258647918701,0.005020834039896727,33.28033447265625,0.038403548300266266,0.7760688066482544,23.893587112426758,0.2700347900390625,0.000640869140625
U-Tikhonov T16/CG32,188,88,0,/Users/kyrillguba/Documents/Data Analytics MSc/Thesis/Python/First Try/data/DIV2K/DIV2K_valid_HR/0889.png,div2k/0889.png/sigma_0.100,div2k,0889.png,20088,65b588cd7d91eb7ab3ad2ee297b48e2bcd71468e6f3fd4cedd22296161fcf0b3,8d34660f2e0e3dead603cd5577a99ac1f81bbaae7c55ec67e99bb5ee455c50c3,0.10000000149011612,0.009270859882235527,20.328800201416016,0.7982643246650696,0.0037581452634185553,24.250267028808594,0.8866175413131714,1.5568327903747559,3.406717538833618,0.004552488215267658,33.281341552734375,0.03806893900036812,0.497869610786438,19.078283309936523,0.375396728515625,0.0007171630859375
U-Tikhonov T16/CG32,189,89,0,/Users/kyrillguba/Documents/Data Analytics MSc/Thesis/Python/First Try/data/DIV2K/DIV2K_valid_HR/0890.png,div2k/0890.png/sigma_0.100,div2k,0890.png,20089,641726511e5ab55ecb5dccce15a53a64473d43e0a2be22d51e522b22644d2891,5294647d295a4c15f8ff3644c7c6ab9c2641a556b4e4ebfbc42142ab0afd93cb,0.10000000149011612,0.01000051386654377,19.99977684020996,0.4299912452697754,0.0013314918614923954,28.756616592407227,0.8906334638595581,13.35051155090332,13.980814933776855,0.033178262412548065,33.281341552734375,0.15678933262825012,4.26271915435791,33.281341552734375,0.047882080078125,0.19879150390625
U-Tikhonov T16/CG32,190,90,0,/Users/kyrillguba/Documents/Data Analytics MSc/Thesis/Python/First Try/data/DIV2K/DIV2K_valid_HR/0891.png,div2k/0891.png/sigma_0.100,div2k,0891.png,20090,df25cc2cba32c4a350c4749f690c8d6acb73d96d359ca40b6fee4071dbf564d0,1c639feebc304672531393e36b576a7cb6187280cabf665a36fe0267182ffa86,0.10000000149011612,0.009555201977491379,20.197601318359375,0.7634689807891846,0.0031097764149308205,25.072708129882812,0.8903558254241943,2.3761188983917236,4.6912641525268555,0.008476387709379196,33.28129577636719,0.054115910083055496,0.7811253070831299,27.97001838684082,0.252716064453125,0.0020751953125
U-Tikhonov T16/CG32,191,91,0,/Users/kyrillguba/Documents/Data Analytics MSc/Thesis/Python/First Try/data/DIV2K/DIV2K_valid_HR/0892.png,div2k/0892.png/sigma_0.100,div2k,0892.png,20091,cf51693d41de71e034484154f59145fbffeb5a48fb250085472f21ef15bc44ee,debeac3caf7ff3565507b8abfcf135fdfa7bf4a9f1ee974f8c206be47bb39e6d,0.10000000149011612,0.00942610576748848,20.256675720214844,0.7635036706924438,0.003568253479897976,24.47544288635254,0.8771370053291321,1.734716773033142,3.778743028640747,0.003026788355782628,33.2498664855957,0.021721666678786278,0.439596027135849,21.4373722076416,0.4308013916015625,0.000213623046875
U-Tikhonov T16/CG32,192,92,0,/Users/kyrillguba/Documents/Data Analytics MSc/Thesis/Python/First Try/data/DIV2K/DIV2K_valid_HR/0893.png,div2k/0893.png/sigma_0.100,div2k,0893.png,20092,e38a2d9fc2bb1bfe2d7f4ac7ac04be6e3b640472049753a9ec509cb5b184dfae,6f93afe0e7861fbf77343fdd8197e031c4a4a0407b5baef5fb7ec34d855dae05,0.10000000149011612,0.009200251661241055,20.362003326416016,0.5618415474891663,0.0016608777223154902,27.79662322998047,0.8785197138786316,5.395968437194824,7.22379207611084,0.006016374099999666,33.281341552734375,0.050246112048625946,2.3853442668914795,31.906116485595703,0.15863037109375,0.00469970703125
U-Tikhonov T16/CG32,193,93,0,/Users/kyrillguba/Documents/Data Analytics MSc/Thesis/Python/First Try/data/DIV2K/DIV2K_valid_HR/0894.png,div2k/0894.png/sigma_0.100,div2k,0894.png,20093,f7c053db8ff81bb3c056ed342eb0bfb9ba890e8adb30617f79d560f11e941c73,30a5c1ca16d27861e24190dad9b2a384d6b05534a67be7cf1ca5df6366b72468,0.10000000149011612,0.009077124297618866,20.420516967773438,0.4872620701789856,0.001497713034041226,28.245716094970703,0.816007137298584,9.459466934204102,9.47777271270752,0.0025083126965910196,33.281341552734375,0.07254679501056671,5.805028915405273,33.214820861816406,0.065216064453125,0.01666259765625
U-Tikhonov T16/CG32,194,94,0,/Users/kyrillguba/Documents/Data Analytics MSc/Thesis/Python/First Try/data/DIV2K/DIV2K_valid_HR/0895.png,div2k/0895.png/sigma_0.100,div2k,0895.png,20094,abdbc9e5dd323d44902bb35948460b514a4fe27d53aa9bc4f2072e0a425a5902,bddbad9742942691890fe566cd88956421165dccbedae11959432a2c90d113bd,0.10000000149011612,0.009526779875159264,20.21053695678711,0.6563657522201538,0.003517668694257736,24.537450790405273,0.7779620885848999,4.495916366577148,7.116697788238525,0.0041183652356266975,33.281341552734375,0.0698777586221695,1.4762771129608154,32.929290771484375,0.107421875,0.0098876953125
U-Tikhonov T16/CG32,195,95,0,/Users/kyrillguba/Documents/Data Analytics MSc/Thesis/Python/First Try/data/DIV2K/DIV2K_valid_HR/0896.png,div2k/0896.png/sigma_0.100,div2k,0896.png,20095,857388cd8fc429b194bc7374762cee70b099ddf090a6495b03d92edc4c8c7b8d,ed8237e9328164f9c35a110fc106be33a51d883c93ee1d77f37ca46616c18030,0.10000000149011612,0.007742912508547306,21.110958099365234,0.4308375120162964,0.0011748879915103316,29.300037384033203,0.9549147486686707,16.01688003540039,12.447591781616211,0.0032854531891644,33.281341552734375,0.049764424562454224,14.834335327148438,33.281341552734375,0.075164794921875,0.1034393310546875
U-Tikhonov T16/CG32,196,96,0,/Users/kyrillguba/Documents/Data Analytics MSc/Thesis/Python/First Try/data/DIV2K/DIV2K_valid_HR/0897.png,div2k/0897.png/sigma_0.100,div2k,0897.png,20096,a75baf8d323b01687486bd536ce524304bab0a20ffcaf0d6d19c9abe9c8bef57,a63b8fa197b05d8e5bf0fa82b2563e29a9049e5ae0abc4d2dc179b824f659cf9,0.10000000149011612,0.008784262463450432,20.562950134277344,0.9075582027435303,0.006103030405938625,22.144546508789062,0.9288709163665771,0.24279314279556274,0.9563395977020264,0.00042291119461879134,32.358360290527344,0.0023435112088918686,0.05826902762055397,3.112593650817871,0.86297607421875,0.0
U-Tikhonov T16/CG32,197,97,0,/Users/kyrillguba/Documents/Data Analytics MSc/Thesis/Python/First Try/data/DIV2K/DIV2K_valid_HR/0898.png,div2k/0898.png/sigma_0.100,div2k,0898.png,20097,0f9b0c2f1793b1dd0ac81be97181b9e904a39fcf108cd39194842f26678085f7,e0a00bd945760a3bff4ac1a1889aa48c29afd08da89393df7aabc94d1aae0963,0.10000000149011612,0.009870977140963078,20.056398391723633,0.3446851372718811,0.0009834191296249628,30.072614669799805,0.9508412480354309,21.66877555847168,13.836910247802734,0.007481234148144722,33.281341552734375,0.0998842716217041,30.840980529785156,33.281341552734375,0.068023681640625,0.3804779052734375
U-Tikhonov T16/CG32,198,98,0,/Users/kyrillguba/Documents/Data Analytics MSc/Thesis/Python/First Try/data/DIV2K/DIV2K_valid_HR/0899.png,div2k/0899.png/sigma_0.100,div2k,0899.png,20098,bea5ead4e165747f9c0e6d434cc536abdd4760b1a8da09c78f705024684bff65,f8ddb6007ee4b3bf4bb6863456ce88ffeac95b4725250836ce5cd61ab3369432,0.10000000149011612,0.009393677115440369,20.271644592285156,0.682702898979187,0.00239001726731658,26.21599006652832,0.8812348246574402,4.176782608032227,7.233630657196045,0.0014499843819066882,33.281341552734375,0.01662389002740383,1.1920557022094727,33.25706100463867,0.2757568359375,0.0152130126953125
U-Tikhonov T16/CG32,199,99,0,/Users/kyrillguba/Documents/Data Analytics MSc/Thesis/Python/First Try/data/DIV2K/DIV2K_valid_HR/0900.png,div2k/0900.png/sigma_0.100,div2k,0900.png,20099,72e06d86758e25d0f39e87b43b4ed00325b96cc08c65fc1809df35beee23e59c,fbb26720cddc77fd7187fc33a24bbfce8155a7b9d419edd08a4aafc36f870bd2,0.10000000149011612,0.007989254780113697,20.974939346313477,0.6753798127174377,0.0028858762234449387,25.3972225189209,0.8301156759262085,4.45463228225708,7.139986038208008,0.0014403609093278646,33.281341552734375,0.039517082273960114,1.4062645435333252,32.55903625488281,0.197357177734375,0.0074462890625
U-Tikhonov T16/CG32,200,0,0,/Users/kyrillguba/Documents/Data Analytics MSc/Thesis/Python/First Try/data/DIV2K/DIV2K_valid_HR/0801.png,div2k/0801.png/sigma_0.150,div2k,0801.png,20000,9ca598cce3296c3968a2f8f7685477f637dbdbbb9d4efb1cd418ca185bd31eef,4b7352fb67bcc3e88bb5e359e82b3b5fdb9f00ac8f42dfb7539be9cc8b460d75,0.15000000596046448,0.02073093131184578,16.833812713623047,0.5437043309211731,0.0044049108400940895,23.560630798339844,0.7762942314147949,3.324775218963623,4.514034748077393,0.006964803673326969,33.28068542480469,0.11003139615058899,1.771744966506958,24.621654510498047,0.0704498291015625,0.0004119873046875
U-Tikhonov T16/CG32,201,1,0,/Users/kyrillguba/Documents/Data Analytics MSc/Thesis/Python/First Try/data/DIV2K/DIV2K_valid_HR/0802.png,div2k/0802.png/sigma_0.150,div2k,0802.png,20001,3177c80331fb32ceee70ac3ef64d2e56a1bce05ea8a9c0b664e2592552554742,65c4ff1bd6749268fa09bf363143cdec2946b4a9d800cc553d3f598273b13817,0.15000000596046448,0.01958915777504444,17.079843521118164,0.6666738986968994,0.0034232267644256353,24.6556453704834,0.9075926542282104,2.7586565017700195,4.673050403594971,0.009083679877221584,33.281341552734375,0.08534858375787735,1.1731195449829102,26.535511016845703,0.1283721923828125,0.002197265625
U-Tikhonov T16/CG32,202,2,0,/Users/kyrillguba/Documents/Data Analytics MSc/Thesis/Python/First Try/data/DIV2K/DIV2K_valid_HR/0803.png,div2k/0803.png/sigma_0.150,div2k,0803.png,20002,671a4205d217354c075117f716a83d9a5ef2b4c921475de333f15ac8882c9356,a291f40ec169c0be79b8e6be0ff2848f8a2daae221de95153691b55f52d50b5c,0.15000000596046448,0.021868281066417694,16.60185432434082,0.40876320004463196,0.001999213360249996,26.991409301757812,0.8676280975341797,5.3885064125061035,6.053882598876953,0.003718968480825424,33.28116989135742,0.09572719782590866,3.208556890487671,28.88990592956543,0.0495758056640625,0.0008697509765625
U-Tikhonov T16/CG32,203,3,0,/Users/kyrillguba/Documents/Data Analytics MSc/Thesis/Python/First Try/data/DIV2K/DIV2K_valid_HR/0804.png,div2k/0804.png/sigma_0.150,div2k,0804.png,20003,f95563d4b6e58b102c165eeec7f7e1ba2608e12c3a331510949f0cce842149ea,54be341d94c05d1c226f972092f09c8c5518d6e72d52eb89e0cb63cc16c56ffb,0.15000000596046448,0.020000513643026352,16.98958969116211,0.6151367425918579,0.004067485220730305,23.906742095947266,0.8406424522399902,4.6596503257751465,7.251302242279053,0.005781920161098242,33.281341552734375,0.068580761551857,1.715794324874878,32.98675537109375,0.125732421875,0.0102691650390625
U-Tikhonov T16/CG32,204,4,0,/Users/kyrillguba/Documents/Data Analytics MSc/Thesis/Python/First Try/data/DIV2K/DIV2K_valid_HR/0805.png,div2k/0805.png/sigma_0.150,div2k,0805.png,20004,bac34b49da4033070da28c152ece5c527c7274eafed4e320f3e7258274a93177,7af59fbcde523e1be67496e447aa765225963c5dbbbe7262ee092085d79778aa,0.15000000596046448,0.019822807982563972,17.028348922729492,0.47705620527267456,0.0034377542324364185,24.637252807617188,0.7680222988128662,4.9665727615356445,6.135072231292725,0.012776126153767109,33.281341552734375,0.14733894169330597,2.648463726043701,30.028194427490234,0.0428466796875,0.0030517578125
U-Tikhonov T16/CG32,205,5,0,/Users/kyrillguba/Documents/Data Analytics MSc/Thesis/Python/First Try/data/DIV2K/DIV2K_valid_HR/0806.png,div2k/0806.png/sigma_0.150,div2k,0806.png,20005,befc31ea0c7663db0351a7238adfea3153639f5dfa13cb7cacfd757a46539d49,614267b59f56fd4aa8acd70577a4ee760fd3a072722c6809f51d90052060d060,0.15000000596046448,0.020619215443730354,16.85727882385254,0.4021129310131073,0.002202497096732259,26.570846557617188,0.848400354385376,7.363202095031738,7.9058685302734375,0.01926899515092373,33.28132247924805,0.15051986277103424,4.190587043762207,31.821147918701172,0.038421630859375,0.0030670166015625
U-Tikhonov T16/CG32,206,6,0,/Users/kyrillguba/Documents/Data Analytics MSc/Thesis/Python/First Try/data/DIV2K/DIV2K_valid_HR/0807.png,div2k/0807.png/sigma_0.150,div2k,0807.png,20006,1e941eaeed69e78250491fe2c5b2f458f2f36301b8aa701227bd408f852fa572,799c1351c205ab26eb11b6cd506f7acbca9a6255d8feed7800e330e07110dc31,0.15000000596046448,0.020689044147729874,16.84259605407715,0.4649003744125366,0.004025610163807869,23.951683044433594,0.7511144876480103,6.4025702476501465,8.068894386291504,0.018051471561193466,33.281341552734375,0.1449763923883438,2.7918741703033447,33.130271911621094,0.047088623046875,0.01171875
U-Tikhonov T16/CG32,207,7,0,/Users/kyrillguba/Documents/Data Analytics MSc/Thesis/Python/First Try/data/DIV2K/DIV2K_valid_HR/0808.png,div2k/0808.png/sigma_0.150,div2k,0808.png,20007,9666b1dba93f470d95570471f38f195acafae585deefb8498b5ebb625df94e78,c1a1446a8ad1d13d1fa7d5ea1070bad52071465b636eab9c535493b14f20e41e,0.15000000596046448,0.019672587513923645,17.061384201049805,0.30974888801574707,0.0022217100486159325,26.533126831054688,0.8588335514068604,15.199384689331055,12.397309303283691,0.005608952138572931,33.281341552734375,0.11748441308736801,12.326065063476562,33.281341552734375,0.037933349609375,0.1099395751953125
U-Tikhonov T16/CG32,208,8,0,/Users/kyrillguba/Documents/Data Analytics MSc/Thesis/Python/First Try/data/DIV2K/DIV2K_valid_HR/0809.png,div2k/0809.png/sigma_0.150,div2k,0809.png,20008,f57d7f591d2770efb0162e925acaaef8e4ce467e58b7a54d53de058959be9978,bf3bf82631f980bbe89a9531d5a653d7ad9232d0f6ee29a2edc485537b7bddd3,0.15000000596046448,0.021224690601229668,16.731586456298828,0.4063580334186554,0.002820788649842143,25.496294021606445,0.7169305682182312,5.718313694000244,6.610323905944824,0.012938598170876503,33.281150817871094,0.22908341884613037,3.2638161182403564,31.050127029418945,0.0205230712890625,0.0025482177734375
U-Tikhonov T16/CG32,209,9,0,/Users/kyrillguba/Documents/Data Analytics MSc/Thesis/Python/First Try/data/DIV2K/DIV2K_valid_HR/0810.png,div2k/0810.png/sigma_0.150,div2k,0810.png,20009,50cf8d799292c4a6f6c23b4a8f1d0c08015da9c6e74d9109a31efdb1eb5d9df3,4d98c505d3ad90a8a965c5ed951a1f06dbd3e22d741a122faefa61e63df95fe0,0.15000000596046448,0.021687816828489304,16.637842178344727,0.3677971363067627,0.00242515467107296,26.152606964111328,0.7773605585098267,6.518835544586182,6.527388095855713,0.034565769135951996,33.28075408935547,0.2429642379283905,4.233284950256348,30.225711822509766,0.018310546875,0.0012054443359375
U-Tikhonov T16/CG32,210,10,0,/Users/kyrillguba/Documents/Data Analytics MSc/Thesis/Python/First Try/data/DIV2K/DIV2K_valid_HR/0811.png,div2k/0811.png/sigma_0.150,div2k,0811.png,20010,ceab700e5944238d72f4ec94852a5ee6b9c353c54281c96ee7c6e9b9f2a16308,81836de794c0f5700dc4d657f73ed8e4e7034c987aff36ba58c55ff67a6da53e,0.15000000596046448,0.01834532432258129,17.364748001098633,0.391823410987854,0.003294608322903514,24.821964263916016,0.6799404621124268,8.461350440979004,9.919089317321777,0.014777782373130322,33.281341552734375,0.23257990181446075,3.81193208694458,33.281341552734375,0.020172119140625,0.047637939453125
U-Tikhonov T16/CG32,211,11,0,/Users/kyrillguba/Documents/Data Analytics MSc/Thesis/Python/First Try/data/DIV2K/DIV2K_valid_HR/0812.png,div2k/0812.png/sigma_0.150,div2k,0812.png,20011,5f26939fc07611061a96f2a386a77ffd9251b83abf26ac7ecb5a44dcae97187b,1ef24a9df7bed52eae49bbc44edeef2ec7787eb9f1157dea87b93117688d6ea2,0.15000000596046448,0.020350970327854156,16.914148330688477,0.49479779601097107,0.003359328955411911,24.73747444152832,0.8323494791984558,9.683154106140137,11.437883377075195,0.001716116676107049,33.281341552734375,0.06918678432703018,3.739461898803711,33.281341552734375,0.0909881591796875,0.07904052734375
U-Tikhonov T16/CG32,212,12,0,/Users/kyrillguba/Documents/Data Analytics MSc/Thesis/Python/First Try/data/DIV2K/DIV2K_valid_HR/0813.png,div2k/0813.png/sigma_0.150,div2k,0813.png,20012,c34023db0a8b05fd8269a4d5afeb83670d5b08e7bce8d6c8cfe221a95b0e0b2f,f0fff969cffa4e09aa7664916fbd34f90b80dc848e7308d291caca88f358337d,0.15000000596046448,0.0183237474411726,17.369857788085938,0.49610668420791626,0.003326709847897291,24.77985191345215,0.8374941945075989,8.048566818237305,9.836197853088379,0.009645185433328152,33.281341552734375,0.0960984081029892,3.3283495903015137,33.2523307800293,0.07843017578125,0.0250091552734375
U-Tikhonov T16/CG32,213,13,0,/Users/kyrillguba/Documents/Data Analytics MSc/Thesis/Python/First Try/data/DIV2K/DIV2K_valid_HR/0814.png,div2k/0814.png/sigma_0.150,div2k,0814.png,20013,9f544177fb7f24fc86ba1b0d9b9d0e664f093ce144600099ca215fbf1a3e3c25,ba3a6bdbf9dcc9e2a02ba98d59b5ab83102439be99ab8274a2208a8cda268efb,0.15000000596046448,0.02128441631793976,16.719383239746094,0.2569090723991394,0.001867752056568861,27.286808013916016,0.8814102411270142,20.824440002441406,13.7894868850708,0.01687207631766796,33.281341552734375,0.15152369439601898,29.692655563354492,33.281341552734375,0.03546142578125,0.36895751953125
U-Tikhonov T16/CG32,214,14,0,/Users/kyrillguba/Documents/Data Analytics MSc/Thesis/Python/First Try/data/DIV2K/DIV2K_valid_HR/0815.png,div2k/0815.png/sigma_0.150,div2k,0815.png,20014,d8f2b2b3496e52c1ec43e3c5e28732516b24990b8a2361d1876240ad562db395,3e323e4b560890ed4a1f943e340d8beaa6c268f61e2ceda2e8185391d7d5a3af,0.15000000596046448,0.020593013614416122,16.86280059814453,0.4686645269393921,0.003028217703104019,25.188129425048828,0.8113852739334106,4.351582050323486,5.889105796813965,0.007719704881310463,33.281341552734375,0.1153721958398819,2.227442741394043,31.10100555419922,0.0633087158203125,0.0054931640625
U-Tikhonov T16/CG32,215,15,0,/Users/kyrillguba/Documents/Data Analytics MSc/Thesis/Python/First Try/data/DIV2K/DIV2K_valid_HR/0816.png,div2k/0816.png/sigma_0.150,div2k,0816.png,20015,f457e7c932a8730df29263aaf8e3c3a2e54e7e68e543a34cdbc085f7c21edf50,ebf556858addf02580c13b4579baea64b263c53852f87bd36c7bc01f55477648,0.15000000596046448,0.020617559552192688,16.857627868652344,0.4011595845222473,0.002396774012595415,26.2037296295166,0.8119595050811768,8.056316375732422,9.20433521270752,0.01760544255375862,33.281341552734375,0.1780012995004654,3.9648778438568115,33.212928771972656,0.0308380126953125,0.0186614990234375
U-Tikhonov T16/CG32,216,16,0,/Users/kyrillguba/Documents/Data Analytics MSc/Thesis/Python/First Try/data/DIV2K/DIV2K_valid_HR/0817.png,div2k/0817.png/sigma_0.150,div2k,0817.png,20016,b14c93dc0fd3fb833a2c04431c6af818313c8c6f744eb433dd1817a932b015cf,5879d7300f732d613dcb0284a1fba92fefed740df0ef08c03bf51fee87c83891,0.15000000596046448,0.020910846069455147,16.796283721923828,0.4318621754646301,0.0030647364910691977,25.13606834411621,0.7871533632278442,9.427765846252441,11.515326499938965,0.011025365442037582,33.281341552734375,0.12496957182884216,3.433905839920044,33.281341552734375,0.04864501953125,0.0950775146484375
U-Tikhonov T16/CG32,217,17,0,/Users/kyrillguba/Documents/Data Analytics MSc/Thesis/Python/First Try/data/DIV2K/DIV2K_valid_HR/0818.png,div2k/0818.png/sigma_0.150,div2k,0818.png,20017,00f18d236ddc7fe3a937cdcb41ce31082a90c94b9370fc202c7dce18dd80ab2a,2c05a7fb6ef03f6e1021ebd4479dce05ab8384c789e6ac48a4a3294dbe0994c5,0.15000000596046448,0.019157901406288147,17.17652130126953,0.49347078800201416,0.004025791306048632,23.951488494873047,0.8424849510192871,8.73828125,10.44575023651123,0.0023853450547903776,33.281341552734375,0.07728422433137894,3.478774070739746,33.278297424316406,0.0988311767578125,0.0347137451171875
U-Tikhonov T16/CG32,218,18,0,/Users/kyrillguba/Documents/Data Analytics MSc/Thesis/Python/First Try/data/DIV2K/DIV2K_valid_HR/0819.png,div2k/0819.png/sigma_0.150,div2k,0819.png,20018,f7450c40d5c0aabdc2bd2a562302ca3993841849efca05e281ec4059186e528c,53011dd04b2a2fe9a011f3a8a1114f622d1aacfc7a78fb5d29f8e3999ed6b64c,0.15000000596046448,0.02032354474067688,16.920005798339844,0.5026570558547974,0.0037954961881041527,24.20731544494629,0.7529079914093018,5.462116241455078,7.054955959320068,0.013585413806140423,33.281341552734375,0.13059808313846588,2.684849262237549,32.50367736816406,0.0523681640625,0.0073089599609375
U-Tikhonov T16/CG32,219,19,0,/Users/kyrillguba/Documents/Data Analytics MSc/Thesis/Python/First Try/data/DIV2K/DIV2K_valid_HR/0820.png,div2k/0820.png/sigma_0.150,div2k,0820.png,20019,ab2cf6ba20cc18bafee4976e8be3cbf4a6db4afea570ef888fdebb8c8e0616f2,cbbea537bbc6509d1871abd454cddbc46c401ec44e46a7217a3caa40d7033607,0.15000000596046448,0.01883085072040558,17.251300811767578,0.6373878717422485,0.006946065928786993,21.582611083984375,0.7703639268875122,5.981393814086914,8.751193046569824,0.0010021853959187865,33.281341552734375,0.045701898634433746,1.8087553977966309,33.21027755737305,0.16473388671875,0.016265869140625
U-Tikhonov T16/CG32,220,20,0,/Users/kyrillguba/Documents/Data Analytics MSc/Thesis/Python/First Try/data/DIV2K/DIV2K_valid_HR/0821.png,div2k/0821.png/sigma_0.150,div2k,0821.png,20020,ebd02fa51f1a3ee91b6ca90bb58a444e53385dd1193938609708b71bca4504a0,8d798cfae4f7ca4cd5f7da4e61ff5bdb352a90b9f9691e8489c0b439e7ba299d,0.15000000596046448,0.018840918317437172,17.248979568481445,0.7894110679626465,0.008772479370236397,20.56877899169922,0.8624683022499084,2.9156932830810547,6.004087924957275,0.0021071122027933598,33.280914306640625,0.02991696074604988,0.6310008764266968,31.1923770904541,0.334991455078125,0.0027618408203125
U-Tikhonov T16/CG32,221,21,0,/Users/kyrillguba/Documents/Data Analytics MSc/Thesis/Python/First Try/data/DIV2K/DIV2K_valid_HR/0822.png,div2k/0822.png/sigma_0.150,div2k,0822.png,20021,86c801c8390b132b94a9efaeb7a9bad9acdd1212e41d91d44b44811708142963,77c9b6b134bf76cd7a70b193571a2cf6af86598939c58d7016edfc70dac5019b,0.15000000596046448,0.01925630122423172,17.154272079467773,0.5431791543960571,0.004899567924439907,23.09842300415039,0.7366673946380615,3.474311351776123,5.274904727935791,0.0070089432410895824,33.28132247924805,0.09993817657232285,1.620836853981018,28.89264678955078,0.0857696533203125,0.002288818359375
U-Tikhonov T16/CG32,222,22,0,/Users/kyrillguba/Documents/Data Analytics MSc/Thesis/Python/First Try/data/DIV2K/DIV2K_valid_HR/0823.png,div2k/0823.png/sigma_0.150,div2k,0823.png,20022,ec11d2cf0a95684902842094c84e0956a3cd35920ef85f25ba677348927a365c,67070520dd998a5b7b9ef65538cc96f01ad3e7bfac4cde1d0838447a17b47c1b,0.15000000596046448,0.02063937485218048,16.85303497314453,0.4195316433906555,0.0033377462532371283,24.76546859741211,0.8720229268074036,13.216882705688477,13.871508598327637,0.01641998626291752,33.281341552734375,0.10802731662988663,4.415310859680176,33.281341552734375,0.084503173828125,0.1619873046875
U-Tikhonov T16/CG32,223,23,0,/Users/kyrillguba/Documents/Data Analytics MSc/Thesis/Python/First Try/data/DIV2K/DIV2K_valid_HR/0824.png,div2k/0824.png/sigma_0.150,div2k,0824.png,20023,5ce7bdee523a1299c6a42c3adbb96d0e62c2f40266823753b8c042edb8b10495,afb72718334acc0720966c607b2fc4baa79ad0db78ed46dd87b6bf1bbb06b0a3,0.15000000596046448,0.01960165612399578,17.077072143554688,0.4888179302215576,0.0032520091626793146,24.878482818603516,0.8359649777412415,10.668002128601074,11.460623741149902,0.004733695648610592,33.281341552734375,0.04922052472829819,5.456785202026367,33.281341552734375,0.132354736328125,0.0687713623046875
U-Tikhonov T16/CG32,224,24,0,/Users/kyrillguba/Documents/Data Analytics MSc/Thesis/Python/First Try/data/DIV2K/DIV2K_valid_HR/0825.png,div2k/0825.png/sigma_0.150,div2k,0825.png,20024,0403db62808d832f7764170e8df2b8c78ad826e2a93d809f8cf6d018258b011a,bb87a888197d2fce569092cd2f72666d00f18bf8f222c3d8daa5bed85d54bae9,0.15000000596046448,0.020503193140029907,16.881786346435547,0.6176786422729492,0.0047432854771614075,23.239208221435547,0.8287162780761719,4.415957927703857,7.259715557098389,0.0022203989792615175,33.281341552734375,0.054205551743507385,1.5014591217041016,33.28058624267578,0.176483154296875,0.0188446044921875
U-Tikhonov T16/CG32,225,25,0,/Users/kyrillguba/Documents/Data Analytics MSc/Thesis/Python/First Try/data/DIV2K/DIV2K_valid_HR/0826.png,div2k/0826.png/sigma_0.150,div2k,0826.png,20025,b7fba61bcca359e5581b44283bbc34696cae71321e031969411ada23b17e2199,5db92ff465249724833a49e32d0008b2037e9d35bdf84592654b2085eb4adfc5,0.15000000596046448,0.019615324214100838,17.074045181274414,0.46257925033569336,0.003049706108868122,25.157421112060547,0.8375903367996216,10.05504322052002,11.346440315246582,0.005238159094005823,33.281341552734375,0.1086510494351387,4.119597434997559,33.280967712402344,0.0572052001953125,0.0568084716796875
U-Tikhonov T16/CG32,226,26,0,/Users/kyrillguba/Documents/Data Analytics MSc/Thesis/Python/First Try/data/DIV2K/DIV2K_valid_HR/0827.png,div2k/0827.png/sigma_0.150,div2k,0827.png,20026,1a1d5ffbd89d79d7803cf86e2d8f6c75cd146872fd61e387fec71a904e384317,f59332e4b60d7ff6549e2c60978c31c7198229269eb71dec33fdc7f0352ebde5,0.15000000596046448,0.015551015734672546,18.082412719726562,0.22367015480995178,0.0016796458512544632,27.747821807861328,0.7426128387451172,14.579265594482422,11.404569625854492,0.01861177384853363,33.281341552734375,0.22690138220787048,11.570222854614258,33.281341552734375,0.0178070068359375,0.077606201171875
U-Tikhonov T16/CG32,227,27,0,/Users/kyrillguba/Documents/Data Analytics MSc/Thesis/Python/First Try/data/DIV2K/DIV2K_valid_HR/0828.png,div2k/0828.png/sigma_0.150,div2k,0828.png,20027,3b7551ae7f737167932c3230707f7075368102b6732eb16bfe514fd471223ea4,b38ce987813490427c3b8f49610fb9181768478eda3803abc2ebc48b5d869ebd,0.15000000596046448,0.016340119764208794,17.867448806762695,0.5543380975723267,0.006794501096010208,21.678424835205078,0.6840082406997681,8.302825927734375,11.079346656799316,0.0030019020196050406,33.281341552734375,0.04392816498875618,2.0894792079925537,33.281341552734375,0.172332763671875,0.04962158203125
U-Tikhonov T16/CG32,228,28,0,/Users/kyrillguba/Documents/Data Analytics MSc/Thesis/Python/First Try/data/DIV2K/DIV2K_valid_HR/0829.png,div2k/0829.png/sigma_0.150,div2k,0829.png,20028,7fef744df96a3f5b2077c74a59929852deb533e35d4804c7c745471471543ed7,c7f8edd07cd3f82444130f0d467feef0306354c76feb8e8db1b78bd89efac7cb,0.15000000596046448,0.020939616486430168,16.790313720703125,0.39930957555770874,0.002057100413367152,26.867446899414062,0.8276737928390503,10.83919906616211,11.472172737121582,0.005115291103720665,33.281341552734375,0.07710152864456177,5.345033168792725,33.28133773803711,0.0634918212890625,0.0809783935546875
U-Tikhonov T16/CG32,229,29,0,/Users/kyrillguba/Documents/Data Analytics MSc/Thesis/Python/First Try/data/DIV2K/DIV2K_valid_HR/0830.png,div2k/0830.png/sigma_0.150,div2k,0830.png,20029,33405798eea5a2bbd23d383a107f9127b4f5d220ad2d443bdb05db6049757a90,0c3e288e0233ba82a1b80f37b1dd013c79e0ceeac914c5611c4f6efd47dc9bc6,0.15000000596046448,0.02171020768582821,16.633359909057617,0.361676424741745,0.002727590035647154,25.642208099365234,0.7772713899612427,12.646827697753906,11.737860679626465,0.015889570116996765,33.281341552734375,0.14968127012252808,7.913050651550293,33.281341552734375,0.037109375,0.0855712890625
U-Tikhonov T16/CG32,230,30,0,/Users/kyrillguba/Documents/Data Analytics MSc/Thesis/Python/First Try/data/DIV2K/DIV2K_valid_HR/0831.png,div2k/0831.png/sigma_0.150,div2k,0831.png,20030,37f625cf3b90622b2047f8f9b3e488dcb450cde9c639eb5f94e082ec5148792e,d618210b81b578405550bebb237c0315f6c39cfe2fd110224f2a03dfa59731af,0.15000000596046448,0.019177280366420746,17.172130584716797,0.5196965336799622,0.004311383701860905,23.653833389282227,0.7789930105209351,5.031811714172363,6.751713275909424,0.007651732303202152,33.28131866455078,0.07104755938053131,2.3127055168151855,31.042146682739258,0.097198486328125,0.0025482177734375
U-Tikhonov T16/CG32,231,31,0,/Users/kyrillguba/Documents/Data Analytics MSc/Thesis/Python/First Try/data/DIV2K/DIV2K_valid_HR/0832.png,div2k/0832.png/sigma_0.150,div2k,0832.png,20031,678db3c6c13225750b6bb2ae62b3e9ffdbdb3491d462fa2451e73fea851ed64c,16a0776f6420182f152763ddf32d0b82495e58df3f646d68d7d9592e533d98d3,0.15000000596046448,0.019044367596507072,17.202335357666016,0.550022304058075,0.004135611467063427,23.83460235595703,0.8194972276687622,6.161107540130615,8.224485397338867,0.008845476433634758,33.281341552734375,0.07075615972280502,2.422023057937622,32.75885009765625,0.114013671875,0.0081634521484375
U-Tikhonov T16/CG32,232,32,0,/Users/kyrillguba/Documents/Data Analytics MSc/Thesis/Python/First Try/data/DIV2K/DIV2K_valid_HR/0833.png,div2k/0833.png/sigma_0.150,div2k,0833.png,20032,196e9aedca5a8ddb4904ed57c8a1a32e080164df130d093fbc86da6222f32553,445a726490e0ec40b46bbcb80f82cecae6fde39bee2c79c3a6bd2407536df1ea,0.15000000596046448,0.018702752888202667,17.28094482421875,0.40551185607910156,0.0025921582709997892,25.863384246826172,0.8894426822662354,12.666449546813965,12.657575607299805,0.001019815681502223,33.281341552734375,0.08770568668842316,6.216530799865723,33.281314849853516,0.0634613037109375,0.096771240234375
U-Tikhonov T16/CG32,233,33,0,/Users/kyrillguba/Documents/Data Analytics MSc/Thesis/Python/First Try/data/DIV2K/DIV2K_valid_HR/0834.png,div2k/0834.png/sigma_0.150,div2k,0834.png,20033,43cd5d3407a2ec5d9396c0ba9f3595990830fe17adfb5b3d69777dc489012502,383ed9b44b8d726884074df518205a748332932f3f81c8a3b55981e8dcf290b6,0.15000000596046448,0.01781289279460907,17.492656707763672,0.4463292956352234,0.003130684606730938,25.04360580444336,0.8374700546264648,9.981788635253906,11.202156066894531,0.007380104158073664,33.281341552734375,0.097915880382061,4.113428115844727,33.278106689453125,0.0635986328125,0.0418853759765625
U-Tikhonov T16/CG32,234,34,0,/Users/kyrillguba/Documents/Data Analytics MSc/Thesis/Python/First Try/data/DIV2K/DIV2K_valid_HR/0835.png,div2k/0835.png/sigma_0.150,div2k,0835.png,20034,80084574e021b9b385517a807fa4f62735358952d97592c2b192db98626e086c,ab88cfe1c91119849a14c68e0ced4f7a68f55c22247fb36262dcfca192946ea7,0.15000000596046448,0.020649921149015427,16.85081672668457,0.46297645568847656,0.003787573426961899,24.216388702392578,0.735558032989502,5.97015380859375,7.474043846130371,0.020826641470193863,33.281341552734375,0.1537959724664688,2.905827522277832,32.88746643066406,0.0443572998046875,0.0095367431640625
U-Tikhonov T16/CG32,235,35,0,/Users/kyrillguba/Documents/Data Analytics MSc/Thesis/Python/First Try/data/DIV2K/DIV2K_valid_HR/0836.png,div2k/0836.png/sigma_0.150,div2k,0836.png,20035,d774c40f160da761b384b399f5636cb3cfecf88e2cc5d41c78f575c3bea500af,a698b263decf677f0e83bfaa60d0c6b225d770b4a25b8e5cf099370baa3508ff,0.15000000596046448,0.01925620064139366,17.154294967651367,0.5178630352020264,0.0040755728259682655,23.898115158081055,0.8419755697250366,7.495584487915039,10.398282051086426,0.015018139034509659,33.281341552734375,0.09260976314544678,2.3506741523742676,33.281036376953125,0.08306884765625,0.043853759765625
U-Tikhonov T16/CG32,236,36,0,/Users/kyrillguba/Documents/Data Analytics MSc/Thesis/Python/First Try/data/DIV2K/DIV2K_valid_HR/0837.png,div2k/0837.png/sigma_0.150,div2k,0837.png,20036,af3a3f14f10fd37d750995ae36a4d7d4e23e7343e1fc6fb8ddf8342f79d68d35,2ea0bd15768afa04c60f467c0f7d25e2bb6af344870f5c8a2359b94b3e30da09,0.15000000596046448,0.019341405481100082,17.135120391845703,0.6268107295036316,0.00513095548376441,22.89801788330078,0.8205138444900513,3.087599039077759,5.262578964233398,0.0047891936264932156,33.281341552734375,0.07116340845823288,1.2342305183410645,28.951465606689453,0.1492919921875,0.00244140625
U-Tikhonov T16/CG32,237,37,0,/Users/kyrillguba/Documents/Data Analytics MSc/Thesis/Python/First Try/data/DIV2K/DIV2K_valid_HR/0838.png,div2k/0838.png/sigma_0.150,div2k,0838.png,20037,a419adae2a9bbcb7b328e0e98815224877487f12f01cec7bd572e3a61b346f36,6bf8541a9f1618f7c3acdace08aff0b5000015d98529360e64ba9507d413a64e,0.15000000596046448,0.01946748048067093,17.106903076171875,0.36104997992515564,0.0013935379683971405,28.55881118774414,0.8838454484939575,10.350007057189941,11.17101001739502,0.010838671587407589,33.281341552734375,0.15971677005290985,4.979617118835449,33.281341552734375,0.0318603515625,0.0858917236328125
U-Tikhonov T16/CG32,238,38,0,/Users/kyrillguba/Documents/Data Analytics MSc/Thesis/Python/First Try/data/DIV2K/DIV2K_valid_HR/0839.png,div2k/0839.png/sigma_0.150,div2k,0839.png,20038,9ed3b7789f4dcc0b1bfd3a6e2391350b33a63a89353a3bd50f5bde4b89d2f647,f9130853dbbfa07bf1c14db4797ef5ab8c72ef9cf2cdc9de6f0b03f7f16c474b,0.15000000596046448,0.01686917617917061,17.729061126708984,0.33664143085479736,0.003699352964758873,24.318742752075195,0.5025702118873596,13.711461067199707,13.307920455932617,0.004140157718211412,33.281341552734375,0.13743901252746582,6.550426959991455,33.281341552734375,0.0337066650390625,0.16839599609375
U-Tikhonov T16/CG32,239,39,0,/Users/kyrillguba/Documents/Data Analytics MSc/Thesis/Python/First Try/data/DIV2K/DIV2K_valid_HR/0840.png,div2k/0840.png/sigma_0.150,div2k,0840.png,20039,df4e88246e2af519b1c29adccc7944ac0f8568e6a1ef7d65c39dc4fcd2a3dd5b,82c282ba3fb8658837bc2e38ced0b95c689e4eee60cf80dea72fdddcf53f55c8,0.15000000596046448,0.019337277859449387,17.13604736328125,0.5548001527786255,0.0042074890807271,23.759769439697266,0.7881594300270081,3.4169259071350098,4.884417533874512,0.008189481683075428,33.281314849853516,0.10379934310913086,1.716836929321289,26.355945587158203,0.079315185546875,0.001220703125
U-Tikhonov T16/CG32,240,40,0,/Users/kyrillguba/Documents/Data Analytics MSc/Thesis/Python/First Try/data/DIV2K/DIV2K_valid_HR/0841.png,div2k/0841.png/sigma_0.150,div2k,0841.png,20040,b85a5c827a7d17dab432c8f79abc120715b867e00f3bcbe182f90d6c23ecff6f,4b87dfde340932f131f43a8188c38cd9652bddda88ba5ef47c03ed00594d0f59,0.15000000596046448,0.018788296729326248,17.261125564575195,0.38209402561187744,0.003075819928199053,25.120389938354492,0.7735011577606201,9.106115341186523,10.090204238891602,0.016755346208810806,33.281341552734375,0.12994959950447083,4.416029453277588,33.281341552734375,0.0523529052734375,0.0309295654296875
U-Tikhonov T16/CG32,241,41,0,/Users/kyrillguba/Documents/Data Analytics MSc/Thesis/Python/First Try/data/DIV2K/DIV2K_valid_HR/0842.png,div2k/0842.png/sigma_0.150,div2k,0842.png,20041,e0fe2755785538efb2ac1c7a4fc4e854d8206a8f09b68ac1931f0544c3e7cc53,71c8afa6e0febe0920a1d7eef7e0befbdc15d57b91334dc60e6d3d3100e38330,0.15000000596046448,0.01854383572936058,17.318004608154297,0.4578133225440979,0.0027241092175245285,25.647756576538086,0.8248313665390015,8.402249336242676,9.586318969726562,0.008284471929073334,33.281341552734375,0.09932556003332138,4.115384578704834,33.28124237060547,0.064727783203125,0.028839111328125
U-Tikhonov T16/CG32,242,42,0,/Users/kyrillguba/Documents/Data Analytics MSc/Thesis/Python/First Try/data/DIV2K/DIV2K_valid_HR/0843.png,div2k/0843.png/sigma_0.150,div2k,0843.png,20042,8d4db85adca20e5911d117b4bb54fdfb3f22b2a02cceb14242bb7540955f6140,f77c7967c75a1fd7198d9e3a70d46bb0d78e15bc51efc599984bebb7a40dbd2b,0.15000000596046448,0.014073172584176064,18.516080856323242,0.20515447854995728,0.001652479637414217,27.818639755249023,0.8934488892555237,23.365093231201172,12.337625503540039,0.0057382541708648205,33.281341552734375,0.10589063912630081,30.60665512084961,33.281341552734375,0.037841796875,0.3244476318359375
U-Tikhonov T16/CG32,243,43,0,/Users/kyrillguba/Documents/Data Analytics MSc/Thesis/Python/First Try/data/DIV2K/DIV2K_valid_HR/0844.png,div2k/0844.png/sigma_0.150,div2k,0844.png,20043,15c2150d7c67049e1e35243bac1a1a68c6f0e57215592b78ed9b74e130ed1370,3eb74552493cd014838d225d671ae8e239c060f5a8e98176f678e5ed10ece2ec,0.15000000596046448,0.017111284658312798,17.66717529296875,0.25169920921325684,0.001267458195798099,28.970664978027344,0.8411754369735718,17.407114028930664,12.16071891784668,0.006829921621829271,33.281341552734375,0.15471243858337402,16.855741500854492,33.281333923339844,0.0233154296875,0.12408447265625
U-Tikhonov T16/CG32,244,44,0,/Users/kyrillguba/Documents/Data Analytics MSc/Thesis/Python/First Try/data/DIV2K/DIV2K_valid_HR/0845.png,div2k/0845.png/sigma_0.150,div2k,0845.png,20044,3afec5a048f16903b44498719256567f9874b218bd408f06ae16848d5bfd4779,c02348e296cd7a2c1fcdce5f2b6d93d1f6c189f1048cfaceeafa41dcba6caa82,0.15000000596046448,0.01654771901667118,17.812618255615234,0.4690502882003784,0.004557453095912933,23.412778854370117,0.8000518083572388,11.214653015136719,11.828017234802246,0.003847230924293399,33.281341552734375,0.04299303889274597,5.481179237365723,33.281307220458984,0.1229400634765625,0.054718017578125
U-Tikhonov T16/CG32,245,45,0,/Users/kyrillguba/Documents/Data Analytics MSc/Thesis/Python/First Try/data/DIV2K/DIV2K_valid_HR/0846.png,div2k/0846.png/sigma_0.150,div2k,0846.png,20045,bfa025022780e8b45b7d8ca41bf0c1aa0ef062e997a3e07e7b0b4766072a0c65,95a2095d29a9fdfa24f0613b8723268a2a2caae5f67b27db38561d008406c53c,0.15000000596046448,0.016739562153816223,17.762561798095703,0.47529786825180054,0.005720277316868305,22.425827026367188,0.7650817632675171,9.65103530883789,11.673857688903809,0.005673517938703299,33.281341552734375,0.0857619047164917,3.0861058235168457,33.281272888183594,0.0862579345703125,0.06243896484375
U-Tikhonov T16/CG32,246,46,0,/Users/kyrillguba/Documents/Data Analytics MSc/Thesis/Python/First Try/data/DIV2K/DIV2K_valid_HR/0847.png,div2k/0847.png/sigma_0.150,div2k,0847.png,20046,a03ac31eb9aa42c51d2ec103e996158d3f7890d32752d0e5a0bece66c7f0a096,ffd99bfca4cf39d6a3a221cdbcde9231b9badb23a2ecb48ceea70490a6362b3f,0.15000000596046448,0.018600057810544968,17.30485725402832,0.591997504234314,0.004651233088225126,23.32431983947754,0.8525676131248474,7.271477699279785,9.893582344055176,0.0044344100169837475,33.281341552734375,0.05875210836529732,2.2676820755004883,33.27775192260742,0.1323089599609375,0.0276947021484375
U-Tikhonov T16/CG32,247,47,0,/Users/kyrillguba/Documents/Data Analytics MSc/Thesis/Python/First Try/data/DIV2K/DIV2K_valid_HR/0848.png,div2k/0848.png/sigma_0.150,div2k,0848.png,20047,226e619ed1295a7c7b4eb9d622c6124c81ba03e21362bb8eee67e67dced25224,0f55315d00e487e8421b8e5d2c162cb63209d10bcb08fccfa3eac51f4826cb1f,0.15000000596046448,0.019186735153198242,17.16998863220215,0.5657171607017517,0.0036847381852567196,24.335933685302734,0.8462328910827637,5.523179054260254,8.0834379196167,0.0034480984322726727,33.281341552734375,0.05385644733905792,2.0990371704101562,33.27363204956055,0.118560791015625,0.019927978515625
U-Tikhonov T16/CG32,248,48,0,/Users/kyrillguba/Documents/Data Analytics MSc/Thesis/Python/First Try/data/DIV2K/DIV2K_valid_HR/0849.png,div2k/0849.png/sigma_0.150,div2k,0849.png,20048,2c70dd5654b23e4a9ab11865c6c70e3077823c4972ad389deddc84dd9edc36b8,94c10ff56b792083e069c1e13db449dc146a1968abec94149f0e068c287de8df,0.15000000596046448,0.01942417398095131,17.116575241088867,0.7332503199577332,0.007870178669691086,21.0401554107666,0.8336051106452942,2.522261381149292,4.686172008514404,0.005274271592497826,33.281341552734375,0.04641389101743698,0.8312721848487854,26.24012565612793,0.2554931640625,0.00201416015625
U-Tikhonov T16/CG32,249,49,0,/Users/kyrillguba/Documents/Data Analytics MSc/Thesis/Python/First Try/data/DIV2K/DIV2K_valid_HR/0850.png,div2k/0850.png/sigma_0.150,div2k,0850.png,20049,b0e8b344c318dfae08640e56c0b52ec6df0909ea2a5c7128b8b44308511dabe7,e4407e793da2eed5c71c154409f5734e76b4e485ef9eeda54befb82b601876ca,0.15000000596046448,0.02045828476548195,16.891307830810547,0.4563879370689392,0.002999096643179655,25.23009490966797,0.7977983951568604,7.141952991485596,8.463448524475098,0.004225367680191994,33.281341552734375,0.11536610871553421,3.6404976844787598,33.17155075073242,0.0543975830078125,0.0147552490234375
U-Tikhonov T16/CG32,250,50,0,/Users/kyrillguba/Documents/Data Analytics MSc/Thesis/Python/First Try/data/DIV2K/DIV2K_valid_HR/0851.png,div2k/0851.png/sigma_0.150,div2k,0851.png,20050,6cd623610d71351bd69a4193263bc448cd15272dcfd17f66224ecc57d176c5d0,45914f5a99cf40c07b4a548bad8f33cacd4f86d0cd8f9e83c690ade33316958a,0.15000000596046448,0.019009403884410858,17.210315704345703,0.3504496216773987,0.002618668833747506,25.819196701049805,0.8833476305007935,17.03094482421875,13.996103286743164,0.00857306458055973,33.281341552734375,0.0869378000497818,16.271011352539062,33.281341552734375,0.078460693359375,0.2570953369140625
U-Tikhonov T16/CG32,251,51,0,/Users/kyrillguba/Documents/Data Analytics MSc/Thesis/Python/First Try/data/DIV2K/DIV2K_valid_HR/0852.png,div2k/0852.png/sigma_0.150,div2k,0852.png,20051,73b3c50a05a0fcb1a26fb8f3d88ebc57fe34409f6e6d0d125e46c18d90cca3a1,850f26009109573b2f69a347f1af5baa9fe2d024153abbbe3b3b5e06b5b1b12a,0.15000000596046448,0.013176376931369305,18.802040100097656,0.20418581366539001,0.0030032098293304443,25.224143981933594,0.4835047125816345,14.842517852783203,11.933313369750977,0.03382432460784912,33.281341552734375,0.3180702030658722,11.733701705932617,33.281341552734375,0.0108642578125,0.090972900390625
U-Tikhonov T16/CG32,252,52,0,/Users/kyrillguba/Documents/Data Analytics MSc/Thesis/Python/First Try/data/DIV2K/DIV2K_valid_HR/0853.png,div2k/0853.png/sigma_0.150,div2k,0853.png,20052,e9eb55fc2bc1bcfd2fad63122c380357a672f2b9f14b61a7547da796324e10c2,22c69d70ebed1d7f51a2bf3dfbcb3e01295dfc1f80c11012554d831fd273cfdd,0.15000000596046448,0.017418192699551582,17.589969635009766,0.2821323871612549,0.002085206564515829,26.808509826660156,0.8296566009521484,15.882688522338867,13.133872032165527,0.007620692253112793,33.281341552734375,0.14219145476818085,12.356142044067383,33.281341552734375,0.033294677734375,0.172119140625
U-Tikhonov T16/CG32,253,53,0,/Users/kyrillguba/Documents/Data Analytics MSc/Thesis/Python/First Try/data/DIV2K/DIV2K_valid_HR/0854.png,div2k/0854.png/sigma_0.150,div2k,0854.png,20053,dbefb08aac7a5ad65da8e59ab21cbb0e921c9ad6da4d670be4cb2a982a3e2ffe,c5453e1ba744ca7546c6114bacc70691e12f92dcf033afe98e5c8518a9587471,0.15000000596046448,0.020880915224552155,16.802505493164062,0.4812200963497162,0.004123255144804716,23.847599029541016,0.7993377447128296,9.492722511291504,11.563522338867188,0.008745008148252964,33.281341552734375,0.09757213294506073,3.173068046569824,33.280975341796875,0.0733184814453125,0.067169189453125
U-Tikhonov T16/CG32,254,54,0,/Users/kyrillguba/Documents/Data Analytics MSc/Thesis/Python/First Try/data/DIV2K/DIV2K_valid_HR/0855.png,div2k/0855.png/sigma_0.150,div2k,0855.png,20054,9e2b3caa326eef35864ca6323728491aaf77f5232b3a1b7435275b7a4b5bc314,8f500d00c6e0901077bb3fd55ffc20316938959f775ccab9c775f3f0787ae211,0.15000000596046448,0.02026764675974846,16.93196678161621,0.3772783875465393,0.00247527495957911,26.063766479492188,0.7839688062667847,9.270280838012695,9.326459884643555,0.00901830941438675,33.281341552734375,0.19305109977722168,5.45491361618042,33.23897933959961,0.0237274169921875,0.01983642578125
U-Tikhonov T16/CG32,255,55,0,/Users/kyrillguba/Documents/Data Analytics MSc/Thesis/Python/First Try/data/DIV2K/DIV2K_valid_HR/0856.png,div2k/0856.png/sigma_0.150,div2k,0856.png,20055,66cf31de43a337537e663db0aecf5dd0004e87a0fbe2bd2cdc7ed9a8b4a93ece,2cf5d7c980e13f9eeb854391e0f07db5ddf11178c1271985069d37533454f77d,0.15000000596046448,0.01848992332816124,17.33064842224121,0.2967223525047302,0.002629668917506933,25.80099105834961,0.62113356590271,10.78376579284668,10.024618148803711,0.03596402704715729,33.281341552734375,0.3777018189430237,6.708386421203613,33.274818420410156,0.00732421875,0.0282440185546875
U-Tikhonov T16/CG32,256,56,0,/Users/kyrillguba/Documents/Data Analytics MSc/Thesis/Python/First Try/data/DIV2K/DIV2K_valid_HR/0857.png,div2k/0857.png/sigma_0.150,div2k,0857.png,20056,ab895c24c3f27bd01daebb297e1995e3f7eaba3372e5cc7e32fb98edb3dfd93b,f67638c593248821293ef1506d42b3ed14b803a843a564bb9ac370b8c89934b8,0.15000000596046448,0.021883290261030197,16.598875045776367,0.3191419839859009,0.0011009755544364452,29.582223892211914,0.8797585964202881,9.217622756958008,8.188231468200684,0.01531745120882988,33.28133010864258,0.21341903507709503,6.470342636108398,32.46778106689453,0.0189666748046875,0.0054931640625
U-Tikhonov T16/CG32,257,57,0,/Users/kyrillguba/Documents/Data Analytics MSc/Thesis/Python/First Try/data/DIV2K/DIV2K_valid_HR/0858.png,div2k/0858.png/sigma_0.150,div2k,0858.png,20057,69c3c9a846793f1dd2cda90db3fba707412671412126cd1eaad1496e784f7c0e,3646e942c385c6ac9176f7fb2b36cf82ee5ed2b6ccd522f45ed58a56732cc4f3,0.15000000596046448,0.01631496474146843,17.8741397857666,0.39812690019607544,0.0037681041285395622,24.238773345947266,0.6435744762420654,8.881025314331055,10.574934005737305,0.011606669053435326,33.281341552734375,0.15034699440002441,3.59883975982666,33.28133773803711,0.0406646728515625,0.048187255859375
U-Tikhonov T16/CG32,258,58,0,/Users/kyrillguba/Documents/Data Analytics MSc/Thesis/Python/First Try/data/DIV2K/DIV2K_valid_HR/0859.png,div2k/0859.png/sigma_0.150,div2k,0859.png,20058,0783919bca182fbd4ec27a809e6b7e6c58e89fddb3d3ef3d1bd5c807651c9a53,5650be64cced5f0cbbcbc473282d33c297129c1defd53cc10aadbd72c3bcde5c,0.15000000596046448,0.02081388048827648,16.816469192504883,0.5007640719413757,0.004106641747057438,23.865131378173828,0.7409548759460449,6.235753059387207,8.049715995788574,0.006387531291693449,33.281341552734375,0.1340777426958084,2.857369899749756,33.2789421081543,0.0460205078125,0.0213165283203125
U-Tikhonov T16/CG32,259,59,0,/Users/kyrillguba/Documents/Data Analytics MSc/Thesis/Python/First Try/data/DIV2K/DIV2K_valid_HR/0860.png,div2k/0860.png/sigma_0.150,div2k,0860.png,20059,6323c40a5d11f381b901e87cf8f54d9578bc32be44b9350ac5386eb44224de4a,4ae6cbf3c12fe9daeb79b1547020b09831115ceb1657ff734c708457e8417976,0.15000000596046448,0.019756164401769638,17.0429744720459,0.5954591035842896,0.0057301269844174385,22.418357849121094,0.743590235710144,3.0526204109191895,4.541737079620361,0.011653687804937363,33.27971267700195,0.09357985109090805,1.5303494930267334,25.231449127197266,0.092681884765625,0.000946044921875
U-Tikhonov T16/CG32,260,60,0,/Users/kyrillguba/Documents/Data Analytics MSc/Thesis/Python/First Try/data/DIV2K/DIV2K_valid_HR/0861.png,div2k/0861.png/sigma_0.150,div2k,0861.png,20060,c3df240f2bf2bcdcdc9060b4ba3b0dd6324594f485ce3ee2d407f0b5364d72d7,7814b5aa3f0318c16ff9dbb233da254f4b00b36d5d84e2a1c13de7a34e28fa1d,0.15000000596046448,0.015469681471586227,18.105186462402344,0.4704107940196991,0.00519828824326396,22.841398239135742,0.6608718037605286,9.73064136505127,11.169837951660156,0.009512288495898247,33.281341552734375,0.07378994673490524,3.843754529953003,33.28068542480469,0.103790283203125,0.0403594970703125
U-Tikhonov T16/CG32,261,61,0,/Users/kyrillguba/Documents/Data Analytics MSc/Thesis/Python/First Try/data/DIV2K/DIV2K_valid_HR/0862.png,div2k/0862.png/sigma_0.150,div2k,0862.png,20061,b28039f4ed1566ad4bef028589288dfa1cf33c4b676694010eb5d0d9f228ef50,a6f0e8fb9e75c16d43cf99ebdd0c942dd78b095450a4871e0a5cf81fce0234b4,0.15000000596046448,0.02187032625079155,16.60144805908203,0.22942745685577393,0.0008885135175660253,30.51335906982422,0.8540613055229187,16.982486724853516,12.022059440612793,0.03109782189130783,33.281341552734375,0.5081530213356018,14.581514358520508,33.281341552734375,0.0047607421875,0.1585845947265625
U-Tikhonov T16/CG32,262,62,0,/Users/kyrillguba/Documents/Data Analytics MSc/Thesis/Python/First Try/data/DIV2K/DIV2K_valid_HR/0863.png,div2k/0863.png/sigma_0.150,div2k,0863.png,20062,69a9aeec52e386294dc8c778c0d11c7f842f0960ca488aa898c25c50220c823a,1eceb9ec8ba500196990568abaa4d8c71397ac395afdea051040f4d78418ae66,0.15000000596046448,0.019079778343439102,17.19426727294922,0.39566218852996826,0.0024966085329651833,26.02649688720703,0.8531045317649841,9.938796997070312,11.7501802444458,0.010841865092515945,33.281341552734375,0.1413469761610031,3.323988914489746,33.2809944152832,0.0503997802734375,0.0576171875
U-Tikhonov T16/CG32,263,63,0,/Users/kyrillguba/Documents/Data Analytics MSc/Thesis/Python/First Try/data/DIV2K/DIV2K_valid_HR/0864.png,div2k/0864.png/sigma_0.150,div2k,0864.png,20063,fb786dffb18452c590dd1e18bebeea18d1c1bec24fd9d36d75ba35ad6c8a81d3,14cffd14a8cdb618aec05880897bfc6c29c8d375852b2585bd01a6574849c211,0.15000000596046448,0.020215187221765518,16.94322395324707,0.44254496693611145,0.002756937872618437,25.595731735229492,0.7813899517059326,5.376965522766113,6.809977054595947,0.015046756714582443,33.281341552734375,0.18787354230880737,2.737452983856201,32.84846878051758,0.031341552734375,0.009429931640625
U-Tikhonov T16/CG32,264,64,0,/Users/kyrillguba/Documents/Data Analytics MSc/Thesis/Python/First Try/data/DIV2K/DIV2K_valid_HR/0865.png,div2k/0865.png/sigma_0.150,div2k,0865.png,20064,f92af3991be3de305c0efcfbe87ac07586eb280db7c47c56bbf8452a9b10010c,54490d712106fb9f4d4544bf2014dc7c04c031acb65fad0ba99bb13bcb9b1d35,0.15000000596046448,0.02141769602894783,16.692272186279297,0.42246562242507935,0.0026987334713339806,25.688400268554688,0.8028349876403809,6.937251567840576,8.713194847106934,0.01356968842446804,33.281341552734375,0.13754846155643463,2.930124521255493,33.06544494628906,0.053497314453125,0.012237548828125
U-Tikhonov T16/CG32,265,65,0,/Users/kyrillguba/Documents/Data Analytics MSc/Thesis/Python/First Try/data/DIV2K/DIV2K_valid_HR/0866.png,div2k/0866.png/sigma_0.150,div2k,0866.png,20065,64fe1cb87ea16bd47a4af52b635bd686b87a3bb0bb006aa875e7090e7f4f1b09,ca77f14d69c48e6b845cd10b55983d1368652fc41953eedc50872b962a0edd5c,0.15000000596046448,0.021065503358840942,16.7642822265625,0.5675008296966553,0.004508144222199917,23.460023880004883,0.8035890460014343,4.64890193939209,6.9105424880981445,0.008860113099217415,33.274356842041016,0.06826560944318771,1.7327697277069092,31.165197372436523,0.1339874267578125,0.0017547607421875
U-Tikhonov T16/CG32,266,66,0,/Users/kyrillguba/Documents/Data Analytics MSc/Thesis/Python/First Try/data/DIV2K/DIV2K_valid_HR/0867.png,div2k/0867.png/sigma_0.150,div2k,0867.png,20066,a1b0a4eea55a3cc398df9e911e7db0ecbec9938d8ca0f96d3252df65b6daed62,489082987d893b9111ff8cc461523e9cf259a89d3eae6060586e438615394bf3,0.15000000596046448,0.020587537437677383,16.863956451416016,0.5906478762626648,0.004309536889195442,23.65569305419922,0.8245711326599121,4.212003231048584,7.16087532043457,0.005490211769938469,33.281341552734375,0.080702044069767,1.3942046165466309,33.19629669189453,0.1218719482421875,0.0133819580078125
U-Tikhonov T16/CG32,267,67,0,/Users/kyrillguba/Documents/Data Analytics MSc/Thesis/Python/First Try/data/DIV2K/DIV2K_valid_HR/0868.png,div2k/0868.png/sigma_0.150,div2k,0868.png,20067,a5806164ffd45d6b14c4f40b199c062ca7d2855351fd99291a948b57f15212f1,3f900618571625c340ba45e51bd1e3d128f7f3550c63988d124a936fd88fcd70,0.15000000596046448,0.016574418172240257,17.805618286132812,0.26616498827934265,0.0015796769876033068,28.01431655883789,0.9377343654632568,21.628192901611328,12.746086120605469,0.007845590822398663,33.281341552734375,0.10293492674827576,28.39735984802246,33.281341552734375,0.0472564697265625,0.25653076171875
U-Tikhonov T16/CG32,268,68,0,/Users/kyrillguba/Documents/Data Analytics MSc/Thesis/Python/First Try/data/DIV2K/DIV2K_valid_HR/0869.png,div2k/0869.png/sigma_0.150,div2k,0869.png,20068,bc61ffc14754a4c0e306111ec7946ec828ebc05b363e7717d8c2f300d7750e5c,202aa48ccc3b279a766daa719a87aec876ccb1f9e1834eb4dc7a517266822579,0.15000000596046448,0.020335741341114044,16.917400360107422,0.4392627477645874,0.0029387432150542736,25.318384170532227,0.8275821208953857,11.497453689575195,12.47805118560791,0.010141599923372269,33.281341552734375,0.11592919379472733,4.44068717956543,33.281341552734375,0.054779052734375,0.1060333251953125
U-Tikhonov T16/CG32,269,69,0,/Users/kyrillguba/Documents/Data Analytics MSc/Thesis/Python/First Try/data/DIV2K/DIV2K_valid_HR/0870.png,div2k/0870.png/sigma_0.150,div2k,0870.png,20069,23fb86d88c32c580e802edb1ef9cd9aecf3ca74c79ecdde14ada63f7050ad410,6321e9cf1562ebed88776a69961ee1c5c8cc0c1983af1fc62b68e2aa77eb14a7,0.15000000596046448,0.02132485806941986,16.711137771606445,0.5675413608551025,0.005157957784831524,22.87522315979004,0.7547601461410522,2.90960955619812,4.490979194641113,0.008384138345718384,33.263118743896484,0.10584323108196259,1.4170881509780884,25.557762145996094,0.0879974365234375,0.000823974609375
U-Tikhonov T16/CG32,270,70,0,/Users/kyrillguba/Documents/Data Analytics MSc/Thesis/Python/First Try/data/DIV2K/DIV2K_valid_HR/0871.png,div2k/0871.png/sigma_0.150,div2k,0871.png,20070,755675f2824bd9535075c3a3649ecad82608dffc5b28d5b6777c999ce5ac8feb,10125e5a8e11f33c76c1b1bed7595bdfd36ccd859da9d715e162a1351d92a580,0.15000000596046448,0.021094676107168198,16.758272171020508,0.5268259048461914,0.0033482625149190426,24.751806259155273,0.8354778289794922,4.158524513244629,5.602290153503418,0.011403549462556839,33.28132629394531,0.10396617650985718,2.0068700313568115,28.339534759521484,0.07989501953125,0.0016021728515625
U-Tikhonov T16/CG32,271,71,0,/Users/kyrillguba/Documents/Data Analytics MSc/Thesis/Python/First Try/data/DIV2K/DIV2K_valid_HR/0872.png,div2k/0872.png/sigma_0.150,div2k,0872.png,20071,a3051017ca8c7da3a6c7830c9bb928ecf2b81dc2add6c092a6aecfa321376f6b,c460690477aa730ba52b6f070f23b6a80e95359dd83e0d659d013b8e096f919b,0.15000000596046448,0.020569588989019394,16.86774444580078,0.6250527501106262,0.0047082072123885155,23.27144432067871,0.83347487449646,4.390657901763916,6.982911586761475,0.011990765109658241,33.281341552734375,0.06551607698202133,1.5172070264816284,32.9910774230957,0.138885498046875,0.01055908203125
U-Tikhonov T16/CG32,272,72,0,/Users/kyrillguba/Documents/Data Analytics MSc/Thesis/Python/First Try/data/DIV2K/DIV2K_valid_HR/0873.png,div2k/0873.png/sigma_0.150,div2k,0873.png,20072,98eca5a763607b677cf4da90c4112b7bd27d325edaf99023f29c46b2af95740e,b1a58c6fdd9a17716a53afc24b211241e38bebda099604f4de03ec4b8a65d0c0,0.15000000596046448,0.02104468084871769,16.768577575683594,0.4549928903579712,0.0040217069908976555,23.955896377563477,0.7693995237350464,6.595393657684326,9.239471435546875,0.006344526074826717,33.281341552734375,0.16769343614578247,2.4313881397247314,33.22728729248047,0.0393524169921875,0.0236358642578125
U-Tikhonov T16/CG32,273,73,0,/Users/kyrillguba/Documents/Data Analytics MSc/Thesis/Python/First Try/data/DIV2K/DIV2K_valid_HR/0874.png,div2k/0874.png/sigma_0.150,div2k,0874.png,20073,c1b141701b55a15db0c8d9d38d28131d0c6935abc941c0cf5a1b8e17483ce6db,f7a960b00896cbbdc6ccf512afa721f386e45066e678fb4dac90081e17444d92,0.15000000596046448,0.020938146859407425,16.790616989135742,0.38387995958328247,0.002585326787084341,25.874845504760742,0.7422661781311035,9.712413787841797,10.154455184936523,0.009188958443701267,33.281341552734375,0.1563611775636673,5.1636247634887695,33.28102493286133,0.0302581787109375,0.03729248046875
U-Tikhonov T16/CG32,274,74,0,/Users/kyrillguba/Documents/Data Analytics MSc/Thesis/Python/First Try/data/DIV2K/DIV2K_valid_HR/0875.png,div2k/0875.png/sigma_0.150,div2k,0875.png,20074,9efdc0057bb6e53db148019bb4a13192254fce5f31a016a4924e85fc6ee62a16,e753a30c362a6d3eb9c45706aecc08c68a7ea7f6628d8db66366787c20355c9f,0.15000000596046448,0.020058192312717438,16.977083206176758,0.6610298156738281,0.0053336601704359055,22.729747772216797,0.8380783796310425,3.161491870880127,5.70223331451416,0.006868585012853146,33.281341552734375,0.06912129372358322,1.2338550090789795,32.194244384765625,0.1341094970703125,0.0068206787109375
U-Tikhonov T16/CG32,275,75,0,/Users/kyrillguba/Documents/Data Analytics MSc/Thesis/Python/First Try/data/DIV2K/DIV2K_valid_HR/0876.png,div2k/0876.png/sigma_0.150,div2k,0876.png,20075,84df379a2b4a7b995296e31b3954bfb9a7731d5e2d0b8650405a416a53e11125,04f67a9594d48093a6e08a0e38642e6eee5be4f8b3ade5dfae2084bc980881d8,0.15000000596046448,0.01703212410211563,17.687313079833984,0.45483678579330444,0.003949320875108242,24.03477668762207,0.6840745210647583,5.603433132171631,6.8823628425598145,0.010268439538776875,33.28132247924805,0.09819965064525604,2.799798011779785,30.74343490600586,0.0596771240234375,0.001708984375
U-Tikhonov T16/CG32,276,76,0,/Users/kyrillguba/Documents/Data Analytics MSc/Thesis/Python/First Try/data/DIV2K/DIV2K_valid_HR/0877.png,div2k/0877.png/sigma_0.150,div2k,0877.png,20076,a7be10c02736c3557926612d053466a395f1f8df83ddeeff7027d05bb769b33a,7a218ead6d4c2d3dbb899303596e94d43e2c5a54ec8912d5cb7240b959b4d20a,0.15000000596046448,0.01769191399216652,17.52225112915039,0.31010305881500244,0.0016816840507090092,27.742555618286133,0.7887531518936157,9.295180320739746,9.297649383544922,0.012005108408629894,33.281341552734375,0.15544643998146057,5.585062503814697,33.2692985534668,0.03204345703125,0.023284912109375
U-Tikhonov T16/CG32,277,77,0,/Users/kyrillguba/Documents/Data Analytics MSc/Thesis/Python/First Try/data/DIV2K/DIV2K_valid_HR/0878.png,div2k/0878.png/sigma_0.150,div2k,0878.png,20077,f1e61ee7f615bf40fc0cc24a3750fc6413019d89281f32d061c3bfb42fdf3082,523e861cf9811cfce774e032f43234955e18c0379b5dd121e8c3aa12cc8d019b,0.15000000596046448,0.0209621824324131,16.78563690185547,0.5418142080307007,0.0038849636912345886,24.106130599975586,0.8037416934967041,5.8071699142456055,8.558431625366211,0.007387180812656879,33.281341552734375,0.09726288914680481,2.0885190963745117,33.28132629394531,0.0817108154296875,0.028900146484375
U-Tikhonov T16/CG32,278,78,0,/Users/kyrillguba/Documents/Data Analytics MSc/Thesis/Python/First Try/data/DIV2K/DIV2K_valid_HR/0879.png,div2k/0879.png/sigma_0.150,div2k,0879.png,20078,f7a72db70e5d13cc9ce0514ee1b317f98a5b43e5671f68071037416761ac50bb,d5918c03e5907d4cf17c7a3b8fdf798cfd715c7e2c42e5b086c8db22e0140197,0.15000000596046448,0.02097097411751747,16.7838134765625,0.3940846621990204,0.0027046441100537777,25.67889976501465,0.8983274102210999,16.850858688354492,14.701255798339844,0.012972662225365639,33.281341552734375,0.0845445990562439,15.279991149902344,33.281341552734375,0.088043212890625,0.3038177490234375
U-Tikhonov T16/CG32,279,79,0,/Users/kyrillguba/Documents/Data Analytics MSc/Thesis/Python/First Try/data/DIV2K/DIV2K_valid_HR/0880.png,div2k/0880.png/sigma_0.150,div2k,0880.png,20079,2464ffab9474f65f91c41e6231fc7c3907d471b36d493192c28dd9a9c9ac3c4c,dbdea1106cd8958916fc9772a53d3f6877bb9eb6f6bf76523991d5764d8fdd36,0.15000000596046448,0.02196056768298149,16.58356475830078,0.3213769495487213,0.001989134354516864,27.01335906982422,0.8678398132324219,15.325124740600586,13.327547073364258,0.003694652346894145,33.281341552734375,0.15586313605308533,11.459455490112305,33.281341552734375,0.036895751953125,0.1636199951171875
U-Tikhonov T16/CG32,280,80,0,/Users/kyrillguba/Documents/Data Analytics MSc/Thesis/Python/First Try/data/DIV2K/DIV2K_valid_HR/0881.png,div2k/0881.png/sigma_0.150,div2k,0881.png,20080,b4be0560c87adf38d8561ec3fb5a8e3e0e5d0b43501194ff1ff77f1511e89119,12545213925ff49318f4eb85bc9d7708644215a2b6f920b8b43a35070b88ddef,0.15000000596046448,0.021493175998330116,16.67699432373047,0.3434904217720032,0.0019664091523736715,27.063262939453125,0.8258187770843506,11.28265380859375,10.582892417907715,0.015028602443635464,33.281341552734375,0.17988136410713196,6.977961540222168,33.28118133544922,0.02520751953125,0.048126220703125
U-Tikhonov T16/CG32,281,81,0,/Users/kyrillguba/Documents/Data Analytics MSc/Thesis/Python/First Try/data/DIV2K/DIV2K_valid_HR/0882.png,div2k/0882.png/sigma_0.150,div2k,0882.png,20081,aac379d4eb1f7ffb4575e0fcca3a6836e85643267b9f537632bdfd3422ae2a6d,6ea62831d84b83768a283f19ded8038b94cdc02a1803dc9d4be062a1010c652b,0.15000000596046448,0.020324550569057465,16.919790267944336,0.5098577737808228,0.003103578230366111,25.081371307373047,0.8722317814826965,5.859045505523682,8.539599418640137,0.0017620906000956893,33.281341552734375,0.03434951603412628,2.0778326988220215,33.27880096435547,0.1251678466796875,0.0223846435546875
U-Tikhonov T16/CG32,282,82,0,/Users/kyrillguba/Documents/Data Analytics MSc/Thesis/Python/First Try/data/DIV2K/DIV2K_valid_HR/0883.png,div2k/0883.png/sigma_0.150,div2k,0883.png,20082,dc84aa16cb279e020e6bb4a512b74aeb161e2c3b612b40cfe834b4ea44c4dbd4,d6ca2ad6f8222cacc85ba5acfe3731812141fffa89abd8381baa251a186ba402,0.15000000596046448,0.02078293263912201,16.82293128967285,0.5666801929473877,0.004203964490443468,23.763410568237305,0.824970006942749,5.818022727966309,8.708890914916992,0.009882942773401737,33.281341552734375,0.08218859136104584,1.888495922088623,33.16804885864258,0.103790283203125,0.0154266357421875
U-Tikhonov T16/CG32,283,83,0,/Users/kyrillguba/Documents/Data Analytics MSc/Thesis/Python/First Try/data/DIV2K/DIV2K_valid_HR/0884.png,div2k/0884.png/sigma_0.150,div2k,0884.png,20083,c3e792b1483d91371c9eeedd1d20a4f45de1d748d7f261794ce740fbc3ea3016,67d70f20a1d4f66cac28d02ab11cd81f739a1071d066579730d2624fe56ba85d,0.15000000596046448,0.020287808030843735,16.927648544311523,0.5604811906814575,0.004363136366009712,23.602012634277344,0.8008943796157837,3.613201141357422,5.440664291381836,0.008031904697418213,33.28133773803711,0.07158050686120987,1.6489531993865967,29.138595581054688,0.1092071533203125,0.002044677734375
U-Tikhonov T16/CG32,284,84,0,/Users/kyrillguba/Documents/Data Analytics MSc/Thesis/Python/First Try/data/DIV2K/DIV2K_valid_HR/0885.png,div2k/0885.png/sigma_0.150,div2k,0885.png,20084,d1b12f5bdff73a004166bc26bfd68ed924612ba4dfeb5ee46ef886fec9606402,9eeb98b0c07f0b7b290d584d5a9e68577a79b851fc5d78184fc7550490c240de,0.15000000596046448,0.02135692909359932,16.704612731933594,0.42789727449417114,0.003727222327142954,24.286148071289062,0.6945315599441528,6.778934478759766,8.292020797729492,0.012181964702904224,33.281341552734375,0.13579438626766205,3.3254470825195312,33.2698974609375,0.0460662841796875,0.0191192626953125
U-Tikhonov T16/CG32,285,85,0,/Users/kyrillguba/Documents/Data Analytics MSc/Thesis/Python/First Try/data/DIV2K/DIV2K_valid_HR/0886.png,div2k/0886.png/sigma_0.150,div2k,0886.png,20085,8269830c494c50f2ca58c9fe1491092884eabccc73e5d87438dd2282f32843ab,9571b600fa26fa5e78211a52aba99b7f6cdab0485832901faed8cd24db7c030f,0.15000000596046448,0.020501960068941116,16.882047653198242,0.3476765751838684,0.0018128715455532074,27.416332244873047,0.862558126449585,9.513628005981445,9.368958473205566,0.0029016630724072456,33.281341552734375,0.12892559170722961,5.886981964111328,33.28044128417969,0.037994384765625,0.024871826171875
U-Tikhonov T16/CG32,286,86,0,/Users/kyrillguba/Documents/Data Analytics MSc/Thesis/Python/First Try/data/DIV2K/DIV2K_valid_HR/0887.png,div2k/0887.png/sigma_0.150,div2k,0887.png,20086,9674e5076ec8c005bce7e3450e6bf09deb82df9952eaff58c7717b3a16e90f3e,6d7b91947c5834877dcbcfb879c4555b794c0e30342063eb757e5d1cd377f564,0.15000000596046448,0.020419981330633163,16.899446487426758,0.39879703521728516,0.003211372531950474,24.933094024658203,0.7933247089385986,11.303665161132812,12.117716789245605,0.010302639566361904,33.281341552734375,0.09373799711465836,4.750003814697266,33.28133010864258,0.0670928955078125,0.0734710693359375
U-Tikhonov T16/CG32,287,87,0,/Users/kyrillguba/Documents/Data Analytics MSc/Thesis/Python/First Try/data/DIV2K/DIV2K_valid_HR/0888.png,div2k/0888.png/sigma_0.150,div2k,0888.png,20087,0b12dfb6e7a24bf393f0f61b8c12a04a0e14c82f6eb77cce3a6d2ed989cadb40,da1f4ebeae57366ccd911abc2e91442211f58aa2208b08a5e5e0641bb5b15b3f,0.15000000596046448,0.019633378833532333,17.070049285888672,0.6296042203903198,0.0046469829976558685,23.328289031982422,0.8411890268325806,3.774998664855957,6.153555870056152,0.00675968686118722,33.281341552734375,0.054790906608104706,1.3827908039093018,31.092552185058594,0.15509033203125,0.0038909912109375
U-Tikhonov T16/CG32,288,88,0,/Users/kyrillguba/Documents/Data Analytics MSc/Thesis/Python/First Try/data/DIV2K/DIV2K_valid_HR/0889.png,div2k/0889.png/sigma_0.150,div2k,0889.png,20088,65b588cd7d91eb7ab3ad2ee297b48e2bcd71468e6f3fd4cedd22296161fcf0b3,4d47a099f8c03527f178a93d20ec6021009f2bf007699ffbf4d49b9ee0a18bac,0.15000000596046448,0.019847596064209938,17.022920608520508,0.6674190759658813,0.005931555759161711,22.268314361572266,0.8230457305908203,2.6748247146606445,4.908353805541992,0.0049390606582164764,33.281341552734375,0.061174534261226654,0.9621001482009888,27.84600067138672,0.1993408203125,0.002105712890625
U-Tikhonov T16/CG32,289,89,0,/Users/kyrillguba/Documents/Data Analytics MSc/Thesis/Python/First Try/data/DIV2K/DIV2K_valid_HR/0890.png,div2k/0890.png/sigma_0.150,div2k,0890.png,20089,641726511e5ab55ecb5dccce15a53a64473d43e0a2be22d51e522b22644d2891,090cde7116e024b2ec602eebacab490050c1b660e998f53dd4720b5b72685506,0.15000000596046448,0.022137947380542755,16.548625946044922,0.30939149856567383,0.001935117645189166,27.13292694091797,0.8392545580863953,15.25352668762207,13.919229507446289,0.03233965113759041,33.281341552734375,0.25414445996284485,7.959277153015137,33.281341552734375,0.0170440673828125,0.2494659423828125
U-Tikhonov T16/CG32,290,90,0,/Users/kyrillguba/Documents/Data Analytics MSc/Thesis/Python/First Try/data/DIV2K/DIV2K_valid_HR/0891.png,div2k/0891.png/sigma_0.150,div2k,0891.png,20090,df25cc2cba32c4a350c4749f690c8d6acb73d96d359ca40b6fee4071dbf564d0,7dff3a0867a76ac2a36a0195af44b2d5f502d8da1a0aff1f9a5753df36f19149,0.15000000596046448,0.02067994698882103,16.844505310058594,0.6243946552276611,0.004853689111769199,23.1392822265625,0.8297498822212219,3.8802976608276367,6.247532844543457,0.0071321213617920876,33.281341552734375,0.08018651604652405,1.451434850692749,32.02351379394531,0.1267852783203125,0.00543212890625
U-Tikhonov T16/CG32,291,91,0,/Users/kyrillguba/Documents/Data Analytics MSc/Thesis/Python/First Try/data/DIV2K/DIV2K_valid_HR/0892.png,div2k/0892.png/sigma_0.150,div2k,0892.png,20091,cf51693d41de71e034484154f59145fbffeb5a48fb250085472f21ef15bc44ee,a59e46b09cbe29e3ebc2d1e171a0a0ff3bf91fc8647f369b99fa62754e807e66,0.15000000596046448,0.02017464116215706,16.951942443847656,0.6150212287902832,0.005771295167505741,22.387266159057617,0.7956152558326721,2.9544169902801514,5.308826923370361,0.007434252183884382,33.28125,0.05048738047480583,0.9010486602783203,28.646821975708008,0.242462158203125,0.00177001953125
U-Tikhonov T16/CG32,292,92,0,/Users/kyrillguba/Documents/Data Analytics MSc/Thesis/Python/First Try/data/DIV2K/DIV2K_valid_HR/0893.png,div2k/0893.png/sigma_0.150,div2k,0893.png,20092,e38a2d9fc2bb1bfe2d7f4ac7ac04be6e3b640472049753a9ec509cb5b184dfae,05609a5b3db9d0ebbee04566382b115babbaf65d1f71365a2d3b0c1021529ba3,0.15000000596046448,0.018521644175052643,17.323205947875977,0.4411300718784332,0.0027454793453216553,25.613819122314453,0.8211425542831421,8.049394607543945,9.366515159606934,0.008935284800827503,33.281341552734375,0.07585974037647247,3.872509241104126,33.19442367553711,0.09405517578125,0.0171661376953125
U-Tikhonov T16/CG32,293,93,0,/Users/kyrillguba/Documents/Data Analytics MSc/Thesis/Python/First Try/data/DIV2K/DIV2K_valid_HR/0894.png,div2k/0894.png/sigma_0.150,div2k,0894.png,20093,f7c053db8ff81bb3c056ed342eb0bfb9ba890e8adb30617f79d560f11e941c73,3fccd8843bb8ab2352f2c3dca1f0041b3201bbadd09121217f0bbca35f20ea40,0.15000000596046448,0.01920481212437153,17.1658992767334,0.3721504807472229,0.00220472551882267,26.566455841064453,0.7710141539573669,13.391742706298828,11.425091743469238,0.0032391417771577835,33.281341552734375,0.10912693291902542,9.852054595947266,33.281333923339844,0.039459228515625,0.0616607666015625
U-Tikhonov T16/CG32,294,94,0,/Users/kyrillguba/Documents/Data Analytics MSc/Thesis/Python/First Try/data/DIV2K/DIV2K_valid_HR/0895.png,div2k/0895.png/sigma_0.150,div2k,0895.png,20094,abdbc9e5dd323d44902bb35948460b514a4fe27d53aa9bc4f2072e0a425a5902,6aa3aa753ea7ad02049ba7f7f3c2a098d40cd8ab63418c08e09883f61b4ac7a0,0.15000000596046448,0.02031978964805603,16.920808792114258,0.509181797504425,0.005050567910075188,22.966598510742188,0.683367133140564,7.468863010406494,9.318689346313477,0.005083261523395777,33.281341552734375,0.10419129580259323,3.2671139240264893,33.27948760986328,0.046112060546875,0.02783203125
U-Tikhonov T16/CG32,295,95,0,/Users/kyrillguba/Documents/Data Analytics MSc/Thesis/Python/First Try/data/DIV2K/DIV2K_valid_HR/0896.png,div2k/0896.png/sigma_0.150,div2k,0896.png,20095,857388cd8fc429b194bc7374762cee70b099ddf090a6495b03d92edc4c8c7b8d,4e5ec91ba09447954d9184006b86d6c8a4d2e9762c0d802b7acc3e30a003fe99,0.15000000596046448,0.015470854938030243,18.1048583984375,0.36559027433395386,0.0023156125098466873,26.35334014892578,0.93346107006073,17.974563598632812,12.814350128173828,0.003886324353516102,33.281341552734375,0.06773847341537476,19.369216918945312,33.281341552734375,0.057037353515625,0.1528778076171875
U-Tikhonov T16/CG32,296,96,0,/Users/kyrillguba/Documents/Data Analytics MSc/Thesis/Python/First Try/data/DIV2K/DIV2K_valid_HR/0897.png,div2k/0897.png/sigma_0.150,div2k,0897.png,20096,a75baf8d323b01687486bd536ce524304bab0a20ffcaf0d6d19c9abe9c8bef57,e2fdff6e4bfb56efb51be82da3f6818d38e92ea4b89c06426ff672fb11ab9cea,0.15000000596046448,0.018825935199856758,17.25243377685547,0.817688524723053,0.010415471158921719,19.823211669921875,0.8708627223968506,0.620478630065918,2.043344259262085,0.0009448397322557867,33.27260208129883,0.006308714859187603,0.14726197719573975,8.963964462280273,0.6961517333984375,0.000152587890625
U-Tikhonov T16/CG32,297,97,0,/Users/kyrillguba/Documents/Data Analytics MSc/Thesis/Python/First Try/data/DIV2K/DIV2K_valid_HR/0898.png,div2k/0898.png/sigma_0.150,div2k,0898.png,20097,0f9b0c2f1793b1dd0ac81be97181b9e904a39fcf108cd39194842f26678085f7,02c50d40179ae73f11237da6f9918d44c299b7ab614e0896018584e491c28614,0.15000000596046448,0.021980486810207367,16.579627990722656,0.26478034257888794,0.0015414152294397354,28.120803833007812,0.9229588508605957,22.821292877197266,13.665172576904297,0.014121465384960175,33.281341552734375,0.1545451283454895,32.59343719482422,33.281341552734375,0.034759521484375,0.463287353515625
U-Tikhonov T16/CG32,298,98,0,/Users/kyrillguba/Documents/Data Analytics MSc/Thesis/Python/First Try/data/DIV2K/DIV2K_valid_HR/0899.png,div2k/0899.png/sigma_0.150,div2k,0899.png,20098,bea5ead4e165747f9c0e6d434cc536abdd4760b1a8da09c78f705024684bff65,cf88b3a38e6d7cc9cd1a08f9cc3127392ccd44bf3b7be67da5653df76ed6db73,0.15000000596046448,0.01932554319500923,17.138683319091797,0.5551150441169739,0.003863079007714987,24.130664825439453,0.8193895816802979,6.516724586486816,9.172487258911133,0.0016579215880483389,33.281341552734375,0.029631707817316055,2.1924057006835938,33.281211853027344,0.188385009765625,0.0287017822265625
U-Tikhonov T16/CG32,299,99,0,/Users/kyrillguba/Documents/Data Analytics MSc/Thesis/Python/First Try/data/DIV2K/DIV2K_valid_HR/0900.png,div2k/0900.png/sigma_0.150,div2k,0900.png,20099,72e06d86758e25d0f39e87b43b4ed00325b96cc08c65fc1809df35beee23e59c,8675b721ca7e8956cf02bb1a0098b9439a3aff7c56577ec1f3ac2a00b63625c9,0.15000000596046448,0.016771264374256134,17.754343032836914,0.5362525582313538,0.00480550155043602,23.1826114654541,0.74545818567276,6.343940734863281,8.741034507751465,0.0016334123210981488,33.281341552734375,0.05784150958061218,2.341299533843994,33.2429084777832,0.1140594482421875,0.01947021484375
U-Tikhonov T16/CG32,300,0,0,/Users/kyrillguba/Documents/Data Analytics MSc/Thesis/Python/First Try/data/DIV2K/DIV2K_valid_HR/0801.png,div2k/0801.png/sigma_0.200,div2k,0801.png,20000,9ca598cce3296c3968a2f8f7685477f637dbdbbb9d4efb1cd418ca185bd31eef,a9365f4e0c16669b5077b4e9432d32a1601ddf16ec48ed5bc58b26305bb2dfd6,0.20000000298023224,0.03454243391752243,14.616471290588379,0.43085727095603943,0.005742508918046951,22.40898323059082,0.713708221912384,4.953070640563965,5.993595123291016,0.0061148181557655334,33.281341552734375,0.14393199980258942,2.724696159362793,29.689502716064453,0.040252685546875,0.0023651123046875
U-Tikhonov T16/CG32,301,1,0,/Users/kyrillguba/Documents/Data Analytics MSc/Thesis/Python/First Try/data/DIV2K/DIV2K_valid_HR/0802.png,div2k/0802.png/sigma_0.200,div2k,0802.png,20001,3177c80331fb32ceee70ac3ef64d2e56a1bce05ea8a9c0b664e2592552554742,36060dd2d8d24324286c1b18f2ecc8777c2ec20e379eefda3e35ac636d9b3f94,0.20000000298023224,0.03269209712743759,14.855571746826172,0.552805483341217,0.004928969778120518,23.07244110107422,0.8711830377578735,3.7201614379882812,5.711159706115723,0.00736214779317379,33.281341552734375,0.09802944213151932,1.6043822765350342,30.37186622619629,0.08868408203125,0.0036468505859375
U-Tikhonov T16/CG32,302,2,0,/Users/kyrillguba/Documents/Data Analytics MSc/Thesis/Python/First Try/data/DIV2K/DIV2K_valid_HR/0803.png,div2k/0803.png/sigma_0.200,div2k,0803.png,20002,671a4205d217354c075117f716a83d9a5ef2b4c921475de333f15ac8882c9356,0407f8277a603861b050d3fca105d13640f58fd1f088543fac352d20d4ee0d6d,0.20000000298023224,0.03677719458937645,14.34421443939209,0.3164742588996887,0.002765163080766797,25.582792282104492,0.8270353078842163,7.139122486114502,7.507116317749023,0.004760654643177986,33.281341552734375,0.1298530548810959,4.31449031829834,32.071659088134766,0.03436279296875,0.004241943359375
U-Tikhonov T16/CG32,303,3,0,/Users/kyrillguba/Documents/Data Analytics MSc/Thesis/Python/First Try/data/DIV2K/DIV2K_valid_HR/0804.png,div2k/0804.png/sigma_0.200,div2k,0804.png,20003,f95563d4b6e58b102c165eeec7f7e1ba2608e12c3a331510949f0cce842149ea,5091347d676ff4495f51148d24623d7797e9d157213b7378f4e24a70453e7c75,0.20000000298023224,0.033111415803432465,14.800223350524902,0.5136070251464844,0.005577082745730877,22.535930633544922,0.7936955690383911,6.173805236816406,8.498329162597656,0.007446423172950745,33.281341552734375,0.08682197332382202,2.4369053840637207,33.24964904785156,0.081878662109375,0.0187835693359375
U-Tikhonov T16/CG32,304,4,0,/Users/kyrillguba/Documents/Data Analytics MSc/Thesis/Python/First Try/data/DIV2K/DIV2K_valid_HR/0805.png,div2k/0805.png/sigma_0.200,div2k,0805.png,20004,bac34b49da4033070da28c152ece5c527c7274eafed4e320f3e7258274a93177,6cf8931033545531e65b45cd0193f8f35f03ca064e6aeb6884f862feae04a2a9,0.20000000298023224,0.03317341208457947,14.792098999023438,0.37022048234939575,0.004624568857252598,23.349288940429688,0.7117682099342346,7.1845293045043945,7.928884506225586,0.009584462270140648,33.281341552734375,0.19050821661949158,4.009128570556641,32.758182525634766,0.025909423828125,0.00830078125
U-Tikhonov T16/CG32,305,5,0,/Users/kyrillguba/Documents/Data Analytics MSc/Thesis/Python/First Try/data/DIV2K/DIV2K_valid_HR/0806.png,div2k/0806.png/sigma_0.200,div2k,0806.png,20005,befc31ea0c7663db0351a7238adfea3153639f5dfa13cb7cacfd757a46539d49,42ca3f83fbb588f1d98a5db8125804044c1d5568bed89b9c5c17685aab2e52a1,0.20000000298023224,0.034227900207042694,14.656198501586914,0.31462281942367554,0.0029993029311299324,25.22979736328125,0.8085304498672485,8.99130916595459,8.846739768981934,0.0172103438526392,33.28133773803711,0.1878565400838852,5.486413955688477,32.62956619262695,0.0259246826171875,0.0060272216796875
U-Tikhonov T16/CG32,306,6,0,/Users/kyrillguba/Documents/Data Analytics MSc/Thesis/Python/First Try/data/DIV2K/DIV2K_valid_HR/0807.png,div2k/0807.png/sigma_0.200,div2k,0807.png,20006,1e941eaeed69e78250491fe2c5b2f458f2f36301b8aa701227bd408f852fa572,7577e075b9407964bd3c045c44f49e9eed4cd36144880344a401029a52f84239,0.20000000298023224,0.034604717046022415,14.608646392822266,0.3595600128173828,0.005175856873393059,22.860179901123047,0.6913092136383057,8.363767623901367,9.314190864562988,0.016928812488913536,33.281341552734375,0.18406134843826294,4.133359909057617,33.249481201171875,0.0285186767578125,0.0164337158203125
U-Tikhonov T16/CG32,307,7,0,/Users/kyrillguba/Documents/Data Analytics MSc/Thesis/Python/First Try/data/DIV2K/DIV2K_valid_HR/0808.png,div2k/0808.png/sigma_0.200,div2k,0808.png,20007,9666b1dba93f470d95570471f38f195acafae585deefb8498b5ebb625df94e78,593a46ec02aafa29eda0f31d7bc829966f052ea8bcfac6fd931cb7aafef5c478,0.20000000298023224,0.03264236822724342,14.862183570861816,0.24462930858135223,0.0031267995946109295,25.049001693725586,0.8175088763237,17.303808212280273,12.752599716186523,0.005156331695616245,33.281341552734375,0.1552295684814453,16.73548126220703,33.281341552734375,0.02593994140625,0.1651611328125
U-Tikhonov T16/CG32,308,8,0,/Users/kyrillguba/Documents/Data Analytics MSc/Thesis/Python/First Try/data/DIV2K/DIV2K_valid_HR/0809.png,div2k/0809.png/sigma_0.200,div2k,0809.png,20008,f57d7f591d2770efb0162e925acaaef8e4ce467e58b7a54d53de058959be9978,7c562f910f22a6bbc5b8b1863098a4cc05a6fb6bfda81f9b8b157feccff608ae,0.20000000298023224,0.035625673830509186,14.482369422912598,0.3049831986427307,0.003589253406971693,24.44995880126953,0.6542528867721558,8.492650985717773,8.186193466186523,0.021963750943541527,33.281341552734375,0.29635417461395264,5.48892879486084,32.95085144042969,0.0121002197265625,0.0100555419921875
U-Tikhonov T16/CG32,309,9,0,/Users/kyrillguba/Documents/Data Analytics MSc/Thesis/Python/First Try/data/DIV2K/DIV2K_valid_HR/0810.png,div2k/0810.png/sigma_0.200,div2k,0810.png,20009,50cf8d799292c4a6f6c23b4a8f1d0c08015da9c6e74d9109a31efdb1eb5d9df3,ba7b2bf6f8dbef7b1540f43046cdf692e30fb9075a4c929eaa71a46d1b2a973a,0.20000000298023224,0.03685157373547554,14.335440635681152,0.2768332064151764,0.0030523750465363264,25.153621673583984,0.7285598516464233,9.04802417755127,8.168272972106934,0.030276160687208176,33.281341552734375,0.31698960065841675,6.193111419677734,32.795040130615234,0.01092529296875,0.00860595703125
U-Tikhonov T16/CG32,310,10,0,/Users/kyrillguba/Documents/Data Analytics MSc/Thesis/Python/First Try/data/DIV2K/DIV2K_valid_HR/0811.png,div2k/0811.png/sigma_0.200,div2k,0811.png,20010,ceab700e5944238d72f4ec94852a5ee6b9c353c54281c96ee7c6e9b9f2a16308,66b078cc01d92864043643094c99ce46de0fc392c329670aea72faa0081b61ef,0.20000000298023224,0.030274415388703346,15.189242362976074,0.2888026833534241,0.004423070233315229,23.542762756347656,0.609428882598877,10.85599136352539,10.671979904174805,0.020932266488671303,33.281341552734375,0.3046141564846039,6.060748100280762,33.281341552734375,0.0118865966796875,0.0594482421875
U-Tikhonov T16/CG32,311,11,0,/Users/kyrillguba/Documents/Data Analytics MSc/Thesis/Python/First Try/data/DIV2K/DIV2K_valid_HR/0812.png,div2k/0812.png/sigma_0.200,div2k,0812.png,20011,5f26939fc07611061a96f2a386a77ffd9251b83abf26ac7ecb5a44dcae97187b,7b8e9a311c180f17e7a36e7c0f870bbdac4a5ec65c94e366e0e96e16577873ee,0.20000000298023224,0.03386826440691948,14.702071189880371,0.40606313943862915,0.0045441752299666405,23.42544937133789,0.7878561019897461,11.50905704498291,12.02529239654541,0.002695564879104495,33.281341552734375,0.0925864651799202,5.633618354797363,33.281341552734375,0.063446044921875,0.1058197021484375
U-Tikhonov T16/CG32,312,12,0,/Users/kyrillguba/Documents/Data Analytics MSc/Thesis/Python/First Try/data/DIV2K/DIV2K_valid_HR/0813.png,div2k/0813.png/sigma_0.200,div2k,0813.png,20012,c34023db0a8b05fd8269a4d5afeb83670d5b08e7bce8d6c8cfe221a95b0e0b2f,86c1ff20a5aa336ba94861bc2334494a860c894bc88a7435aa3806678e7ad8b3,0.20000000298023224,0.030121561139822006,15.211225509643555,0.4075990319252014,0.004785217344760895,23.200984954833984,0.791252613067627,9.780656814575195,10.731661796569824,0.009383630938827991,33.281341552734375,0.1189320906996727,4.618981838226318,33.27681350708008,0.0508880615234375,0.040130615234375
U-Tikhonov T16/CG32,313,13,0,/Users/kyrillguba/Documents/Data Analytics MSc/Thesis/Python/First Try/data/DIV2K/DIV2K_valid_HR/0814.png,div2k/0814.png/sigma_0.200,div2k,0814.png,20013,9f544177fb7f24fc86ba1b0d9b9d0e664f093ce144600099ca215fbf1a3e3c25,f19bbc6781dd3503c77ca7892fbf75631b7770a251002b21caa79b16139c91b3,0.20000000298023224,0.034978337585926056,14.562007904052734,0.19906678795814514,0.0025024996139109135,26.016258239746094,0.8455941677093506,21.43875503540039,13.365086555480957,0.02724616788327694,33.281341552734375,0.22846809029579163,30.144805908203125,33.281341552734375,0.0182342529296875,0.3832244873046875
U-Tikhonov T16/CG32,314,14,0,/Users/kyrillguba/Documents/Data Analytics MSc/Thesis/Python/First Try/data/DIV2K/DIV2K_valid_HR/0815.png,div2k/0815.png/sigma_0.200,div2k,0815.png,20014,d8f2b2b3496e52c1ec43e3c5e28732516b24990b8a2361d1876240ad562db395,44f7ec206d35f890114f56d53d033f150d8d97ec4412917428f012ddb457eb5a,0.20000000298023224,0.034089915454387665,14.67374038696289,0.3620714545249939,0.004115744959563017,23.855514526367188,0.7531060576438904,6.101902961730957,7.249285697937012,0.003746260888874531,33.281341552734375,0.1539948433637619,3.3110713958740234,32.875633239746094,0.0374603271484375,0.009368896484375
U-Tikhonov T16/CG32,315,15,0,/Users/kyrillguba/Documents/Data Analytics MSc/Thesis/Python/First Try/data/DIV2K/DIV2K_valid_HR/0816.png,div2k/0816.png/sigma_0.200,div2k,0816.png,20015,f457e7c932a8730df29263aaf8e3c3a2e54e7e68e543a34cdbc085f7c21edf50,bb47f91d9ab8fadad3de18398885eddd3433d68f18b7cd263a390ab4f7a0012d,0.20000000298023224,0.034869372844696045,14.57555866241455,0.30748236179351807,0.003308118786662817,24.804189682006836,0.7576131820678711,9.72541618347168,9.728517532348633,0.019753985106945038,33.281341552734375,0.23828454315662384,5.619540214538574,33.254756927490234,0.0175018310546875,0.0236358642578125
U-Tikhonov T16/CG32,316,16,0,/Users/kyrillguba/Documents/Data Analytics MSc/Thesis/Python/First Try/data/DIV2K/DIV2K_valid_HR/0817.png,div2k/0817.png/sigma_0.200,div2k,0817.png,20016,b14c93dc0fd3fb833a2c04431c6af818313c8c6f744eb433dd1817a932b015cf,c5c8010eaa417191ce2153ff0df530b99d094ff249f993067347a3076d276a20,0.20000000298023224,0.035455383360385895,14.503178596496582,0.33715492486953735,0.004087190143764019,23.88574981689453,0.7248664498329163,11.182661056518555,11.732272148132324,0.009607437998056412,33.281341552734375,0.16708111763000488,5.342543601989746,33.281341552734375,0.0273284912109375,0.103912353515625
U-Tikhonov T16/CG32,317,17,0,/Users/kyrillguba/Documents/Data Analytics MSc/Thesis/Python/First Try/data/DIV2K/DIV2K_valid_HR/0818.png,div2k/0818.png/sigma_0.200,div2k,0818.png,20017,00f18d236ddc7fe3a937cdcb41ce31082a90c94b9370fc202c7dce18dd80ab2a,966998599e0b596e14f5382b54adf0f2cdc760eefec4f2b25bad3bb854bca0a1,0.20000000298023224,0.031812675297260284,14.973998069763184,0.407841295003891,0.005645616911351681,22.482887268066406,0.7933402061462402,10.430109024047852,11.17445182800293,0.004514680709689856,33.281341552734375,0.10109592974185944,5.078941345214844,33.28125,0.062774658203125,0.052398681640625
U-Tikhonov T16/CG32,318,18,0,/Users/kyrillguba/Documents/Data Analytics MSc/Thesis/Python/First Try/data/DIV2K/DIV2K_valid_HR/0819.png,div2k/0819.png/sigma_0.200,div2k,0819.png,20018,f7450c40d5c0aabdc2bd2a562302ca3993841849efca05e281ec4059186e528c,a0e07558f84759a954d5c6387b083fb4e6ef737af47ace3e552687dde95f156d,0.20000000298023224,0.034033939242362976,14.680877685546875,0.3960559368133545,0.005006462335586548,23.00469207763672,0.6924047470092773,7.632820129394531,8.510348320007324,0.015148533508181572,33.281341552734375,0.16617590188980103,4.142487525939941,33.20209884643555,0.0326385498046875,0.014739990234375
U-Tikhonov T16/CG32,319,19,0,/Users/kyrillguba/Documents/Data Analytics MSc/Thesis/Python/First Try/data/DIV2K/DIV2K_valid_HR/0820.png,div2k/0820.png/sigma_0.200,div2k,0820.png,20019,ab2cf6ba20cc18bafee4976e8be3cbf4a6db4afea570ef888fdebb8c8e0616f2,45ba48f9466d9540d93960a6902a771be58eaf93359722184f499b62a29a620c,0.20000000298023224,0.031304456293582916,15.043937683105469,0.5353561639785767,0.00937613844871521,20.279760360717773,0.7097373604774475,7.506900787353516,9.776263236999512,0.0015635192394256592,33.281341552734375,0.06329424679279327,2.72723650932312,33.27912139892578,0.107269287109375,0.029327392578125
U-Tikhonov T16/CG32,320,20,0,/Users/kyrillguba/Documents/Data Analytics MSc/Thesis/Python/First Try/data/DIV2K/DIV2K_valid_HR/0821.png,div2k/0821.png/sigma_0.200,div2k,0821.png,20020,ebd02fa51f1a3ee91b6ca90bb58a444e53385dd1193938609708b71bca4504a0,98ad8d0b3c93b65fa7efcb2135dab5fc0366f195db1b1ef8a290e23e8f536ed2,0.20000000298023224,0.031442075967788696,15.02488899230957,0.6964309811592102,0.012427328154444695,19.056222915649414,0.8042927980422974,3.6890358924865723,6.745918273925781,0.002570102922618389,33.28131103515625,0.040532127022743225,0.9599004983901978,32.21163558959961,0.232208251953125,0.00469970703125
U-Tikhonov T16/CG32,321,21,0,/Users/kyrillguba/Documents/Data Analytics MSc/Thesis/Python/First Try/data/DIV2K/DIV2K_valid_HR/0822.png,div2k/0822.png/sigma_0.200,div2k,0822.png,20021,86c801c8390b132b94a9efaeb7a9bad9acdd1212e41d91d44b44811708142963,ca7d852bc8b16c6278f1bc45ae4c07890003ad72054615c02927480762cf2df5,0.20000000298023224,0.031871505081653595,14.965974807739258,0.41916948556900024,0.006431116722524166,21.91713523864746,0.6572532653808594,5.188982963562012,6.669284343719482,0.008766323328018188,33.281341552734375,0.12989453971385956,2.5978012084960938,31.76946258544922,0.0469512939453125,0.004669189453125
U-Tikhonov T16/CG32,322,22,0,/Users/kyrillguba/Documents/Data Analytics MSc/Thesis/Python/First Try/data/DIV2K/DIV2K_valid_HR/0823.png,div2k/0823.png/sigma_0.200,div2k,0823.png,20022,ec11d2cf0a95684902842094c84e0956a3cd35920ef85f25ba677348927a365c,26bf1ed80d68d5c6eabb4686e90308ffc3cf19921e78000f4d382c56b6b91895,0.20000000298023224,0.03412161022424698,14.66970443725586,0.3423663377761841,0.004487571772187948,23.47988510131836,0.8319287300109863,13.883051872253418,13.825959205627441,0.018811091780662537,33.281341552734375,0.14462897181510925,5.87978458404541,33.281341552734375,0.04833984375,0.1853790283203125
U-Tikhonov T16/CG32,323,23,0,/Users/kyrillguba/Documents/Data Analytics MSc/Thesis/Python/First Try/data/DIV2K/DIV2K_valid_HR/0824.png,div2k/0824.png/sigma_0.200,div2k,0824.png,20023,5ce7bdee523a1299c6a42c3adbb96d0e62c2f40266823753b8c042edb8b10495,f485578de09a4665de67af912511c0ee3ffa2d202728851d682353d17a0a971e,0.20000000298023224,0.031988292932510376,14.950089454650879,0.4113571047782898,0.004565594717860222,23.405027389526367,0.7937146425247192,12.468888282775879,12.103099822998047,0.003559684846550226,33.281341552734375,0.06384536623954773,7.58007287979126,33.281341552734375,0.0941619873046875,0.0875244140625
U-Tikhonov T16/CG32,324,24,0,/Users/kyrillguba/Documents/Data Analytics MSc/Thesis/Python/First Try/data/DIV2K/DIV2K_valid_HR/0825.png,div2k/0825.png/sigma_0.200,div2k,0825.png,20024,0403db62808d832f7764170e8df2b8c78ad826e2a93d809f8cf6d018258b011a,61e6b9f60ba16552facccb9e47e0ca7141ad08ea8a4a223d1f2af0c84fc2a013,0.20000000298023224,0.03425753489136696,14.65243911743164,0.5137622356414795,0.006488184444606304,21.878768920898438,0.7771933078765869,5.600809097290039,7.998807430267334,0.004000931978225708,33.281341552734375,0.07372373342514038,2.19535493850708,33.28082275390625,0.11456298828125,0.021270751953125
U-Tikhonov T16/CG32,325,25,0,/Users/kyrillguba/Documents/Data Analytics MSc/Thesis/Python/First Try/data/DIV2K/DIV2K_valid_HR/0826.png,div2k/0826.png/sigma_0.200,div2k,0826.png,20025,b7fba61bcca359e5581b44283bbc34696cae71321e031969411ada23b17e2199,e5b36e49ab70c13ddec8ad18f0123685ffe4741ae10c8796387deccf900f867e,0.20000000298023224,0.03241979330778122,14.891897201538086,0.3761705458164215,0.004251915030181408,23.714153289794922,0.7919739484786987,11.318147659301758,11.634121894836426,0.005992660764604807,33.281341552734375,0.13899952173233032,5.595407009124756,33.281227111816406,0.03680419921875,0.073333740234375
U-Tikhonov T16/CG32,326,26,0,/Users/kyrillguba/Documents/Data Analytics MSc/Thesis/Python/First Try/data/DIV2K/DIV2K_valid_HR/0827.png,div2k/0827.png/sigma_0.200,div2k,0827.png,20026,1a1d5ffbd89d79d7803cf86e2d8f6c75cd146872fd61e387fec71a904e384317,19e103ed562e6af6dc3c79b137828a005900ef232d338de260add904c5386d11,0.20000000298023224,0.025430236011743546,15.946496963500977,0.1578771471977234,0.0028791555669158697,25.407350540161133,0.6787312626838684,17.326757431030273,12.017041206359863,0.02484685182571411,33.281341552734375,0.30830270051956177,16.46923828125,33.281341552734375,0.011077880859375,0.1309356689453125
U-Tikhonov T16/CG32,327,27,0,/Users/kyrillguba/Documents/Data Analytics MSc/Thesis/Python/First Try/data/DIV2K/DIV2K_valid_HR/0828.png,div2k/0828.png/sigma_0.200,div2k,0828.png,20027,3b7551ae7f737167932c3230707f7075368102b6732eb16bfe514fd471223ea4,9e18af74f560ebed7fdda10932468c5ae614d2c5f11049fad4ebdc85c873d139,0.20000000298023224,0.027486637234687805,15.608783721923828,0.4375625252723694,0.009426377713680267,20.256549835205078,0.5833548903465271,9.591240882873535,11.474204063415527,0.006576010957360268,33.281341552734375,0.06457541137933731,3.369792938232422,33.281341552734375,0.1031494140625,0.062652587890625
U-Tikhonov T16/CG32,328,28,0,/Users/kyrillguba/Documents/Data Analytics MSc/Thesis/Python/First Try/data/DIV2K/DIV2K_valid_HR/0829.png,div2k/0829.png/sigma_0.200,div2k,0829.png,20028,7fef744df96a3f5b2077c74a59929852deb533e35d4804c7c745471471543ed7,ac896f879188a2a361bafad02222820a1ed560380db764eb4a4dde59e31c7cf6,0.20000000298023224,0.0350884310901165,14.548360824584961,0.32271796464920044,0.0028611712623387575,25.434560775756836,0.7855300903320312,13.175265312194824,12.298866271972656,0.0024593330454081297,33.281341552734375,0.09684034436941147,7.856128692626953,33.281341552734375,0.0462799072265625,0.1282806396484375
U-Tikhonov T16/CG32,329,29,0,/Users/kyrillguba/Documents/Data Analytics MSc/Thesis/Python/First Try/data/DIV2K/DIV2K_valid_HR/0830.png,div2k/0830.png/sigma_0.200,div2k,0830.png,20029,33405798eea5a2bbd23d383a107f9127b4f5d220ad2d443bdb05db6049757a90,16f1b388f30fbc8ec53e6463179734c4971edf12466826f7064b09cdc0cf5f4e,0.20000000298023224,0.03657222539186478,14.368486404418945,0.28311944007873535,0.0034959521144628525,24.56434440612793,0.7322048544883728,14.763813972473145,12.171270370483398,0.02021762542426586,33.281341552734375,0.2159123718738556,11.034097671508789,33.281341552734375,0.0214080810546875,0.1203765869140625
U-Tikhonov T16/CG32,330,30,0,/Users/kyrillguba/Documents/Data Analytics MSc/Thesis/Python/First Try/data/DIV2K/DIV2K_valid_HR/0831.png,div2k/0831.png/sigma_0.200,div2k,0831.png,20030,37f625cf3b90622b2047f8f9b3e488dcb450cde9c639eb5f94e082ec5148792e,23831d833313857b5e695b9441aafacb1f03391ca87ac2678e98aad19fa20928,0.20000000298023224,0.03198632970452309,14.950356483459473,0.41232922673225403,0.005889549385756254,22.299179077148438,0.7180141806602478,6.671436786651611,8.074760437011719,0.0071654231287539005,33.28133773803711,0.0929747000336647,3.2389578819274902,32.59568405151367,0.0650787353515625,0.00604248046875
U-Tikhonov T16/CG32,331,31,0,/Users/kyrillguba/Documents/Data Analytics MSc/Thesis/Python/First Try/data/DIV2K/DIV2K_valid_HR/0832.png,div2k/0832.png/sigma_0.200,div2k,0832.png,20031,678db3c6c13225750b6bb2ae62b3e9ffdbdb3491d462fa2451e73fea851ed64c,4c157337022f3b1bbfd7f253c0c3946911618c6badf8404413075b607985800a,0.20000000298023224,0.03169732168316841,14.989774703979492,0.4530256986618042,0.005836365278810263,22.338577270507812,0.7653642892837524,7.962553024291992,9.589893341064453,0.008490071631968021,33.281341552734375,0.09058312326669693,3.420718193054199,33.19337844848633,0.0754852294921875,0.01708984375
U-Tikhonov T16/CG32,332,32,0,/Users/kyrillguba/Documents/Data Analytics MSc/Thesis/Python/First Try/data/DIV2K/DIV2K_valid_HR/0833.png,div2k/0833.png/sigma_0.200,div2k,0833.png,20032,196e9aedca5a8ddb4904ed57c8a1a32e080164df130d093fbc86da6222f32553,e3942347313bdc570018037b7ffaf54bfe4df7ade08538b6bf1373b1fe597fff,0.20000000298023224,0.030519839376211166,15.154176712036133,0.33858901262283325,0.00375662581063807,24.25202178955078,0.852973997592926,13.849838256835938,12.818217277526855,0.0010892734862864017,33.281341552734375,0.115726538002491,8.19492244720459,33.281333923339844,0.043212890625,0.1208953857421875
U-Tikhonov T16/CG32,333,33,0,/Users/kyrillguba/Documents/Data Analytics MSc/Thesis/Python/First Try/data/DIV2K/DIV2K_valid_HR/0834.png,div2k/0834.png/sigma_0.200,div2k,0834.png,20033,43cd5d3407a2ec5d9396c0ba9f3595990830fe17adfb5b3d69777dc489012502,e836c0332f3c7a2dbcb18f4fb733d71574f3900de16341ba258cc549001c8da5,0.20000000298023224,0.029490448534488678,15.303186416625977,0.3658084571361542,0.004619786515831947,23.353782653808594,0.795555830001831,11.788150787353516,11.879868507385254,0.0060164532624185085,33.281341552734375,0.1239885538816452,5.931995391845703,33.280879974365234,0.043609619140625,0.06756591796875
U-Tikhonov T16/CG32,334,34,0,/Users/kyrillguba/Documents/Data Analytics MSc/Thesis/Python/First Try/data/DIV2K/DIV2K_valid_HR/0835.png,div2k/0835.png/sigma_0.200,div2k,0835.png,20034,80084574e021b9b385517a807fa4f62735358952d97592c2b192db98626e086c,e8129ea807959129b452dbbc8a2522c68676a92258a791bc7a96c5daf96a2256,0.20000000298023224,0.03433415666222572,14.642736434936523,0.3547489643096924,0.004858297295868397,23.13515853881836,0.6766359210014343,8.301424026489258,9.170697212219238,0.01993507519364357,33.281341552734375,0.19962695240974426,4.3181352615356445,33.266265869140625,0.0257568359375,0.0213165283203125
U-Tikhonov T16/CG32,335,35,0,/Users/kyrillguba/Documents/Data Analytics MSc/Thesis/Python/First Try/data/DIV2K/DIV2K_valid_HR/0836.png,div2k/0836.png/sigma_0.200,div2k,0836.png,20035,d774c40f160da761b384b399f5636cb3cfecf88e2cc5d41c78f575c3bea500af,943eb024790a46f5fcc808cd90fe24940c68f27cbf4404faac6866f5d1bdc79b,0.20000000298023224,0.03237718343734741,14.89760971069336,0.4225267469882965,0.005732064601033926,22.416889190673828,0.7916669249534607,8.759465217590332,10.859428405761719,0.013920262455940247,33.281341552734375,0.12160737067461014,3.3601484298706055,33.28132247924805,0.0500335693359375,0.059600830078125
U-Tikhonov T16/CG32,336,36,0,/Users/kyrillguba/Documents/Data Analytics MSc/Thesis/Python/First Try/data/DIV2K/DIV2K_valid_HR/0837.png,div2k/0837.png/sigma_0.200,div2k,0837.png,20036,af3a3f14f10fd37d750995ae36a4d7d4e23e7343e1fc6fb8ddf8342f79d68d35,54d66b352296a3d522f33fdf30b251a11f1668f7bd94281cfec74349d504dd06,0.20000000298023224,0.032176896929740906,14.924558639526367,0.5125089883804321,0.007043752819299698,21.52195930480957,0.7588857412338257,4.221845626831055,6.3565521240234375,0.0056810746900737286,33.281341552734375,0.09192786365747452,1.8120758533477783,31.688711166381836,0.091033935546875,0.0048065185546875
U-Tikhonov T16/CG32,337,37,0,/Users/kyrillguba/Documents/Data Analytics MSc/Thesis/Python/First Try/data/DIV2K/DIV2K_valid_HR/0838.png,div2k/0838.png/sigma_0.200,div2k,0838.png,20037,a419adae2a9bbcb7b328e0e98815224877487f12f01cec7bd572e3a61b346f36,587bae3edda2f80303be812c13c6569d43885f47ff9d26b37a0d45fc50bd26d2,0.20000000298023224,0.03208796679973602,14.936578750610352,0.2794688940048218,0.0021294341422617435,26.717357635498047,0.8475045561790466,12.087915420532227,11.51790714263916,0.012428113259375095,33.281341552734375,0.1799347698688507,7.092953681945801,33.281341552734375,0.0253448486328125,0.095611572265625
U-Tikhonov T16/CG32,338,38,0,/Users/kyrillguba/Documents/Data Analytics MSc/Thesis/Python/First Try/data/DIV2K/DIV2K_valid_HR/0839.png,div2k/0839.png/sigma_0.200,div2k,0839.png,20038,9ed3b7789f4dcc0b1bfd3a6e2391350b33a63a89353a3bd50f5bde4b89d2f647,968d78d40170e0686e6ef1ea793d9732eeb173b8a85698fff727674ae132b9b1,0.20000000298023224,0.02869834005832672,15.421432495117188,0.26258623600006104,0.005511963739991188,22.586936950683594,0.46390458941459656,15.345508575439453,13.359892845153809,0.002942713676020503,33.281341552734375,0.1712488830089569,9.633142471313477,33.281341552734375,0.0225677490234375,0.2081451416015625
U-Tikhonov T16/CG32,339,39,0,/Users/kyrillguba/Documents/Data Analytics MSc/Thesis/Python/First Try/data/DIV2K/DIV2K_valid_HR/0840.png,div2k/0840.png/sigma_0.200,div2k,0840.png,20039,df4e88246e2af519b1c29adccc7944ac0f8568e6a1ef7d65c39dc4fcd2a3dd5b,99a007adbf3760346ab2284f3a0f35a861cfe4c0dc807c3d1fa117e4be816d5e,0.20000000298023224,0.032062966376543045,14.939964294433594,0.435896635055542,0.0056548044085502625,22.4758243560791,0.7269386649131775,4.8313822746276855,6.220033168792725,0.007971273735165596,33.28133773803711,0.126324862241745,2.471534252166748,30.494646072387695,0.0524749755859375,0.00274658203125
U-Tikhonov T16/CG32,340,40,0,/Users/kyrillguba/Documents/Data Analytics MSc/Thesis/Python/First Try/data/DIV2K/DIV2K_valid_HR/0841.png,div2k/0841.png/sigma_0.200,div2k,0841.png,20040,b85a5c827a7d17dab432c8f79abc120715b867e00f3bcbe182f90d6c23ecff6f,21fdfd07fb50a0d9479158a17cfd820306fa779e4323e5c38ad567fb22a36e2b,0.20000000298023224,0.03081497922539711,15.112381935119629,0.2929683327674866,0.004239597357809544,23.72675323486328,0.7195960879325867,10.85291862487793,10.915672302246094,0.0151104386895895,33.281341552734375,0.17281611263751984,5.905631065368652,33.281341552734375,0.0318450927734375,0.0475921630859375
U-Tikhonov T16/CG32,341,41,0,/Users/kyrillguba/Documents/Data Analytics MSc/Thesis/Python/First Try/data/DIV2K/DIV2K_valid_HR/0842.png,div2k/0842.png/sigma_0.200,div2k,0842.png,20041,e0fe2755785538efb2ac1c7a4fc4e854d8206a8f09b68ac1931f0544c3e7cc53,0cbfa03f7090e0f045959a2fbf7f0a91aded078b48203c20beb02ef545409f00,0.20000000298023224,0.03044864535331726,15.16431999206543,0.37689751386642456,0.003883541328832507,24.10772132873535,0.7859600186347961,10.614755630493164,10.754546165466309,0.006702347658574581,33.281341552734375,0.119470976293087,5.9063720703125,33.28133773803711,0.045745849609375,0.0474853515625
U-Tikhonov T16/CG32,342,42,0,/Users/kyrillguba/Documents/Data Analytics MSc/Thesis/Python/First Try/data/DIV2K/DIV2K_valid_HR/0843.png,div2k/0843.png/sigma_0.200,div2k,0843.png,20042,8d4db85adca20e5911d117b4bb54fdfb3f22b2a02cceb14242bb7540955f6140,d7c10404dba9aee82e150b5302fd33161f6f190788b8a1f3401e6015580df91c,0.20000000298023224,0.02367633953690529,16.256855010986328,0.15662552416324615,0.0032955037895590067,24.820783615112305,0.8189966082572937,23.947790145874023,12.309357643127441,0.0065772030502557755,33.281341552734375,0.14111606776714325,31.692073822021484,33.281341552734375,0.0279998779296875,0.378875732421875
U-Tikhonov T16/CG32,343,43,0,/Users/kyrillguba/Documents/Data Analytics MSc/Thesis/Python/First Try/data/DIV2K/DIV2K_valid_HR/0844.png,div2k/0844.png/sigma_0.200,div2k,0844.png,20043,15c2150d7c67049e1e35243bac1a1a68c6f0e57215592b78ed9b74e130ed1370,75bbb54a87ece3a1849fb5bbd948facf882cf686638be3b9134f12b282e56520,0.20000000298023224,0.027811024338006973,15.557830810546875,0.2032458484172821,0.0021955445408821106,26.584577560424805,0.8100497722625732,19.74341583251953,12.20088005065918,0.00817254651337862,33.281341552734375,0.19958317279815674,22.50094985961914,33.281341552734375,0.01776123046875,0.18377685546875
U-Tikhonov T16/CG32,344,44,0,/Users/kyrillguba/Documents/Data Analytics MSc/Thesis/Python/First Try/data/DIV2K/DIV2K_valid_HR/0845.png,div2k/0845.png/sigma_0.200,div2k,0845.png,20044,3afec5a048f16903b44498719256567f9874b218bd408f06ae16848d5bfd4779,5ea61d42ae77a7c31d7e9f85b06e8fd923dacc98bd191f7f7c0c157fb001cc20,0.20000000298023224,0.027723966166377068,15.571446418762207,0.3861420154571533,0.006585128605365753,21.81435775756836,0.7472885251045227,13.350028991699219,12.513557434082031,0.004150379449129105,33.281341552734375,0.057398006319999695,8.401456832885742,33.281341552734375,0.085113525390625,0.09014892578125
U-Tikhonov T16/CG32,345,45,0,/Users/kyrillguba/Documents/Data Analytics MSc/Thesis/Python/First Try/data/DIV2K/DIV2K_valid_HR/0846.png,div2k/0846.png/sigma_0.200,div2k,0846.png,20045,bfa025022780e8b45b7d8ca41bf0c1aa0ef062e997a3e07e7b0b4766072a0c65,961fa12be8135eff308390381baf8b6e0e3dfdf1f31d38d0781dc83d58d29185,0.20000000298023224,0.028071556240320206,15.517335891723633,0.3812662661075592,0.008017713204026222,20.959495544433594,0.7010558843612671,11.424885749816895,12.204666137695312,0.005144826602190733,33.281341552734375,0.11754991859197617,4.854005813598633,33.281280517578125,0.052459716796875,0.082427978515625
U-Tikhonov T16/CG32,346,46,0,/Users/kyrillguba/Documents/Data Analytics MSc/Thesis/Python/First Try/data/DIV2K/DIV2K_valid_HR/0847.png,div2k/0847.png/sigma_0.200,div2k,0847.png,20046,a03ac31eb9aa42c51d2ec103e996158d3f7890d32752d0e5a0bece66c7f0a096,76a86fbc7941b3a3eddd0c7986eb6019d5097aaeccabfa81d9345d2c8a965ee4,0.20000000298023224,0.03109179437160492,15.073542594909668,0.495915949344635,0.006596841383725405,21.806640625,0.8043549060821533,8.797893524169922,10.726822853088379,0.00673303846269846,33.281341552734375,0.07747576385736465,3.3079166412353516,33.28078842163086,0.08551025390625,0.0425262451171875
U-Tikhonov T16/CG32,347,47,0,/Users/kyrillguba/Documents/Data Analytics MSc/Thesis/Python/First Try/data/DIV2K/DIV2K_valid_HR/0848.png,div2k/0848.png/sigma_0.200,div2k,0848.png,20047,226e619ed1295a7c7b4eb9d622c6124c81ba03e21362bb8eee67e67dced25224,9d4c38d4e7cb58e280431d271057c6d194b96f1bfad38c9ce97696f8ea6a5048,0.20000000298023224,0.03203219920396805,14.944132804870605,0.46826601028442383,0.005257962271571159,22.791824340820312,0.7966943383216858,6.842636585235596,8.908100128173828,0.0038835019804537296,33.281341552734375,0.06586089730262756,2.9235615730285645,33.28045654296875,0.0816497802734375,0.026947021484375
U-Tikhonov T16/CG32,348,48,0,/Users/kyrillguba/Documents/Data Analytics MSc/Thesis/Python/First Try/data/DIV2K/DIV2K_valid_HR/0849.png,div2k/0849.png/sigma_0.200,div2k,0849.png,20048,2c70dd5654b23e4a9ab11865c6c70e3077823c4972ad389deddc84dd9edc36b8,99c8670cef1d5f65cb8a3ee07f90eb29424df53dbdb436b4082f844b2e3f9a61,0.20000000298023224,0.03218600153923035,14.923330307006836,0.6330320239067078,0.010817067697644234,19.658905029296875,0.7721152901649475,3.5590264797210693,5.870844841003418,0.005955157335847616,33.281341552734375,0.06130329146981239,1.2795416116714478,30.778057098388672,0.1646881103515625,0.0045928955078125
U-Tikhonov T16/CG32,349,49,0,/Users/kyrillguba/Documents/Data Analytics MSc/Thesis/Python/First Try/data/DIV2K/DIV2K_valid_HR/0850.png,div2k/0850.png/sigma_0.200,div2k,0850.png,20049,b0e8b344c318dfae08640e56c0b52ec6df0909ea2a5c7128b8b44308511dabe7,eb29dc9639070da2e13f07ae930eb28bdf69a115f7d0c1f61e0de0c5511d51d3,0.20000000298023224,0.03440733626484871,14.633489608764648,0.35771888494491577,0.004102818202227354,23.869178771972656,0.7428586483001709,9.377094268798828,9.692131996154785,0.004261051304638386,33.281341552734375,0.14624936878681183,5.325421333312988,33.27413558959961,0.035003662109375,0.02850341796875
U-Tikhonov T16/CG32,350,50,0,/Users/kyrillguba/Documents/Data Analytics MSc/Thesis/Python/First Try/data/DIV2K/DIV2K_valid_HR/0851.png,div2k/0851.png/sigma_0.200,div2k,0851.png,20050,6cd623610d71351bd69a4193263bc448cd15272dcfd17f66224ecc57d176c5d0,e083e050185c763e865cae2ce76a1dbeb5d749d4376a879850b5b4a1282b15ca,0.20000000298023224,0.03136583790183067,15.035430908203125,0.27899524569511414,0.0038672047667205334,24.12602996826172,0.834227442741394,17.60478973388672,13.791787147521973,0.00736393453553319,33.281341552734375,0.1192459985613823,17.946298599243164,33.281341552734375,0.050201416015625,0.266021728515625
U-Tikhonov T16/CG32,351,51,0,/Users/kyrillguba/Documents/Data Analytics MSc/Thesis/Python/First Try/data/DIV2K/DIV2K_valid_HR/0852.png,div2k/0852.png/sigma_0.200,div2k,0852.png,20051,73b3c50a05a0fcb1a26fb8f3d88ebc57fe34409f6e6d0d125e46c18d90cca3a1,dbef7cf6c1c3c9f68c358d22f817b763ffaeaf9f323de2facd65346774f66e1b,0.20000000298023224,0.02235514111816883,16.5062255859375,0.13488495349884033,0.005016683135181665,22.995834350585938,0.4101039171218872,17.55902099609375,12.433016777038574,0.02677220292389393,33.281341552734375,0.377703458070755,17.26936912536621,33.281341552734375,0.0081787109375,0.1522369384765625
U-Tikhonov T16/CG32,352,52,0,/Users/kyrillguba/Documents/Data Analytics MSc/Thesis/Python/First Try/data/DIV2K/DIV2K_valid_HR/0853.png,div2k/0853.png/sigma_0.200,div2k,0853.png,20052,e9eb55fc2bc1bcfd2fad63122c380357a672f2b9f14b61a7547da796324e10c2,f1f7573eeabe411fcccd1724bc76d6ed111cd22aebac64343867acd9d2d71947,0.20000000298023224,0.029230015352368355,15.341710090637207,0.21405184268951416,0.0032830596901476383,24.83721160888672,0.7682313919067383,17.260160446166992,13.086600303649902,0.010739688761532307,33.281341552734375,0.19220156967639923,15.679841995239258,33.281341552734375,0.0214080810546875,0.2072601318359375
U-Tikhonov T16/CG32,353,53,0,/Users/kyrillguba/Documents/Data Analytics MSc/Thesis/Python/First Try/data/DIV2K/DIV2K_valid_HR/0854.png,div2k/0854.png/sigma_0.200,div2k,0854.png,20053,dbefb08aac7a5ad65da8e59ab21cbb0e921c9ad6da4d670be4cb2a982a3e2ffe,40e3bca8f53daf0c2825c0357fbf90f88382f66edc93cefcd8c4918184aa3351,0.20000000298023224,0.03468653932213783,14.598390579223633,0.39136505126953125,0.005465698428452015,22.62354278564453,0.74224853515625,10.97258186340332,11.827143669128418,0.012859746813774109,33.281341552734375,0.12837563455104828,4.859978675842285,33.28130340576172,0.0438690185546875,0.0855865478515625
U-Tikhonov T16/CG32,354,54,0,/Users/kyrillguba/Documents/Data Analytics MSc/Thesis/Python/First Try/data/DIV2K/DIV2K_valid_HR/0855.png,div2k/0855.png/sigma_0.200,div2k,0855.png,20054,9e2b3caa326eef35864ca6323728491aaf77f5232b3a1b7435275b7a4b5bc314,75e4815e9dedf2e534b319670a157d0445f1e187a35107ab521c1df61d25d55d,0.20000000298023224,0.0341930091381073,14.660626411437988,0.2914919853210449,0.003300728742033243,24.813901901245117,0.736171305179596,11.919620513916016,10.497624397277832,0.007438953034579754,33.281341552734375,0.24498294293880463,8.0497407913208,33.280723571777344,0.0166473388671875,0.043426513671875
U-Tikhonov T16/CG32,355,55,0,/Users/kyrillguba/Documents/Data Analytics MSc/Thesis/Python/First Try/data/DIV2K/DIV2K_valid_HR/0856.png,div2k/0856.png/sigma_0.200,div2k,0856.png,20055,66cf31de43a337537e663db0aecf5dd0004e87a0fbe2bd2cdc7ed9a8b4a93ece,9aa62b036ebea62b20e6ab6828c145c58b19e8e108f32193b6835f7b2a26bca9,0.20000000298023224,0.029928404837846756,15.239164352416992,0.21116143465042114,0.0033907382749021053,24.697057723999023,0.5529675483703613,14.486518859863281,11.159281730651855,0.053666964173316956,33.281341552734375,0.5717536807060242,11.12545108795166,33.28117752075195,0.0029296875,0.064666748046875
U-Tikhonov T16/CG32,356,56,0,/Users/kyrillguba/Documents/Data Analytics MSc/Thesis/Python/First Try/data/DIV2K/DIV2K_valid_HR/0857.png,div2k/0857.png/sigma_0.200,div2k,0857.png,20056,ab895c24c3f27bd01daebb297e1995e3f7eaba3372e5cc7e32fb98edb3dfd93b,b1b98831a55014fea5636125d62e705b87f1fa42041221c701cae52f571bf74a,0.20000000298023224,0.03706633299589157,14.310203552246094,0.24246278405189514,0.0015306489076465368,28.151243209838867,0.8464640378952026,11.722421646118164,9.577275276184082,0.012726347893476486,33.281341552734375,0.267439603805542,8.802701950073242,33.17371368408203,0.0132904052734375,0.017120361328125
U-Tikhonov T16/CG32,357,57,0,/Users/kyrillguba/Documents/Data Analytics MSc/Thesis/Python/First Try/data/DIV2K/DIV2K_valid_HR/0858.png,div2k/0858.png/sigma_0.200,div2k,0858.png,20057,69c3c9a846793f1dd2cda90db3fba707412671412126cd1eaad1496e784f7c0e,ecfc124fe16811a34a7651f0649e3c785fde21cea7732b01ba6b00f41d5955d7,0.20000000298023224,0.027245834469795227,15.647000312805176,0.29077792167663574,0.005492439493536949,22.60234832763672,0.5652046203613281,10.835772514343262,11.287084579467773,0.009661233983933926,33.281341552734375,0.206430584192276,5.3368611335754395,33.281341552734375,0.023284912109375,0.0723114013671875
U-Tikhonov T16/CG32,358,58,0,/Users/kyrillguba/Documents/Data Analytics MSc/Thesis/Python/First Try/data/DIV2K/DIV2K_valid_HR/0859.png,div2k/0859.png/sigma_0.200,div2k,0859.png,20058,0783919bca182fbd4ec27a809e6b7e6c58e89fddb3d3ef3d1bd5c807651c9a53,152bac79735eb68447682716b90fc80c192f333fa2a84b0c1c88254819ffd5ca,0.20000000298023224,0.03435829281806946,14.639683723449707,0.39858973026275635,0.005291597917675972,22.764131546020508,0.6792395114898682,8.471839904785156,9.35293197631836,0.0049385810270905495,33.281341552734375,0.17178110778331757,4.479055404663086,33.281341552734375,0.027557373046875,0.0380706787109375
U-Tikhonov T16/CG32,359,59,0,/Users/kyrillguba/Documents/Data Analytics MSc/Thesis/Python/First Try/data/DIV2K/DIV2K_valid_HR/0860.png,div2k/0860.png/sigma_0.200,div2k,0860.png,20059,6323c40a5d11f381b901e87cf8f54d9578bc32be44b9350ac5386eb44224de4a,d4f91ab6cc8f374fb4c6bac90b2c7ba29162c274abe67d719a3c51235caa6afb,0.20000000298023224,0.03291696682572365,14.82580280303955,0.4782189428806305,0.007484002038836479,21.2586612701416,0.6713851094245911,4.5509796142578125,5.961555004119873,0.01021051499992609,33.281166076660156,0.11974392086267471,2.3523006439208984,30.11617088317871,0.0568389892578125,0.0019378662109375
U-Tikhonov T16/CG32,360,60,0,/Users/kyrillguba/Documents/Data Analytics MSc/Thesis/Python/First Try/data/DIV2K/DIV2K_valid_HR/0861.png,div2k/0861.png/sigma_0.200,div2k,0861.png,20060,c3df240f2bf2bcdcdc9060b4ba3b0dd6324594f485ce3ee2d407f0b5364d72d7,e3aa7d2ec813a35e69e1f22752b688505dacc8af4321861a2fa8f2dfe79ee127,0.20000000298023224,0.026164734736084938,15.822837829589844,0.37308695912361145,0.007559330202639103,21.215167999267578,0.5911461710929871,11.54157829284668,12.01672649383545,0.008873295038938522,33.281341552734375,0.09974784404039383,5.404068946838379,33.28132247924805,0.0650482177734375,0.0665130615234375
U-Tikhonov T16/CG32,361,61,0,/Users/kyrillguba/Documents/Data Analytics MSc/Thesis/Python/First Try/data/DIV2K/DIV2K_valid_HR/0862.png,div2k/0862.png/sigma_0.200,div2k,0862.png,20061,b28039f4ed1566ad4bef028589288dfa1cf33c4b676694010eb5d0d9f228ef50,4820261adc58f9a6bea33c5479ff019705b3da7499d34b6542d9ba13b9b5f99c,0.20000000298023224,0.03686685115098953,14.333640098571777,0.17305605113506317,0.001139241037890315,29.4338436126709,0.8257943987846375,19.141563415527344,11.921893119812012,0.029845070093870163,33.281341552734375,0.6338193416595459,19.468975067138672,33.281341552734375,0.003204345703125,0.2097930908203125
U-Tikhonov T16/CG32,362,62,0,/Users/kyrillguba/Documents/Data Analytics MSc/Thesis/Python/First Try/data/DIV2K/DIV2K_valid_HR/0863.png,div2k/0863.png/sigma_0.200,div2k,0863.png,20062,69a9aeec52e386294dc8c778c0d11c7f842f0960ca488aa898c25c50220c823a,d780733bdf706552225d6106d455668cbfbe8d92034d18f631d56834b15227e7,0.20000000298023224,0.03160873055458069,15.001930236816406,0.3139244318008423,0.0036790170706808567,24.342681884765625,0.7982677221298218,11.585393905639648,12.065053939819336,0.009340899996459484,33.281341552734375,0.18649671971797943,5.281558990478516,33.28132629394531,0.0263519287109375,0.087982177734375
U-Tikhonov T16/CG32,363,63,0,/Users/kyrillguba/Documents/Data Analytics MSc/Thesis/Python/First Try/data/DIV2K/DIV2K_valid_HR/0864.png,div2k/0864.png/sigma_0.200,div2k,0864.png,20063,fb786dffb18452c590dd1e18bebeea18d1c1bec24fd9d36d75ba35ad6c8a81d3,7091c6bf8715f2aa50554dd09088bda7b30f1bc28f9fc3664aa30eb204067fe8,0.20000000298023224,0.03352510184049606,14.746299743652344,0.33066898584365845,0.003665104042738676,24.35913848876953,0.7206399440765381,7.386841773986816,8.153901100158691,0.01372560765594244,33.281341552734375,0.2390037178993225,4.0525689125061035,33.12697219848633,0.0195465087890625,0.012451171875
U-Tikhonov T16/CG32,364,64,0,/Users/kyrillguba/Documents/Data Analytics MSc/Thesis/Python/First Try/data/DIV2K/DIV2K_valid_HR/0865.png,div2k/0865.png/sigma_0.200,div2k,0865.png,20064,f92af3991be3de305c0efcfbe87ac07586eb280db7c47c56bbf8452a9b10010c,90d1393c3ddd7e8ffcba157a5a01da7164b0df76e78c26361f7aecad53d92456,0.20000000298023224,0.03601345419883728,14.43535327911377,0.3257502317428589,0.00354164931923151,24.507944107055664,0.7522561550140381,9.010580062866211,9.966304779052734,0.007896039634943008,33.281341552734375,0.18131791055202484,4.392449378967285,33.24251174926758,0.0295562744140625,0.02587890625
U-Tikhonov T16/CG32,365,65,0,/Users/kyrillguba/Documents/Data Analytics MSc/Thesis/Python/First Try/data/DIV2K/DIV2K_valid_HR/0866.png,div2k/0866.png/sigma_0.200,div2k,0866.png,20065,64fe1cb87ea16bd47a4af52b635bd686b87a3bb0bb006aa875e7090e7f4f1b09,2954fcac34dc5bd3a33b7df711f1be5ceae9d1821524cbd414e6dfb3156fc9ce,0.20000000298023224,0.035266436636447906,14.526385307312012,0.4578568935394287,0.0059109036810696125,22.28346061706543,0.7519427537918091,6.1457037925720215,7.968416690826416,0.008037972263991833,33.2811164855957,0.09463799744844437,2.6604301929473877,32.44097900390625,0.0794525146484375,0.0048980712890625
U-Tikhonov T16/CG32,366,66,0,/Users/kyrillguba/Documents/Data Analytics MSc/Thesis/Python/First Try/data/DIV2K/DIV2K_valid_HR/0867.png,div2k/0867.png/sigma_0.200,div2k,0867.png,20066,a1b0a4eea55a3cc398df9e911e7db0ecbec9938d8ca0f96d3252df65b6daed62,5964f2890f1408ba86d314e1c9c42f670a8edece377d58e3d3958934d38b8893,0.20000000298023224,0.034480925649404526,14.624210357666016,0.47348377108573914,0.005775786936283112,22.38389015197754,0.764213502407074,5.55170202255249,8.174239158630371,0.009349511936306953,33.281341552734375,0.105687715113163,2.1433773040771484,33.27829360961914,0.07196044921875,0.02325439453125
U-Tikhonov T16/CG32,367,67,0,/Users/kyrillguba/Documents/Data Analytics MSc/Thesis/Python/First Try/data/DIV2K/DIV2K_valid_HR/0868.png,div2k/0868.png/sigma_0.200,div2k,0868.png,20067,a5806164ffd45d6b14c4f40b199c062ca7d2855351fd99291a948b57f15212f1,465c26b1cbdfae3ecb59dd6e0d09f74792f22c393fbb749303a03ec426ebbf03,0.20000000298023224,0.026768792420625687,15.723712921142578,0.2254057675600052,0.0026749162934720516,25.726898193359375,0.9148720502853394,21.930782318115234,12.670863151550293,0.006860851310193539,33.281341552734375,0.1453189253807068,28.958011627197266,33.281341552734375,0.0303955078125,0.2811431884765625
U-Tikhonov T16/CG32,368,68,0,/Users/kyrillguba/Documents/Data Analytics MSc/Thesis/Python/First Try/data/DIV2K/DIV2K_valid_HR/0869.png,div2k/0869.png/sigma_0.200,div2k,0869.png,20068,bc61ffc14754a4c0e306111ec7946ec828ebc05b363e7717d8c2f300d7750e5c,36f206402b78ad5ab0880a6b592711e7c885becdc90eef7fe621d4ab62b398ec,0.20000000298023224,0.03406920284032822,14.676380157470703,0.34946340322494507,0.003904425771906972,24.084426879882812,0.7846442461013794,12.696065902709961,12.553046226501465,0.007606343366205692,33.281341552734375,0.1462867707014084,6.320167541503906,33.281341552734375,0.034454345703125,0.119598388671875
U-Tikhonov T16/CG32,369,69,0,/Users/kyrillguba/Documents/Data Analytics MSc/Thesis/Python/First Try/data/DIV2K/DIV2K_valid_HR/0870.png,div2k/0870.png/sigma_0.200,div2k,0870.png,20069,23fb86d88c32c580e802edb1ef9cd9aecf3ca74c79ecdde14ada63f7050ad410,219e0a4de36ff22468460598ca62afa4d15793b89619335984211ee3820ae7ef,0.20000000298023224,0.035971950739622116,14.440360069274902,0.44418126344680786,0.006648596376180649,21.772701263427734,0.6811212301254272,4.483004570007324,5.97121000289917,0.005593624897301197,33.281314849853516,0.14625893533229828,2.2906241416931152,30.606037139892578,0.0455322265625,0.0032501220703125
U-Tikhonov T16/CG32,370,70,0,/Users/kyrillguba/Documents/Data Analytics MSc/Thesis/Python/First Try/data/DIV2K/DIV2K_valid_HR/0871.png,div2k/0871.png/sigma_0.200,div2k,0871.png,20070,755675f2824bd9535075c3a3649ecad82608dffc5b28d5b6777c999ce5ac8feb,a79bf595f2c35f73db39ff8464a46ed80dec925a442f059004d20a97e85a0c8e,0.20000000298023224,0.03537418693304062,14.51313591003418,0.41837066411972046,0.004511687904596329,23.45660972595215,0.7849542498588562,5.913085460662842,7.283160209655762,0.005269369576126337,33.281341552734375,0.1327827125787735,2.901240825653076,32.193992614746094,0.0485687255859375,0.0054473876953125
U-Tikhonov T16/CG32,371,71,0,/Users/kyrillguba/Documents/Data Analytics MSc/Thesis/Python/First Try/data/DIV2K/DIV2K_valid_HR/0872.png,div2k/0872.png/sigma_0.200,div2k,0872.png,20071,a3051017ca8c7da3a6c7830c9bb928ecf2b81dc2add6c092a6aecfa321376f6b,88e68177068cbd31ad772278e816e19225d0663ce834533f13771150b6b57cf5,0.20000000298023224,0.03403836861252785,14.680313110351562,0.5207550525665283,0.006251076236367226,22.04045295715332,0.7902679443359375,5.77783727645874,8.162535667419434,0.009593525901436806,33.281341552734375,0.08062863349914551,2.206265687942505,33.269325256347656,0.0909576416015625,0.019805908203125
U-Tikhonov T16/CG32,372,72,0,/Users/kyrillguba/Documents/Data Analytics MSc/Thesis/Python/First Try/data/DIV2K/DIV2K_valid_HR/0873.png,div2k/0873.png/sigma_0.200,div2k,0873.png,20072,98eca5a763607b677cf4da90c4112b7bd27d325edaf99023f29c46b2af95740e,7df1704bbe1322c04c0d2b26bd0241e4897670f342768c095d593e3c06d37bf4,0.20000000298023224,0.03487865626811981,14.574402809143066,0.3522554934024811,0.005212149582803249,22.829833984375,0.7003775835037231,8.024419784545898,9.556869506835938,0.015322022140026093,33.281341552734375,0.23218503594398499,3.750208854675293,33.260162353515625,0.0199432373046875,0.0325927734375
U-Tikhonov T16/CG32,373,73,0,/Users/kyrillguba/Documents/Data Analytics MSc/Thesis/Python/First Try/data/DIV2K/DIV2K_valid_HR/0874.png,div2k/0874.png/sigma_0.200,div2k,0874.png,20073,c1b141701b55a15db0c8d9d38d28131d0c6935abc941c0cf5a1b8e17483ce6db,35c4abcf48cf7524a711d976d8e03b77f49dc1e4c68c058a0528cabd24b2cacd,0.20000000298023224,0.035851430147886276,14.454936027526855,0.2942853569984436,0.003445828566327691,24.627063751220703,0.6942470073699951,12.661859512329102,11.361574172973633,0.008600656874477863,33.281341552734375,0.2045784890651703,8.001364707946777,33.281341552734375,0.019256591796875,0.0846099853515625
U-Tikhonov T16/CG32,374,74,0,/Users/kyrillguba/Documents/Data Analytics MSc/Thesis/Python/First Try/data/DIV2K/DIV2K_valid_HR/0875.png,div2k/0875.png/sigma_0.200,div2k,0875.png,20074,9efdc0057bb6e53db148019bb4a13192254fce5f31a016a4924e85fc6ee62a16,9877db0a1376db91dbf497f2477bde886751f7dea26f5ac13b9032971be347e6,0.20000000298023224,0.033506277948617935,14.748739242553711,0.543152928352356,0.007261655293405056,21.389644622802734,0.783166229724884,4.260161399841309,6.667601108551025,0.007201035041362047,33.281341552734375,0.08588992059230804,1.7509809732437134,32.958168029785156,0.087554931640625,0.0101776123046875
U-Tikhonov T16/CG32,375,75,0,/Users/kyrillguba/Documents/Data Analytics MSc/Thesis/Python/First Try/data/DIV2K/DIV2K_valid_HR/0876.png,div2k/0876.png/sigma_0.200,div2k,0876.png,20075,84df379a2b4a7b995296e31b3954bfb9a7731d5e2d0b8650405a416a53e11125,65c02e218168eb9c271e94d5d0dd57a6b0be70fe214cd357fb1ff42a1844853f,0.20000000298023224,0.028178391978144646,15.500837326049805,0.33955687284469604,0.005532188806682825,22.571029663085938,0.6036194562911987,7.906508922576904,8.584904670715332,0.01067529059946537,33.28133010864258,0.13031938672065735,4.280606269836426,32.78716278076172,0.036346435546875,0.007781982421875
U-Tikhonov T16/CG32,376,76,0,/Users/kyrillguba/Documents/Data Analytics MSc/Thesis/Python/First Try/data/DIV2K/DIV2K_valid_HR/0877.png,div2k/0877.png/sigma_0.200,div2k,0877.png,20076,a7be10c02736c3557926612d053466a395f1f8df83ddeeff7027d05bb769b33a,ea9825c0949f3cd8c6b4d480e6112272c42e2be6f4ac56184829b0b07e52fd9c,0.20000000298023224,0.028335880488157272,15.476632118225098,0.23389972746372223,0.0026811170391738415,25.716842651367188,0.7219967842102051,12.413352012634277,10.86805248260498,0.008993091993033886,33.281341552734375,0.20056450366973877,8.46081256866455,33.281333923339844,0.0216522216796875,0.062469482421875
U-Tikhonov T16/CG32,377,77,0,/Users/kyrillguba/Documents/Data Analytics MSc/Thesis/Python/First Try/data/DIV2K/DIV2K_valid_HR/0878.png,div2k/0878.png/sigma_0.200,div2k,0878.png,20077,f1e61ee7f615bf40fc0cc24a3750fc6413019d89281f32d061c3bfb42fdf3082,dca2e358e577b53bd2c62533026388c36d3b10131e48cdffac6527851e5667cd,0.20000000298023224,0.03506205976009369,14.55162525177002,0.431956022977829,0.005157900974154472,22.87527084350586,0.7450340390205383,7.382120132446289,9.282636642456055,0.0061042457818984985,33.281341552734375,0.1260755956172943,3.27846097946167,33.281341552734375,0.04693603515625,0.04010009765625
U-Tikhonov T16/CG32,378,78,0,/Users/kyrillguba/Documents/Data Analytics MSc/Thesis/Python/First Try/data/DIV2K/DIV2K_valid_HR/0879.png,div2k/0879.png/sigma_0.200,div2k,0879.png,20078,f7a72db70e5d13cc9ce0514ee1b317f98a5b43e5671f68071037416761ac50bb,78780c6a8abb79c1f6560c35bebe1eac0ff11d296dd876d2b0fedc6451025a5d,0.20000000298023224,0.03479751572012901,14.584518432617188,0.32616156339645386,0.0037007108330726624,24.317148208618164,0.8664637804031372,17.48585319519043,14.558220863342285,0.017340783029794693,33.281341552734375,0.11328651756048203,17.631990432739258,33.281341552734375,0.0591583251953125,0.3283538818359375
U-Tikhonov T16/CG32,379,79,0,/Users/kyrillguba/Documents/Data Analytics MSc/Thesis/Python/First Try/data/DIV2K/DIV2K_valid_HR/0880.png,div2k/0880.png/sigma_0.200,div2k,0880.png,20079,2464ffab9474f65f91c41e6231fc7c3907d471b36d493192c28dd9a9c9ac3c4c,e603ea3706046d50c09932ba798b1ee339b5ce8ffc1b0ac2e4a0b80507cfaeab,0.20000000298023224,0.037251368165016174,14.288578033447266,0.249284565448761,0.002623057458549738,25.811922073364258,0.8286782503128052,16.70032501220703,13.230456352233887,0.004710248671472073,33.281341552734375,0.2122124433517456,14.601877212524414,33.281341552734375,0.020782470703125,0.195526123046875
U-Tikhonov T16/CG32,380,80,0,/Users/kyrillguba/Documents/Data Analytics MSc/Thesis/Python/First Try/data/DIV2K/DIV2K_valid_HR/0881.png,div2k/0881.png/sigma_0.200,div2k,0881.png,20080,b4be0560c87adf38d8561ec3fb5a8e3e0e5d0b43501194ff1ff77f1511e89119,7166e21de0ec4a3a0a60c18bb3c6bdbdaedb3781df9daf2f32001a600eb4d00e,0.20000000298023224,0.036281973123550415,14.403091430664062,0.2680695652961731,0.00257801148109138,25.887149810791016,0.7858998775482178,13.612974166870117,11.240312576293945,0.011415748856961727,33.281341552734375,0.23914405703544617,9.879016876220703,33.28133010864258,0.0161895751953125,0.0733795166015625
U-Tikhonov T16/CG32,381,81,0,/Users/kyrillguba/Documents/Data Analytics MSc/Thesis/Python/First Try/data/DIV2K/DIV2K_valid_HR/0882.png,div2k/0882.png/sigma_0.200,div2k,0882.png,20081,aac379d4eb1f7ffb4575e0fcca3a6836e85643267b9f537632bdfd3422ae2a6d,4a8a91d1eb131143047ce2053b13f35b5261dfa487572d9505294a2307ca301a,0.20000000298023224,0.0341230109333992,14.669527053833008,0.41631826758384705,0.004473431501537561,23.493593215942383,0.8280314207077026,7.346127510070801,9.631538391113281,0.0027380429673939943,33.281341552734375,0.05054285749793053,2.892094135284424,33.281070709228516,0.0912933349609375,0.0351409912109375
U-Tikhonov T16/CG32,382,82,0,/Users/kyrillguba/Documents/Data Analytics MSc/Thesis/Python/First Try/data/DIV2K/DIV2K_valid_HR/0883.png,div2k/0883.png/sigma_0.200,div2k,0883.png,20082,dc84aa16cb279e020e6bb4a512b74aeb161e2c3b612b40cfe834b4ea44c4dbd4,f968f97cdcb300ed5453d17866c644abc15ea8e64b3eaa6d9476a7d3fb39e361,0.20000000298023224,0.03476158156991005,14.589004516601562,0.45862719416618347,0.00549303600564599,22.60187530517578,0.7760924100875854,7.259951591491699,9.476190567016602,0.008117916993796825,33.281341552734375,0.10383548587560654,2.835357427597046,33.26468276977539,0.0667266845703125,0.0251007080078125
U-Tikhonov T16/CG32,383,83,0,/Users/kyrillguba/Documents/Data Analytics MSc/Thesis/Python/First Try/data/DIV2K/DIV2K_valid_HR/0884.png,div2k/0884.png/sigma_0.200,div2k,0884.png,20083,c3e792b1483d91371c9eeedd1d20a4f45de1d748d7f261794ce740fbc3ea3016,b3e68d1de2a920804b91791c0d677aa24728939fd14d310e26800d225ab4be9b,0.20000000298023224,0.03392934054136276,14.694246292114258,0.44503068923950195,0.005858922377228737,22.321823120117188,0.7403103113174438,5.021790981292725,6.713159084320068,0.007373235188424587,33.281341552734375,0.09678026288747787,2.4227771759033203,32.20109558105469,0.0681915283203125,0.0061492919921875
U-Tikhonov T16/CG32,384,84,0,/Users/kyrillguba/Documents/Data Analytics MSc/Thesis/Python/First Try/data/DIV2K/DIV2K_valid_HR/0885.png,div2k/0885.png/sigma_0.200,div2k,0885.png,20084,d1b12f5bdff73a004166bc26bfd68ed924612ba4dfeb5ee46ef886fec9606402,31f004729c830620ca1ba9f6fe596a4b6f250d8744af4ac80a64d06220e699a7,0.20000000298023224,0.0355042964220047,14.4971923828125,0.32031136751174927,0.004684959072619677,23.29294204711914,0.6218015551567078,9.370885848999023,9.481851577758789,0.01897513121366501,33.281341552734375,0.20305068790912628,5.539765357971191,33.28025817871094,0.0229339599609375,0.029632568359375
U-Tikhonov T16/CG32,385,85,0,/Users/kyrillguba/Documents/Data Analytics MSc/Thesis/Python/First Try/data/DIV2K/DIV2K_valid_HR/0886.png,div2k/0886.png/sigma_0.200,div2k,0886.png,20085,8269830c494c50f2ca58c9fe1491092884eabccc73e5d87438dd2282f32843ab,5090a794b23aed4ff2a947070aca2f5086a41b055a575c092c8c2d29c1fbb480,0.20000000298023224,0.03441639617085457,14.632347106933594,0.2730441093444824,0.0026039215736091137,25.843719482421875,0.821774423122406,12.81461238861084,11.29400634765625,0.004013577941805124,33.281341552734375,0.1633317768573761,8.75179672241211,33.281341552734375,0.0281219482421875,0.0662384033203125
U-Tikhonov T16/CG32,386,86,0,/Users/kyrillguba/Documents/Data Analytics MSc/Thesis/Python/First Try/data/DIV2K/DIV2K_valid_HR/0887.png,div2k/0887.png/sigma_0.200,div2k,0887.png,20086,9674e5076ec8c005bce7e3450e6bf09deb82df9952eaff58c7717b3a16e90f3e,cb6dc7d80b36eebb807ed61bfaab5fe993781416d78a74541f85ebfd66f013a2,0.20000000298023224,0.0338304229080677,14.706926345825195,0.31739869713783264,0.004266095347702503,23.699695587158203,0.7448229193687439,13.264791488647461,12.687657356262207,0.014243134297430515,33.281341552734375,0.12753050029277802,7.200185775756836,33.281341552734375,0.042572021484375,0.119842529296875
U-Tikhonov T16/CG32,387,87,0,/Users/kyrillguba/Documents/Data Analytics MSc/Thesis/Python/First Try/data/DIV2K/DIV2K_valid_HR/0888.png,div2k/0888.png/sigma_0.200,div2k,0888.png,20087,0b12dfb6e7a24bf393f0f61b8c12a04a0e14c82f6eb77cce3a6d2ed989cadb40,989434f28b0788a40100a8ddf47b22f95f46695a227160402fe452a33a1ef18a,0.20000000298023224,0.03279835730791092,14.841479301452637,0.5270345211029053,0.006459786090999842,21.89781951904297,0.7912302613258362,5.130271911621094,7.427050590515137,0.005937236361205578,33.281341552734375,0.06738457828760147,2.033364772796631,32.940311431884766,0.1036529541015625,0.00994873046875
U-Tikhonov T16/CG32,388,88,0,/Users/kyrillguba/Documents/Data Analytics MSc/Thesis/Python/First Try/data/DIV2K/DIV2K_valid_HR/0889.png,div2k/0889.png/sigma_0.200,div2k,0889.png,20088,65b588cd7d91eb7ab3ad2ee297b48e2bcd71468e6f3fd4cedd22296161fcf0b3,be54b7f435b3b199ad7e6c9cc6b6a0fecaadffa375c554b9a64cff2706771179,0.20000000298023224,0.033237118273973465,14.78376579284668,0.555973470211029,0.008074826560914516,20.928668975830078,0.7632015943527222,3.7741777896881104,6.002603054046631,0.007237629033625126,33.281341552734375,0.08097665756940842,1.5014822483062744,30.99962615966797,0.1180877685546875,0.00396728515625
U-Tikhonov T16/CG32,389,89,0,/Users/kyrillguba/Documents/Data Analytics MSc/Thesis/Python/First Try/data/DIV2K/DIV2K_valid_HR/0890.png,div2k/0890.png/sigma_0.200,div2k,0890.png,20089,641726511e5ab55ecb5dccce15a53a64473d43e0a2be22d51e522b22644d2891,fd5743f5954bbc815efe4ebf196325a88b1e7dd8a4b25e5e387781090eb033d4,0.20000000298023224,0.037814974784851074,14.22336196899414,0.2335721105337143,0.002456910442560911,26.096107482910156,0.7959786653518677,16.513534545898438,13.58203411102295,0.03774473816156387,33.281341552734375,0.3459181487560272,11.446287155151367,33.281341552734375,0.0092620849609375,0.270050048828125
U-Tikhonov T16/CG32,390,90,0,/Users/kyrillguba/Documents/Data Analytics MSc/Thesis/Python/First Try/data/DIV2K/DIV2K_valid_HR/0891.png,div2k/0891.png/sigma_0.200,div2k,0891.png,20090,df25cc2cba32c4a350c4749f690c8d6acb73d96d359ca40b6fee4071dbf564d0,3da8a8b352a17c343a23cea35666e8373cf8d98256eb66e4d032cd01077be443,0.20000000298023224,0.03475739434361458,14.589529037475586,0.5113816857337952,0.006544571835547686,21.841190338134766,0.7732148170471191,5.299125671386719,7.344855785369873,0.007057279348373413,33.281341552734375,0.10685401409864426,2.2448549270629883,32.68294143676758,0.0756378173828125,0.0076904296875
U-Tikhonov T16/CG32,391,91,0,/Users/kyrillguba/Documents/Data Analytics MSc/Thesis/Python/First Try/data/DIV2K/DIV2K_valid_HR/0892.png,div2k/0892.png/sigma_0.200,div2k,0892.png,20091,cf51693d41de71e034484154f59145fbffeb5a48fb250085472f21ef15bc44ee,c9de2d7ce3d4c96763d50b0da313f0a35a996901edf7b82e802884bc9754c897,0.20000000298023224,0.033709567040205,14.722469329833984,0.4961593449115753,0.008114510215818882,20.907379150390625,0.7045203447341919,4.5540008544921875,6.847464084625244,0.01181462500244379,33.281341552734375,0.08593155443668365,1.6389329433441162,31.72706413269043,0.1129608154296875,0.0041656494140625
U-Tikhonov T16/CG32,392,92,0,/Users/kyrillguba/Documents/Data Analytics MSc/Thesis/Python/First Try/data/DIV2K/DIV2K_valid_HR/0893.png,div2k/0893.png/sigma_0.200,div2k,0893.png,20092,e38a2d9fc2bb1bfe2d7f4ac7ac04be6e3b640472049753a9ec509cb5b184dfae,1aeb39a7c057f8c0c11548e1a0a3c52df0a20992fc3d2fb9a355dfdb4d0cfe85,0.20000000298023224,0.029935676604509354,15.23810863494873,0.3564750552177429,0.004090318456292152,23.882429122924805,0.7653723359107971,10.095792770385742,10.553871154785156,0.007787387352436781,33.281341552734375,0.0967085137963295,5.406988143920898,33.2789306640625,0.0634307861328125,0.0341339111328125
U-Tikhonov T16/CG32,393,93,0,/Users/kyrillguba/Documents/Data Analytics MSc/Thesis/Python/First Try/data/DIV2K/DIV2K_valid_HR/0894.png,div2k/0894.png/sigma_0.200,div2k,0894.png,20093,f7c053db8ff81bb3c056ed342eb0bfb9ba890e8adb30617f79d560f11e941c73,588cfbc0eeddb212fa887a3b3b5ba21fdf249c31a0afb25accd33ccf2bc539ce,0.20000000298023224,0.0319073386490345,14.96109390258789,0.30068713426589966,0.0030632151756435633,25.138225555419922,0.7361642122268677,15.754867553710938,12.01175594329834,0.004484341945499182,33.281341552734375,0.13289692997932434,13.593711853027344,33.281341552734375,0.0286712646484375,0.1031951904296875
U-Tikhonov T16/CG32,394,94,0,/Users/kyrillguba/Documents/Data Analytics MSc/Thesis/Python/First Try/data/DIV2K/DIV2K_valid_HR/0895.png,div2k/0895.png/sigma_0.200,div2k,0895.png,20094,abdbc9e5dd323d44902bb35948460b514a4fe27d53aa9bc4f2072e0a425a5902,ead625aa75c30e3d4b40f35d04e20fa2647ef475e67985bae05522942553d84b,0.20000000298023224,0.033872198313474655,14.701566696166992,0.4027783274650574,0.00637546181678772,21.954883575439453,0.6082798838615417,10.170195579528809,10.173961639404297,0.0068841176107525826,33.281341552734375,0.13747186958789825,5.940677642822266,33.28125762939453,0.030303955078125,0.045806884765625
U-Tikhonov T16/CG32,395,95,0,/Users/kyrillguba/Documents/Data Analytics MSc/Thesis/Python/First Try/data/DIV2K/DIV2K_valid_HR/0896.png,div2k/0896.png/sigma_0.200,div2k,0896.png,20095,857388cd8fc429b194bc7374762cee70b099ddf090a6495b03d92edc4c8c7b8d,9b629a54edfc26f48b21efba1d63d626798c57e0f95abf896ac44ae88e20ffe2,0.20000000298023224,0.025447476655244827,15.943553924560547,0.321191668510437,0.003985567018389702,23.995101928710938,0.9115025997161865,19.04566764831543,12.89907169342041,0.003319700015708804,33.281341552734375,0.08281000703573227,22.142099380493164,33.281341552734375,0.0463714599609375,0.1927032470703125
U-Tikhonov T16/CG32,396,96,0,/Users/kyrillguba/Documents/Data Analytics MSc/Thesis/Python/First Try/data/DIV2K/DIV2K_valid_HR/0897.png,div2k/0897.png/sigma_0.200,div2k,0897.png,20096,a75baf8d323b01687486bd536ce524304bab0a20ffcaf0d6d19c9abe9c8bef57,749e175ee734d35a8d9a556aaaed8c0fe69b7b2d6326aa99454b7e75db9cd220,0.20000000298023224,0.031735606491565704,14.984532356262207,0.7208259105682373,0.014575257897377014,18.36383819580078,0.8051605820655823,1.225426197052002,3.243701219558716,0.0021623075008392334,33.281341552734375,0.014612854458391666,0.3161357641220093,18.344228744506836,0.5131072998046875,0.001312255859375
U-Tikhonov T16/CG32,397,97,0,/Users/kyrillguba/Documents/Data Analytics MSc/Thesis/Python/First Try/data/DIV2K/DIV2K_valid_HR/0898.png,div2k/0898.png/sigma_0.200,div2k,0898.png,20097,0f9b0c2f1793b1dd0ac81be97181b9e904a39fcf108cd39194842f26678085f7,32ff9e5e74cfb1b5ed2be6075c4c5b4dcefea89df61a3c0ec15b091d9e701f3e,0.20000000298023224,0.03794851154088974,14.208051681518555,0.2123604714870453,0.0020995750091969967,26.7786865234375,0.8934171199798584,23.119186401367188,13.430451393127441,0.015422561205923557,33.281341552734375,0.20397232472896576,32.77957534790039,33.281341552734375,0.0214385986328125,0.4818115234375
U-Tikhonov T16/CG32,398,98,0,/Users/kyrillguba/Documents/Data Analytics MSc/Thesis/Python/First Try/data/DIV2K/DIV2K_valid_HR/0899.png,div2k/0899.png/sigma_0.200,div2k,0899.png,20098,bea5ead4e165747f9c0e6d434cc536abdd4760b1a8da09c78f705024684bff65,df36f4c23d3ac270a772e4754c97257661ffdcd353a277fd025a945e06c8e707,0.20000000298023224,0.031405672430992126,15.029918670654297,0.45998048782348633,0.00546086672693491,22.627384185791016,0.7655894160270691,8.24429988861084,10.340248107910156,0.0036116656847298145,33.281341552734375,0.04248250648379326,3.1425929069519043,33.28129959106445,0.1359100341796875,0.046356201171875
U-Tikhonov T16/CG32,399,99,0,/Users/kyrillguba/Documents/Data Analytics MSc/Thesis/Python/First Try/data/DIV2K/DIV2K_valid_HR/0900.png,div2k/0900.png/sigma_0.200,div2k,0900.png,20099,72e06d86758e25d0f39e87b43b4ed00325b96cc08c65fc1809df35beee23e59c,6596346c0ac3601c2d477f0860e483184b47e376159b28c27fa46ac692f4f34b,0.20000000298023224,0.02798222005367279,15.53117847442627,0.4312431216239929,0.006950467824935913,21.57986068725586,0.6729831695556641,7.969776630401611,9.746567726135254,0.0024794579949229956,33.281341552734375,0.07644333690404892,3.3671653270721436,33.27646255493164,0.076751708984375,0.031707763671875
U-Tikhonov T16/CG32,400,0,0,synthetic://square_gradient,geometry/square_gradient.png/sigma_0.050,geometry,square_gradient.png,120000,69d638ce9b8ea492be887d3cca9e04628775de3ace35db2af3b2a354abce36b9,381b98e00bdf325786b1f79a03300427cfc8e587f6149e40fda93880781b996a,0.05000000074505806,0.0024409382604062557,26.124431610107422,0.43573692440986633,6.0838247009087354e-05,42.158233642578125,0.9873910546302795,10.766888618469238,7.116489887237549,0.009109309874475002,33.281341552734375,0.19232122600078583,9.153547286987305,32.544654846191406,0.0143890380859375,0.0072784423828125
U-Tikhonov T16/CG32,401,1,0,synthetic://step_edge,geometry/step_edge.png/sigma_0.050,geometry,step_edge.png,120001,46a0cfb6b125b4908cb2a16970e2041b41c21563e053b7790f33acb54949ff36,d77f90b4a6b9090ea0d8321449c706c5ac5a02cbbd48fd8f34bddcc4c639301e,0.05000000074505806,0.0025068973191082478,26.008634567260742,0.34547513723373413,2.774970926111564e-05,45.56741714477539,0.9950778484344482,28.36975860595703,8.542614936828613,0.033393193036317825,33.281341552734375,0.48644548654556274,33.05866241455078,33.281341552734375,0.00775146484375,0.5233154296875
U-Tikhonov T16/CG32,402,2,0,synthetic://disk,geometry/disk.png/sigma_0.050,geometry,disk.png,120002,7857258e5183d682d876f68736683f6df789e0b9689292b104d2856a4b91b6a2,ef72398c75f633bf77d9a5e391e7829448a1bfb4fc1838d7d92e1ba20979ffaa,0.05000000074505806,0.0025164575781673193,25.992103576660156,0.37755006551742554,0.00011456836364232004,39.40935516357422,0.9928575754165649,26.430034637451172,9.907618522644043,0.004556884523481131,33.281341552734375,0.12159090489149094,32.219146728515625,33.281341552734375,0.016510009765625,0.4284515380859375
U-Tikhonov T16/CG32,403,3,0,synthetic://triangle,geometry/triangle.png/sigma_0.050,geometry,triangle.png,120003,049531080ddc88147f5d85141fa42f562e23ea28cb9cec98167ea9aee093e1b5,4f39de21ac476e75cd2db88bd8233c2fc6dbc683ec3005ced5809bc873c5edc5,0.05000000074505806,0.002525556134060025,25.976430892944336,0.37563374638557434,0.0001337732101092115,38.73630905151367,0.9912204146385193,25.948848724365234,10.763725280761719,0.006336529273539782,33.281341552734375,0.11291337013244629,32.837547302246094,33.281341552734375,0.0160369873046875,0.48809814453125
U-Tikhonov T16/CG32,404,4,0,synthetic://nested_rectangles,geometry/nested_rectangles.png/sigma_0.050,geometry,nested_rectangles.png,120004,13e7d9eb3793d137ce5fc6e419e2980ccaa68520dcbf0649f7388a0716d7318a,c4443e66cb39eff77c9a57450116e0a489029ed3eceacfd3fe04d58634eae44b,0.05000000074505806,0.002501388546079397,26.0181884765625,0.43466585874557495,0.00014086419832892716,38.511993408203125,0.9893573522567749,23.650667190551758,12.282488822937012,0.0018862215802073479,33.281341552734375,0.027118487283587456,31.504016876220703,33.281341552734375,0.06683349609375,0.42218017578125
U-Tikhonov T16/CG32,405,0,0,synthetic://square_gradient,geometry/square_gradient.png/sigma_0.100,geometry,square_gradient.png,120000,69d638ce9b8ea492be887d3cca9e04628775de3ace35db2af3b2a354abce36b9,9f3b3a4a4f4cf655fc8ed1e09d76f9a667adf4ea5498eb48f2ef924ca6aa5155,0.10000000149011612,0.00911085493862629,20.40441131591797,0.22990202903747559,0.00019985630933661014,36.992820739746094,0.9741621017456055,18.729284286499023,10.238611221313477,0.014475972391664982,33.281341552734375,0.33841583132743835,18.893535614013672,33.281341552734375,0.0098876953125,0.089813232421875
U-Tikhonov T16/CG32,406,1,0,synthetic://step_edge,geometry/step_edge.png/sigma_0.100,geometry,step_edge.png,120001,46a0cfb6b125b4908cb2a16970e2041b41c21563e053b7790f33acb54949ff36,d0aef4c0460fd06e1bb6e313e8b8f5de94f72301b64af00ff7bb6763c0440678,0.10000000149011612,0.009429641999304295,20.255048751831055,0.17545488476753235,8.81141604622826e-05,40.54954528808594,0.9860559701919556,29.12909507751465,7.7966485023498535,0.0411624051630497,33.281341552734375,1.2864397764205933,33.04740905761719,33.281341552734375,0.0058746337890625,0.5255889892578125
U-Tikhonov T16/CG32,407,2,0,synthetic://disk,geometry/disk.png/sigma_0.100,geometry,disk.png,120002,7857258e5183d682d876f68736683f6df789e0b9689292b104d2856a4b91b6a2,7b7ed0f631c1d323c2081212843b2826a439529f438efff117b8de247ad56d42,0.10000000149011612,0.009388170205056667,20.27419090270996,0.20454004406929016,0.00023340663756243885,36.31886672973633,0.9826775789260864,27.975643157958984,9.018634796142578,0.007210778072476387,33.281341552734375,0.2119835764169693,32.89164733886719,33.281341552734375,0.013092041015625,0.4884796142578125
U-Tikhonov T16/CG32,408,3,0,synthetic://triangle,geometry/triangle.png/sigma_0.100,geometry,triangle.png,120003,049531080ddc88147f5d85141fa42f562e23ea28cb9cec98167ea9aee093e1b5,54fe3cc0fdd5a963a314993d1e51ba8c601da833471b47687b7d46d3fa7c98e7,0.10000000149011612,0.009412744082510471,20.262836456298828,0.20337511599063873,0.0002119010896421969,36.73866653442383,0.9809726476669312,27.23565673828125,9.703261375427246,0.003987238276749849,33.281341552734375,0.19202661514282227,32.833656311035156,33.281341552734375,0.0140380859375,0.4803619384765625
U-Tikhonov T16/CG32,409,4,0,synthetic://nested_rectangles,geometry/nested_rectangles.png/sigma_0.100,geometry,nested_rectangles.png,120004,13e7d9eb3793d137ce5fc6e419e2980ccaa68520dcbf0649f7388a0716d7318a,63c46101e9cb6c7a22eb3666525ac6d60cacf949d7844593bd48ffffda510631,0.10000000149011612,0.009346477687358856,20.293521881103516,0.27218350768089294,0.00036164658376947045,34.41715621948242,0.9756473302841187,25.757957458496094,11.560713768005371,0.001392852864228189,33.281341552734375,0.051545094698667526,33.066864013671875,33.281341552734375,0.05535888671875,0.51934814453125
U-Tikhonov T16/CG32,410,0,0,synthetic://square_gradient,geometry/square_gradient.png/sigma_0.150,geometry,square_gradient.png,120000,69d638ce9b8ea492be887d3cca9e04628775de3ace35db2af3b2a354abce36b9,31649acb9ccd1b270549ad2f0bf0cde096c2a0c68d047e1df9c9016482e68dd7,0.15000000596046448,0.019019896164536476,17.20792007446289,0.16453802585601807,0.00047670642379671335,33.217491149902344,0.9582884311676025,22.55541229248047,10.51475715637207,0.010081791318953037,33.281341552734375,0.45324864983558655,26.152339935302734,33.281341552734375,0.007720947265625,0.18853759765625
U-Tikhonov T16/CG32,411,1,0,synthetic://step_edge,geometry/step_edge.png/sigma_0.150,geometry,step_edge.png,120001,46a0cfb6b125b4908cb2a16970e2041b41c21563e053b7790f33acb54949ff36,e1f5fc79ee11e8dd490daa7cc75825b0db7f1914235dee41718bd32ed3f688db,0.15000000596046448,0.018474046140909195,17.334381103515625,0.1300438940525055,0.00021705962717533112,36.63420867919922,0.9751105308532715,28.78921127319336,8.242719650268555,0.03227786719799042,33.281341552734375,1.2173124551773071,33.045127868652344,33.281341552734375,0.0048065185546875,0.525634765625
U-Tikhonov T16/CG32,412,2,0,synthetic://disk,geometry/disk.png/sigma_0.150,geometry,disk.png,120002,7857258e5183d682d876f68736683f6df789e0b9689292b104d2856a4b91b6a2,47fffa27443301825a14fd63a941e06c1bcbbe986a4ab7bbf4d7b91fffc28f42,0.15000000596046448,0.018330510705709457,17.368255615234375,0.15184386074543,0.00041313981637358665,33.83903121948242,0.970699667930603,28.178056716918945,8.972766876220703,0.006911028176546097,33.281341552734375,0.26557910442352295,33.029747009277344,33.281341552734375,0.0113983154296875,0.5185699462890625
U-Tikhonov T16/CG32,413,3,0,synthetic://triangle,geometry/triangle.png/sigma_0.150,geometry,triangle.png,120003,049531080ddc88147f5d85141fa42f562e23ea28cb9cec98167ea9aee093e1b5,7be1efc673471b6b66f81e23031bc7cbdd4963507dbf8c10370aa4309e8c227a,0.15000000596046448,0.018377475440502167,17.357141494750977,0.15105774998664856,0.00036531989462673664,34.373268127441406,0.968509316444397,27.503990173339844,9.63785457611084,0.0024800370447337627,33.281341552734375,0.23507261276245117,32.969146728515625,33.281341552734375,0.0123138427734375,0.5039825439453125
U-Tikhonov T16/CG32,414,4,0,synthetic://nested_rectangles,geometry/nested_rectangles.png/sigma_0.150,geometry,nested_rectangles.png,120004,13e7d9eb3793d137ce5fc6e419e2980ccaa68520dcbf0649f7388a0716d7318a,fe8c01635e7d659b7dd135a85da5df81aec8409768c9644930c5b337072bc087,0.15000000596046448,0.018300285562872887,17.375423431396484,0.21862663328647614,0.0006726481951773167,31.722122192382812,0.962260365486145,26.658374786376953,11.077195167541504,0.001325202640146017,33.281341552734375,0.06645099818706512,33.21443176269531,33.281341552734375,0.046844482421875,0.5642547607421875
U-Tikhonov T16/CG32,415,0,0,synthetic://square_gradient,geometry/square_gradient.png/sigma_0.200,geometry,square_gradient.png,120000,69d638ce9b8ea492be887d3cca9e04628775de3ace35db2af3b2a354abce36b9,329df26359bf779167ff14a2dec36b89a44c5a1449c11c0323a6aa51a375279e,0.20000000298023224,0.03136737644672394,15.035219192504883,0.13272278010845184,0.0009941535536199808,30.025466918945312,0.9390764236450195,24.302364349365234,10.39527702331543,0.008919899351894855,33.281341552734375,0.5205360054969788,29.438148498535156,33.281341552734375,0.0065460205078125,0.2718048095703125
U-Tikhonov T16/CG32,416,1,0,synthetic://step_edge,geometry/step_edge.png/sigma_0.200,geometry,step_edge.png,120001,46a0cfb6b125b4908cb2a16970e2041b41c21563e053b7790f33acb54949ff36,c94cf39f857f2f46b7bdaff4587302ab90239752e9e38b7f84df736fdda2d5e0,0.20000000298023224,0.029116984456777573,15.358535766601562,0.1081797331571579,0.000613690004684031,32.12051010131836,0.9607864022254944,28.453571319580078,8.677050590515137,0.022746704518795013,33.281341552734375,1.0004405975341797,33.056495666503906,33.281341552734375,0.0042572021484375,0.52764892578125
U-Tikhonov T16/CG32,417,2,0,synthetic://disk,geometry/disk.png/sigma_0.200,geometry,disk.png,120002,7857258e5183d682d876f68736683f6df789e0b9689292b104d2856a4b91b6a2,38dc9ed108b589e0540c4e888aa04be5a5fd5f3fd6b5ae7b8bab0602def23739,0.20000000298023224,0.028918933123350143,15.388177871704102,0.1240880936384201,0.00088320771465078,30.539371490478516,0.9544116258621216,28.161540985107422,9.120397567749023,0.00746849924325943,33.281341552734375,0.3080886900424957,33.09717559814453,33.281341552734375,0.0106048583984375,0.538238525390625
U-Tikhonov T16/CG32,418,3,0,synthetic://triangle,geometry/triangle.png/sigma_0.200,geometry,triangle.png,120003,049531080ddc88147f5d85141fa42f562e23ea28cb9cec98167ea9aee093e1b5,0acec794972311f6454e696cae572737706efa7bd1ac6f91794029caa85bcda3,0.20000000298023224,0.029010599479079247,15.374433517456055,0.12352502346038818,0.0008149708737619221,30.888578414916992,0.9520858526229858,27.69004249572754,9.650672912597656,0.0019546805415302515,33.281341552734375,0.2718906104564667,33.101478576660156,33.281341552734375,0.0114593505859375,0.53851318359375
U-Tikhonov T16/CG32,419,4,0,synthetic://nested_rectangles,geometry/nested_rectangles.png/sigma_0.200,geometry,nested_rectangles.png,120004,13e7d9eb3793d137ce5fc6e419e2980ccaa68520dcbf0649f7388a0716d7318a,8e637de2ea898bbce96d192755b1499cd1bc08c9e6b7c764cf6b1265f3e10095,0.20000000298023224,0.02893802523612976,15.385311126708984,0.1873975396156311,0.001298963325098157,28.864030838012695,0.9439359307289124,27.0865421295166,10.903722763061523,0.0034770462661981583,33.281341552734375,0.07649283111095428,33.25535202026367,33.281341552734375,0.0410308837890625,0.595672607421875
