method,idx,base_idx,crop_id,path,sample_id,dataset,image_name,noise_seed,clean_sha256,noisy_sha256,sigma,noisy_mse,noisy_psnr,noisy_ssim,recon_mse,recon_psnr,recon_ssim,lambda_mean,lambda_std,lambda_min,lambda_max,lambda_p01,lambda_median,lambda_p99,lambda_lower_saturation_fraction,lambda_upper_saturation_fraction
U-Tikhonov T4/CG32,0,0,0,/Users/kyrillguba/Documents/Data Analytics MSc/Thesis/Python/First Try/data/DIV2K/DIV2K_valid_HR/0801.png,div2k/0801.png/sigma_0.050,div2k,0801.png,20000,9ca598cce3296c3968a2f8f7685477f637dbdbbb9d4efb1cd418ca185bd31eef,23816f670e12ef763ffa26e17d479c22563b12b91b944922e6e872ff0e91ddd9,0.05000000074505806,0.002490886254236102,26.036462783813477,0.8823994398117065,0.0013695703819394112,28.634157180786133,0.930962085723877,0.5705785155296326,0.9785454869270325,0.0006359156686812639,8.320308685302734,0.01204626727849245,0.2759411036968231,5.770246505737305,0.1559295654296875,0.001434326171875
U-Tikhonov T4/CG32,1,1,0,/Users/kyrillguba/Documents/Data Analytics MSc/Thesis/Python/First Try/data/DIV2K/DIV2K_valid_HR/0802.png,div2k/0802.png/sigma_0.050,div2k,0802.png,20001,3177c80331fb32ceee70ac3ef64d2e56a1bce05ea8a9c0b664e2592552554742,d7445e9bbede99adf4b19b227f2355615e482ee7cff23a13638b786e6b30c394,0.05000000074505806,0.002405831590294838,26.187347412109375,0.9328572154045105,0.0009966909419745207,30.01439666748047,0.9718076586723328,0.4562889039516449,0.9456304907798767,0.0008111512870527804,8.320333480834961,0.010489370673894882,0.19431456923484802,5.895827293395996,0.2180023193359375,0.0012664794921875
U-Tikhonov T4/CG32,2,2,0,/Users/kyrillguba/Documents/Data Analytics MSc/Thesis/Python/First Try/data/DIV2K/DIV2K_valid_HR/0803.png,div2k/0803.png/sigma_0.050,div2k,0803.png,20002,671a4205d217354c075117f716a83d9a5ef2b4c921475de333f15ac8882c9356,b5a7166a3bd623d88ad5e32920e020aa9881a7f9602b957908661d9ad5911f05,0.05000000074505806,0.002532033249735832,25.965307235717773,0.7820858955383301,0.000564826768822968,32.4808464050293,0.9563550353050232,1.3575797080993652,1.5534281730651855,0.0002476319787092507,8.319397926330566,0.011482357047498226,0.8367190361022949,7.48220157623291,0.0858154296875,0.001220703125
U-Tikhonov T4/CG32,3,3,0,/Users/kyrillguba/Documents/Data Analytics MSc/Thesis/Python/First Try/data/DIV2K/DIV2K_valid_HR/0804.png,div2k/0804.png/sigma_0.050,div2k,0804.png,20003,f95563d4b6e58b102c165eeec7f7e1ba2608e12c3a331510949f0cce842149ea,8156d77cd656fb19dfebf51512b4d5696d40aeafb0bde5085e54bd36695252c2,0.05000000074505806,0.00246782717294991,26.076852798461914,0.8910704851150513,0.0011746595846489072,29.300880432128906,0.949919581413269,0.9360625743865967,1.9506206512451172,0.0003812173963524401,8.320335388183594,0.006268253084272146,0.23850353062152863,8.31850528717041,0.2312469482421875,0.030242919921875
U-Tikhonov T4/CG32,4,4,0,/Users/kyrillguba/Documents/Data Analytics MSc/Thesis/Python/First Try/data/DIV2K/DIV2K_valid_HR/0805.png,div2k/0805.png/sigma_0.050,div2k,0805.png,20004,bac34b49da4033070da28c152ece5c527c7274eafed4e320f3e7258274a93177,d733ca341fa83d639b60a0d5d843dcd82077f7873c9129c0080f5cd10352a039,0.05000000074505806,0.002380685182288289,26.232982635498047,0.8473595976829529,0.001118015730753541,29.515522003173828,0.9173191785812378,0.8710513114929199,1.1541582345962524,0.0005122736329212785,8.320328712463379,0.020026743412017822,0.46611344814300537,6.286678791046143,0.0825347900390625,0.0009765625
U-Tikhonov T4/CG32,5,5,0,/Users/kyrillguba/Documents/Data Analytics MSc/Thesis/Python/First Try/data/DIV2K/DIV2K_valid_HR/0806.png,div2k/0806.png/sigma_0.050,div2k,0806.png,20005,befc31ea0c7663db0351a7238adfea3153639f5dfa13cb7cacfd757a46539d49,f1db7de87fc069e24df1302f21e8934d1fe35cda4374b9a2915d579081ffa22f,0.05000000074505806,0.002493798965588212,26.031387329101562,0.7556111812591553,0.0006777922390028834,31.689035415649414,0.9431288838386536,2.080254316329956,2.330294370651245,0.0009030638029798865,8.320335388183594,0.02009950764477253,1.13986337184906,8.303770065307617,0.062774658203125,0.021636962890625
U-Tikhonov T4/CG32,6,6,0,/Users/kyrillguba/Documents/Data Analytics MSc/Thesis/Python/First Try/data/DIV2K/DIV2K_valid_HR/0807.png,div2k/0807.png/sigma_0.050,div2k,0807.png,20006,1e941eaeed69e78250491fe2c5b2f458f2f36301b8aa701227bd408f852fa572,1472dc7dc1cc2319794d51c25542091f03a175962d768447565a84affad77cfd,0.05000000074505806,0.002496341709047556,26.026958465576172,0.8193234205245972,0.001361447386443615,28.659992218017578,0.9134796857833862,1.4237091541290283,2.111501932144165,0.0003875768161378801,8.320335388183594,0.01823059841990471,0.4800162613391876,8.3109130859375,0.0913238525390625,0.0204010009765625
U-Tikhonov T4/CG32,7,7,0,/Users/kyrillguba/Documents/Data Analytics MSc/Thesis/Python/First Try/data/DIV2K/DIV2K_valid_HR/0808.png,div2k/0808.png/sigma_0.050,div2k,0808.png,20007,9666b1dba93f470d95570471f38f195acafae585deefb8498b5ebb625df94e78,d66335dc80e7b4534f5e2fb398b20473ab46ef15dfb587f54f4af7a3bb09f04b,0.05000000074505806,0.002448369050398469,26.111230850219727,0.619567334651947,0.0006160765769891441,32.10365676879883,0.9519734382629395,4.119453430175781,3.3692378997802734,0.00020220929582137614,8.320335388183594,0.013396010734140873,3.9207234382629395,8.320333480834961,0.0675811767578125,0.14898681640625
U-Tikhonov T4/CG32,8,8,0,/Users/kyrillguba/Documents/Data Analytics MSc/Thesis/Python/First Try/data/DIV2K/DIV2K_valid_HR/0809.png,div2k/0809.png/sigma_0.050,div2k,0809.png,20008,f57d7f591d2770efb0162e925acaaef8e4ce467e58b7a54d53de058959be9978,8903d3b02e67898ce2ed33bc80a2e01b939b43396cb49d7dd57604d18f78a597,0.05000000074505806,0.002490770537406206,26.036663055419922,0.8125088214874268,0.0009825710440054536,30.07636070251465,0.8984086513519287,0.8212616443634033,1.1688857078552246,0.0013437886955216527,8.31772232055664,0.026828205212950706,0.41647404432296753,6.4989800453186035,0.068084716796875,0.0004119873046875
U-Tikhonov T4/CG32,9,9,0,/Users/kyrillguba/Documents/Data Analytics MSc/Thesis/Python/First Try/data/DIV2K/DIV2K_valid_HR/0810.png,div2k/0810.png/sigma_0.050,div2k,0810.png,20009,50cf8d799292c4a6f6c23b4a8f1d0c08015da9c6e74d9109a31efdb1eb5d9df3,dcf29b2f5a250c88dd457f9bb2447b76c18db7a9927223d0768af7ff6648da6b,0.05000000074505806,0.002494839718565345,26.02957534790039,0.753049373626709,0.0008305227383971214,30.806486129760742,0.9227508306503296,1.4613378047943115,1.673801064491272,0.001873097731731832,8.319369316101074,0.028501998633146286,0.777702271938324,7.599572658538818,0.048980712890625,0.0019378662109375
U-Tikhonov T4/CG32,10,10,0,/Users/kyrillguba/Documents/Data Analytics MSc/Thesis/Python/First Try/data/DIV2K/DIV2K_valid_HR/0811.png,div2k/0811.png/sigma_0.050,div2k,0811.png,20010,ceab700e5944238d72f4ec94852a5ee6b9c353c54281c96ee7c6e9b9f2a16308,f3793a053731a43e46584eff4ba09ac27005d714369da0431660236cc1f7603d,0.05000000074505806,0.0023965993896126747,26.204044342041016,0.7875660061836243,0.001036795205436647,29.84307098388672,0.8915923237800598,1.5757832527160645,2.2469046115875244,0.001106818439438939,8.320335388183594,0.02482227049767971,0.5808215141296387,8.319214820861816,0.0695953369140625,0.0354461669921875
U-Tikhonov T4/CG32,11,11,0,/Users/kyrillguba/Documents/Data Analytics MSc/Thesis/Python/First Try/data/DIV2K/DIV2K_valid_HR/0812.png,div2k/0812.png/sigma_0.050,div2k,0812.png,20011,5f26939fc07611061a96f2a386a77ffd9251b83abf26ac7ecb5a44dcae97187b,919cc1a5d8a61b4c91c622ef576f74f9f44f8fb13fda2e0dfc41f0b357ad5295,0.05000000074505806,0.0024693645536899567,26.07415008544922,0.7905488014221191,0.0009558065794408321,30.19630241394043,0.9472970962524414,2.003045082092285,2.82611346244812,0.00021185644436627626,8.320335388183594,0.007367290090769529,0.4714911878108978,8.319108963012695,0.1638031005859375,0.0617218017578125
U-Tikhonov T4/CG32,12,12,0,/Users/kyrillguba/Documents/Data Analytics MSc/Thesis/Python/First Try/data/DIV2K/DIV2K_valid_HR/0813.png,div2k/0813.png/sigma_0.050,div2k,0813.png,20012,c34023db0a8b05fd8269a4d5afeb83670d5b08e7bce8d6c8cfe221a95b0e0b2f,09da1827ff8433374734cdb652e7754e505be3746d2bd8f568a47a328f217e48,0.05000000074505806,0.0023902326356619596,26.215599060058594,0.78742915391922,0.0008620163425803185,30.644845962524414,0.9480298161506653,2.054018020629883,2.7869250774383545,0.0003610720450524241,8.320335388183594,0.009552551433444023,0.6092244386672974,8.320327758789062,0.1372833251953125,0.067901611328125
U-Tikhonov T4/CG32,13,13,0,/Users/kyrillguba/Documents/Data Analytics MSc/Thesis/Python/First Try/data/DIV2K/DIV2K_valid_HR/0814.png,div2k/0814.png/sigma_0.050,div2k,0814.png,20013,9f544177fb7f24fc86ba1b0d9b9d0e664f093ce144600099ca215fbf1a3e3c25,5f24b789d2ca6124203a1a40f9b48b68594a011b101d6af1d89f4192185d3880,0.05000000074505806,0.0025069008115679026,26.008628845214844,0.5397735834121704,0.000518656859640032,32.851200103759766,0.9571081399917603,4.994468688964844,3.420311689376831,0.0004357448488008231,8.320335388183594,0.013449560850858688,6.803197860717773,8.320323944091797,0.07452392578125,0.216522216796875
U-Tikhonov T4/CG32,14,14,0,/Users/kyrillguba/Documents/Data Analytics MSc/Thesis/Python/First Try/data/DIV2K/DIV2K_valid_HR/0815.png,div2k/0815.png/sigma_0.050,div2k,0815.png,20014,d8f2b2b3496e52c1ec43e3c5e28732516b24990b8a2361d1876240ad562db395,4bc908074575a440446f8cf3cf4b30d18b358574fd90c38c20b3cb36ffacc0a7,0.05000000074505806,0.0024913474917411804,26.035659790039062,0.8415508270263672,0.0009077517897821963,30.420330047607422,0.9404895305633545,0.6686919927597046,0.9788030385971069,0.000707083847373724,8.3197603225708,0.013335702009499073,0.3562491536140442,5.484358787536621,0.1284332275390625,0.0004730224609375
U-Tikhonov T4/CG32,15,15,0,/Users/kyrillguba/Documents/Data Analytics MSc/Thesis/Python/First Try/data/DIV2K/DIV2K_valid_HR/0816.png,div2k/0816.png/sigma_0.050,div2k,0816.png,20015,f457e7c932a8730df29263aaf8e3c3a2e54e7e68e543a34cdbc085f7c21edf50,26270b5dfe84c0e73a8ff05bef9d9a014fb181dc56a27ac120957e965c51768f,0.05000000074505806,0.002437438815832138,26.130664825439453,0.7617701888084412,0.0007040792843326926,31.52378273010254,0.9371687173843384,2.2951364517211914,2.8601889610290527,0.001175269833765924,8.320335388183594,0.019627578556537628,0.7779241800308228,8.319567680358887,0.0737152099609375,0.0670166015625
U-Tikhonov T4/CG32,16,16,0,/Users/kyrillguba/Documents/Data Analytics MSc/Thesis/Python/First Try/data/DIV2K/DIV2K_valid_HR/0817.png,div2k/0817.png/sigma_0.050,div2k,0817.png,20016,b14c93dc0fd3fb833a2c04431c6af818313c8c6f744eb433dd1817a932b015cf,b801fc201be5316a38d52e45e3242185be6cfea63e2a2d06ec988398e7d15831,0.05000000074505806,0.0024598061572760344,26.090991973876953,0.7724976539611816,0.0008974054362624884,30.47011375427246,0.9349051713943481,2.1906399726867676,3.0162994861602783,0.0005464632413350046,8.320335388183594,0.014844140969216824,0.5511337518692017,8.320058822631836,0.114288330078125,0.1011505126953125
U-Tikhonov T4/CG32,17,17,0,/Users/kyrillguba/Documents/Data Analytics MSc/Thesis/Python/First Try/data/DIV2K/DIV2K_valid_HR/0818.png,div2k/0818.png/sigma_0.050,div2k,0818.png,20017,00f18d236ddc7fe3a937cdcb41ce31082a90c94b9370fc202c7dce18dd80ab2a,6e25b7b315cedeaf3b1345e37bb839678533ea4830e744337c069aa4068ebb47,0.05000000074505806,0.002381330356001854,26.23180389404297,0.7704674005508423,0.0009958267910405993,30.01816177368164,0.953974187374115,2.412653923034668,2.9383838176727295,0.00016792473616078496,8.320335388183594,0.007300886325538158,0.7043057680130005,8.31785774230957,0.1775360107421875,0.05078125
U-Tikhonov T4/CG32,18,18,0,/Users/kyrillguba/Documents/Data Analytics MSc/Thesis/Python/First Try/data/DIV2K/DIV2K_valid_HR/0819.png,div2k/0819.png/sigma_0.050,div2k,0819.png,20018,f7450c40d5c0aabdc2bd2a562302ca3993841849efca05e281ec4059186e528c,e2c9e38db76f472ef79bf0589b00d844dc99f0b0ae8f2b1ca50660bb265b55f3,0.05000000074505806,0.002463102340698242,26.085176467895508,0.8513132333755493,0.0011818335624411702,29.274436950683594,0.9168351888656616,0.9931983947753906,1.6350376605987549,0.00048733522999100387,8.320335388183594,0.01592615246772766,0.3921586871147156,8.236799240112305,0.1092071533203125,0.009979248046875
U-Tikhonov T4/CG32,19,19,0,/Users/kyrillguba/Documents/Data Analytics MSc/Thesis/Python/First Try/data/DIV2K/DIV2K_valid_HR/0820.png,div2k/0820.png/sigma_0.050,div2k,0820.png,20019,ab2cf6ba20cc18bafee4976e8be3cbf4a6db4afea570ef888fdebb8c8e0616f2,a89f9759efbd13f1463a714dee8f0c3be158bc9ea3ee9998e63b5873af574aba,0.05000000074505806,0.002383555518463254,26.22774887084961,0.9048423767089844,0.0022143973037600517,26.547443389892578,0.9220486283302307,1.4446452856063843,2.3231217861175537,0.00013377601862885058,8.320335388183594,0.003992844372987747,0.3624715507030487,8.32009506225586,0.2037200927734375,0.0363311767578125
U-Tikhonov T4/CG32,20,20,0,/Users/kyrillguba/Documents/Data Analytics MSc/Thesis/Python/First Try/data/DIV2K/DIV2K_valid_HR/0821.png,div2k/0821.png/sigma_0.050,div2k,0821.png,20020,ebd02fa51f1a3ee91b6ca90bb58a444e53385dd1193938609708b71bca4504a0,3a232b4dd1b631ac0900a77b50cf182680b0cbe53c61bcbf44525f847a188d37,0.05000000074505806,0.0023471133317798376,26.294660568237305,0.960415780544281,0.0021887850016355515,26.59796905517578,0.9661744832992554,0.8028284311294556,1.7501264810562134,0.00013901774946134537,8.320335388183594,0.0023735552094876766,0.13881108164787292,8.293364524841309,0.37774658203125,0.013916015625
U-Tikhonov T4/CG32,21,21,0,/Users/kyrillguba/Documents/Data Analytics MSc/Thesis/Python/First Try/data/DIV2K/DIV2K_valid_HR/0822.png,div2k/0822.png/sigma_0.050,div2k,0822.png,20021,86c801c8390b132b94a9efaeb7a9bad9acdd1212e41d91d44b44811708142963,0abc4f2e4adb5c790e30b77f7a3bc5fd1c970677069733ba10dea91d014706c6,0.05000000074505806,0.0024247164838016033,26.153392791748047,0.8965033292770386,0.0014266464859247208,28.456838607788086,0.9282101392745972,0.6139664053916931,1.1682759523391724,0.00036555316182784736,8.32032585144043,0.011269256472587585,0.2436457872390747,7.037814617156982,0.1870269775390625,0.0022735595703125
U-Tikhonov T4/CG32,22,22,0,/Users/kyrillguba/Documents/Data Analytics MSc/Thesis/Python/First Try/data/DIV2K/DIV2K_valid_HR/0823.png,div2k/0823.png/sigma_0.050,div2k,0823.png,20022,ec11d2cf0a95684902842094c84e0956a3cd35920ef85f25ba677348927a365c,ecc7e76080791daa092510c6d95769995451494bc6f21cdd23927f4c4d05ff61,0.05000000074505806,0.002477123634889722,26.060523986816406,0.6903771758079529,0.0009171529673039913,30.37558364868164,0.9552336931228638,3.481250524520874,3.613790512084961,0.0007392526604235172,8.320335388183594,0.011479338631033897,1.0217509269714355,8.32028865814209,0.133636474609375,0.1624298095703125
U-Tikhonov T4/CG32,23,23,0,/Users/kyrillguba/Documents/Data Analytics MSc/Thesis/Python/First Try/data/DIV2K/DIV2K_valid_HR/0824.png,div2k/0824.png/sigma_0.050,div2k,0824.png,20023,5ce7bdee523a1299c6a42c3adbb96d0e62c2f40266823753b8c042edb8b10495,5485e4487caf59442732dd248ecdc0446d1a6a3cea2e30f31057a1f1d926dfda,0.05000000074505806,0.0024936094414442778,26.031719207763672,0.7650009393692017,0.0009117968729697168,30.401020050048828,0.9398483037948608,2.0533013343811035,2.6146204471588135,0.0002539385750424117,8.320335388183594,0.004884026013314724,0.7743455767631531,8.318039894104004,0.1900787353515625,0.0355682373046875
U-Tikhonov T4/CG32,24,24,0,/Users/kyrillguba/Documents/Data Analytics MSc/Thesis/Python/First Try/data/DIV2K/DIV2K_valid_HR/0825.png,div2k/0825.png/sigma_0.050,div2k,0825.png,20024,0403db62808d832f7764170e8df2b8c78ad826e2a93d809f8cf6d018258b011a,bc6e5a307dbe58a3621972b9537080fd5f3d2199cb2f68c5d046aa5060925204,0.05000000074505806,0.002457178197801113,26.09563636779785,0.8984700441360474,0.0013145717093721032,28.812158584594727,0.9416837692260742,0.868577241897583,1.6298962831497192,0.00022483873181045055,8.320335388183594,0.004528216551989317,0.2323881983757019,8.198602676391602,0.2779083251953125,0.0086517333984375
U-Tikhonov T4/CG32,25,25,0,/Users/kyrillguba/Documents/Data Analytics MSc/Thesis/Python/First Try/data/DIV2K/DIV2K_valid_HR/0826.png,div2k/0826.png/sigma_0.050,div2k,0826.png,20025,b7fba61bcca359e5581b44283bbc34696cae71321e031969411ada23b17e2199,e4bbce3def7d8405d4344ccbb87a3e3514d162c19ded7bdc83423dff8e63a86f,0.05000000074505806,0.0024615353904664516,26.087940216064453,0.7617788314819336,0.0009141551563516259,30.389802932739258,0.9367949962615967,2.966175079345703,3.250067949295044,0.00016655870422255248,8.320335388183594,0.012561226263642311,1.0880932807922363,8.320328712463379,0.0952606201171875,0.1137237548828125
U-Tikhonov T4/CG32,26,26,0,/Users/kyrillguba/Documents/Data Analytics MSc/Thesis/Python/First Try/data/DIV2K/DIV2K_valid_HR/0827.png,div2k/0827.png/sigma_0.050,div2k,0827.png,20026,1a1d5ffbd89d79d7803cf86e2d8f6c75cd146872fd61e387fec71a904e384317,1496c25e0335fbb79b8ec66d7b213d8f9234cac6e48041bba99e2e5d80e935e7,0.05000000074505806,0.0023136702366173267,26.356985092163086,0.5827498435974121,0.00041652118670754135,33.80363082885742,0.8968322277069092,3.132342576980591,2.6269500255584717,0.0010479200864210725,8.320335388183594,0.031404826790094376,2.3044567108154297,8.3115234375,0.032073974609375,0.030029296875
U-Tikhonov T4/CG32,27,27,0,/Users/kyrillguba/Documents/Data Analytics MSc/Thesis/Python/First Try/data/DIV2K/DIV2K_valid_HR/0828.png,div2k/0828.png/sigma_0.050,div2k,0828.png,20027,3b7551ae7f737167932c3230707f7075368102b6732eb16bfe514fd471223ea4,7013204f2c9f35f44744aaf82ea3ca5f9bf7e7dd407635e6aaf84ccf14ef53ec,0.05000000074505806,0.0021302225068211555,26.71575164794922,0.8599305152893066,0.0020241406746208668,26.93759536743164,0.9144008159637451,2.2627711296081543,3.0501067638397217,0.00015542373876087368,8.320335388183594,0.003448661882430315,0.4133766293525696,8.320157051086426,0.23883056640625,0.0798797607421875
U-Tikhonov T4/CG32,28,28,0,/Users/kyrillguba/Documents/Data Analytics MSc/Thesis/Python/First Try/data/DIV2K/DIV2K_valid_HR/0829.png,div2k/0829.png/sigma_0.050,div2k,0829.png,20028,7fef744df96a3f5b2077c74a59929852deb533e35d4804c7c745471471543ed7,8dd35903bf87baf7f5d0c90ed7a0cac8466aafd566d5b31b5cc24ba8dcbe1932,0.05000000074505806,0.0024739063810557127,26.0661678314209,0.724089503288269,0.0006242789095267653,32.04621505737305,0.9331170320510864,2.0506722927093506,2.5230276584625244,0.00017006503185257316,8.320335388183594,0.009135895408689976,0.8719125390052795,8.308250427246094,0.0968475341796875,0.0270233154296875
U-Tikhonov T4/CG32,29,29,0,/Users/kyrillguba/Documents/Data Analytics MSc/Thesis/Python/First Try/data/DIV2K/DIV2K_valid_HR/0830.png,div2k/0830.png/sigma_0.050,div2k,0830.png,20029,33405798eea5a2bbd23d383a107f9127b4f5d220ad2d443bdb05db6049757a90,8b55cf2a7df2326b1fa79cbd98f9e02a3cb8714c7a9b4b166d2b7b5745e86e0f,0.05000000074505806,0.00250443397089839,26.01290512084961,0.6986998319625854,0.000883821165189147,30.53635597229004,0.9076156616210938,3.0387473106384277,3.1057231426239014,0.0003160984197165817,8.320335388183594,0.014386571943759918,1.5701768398284912,8.320036888122559,0.07989501953125,0.0865478515625
U-Tikhonov T4/CG32,30,30,0,/Users/kyrillguba/Documents/Data Analytics MSc/Thesis/Python/First Try/data/DIV2K/DIV2K_valid_HR/0831.png,div2k/0831.png/sigma_0.050,div2k,0831.png,20030,37f625cf3b90622b2047f8f9b3e488dcb450cde9c639eb5f94e082ec5148792e,ed393efe56b6e94d5303c71ffa8d1c570e7f6ec97a04942870be360ce991e261,0.05000000074505806,0.002373534720391035,26.246044158935547,0.8587419986724854,0.0011438766960054636,29.416208267211914,0.9367019534111023,0.9765802025794983,1.5218799114227295,0.00020814230083487928,8.320335388183594,0.0073461104184389114,0.3855264186859131,7.9331488609313965,0.1602935791015625,0.0055999755859375
U-Tikhonov T4/CG32,31,31,0,/Users/kyrillguba/Documents/Data Analytics MSc/Thesis/Python/First Try/data/DIV2K/DIV2K_valid_HR/0832.png,div2k/0832.png/sigma_0.050,div2k,0832.png,20031,678db3c6c13225750b6bb2ae62b3e9ffdbdb3491d462fa2451e73fea851ed64c,47467aa6d888ca85dda510d65c606bd0aa4cf5af67585f34ee3df773785323c9,0.05000000074505806,0.0023926645517349243,26.211181640625,0.8460536003112793,0.0010660419939085841,29.72225570678711,0.9442917108535767,1.393863558769226,2.2315313816070557,0.0001359709131065756,8.320335388183594,0.006824107840657234,0.39937713742256165,8.319063186645508,0.1820068359375,0.0322418212890625
U-Tikhonov T4/CG32,32,32,0,/Users/kyrillguba/Documents/Data Analytics MSc/Thesis/Python/First Try/data/DIV2K/DIV2K_valid_HR/0833.png,div2k/0833.png/sigma_0.050,div2k,0833.png,20032,196e9aedca5a8ddb4904ed57c8a1a32e080164df130d093fbc86da6222f32553,3a714a2b62205ca61f3147b1676b945f820fff3acefe2f1e55754483d340f161,0.05000000074505806,0.00242267781868577,26.157045364379883,0.6686140298843384,0.0006618174957111478,31.792619705200195,0.9636040925979614,3.7024738788604736,3.433915853500366,0.0002896827063523233,8.320335388183594,0.011186524294316769,2.167670726776123,8.320140838623047,0.0938568115234375,0.1491546630859375
U-Tikhonov T4/CG32,33,33,0,/Users/kyrillguba/Documents/Data Analytics MSc/Thesis/Python/First Try/data/DIV2K/DIV2K_valid_HR/0834.png,div2k/0834.png/sigma_0.050,div2k,0834.png,20033,43cd5d3407a2ec5d9396c0ba9f3595990830fe17adfb5b3d69777dc489012502,61622438cf56b44c080308b60b9dbca7cbeb3de3d5186d8c7b7611b2a68bca64,0.05000000074505806,0.002312642754986882,26.358917236328125,0.7481876611709595,0.0008413611212745309,30.75017738342285,0.9401258230209351,2.59794545173645,3.0879952907562256,0.00028558343183249235,8.320335388183594,0.010987677611410618,0.8294634819030762,8.320335388183594,0.107696533203125,0.09405517578125
U-Tikhonov T4/CG32,34,34,0,/Users/kyrillguba/Documents/Data Analytics MSc/Thesis/Python/First Try/data/DIV2K/DIV2K_valid_HR/0835.png,div2k/0835.png/sigma_0.050,div2k,0835.png,20034,80084574e021b9b385517a807fa4f62735358952d97592c2b192db98626e086c,ac0456d334a23b93ce7076b589a2ce6ca09ccd6153ea523a2500c6640e4c869d,0.05000000074505806,0.002499223919585347,26.021947860717773,0.8371410369873047,0.0012762622209265828,28.940601348876953,0.9046413898468018,1.0137097835540771,1.431148886680603,0.0005184351466596127,8.320334434509277,0.017270464450120926,0.4789608418941498,7.273533821105957,0.089935302734375,0.00152587890625
U-Tikhonov T4/CG32,35,35,0,/Users/kyrillguba/Documents/Data Analytics MSc/Thesis/Python/First Try/data/DIV2K/DIV2K_valid_HR/0836.png,div2k/0836.png/sigma_0.050,div2k,0836.png,20035,d774c40f160da761b384b399f5636cb3cfecf88e2cc5d41c78f575c3bea500af,284ad2931c3bc6507b40bf59c3b64e8f4f92a43ba361f4c4bcc52deb37a25042,0.05000000074505806,0.0023897746577858925,26.2164306640625,0.8066840171813965,0.0010226750746369362,29.902626037597656,0.9528382420539856,2.062701463699341,3.0008838176727295,0.00016784788749646395,8.320335388183594,0.008082639425992966,0.44432348012924194,8.320301055908203,0.153411865234375,0.0938873291015625
U-Tikhonov T4/CG32,36,36,0,/Users/kyrillguba/Documents/Data Analytics MSc/Thesis/Python/First Try/data/DIV2K/DIV2K_valid_HR/0837.png,div2k/0837.png/sigma_0.050,div2k,0837.png,20036,af3a3f14f10fd37d750995ae36a4d7d4e23e7343e1fc6fb8ddf8342f79d68d35,6cc924ebeb60b7d740054d877327520def456c30af4fa1f4e8498d79a786a6b0,0.05000000074505806,0.0024176565930247307,26.16605567932129,0.9131945371627808,0.001368866884149611,28.636388778686523,0.9519954323768616,0.5622643828392029,1.152275800704956,0.00021152901172172278,8.320335388183594,0.006013891659677029,0.19609075784683228,7.146748065948486,0.2551422119140625,0.0027923583984375
U-Tikhonov T4/CG32,37,37,0,/Users/kyrillguba/Documents/Data Analytics MSc/Thesis/Python/First Try/data/DIV2K/DIV2K_valid_HR/0838.png,div2k/0838.png/sigma_0.050,div2k,0838.png,20037,a419adae2a9bbcb7b328e0e98815224877487f12f01cec7bd572e3a61b346f36,6aab86b91d97f60d52dbd058e8e6d9e47d5ff5cd6bf8b95911b13477fdda9a69,0.05000000074505806,0.002457757480442524,26.0946102142334,0.7100621461868286,0.00040932773845270276,33.87928771972656,0.9558300375938416,2.412832260131836,2.7920432090759277,0.0008805548422969878,8.320335388183594,0.02662818506360054,1.0434424877166748,8.320287704467773,0.0424041748046875,0.072967529296875
U-Tikhonov T4/CG32,38,38,0,/Users/kyrillguba/Documents/Data Analytics MSc/Thesis/Python/First Try/data/DIV2K/DIV2K_valid_HR/0839.png,div2k/0839.png/sigma_0.050,div2k,0839.png,20038,9ed3b7789f4dcc0b1bfd3a6e2391350b33a63a89353a3bd50f5bde4b89d2f647,03311d059cb2afa72a656566e0b5ec099e92358e9b13a7c9c37e17bee9ec6340,0.05000000074505806,0.0019779247231781483,27.03790283203125,0.6088687181472778,0.0008945006411522627,30.48419189453125,0.6740216612815857,3.12015438079834,3.3908133506774902,0.00026676879497244954,8.320335388183594,0.018934613093733788,0.8689951300621033,8.320252418518066,0.0769195556640625,0.1043853759765625
U-Tikhonov T4/CG32,39,39,0,/Users/kyrillguba/Documents/Data Analytics MSc/Thesis/Python/First Try/data/DIV2K/DIV2K_valid_HR/0840.png,div2k/0840.png/sigma_0.050,div2k,0840.png,20039,df4e88246e2af519b1c29adccc7944ac0f8568e6a1ef7d65c39dc4fcd2a3dd5b,7c59d425d11ee77210f9205919da2169594e2a28ce6661dc2350be70d12d18a0,0.05000000074505806,0.0024346939753741026,26.135557174682617,0.8944105505943298,0.001244838465936482,29.048870086669922,0.9381839632987976,0.5897141098976135,0.9573106169700623,0.0003637947083916515,8.316180229187012,0.013668266125023365,0.2994993329048157,5.555688858032227,0.12841796875,0.0005950927734375
U-Tikhonov T4/CG32,40,40,0,/Users/kyrillguba/Documents/Data Analytics MSc/Thesis/Python/First Try/data/DIV2K/DIV2K_valid_HR/0841.png,div2k/0841.png/sigma_0.050,div2k,0841.png,20040,b85a5c827a7d17dab432c8f79abc120715b867e00f3bcbe182f90d6c23ecff6f,8fe200eca4b5b5242df4bc0de21335521f30c97ede9eb74fc53a2b7d9f56c88e,0.05000000074505806,0.002478003269061446,26.05898094177246,0.7327069044113159,0.0008816620102152228,30.546979904174805,0.9215813875198364,2.079511880874634,2.5566296577453613,0.0005230452516116202,8.320335388183594,0.01464852038770914,0.8443897366523743,8.317466735839844,0.095703125,0.0335845947265625
U-Tikhonov T4/CG32,41,41,0,/Users/kyrillguba/Documents/Data Analytics MSc/Thesis/Python/First Try/data/DIV2K/DIV2K_valid_HR/0842.png,div2k/0842.png/sigma_0.050,div2k,0842.png,20041,e0fe2755785538efb2ac1c7a4fc4e854d8206a8f09b68ac1931f0544c3e7cc53,beda00ff8db42d4b589f7378d3e25b21007f8885570daf4c565c0337c785048a,0.05000000074505806,0.00240309233777225,26.19229507446289,0.7688649892807007,0.0007927087135612965,31.00886344909668,0.9345241785049438,1.692458152770996,2.185265064239502,0.00038436782779172063,8.320335388183594,0.012055778875946999,0.7585124373435974,8.297484397888184,0.0989837646484375,0.018096923828125
U-Tikhonov T4/CG32,42,42,0,/Users/kyrillguba/Documents/Data Analytics MSc/Thesis/Python/First Try/data/DIV2K/DIV2K_valid_HR/0843.png,div2k/0843.png/sigma_0.050,div2k,0843.png,20042,8d4db85adca20e5911d117b4bb54fdfb3f22b2a02cceb14242bb7540955f6140,35d05bad930e78acf4ef2cb816eca7463834e674af53f848c7dbaadb73084f68,0.05000000074505806,0.0021504508331418037,26.674707412719727,0.4611368179321289,0.00021270393335726112,36.72224426269531,0.9797415733337402,6.368116855621338,3.0402684211730957,0.00017472676699981093,8.320335388183594,0.01681436039507389,8.092353820800781,8.320335388183594,0.0511474609375,0.3748779296875
U-Tikhonov T4/CG32,43,43,0,/Users/kyrillguba/Documents/Data Analytics MSc/Thesis/Python/First Try/data/DIV2K/DIV2K_valid_HR/0844.png,div2k/0844.png/sigma_0.050,div2k,0844.png,20043,15c2150d7c67049e1e35243bac1a1a68c6f0e57215592b78ed9b74e130ed1370,54e704e5fefca2dce105a38946c8722391d376a9b4bda2d175503937d9443db5,0.05000000074505806,0.00241699512116611,26.16724395751953,0.5474591255187988,0.00030738746863789856,35.123138427734375,0.9373568296432495,4.057035446166992,3.1038661003112793,0.00016166600107681006,8.320335388183594,0.022768350318074226,3.2521867752075195,8.320318222045898,0.032806396484375,0.1335906982421875
U-Tikhonov T4/CG32,44,44,0,/Users/kyrillguba/Documents/Data Analytics MSc/Thesis/Python/First Try/data/DIV2K/DIV2K_valid_HR/0845.png,div2k/0845.png/sigma_0.050,div2k,0845.png,20044,3afec5a048f16903b44498719256567f9874b218bd408f06ae16848d5bfd4779,787c55ff16cedc70877931e779b270a9714da1b1ff66e29c8b238f45f9089a82,0.05000000074505806,0.002203594194725156,26.568683624267578,0.7407160401344299,0.0012220896314829588,29.128969192504883,0.9354552030563354,3.084808826446533,3.3866336345672607,0.00014259712770581245,8.320335388183594,0.0046901884488761425,1.065239667892456,8.320334434509277,0.164215087890625,0.138519287109375
U-Tikhonov T4/CG32,45,45,0,/Users/kyrillguba/Documents/Data Analytics MSc/Thesis/Python/First Try/data/DIV2K/DIV2K_valid_HR/0846.png,div2k/0846.png/sigma_0.050,div2k,0846.png,20045,bfa025022780e8b45b7d8ca41bf0c1aa0ef062e997a3e07e7b0b4766072a0c65,0adbf774efd417a8fd418e7c5104d799b1f00bb3095edb86e4e8ab2dfa026b37,0.05000000074505806,0.002105560153722763,26.76632308959961,0.8011387586593628,0.0015937465941533446,27.975807189941406,0.9260908961296082,2.4351563453674316,3.1911847591400146,0.0003606312384363264,8.320335388183594,0.009032676927745342,0.5400248169898987,8.320327758789062,0.143798828125,0.1040802001953125
U-Tikhonov T4/CG32,46,46,0,/Users/kyrillguba/Documents/Data Analytics MSc/Thesis/Python/First Try/data/DIV2K/DIV2K_valid_HR/0847.png,div2k/0847.png/sigma_0.050,div2k,0847.png,20046,a03ac31eb9aa42c51d2ec103e996158d3f7890d32752d0e5a0bece66c7f0a096,f7a15c06ecc295897dcb2e920759c7d2b39e632ddbc05f39f62443e6f2d07c47,0.05000000074505806,0.0023024985566735268,26.378005981445312,0.8615671396255493,0.0011832452146336436,29.26925277709961,0.9525934457778931,1.8965224027633667,2.784402370452881,0.00020073264022357762,8.320335388183594,0.0054701752960681915,0.3984944224357605,8.320334434509277,0.2076416015625,0.07012939453125
U-Tikhonov T4/CG32,47,47,0,/Users/kyrillguba/Documents/Data Analytics MSc/Thesis/Python/First Try/data/DIV2K/DIV2K_valid_HR/0848.png,div2k/0848.png/sigma_0.050,div2k,0848.png,20047,226e619ed1295a7c7b4eb9d622c6124c81ba03e21362bb8eee67e67dced25224,efa2172a3a1dd6cd91b1b9a07f06d0811453ba7dedba5ff3c724a98f91ceee0f,0.05000000074505806,0.002366595435887575,26.258758544921875,0.8601237535476685,0.0009694665786810219,30.134674072265625,0.951015830039978,1.083242416381836,1.8080110549926758,0.00015776095096953213,8.320335388183594,0.0060910810716450214,0.367773175239563,8.30173110961914,0.1963348388671875,0.0146636962890625
U-Tikhonov T4/CG32,48,48,0,/Users/kyrillguba/Documents/Data Analytics MSc/Thesis/Python/First Try/data/DIV2K/DIV2K_valid_HR/0849.png,div2k/0849.png/sigma_0.050,div2k,0849.png,20048,2c70dd5654b23e4a9ab11865c6c70e3077823c4972ad389deddc84dd9edc36b8,812c07076778f64508761453798502e38c6faad3cecffd799395e10f24d49b2e,0.05000000074505806,0.0024144914932549,26.171743392944336,0.9492175579071045,0.0019622049294412136,27.072555541992188,0.9602612257003784,0.48058563470840454,1.1029349565505981,0.00012107559450669214,8.320334434509277,0.003115422558039427,0.13394075632095337,6.825267791748047,0.362396240234375,0.002105712890625
U-Tikhonov T4/CG32,49,49,0,/Users/kyrillguba/Documents/Data Analytics MSc/Thesis/Python/First Try/data/DIV2K/DIV2K_valid_HR/0850.png,div2k/0850.png/sigma_0.050,div2k,0850.png,20049,b0e8b344c318dfae08640e56c0b52ec6df0909ea2a5c7128b8b44308511dabe7,c58c027afbe1f7160eae9abc4d0d74aea25e91e356b752d3e1e2acb9dd2b25b1,0.05000000074505806,0.0024805485736578703,26.054523468017578,0.8018345832824707,0.0008571097860112786,30.669635772705078,0.9340910911560059,1.7046186923980713,2.3418424129486084,0.0004163264820817858,8.320335388183594,0.014327175915241241,0.664499044418335,8.320184707641602,0.09832763671875,0.0446319580078125
U-Tikhonov T4/CG32,50,50,0,/Users/kyrillguba/Documents/Data Analytics MSc/Thesis/Python/First Try/data/DIV2K/DIV2K_valid_HR/0851.png,div2k/0851.png/sigma_0.050,div2k,0851.png,20050,6cd623610d71351bd69a4193263bc448cd15272dcfd17f66224ecc57d176c5d0,3c106b758572323bd824bc5a7c10ef69bf0bb6f2d4c116d1984d1ba198b915d8,0.05000000074505806,0.002428226638585329,26.14710807800293,0.6372339129447937,0.0006194590823724866,32.07987594604492,0.9645718336105347,4.418887615203857,3.6068530082702637,0.0003167249960824847,8.320335388183594,0.007442079484462738,5.200078964233398,8.320335388183594,0.1142120361328125,0.2411346435546875
U-Tikhonov T4/CG32,51,51,0,/Users/kyrillguba/Documents/Data Analytics MSc/Thesis/Python/First Try/data/DIV2K/DIV2K_valid_HR/0852.png,div2k/0852.png/sigma_0.050,div2k,0852.png,20051,73b3c50a05a0fcb1a26fb8f3d88ebc57fe34409f6e6d0d125e46c18d90cca3a1,4ce54e8621ce4f5257ecb630b4daea9067dfad4a58b54393e8e18482ffa73ce6,0.05000000074505806,0.0017825127579271793,27.489673614501953,0.5970467329025269,0.000623394618742168,32.052371978759766,0.7586177587509155,2.6411821842193604,2.501483917236328,0.0012565271463245153,8.320335388183594,0.04816260188817978,1.663297176361084,8.302949905395508,0.023895263671875,0.0243988037109375
U-Tikhonov T4/CG32,52,52,0,/Users/kyrillguba/Documents/Data Analytics MSc/Thesis/Python/First Try/data/DIV2K/DIV2K_valid_HR/0853.png,div2k/0853.png/sigma_0.050,div2k,0853.png,20052,e9eb55fc2bc1bcfd2fad63122c380357a672f2b9f14b61a7547da796324e10c2,c4ddc83133c81f82df55fcd98380e6d24f8bab15fb2b858671b54562d377c806,0.05000000074505806,0.002295798622071743,26.390663146972656,0.6024793386459351,0.0004945665714330971,33.05775451660156,0.9495501518249512,4.156498908996582,3.49587345123291,0.0006556219886988401,8.320335388183594,0.01666121929883957,3.6692419052124023,8.320328712463379,0.0648193359375,0.181488037109375
U-Tikhonov T4/CG32,53,53,0,/Users/kyrillguba/Documents/Data Analytics MSc/Thesis/Python/First Try/data/DIV2K/DIV2K_valid_HR/0854.png,div2k/0854.png/sigma_0.050,div2k,0854.png,20053,dbefb08aac7a5ad65da8e59ab21cbb0e921c9ad6da4d670be4cb2a982a3e2ffe,ee82022d69ec65f113006151c0964c1ce0401ec3b9c05faa531c924cc453f28e,0.05000000074505806,0.0024929214268922806,26.032915115356445,0.7780815362930298,0.0011694205459207296,29.320293426513672,0.9405107498168945,2.1449153423309326,3.0486862659454346,0.000228028220590204,8.320335388183594,0.009057761169970036,0.45439156889915466,8.32027816772461,0.1409759521484375,0.0860137939453125
U-Tikhonov T4/CG32,54,54,0,/Users/kyrillguba/Documents/Data Analytics MSc/Thesis/Python/First Try/data/DIV2K/DIV2K_valid_HR/0855.png,div2k/0855.png/sigma_0.050,div2k,0855.png,20054,9e2b3caa326eef35864ca6323728491aaf77f5232b3a1b7435275b7a4b5bc314,224e93d4c6e4499718b0c65e9f9dc75bfff8c9849e40711398f500fcb0e1344c,0.05000000074505806,0.0024242037907242775,26.154308319091797,0.7343929409980774,0.0008001279784366488,30.968406677246094,0.9234333038330078,2.0949201583862305,2.3979408740997314,0.0014090726617723703,8.320335388183594,0.022853808477520943,1.0772701501846313,8.312772750854492,0.052032470703125,0.029052734375
U-Tikhonov T4/CG32,55,55,0,/Users/kyrillguba/Documents/Data Analytics MSc/Thesis/Python/First Try/data/DIV2K/DIV2K_valid_HR/0856.png,div2k/0856.png/sigma_0.050,div2k,0856.png,20055,66cf31de43a337537e663db0aecf5dd0004e87a0fbe2bd2cdc7ed9a8b4a93ece,62ea9274995afc0d0ba793d444a4eca4cd474404f25acb13a3902506fcfc2ec5,0.05000000074505806,0.0024465948808938265,26.1143798828125,0.7071712613105774,0.0009698408539406955,30.132997512817383,0.8591098785400391,1.880140781402588,2.435553550720215,0.002603966509923339,8.320333480834961,0.035307470709085464,0.778632402420044,8.317000389099121,0.0421905517578125,0.0404205322265625
U-Tikhonov T4/CG32,56,56,0,/Users/kyrillguba/Documents/Data Analytics MSc/Thesis/Python/First Try/data/DIV2K/DIV2K_valid_HR/0857.png,div2k/0857.png/sigma_0.050,div2k,0857.png,20056,ab895c24c3f27bd01daebb297e1995e3f7eaba3372e5cc7e32fb98edb3dfd93b,673be55e35caf9556009ef5b290c84ca55946414b7437036ce7a684e731ab7d2,0.05000000074505806,0.002511989325284958,25.99982261657715,0.6884675025939941,0.00033208809327334166,34.78746795654297,0.9533758163452148,2.2744970321655273,1.9553595781326294,0.0012388022150844336,8.31978702545166,0.030452629551291466,1.707902431488037,8.092621803283691,0.0279388427734375,0.00457763671875
U-Tikhonov T4/CG32,57,57,0,/Users/kyrillguba/Documents/Data Analytics MSc/Thesis/Python/First Try/data/DIV2K/DIV2K_valid_HR/0858.png,div2k/0858.png/sigma_0.050,div2k,0858.png,20057,69c3c9a846793f1dd2cda90db3fba707412671412126cd1eaad1496e784f7c0e,9a3fedb0e7da6c4cb13c4aa3be8292d1decc9118fb09e54e5d4f940963c19b8a,0.05000000074505806,0.002182303462177515,26.610849380493164,0.7960816621780396,0.0010514403693377972,29.782154083251953,0.8760977983474731,1.5018997192382812,2.024491786956787,0.0006735780043527484,8.320335388183594,0.01895415596663952,0.6184832453727722,8.22672176361084,0.08209228515625,0.009368896484375
U-Tikhonov T4/CG32,58,58,0,/Users/kyrillguba/Documents/Data Analytics MSc/Thesis/Python/First Try/data/DIV2K/DIV2K_valid_HR/0859.png,div2k/0859.png/sigma_0.050,div2k,0859.png,20058,0783919bca182fbd4ec27a809e6b7e6c58e89fddb3d3ef3d1bd5c807651c9a53,fcf822cfa8424f9b9c84b5035a72e071539cb531dffee6d54e3f00d3c550a601,0.05000000074505806,0.0025279473047703505,25.972320556640625,0.8422619104385376,0.0012588133104145527,29.00038719177246,0.9187585115432739,1.2433420419692993,1.8462269306182861,0.0003232892486266792,8.320335388183594,0.01416312251240015,0.46787646412849426,8.200692176818848,0.110809326171875,0.0084381103515625
U-Tikhonov T4/CG32,59,59,0,/Users/kyrillguba/Documents/Data Analytics MSc/Thesis/Python/First Try/data/DIV2K/DIV2K_valid_HR/0860.png,div2k/0860.png/sigma_0.050,div2k,0860.png,20059,6323c40a5d11f381b901e87cf8f54d9578bc32be44b9350ac5386eb44224de4a,c71c04fcfb6b74e55325e34a45c1c3ca5d8a987657eb8863649b82696952b358,0.05000000074505806,0.0024339123629033566,26.136951446533203,0.9106051325798035,0.0017662057653069496,27.529586791992188,0.9238961935043335,0.6241583824157715,1.082621693611145,0.00033764983527362347,8.319482803344727,0.01046586874872446,0.2848733067512512,6.457279205322266,0.15545654296875,0.0008697509765625
U-Tikhonov T4/CG32,60,60,0,/Users/kyrillguba/Documents/Data Analytics MSc/Thesis/Python/First Try/data/DIV2K/DIV2K_valid_HR/0861.png,div2k/0861.png/sigma_0.050,div2k,0861.png,20060,c3df240f2bf2bcdcdc9060b4ba3b0dd6324594f485ce3ee2d407f0b5364d72d7,8839bdd16fcb8d9dc749ec4fba288f25ca0dc583156fc136316fb9ae87610e10,0.05000000074505806,0.0020175748504698277,26.951704025268555,0.8055756092071533,0.0012741771060973406,28.947704315185547,0.8853769302368164,1.802340030670166,2.3732779026031494,0.0002440070966258645,8.320335388183594,0.006410205736756325,0.6354424357414246,8.319639205932617,0.164764404296875,0.0281982421875
U-Tikhonov T4/CG32,61,61,0,/Users/kyrillguba/Documents/Data Analytics MSc/Thesis/Python/First Try/data/DIV2K/DIV2K_valid_HR/0862.png,div2k/0862.png/sigma_0.050,div2k,0862.png,20061,b28039f4ed1566ad4bef028589288dfa1cf33c4b676694010eb5d0d9f228ef50,978a7b813eafffc3aa259f7f1d4c268f8c390f58f7b2ffe9b6706c1a191e7bda,0.05000000074505806,0.0025069513358175755,26.008541107177734,0.5648969411849976,0.00033099669963121414,34.80176544189453,0.9375922679901123,4.328699111938477,3.276711940765381,0.0009840881684795022,8.320335388183594,0.06283096224069595,3.831430435180664,8.32006549835205,0.015716552734375,0.165557861328125
U-Tikhonov T4/CG32,62,62,0,/Users/kyrillguba/Documents/Data Analytics MSc/Thesis/Python/First Try/data/DIV2K/DIV2K_valid_HR/0863.png,div2k/0863.png/sigma_0.050,div2k,0863.png,20062,69a9aeec52e386294dc8c778c0d11c7f842f0960ca488aa898c25c50220c823a,c5b360385124b0b9db466d8df7c65a52c9f7b40b24ea0989ea1251fe9b9e974c,0.05000000074505806,0.0024539162404835224,26.101402282714844,0.7052394151687622,0.0006656592595390975,31.767480850219727,0.9547368288040161,2.839855194091797,3.4382901191711426,0.00046580322668887675,8.320335388183594,0.013811393640935421,0.5619547367095947,8.320330619812012,0.1338043212890625,0.1381378173828125
U-Tikhonov T4/CG32,63,63,0,/Users/kyrillguba/Documents/Data Analytics MSc/Thesis/Python/First Try/data/DIV2K/DIV2K_valid_HR/0864.png,div2k/0864.png/sigma_0.050,div2k,0864.png,20063,fb786dffb18452c590dd1e18bebeea18d1c1bec24fd9d36d75ba35ad6c8a81d3,f18d1da23718072040022a8b39a5ed0e4862a23ffc29a83502f4179a0f193a89,0.05000000074505806,0.0024664667434990406,26.079246520996094,0.8392430543899536,0.0009036599076353014,30.439950942993164,0.9296377301216125,1.026586651802063,1.5640355348587036,0.0014144108863547444,8.320335388183594,0.023240307345986366,0.46514156460762024,8.157732009887695,0.0742950439453125,0.0075531005859375
U-Tikhonov T4/CG32,64,64,0,/Users/kyrillguba/Documents/Data Analytics MSc/Thesis/Python/First Try/data/DIV2K/DIV2K_valid_HR/0865.png,div2k/0865.png/sigma_0.050,div2k,0865.png,20064,f92af3991be3de305c0efcfbe87ac07586eb280db7c47c56bbf8452a9b10010c,acd0fc3cccb5e4827e28374fc235054efe5f2b26adc84330573534bc9727fece,0.05000000074505806,0.002491431077942252,26.035511016845703,0.780320405960083,0.0008324913796968758,30.79620361328125,0.9316871166229248,1.2851003408432007,1.8203476667404175,0.0008731123525649309,8.320319175720215,0.014981381595134735,0.48420727252960205,8.058568000793457,0.1088409423828125,0.0046539306640625
U-Tikhonov T4/CG32,65,65,0,/Users/kyrillguba/Documents/Data Analytics MSc/Thesis/Python/First Try/data/DIV2K/DIV2K_valid_HR/0866.png,div2k/0866.png/sigma_0.050,div2k,0866.png,20065,64fe1cb87ea16bd47a4af52b635bd686b87a3bb0bb006aa875e7090e7f4f1b09,9afe981f615137ba03acacaf176e2c98a40692fb9b988590634da93828007e30,0.05000000074505806,0.0024913714732974768,26.035615921020508,0.8772956132888794,0.0014465432614088058,28.396686553955078,0.9326008558273315,0.969954788684845,1.7692970037460327,0.00034808149212040007,8.320335388183594,0.0054718744941055775,0.2752612829208374,8.178849220275879,0.236663818359375,0.007293701171875
U-Tikhonov T4/CG32,66,66,0,/Users/kyrillguba/Documents/Data Analytics MSc/Thesis/Python/First Try/data/DIV2K/DIV2K_valid_HR/0867.png,div2k/0867.png/sigma_0.050,div2k,0867.png,20066,a1b0a4eea55a3cc398df9e911e7db0ecbec9938d8ca0f96d3252df65b6daed62,66b0a986b08c5cd25291d21eeaacbef5e8726ec5e502a875560f78802f9bd7de,0.05000000074505806,0.0024518349673599005,26.10508918762207,0.904789924621582,0.001214821939356625,29.15487289428711,0.9523001909255981,0.8726832270622253,1.7162492275238037,0.00039810623275116086,8.320334434509277,0.0074501256458461285,0.23747554421424866,8.278337478637695,0.2239532470703125,0.0128326416015625
U-Tikhonov T4/CG32,67,67,0,/Users/kyrillguba/Documents/Data Analytics MSc/Thesis/Python/First Try/data/DIV2K/DIV2K_valid_HR/0868.png,div2k/0868.png/sigma_0.050,div2k,0868.png,20067,a5806164ffd45d6b14c4f40b199c062ca7d2855351fd99291a948b57f15212f1,a068c0fafc52686b9b284c602856e7d72b97994c0d20c34e82fde7b9e37cf00c,0.05000000074505806,0.002463496755808592,26.08448028564453,0.4806396961212158,0.00036203808849677444,34.41246032714844,0.9740444421768188,5.966320514678955,3.1638309955596924,0.00039214850403368473,8.320335388183594,0.012614216655492783,7.89008903503418,8.320335388183594,0.0691986083984375,0.3277740478515625
U-Tikhonov T4/CG32,68,68,0,/Users/kyrillguba/Documents/Data Analytics MSc/Thesis/Python/First Try/data/DIV2K/DIV2K_valid_HR/0869.png,div2k/0869.png/sigma_0.050,div2k,0869.png,20068,bc61ffc14754a4c0e306111ec7946ec828ebc05b363e7717d8c2f300d7750e5c,92faf7d14463503cc56675c98f92d562b015bd906d1db31c8f3cc235521aefff,0.05000000074505806,0.002459372393786907,26.091758728027344,0.7520028352737427,0.0009583538630977273,30.184741973876953,0.9287000894546509,2.99530291557312,3.3330893516540527,0.00039824499981477857,8.320335388183594,0.014902850612998009,0.9024842381477356,8.320294380187988,0.0943145751953125,0.12188720703125
U-Tikhonov T4/CG32,69,69,0,/Users/kyrillguba/Documents/Data Analytics MSc/Thesis/Python/First Try/data/DIV2K/DIV2K_valid_HR/0870.png,div2k/0870.png/sigma_0.050,div2k,0870.png,20069,23fb86d88c32c580e802edb1ef9cd9aecf3ca74c79ecdde14ada63f7050ad410,b6f5585f87becf8c8892e5f8ff9ae9085e0882cccd1e98b84ad068e6c2fd5d7f,0.05000000074505806,0.00249586277641356,26.027793884277344,0.9074313640594482,0.0015362153062596917,28.135480880737305,0.9332612752914429,0.4412056803703308,0.7770600318908691,0.0005287078092806041,8.315328598022461,0.011627282947301865,0.22460271418094635,4.447347640991211,0.1792144775390625,0.0002288818359375
U-Tikhonov T4/CG32,70,70,0,/Users/kyrillguba/Documents/Data Analytics MSc/Thesis/Python/First Try/data/DIV2K/DIV2K_valid_HR/0871.png,div2k/0871.png/sigma_0.050,div2k,0871.png,20070,755675f2824bd9535075c3a3649ecad82608dffc5b28d5b6777c999ce5ac8feb,9b545bb8a7867d96b3d1fecda24e03809067ef977387c4a9184f2aae6fcbc8c8,0.05000000074505806,0.002481108531355858,26.053543090820312,0.857539176940918,0.0009475593687966466,30.233936309814453,0.950893223285675,0.8936080932617188,1.457468867301941,0.0004285251197870821,8.320334434509277,0.011001947335898876,0.3368570804595947,7.72148323059082,0.1580657958984375,0.0031890869140625
U-Tikhonov T4/CG32,71,71,0,/Users/kyrillguba/Documents/Data Analytics MSc/Thesis/Python/First Try/data/DIV2K/DIV2K_valid_HR/0872.png,div2k/0872.png/sigma_0.050,div2k,0872.png,20071,a3051017ca8c7da3a6c7830c9bb928ecf2b81dc2add6c092a6aecfa321376f6b,131358219de1a92c883f7aabb6f73c5887153fa67393bfc249b3c44637410397,0.05000000074505806,0.002477589063346386,26.05970573425293,0.902247965335846,0.0013898396864533424,28.570354461669922,0.9448601603507996,0.7398625016212463,1.3115895986557007,0.00021335728524718434,8.320335388183594,0.007001376710832119,0.25800883769989014,7.46247673034668,0.207305908203125,0.003143310546875
U-Tikhonov T4/CG32,72,72,0,/Users/kyrillguba/Documents/Data Analytics MSc/Thesis/Python/First Try/data/DIV2K/DIV2K_valid_HR/0873.png,div2k/0873.png/sigma_0.050,div2k,0873.png,20072,98eca5a763607b677cf4da90c4112b7bd27d325edaf99023f29c46b2af95740e,7ed996e83d7c85129cf42e7e77d6ee12ca7058197ed761629f556c4526a743be,0.05000000074505806,0.002525132382288575,25.977157592773438,0.801446795463562,0.0011794976890087128,29.283029556274414,0.9353830814361572,1.919748306274414,2.9475271701812744,0.000996192917227745,8.320335388183594,0.018546126782894135,0.385084867477417,8.319839477539062,0.1068115234375,0.0814056396484375
U-Tikhonov T4/CG32,73,73,0,/Users/kyrillguba/Documents/Data Analytics MSc/Thesis/Python/First Try/data/DIV2K/DIV2K_valid_HR/0874.png,div2k/0874.png/sigma_0.050,div2k,0874.png,20073,c1b141701b55a15db0c8d9d38d28131d0c6935abc941c0cf5a1b8e17483ce6db,b19bfca99d856a1b2097f69aab2e36d4fedf6c4a2af0992eda02c4f131e8329d,0.05000000074505806,0.002378856297582388,26.236316680908203,0.7668249011039734,0.0007722778245806694,31.122264862060547,0.9134244918823242,1.6558774709701538,2.3336434364318848,0.0006095736753195524,8.320335388183594,0.017106937244534492,0.6529614925384521,8.320205688476562,0.0723724365234375,0.041412353515625
U-Tikhonov T4/CG32,74,74,0,/Users/kyrillguba/Documents/Data Analytics MSc/Thesis/Python/First Try/data/DIV2K/DIV2K_valid_HR/0875.png,div2k/0875.png/sigma_0.050,div2k,0875.png,20074,9efdc0057bb6e53db148019bb4a13192254fce5f31a016a4924e85fc6ee62a16,5dec522d5e1137adce5d49d502dfa608677341edee3f6ccf586c6fc3ae9ffa96,0.05000000074505806,0.0024223660584539175,26.157604217529297,0.9346641302108765,0.0014011147432029247,28.535263061523438,0.9579289555549622,0.5460852980613708,1.1988434791564941,0.00020903715630993247,8.320317268371582,0.006676153279840946,0.20860499143600464,7.8986382484436035,0.2244415283203125,0.005218505859375
U-Tikhonov T4/CG32,75,75,0,/Users/kyrillguba/Documents/Data Analytics MSc/Thesis/Python/First Try/data/DIV2K/DIV2K_valid_HR/0876.png,div2k/0876.png/sigma_0.050,div2k,0876.png,20075,84df379a2b4a7b995296e31b3954bfb9a7731d5e2d0b8650405a416a53e11125,80e9a18961ffcbf9cc0f8ac5206060e646fa8d3dbbd54ed03acd91720a2d69e9,0.05000000074505806,0.0022386491764336824,26.500139236450195,0.8460820913314819,0.0011515310034155846,29.387245178222656,0.9014256000518799,0.9987844228744507,1.4456945657730103,0.0005745613016188145,8.32027530670166,0.011649438180029392,0.4348348379135132,7.291140556335449,0.116241455078125,0.001312255859375
U-Tikhonov T4/CG32,76,76,0,/Users/kyrillguba/Documents/Data Analytics MSc/Thesis/Python/First Try/data/DIV2K/DIV2K_valid_HR/0877.png,div2k/0877.png/sigma_0.050,div2k,0877.png,20076,a7be10c02736c3557926612d053466a395f1f8df83ddeeff7027d05bb769b33a,78441016e6cfc95c22e8029585e0135aee252e64b13e409b0421ab423ad3bc5b,0.05000000074505806,0.002484759083017707,26.047157287597656,0.6783108115196228,0.0004670271009672433,33.30657958984375,0.9283598065376282,1.950103998184204,2.0094480514526367,0.0007926811231300235,8.320292472839355,0.02085420861840248,1.2223527431488037,8.014217376708984,0.056884765625,0.00335693359375
U-Tikhonov T4/CG32,77,77,0,/Users/kyrillguba/Documents/Data Analytics MSc/Thesis/Python/First Try/data/DIV2K/DIV2K_valid_HR/0878.png,div2k/0878.png/sigma_0.050,div2k,0878.png,20077,f1e61ee7f615bf40fc0cc24a3750fc6413019d89281f32d061c3bfb42fdf3082,6f9cb19221b164fd1c4793e9119d414b2937b5fe464e8b30b5d536fc88349f47,0.05000000074505806,0.002496751956641674,26.026247024536133,0.8696799278259277,0.001124982605688274,29.488542556762695,0.9420095682144165,0.9624685049057007,1.5917023420333862,0.00037507415981963277,8.320318222045898,0.0093441316857934,0.3125382959842682,7.932017803192139,0.1700897216796875,0.004486083984375
U-Tikhonov T4/CG32,78,78,0,/Users/kyrillguba/Documents/Data Analytics MSc/Thesis/Python/First Try/data/DIV2K/DIV2K_valid_HR/0879.png,div2k/0879.png/sigma_0.050,div2k,0879.png,20078,f7a72db70e5d13cc9ce0514ee1b317f98a5b43e5671f68071037416761ac50bb,3af6e6931292a54a400c5fe7933c9aac4afecb5836dd41e2e23a0d722688892b,0.05000000074505806,0.0025101255159825087,26.0030460357666,0.6462010145187378,0.0007695741369388998,31.137496948242188,0.9620920419692993,4.084753513336182,3.663645029067993,0.0005281579215079546,8.320335388183594,0.008433101698756218,3.9064269065856934,8.320317268371582,0.1446075439453125,0.1931915283203125
U-Tikhonov T4/CG32,79,79,0,/Users/kyrillguba/Documents/Data Analytics MSc/Thesis/Python/First Try/data/DIV2K/DIV2K_valid_HR/0880.png,div2k/0880.png/sigma_0.050,div2k,0880.png,20079,2464ffab9474f65f91c41e6231fc7c3907d471b36d493192c28dd9a9c9ac3c4c,ffecafd44bf8d629abfc24db08cb713e2747a47b22d9ed9ed9bc9660924349a3,0.05000000074505806,0.0025037077721208334,26.014163970947266,0.6307056546211243,0.0006237198831513524,32.050106048583984,0.9512662291526794,4.169965744018555,3.588975191116333,0.0006517738802358508,8.320335388183594,0.01584521122276783,4.099663734436035,8.320306777954102,0.080291748046875,0.1980438232421875
U-Tikhonov T4/CG32,80,80,0,/Users/kyrillguba/Documents/Data Analytics MSc/Thesis/Python/First Try/data/DIV2K/DIV2K_valid_HR/0881.png,div2k/0881.png/sigma_0.050,div2k,0881.png,20080,b4be0560c87adf38d8561ec3fb5a8e3e0e5d0b43501194ff1ff77f1511e89119,ff995967a741339364d17f41dcd807bccd4353b0c9d14e5fc9125b4bed8e3b9b,0.05000000074505806,0.002498085843399167,26.02392578125,0.6853863000869751,0.0006372922798618674,31.956613540649414,0.934881329536438,2.8137292861938477,2.8167238235473633,0.0007325749029405415,8.320335388183594,0.02225901000201702,1.6190667152404785,8.317695617675781,0.0500640869140625,0.0540924072265625
U-Tikhonov T4/CG32,81,81,0,/Users/kyrillguba/Documents/Data Analytics MSc/Thesis/Python/First Try/data/DIV2K/DIV2K_valid_HR/0882.png,div2k/0882.png/sigma_0.050,div2k,0882.png,20081,aac379d4eb1f7ffb4575e0fcca3a6836e85643267b9f537632bdfd3422ae2a6d,150dcca981b1c1e3158f4d57fa0cfc7d25c1e39ecdd9e084f83d47d137d9624c,0.05000000074505806,0.0024375757202506065,26.13041877746582,0.8196840286254883,0.000807764008641243,30.927154541015625,0.9582560062408447,1.1723655462265015,1.8649290800094604,0.00010671347990864888,8.320333480834961,0.00308143999427557,0.3874525725841522,8.147001266479492,0.18658447265625,0.0062713623046875
U-Tikhonov T4/CG32,82,82,0,/Users/kyrillguba/Documents/Data Analytics MSc/Thesis/Python/First Try/data/DIV2K/DIV2K_valid_HR/0883.png,div2k/0883.png/sigma_0.050,div2k,0883.png,20082,dc84aa16cb279e020e6bb4a512b74aeb161e2c3b612b40cfe834b4ea44c4dbd4,8be593f4169e0006fed354c03aa94d24561d05cf205aa1ab1135d7f0ccfb3662,0.05000000074505806,0.002462737960740924,26.085817337036133,0.8668558597564697,0.0012740464881062508,28.948150634765625,0.9446946382522583,1.3062916994094849,2.3371102809906006,0.0003887904458679259,8.320335388183594,0.009716487489640713,0.28999388217926025,8.318214416503906,0.1697998046875,0.038360595703125
U-Tikhonov T4/CG32,83,83,0,/Users/kyrillguba/Documents/Data Analytics MSc/Thesis/Python/First Try/data/DIV2K/DIV2K_valid_HR/0884.png,div2k/0884.png/sigma_0.050,div2k,0884.png,20083,c3e792b1483d91371c9eeedd1d20a4f45de1d748d7f261794ce740fbc3ea3016,644712dffe27a59f790cd1353bc32632a684ecb9a493f14d431d028de199b4ab,0.05000000074505806,0.002447187900543213,26.113327026367188,0.892356276512146,0.0012758735101670027,28.941925048828125,0.9397996664047241,0.6082051992416382,1.0146992206573486,0.00013080003554932773,8.316951751708984,0.007315479218959808,0.2798047363758087,5.809272766113281,0.18505859375,0.000335693359375
U-Tikhonov T4/CG32,84,84,0,/Users/kyrillguba/Documents/Data Analytics MSc/Thesis/Python/First Try/data/DIV2K/DIV2K_valid_HR/0885.png,div2k/0885.png/sigma_0.050,div2k,0885.png,20084,d1b12f5bdff73a004166bc26bfd68ed924612ba4dfeb5ee46ef886fec9606402,54e95c1f904f700786fe9b0020834c1adb1474c7f7d7015fed754fcbbac1cb68,0.05000000074505806,0.002510383725166321,26.00259780883789,0.8224970102310181,0.0012559187598526478,29.01038360595703,0.8966155052185059,1.2014553546905518,1.9751113653182983,0.00069747882662341,8.320335388183594,0.009033797308802605,0.40909695625305176,8.300207138061523,0.1304473876953125,0.017974853515625
U-Tikhonov T4/CG32,85,85,0,/Users/kyrillguba/Documents/Data Analytics MSc/Thesis/Python/First Try/data/DIV2K/DIV2K_valid_HR/0886.png,div2k/0886.png/sigma_0.050,div2k,0886.png,20085,8269830c494c50f2ca58c9fe1491092884eabccc73e5d87438dd2282f32843ab,644f721c45f511f04e3e4dfe1984679ca45a76abef26cb112dfa7c13004f0451,0.05000000074505806,0.002460349118337035,26.09003257751465,0.6926786303520203,0.0004804802592843771,33.18324661254883,0.9539772272109985,2.0835273265838623,2.048280954360962,0.00018287812417838722,8.320335388183594,0.014732464216649532,1.4246753454208374,8.147663116455078,0.0626983642578125,0.0065155029296875
U-Tikhonov T4/CG32,86,86,0,/Users/kyrillguba/Documents/Data Analytics MSc/Thesis/Python/First Try/data/DIV2K/DIV2K_valid_HR/0887.png,div2k/0887.png/sigma_0.050,div2k,0887.png,20086,9674e5076ec8c005bce7e3450e6bf09deb82df9952eaff58c7717b3a16e90f3e,2099d8648cfc0604200e781860cc79588ad1d7d189a7db04e8d8409a476fba77,0.05000000074505806,0.002473687520250678,26.066551208496094,0.7209355235099792,0.0009551924304105341,30.1990909576416,0.9279438257217407,2.6429357528686523,3.154721260070801,0.0004207064921502024,8.320335388183594,0.010701294988393784,0.7481125593185425,8.320085525512695,0.1082611083984375,0.085052490234375
U-Tikhonov T4/CG32,87,87,0,/Users/kyrillguba/Documents/Data Analytics MSc/Thesis/Python/First Try/data/DIV2K/DIV2K_valid_HR/0888.png,div2k/0888.png/sigma_0.050,div2k,0888.png,20087,0b12dfb6e7a24bf393f0f61b8c12a04a0e14c82f6eb77cce3a6d2ed989cadb40,6107146e9b7375749f1106b6bae5ce13f26b5e35a344ca566beaecbb6d21d742,0.05000000074505806,0.0024025437887758017,26.193286895751953,0.8998664021492004,0.0012199883349239826,29.136444091796875,0.9541190266609192,0.65371173620224,1.2783560752868652,0.00012922010500915349,8.320335388183594,0.005286039784550667,0.20747317373752594,7.387147903442383,0.268096923828125,0.0030670166015625
U-Tikhonov T4/CG32,88,88,0,/Users/kyrillguba/Documents/Data Analytics MSc/Thesis/Python/First Try/data/DIV2K/DIV2K_valid_HR/0889.png,div2k/0889.png/sigma_0.050,div2k,0889.png,20088,65b588cd7d91eb7ab3ad2ee297b48e2bcd71468e6f3fd4cedd22296161fcf0b3,82afed0bd0dc99b05f58a686bfb502c07791b318fc31c5955e5141844cdde637,0.05000000074505806,0.0024099466390907764,26.1799259185791,0.9300921559333801,0.001592652639374137,27.978790283203125,0.9523520469665527,0.5137931108474731,1.1996443271636963,0.000230896141147241,8.320335388183594,0.005069347098469734,0.1496567726135254,7.900034427642822,0.3298797607421875,0.00701904296875
U-Tikhonov T4/CG32,89,89,0,/Users/kyrillguba/Documents/Data Analytics MSc/Thesis/Python/First Try/data/DIV2K/DIV2K_valid_HR/0890.png,div2k/0890.png/sigma_0.050,div2k,0890.png,20089,641726511e5ab55ecb5dccce15a53a64473d43e0a2be22d51e522b22644d2891,d34d9e3cd9ebcd2cf3d6c1b9f064df56bda984f844f8bcf06e3af73c3e659c5c,0.05000000074505806,0.0025088931433856487,26.00518035888672,0.638018012046814,0.0006431984365917742,31.91655158996582,0.943536102771759,3.732513904571533,3.5767483711242676,0.0016117198392748833,8.320335388183594,0.028767189010977745,1.5318596363067627,8.320204734802246,0.048828125,0.17926025390625
U-Tikhonov T4/CG32,90,90,0,/Users/kyrillguba/Documents/Data Analytics MSc/Thesis/Python/First Try/data/DIV2K/DIV2K_valid_HR/0891.png,div2k/0891.png/sigma_0.050,div2k,0891.png,20090,df25cc2cba32c4a350c4749f690c8d6acb73d96d359ca40b6fee4071dbf564d0,421e905729a92cab4f659e1ddb1bf1d771c753c1d167652bf852b8a13e934671,0.05000000074505806,0.002452274551615119,26.10430908203125,0.9113262891769409,0.001308537321165204,28.83213996887207,0.954358696937561,0.7833009958267212,1.55316960811615,0.00039797008503228426,8.320335388183594,0.007903947494924068,0.23071876168251038,8.306035995483398,0.2224578857421875,0.0146942138671875
U-Tikhonov T4/CG32,91,91,0,/Users/kyrillguba/Documents/Data Analytics MSc/Thesis/Python/First Try/data/DIV2K/DIV2K_valid_HR/0892.png,div2k/0892.png/sigma_0.050,div2k,0892.png,20091,cf51693d41de71e034484154f59145fbffeb5a48fb250085472f21ef15bc44ee,3cafed2fde4b57bf1807633e19dc80bea402b14e9c3980876c0f7c9215b861dc,0.05000000074505806,0.002447811421006918,26.112220764160156,0.9193196296691895,0.001474922988563776,28.312305450439453,0.9507363438606262,0.666939377784729,1.389418363571167,0.00013534026220440865,8.320310592651367,0.0024346893187612295,0.14791765809059143,7.780332088470459,0.356658935546875,0.003814697265625
U-Tikhonov T4/CG32,92,92,0,/Users/kyrillguba/Documents/Data Analytics MSc/Thesis/Python/First Try/data/DIV2K/DIV2K_valid_HR/0893.png,div2k/0893.png/sigma_0.050,div2k,0893.png,20092,e38a2d9fc2bb1bfe2d7f4ac7ac04be6e3b640472049753a9ec509cb5b184dfae,a878a4f9219f30bc2ec3940c274d4b9a2a25ebe0a3266e469e0181b37c892a73,0.05000000074505806,0.0025149087887257338,25.99477767944336,0.7572695016860962,0.000723207020200789,31.407373428344727,0.937795877456665,1.688521385192871,2.285054922103882,0.000518892309628427,8.320335388183594,0.007050539366900921,0.687230110168457,8.31078052520752,0.1548614501953125,0.0238037109375
U-Tikhonov T4/CG32,93,93,0,/Users/kyrillguba/Documents/Data Analytics MSc/Thesis/Python/First Try/data/DIV2K/DIV2K_valid_HR/0894.png,div2k/0894.png/sigma_0.050,div2k,0894.png,20093,f7c053db8ff81bb3c056ed342eb0bfb9ba890e8adb30617f79d560f11e941c73,3d463b3e7a884a106cc74b530c35a6335045088c1b51b2e80c59951856a4b3e1,0.05000000074505806,0.0024041011929512024,26.190471649169922,0.702221155166626,0.0008033887133933604,30.95074462890625,0.8852939605712891,3.2354226112365723,2.934957265853882,0.00014277274021878839,8.320335388183594,0.013859734870493412,2.1471903324127197,8.320178031921387,0.0581207275390625,0.066558837890625
U-Tikhonov T4/CG32,94,94,0,/Users/kyrillguba/Documents/Data Analytics MSc/Thesis/Python/First Try/data/DIV2K/DIV2K_valid_HR/0895.png,div2k/0895.png/sigma_0.050,div2k,0895.png,20094,abdbc9e5dd323d44902bb35948460b514a4fe27d53aa9bc4f2072e0a425a5902,5d40f5addb18cb3d1e51dee5d67c4528bf69f82e268864b4ac85abbc858bcee8,0.05000000074505806,0.0024713503662496805,26.070659637451172,0.8485620021820068,0.0017498221714049578,27.57006072998047,0.8876492977142334,1.2233983278274536,1.7539267539978027,0.00017700419994071126,8.320335388183594,0.014189881272614002,0.4647179841995239,8.076043128967285,0.09393310546875,0.00634765625
U-Tikhonov T4/CG32,95,95,0,/Users/kyrillguba/Documents/Data Analytics MSc/Thesis/Python/First Try/data/DIV2K/DIV2K_valid_HR/0896.png,div2k/0896.png/sigma_0.050,div2k,0896.png,20095,857388cd8fc429b194bc7374762cee70b099ddf090a6495b03d92edc4c8c7b8d,27af2283b2ab076eaa81356ab561d313279ce0d569c2e4877fdddf0ef320a479,0.05000000074505806,0.0022726221941411495,26.434728622436523,0.5752899050712585,0.00045274110743775964,33.44150161743164,0.9717438817024231,5.375069618225098,3.3370625972747803,0.00010408081288915128,8.320335388183594,0.009017721749842167,7.4132585525512695,8.320335388183594,0.0673065185546875,0.2914886474609375
U-Tikhonov T4/CG32,96,96,0,/Users/kyrillguba/Documents/Data Analytics MSc/Thesis/Python/First Try/data/DIV2K/DIV2K_valid_HR/0897.png,div2k/0897.png/sigma_0.050,div2k,0897.png,20096,a75baf8d323b01687486bd536ce524304bab0a20ffcaf0d6d19c9abe9c8bef57,da79c380ada110768713c99a2ad422a7857a64ecbf57984e4d67ce6e8c4d3c70,0.05000000074505806,0.002324646105989814,26.3364315032959,0.9741009473800659,0.002076125703752041,26.827465057373047,0.9761497974395752,0.1242939829826355,0.5033162832260132,0.00010301471047569066,8.320114135742188,0.00022482784697785974,0.01983468234539032,2.325697660446167,0.783538818359375,0.0001678466796875
U-Tikhonov T4/CG32,97,97,0,/Users/kyrillguba/Documents/Data Analytics MSc/Thesis/Python/First Try/data/DIV2K/DIV2K_valid_HR/0898.png,div2k/0898.png/sigma_0.050,div2k,0898.png,20097,0f9b0c2f1793b1dd0ac81be97181b9e904a39fcf108cd39194842f26678085f7,22948b1ef3fcd8302fe9b4dd4d4aac4714e185a35570b7da3b68fe57b56fdad1,0.05000000074505806,0.002482225652784109,26.05158805847168,0.5179792046546936,0.0004217462847009301,33.749488830566406,0.9694550037384033,5.626222610473633,3.378995656967163,0.00035449949791654944,8.320335388183594,0.019114553928375244,7.783710479736328,8.320331573486328,0.057464599609375,0.3044891357421875
U-Tikhonov T4/CG32,98,98,0,/Users/kyrillguba/Documents/Data Analytics MSc/Thesis/Python/First Try/data/DIV2K/DIV2K_valid_HR/0899.png,div2k/0899.png/sigma_0.050,div2k,0899.png,20098,bea5ead4e165747f9c0e6d434cc536abdd4760b1a8da09c78f705024684bff65,f4921620b91b54ab8ae8f39e871106445b45f261f242a9fbf6d33d5e9cc3e9fe,0.05000000074505806,0.002485462464392185,26.045928955078125,0.8564862012863159,0.0010622469708323479,29.737743377685547,0.941063642501831,0.9852442145347595,1.8272466659545898,0.00011083956633228809,8.320335388183594,0.002043176209554076,0.25142061710357666,8.289804458618164,0.284820556640625,0.0138397216796875
U-Tikhonov T4/CG32,99,99,0,/Users/kyrillguba/Documents/Data Analytics MSc/Thesis/Python/First Try/data/DIV2K/DIV2K_valid_HR/0900.png,div2k/0900.png/sigma_0.050,div2k,0900.png,20099,72e06d86758e25d0f39e87b43b4ed00325b96cc08c65fc1809df35beee23e59c,05f111db00088713f2eb648ca109d3ed2f2cd730a89df2e3e70279429de302e6,0.05000000074505806,0.0021633352153003216,26.648761749267578,0.852595329284668,0.0011498533422127366,29.39357566833496,0.925028920173645,1.1475679874420166,1.7082633972167969,0.00011191520025022328,8.320319175720215,0.005384542513638735,0.39753258228302,7.838280200958252,0.18841552734375,0.0031585693359375
U-Tikhonov T4/CG32,100,0,0,/Users/kyrillguba/Documents/Data Analytics MSc/Thesis/Python/First Try/data/DIV2K/DIV2K_valid_HR/0801.png,div2k/0801.png/sigma_0.100,div2k,0801.png,20000,9ca598cce3296c3968a2f8f7685477f637dbdbbb9d4efb1cd418ca185bd31eef,5bc70c556c439e3ad16a0612b017823488632d8ab9075eafd042b541e95a3d8e,0.10000000149011612,0.0096769779920578,20.142602920532227,0.69742351770401,0.0029952130280435085,25.23572540283203,0.8488688468933105,1.521784782409668,1.8433655500411987,0.00045064196456223726,8.320335388183594,0.021779928356409073,0.8471631407737732,8.242210388183594,0.049957275390625,0.0102081298828125
U-Tikhonov T4/CG32,101,1,0,/Users/kyrillguba/Documents/Data Analytics MSc/Thesis/Python/First Try/data/DIV2K/DIV2K_valid_HR/0802.png,div2k/0802.png/sigma_0.100,div2k,0802.png,20001,3177c80331fb32ceee70ac3ef64d2e56a1bce05ea8a9c0b664e2592552554742,56b8614a91a95a3f5c5153bfe0e4e4bb5c87995c268e14381c075da55031ed9b,0.10000000149011612,0.009191468358039856,20.366153717041016,0.799968957901001,0.0022689420729875565,26.4417667388916,0.9379888772964478,1.100341796875,1.6481359004974365,0.0002702052879612893,8.320335388183594,0.01586398482322693,0.5165326595306396,8.186138153076172,0.0827178955078125,0.00830078125
U-Tikhonov T4/CG32,102,2,0,/Users/kyrillguba/Documents/Data Analytics MSc/Thesis/Python/First Try/data/DIV2K/DIV2K_valid_HR/0803.png,div2k/0803.png/sigma_0.100,div2k,0803.png,20002,671a4205d217354c075117f716a83d9a5ef2b4c921475de333f15ac8882c9356,3897d20fbdaef314d3797b206677a444b48f34a7def0e96c690f0eb0f03b6f64,0.10000000149011612,0.010020711459219456,19.99101448059082,0.5532242655754089,0.0013118445640429854,28.821178436279297,0.9073007106781006,2.6395275592803955,2.4594078063964844,0.00021438128896988928,8.320334434509277,0.02351624146103859,1.7448372840881348,8.310569763183594,0.03570556640625,0.028717041015625
U-Tikhonov T4/CG32,103,3,0,/Users/kyrillguba/Documents/Data Analytics MSc/Thesis/Python/First Try/data/DIV2K/DIV2K_valid_HR/0804.png,div2k/0804.png/sigma_0.100,div2k,0804.png,20003,f95563d4b6e58b102c165eeec7f7e1ba2608e12c3a331510949f0cce842149ea,8ec4d7a591e0cdca2c9f0cc073f4a813bcd8abdcbf7339dae68d831f04184902,0.10000000149011612,0.009451879188418388,20.24481773376465,0.742481529712677,0.0027141859754920006,25.663604736328125,0.8911381959915161,1.8703017234802246,2.4982028007507324,0.00023192353546619415,8.320335388183594,0.010171703062951565,0.7527477741241455,8.320329666137695,0.0842437744140625,0.066375732421875
U-Tikhonov T4/CG32,104,4,0,/Users/kyrillguba/Documents/Data Analytics MSc/Thesis/Python/First Try/data/DIV2K/DIV2K_valid_HR/0805.png,div2k/0805.png/sigma_0.100,div2k,0805.png,20004,bac34b49da4033070da28c152ece5c527c7274eafed4e320f3e7258274a93177,13e3f2a30b326ea1e6c557f2be7e313b9b3c4b3b25ea07381fb0d37e68a78c08,0.10000000149011612,0.009218410588800907,20.353439331054688,0.6337673664093018,0.0023280992172658443,26.329984664916992,0.8364732265472412,2.1957497596740723,2.228405714035034,0.0003173596051055938,8.320335388183594,0.036050617694854736,1.3422120809555054,8.290271759033203,0.028472900390625,0.016815185546875
U-Tikhonov T4/CG32,105,5,0,/Users/kyrillguba/Documents/Data Analytics MSc/Thesis/Python/First Try/data/DIV2K/DIV2K_valid_HR/0806.png,div2k/0806.png/sigma_0.100,div2k,0806.png,20005,befc31ea0c7663db0351a7238adfea3153639f5dfa13cb7cacfd757a46539d49,70e25b70b1321615425e839c3e1d5b1d601eeb586b1c727a49b68e8ee2d34f55,0.10000000149011612,0.00968242809176445,20.140155792236328,0.5367704629898071,0.001475325901992619,28.311120986938477,0.8899170756340027,3.4237093925476074,2.89445161819458,0.0007685137679800391,8.320335388183594,0.036043278872966766,2.358741283416748,8.320265769958496,0.02581787109375,0.08740234375
U-Tikhonov T4/CG32,106,6,0,/Users/kyrillguba/Documents/Data Analytics MSc/Thesis/Python/First Try/data/DIV2K/DIV2K_valid_HR/0807.png,div2k/0807.png/sigma_0.100,div2k,0807.png,20006,1e941eaeed69e78250491fe2c5b2f458f2f36301b8aa701227bd408f852fa572,ccec587e120d7723c88396ce26dcde7cf593f2f4f919248e97955334cd4fcbce,0.10000000149011612,0.009644688107073307,20.15711784362793,0.6150097846984863,0.00280343322083354,25.52309799194336,0.8256751894950867,2.605707883834839,2.7664971351623535,0.00027026794850826263,8.320335388183594,0.03041200153529644,1.2944262027740479,8.320090293884277,0.0338287353515625,0.0683441162109375
U-Tikhonov T4/CG32,107,7,0,/Users/kyrillguba/Documents/Data Analytics MSc/Thesis/Python/First Try/data/DIV2K/DIV2K_valid_HR/0808.png,div2k/0808.png/sigma_0.100,div2k,0808.png,20007,9666b1dba93f470d95570471f38f195acafae585deefb8498b5ebb625df94e78,520a6fe374d3ebb9df485fa61fbd573478f2ac6c5ce693201f28b97916c70c3f,0.10000000149011612,0.009302692487835884,20.313913345336914,0.41364091634750366,0.0014729414833709598,28.318145751953125,0.8935306072235107,5.042370319366455,3.290832042694092,0.000270721095148474,8.320335388183594,0.030847394838929176,6.466464996337891,8.320335388183594,0.024993896484375,0.2826995849609375
U-Tikhonov T4/CG32,108,8,0,/Users/kyrillguba/Documents/Data Analytics MSc/Thesis/Python/First Try/data/DIV2K/DIV2K_valid_HR/0809.png,div2k/0809.png/sigma_0.100,div2k,0809.png,20008,f57d7f591d2770efb0162e925acaaef8e4ce467e58b7a54d53de058959be9978,02cc395d33e53480f9673f1a6497892c249607082301fedb6df6e6e3fc146458,0.10000000149011612,0.009794967249035835,20.089969635009766,0.5681920051574707,0.001964231487363577,27.068073272705078,0.8016165494918823,2.2669525146484375,2.2375316619873047,0.0008721692720428109,8.320335388183594,0.0598355308175087,1.4010560512542725,8.309680938720703,0.0154266357421875,0.0247650146484375
U-Tikhonov T4/CG32,109,9,0,/Users/kyrillguba/Documents/Data Analytics MSc/Thesis/Python/First Try/data/DIV2K/DIV2K_valid_HR/0810.png,div2k/0810.png/sigma_0.100,div2k,0810.png,20009,50cf8d799292c4a6f6c23b4a8f1d0c08015da9c6e74d9109a31efdb1eb5d9df3,2b57d2dfcd12991aeb7ab9faf01a2d8f8bd96314f078c0bf5e52692b94518773,0.10000000149011612,0.009871197864413261,20.056303024291992,0.5139862298965454,0.0017104980070143938,27.668773651123047,0.8414363265037537,3.011579751968384,2.5273194313049316,0.001115153543651104,8.320334434509277,0.058581363409757614,2.090526819229126,8.311741828918457,0.015167236328125,0.0339813232421875
U-Tikhonov T4/CG32,110,10,0,/Users/kyrillguba/Documents/Data Analytics MSc/Thesis/Python/First Try/data/DIV2K/DIV2K_valid_HR/0811.png,div2k/0811.png/sigma_0.100,div2k,0811.png,20010,ceab700e5944238d72f4ec94852a5ee6b9c353c54281c96ee7c6e9b9f2a16308,2a5be0e4fb830aa880a3ae425de9935ae5a11f956c4be2e5ce3f17fc8933ec02,0.10000000149011612,0.008832404389977455,20.53921127319336,0.5509722828865051,0.0021897328551858664,26.596088409423828,0.7785940170288086,3.025683879852295,2.8258185386657715,0.0009145408403128386,8.320335388183594,0.05390619486570358,1.7507834434509277,8.3203125,0.018310546875,0.0844573974609375
U-Tikhonov T4/CG32,111,11,0,/Users/kyrillguba/Documents/Data Analytics MSc/Thesis/Python/First Try/data/DIV2K/DIV2K_valid_HR/0812.png,div2k/0812.png/sigma_0.100,div2k,0812.png,20011,5f26939fc07611061a96f2a386a77ffd9251b83abf26ac7ecb5a44dcae97187b,f40eed7a4b5ba87ef7b157195200148072925c57c9d9370720b2d06685869aca,0.10000000149011612,0.009534102864563465,20.207202911376953,0.6157577633857727,0.002209009602665901,26.558025360107422,0.8834810256958008,3.047891139984131,3.1225922107696533,0.00011858440120704472,8.320335388183594,0.012889531441032887,1.4593816995620728,8.320253372192383,0.0642852783203125,0.11846923828125
U-Tikhonov T4/CG32,112,12,0,/Users/kyrillguba/Documents/Data Analytics MSc/Thesis/Python/First Try/data/DIV2K/DIV2K_valid_HR/0813.png,div2k/0813.png/sigma_0.100,div2k,0813.png,20012,c34023db0a8b05fd8269a4d5afeb83670d5b08e7bce8d6c8cfe221a95b0e0b2f,5610545bcb496fb9dd55249cdcd93bb7631b13659b4b32682e9ab285276783f6,0.10000000149011612,0.008836835622787476,20.537033081054688,0.6159494519233704,0.0021210922859609127,26.734405517578125,0.8857824802398682,3.1174988746643066,3.134655237197876,0.00025940421619452536,8.320335388183594,0.01752707175910473,1.5582125186920166,8.320335388183594,0.0511932373046875,0.1341552734375
U-Tikhonov T4/CG32,113,13,0,/Users/kyrillguba/Documents/Data Analytics MSc/Thesis/Python/First Try/data/DIV2K/DIV2K_valid_HR/0814.png,div2k/0814.png/sigma_0.100,div2k,0814.png,20013,9f544177fb7f24fc86ba1b0d9b9d0e664f093ce144600099ca215fbf1a3e3c25,1450de033911c1593b75144c18a82d91fc6a9e50ee5ff3ad69e7420652936412,0.10000000149011612,0.009942586533725262,20.025007247924805,0.3495311141014099,0.001277924864552915,28.934946060180664,0.8934813737869263,5.516620635986328,3.217447519302368,0.00036711239954456687,8.320335388183594,0.03057132288813591,7.482546329498291,8.320331573486328,0.02642822265625,0.3232421875
U-Tikhonov T4/CG32,114,14,0,/Users/kyrillguba/Documents/Data Analytics MSc/Thesis/Python/First Try/data/DIV2K/DIV2K_valid_HR/0815.png,div2k/0815.png/sigma_0.100,div2k,0815.png,20014,d8f2b2b3496e52c1ec43e3c5e28732516b24990b8a2361d1876240ad562db395,3600382f647ec23f968eaeb10ed0adc9dd235d82ae9cbc330c368d9cdb511f0b,0.10000000149011612,0.00968572311103344,20.13867950439453,0.6248074769973755,0.0020147664472460747,26.957752227783203,0.8732658624649048,1.7989025115966797,2.040809392929077,0.0007025529048405588,8.320335388183594,0.025135887786746025,1.0323481559753418,8.297733306884766,0.0423583984375,0.015960693359375
U-Tikhonov T4/CG32,115,15,0,/Users/kyrillguba/Documents/Data Analytics MSc/Thesis/Python/First Try/data/DIV2K/DIV2K_valid_HR/0816.png,div2k/0816.png/sigma_0.100,div2k,0816.png,20015,f457e7c932a8730df29263aaf8e3c3a2e54e7e68e543a34cdbc085f7c21edf50,e5764cbdd758b4b453d67d749eba293ac7ecf98e8ab17c442aced76fa7664a18,0.10000000149011612,0.009482970461249352,20.23055648803711,0.544446587562561,0.0015579338651150465,28.074512481689453,0.868888258934021,3.5966274738311768,3.1614880561828613,0.0005886291619390249,8.320335388183594,0.0383528470993042,2.199070453643799,8.320327758789062,0.0242462158203125,0.1616363525390625
U-Tikhonov T4/CG32,116,16,0,/Users/kyrillguba/Documents/Data Analytics MSc/Thesis/Python/First Try/data/DIV2K/DIV2K_valid_HR/0817.png,div2k/0817.png/sigma_0.100,div2k,0817.png,20016,b14c93dc0fd3fb833a2c04431c6af818313c8c6f744eb433dd1817a932b015cf,f779324f1135afcd06dffb24c876a93bd37dc07be9eb49a5c4e69a16ccda998e,0.10000000149011612,0.009596263989806175,20.178977966308594,0.5705644488334656,0.0020569232292473316,26.86781883239746,0.8493010997772217,3.214977264404297,3.1110167503356934,0.000563256733585149,8.320335388183594,0.02934856526553631,1.6966880559921265,8.3203125,0.034637451171875,0.1376495361328125
U-Tikhonov T4/CG32,117,17,0,/Users/kyrillguba/Documents/Data Analytics MSc/Thesis/Python/First Try/data/DIV2K/DIV2K_valid_HR/0818.png,div2k/0818.png/sigma_0.100,div2k,0818.png,20017,00f18d236ddc7fe3a937cdcb41ce31082a90c94b9370fc202c7dce18dd80ab2a,ac917a4137abdf4235fde443eee93d4182e6c45809001bd79d91d2a6e4d80b8e,0.10000000149011612,0.00906631350517273,20.425691604614258,0.6061022877693176,0.002545769792050123,25.941810607910156,0.8936299085617065,3.524719715118408,3.3676695823669434,0.00017813763406593353,8.320335388183594,0.013810109347105026,1.8750985860824585,8.320320129394531,0.0656585693359375,0.167449951171875
U-Tikhonov T4/CG32,118,18,0,/Users/kyrillguba/Documents/Data Analytics MSc/Thesis/Python/First Try/data/DIV2K/DIV2K_valid_HR/0819.png,div2k/0819.png/sigma_0.100,div2k,0819.png,20018,f7450c40d5c0aabdc2bd2a562302ca3993841849efca05e281ec4059186e528c,3f047b3b735aab1a28db9024b683c3bfd7ada2476ebfcd8a8700e3d65b8c98aa,0.10000000149011612,0.009486023336648941,20.229158401489258,0.6530311107635498,0.0025759851559996605,25.890567779541016,0.8271766901016235,2.2920124530792236,2.5104894638061523,0.00045374565524980426,8.320335388183594,0.02758394367992878,1.2217738628387451,8.320293426513672,0.0355987548828125,0.052337646484375
U-Tikhonov T4/CG32,119,19,0,/Users/kyrillguba/Documents/Data Analytics MSc/Thesis/Python/First Try/data/DIV2K/DIV2K_valid_HR/0820.png,div2k/0820.png/sigma_0.100,div2k,0820.png,20019,ab2cf6ba20cc18bafee4976e8be3cbf4a6db4afea570ef888fdebb8c8e0616f2,d521d8856defce4134d85fa271f2c5bb89b3390471c4c04cb629a9062250d448,0.10000000149011612,0.008936306461691856,20.488418579101562,0.7622074484825134,0.00472737941890955,23.253795623779297,0.8423608541488647,2.5156748294830322,2.9378979206085205,0.0001730595249682665,8.320335388183594,0.006529482081532478,0.9968712329864502,8.320334434509277,0.099456787109375,0.08892822265625
U-Tikhonov T4/CG32,120,20,0,/Users/kyrillguba/Documents/Data Analytics MSc/Thesis/Python/First Try/data/DIV2K/DIV2K_valid_HR/0821.png,div2k/0821.png/sigma_0.100,div2k,0821.png,20020,ebd02fa51f1a3ee91b6ca90bb58a444e53385dd1193938609708b71bca4504a0,e0988bb88b8bc2155de87d46209371667886a4284b490d1bdfb61ea477cac4d9,0.10000000149011612,0.008856703527271748,20.527278900146484,0.8821395039558411,0.005568954162299633,22.542264938354492,0.9139502048492432,1.3835113048553467,2.2753584384918213,0.00012202688958495855,8.320335388183594,0.003618442453444004,0.34860146045684814,8.319198608398438,0.1964111328125,0.0308380126953125
U-Tikhonov T4/CG32,121,21,0,/Users/kyrillguba/Documents/Data Analytics MSc/Thesis/Python/First Try/data/DIV2K/DIV2K_valid_HR/0822.png,div2k/0822.png/sigma_0.100,div2k,0822.png,20021,86c801c8390b132b94a9efaeb7a9bad9acdd1212e41d91d44b44811708142963,975ab59b0504a5784d99c6e6515c4acf76a3deafabe0121f6e53f9a556b98532,0.10000000149011612,0.009146437048912048,20.387479782104492,0.7088755965232849,0.0032614131923764944,24.865942001342773,0.8308582305908203,1.4706079959869385,1.9234224557876587,0.00039576247218064964,8.320335388183594,0.01992955431342125,0.7276684045791626,8.245899200439453,0.0644073486328125,0.01055908203125
U-Tikhonov T4/CG32,122,22,0,/Users/kyrillguba/Documents/Data Analytics MSc/Thesis/Python/First Try/data/DIV2K/DIV2K_valid_HR/0823.png,div2k/0823.png/sigma_0.100,div2k,0823.png,20022,ec11d2cf0a95684902842094c84e0956a3cd35920ef85f25ba677348927a365c,4503f7bbd1222d220571fc5c93203bfa86d087def3acc2d7bb67ae703823efa6,0.10000000149011612,0.009676441550254822,20.14284324645996,0.5243744850158691,0.002247568452730775,26.48287010192871,0.8964717984199524,3.9386394023895264,3.5204615592956543,0.0009437621920369565,8.320335388183594,0.022674012929201126,2.3575620651245117,8.320332527160645,0.0458831787109375,0.2328643798828125
U-Tikhonov T4/CG32,123,23,0,/Users/kyrillguba/Documents/Data Analytics MSc/Thesis/Python/First Try/data/DIV2K/DIV2K_valid_HR/0824.png,div2k/0824.png/sigma_0.100,div2k,0824.png,20023,5ce7bdee523a1299c6a42c3adbb96d0e62c2f40266823753b8c042edb8b10495,acafba4d8d7abdf9c503d2411b57067900f637d58d43430028f67091dda5217d,0.10000000149011612,0.009483656845986843,20.230243682861328,0.5942830443382263,0.0021516026463359594,26.672380447387695,0.8812974691390991,3.7074689865112305,3.319430351257324,0.00012106317444704473,8.320335388183594,0.007460048887878656,2.5522518157958984,8.320334434509277,0.079254150390625,0.161865234375
U-Tikhonov T4/CG32,124,24,0,/Users/kyrillguba/Documents/Data Analytics MSc/Thesis/Python/First Try/data/DIV2K/DIV2K_valid_HR/0825.png,div2k/0825.png/sigma_0.100,div2k,0825.png,20024,0403db62808d832f7764170e8df2b8c78ad826e2a93d809f8cf6d018258b011a,7f05494aeb0b319f0df043dbf58299edb7909cbe999f75f65fe7cf7048083af8,0.10000000149011612,0.009548486210405827,20.200654983520508,0.7481750249862671,0.0031148900743573904,25.065574645996094,0.8810663223266602,1.8816827535629272,2.5062415599823,0.0002349075220990926,8.320335388183594,0.007929799146950245,0.7037613391876221,8.32030963897705,0.11212158203125,0.0500335693359375
U-Tikhonov T4/CG32,125,25,0,/Users/kyrillguba/Documents/Data Analytics MSc/Thesis/Python/First Try/data/DIV2K/DIV2K_valid_HR/0826.png,div2k/0826.png/sigma_0.100,div2k,0826.png,20025,b7fba61bcca359e5581b44283bbc34696cae71321e031969411ada23b17e2199,d523abbc1a0f6f18846ff748511683e4a250528af1dacd10bdd6ad2f705652bf,0.10000000149011612,0.009350886568427086,20.291471481323242,0.582999587059021,0.0020247919019311666,26.936195373535156,0.8762460350990295,3.9466488361358643,3.3706657886505127,0.00017486215801909566,8.320335388183594,0.0203990675508976,2.602858066558838,8.320335388183594,0.0402984619140625,0.2165374755859375
U-Tikhonov T4/CG32,126,26,0,/Users/kyrillguba/Documents/Data Analytics MSc/Thesis/Python/First Try/data/DIV2K/DIV2K_valid_HR/0827.png,div2k/0827.png/sigma_0.100,div2k,0827.png,20026,1a1d5ffbd89d79d7803cf86e2d8f6c75cd146872fd61e387fec71a904e384317,6c2a443ebd48754c66912251716b30634e9f21ec2dc9744b3ae16d87ef839488,0.10000000149011612,0.007821217179298401,21.067256927490234,0.3391401767730713,0.0009395962697453797,30.270587921142578,0.8132973909378052,4.948223114013672,2.9756627082824707,0.0004437327152118087,8.320335388183594,0.0641455426812172,5.527416229248047,8.320306777954102,0.01318359375,0.162353515625
U-Tikhonov T4/CG32,127,27,0,/Users/kyrillguba/Documents/Data Analytics MSc/Thesis/Python/First Try/data/DIV2K/DIV2K_valid_HR/0828.png,div2k/0828.png/sigma_0.100,div2k,0828.png,20027,3b7551ae7f737167932c3230707f7075368102b6732eb16bfe514fd471223ea4,68b5b7984a2989eceb239eea152db17338e26b26dc24cd4f9a47806c4dcfcad2,0.10000000149011612,0.007739588618278503,21.112821578979492,0.6974624395370483,0.004257097840309143,23.7088623046875,0.8013851642608643,3.0225911140441895,3.3111391067504883,0.0001623038260731846,8.320335388183594,0.005230927374213934,1.085946798324585,8.320324897766113,0.1345367431640625,0.1380615234375
U-Tikhonov T4/CG32,128,28,0,/Users/kyrillguba/Documents/Data Analytics MSc/Thesis/Python/First Try/data/DIV2K/DIV2K_valid_HR/0829.png,div2k/0829.png/sigma_0.100,div2k,0829.png,20028,7fef744df96a3f5b2077c74a59929852deb533e35d4804c7c745471471543ed7,45d3447b0e35c11922bd6dfc03759afbce56fdfa1ab4374e4025d0a67c08b63b,0.10000000149011612,0.009670507162809372,20.145509719848633,0.5172064304351807,0.001397258834913373,28.547231674194336,0.8714807033538818,3.5996170043945312,3.108686923980713,0.00018212455324828625,8.320335388183594,0.016040019690990448,2.382723808288574,8.320245742797852,0.04241943359375,0.119415283203125
U-Tikhonov T4/CG32,129,29,0,/Users/kyrillguba/Documents/Data Analytics MSc/Thesis/Python/First Try/data/DIV2K/DIV2K_valid_HR/0830.png,div2k/0830.png/sigma_0.100,div2k,0830.png,20029,33405798eea5a2bbd23d383a107f9127b4f5d220ad2d443bdb05db6049757a90,fa1014a253f03e5c0689587282002a607b21e2fcf591210d45c4b4aec93ac54e,0.10000000149011612,0.009921448305249214,20.03424835205078,0.484535276889801,0.0018936796113848686,27.22693634033203,0.8333446383476257,4.364093780517578,3.247873067855835,0.0002663459745235741,8.320335388183594,0.02938242256641388,3.9101293087005615,8.320333480834961,0.027374267578125,0.20416259765625
U-Tikhonov T4/CG32,130,30,0,/Users/kyrillguba/Documents/Data Analytics MSc/Thesis/Python/First Try/data/DIV2K/DIV2K_valid_HR/0831.png,div2k/0831.png/sigma_0.100,div2k,0831.png,20030,37f625cf3b90622b2047f8f9b3e488dcb450cde9c639eb5f94e082ec5148792e,d94e7500ff5e3743622762dfca7994da5fa7af5c20dcfab0e032d469201ae55b,0.10000000149011612,0.009035764262080193,20.440351486206055,0.6673297882080078,0.002755458001047373,25.598064422607422,0.8537715077400208,2.103792667388916,2.385061502456665,0.0002987783227581531,8.320335388183594,0.012372983619570732,1.0859639644622803,8.31513500213623,0.06231689453125,0.0254974365234375
U-Tikhonov T4/CG32,131,31,0,/Users/kyrillguba/Documents/Data Analytics MSc/Thesis/Python/First Try/data/DIV2K/DIV2K_valid_HR/0832.png,div2k/0832.png/sigma_0.100,div2k,0832.png,20031,678db3c6c13225750b6bb2ae62b3e9ffdbdb3491d462fa2451e73fea851ed64c,8cd5b24dfa77b72b1d7c53f473790d526f36b09838e6e9103ef576f83ee81242,0.10000000149011612,0.009017338044941425,20.44921875,0.6776522994041443,0.002610528375953436,25.832717895507812,0.8800550699234009,2.4733498096466064,2.8354876041412354,0.0001832772686611861,8.320335388183594,0.01192850898951292,1.0903635025024414,8.320326805114746,0.0745391845703125,0.0814056396484375
U-Tikhonov T4/CG32,132,32,0,/Users/kyrillguba/Documents/Data Analytics MSc/Thesis/Python/First Try/data/DIV2K/DIV2K_valid_HR/0833.png,div2k/0833.png/sigma_0.100,div2k,0833.png,20032,196e9aedca5a8ddb4904ed57c8a1a32e080164df130d093fbc86da6222f32553,76c3607abc2d73c2bf54a006ea8bbe5b91d123cda9e61617327c7e4f5bcb29de,0.10000000149011612,0.00907338596880436,20.422306060791016,0.5003514289855957,0.001624686294235289,27.892305374145508,0.9106206297874451,4.405074596405029,3.3670225143432617,0.00019444894860498607,8.320335388183594,0.018132738769054413,4.21325159072876,8.320330619812012,0.0424346923828125,0.231597900390625
U-Tikhonov T4/CG32,133,33,0,/Users/kyrillguba/Documents/Data Analytics MSc/Thesis/Python/First Try/data/DIV2K/DIV2K_valid_HR/0834.png,div2k/0834.png/sigma_0.100,div2k,0834.png,20033,43cd5d3407a2ec5d9396c0ba9f3595990830fe17adfb5b3d69777dc489012502,6f85001147428e5fa8b8832a9e83c274ddf4415e8b52081c47e5381113f4aecf,0.10000000149011612,0.008551173843443394,20.67974281311035,0.5625623464584351,0.0019750981591641903,27.044113159179688,0.88236403465271,3.7567343711853027,3.373225450515747,0.0002237845619674772,8.320335388183594,0.019879693165421486,2.17681884765625,8.320335388183594,0.04412841796875,0.1991424560546875
U-Tikhonov T4/CG32,134,34,0,/Users/kyrillguba/Documents/Data Analytics MSc/Thesis/Python/First Try/data/DIV2K/DIV2K_valid_HR/0835.png,div2k/0835.png/sigma_0.100,div2k,0835.png,20034,80084574e021b9b385517a807fa4f62735358952d97592c2b192db98626e086c,66799b661073557f2d3380525a876b741faef7fa369c895525cf350830f20820,0.10000000149011612,0.009692177176475525,20.135787963867188,0.6203199625015259,0.0026206111069768667,25.815975189208984,0.8144780397415161,2.4297754764556885,2.4791131019592285,0.0004345881170593202,8.320335388183594,0.03040139749646187,1.4139336347579956,8.318291664123535,0.0321044921875,0.038055419921875
U-Tikhonov T4/CG32,135,35,0,/Users/kyrillguba/Documents/Data Analytics MSc/Thesis/Python/First Try/data/DIV2K/DIV2K_valid_HR/0836.png,div2k/0836.png/sigma_0.100,div2k,0836.png,20035,d774c40f160da761b384b399f5636cb3cfecf88e2cc5d41c78f575c3bea500af,3d619a1af2b6657712679994d89ef15d0975d3c7c5b026fa848857951fff72f5,0.10000000149011612,0.008989027701318264,20.462873458862305,0.6440120935440063,0.0025757569819688797,25.89095115661621,0.8895516395568848,2.8218681812286377,3.0869312286376953,0.00027553923428058624,8.320335388183594,0.014982803724706173,1.198639154434204,8.320335388183594,0.0585479736328125,0.1342315673828125
U-Tikhonov T4/CG32,136,36,0,/Users/kyrillguba/Documents/Data Analytics MSc/Thesis/Python/First Try/data/DIV2K/DIV2K_valid_HR/0837.png,div2k/0837.png/sigma_0.100,div2k,0837.png,20036,af3a3f14f10fd37d750995ae36a4d7d4e23e7343e1fc6fb8ddf8342f79d68d35,a004e4dcc378ed000b11429c85db08b896894bbcc0e8a8e467cacb0c8face975,0.10000000149011612,0.00916203297674656,20.380081176757812,0.765365481376648,0.0033316947519779205,24.773347854614258,0.8842912316322327,1.2849376201629639,1.8320585489273071,0.0003430669312365353,8.320335388183594,0.010697286576032639,0.5806649923324585,8.263349533081055,0.0955047607421875,0.0115814208984375
U-Tikhonov T4/CG32,137,37,0,/Users/kyrillguba/Documents/Data Analytics MSc/Thesis/Python/First Try/data/DIV2K/DIV2K_valid_HR/0838.png,div2k/0838.png/sigma_0.100,div2k,0838.png,20037,a419adae2a9bbcb7b328e0e98815224877487f12f01cec7bd572e3a61b346f36,73c2c92e98f5548121634934b7f8b396da2f106fa5edff6fa4406bcb5bb7bb07,0.10000000149011612,0.009333591908216476,20.299510955810547,0.489147812128067,0.0009043427999131382,30.436670303344727,0.910649299621582,3.5496609210968018,2.9891304969787598,0.00030253976001404226,8.320335388183594,0.04154880717396736,2.3351988792419434,8.320326805114746,0.021331787109375,0.11822509765625
U-Tikhonov T4/CG32,138,38,0,/Users/kyrillguba/Documents/Data Analytics MSc/Thesis/Python/First Try/data/DIV2K/DIV2K_valid_HR/0839.png,div2k/0839.png/sigma_0.100,div2k,0839.png,20038,9ed3b7789f4dcc0b1bfd3a6e2391350b33a63a89353a3bd50f5bde4b89d2f647,3b2839787a4e994067fee71a5a1c8fb78033e5cbc93482ea5970729be4a87066,0.10000000149011612,0.007751947268843651,21.105892181396484,0.4432066082954407,0.002200162271037698,26.57545280456543,0.5653395652770996,4.120659828186035,3.3901569843292236,0.0001292770612053573,8.320335388183594,0.03781959414482117,2.775249719619751,8.320335388183594,0.0240936279296875,0.2349090576171875
U-Tikhonov T4/CG32,139,39,0,/Users/kyrillguba/Documents/Data Analytics MSc/Thesis/Python/First Try/data/DIV2K/DIV2K_valid_HR/0840.png,div2k/0840.png/sigma_0.100,div2k,0840.png,20039,df4e88246e2af519b1c29adccc7944ac0f8568e6a1ef7d65c39dc4fcd2a3dd5b,1f17b191a1cb4c7983a7c9b878a8cd852a388158dbaf91a28f09e346d483a71e,0.10000000149011612,0.009186126291751862,20.368675231933594,0.7120739221572876,0.0028175627812743187,25.501262664794922,0.8587179780006409,1.4848078489303589,1.7803188562393188,0.0002872047189157456,8.320333480834961,0.020396145060658455,0.8422643542289734,8.114235877990723,0.051361083984375,0.0058746337890625
U-Tikhonov T4/CG32,140,40,0,/Users/kyrillguba/Documents/Data Analytics MSc/Thesis/Python/First Try/data/DIV2K/DIV2K_valid_HR/0841.png,div2k/0841.png/sigma_0.100,div2k,0841.png,20040,b85a5c827a7d17dab432c8f79abc120715b867e00f3bcbe182f90d6c23ecff6f,8c1ee2b2fc094e7d06b937c0217e04765d471915ef200473146ecd3282885518,0.10000000149011612,0.009126249700784683,20.397075653076172,0.5158218145370483,0.002034851349890232,26.9146728515625,0.83903968334198,3.3577871322631836,3.0318386554718018,0.0007376301218755543,8.320335388183594,0.028713036328554153,2.0868515968322754,8.320257186889648,0.03271484375,0.09466552734375
U-Tikhonov T4/CG32,141,41,0,/Users/kyrillguba/Documents/Data Analytics MSc/Thesis/Python/First Try/data/DIV2K/DIV2K_valid_HR/0842.png,div2k/0842.png/sigma_0.100,div2k,0842.png,20041,e0fe2755785538efb2ac1c7a4fc4e854d8206a8f09b68ac1931f0544c3e7cc53,35fce4372c911a0760c19a4858630bf39e9be9413b3d00e9529bb3c55d6fb672,0.10000000149011612,0.008929554373025894,20.491703033447266,0.5761888027191162,0.0017687033396214247,27.52345085144043,0.8726567029953003,3.386425495147705,3.0527443885803223,0.0001987982541322708,8.320335388183594,0.019753659144043922,2.1294312477111816,8.320332527160645,0.04248046875,0.114105224609375
U-Tikhonov T4/CG32,142,42,0,/Users/kyrillguba/Documents/Data Analytics MSc/Thesis/Python/First Try/data/DIV2K/DIV2K_valid_HR/0843.png,div2k/0843.png/sigma_0.100,div2k,0843.png,20042,8d4db85adca20e5911d117b4bb54fdfb3f22b2a02cceb14242bb7540955f6140,4396acf5db3292779c648b276f459c5db8e2d2d60f75764d3d5013efb9ad0c61,0.10000000149011612,0.006897990591824055,21.612775802612305,0.2857520580291748,0.0007179906824603677,31.438810348510742,0.9299518465995789,6.390941143035889,2.9110138416290283,0.0003336346708238125,8.320335388183594,0.03301158919930458,8.12742805480957,8.320335388183594,0.023956298828125,0.4234466552734375
U-Tikhonov T4/CG32,143,43,0,/Users/kyrillguba/Documents/Data Analytics MSc/Thesis/Python/First Try/data/DIV2K/DIV2K_valid_HR/0844.png,div2k/0844.png/sigma_0.100,div2k,0844.png,20043,15c2150d7c67049e1e35243bac1a1a68c6f0e57215592b78ed9b74e130ed1370,81716fb24e15948d4c559e010784e178d010208e374b3fa77390bf2e1119561b,0.10000000149011612,0.008547065779566765,20.68182945251465,0.33853840827941895,0.0007015677983872592,31.539304733276367,0.8778089880943298,5.617691993713379,2.933753252029419,0.00020690629025921226,8.320335388183594,0.05064161866903305,7.079763889312744,8.320335388183594,0.0150909423828125,0.28265380859375
U-Tikhonov T4/CG32,144,44,0,/Users/kyrillguba/Documents/Data Analytics MSc/Thesis/Python/First Try/data/DIV2K/DIV2K_valid_HR/0845.png,div2k/0845.png/sigma_0.100,div2k,0845.png,20044,3afec5a048f16903b44498719256567f9874b218bd408f06ae16848d5bfd4779,4bcb3c23daecdc254d579c8d39d68436083c954664b8c7bcd4f3074845db63a0,0.10000000149011612,0.007887687534093857,21.030502319335938,0.5800467133522034,0.0028004618361592293,25.5277042388916,0.8616571426391602,3.9792094230651855,3.4828364849090576,0.00013765902258455753,8.320335388183594,0.0072372122667729855,2.8466687202453613,8.320335388183594,0.0804290771484375,0.2236480712890625
U-Tikhonov T4/CG32,145,45,0,/Users/kyrillguba/Documents/Data Analytics MSc/Thesis/Python/First Try/data/DIV2K/DIV2K_valid_HR/0846.png,div2k/0846.png/sigma_0.100,div2k,0846.png,20045,bfa025022780e8b45b7d8ca41bf0c1aa0ef062e997a3e07e7b0b4766072a0c65,ef61b57813715c2a4ca032b455913e793bcd3b4bae6d56a574377a98fad4b983,0.10000000149011612,0.007892230525612831,21.028003692626953,0.6083446741104126,0.0036581559106707573,24.36737823486328,0.8380566239356995,3.3739776611328125,3.3123037815093994,0.000598106358665973,8.320335388183594,0.017200620844960213,1.608018398284912,8.320334434509277,0.05194091796875,0.1684722900390625
U-Tikhonov T4/CG32,146,46,0,/Users/kyrillguba/Documents/Data Analytics MSc/Thesis/Python/First Try/data/DIV2K/DIV2K_valid_HR/0847.png,div2k/0847.png/sigma_0.100,div2k,0847.png,20046,a03ac31eb9aa42c51d2ec103e996158d3f7890d32752d0e5a0bece66c7f0a096,22c960d9b264401c4af7b57ae07d03f7ae02355432012f2738b9cc5b52f13e67,0.10000000149011612,0.008751721121370792,20.57906723022461,0.7116260528564453,0.002918478101491928,25.348434448242188,0.8995599746704102,2.851449489593506,3.1648433208465576,0.00014677613216917962,8.320335388183594,0.00952480174601078,1.109283685684204,8.320335388183594,0.08734130859375,0.1276702880859375
U-Tikhonov T4/CG32,147,47,0,/Users/kyrillguba/Documents/Data Analytics MSc/Thesis/Python/First Try/data/DIV2K/DIV2K_valid_HR/0848.png,div2k/0848.png/sigma_0.100,div2k,0848.png,20047,226e619ed1295a7c7b4eb9d622c6124c81ba03e21362bb8eee67e67dced25224,29141bb4c48bd018ea9e6e7e5bcf7acbd1ec089db3974cea22deaa532db4e025,0.10000000149011612,0.00900827907025814,20.453582763671875,0.6942570209503174,0.0023502225521951914,26.288909912109375,0.8938891887664795,2.0864710807800293,2.5095648765563965,0.00012773684284184128,8.320335388183594,0.010045698843896389,0.9674553871154785,8.320323944091797,0.0811309814453125,0.0459136962890625
U-Tikhonov T4/CG32,148,48,0,/Users/kyrillguba/Documents/Data Analytics MSc/Thesis/Python/First Try/data/DIV2K/DIV2K_valid_HR/0849.png,div2k/0849.png/sigma_0.100,div2k,0849.png,20048,2c70dd5654b23e4a9ab11865c6c70e3077823c4972ad389deddc84dd9edc36b8,67496b41386bc3c88e9e83ee22b8d3a57f6f0a4ba1269ebd2b1c5bc752d1a3bc,0.10000000149011612,0.00921087246388197,20.35699462890625,0.8438193202018738,0.00510195130482316,22.922637939453125,0.8960368633270264,1.059851884841919,1.7462942600250244,0.0002001555112656206,8.320335388183594,0.0055390214547514915,0.3814815878868103,8.201175689697266,0.1546173095703125,0.008575439453125
U-Tikhonov T4/CG32,149,49,0,/Users/kyrillguba/Documents/Data Analytics MSc/Thesis/Python/First Try/data/DIV2K/DIV2K_valid_HR/0850.png,div2k/0850.png/sigma_0.100,div2k,0850.png,20049,b0e8b344c318dfae08640e56c0b52ec6df0909ea2a5c7128b8b44308511dabe7,e5eed9b98168c320aae9491f2de893ed92ccc53e0d6c387e72f8d2e90f262460,0.10000000149011612,0.009512841701507568,20.216899871826172,0.5987415313720703,0.0019666352309286594,27.062761306762695,0.8591398596763611,3.0616612434387207,2.930088758468628,0.00017302916967310011,8.320335388183594,0.02412003092467785,1.753212332725525,8.320335388183594,0.037811279296875,0.101104736328125
U-Tikhonov T4/CG32,150,50,0,/Users/kyrillguba/Documents/Data Analytics MSc/Thesis/Python/First Try/data/DIV2K/DIV2K_valid_HR/0851.png,div2k/0851.png/sigma_0.100,div2k,0851.png,20050,6cd623610d71351bd69a4193263bc448cd15272dcfd17f66224ecc57d176c5d0,04b876fb5e620624fb5a789176b565a5f47cf999cd2769f1f04b3699cd551808,0.10000000149011612,0.00909978523850441,20.40968894958496,0.45385831594467163,0.0016514877788722515,27.821247100830078,0.9072089195251465,4.883259296417236,3.452848196029663,0.0005597153794951737,8.320335388183594,0.01595667190849781,6.409670829772949,8.320335388183594,0.0512542724609375,0.3023834228515625
U-Tikhonov T4/CG32,151,51,0,/Users/kyrillguba/Documents/Data Analytics MSc/Thesis/Python/First Try/data/DIV2K/DIV2K_valid_HR/0852.png,div2k/0852.png/sigma_0.100,div2k,0852.png,20051,73b3c50a05a0fcb1a26fb8f3d88ebc57fe34409f6e6d0d125e46c18d90cca3a1,17353f211f92fc85c89c297f06876badb25b6456c6b233a1a98aee22ee086d70,0.10000000149011612,0.006303895264863968,22.003910064697266,0.33275675773620605,0.0015860332641750574,27.99687957763672,0.5939280986785889,4.731067657470703,3.0338261127471924,0.002016946906223893,8.320335388183594,0.09877929836511612,4.951615810394287,8.32032585144043,0.0081024169921875,0.1648712158203125
U-Tikhonov T4/CG32,152,52,0,/Users/kyrillguba/Documents/Data Analytics MSc/Thesis/Python/First Try/data/DIV2K/DIV2K_valid_HR/0853.png,div2k/0853.png/sigma_0.100,div2k,0853.png,20052,e9eb55fc2bc1bcfd2fad63122c380357a672f2b9f14b61a7547da796324e10c2,2a4a46f0eaf5d1fadc00d4ef05bf92a9fe627ad832048c6055af87d61f360962,0.10000000149011612,0.008257114328444004,20.831716537475586,0.393589586019516,0.0012240174692124128,29.12212562561035,0.8795318007469177,4.882734775543213,3.3073782920837402,0.00034573327866382897,8.320335388183594,0.035662032663822174,5.999488830566406,8.320333480834961,0.022735595703125,0.2592315673828125
U-Tikhonov T4/CG32,153,53,0,/Users/kyrillguba/Documents/Data Analytics MSc/Thesis/Python/First Try/data/DIV2K/DIV2K_valid_HR/0854.png,div2k/0854.png/sigma_0.100,div2k,0854.png,20053,dbefb08aac7a5ad65da8e59ab21cbb0e921c9ad6da4d670be4cb2a982a3e2ffe,bd525848244c4016e4998c6599de8de721f2e9eb73659da056c41adcf5624910,0.10000000149011612,0.009751019068062305,20.109500885009766,0.6039422750473022,0.0027864226140081882,25.549530029296875,0.8567517399787903,3.0803275108337402,3.150571346282959,0.00024993548868224025,8.320335388183594,0.01568828709423542,1.450417399406433,8.320335388183594,0.0506744384765625,0.141693115234375
U-Tikhonov T4/CG32,154,54,0,/Users/kyrillguba/Documents/Data Analytics MSc/Thesis/Python/First Try/data/DIV2K/DIV2K_valid_HR/0855.png,div2k/0855.png/sigma_0.100,div2k,0855.png,20054,9e2b3caa326eef35864ca6323728491aaf77f5232b3a1b7435275b7a4b5bc314,9c884a4c1264511665220097ef6455b848e483cc451c7b09ba79a3bc39982fef,0.10000000149011612,0.009356774389743805,20.288738250732422,0.5107844471931458,0.0016627918230369687,27.791622161865234,0.8463755249977112,3.6665377616882324,2.929724931716919,0.0006142596830613911,8.320335388183594,0.04307340830564499,2.666782855987549,8.320235252380371,0.01971435546875,0.0981903076171875
U-Tikhonov T4/CG32,155,55,0,/Users/kyrillguba/Documents/Data Analytics MSc/Thesis/Python/First Try/data/DIV2K/DIV2K_valid_HR/0856.png,div2k/0856.png/sigma_0.100,div2k,0856.png,20055,66cf31de43a337537e663db0aecf5dd0004e87a0fbe2bd2cdc7ed9a8b4a93ece,8db0d4fb635c06647b3d027ad817c93618ff33a3591a9b57db124c192372aa52,0.10000000149011612,0.009079148061573505,20.4195499420166,0.443595290184021,0.0018396502127870917,27.35264778137207,0.732445240020752,3.520293712615967,2.8116366863250732,0.0015795626677572727,8.320335388183594,0.07664414495229721,2.4966607093811035,8.320185661315918,0.011444091796875,0.0843505859375
U-Tikhonov T4/CG32,156,56,0,/Users/kyrillguba/Documents/Data Analytics MSc/Thesis/Python/First Try/data/DIV2K/DIV2K_valid_HR/0857.png,div2k/0857.png/sigma_0.100,div2k,0857.png,20056,ab895c24c3f27bd01daebb297e1995e3f7eaba3372e5cc7e32fb98edb3dfd93b,476bbdf273fdcd9ae475898c6ecc7ce6e5edaf3d4d08218db00d7bed56909036,0.10000000149011612,0.00997798889875412,20.009571075439453,0.4474475383758545,0.0007455945597030222,31.274974822998047,0.909737229347229,4.234423637390137,2.830765724182129,0.0010097272461280227,8.320335388183594,0.061257846653461456,3.7199442386627197,8.319924354553223,0.0135955810546875,0.0952606201171875
U-Tikhonov T4/CG32,157,57,0,/Users/kyrillguba/Documents/Data Analytics MSc/Thesis/Python/First Try/data/DIV2K/DIV2K_valid_HR/0858.png,div2k/0858.png/sigma_0.100,div2k,0858.png,20057,69c3c9a846793f1dd2cda90db3fba707412671412126cd1eaad1496e784f7c0e,0995b1952cfd847384835bae14f9a97cce530f1e88cfd5c392481a0c5c30bbd1,0.10000000149011612,0.007848209701478481,21.05229377746582,0.5598976612091064,0.0023607213515788317,26.26955223083496,0.7467377185821533,3.0824337005615234,2.952430486679077,0.00048640958266332746,8.320335388183594,0.03488253057003021,1.6941109895706177,8.320204734802246,0.029876708984375,0.0900421142578125
U-Tikhonov T4/CG32,158,58,0,/Users/kyrillguba/Documents/Data Analytics MSc/Thesis/Python/First Try/data/DIV2K/DIV2K_valid_HR/0859.png,div2k/0859.png/sigma_0.100,div2k,0859.png,20058,0783919bca182fbd4ec27a809e6b7e6c58e89fddb3d3ef3d1bd5c807651c9a53,9e180ea026a3eef1371dab91bcf0d927754d8dee60a9b4becb90165ef4632c49,0.10000000149011612,0.009828127920627594,20.075292587280273,0.6457004547119141,0.0028015305288136005,25.526046752929688,0.8231801390647888,2.6564059257507324,2.719303607940674,0.00021998942247591913,8.320335388183594,0.028901563957333565,1.4175236225128174,8.319856643676758,0.0320281982421875,0.056976318359375
U-Tikhonov T4/CG32,159,59,0,/Users/kyrillguba/Documents/Data Analytics MSc/Thesis/Python/First Try/data/DIV2K/DIV2K_valid_HR/0860.png,div2k/0860.png/sigma_0.100,div2k,0860.png,20059,6323c40a5d11f381b901e87cf8f54d9578bc32be44b9350ac5386eb44224de4a,63ead1cd4b82fcf5bffae114e0fb4ca2e4246029d73f8633a1acde2e19613fe0,0.10000000149011612,0.009273558855056763,20.327537536621094,0.7460750341415405,0.003891637548804283,24.098678588867188,0.8301146626472473,1.4082330465316772,1.7523608207702637,0.00026638468261808157,8.320303916931152,0.01798071153461933,0.7769415974617004,8.10653305053711,0.0558624267578125,0.0054779052734375
U-Tikhonov T4/CG32,160,60,0,/Users/kyrillguba/Documents/Data Analytics MSc/Thesis/Python/First Try/data/DIV2K/DIV2K_valid_HR/0861.png,div2k/0861.png/sigma_0.100,div2k,0861.png,20060,c3df240f2bf2bcdcdc9060b4ba3b0dd6324594f485ce3ee2d407f0b5364d72d7,a9a12e0aaefddc591199232f1d5f742e9109541608c31ecf59629e223d529eec,0.10000000149011612,0.007323967292904854,21.352537155151367,0.6070129871368408,0.0031436248682439327,25.025693893432617,0.7584823966026306,3.36483097076416,3.2523744106292725,0.00022950104903429747,8.320335388183594,0.011380387470126152,1.794863224029541,8.320331573486328,0.070587158203125,0.133758544921875
U-Tikhonov T4/CG32,161,61,0,/Users/kyrillguba/Documents/Data Analytics MSc/Thesis/Python/First Try/data/DIV2K/DIV2K_valid_HR/0862.png,div2k/0862.png/sigma_0.100,div2k,0862.png,20061,b28039f4ed1566ad4bef028589288dfa1cf33c4b676694010eb5d0d9f228ef50,959ccc78623b336d62f55a6a714d36d189c961c063e3dadc6f1f2acbc6c70a2a,0.10000000149011612,0.009982351213693619,20.007671356201172,0.33325788378715515,0.0006533475825563073,31.848556518554688,0.8781616687774658,5.49388313293457,2.9347269535064697,0.0007179748499765992,8.320335388183594,0.16270571947097778,6.853878021240234,8.320330619812012,0.00433349609375,0.2891693115234375
U-Tikhonov T4/CG32,162,62,0,/Users/kyrillguba/Documents/Data Analytics MSc/Thesis/Python/First Try/data/DIV2K/DIV2K_valid_HR/0863.png,div2k/0863.png/sigma_0.100,div2k,0863.png,20062,69a9aeec52e386294dc8c778c0d11c7f842f0960ca488aa898c25c50220c823a,5618043d9d3bf03908250b939c6297cb19642235a3c4b3af94b85798507b799b,0.10000000149011612,0.0091111334040761,20.404277801513672,0.5163592100143433,0.0015159165486693382,28.193246841430664,0.8961950540542603,3.5543737411499023,3.364436388015747,0.00047044764505699277,8.320335388183594,0.03120533376932144,1.7615108489990234,8.320335388183594,0.0355224609375,0.2094573974609375
U-Tikhonov T4/CG32,163,63,0,/Users/kyrillguba/Documents/Data Analytics MSc/Thesis/Python/First Try/data/DIV2K/DIV2K_valid_HR/0864.png,div2k/0864.png/sigma_0.100,div2k,0864.png,20063,fb786dffb18452c590dd1e18bebeea18d1c1bec24fd9d36d75ba35ad6c8a81d3,12fb470b3d46c90d01b555ae70f59db0f7bfbf9cd2bcdc6fd3ea0b8ed76202d2,0.10000000149011612,0.0095108263194561,20.217817306518555,0.6106503009796143,0.001882624113932252,27.252365112304688,0.8519741296768188,2.306384801864624,2.3768234252929688,0.0007711530197411776,8.320335388183594,0.03896166384220123,1.3452764749526978,8.316802978515625,0.027008056640625,0.03118896484375
U-Tikhonov T4/CG32,164,64,0,/Users/kyrillguba/Documents/Data Analytics MSc/Thesis/Python/First Try/data/DIV2K/DIV2K_valid_HR/0865.png,div2k/0865.png/sigma_0.100,div2k,0865.png,20064,f92af3991be3de305c0efcfbe87ac07586eb280db7c47c56bbf8452a9b10010c,f67e280d87d20f1c266f6b5b05d10e674034d6352756e35108aee9a2fa9286bd,0.10000000149011612,0.009856237098574638,20.062889099121094,0.5661797523498535,0.0018342103576287627,27.365510940551758,0.8606781959533691,2.7817916870117188,2.8490402698516846,0.0007605797727592289,8.320335388183594,0.028036419302225113,1.4117581844329834,8.319433212280273,0.0361785888671875,0.069671630859375
U-Tikhonov T4/CG32,165,65,0,/Users/kyrillguba/Documents/Data Analytics MSc/Thesis/Python/First Try/data/DIV2K/DIV2K_valid_HR/0866.png,div2k/0866.png/sigma_0.100,div2k,0866.png,20065,64fe1cb87ea16bd47a4af52b635bd686b87a3bb0bb006aa875e7090e7f4f1b09,5a433ea275e536aa640c70b64ed3189144c7b9d55b564f7b9a573197f2c2105b,0.10000000149011612,0.009749007411301136,20.110397338867188,0.7100076079368591,0.003048880957067013,25.15859603881836,0.8625004887580872,2.112131357192993,2.5726301670074463,0.000413961912272498,8.320335388183594,0.010277755558490753,0.9228420257568359,8.319403648376465,0.0853118896484375,0.0460357666015625
U-Tikhonov T4/CG32,166,66,0,/Users/kyrillguba/Documents/Data Analytics MSc/Thesis/Python/First Try/data/DIV2K/DIV2K_valid_HR/0867.png,div2k/0867.png/sigma_0.100,div2k,0867.png,20066,a1b0a4eea55a3cc398df9e911e7db0ecbec9938d8ca0f96d3252df65b6daed62,d3596bfffab130a8252c78644bb26e7ffe06ec9cd2771644261183d83a4e1cc0,0.10000000149011612,0.009541342034935951,20.20390510559082,0.7404269576072693,0.0028042453341186047,25.521841049194336,0.8875657320022583,1.8289599418640137,2.4121010303497314,0.0005576176336035132,8.320335388183594,0.011470211669802666,0.7498607635498047,8.319849967956543,0.083892822265625,0.0418701171875
U-Tikhonov T4/CG32,167,67,0,/Users/kyrillguba/Documents/Data Analytics MSc/Thesis/Python/First Try/data/DIV2K/DIV2K_valid_HR/0868.png,div2k/0868.png/sigma_0.100,div2k,0868.png,20067,a5806164ffd45d6b14c4f40b199c062ca7d2855351fd99291a948b57f15212f1,0229669bb41b80ad700535d241feed15e7d28bdc8b353e408b18259398dabef5,0.10000000149011612,0.008502976968884468,20.704288482666016,0.3280462622642517,0.000930124893784523,30.31458854675293,0.9286867380142212,6.070047378540039,3.081493854522705,0.00031902818591333926,8.320335388183594,0.022976266220211983,8.062639236450195,8.320335388183594,0.0300140380859375,0.41326904296875
U-Tikhonov T4/CG32,168,68,0,/Users/kyrillguba/Documents/Data Analytics MSc/Thesis/Python/First Try/data/DIV2K/DIV2K_valid_HR/0869.png,div2k/0869.png/sigma_0.100,div2k,0869.png,20068,bc61ffc14754a4c0e306111ec7946ec828ebc05b363e7717d8c2f300d7750e5c,cd2f3f08c7c3efb7473bd4c81fe4156eb9060582b568b86be9e4b9d59169846f,0.10000000149011612,0.009489672258496284,20.227489471435547,0.5651524066925049,0.0019903574138879776,27.01068878173828,0.8700118064880371,3.884434938430786,3.410187005996704,0.00027105369372293353,8.320335388183594,0.0248749740421772,2.3788366317749023,8.320334434509277,0.038848876953125,0.2160186767578125
U-Tikhonov T4/CG32,169,69,0,/Users/kyrillguba/Documents/Data Analytics MSc/Thesis/Python/First Try/data/DIV2K/DIV2K_valid_HR/0870.png,div2k/0870.png/sigma_0.100,div2k,0870.png,20069,23fb86d88c32c580e802edb1ef9cd9aecf3ca74c79ecdde14ada63f7050ad410,f16e67fd6cd51d4bb157dd3956e6fdd4376c93344ca114a093849f9ff793dfa9,0.10000000149011612,0.00978570245206356,20.094079971313477,0.7300774455070496,0.0034615169279277325,24.607336044311523,0.8416911959648132,1.246016502380371,1.5865288972854614,0.0004974681069143116,8.320276260375977,0.020956480875611305,0.6929812431335449,7.949375629425049,0.0552215576171875,0.0036163330078125
U-Tikhonov T4/CG32,170,70,0,/Users/kyrillguba/Documents/Data Analytics MSc/Thesis/Python/First Try/data/DIV2K/DIV2K_valid_HR/0871.png,div2k/0871.png/sigma_0.100,div2k,0871.png,20070,755675f2824bd9535075c3a3649ecad82608dffc5b28d5b6777c999ce5ac8feb,6a0cebe551232da5a94575252472c29db0b5793607ab75f371852670a8ddf197,0.10000000149011612,0.009753039106726646,20.10860252380371,0.6733852624893188,0.002195459557697177,26.584747314453125,0.8905541300773621,2.063535213470459,2.404465436935425,0.0002219603629782796,8.320335388183594,0.01905844546854496,1.0161752700805664,8.318313598632812,0.052459716796875,0.0352935791015625
U-Tikhonov T4/CG32,171,71,0,/Users/kyrillguba/Documents/Data Analytics MSc/Thesis/Python/First Try/data/DIV2K/DIV2K_valid_HR/0872.png,div2k/0872.png/sigma_0.100,div2k,0872.png,20071,a3051017ca8c7da3a6c7830c9bb928ecf2b81dc2add6c092a6aecfa321376f6b,529213461c041abaf5ea0a860118362802927a015fbbc359c49100f32f8b9878,0.10000000149011612,0.009656647220253944,20.151737213134766,0.7541844248771667,0.0031924592331051826,24.9587459564209,0.8841640949249268,1.751729965209961,2.2434489727020264,0.000175024033524096,8.320335388183594,0.010301923379302025,0.760644793510437,8.312530517578125,0.0846710205078125,0.021728515625
U-Tikhonov T4/CG32,172,72,0,/Users/kyrillguba/Documents/Data Analytics MSc/Thesis/Python/First Try/data/DIV2K/DIV2K_valid_HR/0873.png,div2k/0873.png/sigma_0.100,div2k,0873.png,20072,98eca5a763607b677cf4da90c4112b7bd27d325edaf99023f29c46b2af95740e,f8e45952713a11ce9a6004c66c8d9a0fe657b02b641945445f43a990b67068b6,0.10000000149011612,0.009869927540421486,20.056859970092773,0.6017451286315918,0.0027123610489070415,25.66652488708496,0.8453060984611511,2.566422462463379,2.893822431564331,0.0011252425611019135,8.320335388183594,0.03997700661420822,1.1332793235778809,8.320293426513672,0.027801513671875,0.1064453125
U-Tikhonov T4/CG32,173,73,0,/Users/kyrillguba/Documents/Data Analytics MSc/Thesis/Python/First Try/data/DIV2K/DIV2K_valid_HR/0874.png,div2k/0874.png/sigma_0.100,div2k,0874.png,20073,c1b141701b55a15db0c8d9d38d28131d0c6935abc941c0cf5a1b8e17483ce6db,8714757c7cefeaf51668906df37cd9bc4f339497a1ad81057cb9dcf4f3c9aba7,0.10000000149011612,0.009442366659641266,20.249191284179688,0.5293329954147339,0.0016866734949871898,27.729690551757812,0.8258123397827148,3.2423055171966553,2.8966853618621826,0.00047770835226401687,8.320335388183594,0.03477860614657402,1.9957809448242188,8.320331573486328,0.023712158203125,0.099884033203125
U-Tikhonov T4/CG32,174,74,0,/Users/kyrillguba/Documents/Data Analytics MSc/Thesis/Python/First Try/data/DIV2K/DIV2K_valid_HR/0875.png,div2k/0875.png/sigma_0.100,div2k,0875.png,20074,9efdc0057bb6e53db148019bb4a13192254fce5f31a016a4924e85fc6ee62a16,79c7871fdc92244fc03b37776af2dac4f07ffad0f5f0634b08ac5cbe41808f67,0.10000000149011612,0.00937436893582344,20.280580520629883,0.7994077205657959,0.003417443949729204,24.662988662719727,0.8974190950393677,1.3024954795837402,1.901378870010376,0.0001742654130794108,8.320335388183594,0.010470234788954258,0.5833380222320557,8.317090034484863,0.0900726318359375,0.0214080810546875
U-Tikhonov T4/CG32,175,75,0,/Users/kyrillguba/Documents/Data Analytics MSc/Thesis/Python/First Try/data/DIV2K/DIV2K_valid_HR/0876.png,div2k/0876.png/sigma_0.100,div2k,0876.png,20075,84df379a2b4a7b995296e31b3954bfb9a7731d5e2d0b8650405a416a53e11125,654e45defe491a2f2df43d9ff8de2d0759c17fdba0de1195702d52ede68f4196,0.10000000149011612,0.00821440014988184,20.8542423248291,0.6224081516265869,0.0025170489680022,25.991085052490234,0.7897030115127563,2.2196240425109863,2.349274158477783,0.00034974596928805113,8.320335388183594,0.020750341936945915,1.2339167594909668,8.284285545349121,0.0448150634765625,0.015960693359375
U-Tikhonov T4/CG32,176,76,0,/Users/kyrillguba/Documents/Data Analytics MSc/Thesis/Python/First Try/data/DIV2K/DIV2K_valid_HR/0877.png,div2k/0877.png/sigma_0.100,div2k,0877.png,20076,a7be10c02736c3557926612d053466a395f1f8df83ddeeff7027d05bb769b33a,e77ce1907bd4a2412344169304caffc1f0f6da79cf0cd08dd9b995a703ba7e60,0.10000000149011612,0.008973807096481323,20.470233917236328,0.4357912540435791,0.0010539813665673137,29.771671295166016,0.8530055284500122,3.4704363346099854,2.747284412384033,0.0003653552266769111,8.320335388183594,0.04221908003091812,2.620809316635132,8.316707611083984,0.021636962890625,0.0477752685546875
U-Tikhonov T4/CG32,177,77,0,/Users/kyrillguba/Documents/Data Analytics MSc/Thesis/Python/First Try/data/DIV2K/DIV2K_valid_HR/0878.png,div2k/0878.png/sigma_0.100,div2k,0878.png,20077,f1e61ee7f615bf40fc0cc24a3750fc6413019d89281f32d061c3bfb42fdf3082,ba873ad736f651359d212e7fda5be93795141f25d29a8c56fae1a1999c1c56ee,0.10000000149011612,0.009745083749294281,20.112144470214844,0.6891080141067505,0.002589270006865263,25.868227005004883,0.8675330281257629,2.121070384979248,2.4796040058135986,0.0003811906208284199,8.320335388183594,0.01786893792450428,1.0018632411956787,8.317974090576172,0.0556182861328125,0.03704833984375
U-Tikhonov T4/CG32,178,78,0,/Users/kyrillguba/Documents/Data Analytics MSc/Thesis/Python/First Try/data/DIV2K/DIV2K_valid_HR/0879.png,div2k/0879.png/sigma_0.100,div2k,0879.png,20078,f7a72db70e5d13cc9ce0514ee1b317f98a5b43e5671f68071037416761ac50bb,54ff8a6000defd60f55faf992ce3e7b31f2a2f52b7d0ed78cafd6f60df3244b7,0.10000000149011612,0.009800195693969727,20.0876522064209,0.4864945411682129,0.001826838357374072,27.38300132751465,0.909784734249115,4.499671936035156,3.546353816986084,0.0004974980838596821,8.320335388183594,0.016444355249404907,5.135839462280273,8.320333480834961,0.0537261962890625,0.2743988037109375
U-Tikhonov T4/CG32,179,79,0,/Users/kyrillguba/Documents/Data Analytics MSc/Thesis/Python/First Try/data/DIV2K/DIV2K_valid_HR/0880.png,div2k/0880.png/sigma_0.100,div2k,0880.png,20079,2464ffab9474f65f91c41e6231fc7c3907d471b36d493192c28dd9a9c9ac3c4c,6068708c32342e6b6df9bf4e2fb546a318c0074608c8af565def68d4f73d8038,0.10000000149011612,0.009952405467629433,20.020721435546875,0.4326709508895874,0.0013669012114405632,28.64263153076172,0.8922810554504395,4.742541313171387,3.443166732788086,0.0009313255432061851,8.320335388183594,0.03208543360233307,5.8383331298828125,8.320333480834961,0.0273895263671875,0.291107177734375
U-Tikhonov T4/CG32,180,80,0,/Users/kyrillguba/Documents/Data Analytics MSc/Thesis/Python/First Try/data/DIV2K/DIV2K_valid_HR/0881.png,div2k/0881.png/sigma_0.100,div2k,0881.png,20080,b4be0560c87adf38d8561ec3fb5a8e3e0e5d0b43501194ff1ff77f1511e89119,326d7851cc92f94124419908819bc1c797ee5e04dccc6fbc9f366ead957337e1,0.10000000149011612,0.00986284576356411,20.05997657775879,0.4646434187889099,0.0013754948740825057,28.61540985107422,0.868732213973999,4.305150985717773,3.096454381942749,0.0001769661612343043,8.320335388183594,0.041773777455091476,3.724738597869873,8.320306777954102,0.01953125,0.1675262451171875
U-Tikhonov T4/CG32,181,81,0,/Users/kyrillguba/Documents/Data Analytics MSc/Thesis/Python/First Try/data/DIV2K/DIV2K_valid_HR/0882.png,div2k/0882.png/sigma_0.100,div2k,0882.png,20081,aac379d4eb1f7ffb4575e0fcca3a6836e85643267b9f537632bdfd3422ae2a6d,c4cb2770f469a6b1db185a8e62a3ae0dac421972588881c4405ed2425a64ec4a,0.10000000149011612,0.009415140375494957,20.261734008789062,0.6395930051803589,0.0019810106605291367,27.0311336517334,0.9102613925933838,2.2084593772888184,2.613044261932373,0.000144751655170694,8.320335388183594,0.006079755257815123,1.0140180587768555,8.31882381439209,0.086639404296875,0.0474395751953125
U-Tikhonov T4/CG32,182,82,0,/Users/kyrillguba/Documents/Data Analytics MSc/Thesis/Python/First Try/data/DIV2K/DIV2K_valid_HR/0883.png,div2k/0883.png/sigma_0.100,div2k,0883.png,20082,dc84aa16cb279e020e6bb4a512b74aeb161e2c3b612b40cfe834b4ea44c4dbd4,02c3fc747fc31008a2c17231bb7d372b96a3ca9aa91b9441fbeea959251bf6d8,0.10000000149011612,0.009631909430027008,20.162878036499023,0.705026388168335,0.0028655026108026505,25.42799186706543,0.8783971667289734,2.1889710426330566,2.751594305038452,0.0006388617912307382,8.320335388183594,0.01385750062763691,0.8479381799697876,8.32032585144043,0.065643310546875,0.0869903564453125
U-Tikhonov T4/CG32,183,83,0,/Users/kyrillguba/Documents/Data Analytics MSc/Thesis/Python/First Try/data/DIV2K/DIV2K_valid_HR/0884.png,div2k/0884.png/sigma_0.100,div2k,0884.png,20083,c3e792b1483d91371c9eeedd1d20a4f45de1d748d7f261794ce740fbc3ea3016,47bfb1ceb4930ad7db921bc4c4f0a64a5e360b7a4bb4649088a048628bbd573d,0.10000000149011612,0.009465215727686882,20.23869514465332,0.7136551141738892,0.0029037052299827337,25.37047576904297,0.8658033609390259,1.5746285915374756,1.962551236152649,0.00013473212311509997,8.320332527160645,0.012302999384701252,0.8178120255470276,8.217672348022461,0.07025146484375,0.0088958740234375
U-Tikhonov T4/CG32,184,84,0,/Users/kyrillguba/Documents/Data Analytics MSc/Thesis/Python/First Try/data/DIV2K/DIV2K_valid_HR/0885.png,div2k/0885.png/sigma_0.100,div2k,0885.png,20084,d1b12f5bdff73a004166bc26bfd68ed924612ba4dfeb5ee46ef886fec9606402,3f47b63087f24ce76d1021060b4556c275768dd06d8953d703f453fec8d2e216,0.10000000149011612,0.009921858087182045,20.034069061279297,0.5917404294013977,0.00257422705180943,25.893531799316406,0.791894793510437,2.621295928955078,2.6830687522888184,0.0004325357440393418,8.320335388183594,0.014951219782233238,1.441272497177124,8.31995964050293,0.0505828857421875,0.05126953125
U-Tikhonov T4/CG32,185,85,0,/Users/kyrillguba/Documents/Data Analytics MSc/Thesis/Python/First Try/data/DIV2K/DIV2K_valid_HR/0886.png,div2k/0886.png/sigma_0.100,div2k,0886.png,20085,8269830c494c50f2ca58c9fe1491092884eabccc73e5d87438dd2282f32843ab,485afdc014678bde03cdff386abafda609af75925c86830d2cabdbadf5ed02ff,0.10000000149011612,0.0095310527831316,20.20859146118164,0.4675765931606293,0.0011361218057572842,29.445751190185547,0.9051116704940796,3.835696220397949,2.956207752227783,0.00015520554734393954,8.320335388183594,0.030184058472514153,3.030867576599121,8.320240020751953,0.0262908935546875,0.0961761474609375
U-Tikhonov T4/CG32,186,86,0,/Users/kyrillguba/Documents/Data Analytics MSc/Thesis/Python/First Try/data/DIV2K/DIV2K_valid_HR/0887.png,div2k/0887.png/sigma_0.100,div2k,0887.png,20086,9674e5076ec8c005bce7e3450e6bf09deb82df9952eaff58c7717b3a16e90f3e,912790f90dbdea56174c1e034cc1efe7964335dc4c73269389d494ba9a6ee783,0.10000000149011612,0.009589008055627346,20.18226432800293,0.5204975605010986,0.0021683797240257263,26.638648986816406,0.8488398790359497,3.6933774948120117,3.3176722526550293,0.00029069968149997294,8.320335388183594,0.020258788019418716,2.1062378883361816,8.320334434509277,0.040191650390625,0.194091796875
U-Tikhonov T4/CG32,187,87,0,/Users/kyrillguba/Documents/Data Analytics MSc/Thesis/Python/First Try/data/DIV2K/DIV2K_valid_HR/0888.png,div2k/0888.png/sigma_0.100,div2k,0888.png,20087,0b12dfb6e7a24bf393f0f61b8c12a04a0e14c82f6eb77cce3a6d2ed989cadb40,50da035f692a0c49935f5534c311abaf4ca5fa4726eef5315ef1ef857e255215,0.10000000149011612,0.00918933842331171,20.36716079711914,0.7557084560394287,0.0030259503982961178,25.191381454467773,0.8945485949516296,1.5629700422286987,2.1729094982147217,0.0001755000266712159,8.320335388183594,0.00902741588652134,0.6245872974395752,8.31520938873291,0.100921630859375,0.023223876953125
U-Tikhonov T4/CG32,188,88,0,/Users/kyrillguba/Documents/Data Analytics MSc/Thesis/Python/First Try/data/DIV2K/DIV2K_valid_HR/0889.png,div2k/0889.png/sigma_0.100,div2k,0889.png,20088,65b588cd7d91eb7ab3ad2ee297b48e2bcd71468e6f3fd4cedd22296161fcf0b3,8d34660f2e0e3dead603cd5577a99ac1f81bbaae7c55ec67e99bb5ee455c50c3,0.10000000149011612,0.009270859882235527,20.328800201416016,0.7982643246650696,0.003834415227174759,24.163009643554688,0.8849588632583618,1.277809739112854,1.9807738065719604,0.00017215391562785953,8.320335388183594,0.009207550436258316,0.4842783212661743,8.319934844970703,0.1208038330078125,0.0245208740234375
U-Tikhonov T4/CG32,189,89,0,/Users/kyrillguba/Documents/Data Analytics MSc/Thesis/Python/First Try/data/DIV2K/DIV2K_valid_HR/0890.png,div2k/0890.png/sigma_0.100,div2k,0890.png,20089,641726511e5ab55ecb5dccce15a53a64473d43e0a2be22d51e522b22644d2891,5294647d295a4c15f8ff3644c7c6ab9c2641a556b4e4ebfbc42142ab0afd93cb,0.10000000149011612,0.01000051386654377,19.99977684020996,0.4299912452697754,0.0013808803632855415,28.598440170288086,0.8710681200027466,4.312461853027344,3.293978691101074,0.0015871564392000437,8.320335388183594,0.061918288469314575,3.413100481033325,8.320320129394531,0.0142669677734375,0.2274627685546875
U-Tikhonov T4/CG32,190,90,0,/Users/kyrillguba/Documents/Data Analytics MSc/Thesis/Python/First Try/data/DIV2K/DIV2K_valid_HR/0891.png,div2k/0891.png/sigma_0.100,div2k,0891.png,20090,df25cc2cba32c4a350c4749f690c8d6acb73d96d359ca40b6fee4071dbf564d0,1c639feebc304672531393e36b576a7cb6187280cabf665a36fe0267182ffa86,0.10000000149011612,0.009555201977491379,20.197601318359375,0.7634689807891846,0.0031550521962344646,25.00993537902832,0.8895366787910461,1.7532603740692139,2.347332239151001,0.0001954624312929809,8.320335388183594,0.013311721384525299,0.7025183439254761,8.319950103759766,0.0827789306640625,0.0373382568359375
U-Tikhonov T4/CG32,191,91,0,/Users/kyrillguba/Documents/Data Analytics MSc/Thesis/Python/First Try/data/DIV2K/DIV2K_valid_HR/0892.png,div2k/0892.png/sigma_0.100,div2k,0892.png,20091,cf51693d41de71e034484154f59145fbffeb5a48fb250085472f21ef15bc44ee,debeac3caf7ff3565507b8abfcf135fdfa7bf4a9f1ee974f8c206be47bb39e6d,0.10000000149011612,0.00942610576748848,20.256675720214844,0.7635036706924438,0.0036512105725705624,24.37563133239746,0.8757023811340332,1.5295517444610596,2.2817459106445312,0.0001359398738713935,8.320335388183594,0.005530142690986395,0.47953152656555176,8.31707763671875,0.1467132568359375,0.0278167724609375
U-Tikhonov T4/CG32,192,92,0,/Users/kyrillguba/Documents/Data Analytics MSc/Thesis/Python/First Try/data/DIV2K/DIV2K_valid_HR/0893.png,div2k/0893.png/sigma_0.100,div2k,0893.png,20092,e38a2d9fc2bb1bfe2d7f4ac7ac04be6e3b640472049753a9ec509cb5b184dfae,6f93afe0e7861fbf77343fdd8197e031c4a4a0407b5baef5fb7ec34d855dae05,0.10000000149011612,0.009200251661241055,20.362003326416016,0.5618415474891663,0.0017227953067049384,27.637664794921875,0.8734695911407471,2.9807260036468506,2.895618200302124,0.000286438618786633,8.320335388183594,0.013217424973845482,1.7769207954406738,8.320327758789062,0.0634307861328125,0.0724945068359375
U-Tikhonov T4/CG32,193,93,0,/Users/kyrillguba/Documents/Data Analytics MSc/Thesis/Python/First Try/data/DIV2K/DIV2K_valid_HR/0894.png,div2k/0894.png/sigma_0.100,div2k,0894.png,20093,f7c053db8ff81bb3c056ed342eb0bfb9ba890e8adb30617f79d560f11e941c73,30a5c1ca16d27861e24190dad9b2a384d6b05534a67be7cf1ca5df6366b72468,0.10000000149011612,0.009077124297618866,20.420516967773438,0.4872620701789856,0.001540466444566846,28.123476028442383,0.8143936395645142,5.047569751739502,3.211810827255249,0.00021062098676338792,8.320335388183594,0.024102486670017242,6.163609504699707,8.320335388183594,0.027496337890625,0.271026611328125
U-Tikhonov T4/CG32,194,94,0,/Users/kyrillguba/Documents/Data Analytics MSc/Thesis/Python/First Try/data/DIV2K/DIV2K_valid_HR/0895.png,div2k/0895.png/sigma_0.100,div2k,0895.png,20094,abdbc9e5dd323d44902bb35948460b514a4fe27d53aa9bc4f2072e0a425a5902,bddbad9742942691890fe566cd88956421165dccbedae11959432a2c90d113bd,0.10000000149011612,0.009526779875159264,20.21053695678711,0.6563657522201538,0.003550587221980095,24.496997833251953,0.7793319225311279,2.663206100463867,2.705796480178833,0.00018722728418651968,8.320335388183594,0.027080409228801727,1.4110620021820068,8.320087432861328,0.0296478271484375,0.060394287109375
U-Tikhonov T4/CG32,195,95,0,/Users/kyrillguba/Documents/Data Analytics MSc/Thesis/Python/First Try/data/DIV2K/DIV2K_valid_HR/0896.png,div2k/0896.png/sigma_0.100,div2k,0896.png,20095,857388cd8fc429b194bc7374762cee70b099ddf090a6495b03d92edc4c8c7b8d,ed8237e9328164f9c35a110fc106be33a51d883c93ee1d77f37ca46616c18030,0.10000000149011612,0.007742912508547306,21.110958099365234,0.4308375120162964,0.0012843047734349966,28.91332244873047,0.934353232383728,5.79395866394043,3.215576171875,0.0001018026887322776,8.320335388183594,0.01588153839111328,7.969757080078125,8.320335388183594,0.037384033203125,0.402496337890625
U-Tikhonov T4/CG32,196,96,0,/Users/kyrillguba/Documents/Data Analytics MSc/Thesis/Python/First Try/data/DIV2K/DIV2K_valid_HR/0897.png,div2k/0897.png/sigma_0.100,div2k,0897.png,20096,a75baf8d323b01687486bd536ce524304bab0a20ffcaf0d6d19c9abe9c8bef57,a63b8fa197b05d8e5bf0fa82b2563e29a9049e5ae0abc4d2dc179b824f659cf9,0.10000000149011612,0.008784262463450432,20.562950134277344,0.9075582027435303,0.00588251231238246,22.304372787475586,0.928104817867279,0.4183763265609741,1.0916006565093994,0.0001112195459427312,8.320320129394531,0.00046497033326886594,0.0812634825706482,6.644792556762695,0.5043182373046875,0.00152587890625
U-Tikhonov T4/CG32,197,97,0,/Users/kyrillguba/Documents/Data Analytics MSc/Thesis/Python/First Try/data/DIV2K/DIV2K_valid_HR/0898.png,div2k/0898.png/sigma_0.100,div2k,0898.png,20097,0f9b0c2f1793b1dd0ac81be97181b9e904a39fcf108cd39194842f26678085f7,e0a00bd945760a3bff4ac1a1889aa48c29afd08da89393df7aabc94d1aae0963,0.10000000149011612,0.009870977140963078,20.056398391723633,0.3446851372718811,0.0010706241009756923,29.703632354736328,0.9170217514038086,5.75624942779541,3.2466695308685303,0.0006003467133268714,8.320335388183594,0.042085207998752594,7.9605207443237305,8.320334434509277,0.0209808349609375,0.3913421630859375
U-Tikhonov T4/CG32,198,98,0,/Users/kyrillguba/Documents/Data Analytics MSc/Thesis/Python/First Try/data/DIV2K/DIV2K_valid_HR/0899.png,div2k/0899.png/sigma_0.100,div2k,0899.png,20098,bea5ead4e165747f9c0e6d434cc536abdd4760b1a8da09c78f705024684bff65,f8ddb6007ee4b3bf4bb6863456ce88ffeac95b4725250836ce5cd61ab3369432,0.10000000149011612,0.009393677115440369,20.271644592285156,0.682702898979187,0.002525684656575322,25.97620964050293,0.8770318627357483,2.1134815216064453,2.6885182857513428,0.0001154319106717594,8.320335388183594,0.0038872428704053164,0.7847950458526611,8.320259094238281,0.1366424560546875,0.054595947265625
U-Tikhonov T4/CG32,199,99,0,/Users/kyrillguba/Documents/Data Analytics MSc/Thesis/Python/First Try/data/DIV2K/DIV2K_valid_HR/0900.png,div2k/0900.png/sigma_0.100,div2k,0900.png,20099,72e06d86758e25d0f39e87b43b4ed00325b96cc08c65fc1809df35beee23e59c,fbb26720cddc77fd7187fc33a24bbfce8155a7b9d419edd08a4aafc36f870bd2,0.10000000149011612,0.007989254780113697,20.974939346313477,0.6753798127174377,0.0029220988508313894,25.34305191040039,0.8319910764694214,2.250164270401001,2.585876941680908,0.00011117364920210093,8.320335388183594,0.009056593291461468,1.0470867156982422,8.317241668701172,0.0826873779296875,0.0333404541015625
U-Tikhonov T4/CG32,200,0,0,/Users/kyrillguba/Documents/Data Analytics MSc/Thesis/Python/First Try/data/DIV2K/DIV2K_valid_HR/0801.png,div2k/0801.png/sigma_0.150,div2k,0801.png,20000,9ca598cce3296c3968a2f8f7685477f637dbdbbb9d4efb1cd418ca185bd31eef,4b7352fb67bcc3e88bb5e359e82b3b5fdb9f00ac8f42dfb7539be9cc8b460d75,0.15000000596046448,0.02073093131184578,16.833812713623047,0.5437043309211731,0.004423256032168865,23.542579650878906,0.7780680656433105,2.528843879699707,2.4463419914245605,0.0003194544988218695,8.320335388183594,0.030002348124980927,1.5535361766815186,8.318536758422852,0.0272064208984375,0.0372467041015625
U-Tikhonov T4/CG32,201,1,0,/Users/kyrillguba/Documents/Data Analytics MSc/Thesis/Python/First Try/data/DIV2K/DIV2K_valid_HR/0802.png,div2k/0802.png/sigma_0.150,div2k,0802.png,20001,3177c80331fb32ceee70ac3ef64d2e56a1bce05ea8a9c0b664e2592552554742,65c4ff1bd6749268fa09bf363143cdec2946b4a9d800cc553d3f598273b13817,0.15000000596046448,0.01958915777504444,17.079843521118164,0.6666738986968994,0.0036092721857130527,24.425804138183594,0.903860330581665,1.7151317596435547,2.0979673862457275,0.00015056367556098849,8.320335388183594,0.017618641257286072,0.8874485492706299,8.30544662475586,0.056854248046875,0.0187530517578125
U-Tikhonov T4/CG32,202,2,0,/Users/kyrillguba/Documents/Data Analytics MSc/Thesis/Python/First Try/data/DIV2K/DIV2K_valid_HR/0803.png,div2k/0803.png/sigma_0.150,div2k,0803.png,20002,671a4205d217354c075117f716a83d9a5ef2b4c921475de333f15ac8882c9356,a291f40ec169c0be79b8e6be0ff2848f8a2daae221de95153691b55f52d50b5c,0.15000000596046448,0.021868281066417694,16.60185432434082,0.40876320004463196,0.002070589456707239,26.839061737060547,0.8609745502471924,3.5964653491973877,2.822518825531006,0.00014632240345235914,8.320335388183594,0.03223252668976784,2.691650867462158,8.32012939453125,0.0237579345703125,0.08575439453125
U-Tikhonov T4/CG32,203,3,0,/Users/kyrillguba/Documents/Data Analytics MSc/Thesis/Python/First Try/data/DIV2K/DIV2K_valid_HR/0804.png,div2k/0804.png/sigma_0.150,div2k,0804.png,20003,f95563d4b6e58b102c165eeec7f7e1ba2608e12c3a331510949f0cce842149ea,54be341d94c05d1c226f972092f09c8c5518d6e72d52eb89e0cb63cc16c56ffb,0.15000000596046448,0.020000513643026352,16.98958969116211,0.6151367425918579,0.004209251143038273,23.757951736450195,0.8385939598083496,2.7019965648651123,2.8453829288482666,0.00017079379176720977,8.320335388183594,0.01224035769701004,1.3787472248077393,8.320335388183594,0.0548248291015625,0.0970611572265625
U-Tikhonov T4/CG32,204,4,0,/Users/kyrillguba/Documents/Data Analytics MSc/Thesis/Python/First Try/data/DIV2K/DIV2K_valid_HR/0805.png,div2k/0805.png/sigma_0.150,div2k,0805.png,20004,bac34b49da4033070da28c152ece5c527c7274eafed4e320f3e7258274a93177,7af59fbcde523e1be67496e447aa765225963c5dbbbe7262ee092085d79778aa,0.15000000596046448,0.019822807982563972,17.028348922729492,0.47705620527267456,0.003477690275758505,24.587093353271484,0.7708787322044373,3.398589849472046,2.787670135498047,0.0005216331919655204,8.320335388183594,0.04924073815345764,2.378690242767334,8.320086479187012,0.01739501953125,0.07269287109375
U-Tikhonov T4/CG32,205,5,0,/Users/kyrillguba/Documents/Data Analytics MSc/Thesis/Python/First Try/data/DIV2K/DIV2K_valid_HR/0806.png,div2k/0806.png/sigma_0.150,div2k,0806.png,20005,befc31ea0c7663db0351a7238adfea3153639f5dfa13cb7cacfd757a46539d49,614267b59f56fd4aa8acd70577a4ee760fd3a072722c6809f51d90052060d060,0.15000000596046448,0.020619215443730354,16.85727882385254,0.4021129310131073,0.002243309747427702,26.491107940673828,0.8416911363601685,4.238043785095215,3.025709867477417,0.00029377752798609436,8.320335388183594,0.04763845354318619,3.6220414638519287,8.320331573486328,0.017333984375,0.1536712646484375
U-Tikhonov T4/CG32,206,6,0,/Users/kyrillguba/Documents/Data Analytics MSc/Thesis/Python/First Try/data/DIV2K/DIV2K_valid_HR/0807.png,div2k/0807.png/sigma_0.150,div2k,0807.png,20006,1e941eaeed69e78250491fe2c5b2f458f2f36301b8aa701227bd408f852fa572,799c1351c205ab26eb11b6cd506f7acbca9a6255d8feed7800e330e07110dc31,0.15000000596046448,0.020689044147729874,16.84259605407715,0.4649003744125366,0.004016200080513954,23.96184730529785,0.7529950737953186,3.5590837001800537,2.993920087814331,0.0004440183111000806,8.320335388183594,0.043195128440856934,2.348546028137207,8.32032585144043,0.02069091796875,0.126556396484375
U-Tikhonov T4/CG32,207,7,0,/Users/kyrillguba/Documents/Data Analytics MSc/Thesis/Python/First Try/data/DIV2K/DIV2K_valid_HR/0808.png,div2k/0808.png/sigma_0.150,div2k,0808.png,20007,9666b1dba93f470d95570471f38f195acafae585deefb8498b5ebb625df94e78,c1a1446a8ad1d13d1fa7d5ea1070bad52071465b636eab9c535493b14f20e41e,0.15000000596046448,0.019672587513923645,17.061384201049805,0.30974888801574707,0.0023392150178551674,26.30929946899414,0.8332575559616089,5.619058609008789,3.120136022567749,0.0001500634098192677,8.320335388183594,0.04736560583114624,7.5933051109313965,8.320335388183594,0.016815185546875,0.3659515380859375
U-Tikhonov T4/CG32,208,8,0,/Users/kyrillguba/Documents/Data Analytics MSc/Thesis/Python/First Try/data/DIV2K/DIV2K_valid_HR/0809.png,div2k/0809.png/sigma_0.150,div2k,0809.png,20008,f57d7f591d2770efb0162e925acaaef8e4ce467e58b7a54d53de058959be9978,bf3bf82631f980bbe89a9531d5a653d7ad9232d0f6ee29a2edc485537b7bddd3,0.15000000596046448,0.021224690601229668,16.731586456298828,0.4063580334186554,0.0027926266193389893,25.539871215820312,0.7257105112075806,3.6519742012023926,2.6605916023254395,0.0006952183321118355,8.320335388183594,0.09168342500925064,2.78348445892334,8.320168495178223,0.009033203125,0.079742431640625
U-Tikhonov T4/CG32,209,9,0,/Users/kyrillguba/Documents/Data Analytics MSc/Thesis/Python/First Try/data/DIV2K/DIV2K_valid_HR/0810.png,div2k/0810.png/sigma_0.150,div2k,0810.png,20009,50cf8d799292c4a6f6c23b4a8f1d0c08015da9c6e74d9109a31efdb1eb5d9df3,4d98c505d3ad90a8a965c5ed951a1f06dbd3e22d741a122faefa61e63df95fe0,0.15000000596046448,0.021687816828489304,16.637842178344727,0.3677971363067627,0.0024234536103904247,26.15565299987793,0.7787706255912781,4.331707954406738,2.832512140274048,0.002204630523920059,8.320335388183594,0.09201382845640182,3.832008123397827,8.32021713256836,0.00872802734375,0.1196746826171875
U-Tikhonov T4/CG32,210,10,0,/Users/kyrillguba/Documents/Data Analytics MSc/Thesis/Python/First Try/data/DIV2K/DIV2K_valid_HR/0811.png,div2k/0811.png/sigma_0.150,div2k,0811.png,20010,ceab700e5944238d72f4ec94852a5ee6b9c353c54281c96ee7c6e9b9f2a16308,81836de794c0f5700dc4d657f73ed8e4e7034c987aff36ba58c55ff67a6da53e,0.15000000596046448,0.01834532432258129,17.364748001098633,0.391823410987854,0.0032343710772693157,24.902099609375,0.6907976269721985,4.125699043273926,2.959012985229492,0.0008087060996331275,8.320335388183594,0.08807945251464844,3.2902560234069824,8.320333480834961,0.0093994140625,0.14630126953125
U-Tikhonov T4/CG32,211,11,0,/Users/kyrillguba/Documents/Data Analytics MSc/Thesis/Python/First Try/data/DIV2K/DIV2K_valid_HR/0812.png,div2k/0812.png/sigma_0.150,div2k,0812.png,20011,5f26939fc07611061a96f2a386a77ffd9251b83abf26ac7ecb5a44dcae97187b,1ef24a9df7bed52eae49bbc44edeef2ec7787eb9f1157dea87b93117688d6ea2,0.15000000596046448,0.020350970327854156,16.914148330688477,0.49479779601097107,0.0033998535946011543,24.685400009155273,0.8247467279434204,3.881983757019043,3.237210988998413,0.00011932980851270258,8.320335388183594,0.017033230513334274,2.7765660285949707,8.320332527160645,0.0410003662109375,0.180633544921875
U-Tikhonov T4/CG32,212,12,0,/Users/kyrillguba/Documents/Data Analytics MSc/Thesis/Python/First Try/data/DIV2K/DIV2K_valid_HR/0813.png,div2k/0813.png/sigma_0.150,div2k,0813.png,20012,c34023db0a8b05fd8269a4d5afeb83670d5b08e7bce8d6c8cfe221a95b0e0b2f,f0fff969cffa4e09aa7664916fbd34f90b80dc848e7308d291caca88f358337d,0.15000000596046448,0.0183237474411726,17.369857788085938,0.49610668420791626,0.0034413104876875877,24.632762908935547,0.8303119540214539,3.8884835243225098,3.229741096496582,0.00023487547878175974,8.320335388183594,0.022812996059656143,2.7318296432495117,8.320335388183594,0.033782958984375,0.1850433349609375
U-Tikhonov T4/CG32,213,13,0,/Users/kyrillguba/Documents/Data Analytics MSc/Thesis/Python/First Try/data/DIV2K/DIV2K_valid_HR/0814.png,div2k/0814.png/sigma_0.150,div2k,0814.png,20013,9f544177fb7f24fc86ba1b0d9b9d0e664f093ce144600099ca215fbf1a3e3c25,ba3a6bdbf9dcc9e2a02ba98d59b5ab83102439be99ab8274a2208a8cda268efb,0.15000000596046448,0.02128441631793976,16.719383239746094,0.2569090723991394,0.001970927929505706,27.053295135498047,0.828684389591217,5.885062217712402,3.057680606842041,0.000699482043273747,8.320335388183594,0.05208085477352142,7.923015594482422,8.320335388183594,0.0150604248046875,0.3986663818359375
U-Tikhonov T4/CG32,214,14,0,/Users/kyrillguba/Documents/Data Analytics MSc/Thesis/Python/First Try/data/DIV2K/DIV2K_valid_HR/0815.png,div2k/0815.png/sigma_0.150,div2k,0815.png,20014,d8f2b2b3496e52c1ec43e3c5e28732516b24990b8a2361d1876240ad562db395,3e323e4b560890ed4a1f943e340d8beaa6c268f61e2ceda2e8185391d7d5a3af,0.15000000596046448,0.020593013614416122,16.86280059814453,0.4686645269393921,0.0030840588733553886,25.108774185180664,0.8107660412788391,2.8132569789886475,2.5574445724487305,0.00042489205952733755,8.320335388183594,0.034452248364686966,1.8360499143600464,8.319979667663574,0.024993896484375,0.0464935302734375
U-Tikhonov T4/CG32,215,15,0,/Users/kyrillguba/Documents/Data Analytics MSc/Thesis/Python/First Try/data/DIV2K/DIV2K_valid_HR/0816.png,div2k/0816.png/sigma_0.150,div2k,0816.png,20015,f457e7c932a8730df29263aaf8e3c3a2e54e7e68e543a34cdbc085f7c21edf50,ebf556858addf02580c13b4579baea64b263c53852f87bd36c7bc01f55477648,0.15000000596046448,0.020617559552192688,16.857627868652344,0.4011595845222473,0.0024155043065547943,26.169921875,0.808270275592804,4.406557083129883,3.139944553375244,0.0006455867551267147,8.320335388183594,0.06076299026608467,3.8225317001342773,8.320334434509277,0.014251708984375,0.2145233154296875
U-Tikhonov T4/CG32,216,16,0,/Users/kyrillguba/Documents/Data Analytics MSc/Thesis/Python/First Try/data/DIV2K/DIV2K_valid_HR/0817.png,div2k/0817.png/sigma_0.150,div2k,0817.png,20016,b14c93dc0fd3fb833a2c04431c6af818313c8c6f744eb433dd1817a932b015cf,5879d7300f732d613dcb0284a1fba92fefed740df0ef08c03bf51fee87c83891,0.15000000596046448,0.020910846069455147,16.796283721923828,0.4318621754646301,0.003140590386465192,25.02988624572754,0.7704846858978271,4.107483863830566,3.112452507019043,0.00030359672382473946,8.320335388183594,0.0446845181286335,3.19447660446167,8.320334434509277,0.0188446044921875,0.18463134765625
U-Tikhonov T4/CG32,217,17,0,/Users/kyrillguba/Documents/Data Analytics MSc/Thesis/Python/First Try/data/DIV2K/DIV2K_valid_HR/0818.png,div2k/0818.png/sigma_0.150,div2k,0818.png,20017,00f18d236ddc7fe3a937cdcb41ce31082a90c94b9370fc202c7dce18dd80ab2a,2c05a7fb6ef03f6e1021ebd4479dce05ab8384c789e6ac48a4a3294dbe0994c5,0.15000000596046448,0.019157901406288147,17.17652130126953,0.49347078800201416,0.0041778720915317535,23.790451049804688,0.8300381898880005,4.228611946105957,3.385049819946289,0.00024765098351053894,8.320335388183594,0.01885257661342621,3.4954514503479004,8.320335388183594,0.0402679443359375,0.24322509765625
U-Tikhonov T4/CG32,218,18,0,/Users/kyrillguba/Documents/Data Analytics MSc/Thesis/Python/First Try/data/DIV2K/DIV2K_valid_HR/0819.png,div2k/0819.png/sigma_0.150,div2k,0819.png,20018,f7450c40d5c0aabdc2bd2a562302ca3993841849efca05e281ec4059186e528c,53011dd04b2a2fe9a011f3a8a1114f622d1aacfc7a78fb5d29f8e3999ed6b64c,0.15000000596046448,0.02032354474067688,16.920005798339844,0.5026570558547974,0.003817199729382992,24.18255043029785,0.75648033618927,3.3857717514038086,2.866839647293091,0.0002729335392359644,8.320335388183594,0.036372579634189606,2.2835891246795654,8.320334434509277,0.0231475830078125,0.10205078125
U-Tikhonov T4/CG32,219,19,0,/Users/kyrillguba/Documents/Data Analytics MSc/Thesis/Python/First Try/data/DIV2K/DIV2K_valid_HR/0820.png,div2k/0820.png/sigma_0.150,div2k,0820.png,20019,ab2cf6ba20cc18bafee4976e8be3cbf4a6db4afea570ef888fdebb8c8e0616f2,cbbea537bbc6509d1871abd454cddbc46c401ec44e46a7217a3caa40d7033607,0.15000000596046448,0.01883085072040558,17.251300811767578,0.6373878717422485,0.007129252422600985,21.469562530517578,0.775139331817627,3.2523841857910156,3.152355909347534,0.00021267784177325666,8.320335388183594,0.008737446740269661,1.7685381174087524,8.320335388183594,0.066009521484375,0.13330078125
U-Tikhonov T4/CG32,220,20,0,/Users/kyrillguba/Documents/Data Analytics MSc/Thesis/Python/First Try/data/DIV2K/DIV2K_valid_HR/0821.png,div2k/0821.png/sigma_0.150,div2k,0821.png,20020,ebd02fa51f1a3ee91b6ca90bb58a444e53385dd1193938609708b71bca4504a0,8d798cfae4f7ca4cd5f7da4e61ff5bdb352a90b9f9691e8489c0b439e7ba299d,0.15000000596046448,0.018840918317437172,17.248979568481445,0.7894110679626465,0.00914472434669733,20.388294219970703,0.8572031259536743,1.878430962562561,2.567304849624634,0.00012213656737003475,8.320335388183594,0.004539466928690672,0.6280328035354614,8.320164680480957,0.12823486328125,0.0481109619140625
U-Tikhonov T4/CG32,221,21,0,/Users/kyrillguba/Documents/Data Analytics MSc/Thesis/Python/First Try/data/DIV2K/DIV2K_valid_HR/0822.png,div2k/0822.png/sigma_0.150,div2k,0822.png,20021,86c801c8390b132b94a9efaeb7a9bad9acdd1212e41d91d44b44811708142963,77c9b6b134bf76cd7a70b193571a2cf6af86598939c58d7016edfc70dac5019b,0.15000000596046448,0.01925630122423172,17.154272079467773,0.5431791543960571,0.004873987287282944,23.121156692504883,0.7433088421821594,2.338712453842163,2.3826937675476074,0.00024565387866459787,8.320335388183594,0.027364494279026985,1.3827807903289795,8.312231063842773,0.034515380859375,0.02783203125
U-Tikhonov T4/CG32,222,22,0,/Users/kyrillguba/Documents/Data Analytics MSc/Thesis/Python/First Try/data/DIV2K/DIV2K_valid_HR/0823.png,div2k/0823.png/sigma_0.150,div2k,0823.png,20022,ec11d2cf0a95684902842094c84e0956a3cd35920ef85f25ba677348927a365c,67070520dd998a5b7b9ef65538cc96f01ad3e7bfac4cde1d0838447a17b47c1b,0.15000000596046448,0.02063937485218048,16.85303497314453,0.4195316433906555,0.003477770835161209,24.586990356445312,0.8386078476905823,4.331759452819824,3.406111001968384,0.00092894840054214,8.320335388183594,0.03308238089084625,3.616042137145996,8.320335388183594,0.0277252197265625,0.2674407958984375
U-Tikhonov T4/CG32,223,23,0,/Users/kyrillguba/Documents/Data Analytics MSc/Thesis/Python/First Try/data/DIV2K/DIV2K_valid_HR/0824.png,div2k/0824.png/sigma_0.150,div2k,0824.png,20023,5ce7bdee523a1299c6a42c3adbb96d0e62c2f40266823753b8c042edb8b10495,afb72718334acc0720966c607b2fc4baa79ad0db78ed46dd87b6bf1bbb06b0a3,0.15000000596046448,0.01960165612399578,17.077072143554688,0.4888179302215576,0.003378103720024228,24.71327018737793,0.8299775719642639,4.525477886199951,3.4148597717285156,0.00010529544670134783,8.320335388183594,0.008346511982381344,4.816186904907227,8.320335388183594,0.056396484375,0.260650634765625
U-Tikhonov T4/CG32,224,24,0,/Users/kyrillguba/Documents/Data Analytics MSc/Thesis/Python/First Try/data/DIV2K/DIV2K_valid_HR/0825.png,div2k/0825.png/sigma_0.150,div2k,0825.png,20024,0403db62808d832f7764170e8df2b8c78ad826e2a93d809f8cf6d018258b011a,bb87a888197d2fce569092cd2f72666d00f18bf8f222c3d8daa5bed85d54bae9,0.15000000596046448,0.020503193140029907,16.881786346435547,0.6176786422729492,0.004860776010900736,23.132944107055664,0.8277949094772339,2.6585845947265625,2.8549394607543945,0.00019311306823510677,8.320335388183594,0.010107241570949554,1.318869948387146,8.320334434509277,0.068359375,0.083770751953125
U-Tikhonov T4/CG32,225,25,0,/Users/kyrillguba/Documents/Data Analytics MSc/Thesis/Python/First Try/data/DIV2K/DIV2K_valid_HR/0826.png,div2k/0826.png/sigma_0.150,div2k,0826.png,20025,b7fba61bcca359e5581b44283bbc34696cae71321e031969411ada23b17e2199,5db92ff465249724833a49e32d0008b2037e9d35bdf84592654b2085eb4adfc5,0.15000000596046448,0.019615324214100838,17.074045181274414,0.46257925033569336,0.0031094118021428585,25.073219299316406,0.8224332332611084,4.552389144897461,3.2895350456237793,0.0001511137088527903,8.320335388183594,0.026133529841899872,4.343358993530273,8.320335388183594,0.026824951171875,0.2663726806640625
U-Tikhonov T4/CG32,226,26,0,/Users/kyrillguba/Documents/Data Analytics MSc/Thesis/Python/First Try/data/DIV2K/DIV2K_valid_HR/0827.png,div2k/0827.png/sigma_0.150,div2k,0827.png,20026,1a1d5ffbd89d79d7803cf86e2d8f6c75cd146872fd61e387fec71a904e384317,f59332e4b60d7ff6549e2c60978c31c7198229269eb71dec33fdc7f0352ebde5,0.15000000596046448,0.015551015734672546,18.082412719726562,0.22367015480995178,0.0017194217070937157,27.646177291870117,0.7371042966842651,5.791389465332031,2.8566396236419678,0.0005233523552305996,8.320335388183594,0.09518329054117203,7.3429412841796875,8.320334434509277,0.0088958740234375,0.2891845703125
U-Tikhonov T4/CG32,227,27,0,/Users/kyrillguba/Documents/Data Analytics MSc/Thesis/Python/First Try/data/DIV2K/DIV2K_valid_HR/0828.png,div2k/0828.png/sigma_0.150,div2k,0828.png,20027,3b7551ae7f737167932c3230707f7075368102b6732eb16bfe514fd471223ea4,b38ce987813490427c3b8f49610fb9181768478eda3803abc2ebc48b5d869ebd,0.15000000596046448,0.016340119764208794,17.867448806762695,0.5543380975723267,0.006579573266208172,21.818025588989258,0.6960089206695557,3.510249614715576,3.3217427730560303,0.0001620088005438447,8.320335388183594,0.006823508068919182,1.9415745735168457,8.320329666137695,0.08795166015625,0.157989501953125
U-Tikhonov T4/CG32,228,28,0,/Users/kyrillguba/Documents/Data Analytics MSc/Thesis/Python/First Try/data/DIV2K/DIV2K_valid_HR/0829.png,div2k/0829.png/sigma_0.150,div2k,0829.png,20028,7fef744df96a3f5b2077c74a59929852deb533e35d4804c7c745471471543ed7,c7f8edd07cd3f82444130f0d467feef0306354c76feb8e8db1b78bd89efac7cb,0.15000000596046448,0.020939616486430168,16.790313720703125,0.39930957555770874,0.002173598390072584,26.628206253051758,0.8183674216270447,4.492293834686279,3.199061632156372,0.0002007524308282882,8.320335388183594,0.019336815923452377,4.289405345916748,8.320334434509277,0.0308837890625,0.209136962890625
U-Tikhonov T4/CG32,229,29,0,/Users/kyrillguba/Documents/Data Analytics MSc/Thesis/Python/First Try/data/DIV2K/DIV2K_valid_HR/0830.png,div2k/0830.png/sigma_0.150,div2k,0830.png,20029,33405798eea5a2bbd23d383a107f9127b4f5d220ad2d443bdb05db6049757a90,0c3e288e0233ba82a1b80f37b1dd013c79e0ceeac914c5611c4f6efd47dc9bc6,0.15000000596046448,0.02171020768582821,16.633359909057617,0.361676424741745,0.002737040165811777,25.62718963623047,0.7698409557342529,5.174924373626709,3.140516996383667,0.0002565440081525594,8.320335388183594,0.046725232154130936,6.345947265625,8.320335388183594,0.017242431640625,0.2867431640625
U-Tikhonov T4/CG32,230,30,0,/Users/kyrillguba/Documents/Data Analytics MSc/Thesis/Python/First Try/data/DIV2K/DIV2K_valid_HR/0831.png,div2k/0831.png/sigma_0.150,div2k,0831.png,20030,37f625cf3b90622b2047f8f9b3e488dcb450cde9c639eb5f94e082ec5148792e,d618210b81b578405550bebb237c0315f6c39cfe2fd110224f2a03dfa59731af,0.15000000596046448,0.019177280366420746,17.172130584716797,0.5196965336799622,0.00434701144695282,23.618091583251953,0.7805463075637817,3.0263376235961914,2.797729730606079,0.0003000103170052171,8.320335388183594,0.016273967921733856,1.900672435760498,8.320131301879883,0.041351318359375,0.0649871826171875
U-Tikhonov T4/CG32,231,31,0,/Users/kyrillguba/Documents/Data Analytics MSc/Thesis/Python/First Try/data/DIV2K/DIV2K_valid_HR/0832.png,div2k/0832.png/sigma_0.150,div2k,0832.png,20031,678db3c6c13225750b6bb2ae62b3e9ffdbdb3491d462fa2451e73fea851ed64c,16a0776f6420182f152763ddf32d0b82495e58df3f646d68d7d9592e533d98d3,0.15000000596046448,0.019044367596507072,17.202335357666016,0.550022304058075,0.004227185156196356,23.73948860168457,0.8200933933258057,3.288468837738037,3.0958950519561768,0.00017144851153716445,8.320335388183594,0.015248564071953297,1.8851648569107056,8.320334434509277,0.0488739013671875,0.1295013427734375
U-Tikhonov T4/CG32,232,32,0,/Users/kyrillguba/Documents/Data Analytics MSc/Thesis/Python/First Try/data/DIV2K/DIV2K_valid_HR/0833.png,div2k/0833.png/sigma_0.150,div2k,0833.png,20032,196e9aedca5a8ddb4904ed57c8a1a32e080164df130d093fbc86da6222f32553,445a726490e0ec40b46bbcb80f82cecae6fde39bee2c79c3a6bd2407536df1ea,0.15000000596046448,0.018702752888202667,17.28094482421875,0.40551185607910156,0.0026575445663183928,25.75519561767578,0.8571594953536987,4.930910110473633,3.296018600463867,0.00012054413673467934,8.320335388183594,0.024339139461517334,5.998217582702637,8.320335388183594,0.029052734375,0.2914886474609375
U-Tikhonov T4/CG32,233,33,0,/Users/kyrillguba/Documents/Data Analytics MSc/Thesis/Python/First Try/data/DIV2K/DIV2K_valid_HR/0834.png,div2k/0834.png/sigma_0.150,div2k,0834.png,20033,43cd5d3407a2ec5d9396c0ba9f3595990830fe17adfb5b3d69777dc489012502,383ed9b44b8d726884074df518205a748332932f3f81c8a3b55981e8dcf290b6,0.15000000596046448,0.01781289279460907,17.492656707763672,0.4463292956352234,0.003232303075492382,24.90488052368164,0.8314987421035767,4.43294095993042,3.341545343399048,0.00023571867495775223,8.320335388183594,0.026353731751441956,3.947373390197754,8.320335388183594,0.0293121337890625,0.2636260986328125
U-Tikhonov T4/CG32,234,34,0,/Users/kyrillguba/Documents/Data Analytics MSc/Thesis/Python/First Try/data/DIV2K/DIV2K_valid_HR/0835.png,div2k/0835.png/sigma_0.150,div2k,0835.png,20034,80084574e021b9b385517a807fa4f62735358952d97592c2b192db98626e086c,ab88cfe1c91119849a14c68e0ced4f7a68f55c22247fb36262dcfca192946ea7,0.15000000596046448,0.020649921149015427,16.85081672668457,0.46297645568847656,0.003783582942560315,24.220970153808594,0.7424387335777283,3.583277463912964,2.8838789463043213,0.0002046863955911249,8.320335388183594,0.0458502471446991,2.5762338638305664,8.320306777954102,0.0190277099609375,0.0946502685546875
U-Tikhonov T4/CG32,235,35,0,/Users/kyrillguba/Documents/Data Analytics MSc/Thesis/Python/First Try/data/DIV2K/DIV2K_valid_HR/0836.png,div2k/0836.png/sigma_0.150,div2k,0836.png,20035,d774c40f160da761b384b399f5636cb3cfecf88e2cc5d41c78f575c3bea500af,a698b263decf677f0e83bfaa60d0c6b225d770b4a25b8e5cf099370baa3508ff,0.15000000596046448,0.01925620064139366,17.154294967651367,0.5178630352020264,0.004121321253478527,23.84963607788086,0.8322470784187317,3.4823780059814453,3.1280641555786133,0.000224810850340873,8.320335388183594,0.020015424117445946,2.0849153995513916,8.320335388183594,0.0368499755859375,0.161529541015625
U-Tikhonov T4/CG32,236,36,0,/Users/kyrillguba/Documents/Data Analytics MSc/Thesis/Python/First Try/data/DIV2K/DIV2K_valid_HR/0837.png,div2k/0837.png/sigma_0.150,div2k,0837.png,20036,af3a3f14f10fd37d750995ae36a4d7d4e23e7343e1fc6fb8ddf8342f79d68d35,2ea0bd15768afa04c60f467c0f7d25e2bb6af344870f5c8a2359b94b3e30da09,0.15000000596046448,0.019341405481100082,17.135120391845703,0.6268107295036316,0.005231299437582493,22.81390380859375,0.8197859525680542,2.024661064147949,2.298642873764038,0.00036139963776804507,8.320335388183594,0.013389196246862411,1.0794198513031006,8.314302444458008,0.060394287109375,0.023712158203125
U-Tikhonov T4/CG32,237,37,0,/Users/kyrillguba/Documents/Data Analytics MSc/Thesis/Python/First Try/data/DIV2K/DIV2K_valid_HR/0838.png,div2k/0838.png/sigma_0.150,div2k,0838.png,20037,a419adae2a9bbcb7b328e0e98815224877487f12f01cec7bd572e3a61b346f36,6bf8541a9f1618f7c3acdace08aff0b5000015d98529360e64ba9507d413a64e,0.15000000596046448,0.01946748048067093,17.106903076171875,0.36104997992515564,0.0014950677286833525,28.25339126586914,0.8667131662368774,4.383167266845703,3.0582807064056396,0.0001882841024780646,8.320335388183594,0.04577237367630005,3.931032419204712,8.320334434509277,0.0169219970703125,0.1727752685546875
U-Tikhonov T4/CG32,238,38,0,/Users/kyrillguba/Documents/Data Analytics MSc/Thesis/Python/First Try/data/DIV2K/DIV2K_valid_HR/0839.png,div2k/0839.png/sigma_0.150,div2k,0839.png,20038,9ed3b7789f4dcc0b1bfd3a6e2391350b33a63a89353a3bd50f5bde4b89d2f647,f9130853dbbfa07bf1c14db4797ef5ab8c72ef9cf2cdc9de6f0b03f7f16c474b,0.15000000596046448,0.01686917617917061,17.729061126708984,0.33664143085479736,0.0037611951120197773,24.246740341186523,0.5048015713691711,4.893073081970215,3.1930625438690186,0.00012793968198820949,8.320335388183594,0.052635736763477325,5.407624244689941,8.320335388183594,0.0152435302734375,0.2747802734375
U-Tikhonov T4/CG32,239,39,0,/Users/kyrillguba/Documents/Data Analytics MSc/Thesis/Python/First Try/data/DIV2K/DIV2K_valid_HR/0840.png,div2k/0840.png/sigma_0.150,div2k,0840.png,20039,df4e88246e2af519b1c29adccc7944ac0f8568e6a1ef7d65c39dc4fcd2a3dd5b,82c282ba3fb8658837bc2e38ced0b95c689e4eee60cf80dea72fdddcf53f55c8,0.15000000596046448,0.019337277859449387,17.13604736328125,0.5548001527786255,0.004256771877408028,23.709197998046875,0.7896513938903809,2.3631370067596436,2.336503744125366,0.00024331535678356886,8.320335388183594,0.023319391533732414,1.4624085426330566,8.304224014282227,0.035430908203125,0.0213623046875
U-Tikhonov T4/CG32,240,40,0,/Users/kyrillguba/Documents/Data Analytics MSc/Thesis/Python/First Try/data/DIV2K/DIV2K_valid_HR/0841.png,div2k/0841.png/sigma_0.150,div2k,0841.png,20040,b85a5c827a7d17dab432c8f79abc120715b867e00f3bcbe182f90d6c23ecff6f,4b87dfde340932f131f43a8188c38cd9652bddda88ba5ef47c03ed00594d0f59,0.15000000596046448,0.018788296729326248,17.261125564575195,0.38209402561187744,0.003124784678220749,25.051799774169922,0.7714030742645264,4.108866214752197,3.1108322143554688,0.0009522447362542152,8.320335388183594,0.0435507670044899,3.32235050201416,8.320331573486328,0.0194091796875,0.1562042236328125
U-Tikhonov T4/CG32,241,41,0,/Users/kyrillguba/Documents/Data Analytics MSc/Thesis/Python/First Try/data/DIV2K/DIV2K_valid_HR/0842.png,div2k/0842.png/sigma_0.150,div2k,0842.png,20041,e0fe2755785538efb2ac1c7a4fc4e854d8206a8f09b68ac1931f0544c3e7cc53,71c8afa6e0febe0920a1d7eef7e0befbdc15d57b91334dc60e6d3d3100e38330,0.15000000596046448,0.01854383572936058,17.318004608154297,0.4578133225440979,0.002784393262118101,25.55269432067871,0.8234858512878418,4.39809513092041,3.2324845790863037,0.00015735597116872668,8.320335388183594,0.02292170189321041,4.03490686416626,8.320335388183594,0.029510498046875,0.214447021484375
U-Tikhonov T4/CG32,242,42,0,/Users/kyrillguba/Documents/Data Analytics MSc/Thesis/Python/First Try/data/DIV2K/DIV2K_valid_HR/0843.png,div2k/0843.png/sigma_0.150,div2k,0843.png,20042,8d4db85adca20e5911d117b4bb54fdfb3f22b2a02cceb14242bb7540955f6140,f77c7967c75a1fd7198d9e3a70d46bb0d78e15bc51efc599984bebb7a40dbd2b,0.15000000596046448,0.014073172584176064,18.516080856323242,0.20515447854995728,0.0017611254006624222,27.542097091674805,0.8496015071868896,6.451014041900635,2.835841417312622,0.00021659687627106905,8.320335388183594,0.04436544328927994,8.18303108215332,8.320335388183594,0.016937255859375,0.462860107421875
U-Tikhonov T4/CG32,243,43,0,/Users/kyrillguba/Documents/Data Analytics MSc/Thesis/Python/First Try/data/DIV2K/DIV2K_valid_HR/0844.png,div2k/0844.png/sigma_0.150,div2k,0844.png,20043,15c2150d7c67049e1e35243bac1a1a68c6f0e57215592b78ed9b74e130ed1370,3eb74552493cd014838d225d671ae8e239c060f5a8e98176f678e5ed10ece2ec,0.15000000596046448,0.017111284658312798,17.66717529296875,0.25169920921325684,0.0012921281158924103,28.886943817138672,0.8264151811599731,6.395749092102051,2.709946632385254,0.00030899661942385137,8.320335388183594,0.07162583619356155,8.081464767456055,8.320335388183594,0.0110931396484375,0.420135498046875
U-Tikhonov T4/CG32,244,44,0,/Users/kyrillguba/Documents/Data Analytics MSc/Thesis/Python/First Try/data/DIV2K/DIV2K_valid_HR/0845.png,div2k/0845.png/sigma_0.150,div2k,0845.png,20044,3afec5a048f16903b44498719256567f9874b218bd408f06ae16848d5bfd4779,c02348e296cd7a2c1fcdce5f2b6d93d1f6c189f1048cfaceeafa41dcba6caa82,0.15000000596046448,0.01654771901667118,17.812618255615234,0.4690502882003784,0.004525043070316315,23.44377326965332,0.7980617880821228,4.543674468994141,3.427098512649536,0.00015905755572021008,8.320335388183594,0.009499773383140564,4.759000778198242,8.320335388183594,0.0543212890625,0.2798309326171875
U-Tikhonov T4/CG32,245,45,0,/Users/kyrillguba/Documents/Data Analytics MSc/Thesis/Python/First Try/data/DIV2K/DIV2K_valid_HR/0846.png,div2k/0846.png/sigma_0.150,div2k,0846.png,20045,bfa025022780e8b45b7d8ca41bf0c1aa0ef062e997a3e07e7b0b4766072a0c65,95a2095d29a9fdfa24f0613b8723268a2a2caae5f67b27db38561d008406c53c,0.15000000596046448,0.016739562153816223,17.762561798095703,0.47529786825180054,0.005758832208812237,22.396657943725586,0.7609090209007263,4.067716598510742,3.2847325801849365,0.00036704313242807984,8.320335388183594,0.024961933493614197,2.96077823638916,8.320335388183594,0.03155517578125,0.209808349609375
U-Tikhonov T4/CG32,246,46,0,/Users/kyrillguba/Documents/Data Analytics MSc/Thesis/Python/First Try/data/DIV2K/DIV2K_valid_HR/0847.png,div2k/0847.png/sigma_0.150,div2k,0847.png,20046,a03ac31eb9aa42c51d2ec103e996158d3f7890d32752d0e5a0bece66c7f0a096,ffd99bfca4cf39d6a3a221cdbcde9231b9badb23a2ecb48ceea70490a6362b3f,0.15000000596046448,0.018600057810544968,17.30485725402832,0.591997504234314,0.004753474146127701,23.229887008666992,0.8464758396148682,3.536874771118164,3.2681121826171875,0.0002197094145230949,8.320335388183594,0.012986080721020699,2.0184831619262695,8.320335388183594,0.0565032958984375,0.1729278564453125
U-Tikhonov T4/CG32,247,47,0,/Users/kyrillguba/Documents/Data Analytics MSc/Thesis/Python/First Try/data/DIV2K/DIV2K_valid_HR/0848.png,div2k/0848.png/sigma_0.150,div2k,0848.png,20047,226e619ed1295a7c7b4eb9d622c6124c81ba03e21362bb8eee67e67dced25224,0f55315d00e487e8421b8e5d2c162cb63209d10bcb08fccfa3eac51f4826cb1f,0.15000000596046448,0.019186735153198242,17.16998863220215,0.5657171607017517,0.0037974489387124777,24.205081939697266,0.840646505355835,2.8701441287994385,2.838358163833618,0.0001269894710276276,8.320335388183594,0.012088927440345287,1.639430046081543,8.320335388183594,0.0532073974609375,0.076690673828125
U-Tikhonov T4/CG32,248,48,0,/Users/kyrillguba/Documents/Data Analytics MSc/Thesis/Python/First Try/data/DIV2K/DIV2K_valid_HR/0849.png,div2k/0849.png/sigma_0.150,div2k,0849.png,20048,2c70dd5654b23e4a9ab11865c6c70e3077823c4972ad389deddc84dd9edc36b8,94c10ff56b792083e069c1e13db449dc146a1968abec94149f0e068c287de8df,0.15000000596046448,0.01942417398095131,17.116575241088867,0.7332503199577332,0.008263434283435345,20.82839584350586,0.8295992612838745,1.623375654220581,2.1429665088653564,0.0001427561801392585,8.320335388183594,0.0075228167697787285,0.7172344326972961,8.301758766174316,0.0913238525390625,0.0176239013671875
U-Tikhonov T4/CG32,249,49,0,/Users/kyrillguba/Documents/Data Analytics MSc/Thesis/Python/First Try/data/DIV2K/DIV2K_valid_HR/0850.png,div2k/0850.png/sigma_0.150,div2k,0850.png,20049,b0e8b344c318dfae08640e56c0b52ec6df0909ea2a5c7128b8b44308511dabe7,e4407e793da2eed5c71c154409f5734e76b4e485ef9eeda54befb82b601876ca,0.15000000596046448,0.02045828476548195,16.891307830810547,0.4563879370689392,0.0030388906598091125,25.172847747802734,0.7959597110748291,4.014162063598633,3.0897552967071533,0.00014441317762248218,8.320335388183594,0.032850515097379684,3.112863540649414,8.320335388183594,0.024383544921875,0.161956787109375
U-Tikhonov T4/CG32,250,50,0,/Users/kyrillguba/Documents/Data Analytics MSc/Thesis/Python/First Try/data/DIV2K/DIV2K_valid_HR/0851.png,div2k/0851.png/sigma_0.150,div2k,0851.png,20050,6cd623610d71351bd69a4193263bc448cd15272dcfd17f66224ecc57d176c5d0,45914f5a99cf40c07b4a548bad8f33cacd4f86d0cd8f9e83c690ade33316958a,0.15000000596046448,0.019009403884410858,17.210315704345703,0.3504496216773987,0.0027969167567789555,25.533206939697266,0.8424335718154907,5.201433181762695,3.3371200561523438,0.0003689904697239399,8.320335388183594,0.024008603766560555,7.077069282531738,8.320335388183594,0.0330352783203125,0.338836669921875
U-Tikhonov T4/CG32,251,51,0,/Users/kyrillguba/Documents/Data Analytics MSc/Thesis/Python/First Try/data/DIV2K/DIV2K_valid_HR/0852.png,div2k/0852.png/sigma_0.150,div2k,0852.png,20051,73b3c50a05a0fcb1a26fb8f3d88ebc57fe34409f6e6d0d125e46c18d90cca3a1,850f26009109573b2f69a347f1af5baa9fe2d024153abbbe3b3b5e06b5b1b12a,0.15000000596046448,0.013176376931369305,18.802040100097656,0.20418581366539001,0.003015860915184021,25.205888748168945,0.4884806275367737,5.634218215942383,2.9103543758392334,0.0016678106039762497,8.320335388183594,0.14445342123508453,7.135502815246582,8.320335388183594,0.0052032470703125,0.2745819091796875
U-Tikhonov T4/CG32,252,52,0,/Users/kyrillguba/Documents/Data Analytics MSc/Thesis/Python/First Try/data/DIV2K/DIV2K_valid_HR/0853.png,div2k/0853.png/sigma_0.150,div2k,0853.png,20052,e9eb55fc2bc1bcfd2fad63122c380357a672f2b9f14b61a7547da796324e10c2,22c69d70ebed1d7f51a2bf3dfbcb3e01295dfc1f80c11012554d831fd273cfdd,0.15000000596046448,0.017418192699551582,17.589969635009766,0.2821323871612549,0.0021704426035284996,26.634517669677734,0.8052949905395508,5.382006645202637,3.121131420135498,0.00018132505647372454,8.320335388183594,0.05428875610232353,7.005681037902832,8.320335388183594,0.014678955078125,0.3184814453125
U-Tikhonov T4/CG32,253,53,0,/Users/kyrillguba/Documents/Data Analytics MSc/Thesis/Python/First Try/data/DIV2K/DIV2K_valid_HR/0854.png,div2k/0854.png/sigma_0.150,div2k,0854.png,20053,dbefb08aac7a5ad65da8e59ab21cbb0e921c9ad6da4d670be4cb2a982a3e2ffe,c5453e1ba744ca7546c6114bacc70691e12f92dcf033afe98e5c8518a9587471,0.15000000596046448,0.020880915224552155,16.802505493164062,0.4812200963497162,0.004192686639726162,23.77507781982422,0.7820062637329102,3.9349453449249268,3.2065508365631104,0.00012091419921489432,8.320335388183594,0.02017739601433277,2.8165786266326904,8.320335388183594,0.0318756103515625,0.1920166015625
U-Tikhonov T4/CG32,254,54,0,/Users/kyrillguba/Documents/Data Analytics MSc/Thesis/Python/First Try/data/DIV2K/DIV2K_valid_HR/0855.png,div2k/0855.png/sigma_0.150,div2k,0855.png,20054,9e2b3caa326eef35864ca6323728491aaf77f5232b3a1b7435275b7a4b5bc314,8f500d00c6e0901077bb3fd55ffc20316938959f775ccab9c775f3f0787ae211,0.15000000596046448,0.02026764675974846,16.93196678161621,0.3772783875465393,0.002470877952873707,26.071489334106445,0.7825609445571899,4.730419635772705,3.0348777770996094,0.0008066572481766343,8.320335388183594,0.059900134801864624,4.76920747756958,8.320332527160645,0.0133056640625,0.1962432861328125
U-Tikhonov T4/CG32,255,55,0,/Users/kyrillguba/Documents/Data Analytics MSc/Thesis/Python/First Try/data/DIV2K/DIV2K_valid_HR/0856.png,div2k/0856.png/sigma_0.150,div2k,0856.png,20055,66cf31de43a337537e663db0aecf5dd0004e87a0fbe2bd2cdc7ed9a8b4a93ece,2cf5d7c980e13f9eeb854391e0f07db5ddf11178c1271985069d37533454f77d,0.15000000596046448,0.01848992332816124,17.33064842224121,0.2967223525047302,0.0025556557811796665,25.924976348876953,0.6389933824539185,4.929919719696045,2.882509469985962,0.004012721590697765,8.320335388183594,0.1589621752500534,5.140802383422852,8.320324897766113,0.0043487548828125,0.1812896728515625
U-Tikhonov T4/CG32,256,56,0,/Users/kyrillguba/Documents/Data Analytics MSc/Thesis/Python/First Try/data/DIV2K/DIV2K_valid_HR/0857.png,div2k/0857.png/sigma_0.150,div2k,0857.png,20056,ab895c24c3f27bd01daebb297e1995e3f7eaba3372e5cc7e32fb98edb3dfd93b,f67638c593248821293ef1506d42b3ed14b803a843a564bb9ac370b8c89934b8,0.15000000596046448,0.021883290261030197,16.598875045776367,0.3191419839859009,0.001171901705674827,29.31108856201172,0.86810302734375,5.311619281768799,2.935126304626465,0.00038121824036352336,8.320335388183594,0.08187227696180344,6.289956092834473,8.320332527160645,0.0101165771484375,0.2378997802734375
U-Tikhonov T4/CG32,257,57,0,/Users/kyrillguba/Documents/Data Analytics MSc/Thesis/Python/First Try/data/DIV2K/DIV2K_valid_HR/0858.png,div2k/0858.png/sigma_0.150,div2k,0858.png,20057,69c3c9a846793f1dd2cda90db3fba707412671412126cd1eaad1496e784f7c0e,3646e942c385c6ac9176f7fb2b36cf82ee5ed2b6ccd522f45ed58a56732cc4f3,0.15000000596046448,0.01631496474146843,17.8741397857666,0.39812690019607544,0.003774974960833788,24.230859756469727,0.6513849496841431,3.9024322032928467,3.028249740600586,0.00026855108444578946,8.320335388183594,0.04921618476510048,2.883601188659668,8.320329666137695,0.0170745849609375,0.1350860595703125
U-Tikhonov T4/CG32,258,58,0,/Users/kyrillguba/Documents/Data Analytics MSc/Thesis/Python/First Try/data/DIV2K/DIV2K_valid_HR/0859.png,div2k/0859.png/sigma_0.150,div2k,0859.png,20058,0783919bca182fbd4ec27a809e6b7e6c58e89fddb3d3ef3d1bd5c807651c9a53,5650be64cced5f0cbbcbc473282d33c297129c1defd53cc10aadbd72c3bcde5c,0.15000000596046448,0.02081388048827648,16.816469192504883,0.5007640719413757,0.004102197475731373,23.869834899902344,0.7444553375244141,3.825934886932373,3.033019542694092,0.00019367864297237247,8.320335388183594,0.04392208904027939,2.7395875453948975,8.320329666137695,0.01849365234375,0.1414642333984375
U-Tikhonov T4/CG32,259,59,0,/Users/kyrillguba/Documents/Data Analytics MSc/Thesis/Python/First Try/data/DIV2K/DIV2K_valid_HR/0860.png,div2k/0860.png/sigma_0.150,div2k,0860.png,20059,6323c40a5d11f381b901e87cf8f54d9578bc32be44b9350ac5386eb44224de4a,4ae6cbf3c12fe9daeb79b1547020b09831115ceb1657ff734c708457e8417976,0.15000000596046448,0.019756164401769638,17.0429744720459,0.5954591035842896,0.005775029771029949,22.38446044921875,0.7484593987464905,2.267174482345581,2.2608180046081543,0.0002221665345132351,8.320335388183594,0.02386542409658432,1.4095876216888428,8.29574966430664,0.0340728759765625,0.0191192626953125
U-Tikhonov T4/CG32,260,60,0,/Users/kyrillguba/Documents/Data Analytics MSc/Thesis/Python/First Try/data/DIV2K/DIV2K_valid_HR/0861.png,div2k/0861.png/sigma_0.150,div2k,0861.png,20060,c3df240f2bf2bcdcdc9060b4ba3b0dd6324594f485ce3ee2d407f0b5364d72d7,7814b5aa3f0318c16ff9dbb233da254f4b00b36d5d84e2a1c13de7a34e28fa1d,0.15000000596046448,0.015469681471586227,18.105186462402344,0.4704107940196991,0.00520069245249033,22.83938980102539,0.6673627495765686,4.0593085289001465,3.309849262237549,0.0001998236693907529,8.320335388183594,0.016550399363040924,3.18682861328125,8.320334434509277,0.044281005859375,0.1876373291015625
U-Tikhonov T4/CG32,261,61,0,/Users/kyrillguba/Documents/Data Analytics MSc/Thesis/Python/First Try/data/DIV2K/DIV2K_valid_HR/0862.png,div2k/0862.png/sigma_0.150,div2k,0862.png,20061,b28039f4ed1566ad4bef028589288dfa1cf33c4b676694010eb5d0d9f228ef50,a6f0e8fb9e75c16d43cf99ebdd0c942dd78b095450a4871e0a5cf81fce0234b4,0.15000000596046448,0.02187032625079155,16.60144805908203,0.22942745685577393,0.000960102363023907,30.17682647705078,0.821273684501648,6.339657783508301,2.649099826812744,0.0011967206373810768,8.320335388183594,0.22262230515480042,8.006275177001953,8.320335388183594,0.0034942626953125,0.4061737060546875
U-Tikhonov T4/CG32,262,62,0,/Users/kyrillguba/Documents/Data Analytics MSc/Thesis/Python/First Try/data/DIV2K/DIV2K_valid_HR/0863.png,div2k/0863.png/sigma_0.150,div2k,0863.png,20062,69a9aeec52e386294dc8c778c0d11c7f842f0960ca488aa898c25c50220c823a,1eceb9ec8ba500196990568abaa4d8c71397ac395afdea051040f4d78418ae66,0.15000000596046448,0.019079778343439102,17.19426727294922,0.39566218852996826,0.002505301497876644,26.01140022277832,0.8348690271377563,4.197700500488281,3.256120204925537,0.0003163685614708811,8.320335388183594,0.04848456382751465,3.1272761821746826,8.320335388183594,0.0177154541015625,0.2435150146484375
U-Tikhonov T4/CG32,263,63,0,/Users/kyrillguba/Documents/Data Analytics MSc/Thesis/Python/First Try/data/DIV2K/DIV2K_valid_HR/0864.png,div2k/0864.png/sigma_0.150,div2k,0864.png,20063,fb786dffb18452c590dd1e18bebeea18d1c1bec24fd9d36d75ba35ad6c8a81d3,14cffd14a8cdb618aec05880897bfc6c29c8d375852b2585bd01a6574849c211,0.15000000596046448,0.020215187221765518,16.94322395324707,0.44254496693611145,0.002770080231130123,25.575077056884766,0.7851905822753906,3.329740285873413,2.736276865005493,0.0009553508134558797,8.320335388183594,0.05163262039422989,2.32900071144104,8.320158004760742,0.016876220703125,0.0669097900390625
U-Tikhonov T4/CG32,264,64,0,/Users/kyrillguba/Documents/Data Analytics MSc/Thesis/Python/First Try/data/DIV2K/DIV2K_valid_HR/0865.png,div2k/0865.png/sigma_0.150,div2k,0865.png,20064,f92af3991be3de305c0efcfbe87ac07586eb280db7c47c56bbf8452a9b10010c,54490d712106fb9f4d4544bf2014dc7c04c031acb65fad0ba99bb13bcb9b1d35,0.15000000596046448,0.02141769602894783,16.692272186279297,0.42246562242507935,0.002738636452704668,25.624656677246094,0.8004100322723389,3.753045082092285,3.055429458618164,0.0006324187852442265,8.320335388183594,0.038706179708242416,2.6271309852600098,8.320318222045898,0.0224609375,0.1456146240234375
U-Tikhonov T4/CG32,265,65,0,/Users/kyrillguba/Documents/Data Analytics MSc/Thesis/Python/First Try/data/DIV2K/DIV2K_valid_HR/0866.png,div2k/0866.png/sigma_0.150,div2k,0866.png,20065,64fe1cb87ea16bd47a4af52b635bd686b87a3bb0bb006aa875e7090e7f4f1b09,ca77f14d69c48e6b845cd10b55983d1368652fc41953eedc50872b962a0edd5c,0.15000000596046448,0.021065503358840942,16.7642822265625,0.5675008296966553,0.004501019138842821,23.46689224243164,0.8038105964660645,2.997251510620117,2.9130048751831055,0.0005582364392466843,8.320335388183594,0.014733120799064636,1.7201712131500244,8.320295333862305,0.0511627197265625,0.09002685546875
U-Tikhonov T4/CG32,266,66,0,/Users/kyrillguba/Documents/Data Analytics MSc/Thesis/Python/First Try/data/DIV2K/DIV2K_valid_HR/0867.png,div2k/0867.png/sigma_0.150,div2k,0867.png,20066,a1b0a4eea55a3cc398df9e911e7db0ecbec9938d8ca0f96d3252df65b6daed62,489082987d893b9111ff8cc461523e9cf259a89d3eae6060586e438615394bf3,0.15000000596046448,0.020587537437677383,16.863956451416016,0.5906478762626648,0.00428253598511219,23.68299102783203,0.827050507068634,2.6066489219665527,2.7398622035980225,0.00036677459138445556,8.320335388183594,0.014720188453793526,1.3675613403320312,8.320290565490723,0.053009033203125,0.0690460205078125
U-Tikhonov T4/CG32,267,67,0,/Users/kyrillguba/Documents/Data Analytics MSc/Thesis/Python/First Try/data/DIV2K/DIV2K_valid_HR/0868.png,div2k/0868.png/sigma_0.150,div2k,0868.png,20067,a5806164ffd45d6b14c4f40b199c062ca7d2855351fd99291a948b57f15212f1,3f900618571625c340ba45e51bd1e3d128f7f3550c63988d124a936fd88fcd70,0.15000000596046448,0.016574418172240257,17.805618286132812,0.26616498827934265,0.0016693767393007874,27.774456024169922,0.8823466300964355,6.220964431762695,3.003619432449341,0.00023193220840767026,8.320335388183594,0.03257543966174126,8.174356460571289,8.320335388183594,0.0207366943359375,0.4633026123046875
U-Tikhonov T4/CG32,268,68,0,/Users/kyrillguba/Documents/Data Analytics MSc/Thesis/Python/First Try/data/DIV2K/DIV2K_valid_HR/0869.png,div2k/0869.png/sigma_0.150,div2k,0869.png,20068,bc61ffc14754a4c0e306111ec7946ec828ebc05b363e7717d8c2f300d7750e5c,202aa48ccc3b279a766daa719a87aec876ccb1f9e1834eb4dc7a517266822579,0.15000000596046448,0.020335741341114044,16.917400360107422,0.4392627477645874,0.0029496708884835243,25.302265167236328,0.8142884969711304,4.458528995513916,3.3150248527526855,0.0002476582885719836,8.320335388183594,0.032489340752363205,3.9886984825134277,8.320335388183594,0.02490234375,0.2637939453125
U-Tikhonov T4/CG32,269,69,0,/Users/kyrillguba/Documents/Data Analytics MSc/Thesis/Python/First Try/data/DIV2K/DIV2K_valid_HR/0870.png,div2k/0870.png/sigma_0.150,div2k,0870.png,20069,23fb86d88c32c580e802edb1ef9cd9aecf3ca74c79ecdde14ada63f7050ad410,6321e9cf1562ebed88776a69961ee1c5c8cc0c1983af1fc62b68e2aa77eb14a7,0.15000000596046448,0.02132485806941986,16.711137771606445,0.5675413608551025,0.005129463039338589,22.899282455444336,0.7583146095275879,2.1784119606018066,2.195967197418213,0.00022367009660229087,8.320335388183594,0.03146252781152725,1.350406527519226,8.302494049072266,0.0285797119140625,0.0198516845703125
U-Tikhonov T4/CG32,270,70,0,/Users/kyrillguba/Documents/Data Analytics MSc/Thesis/Python/First Try/data/DIV2K/DIV2K_valid_HR/0871.png,div2k/0871.png/sigma_0.150,div2k,0871.png,20070,755675f2824bd9535075c3a3649ecad82608dffc5b28d5b6777c999ce5ac8feb,10125e5a8e11f33c76c1b1bed7595bdfd36ccd859da9d715e162a1351d92a580,0.15000000596046448,0.021094676107168198,16.758272171020508,0.5268259048461914,0.003394058905541897,24.69280433654785,0.8340687155723572,2.992408275604248,2.793877601623535,0.0004234838124830276,8.320335388183594,0.025995904579758644,1.8122594356536865,8.320272445678711,0.0321044921875,0.075439453125
U-Tikhonov T4/CG32,271,71,0,/Users/kyrillguba/Documents/Data Analytics MSc/Thesis/Python/First Try/data/DIV2K/DIV2K_valid_HR/0872.png,div2k/0872.png/sigma_0.150,div2k,0872.png,20071,a3051017ca8c7da3a6c7830c9bb928ecf2b81dc2add6c092a6aecfa321376f6b,c460690477aa730ba52b6f070f23b6a80e95359dd83e0d659d013b8e096f919b,0.15000000596046448,0.020569588989019394,16.86774444580078,0.6250527501106262,0.00477750925347209,23.207984924316406,0.834633469581604,2.655569076538086,2.7633116245269775,0.0002000578388106078,8.320335388183594,0.012856599874794483,1.379361629486084,8.320174217224121,0.05511474609375,0.0631561279296875
U-Tikhonov T4/CG32,272,72,0,/Users/kyrillguba/Documents/Data Analytics MSc/Thesis/Python/First Try/data/DIV2K/DIV2K_valid_HR/0873.png,div2k/0873.png/sigma_0.150,div2k,0873.png,20072,98eca5a763607b677cf4da90c4112b7bd27d325edaf99023f29c46b2af95740e,b1a58c6fdd9a17716a53afc24b211241e38bebda099604f4de03ec4b8a65d0c0,0.15000000596046448,0.02104468084871769,16.768577575683594,0.4549928903579712,0.004049615003168583,23.925861358642578,0.7622525095939636,3.3098342418670654,2.870774030685425,0.0011685136705636978,8.320335388183594,0.06544619798660278,2.0919857025146484,8.320330619812012,0.0136260986328125,0.12347412109375
U-Tikhonov T4/CG32,273,73,0,/Users/kyrillguba/Documents/Data Analytics MSc/Thesis/Python/First Try/data/DIV2K/DIV2K_valid_HR/0874.png,div2k/0874.png/sigma_0.150,div2k,0874.png,20073,c1b141701b55a15db0c8d9d38d28131d0c6935abc941c0cf5a1b8e17483ce6db,f7a960b00896cbbdc6ccf512afa721f386e45066e678fb4dac90081e17444d92,0.15000000596046448,0.020938146859407425,16.790616989135742,0.38387995958328247,0.002571128774434328,25.898761749267578,0.754925012588501,4.559296131134033,3.0620017051696777,0.00024719926295801997,8.320335388183594,0.055206600576639175,4.1854400634765625,8.320335388183594,0.014404296875,0.203826904296875
U-Tikhonov T4/CG32,274,74,0,/Users/kyrillguba/Documents/Data Analytics MSc/Thesis/Python/First Try/data/DIV2K/DIV2K_valid_HR/0875.png,div2k/0875.png/sigma_0.150,div2k,0875.png,20074,9efdc0057bb6e53db148019bb4a13192254fce5f31a016a4924e85fc6ee62a16,e753a30c362a6d3eb9c45706aecc08c68a7ea7f6628d8db66366787c20355c9f,0.15000000596046448,0.020058192312717438,16.977083206176758,0.6610298156738281,0.005353068467229605,22.713973999023438,0.8401278853416443,2.0620529651641846,2.385777711868286,0.00016004618373699486,8.320335388183594,0.012820987030863762,1.051969289779663,8.320216178894043,0.059051513671875,0.03912353515625
U-Tikhonov T4/CG32,275,75,0,/Users/kyrillguba/Documents/Data Analytics MSc/Thesis/Python/First Try/data/DIV2K/DIV2K_valid_HR/0876.png,div2k/0876.png/sigma_0.150,div2k,0876.png,20075,84df379a2b4a7b995296e31b3954bfb9a7731d5e2d0b8650405a416a53e11125,04f67a9594d48093a6e08a0e38642e6eee5be4f8b3ade5dfae2084bc980881d8,0.15000000596046448,0.01703212410211563,17.687313079833984,0.45483678579330444,0.003914297558367252,24.073463439941406,0.693710446357727,3.233708143234253,2.7540087699890137,0.0002591746742837131,8.320335388183594,0.028005847707390785,2.178168535232544,8.318408966064453,0.0274658203125,0.0530548095703125
U-Tikhonov T4/CG32,276,76,0,/Users/kyrillguba/Documents/Data Analytics MSc/Thesis/Python/First Try/data/DIV2K/DIV2K_valid_HR/0877.png,div2k/0877.png/sigma_0.150,div2k,0877.png,20076,a7be10c02736c3557926612d053466a395f1f8df83ddeeff7027d05bb769b33a,7a218ead6d4c2d3dbb899303596e94d43e2c5a54ec8912d5cb7240b959b4d20a,0.15000000596046448,0.01769191399216652,17.52225112915039,0.31010305881500244,0.0017607761546969414,27.542957305908203,0.7828153371810913,4.446161270141602,2.917088508605957,0.00042643523192964494,8.320335388183594,0.05975428223609924,4.170814037322998,8.320298194885254,0.013916015625,0.1250457763671875
U-Tikhonov T4/CG32,277,77,0,/Users/kyrillguba/Documents/Data Analytics MSc/Thesis/Python/First Try/data/DIV2K/DIV2K_valid_HR/0878.png,div2k/0878.png/sigma_0.150,div2k,0878.png,20077,f1e61ee7f615bf40fc0cc24a3750fc6413019d89281f32d061c3bfb42fdf3082,523e861cf9811cfce774e032f43234955e18c0379b5dd121e8c3aa12cc8d019b,0.15000000596046448,0.0209621824324131,16.78563690185547,0.5418142080307007,0.0038974988274276257,24.092140197753906,0.8030970692634583,3.087162494659424,2.8407516479492188,0.000281554035609588,8.320335388183594,0.024487867951393127,1.890649676322937,8.320289611816406,0.0335845947265625,0.082366943359375
U-Tikhonov T4/CG32,278,78,0,/Users/kyrillguba/Documents/Data Analytics MSc/Thesis/Python/First Try/data/DIV2K/DIV2K_valid_HR/0879.png,div2k/0879.png/sigma_0.150,div2k,0879.png,20078,f7a72db70e5d13cc9ce0514ee1b317f98a5b43e5671f68071037416761ac50bb,d5918c03e5907d4cf17c7a3b8fdf798cfd715c7e2c42e5b086c8db22e0140197,0.15000000596046448,0.02097097411751747,16.7838134765625,0.3940846621990204,0.0028668988961726427,25.42587661743164,0.8536772727966309,4.827953338623047,3.440268039703369,0.0003031741071026772,8.320335388183594,0.022481055930256844,6.055685997009277,8.320335388183594,0.0343475341796875,0.32147216796875
U-Tikhonov T4/CG32,279,79,0,/Users/kyrillguba/Documents/Data Analytics MSc/Thesis/Python/First Try/data/DIV2K/DIV2K_valid_HR/0880.png,div2k/0880.png/sigma_0.150,div2k,0880.png,20079,2464ffab9474f65f91c41e6231fc7c3907d471b36d493192c28dd9a9c9ac3c4c,dbdea1106cd8958916fc9772a53d3f6877bb9eb6f6bf76523991d5764d8fdd36,0.15000000596046448,0.02196056768298149,16.58356475830078,0.3213769495487213,0.00207343278452754,26.833099365234375,0.8294260501861572,5.204238414764404,3.247983694076538,0.00033728929702192545,8.320335388183594,0.04984303563833237,6.860230922698975,8.320335388183594,0.015472412109375,0.349456787109375
U-Tikhonov T4/CG32,280,80,0,/Users/kyrillguba/Documents/Data Analytics MSc/Thesis/Python/First Try/data/DIV2K/DIV2K_valid_HR/0881.png,div2k/0881.png/sigma_0.150,div2k,0881.png,20080,b4be0560c87adf38d8561ec3fb5a8e3e0e5d0b43501194ff1ff77f1511e89119,12545213925ff49318f4eb85bc9d7708644215a2b6f920b8b43a35070b88ddef,0.15000000596046448,0.021493175998330116,16.67699432373047,0.3434904217720032,0.0020230289082974195,26.939979553222656,0.8132534623146057,5.214620590209961,3.033581495285034,0.00015012217045295984,8.320335388183594,0.05813441053032875,6.197948455810547,8.320334434509277,0.0135345458984375,0.2600250244140625
U-Tikhonov T4/CG32,281,81,0,/Users/kyrillguba/Documents/Data Analytics MSc/Thesis/Python/First Try/data/DIV2K/DIV2K_valid_HR/0882.png,div2k/0882.png/sigma_0.150,div2k,0882.png,20081,aac379d4eb1f7ffb4575e0fcca3a6836e85643267b9f537632bdfd3422ae2a6d,6ea62831d84b83768a283f19ded8038b94cdc02a1803dc9d4be062a1010c652b,0.15000000596046448,0.020324550569057465,16.919790267944336,0.5098577737808228,0.0032894685864448547,24.8287410736084,0.8613481521606445,2.9901163578033447,2.9091131687164307,0.00014069191820453852,8.320335388183594,0.008882931433618069,1.7064456939697266,8.320291519165039,0.05548095703125,0.091156005859375
U-Tikhonov T4/CG32,282,82,0,/Users/kyrillguba/Documents/Data Analytics MSc/Thesis/Python/First Try/data/DIV2K/DIV2K_valid_HR/0883.png,div2k/0883.png/sigma_0.150,div2k,0883.png,20082,dc84aa16cb279e020e6bb4a512b74aeb161e2c3b612b40cfe834b4ea44c4dbd4,d6ca2ad6f8222cacc85ba5acfe3731812141fffa89abd8381baa251a186ba402,0.15000000596046448,0.02078293263912201,16.82293128967285,0.5666801929473877,0.00426104199141264,23.70484161376953,0.8198605179786682,2.9409313201904297,2.94211483001709,0.00045061021228320897,8.320335388183594,0.016960307955741882,1.5632933378219604,8.320335388183594,0.043060302734375,0.118072509765625
U-Tikhonov T4/CG32,283,83,0,/Users/kyrillguba/Documents/Data Analytics MSc/Thesis/Python/First Try/data/DIV2K/DIV2K_valid_HR/0884.png,div2k/0884.png/sigma_0.150,div2k,0884.png,20083,c3e792b1483d91371c9eeedd1d20a4f45de1d748d7f261794ce740fbc3ea3016,67d70f20a1d4f66cac28d02ab11cd81f739a1071d066579730d2624fe56ba85d,0.15000000596046448,0.020287808030843735,16.927648544311523,0.5604811906814575,0.004450430162250996,23.515979766845703,0.7992134094238281,2.4336097240448,2.4652099609375,0.00017254927661269903,8.320335388183594,0.016972320154309273,1.4418134689331055,8.317115783691406,0.04412841796875,0.033935546875
U-Tikhonov T4/CG32,284,84,0,/Users/kyrillguba/Documents/Data Analytics MSc/Thesis/Python/First Try/data/DIV2K/DIV2K_valid_HR/0885.png,div2k/0885.png/sigma_0.150,div2k,0885.png,20084,d1b12f5bdff73a004166bc26bfd68ed924612ba4dfeb5ee46ef886fec9606402,9eeb98b0c07f0b7b290d584d5a9e68577a79b851fc5d78184fc7550490c240de,0.15000000596046448,0.02135692909359932,16.704612731933594,0.42789727449417114,0.0036223619244992733,24.410079956054688,0.7098864316940308,3.823418140411377,2.9824306964874268,0.00026060297386720777,8.320335388183594,0.023199310526251793,2.9330530166625977,8.32031536102295,0.0308990478515625,0.1123199462890625
U-Tikhonov T4/CG32,285,85,0,/Users/kyrillguba/Documents/Data Analytics MSc/Thesis/Python/First Try/data/DIV2K/DIV2K_valid_HR/0886.png,div2k/0886.png/sigma_0.150,div2k,0886.png,20085,8269830c494c50f2ca58c9fe1491092884eabccc73e5d87438dd2282f32843ab,9571b600fa26fa5e78211a52aba99b7f6cdab0485832901faed8cd24db7c030f,0.15000000596046448,0.020501960068941116,16.882047653198242,0.3476765751838684,0.0018524748738855124,27.32247543334961,0.8572887182235718,4.869312286376953,3.1175153255462646,0.0001504944229964167,8.320335388183594,0.037048306316137314,5.299726486206055,8.320334434509277,0.0194091796875,0.2305755615234375
U-Tikhonov T4/CG32,286,86,0,/Users/kyrillguba/Documents/Data Analytics MSc/Thesis/Python/First Try/data/DIV2K/DIV2K_valid_HR/0887.png,div2k/0887.png/sigma_0.150,div2k,0887.png,20086,9674e5076ec8c005bce7e3450e6bf09deb82df9952eaff58c7717b3a16e90f3e,6d7b91947c5834877dcbcfb879c4555b794c0e30342063eb757e5d1cd377f564,0.15000000596046448,0.020419981330633163,16.899446487426758,0.39879703521728516,0.003280066652223468,24.841175079345703,0.7797876596450806,4.425704002380371,3.2670059204101562,0.00016102481458801776,8.320335388183594,0.029487237334251404,3.8372364044189453,8.320335388183594,0.0255279541015625,0.2546234130859375
U-Tikhonov T4/CG32,287,87,0,/Users/kyrillguba/Documents/Data Analytics MSc/Thesis/Python/First Try/data/DIV2K/DIV2K_valid_HR/0888.png,div2k/0888.png/sigma_0.150,div2k,0888.png,20087,0b12dfb6e7a24bf393f0f61b8c12a04a0e14c82f6eb77cce3a6d2ed989cadb40,da1f4ebeae57366ccd911abc2e91442211f58aa2208b08a5e5e0641bb5b15b3f,0.15000000596046448,0.019633378833532333,17.070049285888672,0.6296042203903198,0.004818297922611237,23.171064376831055,0.8391034603118896,2.3549208641052246,2.6357874870300293,0.0001498377532698214,8.320335388183594,0.01079358346760273,1.1425814628601074,8.320158958435059,0.0644378662109375,0.050933837890625
U-Tikhonov T4/CG32,288,88,0,/Users/kyrillguba/Documents/Data Analytics MSc/Thesis/Python/First Try/data/DIV2K/DIV2K_valid_HR/0889.png,div2k/0889.png/sigma_0.150,div2k,0889.png,20088,65b588cd7d91eb7ab3ad2ee297b48e2bcd71468e6f3fd4cedd22296161fcf0b3,4d47a099f8c03527f178a93d20ec6021009f2bf007699ffbf4d49b9ee0a18bac,0.15000000596046448,0.019847596064209938,17.022920608520508,0.6674190759658813,0.006000949535518885,22.21780014038086,0.8211609125137329,1.9892340898513794,2.4193966388702393,0.0002374743635300547,8.320335388183594,0.01241221185773611,0.9332629442214966,8.320316314697266,0.0706329345703125,0.0431365966796875
U-Tikhonov T4/CG32,289,89,0,/Users/kyrillguba/Documents/Data Analytics MSc/Thesis/Python/First Try/data/DIV2K/DIV2K_valid_HR/0890.png,div2k/0890.png/sigma_0.150,div2k,0890.png,20089,641726511e5ab55ecb5dccce15a53a64473d43e0a2be22d51e522b22644d2891,090cde7116e024b2ec602eebacab490050c1b660e998f53dd4720b5b72685506,0.15000000596046448,0.022137947380542755,16.548625946044922,0.30939149856567383,0.002008977346122265,26.97024917602539,0.8006041049957275,4.952047348022461,3.1021034717559814,0.0010427720844745636,8.320335388183594,0.09825531393289566,5.334892272949219,8.320334434509277,0.00799560546875,0.2722930908203125
U-Tikhonov T4/CG32,290,90,0,/Users/kyrillguba/Documents/Data Analytics MSc/Thesis/Python/First Try/data/DIV2K/DIV2K_valid_HR/0891.png,div2k/0891.png/sigma_0.150,div2k,0891.png,20090,df25cc2cba32c4a350c4749f690c8d6acb73d96d359ca40b6fee4071dbf564d0,7dff3a0867a76ac2a36a0195af44b2d5f502d8da1a0aff1f9a5753df36f19149,0.15000000596046448,0.02067994698882103,16.844505310058594,0.6243946552276611,0.004893735516816378,23.103595733642578,0.8293099403381348,2.547189474105835,2.7125306129455566,0.00019350272486917675,8.320335388183594,0.017630070447921753,1.3099043369293213,8.320301055908203,0.0503082275390625,0.065460205078125
U-Tikhonov T4/CG32,291,91,0,/Users/kyrillguba/Documents/Data Analytics MSc/Thesis/Python/First Try/data/DIV2K/DIV2K_valid_HR/0892.png,div2k/0892.png/sigma_0.150,div2k,0892.png,20091,cf51693d41de71e034484154f59145fbffeb5a48fb250085472f21ef15bc44ee,a59e46b09cbe29e3ebc2d1e171a0a0ff3bf91fc8647f369b99fa62754e807e66,0.15000000596046448,0.02017464116215706,16.951942443847656,0.6150212287902832,0.005833333358168602,22.34083366394043,0.796170711517334,2.3087100982666016,2.7217676639556885,0.00019670301117002964,8.320335388183594,0.010475873947143555,0.9707505106925964,8.320226669311523,0.0781097412109375,0.058258056640625
U-Tikhonov T4/CG32,292,92,0,/Users/kyrillguba/Documents/Data Analytics MSc/Thesis/Python/First Try/data/DIV2K/DIV2K_valid_HR/0893.png,div2k/0893.png/sigma_0.150,div2k,0893.png,20092,e38a2d9fc2bb1bfe2d7f4ac7ac04be6e3b640472049753a9ec509cb5b184dfae,05609a5b3db9d0ebbee04566382b115babbaf65d1f71365a2d3b0c1021529ba3,0.15000000596046448,0.018521644175052643,17.323205947875977,0.4411300718784332,0.002830137964338064,25.48192596435547,0.8141016960144043,3.8316049575805664,3.113820791244507,0.0002138170093530789,8.320335388183594,0.0158982016146183,2.948652744293213,8.320335388183594,0.0423583984375,0.1266632080078125
U-Tikhonov T4/CG32,293,93,0,/Users/kyrillguba/Documents/Data Analytics MSc/Thesis/Python/First Try/data/DIV2K/DIV2K_valid_HR/0894.png,div2k/0894.png/sigma_0.150,div2k,0894.png,20093,f7c053db8ff81bb3c056ed342eb0bfb9ba890e8adb30617f79d560f11e941c73,3fccd8843bb8ab2352f2c3dca1f0041b3201bbadd09121217f0bbca35f20ea40,0.15000000596046448,0.01920481212437153,17.1658992767334,0.3721504807472229,0.002285084454342723,26.410978317260742,0.763145923614502,5.806504249572754,3.0675830841064453,0.00025536594330333173,8.320335388183594,0.03317983075976372,7.836162090301514,8.320335388183594,0.0196990966796875,0.3929443359375
U-Tikhonov T4/CG32,294,94,0,/Users/kyrillguba/Documents/Data Analytics MSc/Thesis/Python/First Try/data/DIV2K/DIV2K_valid_HR/0895.png,div2k/0895.png/sigma_0.150,div2k,0895.png,20094,abdbc9e5dd323d44902bb35948460b514a4fe27d53aa9bc4f2072e0a425a5902,6aa3aa753ea7ad02049ba7f7f3c2a098d40cd8ab63418c08e09883f61b4ac7a0,0.15000000596046448,0.02031978964805603,16.920808792114258,0.509181797504425,0.005031686741858721,22.982864379882812,0.6900059580802917,3.866086006164551,2.9027347564697266,0.00012246600817888975,8.320335388183594,0.03959964960813522,2.90739107131958,8.320331573486328,0.0181121826171875,0.1259613037109375
U-Tikhonov T4/CG32,295,95,0,/Users/kyrillguba/Documents/Data Analytics MSc/Thesis/Python/First Try/data/DIV2K/DIV2K_valid_HR/0896.png,div2k/0896.png/sigma_0.150,div2k,0896.png,20095,857388cd8fc429b194bc7374762cee70b099ddf090a6495b03d92edc4c8c7b8d,4e5ec91ba09447954d9184006b86d6c8a4d2e9762c0d802b7acc3e30a003fe99,0.15000000596046448,0.015470854938030243,18.1048583984375,0.36559027433395386,0.0024774004705250263,26.06003761291504,0.8960118889808655,6.011476516723633,3.1237456798553467,0.000103924518043641,8.320335388183594,0.018800927326083183,8.133607864379883,8.320335388183594,0.0289306640625,0.4496002197265625
U-Tikhonov T4/CG32,296,96,0,/Users/kyrillguba/Documents/Data Analytics MSc/Thesis/Python/First Try/data/DIV2K/DIV2K_valid_HR/0897.png,div2k/0897.png/sigma_0.150,div2k,0897.png,20096,a75baf8d323b01687486bd536ce524304bab0a20ffcaf0d6d19c9abe9c8bef57,e2fdff6e4bfb56efb51be82da3f6818d38e92ea4b89c06426ff672fb11ab9cea,0.15000000596046448,0.018825935199856758,17.25243377685547,0.817688524723053,0.009982082061469555,20.007789611816406,0.8672942519187927,0.8857312202453613,1.6890180110931396,0.00011343580990796909,8.320335388183594,0.0008206421043723822,0.2280707061290741,8.106173515319824,0.3267669677734375,0.0060577392578125
U-Tikhonov T4/CG32,297,97,0,/Users/kyrillguba/Documents/Data Analytics MSc/Thesis/Python/First Try/data/DIV2K/DIV2K_valid_HR/0898.png,div2k/0898.png/sigma_0.150,div2k,0898.png,20097,0f9b0c2f1793b1dd0ac81be97181b9e904a39fcf108cd39194842f26678085f7,02c50d40179ae73f11237da6f9918d44c299b7ab614e0896018584e491c28614,0.15000000596046448,0.021980486810207367,16.579627990722656,0.26478034257888794,0.0017084421124309301,27.67399787902832,0.8538985252380371,5.9418134689331055,3.122004270553589,0.0005924425204284489,8.320335388183594,0.06030174344778061,8.107794761657715,8.320335388183594,0.013397216796875,0.44427490234375
U-Tikhonov T4/CG32,298,98,0,/Users/kyrillguba/Documents/Data Analytics MSc/Thesis/Python/First Try/data/DIV2K/DIV2K_valid_HR/0899.png,div2k/0899.png/sigma_0.150,div2k,0899.png,20098,bea5ead4e165747f9c0e6d434cc536abdd4760b1a8da09c78f705024684bff65,cf88b3a38e6d7cc9cd1a08f9cc3127392ccd44bf3b7be67da5653df76ed6db73,0.15000000596046448,0.01932554319500923,17.138683319091797,0.5551150441169739,0.004046737216413021,23.9289493560791,0.8188109397888184,2.965980052947998,3.0568764209747314,0.0001111444435082376,8.320335388183594,0.00525581045076251,1.500950813293457,8.320331573486328,0.089263916015625,0.102020263671875
U-Tikhonov T4/CG32,299,99,0,/Users/kyrillguba/Documents/Data Analytics MSc/Thesis/Python/First Try/data/DIV2K/DIV2K_valid_HR/0900.png,div2k/0900.png/sigma_0.150,div2k,0900.png,20099,72e06d86758e25d0f39e87b43b4ed00325b96cc08c65fc1809df35beee23e59c,8675b721ca7e8956cf02bb1a0098b9439a3aff7c56577ec1f3ac2a00b63625c9,0.15000000596046448,0.016771264374256134,17.754343032836914,0.5362525582313538,0.004843742586672306,23.148191452026367,0.7479815483093262,3.0414278507232666,2.903334379196167,0.00010904239024966955,8.320335388183594,0.011525963433086872,1.7706925868988037,8.320226669311523,0.0531463623046875,0.071929931640625
U-Tikhonov T4/CG32,300,0,0,/Users/kyrillguba/Documents/Data Analytics MSc/Thesis/Python/First Try/data/DIV2K/DIV2K_valid_HR/0801.png,div2k/0801.png/sigma_0.200,div2k,0801.png,20000,9ca598cce3296c3968a2f8f7685477f637dbdbbb9d4efb1cd418ca185bd31eef,a9365f4e0c16669b5077b4e9432d32a1601ddf16ec48ed5bc58b26305bb2dfd6,0.20000000298023224,0.03454243391752243,14.616471290588379,0.43085727095603943,0.005740927532315254,22.410179138183594,0.7183927297592163,3.368342399597168,2.750549554824829,0.00023846712429076433,8.320335388183594,0.03983299806714058,2.3673157691955566,8.320286750793457,0.0187835693359375,0.0782623291015625
U-Tikhonov T4/CG32,301,1,0,/Users/kyrillguba/Documents/Data Analytics MSc/Thesis/Python/First Try/data/DIV2K/DIV2K_valid_HR/0802.png,div2k/0802.png/sigma_0.200,div2k,0802.png,20001,3177c80331fb32ceee70ac3ef64d2e56a1bce05ea8a9c0b664e2592552554742,36060dd2d8d24324286c1b18f2ecc8777c2ec20e379eefda3e35ac636d9b3f94,0.20000000298023224,0.03269209712743759,14.855571746826172,0.552805483341217,0.005087866447865963,22.93464469909668,0.8687868714332581,2.2789735794067383,2.419226884841919,0.00012808837345801294,8.320335388183594,0.019383283331990242,1.2706363201141357,8.318349838256836,0.0451507568359375,0.0333251953125
U-Tikhonov T4/CG32,302,2,0,/Users/kyrillguba/Documents/Data Analytics MSc/Thesis/Python/First Try/data/DIV2K/DIV2K_valid_HR/0803.png,div2k/0803.png/sigma_0.200,div2k,0803.png,20002,671a4205d217354c075117f716a83d9a5ef2b4c921475de333f15ac8882c9356,0407f8277a603861b050d3fca105d13640f58fd1f088543fac352d20d4ee0d6d,0.20000000298023224,0.03677719458937645,14.34421443939209,0.3164742588996887,0.002867389703169465,25.42513084411621,0.8169006109237671,4.308586120605469,2.9467668533325195,0.00023150950437411666,8.320335388183594,0.044294364750385284,3.798898458480835,8.32032585144043,0.0175628662109375,0.1412353515625
U-Tikhonov T4/CG32,303,3,0,/Users/kyrillguba/Documents/Data Analytics MSc/Thesis/Python/First Try/data/DIV2K/DIV2K_valid_HR/0804.png,div2k/0804.png/sigma_0.200,div2k,0804.png,20003,f95563d4b6e58b102c165eeec7f7e1ba2608e12c3a331510949f0cce842149ea,5091347d676ff4495f51148d24623d7797e9d157213b7378f4e24a70453e7c75,0.20000000298023224,0.033111415803432465,14.800223350524902,0.5136070251464844,0.005729030352085829,22.419189453125,0.7924261093139648,3.3490679264068604,3.0092742443084717,0.000126062601339072,8.320335388183594,0.014973199926316738,2.0924606323242188,8.320335388183594,0.041900634765625,0.1275482177734375
U-Tikhonov T4/CG32,304,4,0,/Users/kyrillguba/Documents/Data Analytics MSc/Thesis/Python/First Try/data/DIV2K/DIV2K_valid_HR/0805.png,div2k/0805.png/sigma_0.200,div2k,0805.png,20004,bac34b49da4033070da28c152ece5c527c7274eafed4e320f3e7258274a93177,6cf8931033545531e65b45cd0193f8f35f03ca064e6aeb6884f862feae04a2a9,0.20000000298023224,0.03317341208457947,14.792098999023438,0.37022048234939575,0.004648970440030098,23.326433181762695,0.7187178134918213,4.274806022644043,2.9654979705810547,0.0003355932713020593,8.320335388183594,0.06252924352884293,3.674973726272583,8.320332527160645,0.0132598876953125,0.1486663818359375
U-Tikhonov T4/CG32,305,5,0,/Users/kyrillguba/Documents/Data Analytics MSc/Thesis/Python/First Try/data/DIV2K/DIV2K_valid_HR/0806.png,div2k/0806.png/sigma_0.200,div2k,0806.png,20005,befc31ea0c7663db0351a7238adfea3153639f5dfa13cb7cacfd757a46539d49,42ca3f83fbb588f1d98a5db8125804044c1d5568bed89b9c5c17685aab2e52a1,0.20000000298023224,0.034227900207042694,14.656198501586914,0.31462281942367554,0.003077559173107147,25.117935180664062,0.7972288727760315,4.811994552612305,3.038043260574341,0.0006598449544981122,8.320335388183594,0.06019585579633713,4.978321075439453,8.320334434509277,0.0139312744140625,0.2110748291015625
U-Tikhonov T4/CG32,306,6,0,/Users/kyrillguba/Documents/Data Analytics MSc/Thesis/Python/First Try/data/DIV2K/DIV2K_valid_HR/0807.png,div2k/0807.png/sigma_0.200,div2k,0807.png,20006,1e941eaeed69e78250491fe2c5b2f458f2f36301b8aa701227bd408f852fa572,7577e075b9407964bd3c045c44f49e9eed4cd36144880344a401029a52f84239,0.20000000298023224,0.034604717046022415,14.608646392822266,0.3595600128173828,0.005167549941688776,22.86715316772461,0.6910368204116821,4.281194686889648,3.0505623817443848,0.0005148288328200579,8.320335388183594,0.05447499454021454,3.6052982807159424,8.320334434509277,0.014892578125,0.179534912109375
U-Tikhonov T4/CG32,307,7,0,/Users/kyrillguba/Documents/Data Analytics MSc/Thesis/Python/First Try/data/DIV2K/DIV2K_valid_HR/0808.png,div2k/0808.png/sigma_0.200,div2k,0808.png,20007,9666b1dba93f470d95570471f38f195acafae585deefb8498b5ebb625df94e78,593a46ec02aafa29eda0f31d7bc829966f052ea8bcfac6fd931cb7aafef5c478,0.20000000298023224,0.03264236822724342,14.862183570861816,0.24462930858135223,0.0032952907495200634,24.821063995361328,0.7771420478820801,5.962774276733398,3.0025601387023926,0.00015273521421477199,8.320335388183594,0.059244826436042786,8.007915496826172,8.320335388183594,0.0133209228515625,0.4228363037109375
U-Tikhonov T4/CG32,308,8,0,/Users/kyrillguba/Documents/Data Analytics MSc/Thesis/Python/First Try/data/DIV2K/DIV2K_valid_HR/0809.png,div2k/0809.png/sigma_0.200,div2k,0809.png,20008,f57d7f591d2770efb0162e925acaaef8e4ce467e58b7a54d53de058959be9978,7c562f910f22a6bbc5b8b1863098a4cc05a6fb6bfda81f9b8b157feccff608ae,0.20000000298023224,0.035625673830509186,14.482369422912598,0.3049831986427307,0.0035501904785633087,24.497486114501953,0.6669379472732544,4.797508239746094,2.786229372024536,0.00021291471784934402,8.320335388183594,0.11950082331895828,4.702155113220215,8.320328712463379,0.0069427490234375,0.15655517578125
U-Tikhonov T4/CG32,309,9,0,/Users/kyrillguba/Documents/Data Analytics MSc/Thesis/Python/First Try/data/DIV2K/DIV2K_valid_HR/0810.png,div2k/0810.png/sigma_0.200,div2k,0810.png,20009,50cf8d799292c4a6f6c23b4a8f1d0c08015da9c6e74d9109a31efdb1eb5d9df3,ba7b2bf6f8dbef7b1540f43046cdf692e30fb9075a4c929eaa71a46d1b2a973a,0.20000000298023224,0.03685157373547554,14.335440635681152,0.2768332064151764,0.003079485148191452,25.11522102355957,0.7255201935768127,5.282052993774414,2.8685224056243896,0.0011875458294525743,8.320335388183594,0.12230066955089569,6.011026382446289,8.320333480834961,0.0065765380859375,0.22943115234375
U-Tikhonov T4/CG32,310,10,0,/Users/kyrillguba/Documents/Data Analytics MSc/Thesis/Python/First Try/data/DIV2K/DIV2K_valid_HR/0811.png,div2k/0811.png/sigma_0.200,div2k,0811.png,20010,ceab700e5944238d72f4ec94852a5ee6b9c353c54281c96ee7c6e9b9f2a16308,66b078cc01d92864043643094c99ce46de0fc392c329670aea72faa0081b61ef,0.20000000298023224,0.030274415388703346,15.189242362976074,0.2888026833534241,0.0043582795187830925,23.60685157775879,0.6204630136489868,4.9999542236328125,2.948265552520752,0.00042023404967039824,8.320335388183594,0.12077031284570694,5.31121826171875,8.320335388183594,0.0066070556640625,0.22039794921875
U-Tikhonov T4/CG32,311,11,0,/Users/kyrillguba/Documents/Data Analytics MSc/Thesis/Python/First Try/data/DIV2K/DIV2K_valid_HR/0812.png,div2k/0812.png/sigma_0.200,div2k,0812.png,20011,5f26939fc07611061a96f2a386a77ffd9251b83abf26ac7ecb5a44dcae97187b,7b8e9a311c180f17e7a36e7c0f870bbdac4a5ec65c94e366e0e96e16577873ee,0.20000000298023224,0.03386826440691948,14.702071189880371,0.40606313943862915,0.00460343761369586,23.369178771972656,0.7739197611808777,4.494933128356934,3.2598676681518555,0.00016693923680577427,8.320335388183594,0.0205991230905056,4.312807559967041,8.320335388183594,0.0321502685546875,0.2400054931640625
U-Tikhonov T4/CG32,312,12,0,/Users/kyrillguba/Documents/Data Analytics MSc/Thesis/Python/First Try/data/DIV2K/DIV2K_valid_HR/0813.png,div2k/0813.png/sigma_0.200,div2k,0813.png,20012,c34023db0a8b05fd8269a4d5afeb83670d5b08e7bce8d6c8cfe221a95b0e0b2f,86c1ff20a5aa336ba94861bc2334494a860c894bc88a7435aa3806678e7ad8b3,0.20000000298023224,0.030121561139822006,15.211225509643555,0.4075990319252014,0.00491636898368597,23.083555221557617,0.7805435657501221,4.44807767868042,3.2385547161102295,0.00016556293121539056,8.320335388183594,0.026675211265683174,4.078074932098389,8.320335388183594,0.0261383056640625,0.23443603515625
U-Tikhonov T4/CG32,313,13,0,/Users/kyrillguba/Documents/Data Analytics MSc/Thesis/Python/First Try/data/DIV2K/DIV2K_valid_HR/0814.png,div2k/0814.png/sigma_0.200,div2k,0814.png,20013,9f544177fb7f24fc86ba1b0d9b9d0e664f093ce144600099ca215fbf1a3e3c25,f19bbc6781dd3503c77ca7892fbf75631b7770a251002b21caa79b16139c91b3,0.20000000298023224,0.034978337585926056,14.562007904052734,0.19906678795814514,0.002634339965879917,25.793283462524414,0.7689381837844849,6.130155563354492,2.926051378250122,0.0005777428741566837,8.320335388183594,0.07977288216352463,8.101924896240234,8.320335388183594,0.010406494140625,0.4417572021484375
U-Tikhonov T4/CG32,314,14,0,/Users/kyrillguba/Documents/Data Analytics MSc/Thesis/Python/First Try/data/DIV2K/DIV2K_valid_HR/0815.png,div2k/0815.png/sigma_0.200,div2k,0815.png,20014,d8f2b2b3496e52c1ec43e3c5e28732516b24990b8a2361d1876240ad562db395,44f7ec206d35f890114f56d53d033f150d8d97ec4412917428f012ddb457eb5a,0.20000000298023224,0.034089915454387665,14.67374038696289,0.3620714545249939,0.004168430343270302,23.800275802612305,0.7546889185905457,3.6408474445343018,2.8053386211395264,0.0004493473097681999,8.320335388183594,0.04835328087210655,2.767082452774048,8.320323944091797,0.0175018310546875,0.08770751953125
U-Tikhonov T4/CG32,315,15,0,/Users/kyrillguba/Documents/Data Analytics MSc/Thesis/Python/First Try/data/DIV2K/DIV2K_valid_HR/0816.png,div2k/0816.png/sigma_0.200,div2k,0816.png,20015,f457e7c932a8730df29263aaf8e3c3a2e54e7e68e543a34cdbc085f7c21edf50,bb47f91d9ab8fadad3de18398885eddd3433d68f18b7cd263a390ab4f7a0012d,0.20000000298023224,0.034869372844696045,14.57555866241455,0.30748236179351807,0.003352064173668623,24.746875762939453,0.7512890100479126,4.998326301574707,3.0483226776123047,0.0003022901655640453,8.320335388183594,0.08676475286483765,5.419682502746582,8.320335388183594,0.0096282958984375,0.25872802734375
U-Tikhonov T4/CG32,316,16,0,/Users/kyrillguba/Documents/Data Analytics MSc/Thesis/Python/First Try/data/DIV2K/DIV2K_valid_HR/0817.png,div2k/0817.png/sigma_0.200,div2k,0817.png,20016,b14c93dc0fd3fb833a2c04431c6af818313c8c6f744eb433dd1817a932b015cf,c5c8010eaa417191ce2153ff0df530b99d094ff249f993067347a3076d276a20,0.20000000298023224,0.035455383360385895,14.503178596496582,0.33715492486953735,0.004172844812273979,23.795679092407227,0.7017567157745361,4.8906636238098145,3.054706573486328,0.00027138632140122354,8.320335388183594,0.06333447992801666,5.132697105407715,8.320335388183594,0.0128631591796875,0.2437896728515625
U-Tikhonov T4/CG32,317,17,0,/Users/kyrillguba/Documents/Data Analytics MSc/Thesis/Python/First Try/data/DIV2K/DIV2K_valid_HR/0818.png,div2k/0818.png/sigma_0.200,div2k,0818.png,20017,00f18d236ddc7fe3a937cdcb41ce31082a90c94b9370fc202c7dce18dd80ab2a,966998599e0b596e14f5382b54adf0f2cdc760eefec4f2b25bad3bb854bca0a1,0.20000000298023224,0.031812675297260284,14.973998069763184,0.407841295003891,0.00583695387467742,22.338138580322266,0.7728007435798645,4.76890754699707,3.336115837097168,0.0002614127588458359,8.320335388183594,0.02563602104783058,5.354783058166504,8.320335388183594,0.02880859375,0.299346923828125
U-Tikhonov T4/CG32,318,18,0,/Users/kyrillguba/Documents/Data Analytics MSc/Thesis/Python/First Try/data/DIV2K/DIV2K_valid_HR/0819.png,div2k/0819.png/sigma_0.200,div2k,0819.png,20018,f7450c40d5c0aabdc2bd2a562302ca3993841849efca05e281ec4059186e528c,a0e07558f84759a954d5c6387b083fb4e6ef737af47ace3e552687dde95f156d,0.20000000298023224,0.034033939242362976,14.680877685546875,0.3960559368133545,0.005023102276027203,22.990280151367188,0.6980279684066772,4.24514627456665,3.010740041732788,0.0003282155084889382,8.320335388183594,0.04619725048542023,3.593346357345581,8.320335388183594,0.01763916015625,0.16412353515625
U-Tikhonov T4/CG32,319,19,0,/Users/kyrillguba/Documents/Data Analytics MSc/Thesis/Python/First Try/data/DIV2K/DIV2K_valid_HR/0820.png,div2k/0820.png/sigma_0.200,div2k,0820.png,20019,ab2cf6ba20cc18bafee4976e8be3cbf4a6db4afea570ef888fdebb8c8e0616f2,45ba48f9466d9540d93960a6902a771be58eaf93359722184f499b62a29a620c,0.20000000298023224,0.031304456293582916,15.043937683105469,0.5353561639785767,0.009485365822911263,20.229461669921875,0.7156015038490295,3.772855281829834,3.2091095447540283,0.00013155017222743481,8.320335388183594,0.011553509160876274,2.5964927673339844,8.320335388183594,0.048858642578125,0.16693115234375
U-Tikhonov T4/CG32,320,20,0,/Users/kyrillguba/Documents/Data Analytics MSc/Thesis/Python/First Try/data/DIV2K/DIV2K_valid_HR/0821.png,div2k/0821.png/sigma_0.200,div2k,0821.png,20020,ebd02fa51f1a3ee91b6ca90bb58a444e53385dd1193938609708b71bca4504a0,98ad8d0b3c93b65fa7efcb2135dab5fc0366f195db1b1ef8a290e23e8f536ed2,0.20000000298023224,0.031442075967788696,15.02488899230957,0.6964309811592102,0.012805838137865067,18.925922393798828,0.7987306118011475,2.3367204666137695,2.75803542137146,0.0001392046979162842,8.320335388183594,0.00561560457572341,0.9731950759887695,8.320281982421875,0.0955352783203125,0.064727783203125
U-Tikhonov T4/CG32,321,21,0,/Users/kyrillguba/Documents/Data Analytics MSc/Thesis/Python/First Try/data/DIV2K/DIV2K_valid_HR/0822.png,div2k/0822.png/sigma_0.200,div2k,0822.png,20021,86c801c8390b132b94a9efaeb7a9bad9acdd1212e41d91d44b44811708142963,ca7d852bc8b16c6278f1bc45ae4c07890003ad72054615c02927480762cf2df5,0.20000000298023224,0.031871505081653595,14.965974807739258,0.41916948556900024,0.006389607675373554,21.94525909423828,0.6665350794792175,3.1590065956115723,2.6739020347595215,0.0003570533008314669,8.320335388183594,0.038861166685819626,2.164010524749756,8.319670677185059,0.0214691162109375,0.057037353515625
U-Tikhonov T4/CG32,322,22,0,/Users/kyrillguba/Documents/Data Analytics MSc/Thesis/Python/First Try/data/DIV2K/DIV2K_valid_HR/0823.png,div2k/0823.png/sigma_0.200,div2k,0823.png,20022,ec11d2cf0a95684902842094c84e0956a3cd35920ef85f25ba677348927a365c,26bf1ed80d68d5c6eabb4686e90308ffc3cf19921e78000f4d382c56b6b91895,0.20000000298023224,0.03412161022424698,14.66970443725586,0.3423663377761841,0.0046553402207791805,23.320486068725586,0.7837486267089844,4.686238765716553,3.305448293685913,0.0007757543935440481,8.320335388183594,0.044184260070323944,4.803814888000488,8.320335388183594,0.01947021484375,0.292938232421875
U-Tikhonov T4/CG32,323,23,0,/Users/kyrillguba/Documents/Data Analytics MSc/Thesis/Python/First Try/data/DIV2K/DIV2K_valid_HR/0824.png,div2k/0824.png/sigma_0.200,div2k,0824.png,20023,5ce7bdee523a1299c6a42c3adbb96d0e62c2f40266823753b8c042edb8b10495,f485578de09a4665de67af912511c0ee3ffa2d202728851d682353d17a0a971e,0.20000000298023224,0.031988292932510376,14.950089454650879,0.4113571047782898,0.004752784501761198,23.230518341064453,0.7804449200630188,4.985441207885742,3.3722927570343018,0.00010305526666343212,8.320335388183594,0.009803658351302147,6.431848526000977,8.320335388183594,0.044281005859375,0.320770263671875
U-Tikhonov T4/CG32,324,24,0,/Users/kyrillguba/Documents/Data Analytics MSc/Thesis/Python/First Try/data/DIV2K/DIV2K_valid_HR/0825.png,div2k/0825.png/sigma_0.200,div2k,0825.png,20024,0403db62808d832f7764170e8df2b8c78ad826e2a93d809f8cf6d018258b011a,61e6b9f60ba16552facccb9e47e0ca7141ad08ea8a4a223d1f2af0c84fc2a013,0.20000000298023224,0.03425753489136696,14.65243911743164,0.5137622356414795,0.00661675026640296,21.79355239868164,0.7765097618103027,3.29270076751709,3.0270297527313232,0.00012410258932504803,8.320335388183594,0.01346050389111042,2.022960901260376,8.320335388183594,0.0495758056640625,0.1171875
U-Tikhonov T4/CG32,325,25,0,/Users/kyrillguba/Documents/Data Analytics MSc/Thesis/Python/First Try/data/DIV2K/DIV2K_valid_HR/0826.png,div2k/0826.png/sigma_0.200,div2k,0826.png,20025,b7fba61bcca359e5581b44283bbc34696cae71321e031969411ada23b17e2199,e5b36e49ab70c13ddec8ad18f0123685ffe4741ae10c8796387deccf900f867e,0.20000000298023224,0.03241979330778122,14.891897201538086,0.3761705458164215,0.004321949556469917,23.643205642700195,0.7714494466781616,5.017200946807861,3.199772596359253,0.0001742907625157386,8.320335388183594,0.034843578934669495,5.837058067321777,8.320335388183594,0.020782470703125,0.3054046630859375
U-Tikhonov T4/CG32,326,26,0,/Users/kyrillguba/Documents/Data Analytics MSc/Thesis/Python/First Try/data/DIV2K/DIV2K_valid_HR/0827.png,div2k/0827.png/sigma_0.200,div2k,0827.png,20026,1a1d5ffbd89d79d7803cf86e2d8f6c75cd146872fd61e387fec71a904e384317,19e103ed562e6af6dc3c79b137828a005900ef232d338de260add904c5386d11,0.20000000298023224,0.025430236011743546,15.946496963500977,0.1578771471977234,0.002941310405731201,25.314594268798828,0.6671959161758423,6.1537933349609375,2.752225637435913,0.001383367576636374,8.320335388183594,0.13188642263412476,7.847810745239258,8.320335388183594,0.00616455078125,0.3670196533203125
U-Tikhonov T4/CG32,327,27,0,/Users/kyrillguba/Documents/Data Analytics MSc/Thesis/Python/First Try/data/DIV2K/DIV2K_valid_HR/0828.png,div2k/0828.png/sigma_0.200,div2k,0828.png,20027,3b7551ae7f737167932c3230707f7075368102b6732eb16bfe514fd471223ea4,9e18af74f560ebed7fdda10932468c5ae614d2c5f11049fad4ebdc85c873d139,0.20000000298023224,0.027486637234687805,15.608783721923828,0.4375625252723694,0.009123159572482109,20.398548126220703,0.6008964776992798,3.935746192932129,3.290695905685425,0.0001782353938324377,8.320335388183594,0.009108700789511204,2.925075054168701,8.320332527160645,0.05865478515625,0.175933837890625
U-Tikhonov T4/CG32,328,28,0,/Users/kyrillguba/Documents/Data Analytics MSc/Thesis/Python/First Try/data/DIV2K/DIV2K_valid_HR/0829.png,div2k/0829.png/sigma_0.200,div2k,0829.png,20028,7fef744df96a3f5b2077c74a59929852deb533e35d4804c7c745471471543ed7,ac896f879188a2a361bafad02222820a1ed560380db764eb4a4dde59e31c7cf6,0.20000000298023224,0.0350884310901165,14.548360824584961,0.32271796464920044,0.0030167018994688988,25.20467758178711,0.7687693238258362,5.045607566833496,3.1678552627563477,0.00023737427545711398,8.320335388183594,0.023919492959976196,5.9479522705078125,8.320335388183594,0.02508544921875,0.2742919921875
U-Tikhonov T4/CG32,329,29,0,/Users/kyrillguba/Documents/Data Analytics MSc/Thesis/Python/First Try/data/DIV2K/DIV2K_valid_HR/0830.png,div2k/0830.png/sigma_0.200,div2k,0830.png,20029,33405798eea5a2bbd23d383a107f9127b4f5d220ad2d443bdb05db6049757a90,16f1b388f30fbc8ec53e6463179734c4971edf12466826f7064b09cdc0cf5f4e,0.20000000298023224,0.03657222539186478,14.368486404418945,0.28311944007873535,0.0035186675377190113,24.536218643188477,0.7164791822433472,5.673526763916016,3.021139144897461,0.0003006172482855618,8.320335388183594,0.0647471696138382,7.468300819396973,8.320335388183594,0.01251220703125,0.3545684814453125
U-Tikhonov T4/CG32,330,30,0,/Users/kyrillguba/Documents/Data Analytics MSc/Thesis/Python/First Try/data/DIV2K/DIV2K_valid_HR/0831.png,div2k/0831.png/sigma_0.200,div2k,0831.png,20030,37f625cf3b90622b2047f8f9b3e488dcb450cde9c639eb5f94e082ec5148792e,23831d833313857b5e695b9441aafacb1f03391ca87ac2678e98aad19fa20928,0.20000000298023224,0.03198632970452309,14.950356483459473,0.41232922673225403,0.005950042046606541,22.25480079650879,0.7186306715011597,3.697859287261963,2.9683539867401123,0.00023685916676186025,8.320335388183594,0.020290687680244446,2.753140687942505,8.3203125,0.0311279296875,0.1079559326171875
U-Tikhonov T4/CG32,331,31,0,/Users/kyrillguba/Documents/Data Analytics MSc/Thesis/Python/First Try/data/DIV2K/DIV2K_valid_HR/0832.png,div2k/0832.png/sigma_0.200,div2k,0832.png,20031,678db3c6c13225750b6bb2ae62b3e9ffdbdb3491d462fa2451e73fea851ed64c,4c157337022f3b1bbfd7f253c0c3946911618c6badf8404413075b607985800a,0.20000000298023224,0.03169732168316841,14.989774703979492,0.4530256986618042,0.005955209955573082,22.25102996826172,0.7651277780532837,3.8864712715148926,3.185133457183838,0.00015060772420838475,8.320335388183594,0.017823295667767525,2.799179792404175,8.320335388183594,0.0369873046875,0.17706298828125
U-Tikhonov T4/CG32,332,32,0,/Users/kyrillguba/Documents/Data Analytics MSc/Thesis/Python/First Try/data/DIV2K/DIV2K_valid_HR/0833.png,div2k/0833.png/sigma_0.200,div2k,0833.png,20032,196e9aedca5a8ddb4904ed57c8a1a32e080164df130d093fbc86da6222f32553,e3942347313bdc570018037b7ffaf54bfe4df7ade08538b6bf1373b1fe597fff,0.20000000298023224,0.030519839376211166,15.154176712036133,0.33858901262283325,0.0038492074236273766,24.14628791809082,0.8071896433830261,5.33610200881958,3.2134783267974854,0.0001200658007292077,8.320335388183594,0.03135235980153084,7.097617149353027,8.320335388183594,0.0227203369140625,0.3423309326171875
U-Tikhonov T4/CG32,333,33,0,/Users/kyrillguba/Documents/Data Analytics MSc/Thesis/Python/First Try/data/DIV2K/DIV2K_valid_HR/0834.png,div2k/0834.png/sigma_0.200,div2k,0834.png,20033,43cd5d3407a2ec5d9396c0ba9f3595990830fe17adfb5b3d69777dc489012502,e836c0332f3c7a2dbcb18f4fb733d71574f3900de16341ba258cc549001c8da5,0.20000000298023224,0.029490448534488678,15.303186416625977,0.3658084571361542,0.004711710847914219,23.268213272094727,0.7857187390327454,4.914416313171387,3.2553529739379883,0.00021209660917520523,8.320335388183594,0.0326053649187088,5.5970354080200195,8.320335388183594,0.02215576171875,0.3105316162109375
U-Tikhonov T4/CG32,334,34,0,/Users/kyrillguba/Documents/Data Analytics MSc/Thesis/Python/First Try/data/DIV2K/DIV2K_valid_HR/0835.png,div2k/0835.png/sigma_0.200,div2k,0835.png,20034,80084574e021b9b385517a807fa4f62735358952d97592c2b192db98626e086c,e8129ea807959129b452dbbc8a2522c68676a92258a791bc7a96c5daf96a2256,0.20000000298023224,0.03433415666222572,14.642736434936523,0.3547489643096924,0.004891912918537855,23.105213165283203,0.6835899353027344,4.390273094177246,2.9952569007873535,0.0001761523017194122,8.320335388183594,0.0659317746758461,3.9137024879455566,8.320334434509277,0.0128936767578125,0.1648101806640625
U-Tikhonov T4/CG32,335,35,0,/Users/kyrillguba/Documents/Data Analytics MSc/Thesis/Python/First Try/data/DIV2K/DIV2K_valid_HR/0836.png,div2k/0836.png/sigma_0.200,div2k,0836.png,20035,d774c40f160da761b384b399f5636cb3cfecf88e2cc5d41c78f575c3bea500af,943eb024790a46f5fcc808cd90fe24940c68f27cbf4404faac6866f5d1bdc79b,0.20000000298023224,0.03237718343734741,14.89760971069336,0.4225267469882965,0.005742034874856472,22.40934181213379,0.7785098552703857,4.053556442260742,3.125256061553955,0.00025666796136647463,8.320335388183594,0.026827218011021614,3.1231842041015625,8.320335388183594,0.027130126953125,0.189453125
U-Tikhonov T4/CG32,336,36,0,/Users/kyrillguba/Documents/Data Analytics MSc/Thesis/Python/First Try/data/DIV2K/DIV2K_valid_HR/0837.png,div2k/0837.png/sigma_0.200,div2k,0837.png,20036,af3a3f14f10fd37d750995ae36a4d7d4e23e7343e1fc6fb8ddf8342f79d68d35,54d66b352296a3d522f33fdf30b251a11f1668f7bd94281cfec74349d504dd06,0.20000000298023224,0.032176896929740906,14.924558639526367,0.5125089883804321,0.007143047638237476,21.461164474487305,0.7588405609130859,2.7006959915161133,2.610220432281494,0.00028994970489293337,8.320335388183594,0.01782921887934208,1.6308550834655762,8.319418907165527,0.0436859130859375,0.0437164306640625
U-Tikhonov T4/CG32,337,37,0,/Users/kyrillguba/Documents/Data Analytics MSc/Thesis/Python/First Try/data/DIV2K/DIV2K_valid_HR/0838.png,div2k/0838.png/sigma_0.200,div2k,0838.png,20037,a419adae2a9bbcb7b328e0e98815224877487f12f01cec7bd572e3a61b346f36,587bae3edda2f80303be812c13c6569d43885f47ff9d26b37a0d45fc50bd26d2,0.20000000298023224,0.03208796679973602,14.936578750610352,0.2794688940048218,0.002279193140566349,26.422191619873047,0.82416832447052,5.005408763885498,3.0585296154022217,0.00013892294373363256,8.320335388183594,0.05181888863444328,5.6225433349609375,8.320335388183594,0.015228271484375,0.2368621826171875
U-Tikhonov T4/CG32,338,38,0,/Users/kyrillguba/Documents/Data Analytics MSc/Thesis/Python/First Try/data/DIV2K/DIV2K_valid_HR/0839.png,div2k/0839.png/sigma_0.200,div2k,0839.png,20038,9ed3b7789f4dcc0b1bfd3a6e2391350b33a63a89353a3bd50f5bde4b89d2f647,968d78d40170e0686e6ef1ea793d9732eeb173b8a85698fff727674ae132b9b1,0.20000000298023224,0.02869834005832672,15.421432495117188,0.26258623600006104,0.005615057423710823,22.506458282470703,0.4650874733924866,5.426846027374268,3.049375295639038,0.00012989087554160506,8.320335388183594,0.06433847546577454,6.883718013763428,8.320335388183594,0.0124053955078125,0.3227996826171875
U-Tikhonov T4/CG32,339,39,0,/Users/kyrillguba/Documents/Data Analytics MSc/Thesis/Python/First Try/data/DIV2K/DIV2K_valid_HR/0840.png,div2k/0840.png/sigma_0.200,div2k,0840.png,20039,df4e88246e2af519b1c29adccc7944ac0f8568e6a1ef7d65c39dc4fcd2a3dd5b,99a007adbf3760346ab2284f3a0f35a861cfe4c0dc807c3d1fa117e4be816d5e,0.20000000298023224,0.032062966376543045,14.939964294433594,0.435896635055542,0.005693788640201092,22.445985794067383,0.7296693325042725,3.0997700691223145,2.661505937576294,0.0003075522545259446,8.320335388183594,0.026680799201130867,2.1317849159240723,8.318340301513672,0.0284576416015625,0.047882080078125
U-Tikhonov T4/CG32,340,40,0,/Users/kyrillguba/Documents/Data Analytics MSc/Thesis/Python/First Try/data/DIV2K/DIV2K_valid_HR/0841.png,div2k/0841.png/sigma_0.200,div2k,0841.png,20040,b85a5c827a7d17dab432c8f79abc120715b867e00f3bcbe182f90d6c23ecff6f,21fdfd07fb50a0d9479158a17cfd820306fa779e4323e5c38ad567fb22a36e2b,0.20000000298023224,0.03081497922539711,15.112381935119629,0.2929683327674866,0.004327868577092886,23.637258529663086,0.7116775512695312,4.617997646331787,3.0806353092193604,0.0005539344856515527,8.320335388183594,0.05872609093785286,4.473904609680176,8.320334434509277,0.01373291015625,0.2007598876953125
U-Tikhonov T4/CG32,341,41,0,/Users/kyrillguba/Documents/Data Analytics MSc/Thesis/Python/First Try/data/DIV2K/DIV2K_valid_HR/0842.png,div2k/0842.png/sigma_0.200,div2k,0842.png,20041,e0fe2755785538efb2ac1c7a4fc4e854d8206a8f09b68ac1931f0544c3e7cc53,0cbfa03f7090e0f045959a2fbf7f0a91aded078b48203c20beb02ef545409f00,0.20000000298023224,0.03044864535331726,15.16431999206543,0.37689751386642456,0.003976084291934967,24.005443572998047,0.7807499170303345,5.021161079406738,3.217993974685669,0.00015647165128029883,8.320335388183594,0.02668476291000843,6.0010576248168945,8.320335388183594,0.0241241455078125,0.2927398681640625
U-Tikhonov T4/CG32,342,42,0,/Users/kyrillguba/Documents/Data Analytics MSc/Thesis/Python/First Try/data/DIV2K/DIV2K_valid_HR/0843.png,div2k/0843.png/sigma_0.200,div2k,0843.png,20042,8d4db85adca20e5911d117b4bb54fdfb3f22b2a02cceb14242bb7540955f6140,d7c10404dba9aee82e150b5302fd33161f6f190788b8a1f3401e6015580df91c,0.20000000298023224,0.02367633953690529,16.256855010986328,0.15662552416324615,0.0034608799032866955,24.608135223388672,0.7585803270339966,6.524136543273926,2.78132700920105,0.00019934425654355437,8.320335388183594,0.05518781393766403,8.230329513549805,8.320335388183594,0.0140838623046875,0.4948577880859375
U-Tikhonov T4/CG32,343,43,0,/Users/kyrillguba/Documents/Data Analytics MSc/Thesis/Python/First Try/data/DIV2K/DIV2K_valid_HR/0844.png,div2k/0844.png/sigma_0.200,div2k,0844.png,20043,15c2150d7c67049e1e35243bac1a1a68c6f0e57215592b78ed9b74e130ed1370,75bbb54a87ece3a1849fb5bbd948facf882cf686638be3b9134f12b282e56520,0.20000000298023224,0.027811024338006973,15.557830810546875,0.2032458484172821,0.0022500110790133476,26.4781551361084,0.7825260758399963,6.725494384765625,2.5736305713653564,0.000328706344589591,8.320335388183594,0.09072279185056686,8.246183395385742,8.320335388183594,0.0092620849609375,0.50787353515625
U-Tikhonov T4/CG32,344,44,0,/Users/kyrillguba/Documents/Data Analytics MSc/Thesis/Python/First Try/data/DIV2K/DIV2K_valid_HR/0845.png,div2k/0845.png/sigma_0.200,div2k,0845.png,20044,3afec5a048f16903b44498719256567f9874b218bd408f06ae16848d5bfd4779,5ea61d42ae77a7c31d7e9f85b06e8fd923dacc98bd191f7f7c0c157fb001cc20,0.20000000298023224,0.027723966166377068,15.571446418762207,0.3861420154571533,0.006587592884898186,21.812732696533203,0.7380779981613159,5.021502494812012,3.3357093334198,0.00014569901395589113,8.320335388183594,0.013014803640544415,6.397265911102295,8.320335388183594,0.0404815673828125,0.32489013671875
U-Tikhonov T4/CG32,345,45,0,/Users/kyrillguba/Documents/Data Analytics MSc/Thesis/Python/First Try/data/DIV2K/DIV2K_valid_HR/0846.png,div2k/0846.png/sigma_0.200,div2k,0846.png,20045,bfa025022780e8b45b7d8ca41bf0c1aa0ef062e997a3e07e7b0b4766072a0c65,961fa12be8135eff308390381baf8b6e0e3dfdf1f31d38d0781dc83d58d29185,0.20000000298023224,0.028071556240320206,15.517335891723633,0.3812662661075592,0.008028391748666763,20.95371437072754,0.6949046850204468,4.609335422515869,3.228584051132202,0.00029925128910690546,8.320335388183594,0.032228734344244,4.5195722579956055,8.320335388183594,0.0225830078125,0.2487030029296875
U-Tikhonov T4/CG32,346,46,0,/Users/kyrillguba/Documents/Data Analytics MSc/Thesis/Python/First Try/data/DIV2K/DIV2K_valid_HR/0847.png,div2k/0847.png/sigma_0.200,div2k,0847.png,20046,a03ac31eb9aa42c51d2ec103e996158d3f7890d32752d0e5a0bece66c7f0a096,76a86fbc7941b3a3eddd0c7986eb6019d5097aaeccabfa81d9345d2c8a965ee4,0.20000000298023224,0.03109179437160492,15.073542594909668,0.495915949344635,0.006733471527695656,21.717609405517578,0.7942533493041992,4.076227188110352,3.2833094596862793,0.0001473975135013461,8.320335388183594,0.015752410516142845,3.1118428707122803,8.320335388183594,0.0416107177734375,0.211944580078125
U-Tikhonov T4/CG32,347,47,0,/Users/kyrillguba/Documents/Data Analytics MSc/Thesis/Python/First Try/data/DIV2K/DIV2K_valid_HR/0848.png,div2k/0848.png/sigma_0.200,div2k,0848.png,20047,226e619ed1295a7c7b4eb9d622c6124c81ba03e21362bb8eee67e67dced25224,9d4c38d4e7cb58e280431d271057c6d194b96f1bfad38c9ce97696f8ea6a5048,0.20000000298023224,0.03203219920396805,14.944132804870605,0.46826601028442383,0.005386687349528074,22.686782836914062,0.7908556461334229,3.471529245376587,2.999178171157837,0.00011303158680675551,8.320335388183594,0.0134102962911129,2.35799503326416,8.320335388183594,0.04193115234375,0.11077880859375
U-Tikhonov T4/CG32,348,48,0,/Users/kyrillguba/Documents/Data Analytics MSc/Thesis/Python/First Try/data/DIV2K/DIV2K_valid_HR/0849.png,div2k/0849.png/sigma_0.200,div2k,0849.png,20048,2c70dd5654b23e4a9ab11865c6c70e3077823c4972ad389deddc84dd9edc36b8,99c8670cef1d5f65cb8a3ee07f90eb29424df53dbdb436b4082f844b2e3f9a61,0.20000000298023224,0.03218600153923035,14.923330307006836,0.6330320239067078,0.011324919760227203,19.45965003967285,0.7664072513580322,2.1764516830444336,2.4415998458862305,0.00023659475846216083,8.320335388183594,0.009802998043596745,1.12763249874115,8.316803932189941,0.06573486328125,0.03271484375
U-Tikhonov T4/CG32,349,49,0,/Users/kyrillguba/Documents/Data Analytics MSc/Thesis/Python/First Try/data/DIV2K/DIV2K_valid_HR/0850.png,div2k/0850.png/sigma_0.200,div2k,0850.png,20049,b0e8b344c318dfae08640e56c0b52ec6df0909ea2a5c7128b8b44308511dabe7,eb29dc9639070da2e13f07ae930eb28bdf69a115f7d0c1f61e0de0c5511d51d3,0.20000000298023224,0.03440733626484871,14.633489608764648,0.35771888494491577,0.004149667918682098,23.819866180419922,0.7399587631225586,4.74652099609375,3.0944864749908447,0.00013886555097997189,8.320335388183594,0.04269937053322792,4.849358558654785,8.320335388183594,0.01763916015625,0.22637939453125
U-Tikhonov T4/CG32,350,50,0,/Users/kyrillguba/Documents/Data Analytics MSc/Thesis/Python/First Try/data/DIV2K/DIV2K_valid_HR/0851.png,div2k/0851.png/sigma_0.200,div2k,0851.png,20050,6cd623610d71351bd69a4193263bc448cd15272dcfd17f66224ecc57d176c5d0,e083e050185c763e865cae2ce76a1dbeb5d749d4376a879850b5b4a1282b15ca,0.20000000298023224,0.03136583790183067,15.035430908203125,0.27899524569511414,0.00411452678963542,23.856801986694336,0.7750403881072998,5.410733222961426,3.236377239227295,0.00039043845026753843,8.320335388183594,0.03235245496034622,7.374777793884277,8.320335388183594,0.023590087890625,0.3592529296875
U-Tikhonov T4/CG32,351,51,0,/Users/kyrillguba/Documents/Data Analytics MSc/Thesis/Python/First Try/data/DIV2K/DIV2K_valid_HR/0852.png,div2k/0852.png/sigma_0.200,div2k,0852.png,20051,73b3c50a05a0fcb1a26fb8f3d88ebc57fe34409f6e6d0d125e46c18d90cca3a1,dbef7cf6c1c3c9f68c358d22f817b763ffaeaf9f323de2facd65346774f66e1b,0.20000000298023224,0.02235514111816883,16.5062255859375,0.13488495349884033,0.005053424742072821,22.964143753051758,0.4140045940876007,6.046724319458008,2.7948081493377686,0.0022327243350446224,8.320335388183594,0.17335329949855804,7.756956577301025,8.320335388183594,0.0041656494140625,0.352752685546875
U-Tikhonov T4/CG32,352,52,0,/Users/kyrillguba/Documents/Data Analytics MSc/Thesis/Python/First Try/data/DIV2K/DIV2K_valid_HR/0853.png,div2k/0853.png/sigma_0.200,div2k,0853.png,20052,e9eb55fc2bc1bcfd2fad63122c380357a672f2b9f14b61a7547da796324e10c2,f1f7573eeabe411fcccd1724bc76d6ed111cd22aebac64343867acd9d2d71947,0.20000000298023224,0.029230015352368355,15.341710090637207,0.21405184268951416,0.0034205287229269743,24.659069061279297,0.7326370477676392,5.767012596130371,2.967740058898926,0.00012526297359727323,8.320335388183594,0.07503055781126022,7.590807914733887,8.320335388183594,0.01104736328125,0.3662567138671875
U-Tikhonov T4/CG32,353,53,0,/Users/kyrillguba/Documents/Data Analytics MSc/Thesis/Python/First Try/data/DIV2K/DIV2K_valid_HR/0854.png,div2k/0854.png/sigma_0.200,div2k,0854.png,20053,dbefb08aac7a5ad65da8e59ab21cbb0e921c9ad6da4d670be4cb2a982a3e2ffe,40e3bca8f53daf0c2825c0357fbf90f88382f66edc93cefcd8c4918184aa3351,0.20000000298023224,0.03468653932213783,14.598390579223633,0.39136505126953125,0.005517091602087021,22.582897186279297,0.7162932753562927,4.600554466247559,3.185023546218872,0.00011003015970345587,8.320335388183594,0.026738189160823822,4.45916748046875,8.320335388183594,0.0239410400390625,0.2416229248046875
U-Tikhonov T4/CG32,354,54,0,/Users/kyrillguba/Documents/Data Analytics MSc/Thesis/Python/First Try/data/DIV2K/DIV2K_valid_HR/0855.png,div2k/0855.png/sigma_0.200,div2k,0855.png,20054,9e2b3caa326eef35864ca6323728491aaf77f5232b3a1b7435275b7a4b5bc314,75e4815e9dedf2e534b319670a157d0445f1e187a35107ab521c1df61d25d55d,0.20000000298023224,0.0341930091381073,14.660626411437988,0.2914919853210449,0.0033192774280905724,24.78956413269043,0.7295970320701599,5.422740936279297,2.9911351203918457,0.000612654082942754,8.320335388183594,0.07720068097114563,6.690976142883301,8.320335388183594,0.0109710693359375,0.2906494140625
U-Tikhonov T4/CG32,355,55,0,/Users/kyrillguba/Documents/Data Analytics MSc/Thesis/Python/First Try/data/DIV2K/DIV2K_valid_HR/0856.png,div2k/0856.png/sigma_0.200,div2k,0856.png,20055,66cf31de43a337537e663db0aecf5dd0004e87a0fbe2bd2cdc7ed9a8b4a93ece,9aa62b036ebea62b20e6ab6828c145c58b19e8e108f32193b6835f7b2a26bca9,0.20000000298023224,0.029928404837846756,15.239164352416992,0.21116143465042114,0.0033397891093045473,24.76280975341797,0.5690714120864868,5.854207515716553,2.742361545562744,0.00664298003539443,8.320335388183594,0.2693938612937927,7.278185844421387,8.320334434509277,0.001922607421875,0.305938720703125
U-Tikhonov T4/CG32,356,56,0,/Users/kyrillguba/Documents/Data Analytics MSc/Thesis/Python/First Try/data/DIV2K/DIV2K_valid_HR/0857.png,div2k/0857.png/sigma_0.200,div2k,0857.png,20056,ab895c24c3f27bd01daebb297e1995e3f7eaba3372e5cc7e32fb98edb3dfd93b,b1b98831a55014fea5636125d62e705b87f1fa42041221c701cae52f571bf74a,0.20000000298023224,0.03706633299589157,14.310203552246094,0.24246278405189514,0.0016479857731610537,27.83046531677246,0.8262190818786621,5.9232330322265625,2.8590245246887207,0.0002942804421763867,8.320335388183594,0.0955570861697197,7.660727500915527,8.320335388183594,0.0089569091796875,0.3508758544921875
U-Tikhonov T4/CG32,357,57,0,/Users/kyrillguba/Documents/Data Analytics MSc/Thesis/Python/First Try/data/DIV2K/DIV2K_valid_HR/0858.png,div2k/0858.png/sigma_0.200,div2k,0858.png,20057,69c3c9a846793f1dd2cda90db3fba707412671412126cd1eaad1496e784f7c0e,ecfc124fe16811a34a7651f0649e3c785fde21cea7732b01ba6b00f41d5955d7,0.20000000298023224,0.027245834469795227,15.647000312805176,0.29077792167663574,0.005490488838404417,22.603891372680664,0.573428213596344,4.536585330963135,3.0194308757781982,0.00018828452448360622,8.320335388183594,0.07235697656869888,4.213752746582031,8.320334434509277,0.01153564453125,0.1800537109375
U-Tikhonov T4/CG32,358,58,0,/Users/kyrillguba/Documents/Data Analytics MSc/Thesis/Python/First Try/data/DIV2K/DIV2K_valid_HR/0859.png,div2k/0859.png/sigma_0.200,div2k,0859.png,20058,0783919bca182fbd4ec27a809e6b7e6c58e89fddb3d3ef3d1bd5c807651c9a53,152bac79735eb68447682716b90fc80c192f333fa2a84b0c1c88254819ffd5ca,0.20000000298023224,0.03435829281806946,14.639683723449707,0.39858973026275635,0.005243238061666489,22.804004669189453,0.6853084564208984,4.667078495025635,3.0736496448516846,0.00017345501692034304,8.320335388183594,0.057814013212919235,4.482292175292969,8.320335388183594,0.0138092041015625,0.2216796875
U-Tikhonov T4/CG32,359,59,0,/Users/kyrillguba/Documents/Data Analytics MSc/Thesis/Python/First Try/data/DIV2K/DIV2K_valid_HR/0860.png,div2k/0860.png/sigma_0.200,div2k,0860.png,20059,6323c40a5d11f381b901e87cf8f54d9578bc32be44b9350ac5386eb44224de4a,d4f91ab6cc8f374fb4c6bac90b2c7ba29162c274abe67d719a3c51235caa6afb,0.20000000298023224,0.03291696682572365,14.82580280303955,0.4782189428806305,0.007513844408094883,21.241378784179688,0.6790119409561157,3.0970354080200195,2.6280062198638916,0.0001492054434493184,8.320335388183594,0.03253432735800743,2.158383369445801,8.31799030303955,0.024688720703125,0.04632568359375
U-Tikhonov T4/CG32,360,60,0,/Users/kyrillguba/Documents/Data Analytics MSc/Thesis/Python/First Try/data/DIV2K/DIV2K_valid_HR/0861.png,div2k/0861.png/sigma_0.200,div2k,0861.png,20060,c3df240f2bf2bcdcdc9060b4ba3b0dd6324594f485ce3ee2d407f0b5364d72d7,e3aa7d2ec813a35e69e1f22752b688505dacc8af4321861a2fa8f2dfe79ee127,0.20000000298023224,0.026164734736084938,15.822837829589844,0.37308695912361145,0.007570148445665836,21.208955764770508,0.5954018235206604,4.520804405212402,3.2797865867614746,0.0001862135250121355,8.320335388183594,0.021798690780997276,4.518301486968994,8.320335388183594,0.0320892333984375,0.229278564453125
U-Tikhonov T4/CG32,361,61,0,/Users/kyrillguba/Documents/Data Analytics MSc/Thesis/Python/First Try/data/DIV2K/DIV2K_valid_HR/0862.png,div2k/0862.png/sigma_0.200,div2k,0862.png,20061,b28039f4ed1566ad4bef028589288dfa1cf33c4b676694010eb5d0d9f228ef50,4820261adc58f9a6bea33c5479ff019705b3da7499d34b6542d9ba13b9b5f99c,0.20000000298023224,0.03686685115098953,14.333640098571777,0.17305605113506317,0.0012739888625219464,28.948345184326172,0.7723057270050049,6.739950180053711,2.5068116188049316,0.0014538629911839962,8.320335388183594,0.22480210661888123,8.246660232543945,8.320335388183594,0.0036773681640625,0.5082855224609375
U-Tikhonov T4/CG32,362,62,0,/Users/kyrillguba/Documents/Data Analytics MSc/Thesis/Python/First Try/data/DIV2K/DIV2K_valid_HR/0863.png,div2k/0863.png/sigma_0.200,div2k,0863.png,20062,69a9aeec52e386294dc8c778c0d11c7f842f0960ca488aa898c25c50220c823a,d780733bdf706552225d6106d455668cbfbe8d92034d18f631d56834b15227e7,0.20000000298023224,0.03160873055458069,15.001930236816406,0.3139244318008423,0.0036726510152220726,24.350204467773438,0.7739543318748474,4.806607723236084,3.1481454372406006,0.00019173367763869464,8.320335388183594,0.06904619932174683,4.823331356048584,8.320335388183594,0.012054443359375,0.2819976806640625
U-Tikhonov T4/CG32,363,63,0,/Users/kyrillguba/Documents/Data Analytics MSc/Thesis/Python/First Try/data/DIV2K/DIV2K_valid_HR/0864.png,div2k/0864.png/sigma_0.200,div2k,0864.png,20063,fb786dffb18452c590dd1e18bebeea18d1c1bec24fd9d36d75ba35ad6c8a81d3,7091c6bf8715f2aa50554dd09088bda7b30f1bc28f9fc3664aa30eb204067fe8,0.20000000298023224,0.03352510184049606,14.746299743652344,0.33066898584365845,0.003691974561661482,24.32741355895996,0.7258961200714111,4.110542297363281,2.884129047393799,0.0004231338680256158,8.320335388183594,0.0685468539595604,3.4340860843658447,8.32032585144043,0.01239013671875,0.1134796142578125
U-Tikhonov T4/CG32,364,64,0,/Users/kyrillguba/Documents/Data Analytics MSc/Thesis/Python/First Try/data/DIV2K/DIV2K_valid_HR/0865.png,div2k/0865.png/sigma_0.200,div2k,0865.png,20064,f92af3991be3de305c0efcfbe87ac07586eb280db7c47c56bbf8452a9b10010c,90d1393c3ddd7e8ffcba157a5a01da7164b0df76e78c26361f7aecad53d92456,0.20000000298023224,0.03601345419883728,14.43535327911377,0.3257502317428589,0.003596037160605192,24.44175910949707,0.7458140254020691,4.44923734664917,3.0705292224884033,0.00038564170245081186,8.320335388183594,0.054746758192777634,3.9907760620117188,8.320334434509277,0.01507568359375,0.198150634765625
U-Tikhonov T4/CG32,365,65,0,/Users/kyrillguba/Documents/Data Analytics MSc/Thesis/Python/First Try/data/DIV2K/DIV2K_valid_HR/0866.png,div2k/0866.png/sigma_0.200,div2k,0866.png,20065,64fe1cb87ea16bd47a4af52b635bd686b87a3bb0bb006aa875e7090e7f4f1b09,2954fcac34dc5bd3a33b7df711f1be5ceae9d1821524cbd414e6dfb3156fc9ce,0.20000000298023224,0.035266436636447906,14.526385307312012,0.4578568935394287,0.005907588638365269,22.285898208618164,0.7508213520050049,3.671355962753296,3.0345468521118164,0.0003860415890812874,8.320335388183594,0.020786968991160393,2.619622230529785,8.320330619812012,0.0352020263671875,0.1267242431640625
U-Tikhonov T4/CG32,366,66,0,/Users/kyrillguba/Documents/Data Analytics MSc/Thesis/Python/First Try/data/DIV2K/DIV2K_valid_HR/0867.png,div2k/0867.png/sigma_0.200,div2k,0867.png,20066,a1b0a4eea55a3cc398df9e911e7db0ecbec9938d8ca0f96d3252df65b6daed62,5964f2890f1408ba86d314e1c9c42f670a8edece377d58e3d3958934d38b8893,0.20000000298023224,0.034480925649404526,14.624210357666016,0.47348377108573914,0.0057030594907701015,22.438922882080078,0.7698030471801758,3.251145839691162,2.906024217605591,0.00020579560077749193,8.320335388183594,0.017840726301074028,2.058542013168335,8.320328712463379,0.038238525390625,0.0975189208984375
U-Tikhonov T4/CG32,367,67,0,/Users/kyrillguba/Documents/Data Analytics MSc/Thesis/Python/First Try/data/DIV2K/DIV2K_valid_HR/0868.png,div2k/0868.png/sigma_0.200,div2k,0868.png,20067,a5806164ffd45d6b14c4f40b199c062ca7d2855351fd99291a948b57f15212f1,465c26b1cbdfae3ecb59dd6e0d09f74792f22c393fbb749303a03ec426ebbf03,0.20000000298023224,0.026768792420625687,15.723712921142578,0.2254057675600052,0.0028079356998205185,25.516128540039062,0.8354703187942505,6.360638618469238,2.92346453666687,0.00020086776930838823,8.320335388183594,0.04302854463458061,8.232885360717773,8.320335388183594,0.0162506103515625,0.4967498779296875
U-Tikhonov T4/CG32,368,68,0,/Users/kyrillguba/Documents/Data Analytics MSc/Thesis/Python/First Try/data/DIV2K/DIV2K_valid_HR/0869.png,div2k/0869.png/sigma_0.200,div2k,0869.png,20068,bc61ffc14754a4c0e306111ec7946ec828ebc05b363e7717d8c2f300d7750e5c,36f206402b78ad5ab0880a6b592711e7c885becdc90eef7fe621d4ab62b398ec,0.20000000298023224,0.03406920284032822,14.676380157470703,0.34946340322494507,0.0039595551788806915,24.023534774780273,0.7611525654792786,4.93238639831543,3.203009843826294,0.0001964834809768945,8.320335388183594,0.04158041253685951,5.513247489929199,8.320335388183594,0.018890380859375,0.2979736328125
U-Tikhonov T4/CG32,369,69,0,/Users/kyrillguba/Documents/Data Analytics MSc/Thesis/Python/First Try/data/DIV2K/DIV2K_valid_HR/0870.png,div2k/0870.png/sigma_0.200,div2k,0870.png,20069,23fb86d88c32c580e802edb1ef9cd9aecf3ca74c79ecdde14ada63f7050ad410,219e0a4de36ff22468460598ca62afa4d15793b89619335984211ee3820ae7ef,0.20000000298023224,0.035971950739622116,14.440360069274902,0.44418126344680786,0.006608000956475735,21.799299240112305,0.6857242584228516,3.051175832748413,2.5385472774505615,0.00016305092140100896,8.320335388183594,0.04593599960207939,2.157331705093384,8.318544387817383,0.0181121826171875,0.04534912109375
U-Tikhonov T4/CG32,370,70,0,/Users/kyrillguba/Documents/Data Analytics MSc/Thesis/Python/First Try/data/DIV2K/DIV2K_valid_HR/0871.png,div2k/0871.png/sigma_0.200,div2k,0871.png,20070,755675f2824bd9535075c3a3649ecad82608dffc5b28d5b6777c999ce5ac8feb,a79bf595f2c35f73db39ff8464a46ed80dec925a442f059004d20a97e85a0c8e,0.20000000298023224,0.03537418693304062,14.51313591003418,0.41837066411972046,0.004563256166875362,23.407251358032227,0.7831195592880249,3.7198126316070557,2.960488796234131,0.00022926292149350047,8.320335388183594,0.03482229635119438,2.711963653564453,8.320331573486328,0.02227783203125,0.1214141845703125
U-Tikhonov T4/CG32,371,71,0,/Users/kyrillguba/Documents/Data Analytics MSc/Thesis/Python/First Try/data/DIV2K/DIV2K_valid_HR/0872.png,div2k/0872.png/sigma_0.200,div2k,0872.png,20071,a3051017ca8c7da3a6c7830c9bb928ecf2b81dc2add6c092a6aecfa321376f6b,88e68177068cbd31ad772278e816e19225d0663ce834533f13771150b6b57cf5,0.20000000298023224,0.03403836861252785,14.680313110351562,0.5207550525665283,0.006314092315733433,21.996891021728516,0.7908920049667358,3.3387160301208496,2.990126132965088,0.00015986699145287275,8.320335388183594,0.014797072857618332,2.097282886505127,8.320328712463379,0.041168212890625,0.107330322265625
U-Tikhonov T4/CG32,372,72,0,/Users/kyrillguba/Documents/Data Analytics MSc/Thesis/Python/First Try/data/DIV2K/DIV2K_valid_HR/0873.png,div2k/0873.png/sigma_0.200,div2k,0873.png,20072,98eca5a763607b677cf4da90c4112b7bd27d325edaf99023f29c46b2af95740e,7df1704bbe1322c04c0d2b26bd0241e4897670f342768c095d593e3c06d37bf4,0.20000000298023224,0.03487865626811981,14.574402809143066,0.3522554934024811,0.005235215649008751,22.810653686523438,0.690577507019043,4.072556972503662,2.8894906044006348,0.0006847088225185871,8.320335388183594,0.09691613912582397,3.253312110900879,8.320334434509277,0.0085906982421875,0.148590087890625
U-Tikhonov T4/CG32,373,73,0,/Users/kyrillguba/Documents/Data Analytics MSc/Thesis/Python/First Try/data/DIV2K/DIV2K_valid_HR/0874.png,div2k/0874.png/sigma_0.200,div2k,0874.png,20073,c1b141701b55a15db0c8d9d38d28131d0c6935abc941c0cf5a1b8e17483ce6db,35c4abcf48cf7524a711d976d8e03b77f49dc1e4c68c058a0528cabd24b2cacd,0.20000000298023224,0.035851430147886276,14.454936027526855,0.2942853569984436,0.003451291937381029,24.62018585205078,0.7028107047080994,5.3586554527282715,2.9867451190948486,0.0002178087888751179,8.320335388183594,0.07453242689371109,6.449094772338867,8.320335388183594,0.0110015869140625,0.2982330322265625
U-Tikhonov T4/CG32,374,74,0,/Users/kyrillguba/Documents/Data Analytics MSc/Thesis/Python/First Try/data/DIV2K/DIV2K_valid_HR/0875.png,div2k/0875.png/sigma_0.200,div2k,0875.png,20074,9efdc0057bb6e53db148019bb4a13192254fce5f31a016a4924e85fc6ee62a16,9877db0a1376db91dbf497f2477bde886751f7dea26f5ac13b9032971be347e6,0.20000000298023224,0.033506277948617935,14.748739242553711,0.543152928352356,0.0072164395824074745,21.416770935058594,0.7873536348342896,2.723060131072998,2.692814588546753,0.00018008280312642455,8.320335388183594,0.015345430001616478,1.5626862049102783,8.3203125,0.045257568359375,0.0621490478515625
U-Tikhonov T4/CG32,375,75,0,/Users/kyrillguba/Documents/Data Analytics MSc/Thesis/Python/First Try/data/DIV2K/DIV2K_valid_HR/0876.png,div2k/0876.png/sigma_0.200,div2k,0876.png,20075,84df379a2b4a7b995296e31b3954bfb9a7731d5e2d0b8650405a416a53e11125,65c02e218168eb9c271e94d5d0dd57a6b0be70fe214cd357fb1ff42a1844853f,0.20000000298023224,0.028178391978144646,15.500837326049805,0.33955687284469604,0.005475966259837151,22.615392684936523,0.6181317567825317,4.015954971313477,2.915294647216797,0.00043660239316523075,8.320335388183594,0.03903370350599289,3.286834955215454,8.320167541503906,0.019317626953125,0.1039276123046875
U-Tikhonov T4/CG32,376,76,0,/Users/kyrillguba/Documents/Data Analytics MSc/Thesis/Python/First Try/data/DIV2K/DIV2K_valid_HR/0877.png,div2k/0877.png/sigma_0.200,div2k,0877.png,20076,a7be10c02736c3557926612d053466a395f1f8df83ddeeff7027d05bb769b33a,ea9825c0949f3cd8c6b4d480e6112272c42e2be6f4ac56184829b0b07e52fd9c,0.20000000298023224,0.028335880488157272,15.476632118225098,0.23389972746372223,0.0027602515183389187,25.59051513671875,0.7178917527198792,5.139712810516357,2.9204013347625732,0.00024074746761471033,8.320335388183594,0.0783848688006401,5.769391059875488,8.320334434509277,0.0105743408203125,0.207763671875
U-Tikhonov T4/CG32,377,77,0,/Users/kyrillguba/Documents/Data Analytics MSc/Thesis/Python/First Try/data/DIV2K/DIV2K_valid_HR/0878.png,div2k/0878.png/sigma_0.200,div2k,0878.png,20077,f1e61ee7f615bf40fc0cc24a3750fc6413019d89281f32d061c3bfb42fdf3082,dca2e358e577b53bd2c62533026388c36d3b10131e48cdffac6527851e5667cd,0.20000000298023224,0.03506205976009369,14.55162525177002,0.431956022977829,0.00518143642693758,22.855499267578125,0.7447255253791809,3.8913915157318115,2.99265193939209,0.00012828731269109994,8.320335388183594,0.03285796940326691,3.0010647773742676,8.320332527160645,0.024200439453125,0.1315765380859375
U-Tikhonov T4/CG32,378,78,0,/Users/kyrillguba/Documents/Data Analytics MSc/Thesis/Python/First Try/data/DIV2K/DIV2K_valid_HR/0879.png,div2k/0879.png/sigma_0.200,div2k,0879.png,20078,f7a72db70e5d13cc9ce0514ee1b317f98a5b43e5671f68071037416761ac50bb,78780c6a8abb79c1f6560c35bebe1eac0ff11d296dd876d2b0fedc6451025a5d,0.20000000298023224,0.03479751572012901,14.584518432617188,0.32616156339645386,0.0039202189072966576,24.066898345947266,0.800107479095459,5.093461513519287,3.3438007831573486,0.00023127469466999173,8.320335388183594,0.02720453590154648,6.716988563537598,8.320335388183594,0.02685546875,0.3509979248046875
U-Tikhonov T4/CG32,379,79,0,/Users/kyrillguba/Documents/Data Analytics MSc/Thesis/Python/First Try/data/DIV2K/DIV2K_valid_HR/0880.png,div2k/0880.png/sigma_0.200,div2k,0880.png,20079,2464ffab9474f65f91c41e6231fc7c3907d471b36d493192c28dd9a9c9ac3c4c,e603ea3706046d50c09932ba798b1ee339b5ce8ffc1b0ac2e4a0b80507cfaeab,0.20000000298023224,0.037251368165016174,14.288578033447266,0.249284565448761,0.0027471897192299366,25.611114501953125,0.7693964242935181,5.615383148193359,3.0747573375701904,0.00020251396927051246,8.320335388183594,0.07436320930719376,7.5724992752075195,8.320335388183594,0.0111541748046875,0.3893890380859375
U-Tikhonov T4/CG32,380,80,0,/Users/kyrillguba/Documents/Data Analytics MSc/Thesis/Python/First Try/data/DIV2K/DIV2K_valid_HR/0881.png,div2k/0881.png/sigma_0.200,div2k,0881.png,20080,b4be0560c87adf38d8561ec3fb5a8e3e0e5d0b43501194ff1ff77f1511e89119,7166e21de0ec4a3a0a60c18bb3c6bdbdaedb3781df9daf2f32001a600eb4d00e,0.20000000298023224,0.036281973123550415,14.403091430664062,0.2680695652961731,0.002669730456545949,25.735328674316406,0.7624974846839905,5.809653282165527,2.914172410964966,0.0001607067242730409,8.320335388183594,0.08035825192928314,7.532114028930664,8.320335388183594,0.0102691650390625,0.3471832275390625
U-Tikhonov T4/CG32,381,81,0,/Users/kyrillguba/Documents/Data Analytics MSc/Thesis/Python/First Try/data/DIV2K/DIV2K_valid_HR/0882.png,div2k/0882.png/sigma_0.200,div2k,0882.png,20081,aac379d4eb1f7ffb4575e0fcca3a6836e85643267b9f537632bdfd3422ae2a6d,4a8a91d1eb131143047ce2053b13f35b5261dfa487572d9505294a2307ca301a,0.20000000298023224,0.0341230109333992,14.669527053833008,0.41631826758384705,0.004723750986158848,23.257131576538086,0.812872052192688,3.579448938369751,3.028167724609375,0.00012336003419477493,8.320335388183594,0.011891741305589676,2.448624849319458,8.320332527160645,0.041107177734375,0.125152587890625
U-Tikhonov T4/CG32,382,82,0,/Users/kyrillguba/Documents/Data Analytics MSc/Thesis/Python/First Try/data/DIV2K/DIV2K_valid_HR/0883.png,div2k/0883.png/sigma_0.200,div2k,0883.png,20082,dc84aa16cb279e020e6bb4a512b74aeb161e2c3b612b40cfe834b4ea44c4dbd4,f968f97cdcb300ed5453d17866c644abc15ea8e64b3eaa6d9476a7d3fb39e361,0.20000000298023224,0.03476158156991005,14.589004516601562,0.45862719416618347,0.005557574797421694,22.5511474609375,0.7683399319648743,3.592102527618408,3.0427660942077637,0.00017590505012776703,8.320335388183594,0.020742913708090782,2.4253005981445312,8.320335388183594,0.0331878662109375,0.1440277099609375
U-Tikhonov T4/CG32,383,83,0,/Users/kyrillguba/Documents/Data Analytics MSc/Thesis/Python/First Try/data/DIV2K/DIV2K_valid_HR/0884.png,div2k/0884.png/sigma_0.200,div2k,0884.png,20083,c3e792b1483d91371c9eeedd1d20a4f45de1d748d7f261794ce740fbc3ea3016,b3e68d1de2a920804b91791c0d677aa24728939fd14d310e26800d225ab4be9b,0.20000000298023224,0.03392934054136276,14.694246292114258,0.44503068923950195,0.005967655684798956,22.24196434020996,0.7397831678390503,3.1366100311279297,2.7292087078094482,0.0002925146836787462,8.320335388183594,0.023652493953704834,2.1137211322784424,8.320096969604492,0.0313568115234375,0.0620574951171875
U-Tikhonov T4/CG32,384,84,0,/Users/kyrillguba/Documents/Data Analytics MSc/Thesis/Python/First Try/data/DIV2K/DIV2K_valid_HR/0885.png,div2k/0885.png/sigma_0.200,div2k,0885.png,20084,d1b12f5bdff73a004166bc26bfd68ed924612ba4dfeb5ee46ef886fec9606402,31f004729c830620ca1ba9f6fe596a4b6f250d8744af4ac80a64d06220e699a7,0.20000000298023224,0.0355042964220047,14.4971923828125,0.32031136751174927,0.0045427437871694565,23.42681884765625,0.6445896029472351,4.675437927246094,3.025618314743042,0.0001483639352954924,8.320335388183594,0.03691422939300537,4.663299083709717,8.320334434509277,0.019073486328125,0.18218994140625
U-Tikhonov T4/CG32,385,85,0,/Users/kyrillguba/Documents/Data Analytics MSc/Thesis/Python/First Try/data/DIV2K/DIV2K_valid_HR/0886.png,div2k/0886.png/sigma_0.200,div2k,0886.png,20085,8269830c494c50f2ca58c9fe1491092884eabccc73e5d87438dd2282f32843ab,5090a794b23aed4ff2a947070aca2f5086a41b055a575c092c8c2d29c1fbb480,0.20000000298023224,0.03441639617085457,14.632347106933594,0.2730441093444824,0.0026801086496561766,25.718477249145508,0.8094818592071533,5.443151950836182,3.08246111869812,0.0001477994810556993,8.320335388183594,0.046494923532009125,7.014551162719727,8.320335388183594,0.015838623046875,0.326904296875
U-Tikhonov T4/CG32,386,86,0,/Users/kyrillguba/Documents/Data Analytics MSc/Thesis/Python/First Try/data/DIV2K/DIV2K_valid_HR/0887.png,div2k/0887.png/sigma_0.200,div2k,0887.png,20086,9674e5076ec8c005bce7e3450e6bf09deb82df9952eaff58c7717b3a16e90f3e,cb6dc7d80b36eebb807ed61bfaab5fe993781416d78a74541f85ebfd66f013a2,0.20000000298023224,0.0338304229080677,14.706926345825195,0.31739869713783264,0.004402239341288805,23.563262939453125,0.7191834449768066,4.953063011169434,3.1821041107177734,0.0002267519012093544,8.320335388183594,0.041816145181655884,5.518461227416992,8.320335388183594,0.01824951171875,0.2963409423828125
U-Tikhonov T4/CG32,387,87,0,/Users/kyrillguba/Documents/Data Analytics MSc/Thesis/Python/First Try/data/DIV2K/DIV2K_valid_HR/0888.png,div2k/0888.png/sigma_0.200,div2k,0888.png,20087,0b12dfb6e7a24bf393f0f61b8c12a04a0e14c82f6eb77cce3a6d2ed989cadb40,989434f28b0788a40100a8ddf47b22f95f46695a227160402fe452a33a1ef18a,0.20000000298023224,0.03279835730791092,14.841479301452637,0.5270345211029053,0.0066586146131157875,21.766162872314453,0.7879339456558228,3.017400026321411,2.8889219760894775,0.00014348066179081798,8.320335388183594,0.011605758219957352,1.7475762367248535,8.32031536102295,0.049224853515625,0.0831451416015625
U-Tikhonov T4/CG32,388,88,0,/Users/kyrillguba/Documents/Data Analytics MSc/Thesis/Python/First Try/data/DIV2K/DIV2K_valid_HR/0889.png,div2k/0889.png/sigma_0.200,div2k,0889.png,20088,65b588cd7d91eb7ab3ad2ee297b48e2bcd71468e6f3fd4cedd22296161fcf0b3,be54b7f435b3b199ad7e6c9cc6b6a0fecaadffa375c554b9a64cff2706771179,0.20000000298023224,0.033237118273973465,14.78376579284668,0.555973470211029,0.008135913871228695,20.895936965942383,0.7615705728530884,2.6241512298583984,2.678248167037964,0.0002425012062303722,8.320335388183594,0.015599288046360016,1.4636398553848267,8.320333480834961,0.0484619140625,0.0626373291015625
U-Tikhonov T4/CG32,389,89,0,/Users/kyrillguba/Documents/Data Analytics MSc/Thesis/Python/First Try/data/DIV2K/DIV2K_valid_HR/0890.png,div2k/0890.png/sigma_0.200,div2k,0890.png,20089,641726511e5ab55ecb5dccce15a53a64473d43e0a2be22d51e522b22644d2891,fd5743f5954bbc815efe4ebf196325a88b1e7dd8a4b25e5e387781090eb033d4,0.20000000298023224,0.037814974784851074,14.22336196899414,0.2335721105337143,0.002582254819571972,25.8800106048584,0.7363292574882507,5.466564178466797,2.9440512657165527,0.0007560779340565205,8.320335388183594,0.14017407596111298,6.695657730102539,8.320335388183594,0.0055389404296875,0.3164215087890625
U-Tikhonov T4/CG32,390,90,0,/Users/kyrillguba/Documents/Data Analytics MSc/Thesis/Python/First Try/data/DIV2K/DIV2K_valid_HR/0891.png,div2k/0891.png/sigma_0.200,div2k,0891.png,20090,df25cc2cba32c4a350c4749f690c8d6acb73d96d359ca40b6fee4071dbf564d0,3da8a8b352a17c343a23cea35666e8373cf8d98256eb66e4d032cd01077be443,0.20000000298023224,0.03475739434361458,14.589529037475586,0.5113816857337952,0.00656419713050127,21.828184127807617,0.7740743160247803,3.2165889739990234,2.9037375450134277,0.00030878366669639945,8.320335388183594,0.023439055308699608,2.01056170463562,8.320326805114746,0.0346832275390625,0.09375
U-Tikhonov T4/CG32,391,91,0,/Users/kyrillguba/Documents/Data Analytics MSc/Thesis/Python/First Try/data/DIV2K/DIV2K_valid_HR/0892.png,div2k/0892.png/sigma_0.200,div2k,0892.png,20091,cf51693d41de71e034484154f59145fbffeb5a48fb250085472f21ef15bc44ee,c9de2d7ce3d4c96763d50b0da313f0a35a996901edf7b82e802884bc9754c897,0.20000000298023224,0.033709567040205,14.722469329833984,0.4961593449115753,0.008049742318689823,20.942180633544922,0.7126784324645996,3.0730652809143066,2.9541234970092773,0.0002736928581725806,8.320335388183594,0.019317790865898132,1.6948004961013794,8.32032585144043,0.0418243408203125,0.096466064453125
U-Tikhonov T4/CG32,392,92,0,/Users/kyrillguba/Documents/Data Analytics MSc/Thesis/Python/First Try/data/DIV2K/DIV2K_valid_HR/0893.png,div2k/0893.png/sigma_0.200,div2k,0893.png,20092,e38a2d9fc2bb1bfe2d7f4ac7ac04be6e3b640472049753a9ec509cb5b184dfae,1aeb39a7c057f8c0c11548e1a0a3c52df0a20992fc3d2fb9a355dfdb4d0cfe85,0.20000000298023224,0.029935676604509354,15.23810863494873,0.3564750552177429,0.004191909916698933,23.775880813598633,0.7565962672233582,4.423386573791504,3.1804370880126953,0.00018983510381076485,8.320335388183594,0.0186730045825243,4.219388008117676,8.320335388183594,0.033172607421875,0.18560791015625
U-Tikhonov T4/CG32,393,93,0,/Users/kyrillguba/Documents/Data Analytics MSc/Thesis/Python/First Try/data/DIV2K/DIV2K_valid_HR/0894.png,div2k/0894.png/sigma_0.200,div2k,0894.png,20093,f7c053db8ff81bb3c056ed342eb0bfb9ba890e8adb30617f79d560f11e941c73,588cfbc0eeddb212fa887a3b3b5ba21fdf249c31a0afb25accd33ccf2bc539ce,0.20000000298023224,0.0319073386490345,14.96109390258789,0.30068713426589966,0.0031685135327279568,24.991445541381836,0.7207236886024475,6.2171173095703125,2.91274356842041,0.00024481245782226324,8.320335388183594,0.04078946262598038,8.175041198730469,8.320335388183594,0.0159759521484375,0.4691009521484375
U-Tikhonov T4/CG32,394,94,0,/Users/kyrillguba/Documents/Data Analytics MSc/Thesis/Python/First Try/data/DIV2K/DIV2K_valid_HR/0895.png,div2k/0895.png/sigma_0.200,div2k,0895.png,20094,abdbc9e5dd323d44902bb35948460b514a4fe27d53aa9bc4f2072e0a425a5902,ead625aa75c30e3d4b40f35d04e20fa2647ef475e67985bae05522942553d84b,0.20000000298023224,0.033872198313474655,14.701566696166992,0.4027783274650574,0.006311508361250162,21.998668670654297,0.6200591325759888,4.947100639343262,2.9347643852233887,0.00011401863594073802,8.320335388183594,0.04827941954135895,5.169003963470459,8.320335388183594,0.0150146484375,0.2061920166015625
U-Tikhonov T4/CG32,395,95,0,/Users/kyrillguba/Documents/Data Analytics MSc/Thesis/Python/First Try/data/DIV2K/DIV2K_valid_HR/0896.png,div2k/0896.png/sigma_0.200,div2k,0896.png,20095,857388cd8fc429b194bc7374762cee70b099ddf090a6495b03d92edc4c8c7b8d,9b629a54edfc26f48b21efba1d63d626798c57e0f95abf896ac44ae88e20ffe2,0.20000000298023224,0.025447476655244827,15.943553924560547,0.321191668510437,0.004155286587774754,23.813989639282227,0.8574163317680359,6.191068649291992,3.0427632331848145,0.0001056630935636349,8.320335388183594,0.02136765792965889,8.218034744262695,8.320335388183594,0.0253753662109375,0.4883575439453125
U-Tikhonov T4/CG32,396,96,0,/Users/kyrillguba/Documents/Data Analytics MSc/Thesis/Python/First Try/data/DIV2K/DIV2K_valid_HR/0897.png,div2k/0897.png/sigma_0.200,div2k,0897.png,20096,a75baf8d323b01687486bd536ce524304bab0a20ffcaf0d6d19c9abe9c8bef57,749e175ee734d35a8d9a556aaaed8c0fe69b7b2d6326aa99454b7e75db9cd220,0.20000000298023224,0.031735606491565704,14.984532356262207,0.7208259105682373,0.0143584581092,18.428922653198242,0.7947036027908325,1.4463855028152466,2.180067777633667,0.00011629670188995078,8.320335388183594,0.0014429857255890965,0.4874058663845062,8.295147895812988,0.2169952392578125,0.017181396484375
U-Tikhonov T4/CG32,397,97,0,/Users/kyrillguba/Documents/Data Analytics MSc/Thesis/Python/First Try/data/DIV2K/DIV2K_valid_HR/0898.png,div2k/0898.png/sigma_0.200,div2k,0898.png,20097,0f9b0c2f1793b1dd0ac81be97181b9e904a39fcf108cd39194842f26678085f7,32ff9e5e74cfb1b5ed2be6075c4c5b4dcefea89df61a3c0ec15b091d9e701f3e,0.20000000298023224,0.03794851154088974,14.208051681518555,0.2123604714870453,0.0023482097312808037,26.292631149291992,0.7888548374176025,6.121510982513428,3.002105474472046,0.0003241366648580879,8.320335388183594,0.07855014503002167,8.195846557617188,8.320335388183594,0.0106353759765625,0.4781646728515625
U-Tikhonov T4/CG32,398,98,0,/Users/kyrillguba/Documents/Data Analytics MSc/Thesis/Python/First Try/data/DIV2K/DIV2K_valid_HR/0899.png,div2k/0899.png/sigma_0.200,div2k,0899.png,20098,bea5ead4e165747f9c0e6d434cc536abdd4760b1a8da09c78f705024684bff65,df36f4c23d3ac270a772e4754c97257661ffdcd353a277fd025a945e06c8e707,0.20000000298023224,0.031405672430992126,15.029918670654297,0.45998048782348633,0.005694161169230938,22.445701599121094,0.7640126943588257,3.591578483581543,3.2166664600372314,0.00011650162196019664,8.320335388183594,0.006406622473150492,2.3100218772888184,8.320335388183594,0.065216064453125,0.1508636474609375
U-Tikhonov T4/CG32,399,99,0,/Users/kyrillguba/Documents/Data Analytics MSc/Thesis/Python/First Try/data/DIV2K/DIV2K_valid_HR/0900.png,div2k/0900.png/sigma_0.200,div2k,0900.png,20099,72e06d86758e25d0f39e87b43b4ed00325b96cc08c65fc1809df35beee23e59c,6596346c0ac3601c2d477f0860e483184b47e376159b28c27fa46ac692f4f34b,0.20000000298023224,0.02798222005367279,15.53117847442627,0.4312431216239929,0.006975261028856039,21.564395904541016,0.6757937669754028,3.6848745346069336,3.053283214569092,0.0001078768982551992,8.320335388183594,0.013587302528321743,2.6512231826782227,8.320329666137695,0.0406951904296875,0.1159820556640625
U-Tikhonov T4/CG32,400,0,0,synthetic://square_gradient,geometry/square_gradient.png/sigma_0.050,geometry,square_gradient.png,120000,69d638ce9b8ea492be887d3cca9e04628775de3ace35db2af3b2a354abce36b9,381b98e00bdf325786b1f79a03300427cfc8e587f6149e40fda93880781b996a,0.05000000074505806,0.0024409382604062557,26.124431610107422,0.43573692440986633,5.8988414821214974e-05,42.29233169555664,0.9838318228721619,6.78339958190918,2.2380173206329346,0.0006635294994339347,8.320335388183594,0.11018852144479752,7.977195739746094,8.320332527160645,0.008636474609375,0.330169677734375
U-Tikhonov T4/CG32,401,1,0,synthetic://step_edge,geometry/step_edge.png/sigma_0.050,geometry,step_edge.png,120001,46a0cfb6b125b4908cb2a16970e2041b41c21563e053b7790f33acb54949ff36,d77f90b4a6b9090ea0d8321449c706c5ac5a02cbbd48fd8f34bddcc4c639301e,0.05000000074505806,0.0025068973191082478,26.008634567260742,0.34547513723373413,3.560600453056395e-05,44.48476791381836,0.982205867767334,7.389462471008301,1.5778108835220337,0.0009418646222911775,8.320335388183594,0.7613245248794556,8.11667251586914,8.320328712463379,0.0047149658203125,0.381866455078125
U-Tikhonov T4/CG32,402,2,0,synthetic://disk,geometry/disk.png/sigma_0.050,geometry,disk.png,120002,7857258e5183d682d876f68736683f6df789e0b9689292b104d2856a4b91b6a2,ef72398c75f633bf77d9a5e391e7829448a1bfb4fc1838d7d92e1ba20979ffaa,0.05000000074505806,0.0025164575781673193,25.992103576660156,0.37755006551742554,0.0001422736095264554,38.46875762939453,0.97998046875,7.322491645812988,1.8414711952209473,0.00015905749751254916,8.320335388183594,0.08431608974933624,8.171968460083008,8.320335388183594,0.0099639892578125,0.431243896484375
U-Tikhonov T4/CG32,403,3,0,synthetic://triangle,geometry/triangle.png/sigma_0.050,geometry,triangle.png,120003,049531080ddc88147f5d85141fa42f562e23ea28cb9cec98167ea9aee093e1b5,4f39de21ac476e75cd2db88bd8233c2fc6dbc683ec3005ced5809bc873c5edc5,0.05000000074505806,0.002525556134060025,25.976430892944336,0.37563374638557434,0.0001548449508845806,38.10103225708008,0.9796322584152222,7.278074264526367,1.8698351383209229,0.0002047649904852733,8.320335388183594,0.08549180626869202,8.146989822387695,8.320335388183594,0.0097808837890625,0.4085845947265625
U-Tikhonov T4/CG32,404,4,0,synthetic://nested_rectangles,geometry/nested_rectangles.png/sigma_0.050,geometry,nested_rectangles.png,120004,13e7d9eb3793d137ce5fc6e419e2980ccaa68520dcbf0649f7388a0716d7318a,c4443e66cb39eff77c9a57450116e0a489029ed3eceacfd3fe04d58634eae44b,0.05000000074505806,0.002501388546079397,26.0181884765625,0.43466585874557495,0.00016582630632910877,37.803466796875,0.9777552485466003,6.8047003746032715,2.560490131378174,0.00033597685978747904,8.320335388183594,0.007683928124606609,8.156831741333008,8.320335388183594,0.0531005859375,0.428192138671875
U-Tikhonov T4/CG32,405,0,0,synthetic://square_gradient,geometry/square_gradient.png/sigma_0.100,geometry,square_gradient.png,120000,69d638ce9b8ea492be887d3cca9e04628775de3ace35db2af3b2a354abce36b9,9f3b3a4a4f4cf655fc8ed1e09d76f9a667adf4ea5498eb48f2ef924ca6aa5155,0.10000000149011612,0.00911085493862629,20.40441131591797,0.22990202903747559,0.00020943887648172677,36.7894287109375,0.9493762254714966,7.059520721435547,2.132966995239258,0.00045955917448736727,8.320335388183594,0.20221693813800812,8.197786331176758,8.320335388183594,0.0056610107421875,0.4642486572265625
U-Tikhonov T4/CG32,406,1,0,synthetic://step_edge,geometry/step_edge.png/sigma_0.100,geometry,step_edge.png,120001,46a0cfb6b125b4908cb2a16970e2041b41c21563e053b7790f33acb54949ff36,d0aef4c0460fd06e1bb6e313e8b8f5de94f72301b64af00ff7bb6763c0440678,0.10000000149011612,0.009429641999304295,20.255048751831055,0.17545488476753235,0.00011895331408595666,39.24623489379883,0.9396142363548279,7.297362327575684,1.8995673656463623,0.00028010839014314115,8.320335388183594,0.46307745575904846,8.243135452270508,8.320334434509277,0.002777099609375,0.5067138671875
U-Tikhonov T4/CG32,407,2,0,synthetic://disk,geometry/disk.png/sigma_0.100,geometry,disk.png,120002,7857258e5183d682d876f68736683f6df789e0b9689292b104d2856a4b91b6a2,7b7ed0f631c1d323c2081212843b2826a439529f438efff117b8de247ad56d42,0.10000000149011612,0.009388170205056667,20.27419090270996,0.20454004406929016,0.00031024825875647366,35.08290481567383,0.9367881417274475,7.2727155685424805,2.0230541229248047,0.00013173033948987722,8.320335388183594,0.14992208778858185,8.267633438110352,8.320335388183594,0.006561279296875,0.539093017578125
U-Tikhonov T4/CG32,408,3,0,synthetic://triangle,geometry/triangle.png/sigma_0.100,geometry,triangle.png,120003,049531080ddc88147f5d85141fa42f562e23ea28cb9cec98167ea9aee093e1b5,54fe3cc0fdd5a963a314993d1e51ba8c601da833471b47687b7d46d3fa7c98e7,0.10000000149011612,0.009412744082510471,20.262836456298828,0.20337511599063873,0.0003118867170996964,35.06003189086914,0.9365554451942444,7.1766180992126465,2.1061758995056152,0.00017049015150405467,8.320335388183594,0.14328205585479736,8.243631362915039,8.320335388183594,0.0060272216796875,0.508148193359375
U-Tikhonov T4/CG32,409,4,0,synthetic://nested_rectangles,geometry/nested_rectangles.png/sigma_0.100,geometry,nested_rectangles.png,120004,13e7d9eb3793d137ce5fc6e419e2980ccaa68520dcbf0649f7388a0716d7318a,63c46101e9cb6c7a22eb3666525ac6d60cacf949d7844593bd48ffffda510631,0.10000000149011612,0.009346477687358856,20.293521881103516,0.27218350768089294,0.0004448263789527118,33.518096923828125,0.9333150386810303,6.824784278869629,2.568686008453369,0.0002056487137451768,8.320335388183594,0.015676157549023628,8.23687744140625,8.320335388183594,0.0333099365234375,0.49981689453125
U-Tikhonov T4/CG32,410,0,0,synthetic://square_gradient,geometry/square_gradient.png/sigma_0.150,geometry,square_gradient.png,120000,69d638ce9b8ea492be887d3cca9e04628775de3ace35db2af3b2a354abce36b9,31649acb9ccd1b270549ad2f0bf0cde096c2a0c68d047e1df9c9016482e68dd7,0.15000000596046448,0.019019896164536476,17.20792007446289,0.16453802585601807,0.000523198104929179,32.81333923339844,0.9031367301940918,7.173966407775879,2.1491284370422363,0.00021927741181571037,8.320335388183594,0.19136208295822144,8.274641036987305,8.320335388183594,0.0045013427734375,0.5487823486328125
U-Tikhonov T4/CG32,411,1,0,synthetic://step_edge,geometry/step_edge.png/sigma_0.150,geometry,step_edge.png,120001,46a0cfb6b125b4908cb2a16970e2041b41c21563e053b7790f33acb54949ff36,e1f5fc79ee11e8dd490daa7cc75825b0db7f1914235dee41718bd32ed3f688db,0.15000000596046448,0.018474046140909195,17.334381103515625,0.1300438940525055,0.00029527413425967097,35.29774475097656,0.8905718922615051,7.256636619567871,2.0667059421539307,0.0001702806621324271,8.320335388183594,0.2767516076564789,8.284896850585938,8.320335388183594,0.00299072265625,0.5657958984375
U-Tikhonov T4/CG32,412,2,0,synthetic://disk,geometry/disk.png/sigma_0.150,geometry,disk.png,120002,7857258e5183d682d876f68736683f6df789e0b9689292b104d2856a4b91b6a2,47fffa27443301825a14fd63a941e06c1bcbbe986a4ab7bbf4d7b91fffc28f42,0.15000000596046448,0.018330510705709457,17.368255615234375,0.15184386074543,0.0005523344734683633,32.577980041503906,0.8892710208892822,7.258151054382324,2.1267547607421875,0.00012261225492693484,8.320335388183594,0.1505964696407318,8.297492027282715,8.320335388183594,0.006378173828125,0.59246826171875
U-Tikhonov T4/CG32,413,3,0,synthetic://triangle,geometry/triangle.png/sigma_0.150,geometry,triangle.png,120003,049531080ddc88147f5d85141fa42f562e23ea28cb9cec98167ea9aee093e1b5,7be1efc673471b6b66f81e23031bc7cbdd4963507dbf8c10370aa4309e8c227a,0.15000000596046448,0.018377475440502167,17.357141494750977,0.15105774998664856,0.0005524124135263264,32.57736587524414,0.8887839913368225,7.142643928527832,2.225558280944824,0.00015918875578790903,8.320335388183594,0.1525437980890274,8.283459663391113,8.320335388183594,0.006103515625,0.560333251953125
U-Tikhonov T4/CG32,414,4,0,synthetic://nested_rectangles,geometry/nested_rectangles.png/sigma_0.150,geometry,nested_rectangles.png,120004,13e7d9eb3793d137ce5fc6e419e2980ccaa68520dcbf0649f7388a0716d7318a,fe8c01635e7d659b7dd135a85da5df81aec8409768c9644930c5b337072bc087,0.15000000596046448,0.018300285562872887,17.375423431396484,0.21862663328647614,0.000829614931717515,30.811235427856445,0.8856605887413025,6.812308311462402,2.6203997135162354,0.0001685983152128756,8.320335388183594,0.019329342991113663,8.2718505859375,8.320335388183594,0.025634765625,0.5370330810546875
U-Tikhonov T4/CG32,415,0,0,synthetic://square_gradient,geometry/square_gradient.png/sigma_0.200,geometry,square_gradient.png,120000,69d638ce9b8ea492be887d3cca9e04628775de3ace35db2af3b2a354abce36b9,329df26359bf779167ff14a2dec36b89a44c5a1449c11c0323a6aa51a375279e,0.20000000298023224,0.03136737644672394,15.035219192504883,0.13272278010845184,0.0011002967366948724,29.584901809692383,0.851405918598175,7.232295513153076,2.1694109439849854,0.0001567405997775495,8.320335388183594,0.16523650288581848,8.300275802612305,8.320335388183594,0.00555419921875,0.6005096435546875
U-Tikhonov T4/CG32,416,1,0,synthetic://step_edge,geometry/step_edge.png/sigma_0.200,geometry,step_edge.png,120001,46a0cfb6b125b4908cb2a16970e2041b41c21563e053b7790f33acb54949ff36,c94cf39f857f2f46b7bdaff4587302ab90239752e9e38b7f84df736fdda2d5e0,0.20000000298023224,0.029116984456777573,15.358535766601562,0.1081797331571579,0.0007556905038654804,31.216562271118164,0.8404470086097717,7.271242141723633,2.12217116355896,0.00011990835628239438,8.320335388183594,0.2062687873840332,8.302387237548828,8.320335388183594,0.003997802734375,0.605255126953125
U-Tikhonov T4/CG32,417,2,0,synthetic://disk,geometry/disk.png/sigma_0.200,geometry,disk.png,120002,7857258e5183d682d876f68736683f6df789e0b9689292b104d2856a4b91b6a2,38dc9ed108b589e0540c4e888aa04be5a5fd5f3fd6b5ae7b8bab0602def23739,0.20000000298023224,0.028918933123350143,15.388177871704102,0.1240880936384201,0.0010888532269746065,29.630308151245117,0.8399842381477356,7.269705295562744,2.171248197555542,0.00013768539065495133,8.320335388183594,0.1385888010263443,8.309049606323242,8.320335388183594,0.00689697265625,0.624847412109375
U-Tikhonov T4/CG32,418,3,0,synthetic://triangle,geometry/triangle.png/sigma_0.200,geometry,triangle.png,120003,049531080ddc88147f5d85141fa42f562e23ea28cb9cec98167ea9aee093e1b5,0acec794972311f6454e696cae572737706efa7bd1ac6f91794029caa85bcda3,0.20000000298023224,0.029010599479079247,15.374433517456055,0.12352502346038818,0.001087821088731289,29.63442611694336,0.8398674726486206,7.152583122253418,2.2699923515319824,0.0001388013770338148,8.320335388183594,0.13172028958797455,8.300626754760742,8.320335388183594,0.0067138671875,0.5935211181640625
U-Tikhonov T4/CG32,419,4,0,synthetic://nested_rectangles,geometry/nested_rectangles.png/sigma_0.200,geometry,nested_rectangles.png,120004,13e7d9eb3793d137ce5fc6e419e2980ccaa68520dcbf0649f7388a0716d7318a,8e637de2ea898bbce96d192755b1499cd1bc08c9e6b7c764cf6b1265f3e10095,0.20000000298023224,0.02893802523612976,15.385311126708984,0.1873975396156311,0.0015293267788365483,28.154998779296875,0.8366179466247559,6.829387664794922,2.637913703918457,0.00011981193529209122,8.320335388183594,0.02126353047788143,8.291101455688477,8.320335388183594,0.0222320556640625,0.564208984375
