method,idx,base_idx,crop_id,path,sample_id,dataset,image_name,noise_seed,clean_sha256,noisy_sha256,sigma,noisy_mse,noisy_psnr,noisy_ssim,recon_mse,recon_psnr,recon_ssim,lambda_mean,lambda_std,lambda_min,lambda_max,lambda_p01,lambda_median,lambda_p99,lambda_lower_saturation_fraction,lambda_upper_saturation_fraction
U-Tikhonov T4/CG64,0,0,0,/Users/kyrillguba/Documents/Data Analytics MSc/Thesis/Python/First Try/data/DIV2K/DIV2K_valid_HR/0801.png,div2k/0801.png/sigma_0.050,div2k,0801.png,20000,9ca598cce3296c3968a2f8f7685477f637dbdbbb9d4efb1cd418ca185bd31eef,23816f670e12ef763ffa26e17d479c22563b12b91b944922e6e872ff0e91ddd9,0.05000000074505806,0.002490886254236102,26.036462783813477,0.8823994398117065,0.0013537566410377622,28.684595108032227,0.9318225383758545,0.6051554083824158,1.0015981197357178,0.0007056486792862415,8.320300102233887,0.011060429736971855,0.27982890605926514,5.6602559089660645,0.1602020263671875,0.000518798828125
U-Tikhonov T4/CG64,1,1,0,/Users/kyrillguba/Documents/Data Analytics MSc/Thesis/Python/First Try/data/DIV2K/DIV2K_valid_HR/0802.png,div2k/0802.png/sigma_0.050,div2k,0802.png,20001,3177c80331fb32ceee70ac3ef64d2e56a1bce05ea8a9c0b664e2592552554742,d7445e9bbede99adf4b19b227f2355615e482ee7cff23a13638b786e6b30c394,0.05000000074505806,0.002405831590294838,26.187347412109375,0.9328572154045105,0.0009247642592526972,30.339691162109375,0.9739389419555664,0.5841805934906006,1.1398956775665283,0.0007112605962902308,8.320335388183594,0.010012287646532059,0.24292461574077606,7.150411128997803,0.18267822265625,0.0025787353515625
U-Tikhonov T4/CG64,2,2,0,/Users/kyrillguba/Documents/Data Analytics MSc/Thesis/Python/First Try/data/DIV2K/DIV2K_valid_HR/0803.png,div2k/0803.png/sigma_0.050,div2k,0803.png,20002,671a4205d217354c075117f716a83d9a5ef2b4c921475de333f15ac8882c9356,b5a7166a3bd623d88ad5e32920e020aa9881a7f9602b957908661d9ad5911f05,0.05000000074505806,0.002532033249735832,25.965307235717773,0.7820858955383301,0.0005550039932131767,32.557037353515625,0.9570419788360596,1.5086371898651123,1.6850186586380005,0.000228442921070382,8.320334434509277,0.012344113551080227,0.9392322301864624,7.85476541519165,0.079833984375,0.0030517578125
U-Tikhonov T4/CG64,3,3,0,/Users/kyrillguba/Documents/Data Analytics MSc/Thesis/Python/First Try/data/DIV2K/DIV2K_valid_HR/0804.png,div2k/0804.png/sigma_0.050,div2k,0804.png,20003,f95563d4b6e58b102c165eeec7f7e1ba2608e12c3a331510949f0cce842149ea,8156d77cd656fb19dfebf51512b4d5696d40aeafb0bde5085e54bd36695252c2,0.05000000074505806,0.00246782717294991,26.076852798461914,0.8910704851150513,0.0011524702422320843,29.383705139160156,0.9503606557846069,1.0486184358596802,1.9811052083969116,0.00035480278893373907,8.320335388183594,0.0065356167033314705,0.2897852063179016,8.320332527160645,0.20599365234375,0.03594970703125
U-Tikhonov T4/CG64,4,4,0,/Users/kyrillguba/Documents/Data Analytics MSc/Thesis/Python/First Try/data/DIV2K/DIV2K_valid_HR/0805.png,div2k/0805.png/sigma_0.050,div2k,0805.png,20004,bac34b49da4033070da28c152ece5c527c7274eafed4e320f3e7258274a93177,d733ca341fa83d639b60a0d5d843dcd82077f7873c9129c0080f5cd10352a039,0.05000000074505806,0.002380685182288289,26.232982635498047,0.8473595976829529,0.0010910655837506056,29.621490478515625,0.9191029071807861,0.9104381799697876,1.2543118000030518,0.0004717283300124109,8.320333480834961,0.017059989273548126,0.46853333711624146,6.974036693572998,0.091156005859375,0.0016937255859375
U-Tikhonov T4/CG64,5,5,0,/Users/kyrillguba/Documents/Data Analytics MSc/Thesis/Python/First Try/data/DIV2K/DIV2K_valid_HR/0806.png,div2k/0806.png/sigma_0.050,div2k,0806.png,20005,befc31ea0c7663db0351a7238adfea3153639f5dfa13cb7cacfd757a46539d49,f1db7de87fc069e24df1302f21e8934d1fe35cda4374b9a2915d579081ffa22f,0.05000000074505806,0.002493798965588212,26.031387329101562,0.7556111812591553,0.0006770012550987303,31.69410514831543,0.9435440897941589,2.2253851890563965,2.451859474182129,0.0008856184431351721,8.320330619812012,0.01873401179909706,1.224776029586792,8.310354232788086,0.062530517578125,0.0288238525390625
U-Tikhonov T4/CG64,6,6,0,/Users/kyrillguba/Documents/Data Analytics MSc/Thesis/Python/First Try/data/DIV2K/DIV2K_valid_HR/0807.png,div2k/0807.png/sigma_0.050,div2k,0807.png,20006,1e941eaeed69e78250491fe2c5b2f458f2f36301b8aa701227bd408f852fa572,1472dc7dc1cc2319794d51c25542091f03a175962d768447565a84affad77cfd,0.05000000074505806,0.002496341709047556,26.026958465576172,0.8193234205245972,0.0013757619308307767,28.614566802978516,0.9133020639419556,1.4301927089691162,2.054966926574707,0.0005782977095805109,8.320335388183594,0.015917008742690086,0.5028324723243713,8.285706520080566,0.100433349609375,0.0147705078125
U-Tikhonov T4/CG64,7,7,0,/Users/kyrillguba/Documents/Data Analytics MSc/Thesis/Python/First Try/data/DIV2K/DIV2K_valid_HR/0808.png,div2k/0808.png/sigma_0.050,div2k,0808.png,20007,9666b1dba93f470d95570471f38f195acafae585deefb8498b5ebb625df94e78,d66335dc80e7b4534f5e2fb398b20473ab46ef15dfb587f54f4af7a3bb09f04b,0.05000000074505806,0.002448369050398469,26.111230850219727,0.619567334651947,0.0006483566830866039,31.88186264038086,0.9511386156082153,4.424300670623779,3.4736011028289795,0.0001413430436514318,8.320335388183594,0.015654565766453743,4.889336585998535,8.3203125,0.0626678466796875,0.2100982666015625
U-Tikhonov T4/CG64,8,8,0,/Users/kyrillguba/Documents/Data Analytics MSc/Thesis/Python/First Try/data/DIV2K/DIV2K_valid_HR/0809.png,div2k/0809.png/sigma_0.050,div2k,0809.png,20008,f57d7f591d2770efb0162e925acaaef8e4ce467e58b7a54d53de058959be9978,8903d3b02e67898ce2ed33bc80a2e01b939b43396cb49d7dd57604d18f78a597,0.05000000074505806,0.002490770537406206,26.036663055419922,0.8125088214874268,0.000977206276729703,30.10013771057129,0.8994973301887512,0.8531594276428223,1.2028027772903442,0.0017936741933226585,8.320160865783691,0.023091347888112068,0.4152970314025879,6.525746822357178,0.081207275390625,0.0008697509765625
U-Tikhonov T4/CG64,9,9,0,/Users/kyrillguba/Documents/Data Analytics MSc/Thesis/Python/First Try/data/DIV2K/DIV2K_valid_HR/0810.png,div2k/0810.png/sigma_0.050,div2k,0810.png,20009,50cf8d799292c4a6f6c23b4a8f1d0c08015da9c6e74d9109a31efdb1eb5d9df3,dcf29b2f5a250c88dd457f9bb2447b76c18db7a9927223d0768af7ff6648da6b,0.05000000074505806,0.002494839718565345,26.02957534790039,0.753049373626709,0.0008312780410051346,30.80253791809082,0.9228602647781372,1.5836408138275146,1.809611439704895,0.0008661155006848276,8.320322036743164,0.027580756694078445,0.835020899772644,7.941908359527588,0.050994873046875,0.0039825439453125
U-Tikhonov T4/CG64,10,10,0,/Users/kyrillguba/Documents/Data Analytics MSc/Thesis/Python/First Try/data/DIV2K/DIV2K_valid_HR/0811.png,div2k/0811.png/sigma_0.050,div2k,0811.png,20010,ceab700e5944238d72f4ec94852a5ee6b9c353c54281c96ee7c6e9b9f2a16308,f3793a053731a43e46584eff4ba09ac27005d714369da0431660236cc1f7603d,0.05000000074505806,0.0023965993896126747,26.204044342041016,0.7875660061836243,0.0010321098379790783,29.862743377685547,0.8936828970909119,1.526602029800415,2.134760618209839,0.000656571239233017,8.320335388183594,0.02313009463250637,0.5786134004592896,8.304096221923828,0.074920654296875,0.019561767578125
U-Tikhonov T4/CG64,11,11,0,/Users/kyrillguba/Documents/Data Analytics MSc/Thesis/Python/First Try/data/DIV2K/DIV2K_valid_HR/0812.png,div2k/0812.png/sigma_0.050,div2k,0812.png,20011,5f26939fc07611061a96f2a386a77ffd9251b83abf26ac7ecb5a44dcae97187b,919cc1a5d8a61b4c91c622ef576f74f9f44f8fb13fda2e0dfc41f0b357ad5295,0.05000000074505806,0.0024693645536899567,26.07415008544922,0.7905488014221191,0.0009697054047137499,30.133602142333984,0.9475363492965698,2.2092528343200684,2.9457504749298096,0.0004572701291181147,8.320335388183594,0.008437326177954674,0.6018680334091187,8.320002555847168,0.1434783935546875,0.0874786376953125
U-Tikhonov T4/CG64,12,12,0,/Users/kyrillguba/Documents/Data Analytics MSc/Thesis/Python/First Try/data/DIV2K/DIV2K_valid_HR/0813.png,div2k/0813.png/sigma_0.050,div2k,0813.png,20012,c34023db0a8b05fd8269a4d5afeb83670d5b08e7bce8d6c8cfe221a95b0e0b2f,09da1827ff8433374734cdb652e7754e505be3746d2bd8f568a47a328f217e48,0.05000000074505806,0.0023902326356619596,26.215599060058594,0.78742915391922,0.000861748936586082,30.64619255065918,0.947962760925293,2.2098729610443115,2.7761118412017822,0.0003684656403493136,8.320335388183594,0.008916541934013367,0.8190064430236816,8.320197105407715,0.126617431640625,0.0618743896484375
U-Tikhonov T4/CG64,13,13,0,/Users/kyrillguba/Documents/Data Analytics MSc/Thesis/Python/First Try/data/DIV2K/DIV2K_valid_HR/0814.png,div2k/0814.png/sigma_0.050,div2k,0814.png,20013,9f544177fb7f24fc86ba1b0d9b9d0e664f093ce144600099ca215fbf1a3e3c25,5f24b789d2ca6124203a1a40f9b48b68594a011b101d6af1d89f4192185d3880,0.05000000074505806,0.0025069008115679026,26.008628845214844,0.5397735834121704,0.0005202399333938956,32.83796691894531,0.9572268724441528,5.120724678039551,3.493783712387085,0.0007447852985933423,8.320335388183594,0.012317872606217861,7.344526290893555,8.320317268371582,0.077545166015625,0.3088836669921875
U-Tikhonov T4/CG64,14,14,0,/Users/kyrillguba/Documents/Data Analytics MSc/Thesis/Python/First Try/data/DIV2K/DIV2K_valid_HR/0815.png,div2k/0815.png/sigma_0.050,div2k,0815.png,20014,d8f2b2b3496e52c1ec43e3c5e28732516b24990b8a2361d1876240ad562db395,4bc908074575a440446f8cf3cf4b30d18b358574fd90c38c20b3cb36ffacc0a7,0.05000000074505806,0.0024913474917411804,26.035659790039062,0.8415508270263672,0.0008980365819297731,30.467060089111328,0.9416126012802124,0.775030255317688,1.116874098777771,0.0008324115187861025,8.320334434509277,0.012607899494469166,0.38635796308517456,6.209043979644775,0.125152587890625,0.0008392333984375
U-Tikhonov T4/CG64,15,15,0,/Users/kyrillguba/Documents/Data Analytics MSc/Thesis/Python/First Try/data/DIV2K/DIV2K_valid_HR/0816.png,div2k/0816.png/sigma_0.050,div2k,0816.png,20015,f457e7c932a8730df29263aaf8e3c3a2e54e7e68e543a34cdbc085f7c21edf50,26270b5dfe84c0e73a8ff05bef9d9a014fb181dc56a27ac120957e965c51768f,0.05000000074505806,0.002437438815832138,26.130664825439453,0.7617701888084412,0.0007097626803442836,31.488868713378906,0.9368518590927124,2.3159377574920654,2.8650476932525635,0.00042112116352654994,8.320335388183594,0.018093528226017952,0.7973537445068359,8.320261001586914,0.07611083984375,0.0815582275390625
U-Tikhonov T4/CG64,16,16,0,/Users/kyrillguba/Documents/Data Analytics MSc/Thesis/Python/First Try/data/DIV2K/DIV2K_valid_HR/0817.png,div2k/0817.png/sigma_0.050,div2k,0817.png,20016,b14c93dc0fd3fb833a2c04431c6af818313c8c6f744eb433dd1817a932b015cf,b801fc201be5316a38d52e45e3242185be6cfea63e2a2d06ec988398e7d15831,0.05000000074505806,0.0024598061572760344,26.090991973876953,0.7724976539611816,0.0008879308588802814,30.51620864868164,0.9359103441238403,2.151519298553467,2.9749016761779785,0.00035835657035931945,8.320335388183594,0.013376171700656414,0.5530734062194824,8.320262908935547,0.1171875,0.1025848388671875
U-Tikhonov T4/CG64,17,17,0,/Users/kyrillguba/Documents/Data Analytics MSc/Thesis/Python/First Try/data/DIV2K/DIV2K_valid_HR/0818.png,div2k/0818.png/sigma_0.050,div2k,0818.png,20017,00f18d236ddc7fe3a937cdcb41ce31082a90c94b9370fc202c7dce18dd80ab2a,6e25b7b315cedeaf3b1345e37bb839678533ea4830e744337c069aa4068ebb47,0.05000000074505806,0.002381330356001854,26.23180389404297,0.7704674005508423,0.001003377023153007,29.985361099243164,0.9534728527069092,2.495676040649414,2.9904801845550537,0.00022538792109116912,8.320335388183594,0.006802898366004229,0.7795876264572144,8.319828987121582,0.1758575439453125,0.0676422119140625
U-Tikhonov T4/CG64,18,18,0,/Users/kyrillguba/Documents/Data Analytics MSc/Thesis/Python/First Try/data/DIV2K/DIV2K_valid_HR/0819.png,div2k/0819.png/sigma_0.050,div2k,0819.png,20018,f7450c40d5c0aabdc2bd2a562302ca3993841849efca05e281ec4059186e528c,e2c9e38db76f472ef79bf0589b00d844dc99f0b0ae8f2b1ca50660bb265b55f3,0.05000000074505806,0.002463102340698242,26.085176467895508,0.8513132333755493,0.0011809637071564794,29.277633666992188,0.9177870750427246,1.0562000274658203,1.6802465915679932,0.000850099022500217,8.320335388183594,0.014069702476263046,0.4087156057357788,8.26647663116455,0.1139678955078125,0.011749267578125
U-Tikhonov T4/CG64,19,19,0,/Users/kyrillguba/Documents/Data Analytics MSc/Thesis/Python/First Try/data/DIV2K/DIV2K_valid_HR/0820.png,div2k/0820.png/sigma_0.050,div2k,0820.png,20019,ab2cf6ba20cc18bafee4976e8be3cbf4a6db4afea570ef888fdebb8c8e0616f2,a89f9759efbd13f1463a714dee8f0c3be158bc9ea3ee9998e63b5873af574aba,0.05000000074505806,0.002383555518463254,26.22774887084961,0.9048423767089844,0.0019688685424625874,27.05783462524414,0.9289571046829224,1.308062195777893,2.1868324279785156,0.00016031862469390035,8.320335388183594,0.0038755463901907206,0.31344592571258545,8.320108413696289,0.2202606201171875,0.0294342041015625
U-Tikhonov T4/CG64,20,20,0,/Users/kyrillguba/Documents/Data Analytics MSc/Thesis/Python/First Try/data/DIV2K/DIV2K_valid_HR/0821.png,div2k/0821.png/sigma_0.050,div2k,0821.png,20020,ebd02fa51f1a3ee91b6ca90bb58a444e53385dd1193938609708b71bca4504a0,3a232b4dd1b631ac0900a77b50cf182680b0cbe53c61bcbf44525f847a188d37,0.05000000074505806,0.0023471133317798376,26.294660568237305,0.960415780544281,0.002284746151417494,26.41162109375,0.9647582173347473,0.8584620356559753,1.842195987701416,0.00014323863433673978,8.320335388183594,0.0023113510105758905,0.13774630427360535,8.306507110595703,0.3779754638671875,0.0162811279296875
U-Tikhonov T4/CG64,21,21,0,/Users/kyrillguba/Documents/Data Analytics MSc/Thesis/Python/First Try/data/DIV2K/DIV2K_valid_HR/0822.png,div2k/0822.png/sigma_0.050,div2k,0822.png,20021,86c801c8390b132b94a9efaeb7a9bad9acdd1212e41d91d44b44811708142963,0abc4f2e4adb5c790e30b77f7a3bc5fd1c970677069733ba10dea91d014706c6,0.05000000074505806,0.0024247164838016033,26.153392791748047,0.8965033292770386,0.0014132140204310417,28.497920989990234,0.9295225143432617,0.6304659843444824,1.255265712738037,0.0005328787374310195,8.320335388183594,0.010613493621349335,0.23099538683891296,7.663447380065918,0.1973419189453125,0.0043182373046875
U-Tikhonov T4/CG64,22,22,0,/Users/kyrillguba/Documents/Data Analytics MSc/Thesis/Python/First Try/data/DIV2K/DIV2K_valid_HR/0823.png,div2k/0823.png/sigma_0.050,div2k,0823.png,20022,ec11d2cf0a95684902842094c84e0956a3cd35920ef85f25ba677348927a365c,ecc7e76080791daa092510c6d95769995451494bc6f21cdd23927f4c4d05ff61,0.05000000074505806,0.002477123634889722,26.060523986816406,0.6903771758079529,0.0009257437777705491,30.335092544555664,0.9548472166061401,3.541132926940918,3.664069652557373,0.0003161903587169945,8.320335388183594,0.009760638698935509,1.0991389751434326,8.320327758789062,0.1362762451171875,0.2100677490234375
U-Tikhonov T4/CG64,23,23,0,/Users/kyrillguba/Documents/Data Analytics MSc/Thesis/Python/First Try/data/DIV2K/DIV2K_valid_HR/0824.png,div2k/0824.png/sigma_0.050,div2k,0824.png,20023,5ce7bdee523a1299c6a42c3adbb96d0e62c2f40266823753b8c042edb8b10495,5485e4487caf59442732dd248ecdc0446d1a6a3cea2e30f31057a1f1d926dfda,0.05000000074505806,0.0024936094414442778,26.031719207763672,0.7650009393692017,0.000907906680367887,30.419588088989258,0.940386176109314,2.0161094665527344,2.518219470977783,0.00034334222436882555,8.320335388183594,0.004727119579911232,0.8263236284255981,8.316816329956055,0.1780242919921875,0.0310516357421875
U-Tikhonov T4/CG64,24,24,0,/Users/kyrillguba/Documents/Data Analytics MSc/Thesis/Python/First Try/data/DIV2K/DIV2K_valid_HR/0825.png,div2k/0825.png/sigma_0.050,div2k,0825.png,20024,0403db62808d832f7764170e8df2b8c78ad826e2a93d809f8cf6d018258b011a,bc6e5a307dbe58a3621972b9537080fd5f3d2199cb2f68c5d046aa5060925204,0.05000000074505806,0.002457178197801113,26.09563636779785,0.8984700441360474,0.0013094724854454398,28.829038619995117,0.9431471228599548,0.9160069823265076,1.7314708232879639,0.00014501313853543252,8.320335388183594,0.0050743804313242435,0.24542534351348877,8.303423881530762,0.26556396484375,0.01519775390625
U-Tikhonov T4/CG64,25,25,0,/Users/kyrillguba/Documents/Data Analytics MSc/Thesis/Python/First Try/data/DIV2K/DIV2K_valid_HR/0826.png,div2k/0826.png/sigma_0.050,div2k,0826.png,20025,b7fba61bcca359e5581b44283bbc34696cae71321e031969411ada23b17e2199,e4bbce3def7d8405d4344ccbb87a3e3514d162c19ded7bdc83423dff8e63a86f,0.05000000074505806,0.0024615353904664516,26.087940216064453,0.7617788314819336,0.0009505529887974262,30.220237731933594,0.935804009437561,2.9702951908111572,3.224895715713501,0.0002488080062903464,8.320335388183594,0.013055440038442612,1.1761552095413208,8.320331573486328,0.0925140380859375,0.1244659423828125
U-Tikhonov T4/CG64,26,26,0,/Users/kyrillguba/Documents/Data Analytics MSc/Thesis/Python/First Try/data/DIV2K/DIV2K_valid_HR/0827.png,div2k/0827.png/sigma_0.050,div2k,0827.png,20026,1a1d5ffbd89d79d7803cf86e2d8f6c75cd146872fd61e387fec71a904e384317,1496c25e0335fbb79b8ec66d7b213d8f9234cac6e48041bba99e2e5d80e935e7,0.05000000074505806,0.0023136702366173267,26.356985092163086,0.5827498435974121,0.0004096256452612579,33.876129150390625,0.8978226780891418,3.0694589614868164,2.6012697219848633,0.000548434560187161,8.320335388183594,0.02730615623295307,2.2583208084106445,8.315019607543945,0.03607177734375,0.035247802734375
U-Tikhonov T4/CG64,27,27,0,/Users/kyrillguba/Documents/Data Analytics MSc/Thesis/Python/First Try/data/DIV2K/DIV2K_valid_HR/0828.png,div2k/0828.png/sigma_0.050,div2k,0828.png,20027,3b7551ae7f737167932c3230707f7075368102b6732eb16bfe514fd471223ea4,7013204f2c9f35f44744aaf82ea3ca5f9bf7e7dd407635e6aaf84ccf14ef53ec,0.05000000074505806,0.0021302225068211555,26.71575164794922,0.8599305152893066,0.0018387270392850041,27.354827880859375,0.9213651418685913,2.354823589324951,3.1791794300079346,0.0001748545910231769,8.320335388183594,0.00372015661559999,0.3437801003456116,8.32027530670166,0.2646484375,0.09771728515625
U-Tikhonov T4/CG64,28,28,0,/Users/kyrillguba/Documents/Data Analytics MSc/Thesis/Python/First Try/data/DIV2K/DIV2K_valid_HR/0829.png,div2k/0829.png/sigma_0.050,div2k,0829.png,20028,7fef744df96a3f5b2077c74a59929852deb533e35d4804c7c745471471543ed7,8dd35903bf87baf7f5d0c90ed7a0cac8466aafd566d5b31b5cc24ba8dcbe1932,0.05000000074505806,0.0024739063810557127,26.0661678314209,0.724089503288269,0.000617901561781764,32.0908088684082,0.9336277842521667,2.197836399078369,2.567410945892334,0.00026494840858504176,8.320335388183594,0.0100130969658494,1.0571613311767578,8.318838119506836,0.0915985107421875,0.0451812744140625
U-Tikhonov T4/CG64,29,29,0,/Users/kyrillguba/Documents/Data Analytics MSc/Thesis/Python/First Try/data/DIV2K/DIV2K_valid_HR/0830.png,div2k/0830.png/sigma_0.050,div2k,0830.png,20029,33405798eea5a2bbd23d383a107f9127b4f5d220ad2d443bdb05db6049757a90,8b55cf2a7df2326b1fa79cbd98f9e02a3cb8714c7a9b4b166d2b7b5745e86e0f,0.05000000074505806,0.00250443397089839,26.01290512084961,0.6986998319625854,0.0008693517302162945,30.60804557800293,0.908678412437439,3.0548577308654785,3.1262152194976807,0.00045746369869448245,8.320335388183594,0.013203371316194534,1.540137767791748,8.320218086242676,0.0833740234375,0.093170166015625
U-Tikhonov T4/CG64,30,30,0,/Users/kyrillguba/Documents/Data Analytics MSc/Thesis/Python/First Try/data/DIV2K/DIV2K_valid_HR/0831.png,div2k/0831.png/sigma_0.050,div2k,0831.png,20030,37f625cf3b90622b2047f8f9b3e488dcb450cde9c639eb5f94e082ec5148792e,ed393efe56b6e94d5303c71ffa8d1c570e7f6ec97a04942870be360ce991e261,0.05000000074505806,0.002373534720391035,26.246044158935547,0.8587419986724854,0.0011350694112479687,29.449777603149414,0.9363192915916443,1.099263072013855,1.7083933353424072,0.00013974883768241853,8.320335388183594,0.0073434412479400635,0.409835547208786,8.076601028442383,0.157989501953125,0.0055084228515625
U-Tikhonov T4/CG64,31,31,0,/Users/kyrillguba/Documents/Data Analytics MSc/Thesis/Python/First Try/data/DIV2K/DIV2K_valid_HR/0832.png,div2k/0832.png/sigma_0.050,div2k,0832.png,20031,678db3c6c13225750b6bb2ae62b3e9ffdbdb3491d462fa2451e73fea851ed64c,47467aa6d888ca85dda510d65c606bd0aa4cf5af67585f34ee3df773785323c9,0.05000000074505806,0.0023926645517349243,26.211181640625,0.8460536003112793,0.0010834106942638755,29.652069091796875,0.9437626600265503,1.5701063871383667,2.377883195877075,0.0001542899408377707,8.320335388183594,0.006284870207309723,0.4543800950050354,8.319969177246094,0.1752471923828125,0.03997802734375
U-Tikhonov T4/CG64,32,32,0,/Users/kyrillguba/Documents/Data Analytics MSc/Thesis/Python/First Try/data/DIV2K/DIV2K_valid_HR/0833.png,div2k/0833.png/sigma_0.050,div2k,0833.png,20032,196e9aedca5a8ddb4904ed57c8a1a32e080164df130d093fbc86da6222f32553,3a714a2b62205ca61f3147b1676b945f820fff3acefe2f1e55754483d340f161,0.05000000074505806,0.00242267781868577,26.157045364379883,0.6686140298843384,0.0006768283201381564,31.695215225219727,0.9621951580047607,3.6985526084899902,3.4830191135406494,0.00028240229585208,8.320335388183594,0.01215312723070383,2.072148084640503,8.320330619812012,0.09429931640625,0.1954345703125
U-Tikhonov T4/CG64,33,33,0,/Users/kyrillguba/Documents/Data Analytics MSc/Thesis/Python/First Try/data/DIV2K/DIV2K_valid_HR/0834.png,div2k/0834.png/sigma_0.050,div2k,0834.png,20033,43cd5d3407a2ec5d9396c0ba9f3595990830fe17adfb5b3d69777dc489012502,61622438cf56b44c080308b60b9dbca7cbeb3de3d5186d8c7b7611b2a68bca64,0.05000000074505806,0.002312642754986882,26.358917236328125,0.7481876611709595,0.0008518249960616231,30.696496963500977,0.9399973154067993,2.680115222930908,3.083538293838501,0.0002740563068073243,8.320335388183594,0.012373091652989388,0.978918194770813,8.320289611816406,0.1002044677734375,0.0933990478515625
U-Tikhonov T4/CG64,34,34,0,/Users/kyrillguba/Documents/Data Analytics MSc/Thesis/Python/First Try/data/DIV2K/DIV2K_valid_HR/0835.png,div2k/0835.png/sigma_0.050,div2k,0835.png,20034,80084574e021b9b385517a807fa4f62735358952d97592c2b192db98626e086c,ac0456d334a23b93ce7076b589a2ce6ca09ccd6153ea523a2500c6640e4c869d,0.05000000074505806,0.002499223919585347,26.021947860717773,0.8371410369873047,0.0012923870235681534,28.88607406616211,0.9047853946685791,0.9957518577575684,1.386229395866394,0.000615508237387985,8.320331573486328,0.017269600182771683,0.49035653471946716,7.283516883850098,0.0905303955078125,0.0020599365234375
U-Tikhonov T4/CG64,35,35,0,/Users/kyrillguba/Documents/Data Analytics MSc/Thesis/Python/First Try/data/DIV2K/DIV2K_valid_HR/0836.png,div2k/0836.png/sigma_0.050,div2k,0836.png,20035,d774c40f160da761b384b399f5636cb3cfecf88e2cc5d41c78f575c3bea500af,284ad2931c3bc6507b40bf59c3b64e8f4f92a43ba361f4c4bcc52deb37a25042,0.05000000074505806,0.0023897746577858925,26.2164306640625,0.8066840171813965,0.001052571227774024,29.77748680114746,0.9527323246002197,2.1159591674804688,3.035874128341675,0.00041101142414845526,8.320335388183594,0.008979403413832188,0.4712362289428711,8.320334434509277,0.145355224609375,0.111724853515625
U-Tikhonov T4/CG64,36,36,0,/Users/kyrillguba/Documents/Data Analytics MSc/Thesis/Python/First Try/data/DIV2K/DIV2K_valid_HR/0837.png,div2k/0837.png/sigma_0.050,div2k,0837.png,20036,af3a3f14f10fd37d750995ae36a4d7d4e23e7343e1fc6fb8ddf8342f79d68d35,6cc924ebeb60b7d740054d877327520def456c30af4fa1f4e8498d79a786a6b0,0.05000000074505806,0.0024176565930247307,26.16605567932129,0.9131945371627808,0.001380380243062973,28.600013732910156,0.9514656066894531,0.6747832298278809,1.3372091054916382,0.0004319879226386547,8.320335388183594,0.006198318675160408,0.2157006561756134,7.7124128341674805,0.2440338134765625,0.0035247802734375
U-Tikhonov T4/CG64,37,37,0,/Users/kyrillguba/Documents/Data Analytics MSc/Thesis/Python/First Try/data/DIV2K/DIV2K_valid_HR/0838.png,div2k/0838.png/sigma_0.050,div2k,0838.png,20037,a419adae2a9bbcb7b328e0e98815224877487f12f01cec7bd572e3a61b346f36,6aab86b91d97f60d52dbd058e8e6d9e47d5ff5cd6bf8b95911b13477fdda9a69,0.05000000074505806,0.002457757480442524,26.0946102142334,0.7100621461868286,0.0003975692670792341,34.00587463378906,0.957438588142395,2.6500754356384277,2.8706650733947754,0.0004454249865375459,8.320335388183594,0.02534049190580845,1.2353557348251343,8.320144653320312,0.044036865234375,0.0775909423828125
U-Tikhonov T4/CG64,38,38,0,/Users/kyrillguba/Documents/Data Analytics MSc/Thesis/Python/First Try/data/DIV2K/DIV2K_valid_HR/0839.png,div2k/0839.png/sigma_0.050,div2k,0839.png,20038,9ed3b7789f4dcc0b1bfd3a6e2391350b33a63a89353a3bd50f5bde4b89d2f647,03311d059cb2afa72a656566e0b5ec099e92358e9b13a7c9c37e17bee9ec6340,0.05000000074505806,0.0019779247231781483,27.03790283203125,0.6088687181472778,0.0008955933153629303,30.478893280029297,0.6740496158599854,3.2409329414367676,3.506436586380005,0.00023060149396769702,8.320335388183594,0.01567165181040764,0.9119065999984741,8.320310592651367,0.087005615234375,0.155517578125
U-Tikhonov T4/CG64,39,39,0,/Users/kyrillguba/Documents/Data Analytics MSc/Thesis/Python/First Try/data/DIV2K/DIV2K_valid_HR/0840.png,div2k/0840.png/sigma_0.050,div2k,0840.png,20039,df4e88246e2af519b1c29adccc7944ac0f8568e6a1ef7d65c39dc4fcd2a3dd5b,7c59d425d11ee77210f9205919da2169594e2a28ce6661dc2350be70d12d18a0,0.05000000074505806,0.0024346939753741026,26.135557174682617,0.8944105505943298,0.0012590643018484116,28.999521255493164,0.9379104375839233,0.7067908644676208,1.2057123184204102,0.0008610549266450107,8.320335388183594,0.012468752451241016,0.3169873356819153,7.0576491355896,0.1331787109375,0.0020751953125
U-Tikhonov T4/CG64,40,40,0,/Users/kyrillguba/Documents/Data Analytics MSc/Thesis/Python/First Try/data/DIV2K/DIV2K_valid_HR/0841.png,div2k/0841.png/sigma_0.050,div2k,0841.png,20040,b85a5c827a7d17dab432c8f79abc120715b867e00f3bcbe182f90d6c23ecff6f,8fe200eca4b5b5242df4bc0de21335521f30c97ede9eb74fc53a2b7d9f56c88e,0.05000000074505806,0.002478003269061446,26.05898094177246,0.7327069044113159,0.000878121005371213,30.564456939697266,0.9214351773262024,2.077263593673706,2.476895570755005,0.00046976259909570217,8.320335388183594,0.01264133770018816,0.9360873103141785,8.313033103942871,0.102325439453125,0.0267791748046875
U-Tikhonov T4/CG64,41,41,0,/Users/kyrillguba/Documents/Data Analytics MSc/Thesis/Python/First Try/data/DIV2K/DIV2K_valid_HR/0842.png,div2k/0842.png/sigma_0.050,div2k,0842.png,20041,e0fe2755785538efb2ac1c7a4fc4e854d8206a8f09b68ac1931f0544c3e7cc53,beda00ff8db42d4b589f7378d3e25b21007f8885570daf4c565c0337c785048a,0.05000000074505806,0.00240309233777225,26.19229507446289,0.7688649892807007,0.0007866410305723548,31.042234420776367,0.9353806972503662,1.6956430673599243,2.075594663619995,0.0003787335881497711,8.320335388183594,0.013144610449671745,0.8575994968414307,8.29347038269043,0.0893707275390625,0.01458740234375
U-Tikhonov T4/CG64,42,42,0,/Users/kyrillguba/Documents/Data Analytics MSc/Thesis/Python/First Try/data/DIV2K/DIV2K_valid_HR/0843.png,div2k/0843.png/sigma_0.050,div2k,0843.png,20042,8d4db85adca20e5911d117b4bb54fdfb3f22b2a02cceb14242bb7540955f6140,35d05bad930e78acf4ef2cb816eca7463834e674af53f848c7dbaadb73084f68,0.05000000074505806,0.0021504508331418037,26.674707412719727,0.4611368179321289,0.00020072193001396954,36.97405242919922,0.9801770448684692,6.41176700592041,3.037325382232666,0.00023239324218593538,8.320335388183594,0.014983140863478184,8.180176734924316,8.320334434509277,0.048126220703125,0.4461822509765625
U-Tikhonov T4/CG64,43,43,0,/Users/kyrillguba/Documents/Data Analytics MSc/Thesis/Python/First Try/data/DIV2K/DIV2K_valid_HR/0844.png,div2k/0844.png/sigma_0.050,div2k,0844.png,20043,15c2150d7c67049e1e35243bac1a1a68c6f0e57215592b78ed9b74e130ed1370,54e704e5fefca2dce105a38946c8722391d376a9b4bda2d175503937d9443db5,0.05000000074505806,0.00241699512116611,26.16724395751953,0.5474591255187988,0.00030585721833631396,35.144813537597656,0.9373174905776978,4.155325889587402,3.1926794052124023,0.0002965918683912605,8.320335388183594,0.026794111356139183,3.364217758178711,8.320329666137695,0.0303497314453125,0.1703948974609375
U-Tikhonov T4/CG64,44,44,0,/Users/kyrillguba/Documents/Data Analytics MSc/Thesis/Python/First Try/data/DIV2K/DIV2K_valid_HR/0845.png,div2k/0845.png/sigma_0.050,div2k,0845.png,20044,3afec5a048f16903b44498719256567f9874b218bd408f06ae16848d5bfd4779,787c55ff16cedc70877931e779b270a9714da1b1ff66e29c8b238f45f9089a82,0.05000000074505806,0.002203594194725156,26.568683624267578,0.7407160401344299,0.0012519685551524162,29.024066925048828,0.9341495633125305,3.2893526554107666,3.4671151638031006,0.00016517096082679927,8.320335388183594,0.004009608179330826,1.3073785305023193,8.320334434509277,0.1660919189453125,0.17022705078125
U-Tikhonov T4/CG64,45,45,0,/Users/kyrillguba/Documents/Data Analytics MSc/Thesis/Python/First Try/data/DIV2K/DIV2K_valid_HR/0846.png,div2k/0846.png/sigma_0.050,div2k,0846.png,20045,bfa025022780e8b45b7d8ca41bf0c1aa0ef062e997a3e07e7b0b4766072a0c65,0adbf774efd417a8fd418e7c5104d799b1f00bb3095edb86e4e8ab2dfa026b37,0.05000000074505806,0.002105560153722763,26.76632308959961,0.8011387586593628,0.0015834043733775616,28.00408363342285,0.9262948036193848,2.5107309818267822,3.2278876304626465,0.00025403668405488133,8.320335388183594,0.007836105301976204,0.5632500648498535,8.320335388183594,0.1506500244140625,0.1254730224609375
U-Tikhonov T4/CG64,46,46,0,/Users/kyrillguba/Documents/Data Analytics MSc/Thesis/Python/First Try/data/DIV2K/DIV2K_valid_HR/0847.png,div2k/0847.png/sigma_0.050,div2k,0847.png,20046,a03ac31eb9aa42c51d2ec103e996158d3f7890d32752d0e5a0bece66c7f0a096,f7a15c06ecc295897dcb2e920759c7d2b39e632ddbc05f39f62443e6f2d07c47,0.05000000074505806,0.0023024985566735268,26.378005981445312,0.8615671396255493,0.001210504211485386,29.170337677001953,0.9519346952438354,1.9868111610412598,2.7743279933929443,0.00021594046847894788,8.320335388183594,0.006108485162258148,0.48093336820602417,8.320249557495117,0.192779541015625,0.063629150390625
U-Tikhonov T4/CG64,47,47,0,/Users/kyrillguba/Documents/Data Analytics MSc/Thesis/Python/First Try/data/DIV2K/DIV2K_valid_HR/0848.png,div2k/0848.png/sigma_0.050,div2k,0848.png,20047,226e619ed1295a7c7b4eb9d622c6124c81ba03e21362bb8eee67e67dced25224,efa2172a3a1dd6cd91b1b9a07f06d0811453ba7dedba5ff3c724a98f91ceee0f,0.05000000074505806,0.002366595435887575,26.258758544921875,0.8601237535476685,0.0009514783741906285,30.21601104736328,0.952655553817749,1.342526912689209,2.1080267429351807,0.00024128428776748478,8.320335388183594,0.00564293097704649,0.4475482702255249,8.316914558410645,0.18487548828125,0.0266265869140625
U-Tikhonov T4/CG64,48,48,0,/Users/kyrillguba/Documents/Data Analytics MSc/Thesis/Python/First Try/data/DIV2K/DIV2K_valid_HR/0849.png,div2k/0849.png/sigma_0.050,div2k,0849.png,20048,2c70dd5654b23e4a9ab11865c6c70e3077823c4972ad389deddc84dd9edc36b8,812c07076778f64508761453798502e38c6faad3cecffd799395e10f24d49b2e,0.05000000074505806,0.0024144914932549,26.171743392944336,0.9492175579071045,0.002026116941124201,26.9333553314209,0.9591797590255737,0.5408135652542114,1.2216893434524536,0.00012314054765738547,8.320334434509277,0.0027985128108412027,0.14252232015132904,7.430331230163574,0.3530120849609375,0.00347900390625
U-Tikhonov T4/CG64,49,49,0,/Users/kyrillguba/Documents/Data Analytics MSc/Thesis/Python/First Try/data/DIV2K/DIV2K_valid_HR/0850.png,div2k/0850.png/sigma_0.050,div2k,0850.png,20049,b0e8b344c318dfae08640e56c0b52ec6df0909ea2a5c7128b8b44308511dabe7,c58c027afbe1f7160eae9abc4d0d74aea25e91e356b752d3e1e2acb9dd2b25b1,0.05000000074505806,0.0024805485736578703,26.054523468017578,0.8018345832824707,0.0008693123236298561,30.60824203491211,0.9335872530937195,1.8675702810287476,2.433941125869751,0.00044753702240996063,8.320335388183594,0.01429420243948698,0.781322717666626,8.320334434509277,0.09521484375,0.05645751953125
U-Tikhonov T4/CG64,50,50,0,/Users/kyrillguba/Documents/Data Analytics MSc/Thesis/Python/First Try/data/DIV2K/DIV2K_valid_HR/0851.png,div2k/0851.png/sigma_0.050,div2k,0851.png,20050,6cd623610d71351bd69a4193263bc448cd15272dcfd17f66224ecc57d176c5d0,3c106b758572323bd824bc5a7c10ef69bf0bb6f2d4c116d1984d1ba198b915d8,0.05000000074505806,0.002428226638585329,26.14710807800293,0.6372339129447937,0.0006131998379714787,32.12398147583008,0.9645193219184875,4.514839172363281,3.610621929168701,0.00041424977825954556,8.320335388183594,0.006182787474244833,5.4102020263671875,8.320329666137695,0.11614990234375,0.281707763671875
U-Tikhonov T4/CG64,51,51,0,/Users/kyrillguba/Documents/Data Analytics MSc/Thesis/Python/First Try/data/DIV2K/DIV2K_valid_HR/0852.png,div2k/0852.png/sigma_0.050,div2k,0852.png,20051,73b3c50a05a0fcb1a26fb8f3d88ebc57fe34409f6e6d0d125e46c18d90cca3a1,4ce54e8621ce4f5257ecb630b4daea9067dfad4a58b54393e8e18482ffa73ce6,0.05000000074505806,0.0017825127579271793,27.489673614501953,0.5970467329025269,0.000625756336376071,32.03594970703125,0.7572776079177856,3.335329532623291,2.955423355102539,0.002751022344455123,8.320335388183594,0.04339795932173729,2.224963665008545,8.31616497039795,0.027801513671875,0.0598602294921875
U-Tikhonov T4/CG64,52,52,0,/Users/kyrillguba/Documents/Data Analytics MSc/Thesis/Python/First Try/data/DIV2K/DIV2K_valid_HR/0853.png,div2k/0853.png/sigma_0.050,div2k,0853.png,20052,e9eb55fc2bc1bcfd2fad63122c380357a672f2b9f14b61a7547da796324e10c2,c4ddc83133c81f82df55fcd98380e6d24f8bab15fb2b858671b54562d377c806,0.05000000074505806,0.002295798622071743,26.390663146972656,0.6024793386459351,0.0004982706741429865,33.02534866333008,0.949898362159729,4.2861223220825195,3.517714500427246,0.0008888886077329516,8.320335388183594,0.016687460243701935,4.050779342651367,8.320302963256836,0.06341552734375,0.2245941162109375
U-Tikhonov T4/CG64,53,53,0,/Users/kyrillguba/Documents/Data Analytics MSc/Thesis/Python/First Try/data/DIV2K/DIV2K_valid_HR/0854.png,div2k/0854.png/sigma_0.050,div2k,0854.png,20053,dbefb08aac7a5ad65da8e59ab21cbb0e921c9ad6da4d670be4cb2a982a3e2ffe,ee82022d69ec65f113006151c0964c1ce0401ec3b9c05faa531c924cc453f28e,0.05000000074505806,0.0024929214268922806,26.032915115356445,0.7780815362930298,0.0011646340135484934,29.338104248046875,0.9408091306686401,2.290712833404541,3.1385934352874756,0.00028373123495839536,8.320335388183594,0.009073060005903244,0.5034784078598022,8.32030200958252,0.1433563232421875,0.1222381591796875
U-Tikhonov T4/CG64,54,54,0,/Users/kyrillguba/Documents/Data Analytics MSc/Thesis/Python/First Try/data/DIV2K/DIV2K_valid_HR/0855.png,div2k/0855.png/sigma_0.050,div2k,0855.png,20054,9e2b3caa326eef35864ca6323728491aaf77f5232b3a1b7435275b7a4b5bc314,224e93d4c6e4499718b0c65e9f9dc75bfff8c9849e40711398f500fcb0e1344c,0.05000000074505806,0.0024242037907242775,26.154308319091797,0.7343929409980774,0.0007765612099319696,31.098243713378906,0.9241986870765686,2.1647884845733643,2.4516854286193848,0.0010326732881367207,8.320335388183594,0.021682409569621086,1.1192761659622192,8.318432807922363,0.0532379150390625,0.0362548828125
U-Tikhonov T4/CG64,55,55,0,/Users/kyrillguba/Documents/Data Analytics MSc/Thesis/Python/First Try/data/DIV2K/DIV2K_valid_HR/0856.png,div2k/0856.png/sigma_0.050,div2k,0856.png,20055,66cf31de43a337537e663db0aecf5dd0004e87a0fbe2bd2cdc7ed9a8b4a93ece,62ea9274995afc0d0ba793d444a4eca4cd474404f25acb13a3902506fcfc2ec5,0.05000000074505806,0.0024465948808938265,26.1143798828125,0.7071712613105774,0.0009499844745732844,30.222835540771484,0.8633355498313904,1.8154346942901611,2.3898096084594727,0.0017668872606009245,8.320335388183594,0.029570315033197403,0.721433162689209,8.317355155944824,0.05517578125,0.038604736328125
U-Tikhonov T4/CG64,56,56,0,/Users/kyrillguba/Documents/Data Analytics MSc/Thesis/Python/First Try/data/DIV2K/DIV2K_valid_HR/0857.png,div2k/0857.png/sigma_0.050,div2k,0857.png,20056,ab895c24c3f27bd01daebb297e1995e3f7eaba3372e5cc7e32fb98edb3dfd93b,673be55e35caf9556009ef5b290c84ca55946414b7437036ce7a684e731ab7d2,0.05000000074505806,0.002511989325284958,25.99982261657715,0.6884675025939941,0.00032708895741961896,34.85334014892578,0.9542351961135864,2.4995620250701904,2.063560724258423,0.0006470439839176834,8.320335388183594,0.03032229095697403,1.933855652809143,8.187512397766113,0.0278167724609375,0.0073699951171875
U-Tikhonov T4/CG64,57,57,0,/Users/kyrillguba/Documents/Data Analytics MSc/Thesis/Python/First Try/data/DIV2K/DIV2K_valid_HR/0858.png,div2k/0858.png/sigma_0.050,div2k,0858.png,20057,69c3c9a846793f1dd2cda90db3fba707412671412126cd1eaad1496e784f7c0e,9a3fedb0e7da6c4cb13c4aa3be8292d1decc9118fb09e54e5d4f940963c19b8a,0.05000000074505806,0.002182303462177515,26.610849380493164,0.7960816621780396,0.0010631795739755034,29.73393440246582,0.8759267330169678,1.7724846601486206,2.3867204189300537,0.0008249778766185045,8.320335388183594,0.018362032249569893,0.6479986906051636,8.307257652282715,0.085540771484375,0.0253143310546875
U-Tikhonov T4/CG64,58,58,0,/Users/kyrillguba/Documents/Data Analytics MSc/Thesis/Python/First Try/data/DIV2K/DIV2K_valid_HR/0859.png,div2k/0859.png/sigma_0.050,div2k,0859.png,20058,0783919bca182fbd4ec27a809e6b7e6c58e89fddb3d3ef3d1bd5c807651c9a53,fcf822cfa8424f9b9c84b5035a72e071539cb531dffee6d54e3f00d3c550a601,0.05000000074505806,0.0025279473047703505,25.972320556640625,0.8422619104385376,0.001254986971616745,29.01361083984375,0.9193565249443054,1.257590413093567,1.8350154161453247,0.00044810553663410246,8.320334434509277,0.013053405098617077,0.47074469923973083,8.16691780090332,0.1185150146484375,0.007232666015625
U-Tikhonov T4/CG64,59,59,0,/Users/kyrillguba/Documents/Data Analytics MSc/Thesis/Python/First Try/data/DIV2K/DIV2K_valid_HR/0860.png,div2k/0860.png/sigma_0.050,div2k,0860.png,20059,6323c40a5d11f381b901e87cf8f54d9578bc32be44b9350ac5386eb44224de4a,c71c04fcfb6b74e55325e34a45c1c3ca5d8a987657eb8863649b82696952b358,0.05000000074505806,0.0024339123629033566,26.136951446533203,0.9106051325798035,0.0017590890638530254,27.547122955322266,0.9247199892997742,0.6857239007949829,1.2710672616958618,0.0004289706121198833,8.320335388183594,0.009772902354598045,0.280728816986084,7.599212169647217,0.1627349853515625,0.003265380859375
U-Tikhonov T4/CG64,60,60,0,/Users/kyrillguba/Documents/Data Analytics MSc/Thesis/Python/First Try/data/DIV2K/DIV2K_valid_HR/0861.png,div2k/0861.png/sigma_0.050,div2k,0861.png,20060,c3df240f2bf2bcdcdc9060b4ba3b0dd6324594f485ce3ee2d407f0b5364d72d7,8839bdd16fcb8d9dc749ec4fba288f25ca0dc583156fc136316fb9ae87610e10,0.05000000074505806,0.0020175748504698277,26.951704025268555,0.8055756092071533,0.001304862555116415,28.8443546295166,0.8830661773681641,2.2266530990600586,2.7181403636932373,0.0002663832565303892,8.320335388183594,0.006205531768500805,0.7817662954330444,8.318391799926758,0.1608734130859375,0.0332794189453125
U-Tikhonov T4/CG64,61,61,0,/Users/kyrillguba/Documents/Data Analytics MSc/Thesis/Python/First Try/data/DIV2K/DIV2K_valid_HR/0862.png,div2k/0862.png/sigma_0.050,div2k,0862.png,20061,b28039f4ed1566ad4bef028589288dfa1cf33c4b676694010eb5d0d9f228ef50,978a7b813eafffc3aa259f7f1d4c268f8c390f58f7b2ffe9b6706c1a191e7bda,0.05000000074505806,0.0025069513358175755,26.008541107177734,0.5648969411849976,0.0003307688166387379,34.80475616455078,0.9377785325050354,4.368188858032227,3.303734540939331,0.001196120516397059,8.320335388183594,0.0562262088060379,3.7702765464782715,8.3203125,0.0170135498046875,0.21075439453125
U-Tikhonov T4/CG64,62,62,0,/Users/kyrillguba/Documents/Data Analytics MSc/Thesis/Python/First Try/data/DIV2K/DIV2K_valid_HR/0863.png,div2k/0863.png/sigma_0.050,div2k,0863.png,20062,69a9aeec52e386294dc8c778c0d11c7f842f0960ca488aa898c25c50220c823a,c5b360385124b0b9db466d8df7c65a52c9f7b40b24ea0989ea1251fe9b9e974c,0.05000000074505806,0.0024539162404835224,26.101402282714844,0.7052394151687622,0.0006598462350666523,31.805574417114258,0.9547487497329712,2.8776471614837646,3.470994710922241,0.00047900836216285825,8.320335388183594,0.012507915496826172,0.5926727056503296,8.320334434509277,0.1323699951171875,0.1613922119140625
U-Tikhonov T4/CG64,63,63,0,/Users/kyrillguba/Documents/Data Analytics MSc/Thesis/Python/First Try/data/DIV2K/DIV2K_valid_HR/0864.png,div2k/0864.png/sigma_0.050,div2k,0864.png,20063,fb786dffb18452c590dd1e18bebeea18d1c1bec24fd9d36d75ba35ad6c8a81d3,f18d1da23718072040022a8b39a5ed0e4862a23ffc29a83502f4179a0f193a89,0.05000000074505806,0.0024664667434990406,26.079246520996094,0.8392430543899536,0.0008950261399149895,30.481643676757812,0.9300020933151245,1.130526065826416,1.6541391611099243,0.0012032382655888796,8.320330619812012,0.02263748086988926,0.5201765894889832,8.151023864746094,0.0748443603515625,0.0068511962890625
U-Tikhonov T4/CG64,64,64,0,/Users/kyrillguba/Documents/Data Analytics MSc/Thesis/Python/First Try/data/DIV2K/DIV2K_valid_HR/0865.png,div2k/0865.png/sigma_0.050,div2k,0865.png,20064,f92af3991be3de305c0efcfbe87ac07586eb280db7c47c56bbf8452a9b10010c,acd0fc3cccb5e4827e28374fc235054efe5f2b26adc84330573534bc9727fece,0.05000000074505806,0.002491431077942252,26.035511016845703,0.780320405960083,0.0008212640532292426,30.85517120361328,0.9323838949203491,1.324262261390686,1.8387017250061035,0.001123950001783669,8.320280075073242,0.015248640440404415,0.5320332646369934,8.075396537780762,0.1058807373046875,0.00390625
U-Tikhonov T4/CG64,65,65,0,/Users/kyrillguba/Documents/Data Analytics MSc/Thesis/Python/First Try/data/DIV2K/DIV2K_valid_HR/0866.png,div2k/0866.png/sigma_0.050,div2k,0866.png,20065,64fe1cb87ea16bd47a4af52b635bd686b87a3bb0bb006aa875e7090e7f4f1b09,9afe981f615137ba03acacaf176e2c98a40692fb9b988590634da93828007e30,0.05000000074505806,0.0024913714732974768,26.035615921020508,0.8772956132888794,0.0014607233460992575,28.354320526123047,0.9323863983154297,0.9814702272415161,1.8178175687789917,0.0002042797568719834,8.320335388183594,0.005642398726195097,0.2697561979293823,8.229917526245117,0.235931396484375,0.0093841552734375
U-Tikhonov T4/CG64,66,66,0,/Users/kyrillguba/Documents/Data Analytics MSc/Thesis/Python/First Try/data/DIV2K/DIV2K_valid_HR/0867.png,div2k/0867.png/sigma_0.050,div2k,0867.png,20066,a1b0a4eea55a3cc398df9e911e7db0ecbec9938d8ca0f96d3252df65b6daed62,66b0a986b08c5cd25291d21eeaacbef5e8726ec5e502a875560f78802f9bd7de,0.05000000074505806,0.0024518349673599005,26.10508918762207,0.904789924621582,0.0012123908381909132,29.163572311401367,0.9520441293716431,0.7203691005706787,1.4225194454193115,0.000774216721765697,8.320321083068848,0.007375774439424276,0.22110942006111145,7.8965163230896,0.2335662841796875,0.0041656494140625
U-Tikhonov T4/CG64,67,67,0,/Users/kyrillguba/Documents/Data Analytics MSc/Thesis/Python/First Try/data/DIV2K/DIV2K_valid_HR/0868.png,div2k/0868.png/sigma_0.050,div2k,0868.png,20067,a5806164ffd45d6b14c4f40b199c062ca7d2855351fd99291a948b57f15212f1,a068c0fafc52686b9b284c602856e7d72b97994c0d20c34e82fde7b9e37cf00c,0.05000000074505806,0.002463496755808592,26.08448028564453,0.4806396961212158,0.0003764703869819641,34.24269104003906,0.9736880660057068,6.101845741271973,3.174332857131958,0.0001271191140403971,8.320335388183594,0.011152561753988266,8.106118202209473,8.320335388183594,0.063995361328125,0.4180755615234375
U-Tikhonov T4/CG64,68,68,0,/Users/kyrillguba/Documents/Data Analytics MSc/Thesis/Python/First Try/data/DIV2K/DIV2K_valid_HR/0869.png,div2k/0869.png/sigma_0.050,div2k,0869.png,20068,bc61ffc14754a4c0e306111ec7946ec828ebc05b363e7717d8c2f300d7750e5c,92faf7d14463503cc56675c98f92d562b015bd906d1db31c8f3cc235521aefff,0.05000000074505806,0.002459372393786907,26.091758728027344,0.7520028352737427,0.0009600688936188817,30.17697525024414,0.9279550313949585,3.012669086456299,3.349087953567505,0.0002814976032823324,8.320335388183594,0.01446439977735281,0.9073354005813599,8.320272445678711,0.0933990478515625,0.1347503662109375
U-Tikhonov T4/CG64,69,69,0,/Users/kyrillguba/Documents/Data Analytics MSc/Thesis/Python/First Try/data/DIV2K/DIV2K_valid_HR/0870.png,div2k/0870.png/sigma_0.050,div2k,0870.png,20069,23fb86d88c32c580e802edb1ef9cd9aecf3ca74c79ecdde14ada63f7050ad410,b6f5585f87becf8c8892e5f8ff9ae9085e0882cccd1e98b84ad068e6c2fd5d7f,0.05000000074505806,0.00249586277641356,26.027793884277344,0.9074313640594482,0.00152144196908921,28.177448272705078,0.9341720938682556,0.435879111289978,0.8655681014060974,0.00041068121208809316,8.320133209228516,0.010661851614713669,0.20883746445178986,5.367286682128906,0.19683837890625,0.0009307861328125
U-Tikhonov T4/CG64,70,70,0,/Users/kyrillguba/Documents/Data Analytics MSc/Thesis/Python/First Try/data/DIV2K/DIV2K_valid_HR/0871.png,div2k/0871.png/sigma_0.050,div2k,0871.png,20070,755675f2824bd9535075c3a3649ecad82608dffc5b28d5b6777c999ce5ac8feb,9b545bb8a7867d96b3d1fecda24e03809067ef977387c4a9184f2aae6fcbc8c8,0.05000000074505806,0.002481108531355858,26.053543090820312,0.857539176940918,0.0009485475020483136,30.229408264160156,0.9504603147506714,0.9200531244277954,1.4009782075881958,0.00037398820859380066,8.319764137268066,0.010794159956276417,0.36559486389160156,7.336475372314453,0.149322509765625,0.0018310546875
U-Tikhonov T4/CG64,71,71,0,/Users/kyrillguba/Documents/Data Analytics MSc/Thesis/Python/First Try/data/DIV2K/DIV2K_valid_HR/0872.png,div2k/0872.png/sigma_0.050,div2k,0872.png,20071,a3051017ca8c7da3a6c7830c9bb928ecf2b81dc2add6c092a6aecfa321376f6b,131358219de1a92c883f7aabb6f73c5887153fa67393bfc249b3c44637410397,0.05000000074505806,0.002477589063346386,26.05970573425293,0.902247965335846,0.001394976512528956,28.554332733154297,0.9442105889320374,0.8738106489181519,1.524938941001892,0.00024862619466148317,8.320335388183594,0.006452500820159912,0.277961403131485,7.984787464141846,0.20654296875,0.0057373046875
U-Tikhonov T4/CG64,72,72,0,/Users/kyrillguba/Documents/Data Analytics MSc/Thesis/Python/First Try/data/DIV2K/DIV2K_valid_HR/0873.png,div2k/0873.png/sigma_0.050,div2k,0873.png,20072,98eca5a763607b677cf4da90c4112b7bd27d325edaf99023f29c46b2af95740e,7ed996e83d7c85129cf42e7e77d6ee12ca7058197ed761629f556c4526a743be,0.05000000074505806,0.002525132382288575,25.977157592773438,0.801446795463562,0.001194454962387681,29.228303909301758,0.9349448680877686,1.9045244455337524,2.901632070541382,0.0006425759056583047,8.320335388183594,0.015464124269783497,0.4060083031654358,8.320218086242676,0.11114501953125,0.08392333984375
U-Tikhonov T4/CG64,73,73,0,/Users/kyrillguba/Documents/Data Analytics MSc/Thesis/Python/First Try/data/DIV2K/DIV2K_valid_HR/0874.png,div2k/0874.png/sigma_0.050,div2k,0874.png,20073,c1b141701b55a15db0c8d9d38d28131d0c6935abc941c0cf5a1b8e17483ce6db,b19bfca99d856a1b2097f69aab2e36d4fedf6c4a2af0992eda02c4f131e8329d,0.05000000074505806,0.002378856297582388,26.236316680908203,0.7668249011039734,0.0007707125041633844,31.13107681274414,0.9138916730880737,1.696134328842163,2.259899854660034,0.00035811177804134786,8.320335388183594,0.01712636463344097,0.7441526651382446,8.319204330444336,0.069610595703125,0.03515625
U-Tikhonov T4/CG64,74,74,0,/Users/kyrillguba/Documents/Data Analytics MSc/Thesis/Python/First Try/data/DIV2K/DIV2K_valid_HR/0875.png,div2k/0875.png/sigma_0.050,div2k,0875.png,20074,9efdc0057bb6e53db148019bb4a13192254fce5f31a016a4924e85fc6ee62a16,5dec522d5e1137adce5d49d502dfa608677341edee3f6ccf586c6fc3ae9ffa96,0.05000000074505806,0.0024223660584539175,26.157604217529297,0.9346641302108765,0.0014871640596538782,28.276412963867188,0.955548882484436,0.6502234935760498,1.3521642684936523,0.0003452488745097071,8.320335388183594,0.008163334801793098,0.23982897400856018,8.239969253540039,0.1993408203125,0.0101318359375
U-Tikhonov T4/CG64,75,75,0,/Users/kyrillguba/Documents/Data Analytics MSc/Thesis/Python/First Try/data/DIV2K/DIV2K_valid_HR/0876.png,div2k/0876.png/sigma_0.050,div2k,0876.png,20075,84df379a2b4a7b995296e31b3954bfb9a7731d5e2d0b8650405a416a53e11125,80e9a18961ffcbf9cc0f8ac5206060e646fa8d3dbbd54ed03acd91720a2d69e9,0.05000000074505806,0.0022386491764336824,26.500139236450195,0.8460820913314819,0.001164815155789256,29.33742904663086,0.898997962474823,1.3550140857696533,2.012787342071533,0.0006381556740961969,8.320335388183594,0.010635591112077236,0.4832628071308136,8.251514434814453,0.1181182861328125,0.011016845703125
U-Tikhonov T4/CG64,76,76,0,/Users/kyrillguba/Documents/Data Analytics MSc/Thesis/Python/First Try/data/DIV2K/DIV2K_valid_HR/0877.png,div2k/0877.png/sigma_0.050,div2k,0877.png,20076,a7be10c02736c3557926612d053466a395f1f8df83ddeeff7027d05bb769b33a,78441016e6cfc95c22e8029585e0135aee252e64b13e409b0421ab423ad3bc5b,0.05000000074505806,0.002484759083017707,26.047157287597656,0.6783108115196228,0.00045734099694527686,33.39759826660156,0.9291872382164001,2.1200873851776123,2.1443214416503906,0.00019537261687219143,8.320330619812012,0.019899969920516014,1.3461076021194458,8.127124786376953,0.06072998046875,0.00482177734375
U-Tikhonov T4/CG64,77,77,0,/Users/kyrillguba/Documents/Data Analytics MSc/Thesis/Python/First Try/data/DIV2K/DIV2K_valid_HR/0878.png,div2k/0878.png/sigma_0.050,div2k,0878.png,20077,f1e61ee7f615bf40fc0cc24a3750fc6413019d89281f32d061c3bfb42fdf3082,6f9cb19221b164fd1c4793e9119d414b2937b5fe464e8b30b5d536fc88349f47,0.05000000074505806,0.002496751956641674,26.026247024536133,0.8696799278259277,0.0011156195541843772,29.52484130859375,0.9427269697189331,1.1224634647369385,1.8936119079589844,0.00034572972799651325,8.320335388183594,0.008818346075713634,0.3370726704597473,8.282336235046387,0.1634521484375,0.0136566162109375
U-Tikhonov T4/CG64,78,78,0,/Users/kyrillguba/Documents/Data Analytics MSc/Thesis/Python/First Try/data/DIV2K/DIV2K_valid_HR/0879.png,div2k/0879.png/sigma_0.050,div2k,0879.png,20078,f7a72db70e5d13cc9ce0514ee1b317f98a5b43e5671f68071037416761ac50bb,3af6e6931292a54a400c5fe7933c9aac4afecb5836dd41e2e23a0d722688892b,0.05000000074505806,0.0025101255159825087,26.0030460357666,0.6462010145187378,0.0007784768240526319,31.087543487548828,0.9624209403991699,4.235150337219238,3.7286040782928467,0.00043142292997799814,8.320335388183594,0.008755583316087723,4.22890567779541,8.320323944091797,0.1291351318359375,0.2735443115234375
U-Tikhonov T4/CG64,79,79,0,/Users/kyrillguba/Documents/Data Analytics MSc/Thesis/Python/First Try/data/DIV2K/DIV2K_valid_HR/0880.png,div2k/0880.png/sigma_0.050,div2k,0880.png,20079,2464ffab9474f65f91c41e6231fc7c3907d471b36d493192c28dd9a9c9ac3c4c,ffecafd44bf8d629abfc24db08cb713e2747a47b22d9ed9ed9bc9660924349a3,0.05000000074505806,0.0025037077721208334,26.014163970947266,0.6307056546211243,0.0006219125934876502,32.062705993652344,0.950878381729126,4.226752758026123,3.6117334365844727,0.0005883720587007701,8.320335388183594,0.01601853221654892,4.170550346374512,8.320320129394531,0.0773162841796875,0.2321929931640625
U-Tikhonov T4/CG64,80,80,0,/Users/kyrillguba/Documents/Data Analytics MSc/Thesis/Python/First Try/data/DIV2K/DIV2K_valid_HR/0881.png,div2k/0881.png/sigma_0.050,div2k,0881.png,20080,b4be0560c87adf38d8561ec3fb5a8e3e0e5d0b43501194ff1ff77f1511e89119,ff995967a741339364d17f41dcd807bccd4353b0c9d14e5fc9125b4bed8e3b9b,0.05000000074505806,0.002498085843399167,26.02392578125,0.6853863000869751,0.0006465292535722256,31.894119262695312,0.9344354867935181,2.920083522796631,2.86982798576355,0.00042003707494586706,8.320335388183594,0.0210026316344738,1.7128219604492188,8.319538116455078,0.04925537109375,0.06787109375
U-Tikhonov T4/CG64,81,81,0,/Users/kyrillguba/Documents/Data Analytics MSc/Thesis/Python/First Try/data/DIV2K/DIV2K_valid_HR/0882.png,div2k/0882.png/sigma_0.050,div2k,0882.png,20081,aac379d4eb1f7ffb4575e0fcca3a6836e85643267b9f537632bdfd3422ae2a6d,150dcca981b1c1e3158f4d57fa0cfc7d25c1e39ecdd9e084f83d47d137d9624c,0.05000000074505806,0.0024375757202506065,26.13041877746582,0.8196840286254883,0.0007821327308192849,31.067197799682617,0.958958625793457,1.2113093137741089,1.854414701461792,0.00015434848319273442,8.320335388183594,0.0028859125450253487,0.43437883257865906,8.143357276916504,0.1835479736328125,0.006103515625
U-Tikhonov T4/CG64,82,82,0,/Users/kyrillguba/Documents/Data Analytics MSc/Thesis/Python/First Try/data/DIV2K/DIV2K_valid_HR/0883.png,div2k/0883.png/sigma_0.050,div2k,0883.png,20082,dc84aa16cb279e020e6bb4a512b74aeb161e2c3b612b40cfe834b4ea44c4dbd4,8be593f4169e0006fed354c03aa94d24561d05cf205aa1ab1135d7f0ccfb3662,0.05000000074505806,0.002462737960740924,26.085817337036133,0.8668558597564697,0.0012748826993629336,28.945297241210938,0.9448543787002563,1.4073286056518555,2.437246561050415,0.000459980801679194,8.320335388183594,0.009497673250734806,0.33872759342193604,8.320169448852539,0.1585540771484375,0.0535736083984375
U-Tikhonov T4/CG64,83,83,0,/Users/kyrillguba/Documents/Data Analytics MSc/Thesis/Python/First Try/data/DIV2K/DIV2K_valid_HR/0884.png,div2k/0884.png/sigma_0.050,div2k,0884.png,20083,c3e792b1483d91371c9eeedd1d20a4f45de1d748d7f261794ce740fbc3ea3016,644712dffe27a59f790cd1353bc32632a684ecb9a493f14d431d028de199b4ab,0.05000000074505806,0.002447187900543213,26.113327026367188,0.892356276512146,0.0012844501761719584,28.91282844543457,0.9396839737892151,0.6818556785583496,1.1936068534851074,0.00047382715274579823,8.320332527160645,0.007512683980166912,0.2855987548828125,7.108166217803955,0.187652587890625,0.001983642578125
U-Tikhonov T4/CG64,84,84,0,/Users/kyrillguba/Documents/Data Analytics MSc/Thesis/Python/First Try/data/DIV2K/DIV2K_valid_HR/0885.png,div2k/0885.png/sigma_0.050,div2k,0885.png,20084,d1b12f5bdff73a004166bc26bfd68ed924612ba4dfeb5ee46ef886fec9606402,54e95c1f904f700786fe9b0020834c1adb1474c7f7d7015fed754fcbbac1cb68,0.05000000074505806,0.002510383725166321,26.00259780883789,0.8224970102310181,0.0012206449173390865,29.134105682373047,0.8976496458053589,1.2039138078689575,1.9231150150299072,0.0002480620169080794,8.320335388183594,0.008047917857766151,0.4261671304702759,8.289345741271973,0.144012451171875,0.0141754150390625
U-Tikhonov T4/CG64,85,85,0,/Users/kyrillguba/Documents/Data Analytics MSc/Thesis/Python/First Try/data/DIV2K/DIV2K_valid_HR/0886.png,div2k/0886.png/sigma_0.050,div2k,0886.png,20085,8269830c494c50f2ca58c9fe1491092884eabccc73e5d87438dd2282f32843ab,644f721c45f511f04e3e4dfe1984679ca45a76abef26cb112dfa7c13004f0451,0.05000000074505806,0.002460349118337035,26.09003257751465,0.6926786303520203,0.0004889341071248055,33.10749816894531,0.9542144536972046,2.210287094116211,2.096672534942627,0.00020958766981493682,8.320335388183594,0.01676587387919426,1.5711650848388672,8.16290283203125,0.0586090087890625,0.0067901611328125
U-Tikhonov T4/CG64,86,86,0,/Users/kyrillguba/Documents/Data Analytics MSc/Thesis/Python/First Try/data/DIV2K/DIV2K_valid_HR/0887.png,div2k/0887.png/sigma_0.050,div2k,0887.png,20086,9674e5076ec8c005bce7e3450e6bf09deb82df9952eaff58c7717b3a16e90f3e,2099d8648cfc0604200e781860cc79588ad1d7d189a7db04e8d8409a476fba77,0.05000000074505806,0.002473687520250678,26.066551208496094,0.7209355235099792,0.0009596218587830663,30.179000854492188,0.9288525581359863,2.688385486602783,3.2347447872161865,0.00039318762719631195,8.320335388183594,0.009728910401463509,0.7283567190170288,8.32020092010498,0.113433837890625,0.111572265625
U-Tikhonov T4/CG64,87,87,0,/Users/kyrillguba/Documents/Data Analytics MSc/Thesis/Python/First Try/data/DIV2K/DIV2K_valid_HR/0888.png,div2k/0888.png/sigma_0.050,div2k,0888.png,20087,0b12dfb6e7a24bf393f0f61b8c12a04a0e14c82f6eb77cce3a6d2ed989cadb40,6107146e9b7375749f1106b6bae5ce13f26b5e35a344ca566beaecbb6d21d742,0.05000000074505806,0.0024025437887758017,26.193286895751953,0.8998664021492004,0.001203380525112152,29.195972442626953,0.9545875787734985,0.7685394287109375,1.4569072723388672,0.00017803010996431112,8.320335388183594,0.005071884486824274,0.23716163635253906,7.940343379974365,0.246246337890625,0.0047454833984375
U-Tikhonov T4/CG64,88,88,0,/Users/kyrillguba/Documents/Data Analytics MSc/Thesis/Python/First Try/data/DIV2K/DIV2K_valid_HR/0889.png,div2k/0889.png/sigma_0.050,div2k,0889.png,20088,65b588cd7d91eb7ab3ad2ee297b48e2bcd71468e6f3fd4cedd22296161fcf0b3,82afed0bd0dc99b05f58a686bfb502c07791b318fc31c5955e5141844cdde637,0.05000000074505806,0.0024099466390907764,26.1799259185791,0.9300921559333801,0.0015744384145364165,28.028743743896484,0.9527513980865479,0.4988177418708801,1.1380079984664917,0.00013593662879429758,8.320335388183594,0.004365783184766769,0.14436548948287964,7.349334239959717,0.3388671875,0.00421142578125
U-Tikhonov T4/CG64,89,89,0,/Users/kyrillguba/Documents/Data Analytics MSc/Thesis/Python/First Try/data/DIV2K/DIV2K_valid_HR/0890.png,div2k/0890.png/sigma_0.050,div2k,0890.png,20089,641726511e5ab55ecb5dccce15a53a64473d43e0a2be22d51e522b22644d2891,d34d9e3cd9ebcd2cf3d6c1b9f064df56bda984f844f8bcf06e3af73c3e659c5c,0.05000000074505806,0.0025088931433856487,26.00518035888672,0.638018012046814,0.0006375429220497608,31.95490837097168,0.9439934492111206,3.8090999126434326,3.621380090713501,0.0015262487577274442,8.320335388183594,0.025987474247813225,1.6571331024169922,8.32031536102295,0.0521697998046875,0.23065185546875
U-Tikhonov T4/CG64,90,90,0,/Users/kyrillguba/Documents/Data Analytics MSc/Thesis/Python/First Try/data/DIV2K/DIV2K_valid_HR/0891.png,div2k/0891.png/sigma_0.050,div2k,0891.png,20090,df25cc2cba32c4a350c4749f690c8d6acb73d96d359ca40b6fee4071dbf564d0,421e905729a92cab4f659e1ddb1bf1d771c753c1d167652bf852b8a13e934671,0.05000000074505806,0.002452274551615119,26.10430908203125,0.9113262891769409,0.0013574666809290648,28.672710418701172,0.9524319767951965,0.807931661605835,1.530609130859375,0.000383472943212837,8.320335388183594,0.008147764950990677,0.25149810314178467,8.227439880371094,0.212677001953125,0.009613037109375
U-Tikhonov T4/CG64,91,91,0,/Users/kyrillguba/Documents/Data Analytics MSc/Thesis/Python/First Try/data/DIV2K/DIV2K_valid_HR/0892.png,div2k/0892.png/sigma_0.050,div2k,0892.png,20091,cf51693d41de71e034484154f59145fbffeb5a48fb250085472f21ef15bc44ee,3cafed2fde4b57bf1807633e19dc80bea402b14e9c3980876c0f7c9215b861dc,0.05000000074505806,0.002447811421006918,26.112220764160156,0.9193196296691895,0.0014587938785552979,28.360061645507812,0.9513877630233765,0.6358779668807983,1.4353885650634766,0.00016911193961277604,8.320335388183594,0.0025621624663472176,0.12490160763263702,8.067265510559082,0.39874267578125,0.00689697265625
U-Tikhonov T4/CG64,92,92,0,/Users/kyrillguba/Documents/Data Analytics MSc/Thesis/Python/First Try/data/DIV2K/DIV2K_valid_HR/0893.png,div2k/0893.png/sigma_0.050,div2k,0893.png,20092,e38a2d9fc2bb1bfe2d7f4ac7ac04be6e3b640472049753a9ec509cb5b184dfae,a878a4f9219f30bc2ec3940c274d4b9a2a25ebe0a3266e469e0181b37c892a73,0.05000000074505806,0.0025149087887257338,25.99477767944336,0.7572695016860962,0.00071426120121032,31.461429595947266,0.939393162727356,1.8077865839004517,2.2322139739990234,0.0005608016508631408,8.320335388183594,0.006670711562037468,0.8334454298019409,8.272448539733887,0.150848388671875,0.0132904052734375
U-Tikhonov T4/CG64,93,93,0,/Users/kyrillguba/Documents/Data Analytics MSc/Thesis/Python/First Try/data/DIV2K/DIV2K_valid_HR/0894.png,div2k/0894.png/sigma_0.050,div2k,0894.png,20093,f7c053db8ff81bb3c056ed342eb0bfb9ba890e8adb30617f79d560f11e941c73,3d463b3e7a884a106cc74b530c35a6335045088c1b51b2e80c59951856a4b3e1,0.05000000074505806,0.0024041011929512024,26.190471649169922,0.702221155166626,0.0007986674318090081,30.976341247558594,0.8874969482421875,3.310225486755371,3.024570941925049,0.00012969681120011955,8.320335388183594,0.015194077976047993,2.126132011413574,8.320184707641602,0.059356689453125,0.0884552001953125
U-Tikhonov T4/CG64,94,94,0,/Users/kyrillguba/Documents/Data Analytics MSc/Thesis/Python/First Try/data/DIV2K/DIV2K_valid_HR/0895.png,div2k/0895.png/sigma_0.050,div2k,0895.png,20094,abdbc9e5dd323d44902bb35948460b514a4fe27d53aa9bc4f2072e0a425a5902,5d40f5addb18cb3d1e51dee5d67c4528bf69f82e268864b4ac85abbc858bcee8,0.05000000074505806,0.0024713503662496805,26.070659637451172,0.8485620021820068,0.001727686496451497,27.625350952148438,0.8902367353439331,1.2471790313720703,1.824649453163147,0.00023847559350542724,8.320335388183594,0.014182323589920998,0.45813655853271484,8.237584114074707,0.0944976806640625,0.0100250244140625
U-Tikhonov T4/CG64,95,95,0,/Users/kyrillguba/Documents/Data Analytics MSc/Thesis/Python/First Try/data/DIV2K/DIV2K_valid_HR/0896.png,div2k/0896.png/sigma_0.050,div2k,0896.png,20095,857388cd8fc429b194bc7374762cee70b099ddf090a6495b03d92edc4c8c7b8d,27af2283b2ab076eaa81356ab561d313279ce0d569c2e4877fdddf0ef320a479,0.05000000074505806,0.0022726221941411495,26.434728622436523,0.5752899050712585,0.0004768655344378203,33.216041564941406,0.9724992513656616,5.5535993576049805,3.2767856121063232,0.00012014446838293225,8.320335388183594,0.009806215763092041,7.678713798522949,8.320335388183594,0.062103271484375,0.3430328369140625
U-Tikhonov T4/CG64,96,96,0,/Users/kyrillguba/Documents/Data Analytics MSc/Thesis/Python/First Try/data/DIV2K/DIV2K_valid_HR/0897.png,div2k/0897.png/sigma_0.050,div2k,0897.png,20096,a75baf8d323b01687486bd536ce524304bab0a20ffcaf0d6d19c9abe9c8bef57,da79c380ada110768713c99a2ad422a7857a64ecbf57984e4d67ce6e8c4d3c70,0.05000000074505806,0.002324646105989814,26.3364315032959,0.9741009473800659,0.0022122615482658148,26.5516357421875,0.9743335247039795,0.3029025197029114,1.0312138795852661,0.00010288709017913789,8.320261001586914,0.00020262085308786482,0.026415210217237473,6.812872409820557,0.698822021484375,0.0017242431640625
U-Tikhonov T4/CG64,97,97,0,/Users/kyrillguba/Documents/Data Analytics MSc/Thesis/Python/First Try/data/DIV2K/DIV2K_valid_HR/0898.png,div2k/0898.png/sigma_0.050,div2k,0898.png,20097,0f9b0c2f1793b1dd0ac81be97181b9e904a39fcf108cd39194842f26678085f7,22948b1ef3fcd8302fe9b4dd4d4aac4714e185a35570b7da3b68fe57b56fdad1,0.05000000074505806,0.002482225652784109,26.05158805847168,0.5179792046546936,0.00044786272337660193,33.48855209350586,0.9687275290489197,5.718630790710449,3.414217233657837,0.000785576761700213,8.320335388183594,0.020816519856452942,8.036272048950195,8.320328712463379,0.052886962890625,0.3961029052734375
U-Tikhonov T4/CG64,98,98,0,/Users/kyrillguba/Documents/Data Analytics MSc/Thesis/Python/First Try/data/DIV2K/DIV2K_valid_HR/0899.png,div2k/0899.png/sigma_0.050,div2k,0899.png,20098,bea5ead4e165747f9c0e6d434cc536abdd4760b1a8da09c78f705024684bff65,f4921620b91b54ab8ae8f39e871106445b45f261f242a9fbf6d33d5e9cc3e9fe,0.05000000074505806,0.002485462464392185,26.045928955078125,0.8564862012863159,0.0010394889395684004,29.831802368164062,0.9426859617233276,1.0707447528839111,1.8516299724578857,0.00011078469105996192,8.320335388183594,0.0019591799937188625,0.30311235785484314,8.291993141174316,0.2725372314453125,0.01470947265625
U-Tikhonov T4/CG64,99,99,0,/Users/kyrillguba/Documents/Data Analytics MSc/Thesis/Python/First Try/data/DIV2K/DIV2K_valid_HR/0900.png,div2k/0900.png/sigma_0.050,div2k,0900.png,20099,72e06d86758e25d0f39e87b43b4ed00325b96cc08c65fc1809df35beee23e59c,05f111db00088713f2eb648ca109d3ed2f2cd730a89df2e3e70279429de302e6,0.05000000074505806,0.0021633352153003216,26.648761749267578,0.852595329284668,0.0011418226640671492,29.424015045166016,0.9243075847625732,1.5933501720428467,2.3076889514923096,0.00023179262643679976,8.320335388183594,0.005698383320122957,0.4687538146972656,8.307036399841309,0.180511474609375,0.02105712890625
U-Tikhonov T4/CG64,100,0,0,/Users/kyrillguba/Documents/Data Analytics MSc/Thesis/Python/First Try/data/DIV2K/DIV2K_valid_HR/0801.png,div2k/0801.png/sigma_0.100,div2k,0801.png,20000,9ca598cce3296c3968a2f8f7685477f637dbdbbb9d4efb1cd418ca185bd31eef,5bc70c556c439e3ad16a0612b017823488632d8ab9075eafd042b541e95a3d8e,0.10000000149011612,0.0096769779920578,20.142602920532227,0.69742351770401,0.00301995943300426,25.199987411499023,0.8473597764968872,1.611702799797058,1.8823298215866089,0.00024755625054240227,8.320331573486328,0.021170029416680336,0.9240145087242126,8.228243827819824,0.047576904296875,0.009490966796875
U-Tikhonov T4/CG64,101,1,0,/Users/kyrillguba/Documents/Data Analytics MSc/Thesis/Python/First Try/data/DIV2K/DIV2K_valid_HR/0802.png,div2k/0802.png/sigma_0.100,div2k,0802.png,20001,3177c80331fb32ceee70ac3ef64d2e56a1bce05ea8a9c0b664e2592552554742,56b8614a91a95a3f5c5153bfe0e4e4bb5c87995c268e14381c075da55031ed9b,0.10000000149011612,0.009191468358039856,20.366153717041016,0.799968957901001,0.0022634929046034813,26.45220947265625,0.9378100633621216,1.2880698442459106,1.846550464630127,0.00038911669980734587,8.320335388183594,0.01597188226878643,0.6051990985870361,8.29597282409668,0.0725860595703125,0.0156097412109375
U-Tikhonov T4/CG64,102,2,0,/Users/kyrillguba/Documents/Data Analytics MSc/Thesis/Python/First Try/data/DIV2K/DIV2K_valid_HR/0803.png,div2k/0803.png/sigma_0.100,div2k,0803.png,20002,671a4205d217354c075117f716a83d9a5ef2b4c921475de333f15ac8882c9356,3897d20fbdaef314d3797b206677a444b48f34a7def0e96c690f0eb0f03b6f64,0.10000000149011612,0.010020711459219456,19.99101448059082,0.5532242655754089,0.0013055171584710479,28.842174530029297,0.9076814651489258,2.92531156539917,2.589331865310669,0.00033490071655251086,8.320335388183594,0.023234469816088676,2.034912109375,8.319049835205078,0.0330963134765625,0.0479736328125
U-Tikhonov T4/CG64,103,3,0,/Users/kyrillguba/Documents/Data Analytics MSc/Thesis/Python/First Try/data/DIV2K/DIV2K_valid_HR/0804.png,div2k/0804.png/sigma_0.100,div2k,0804.png,20003,f95563d4b6e58b102c165eeec7f7e1ba2608e12c3a331510949f0cce842149ea,8ec4d7a591e0cdca2c9f0cc073f4a813bcd8abdcbf7339dae68d831f04184902,0.10000000149011612,0.009451879188418388,20.24481773376465,0.742481529712677,0.002693846356123686,25.696273803710938,0.8907716274261475,2.0929975509643555,2.601304054260254,0.00018902505689766258,8.320335388183594,0.010537972673773766,0.9055271744728088,8.320335388183594,0.079620361328125,0.0709228515625
U-Tikhonov T4/CG64,104,4,0,/Users/kyrillguba/Documents/Data Analytics MSc/Thesis/Python/First Try/data/DIV2K/DIV2K_valid_HR/0805.png,div2k/0805.png/sigma_0.100,div2k,0805.png,20004,bac34b49da4033070da28c152ece5c527c7274eafed4e320f3e7258274a93177,13e3f2a30b326ea1e6c557f2be7e313b9b3c4b3b25ea07381fb0d37e68a78c08,0.10000000149011612,0.009218410588800907,20.353439331054688,0.6337673664093018,0.0023218016140162945,26.341751098632812,0.8374419212341309,2.270707607269287,2.261608362197876,0.00045235719881020486,8.320335388183594,0.03334682434797287,1.424668788909912,8.30040454864502,0.0301971435546875,0.0193939208984375
U-Tikhonov T4/CG64,105,5,0,/Users/kyrillguba/Documents/Data Analytics MSc/Thesis/Python/First Try/data/DIV2K/DIV2K_valid_HR/0806.png,div2k/0806.png/sigma_0.100,div2k,0806.png,20005,befc31ea0c7663db0351a7238adfea3153639f5dfa13cb7cacfd757a46539d49,70e25b70b1321615425e839c3e1d5b1d601eeb586b1c727a49b68e8ee2d34f55,0.10000000149011612,0.00968242809176445,20.140155792236328,0.5367704629898071,0.001497761462815106,28.245574951171875,0.8897056579589844,3.6440834999084473,2.981487512588501,0.00027025153394788504,8.320335388183594,0.03463546931743622,2.6610827445983887,8.320317268371582,0.0252685546875,0.12347412109375
U-Tikhonov T4/CG64,106,6,0,/Users/kyrillguba/Documents/Data Analytics MSc/Thesis/Python/First Try/data/DIV2K/DIV2K_valid_HR/0807.png,div2k/0807.png/sigma_0.100,div2k,0807.png,20006,1e941eaeed69e78250491fe2c5b2f458f2f36301b8aa701227bd408f852fa572,ccec587e120d7723c88396ce26dcde7cf593f2f4f919248e97955334cd4fcbce,0.10000000149011612,0.009644688107073307,20.15711784362793,0.6150097846984863,0.002831574995070696,25.479719161987305,0.8228957653045654,2.730698823928833,2.773108720779419,0.000522900780197233,8.320335388183594,0.029313422739505768,1.4631080627441406,8.320222854614258,0.035919189453125,0.0683746337890625
U-Tikhonov T4/CG64,107,7,0,/Users/kyrillguba/Documents/Data Analytics MSc/Thesis/Python/First Try/data/DIV2K/DIV2K_valid_HR/0808.png,div2k/0808.png/sigma_0.100,div2k,0808.png,20007,9666b1dba93f470d95570471f38f195acafae585deefb8498b5ebb625df94e78,520a6fe374d3ebb9df485fa61fbd573478f2ac6c5ce693201f28b97916c70c3f,0.10000000149011612,0.009302692487835884,20.313913345336914,0.41364091634750366,0.0015125020872801542,28.203041076660156,0.8914514780044556,5.351390838623047,3.3092575073242188,0.00017259392188861966,8.320335388183594,0.031857747584581375,7.503725528717041,8.320335388183594,0.024505615234375,0.369171142578125
U-Tikhonov T4/CG64,108,8,0,/Users/kyrillguba/Documents/Data Analytics MSc/Thesis/Python/First Try/data/DIV2K/DIV2K_valid_HR/0809.png,div2k/0809.png/sigma_0.100,div2k,0809.png,20008,f57d7f591d2770efb0162e925acaaef8e4ce467e58b7a54d53de058959be9978,02cc395d33e53480f9673f1a6497892c249607082301fedb6df6e6e3fc146458,0.10000000149011612,0.009794967249035835,20.089969635009766,0.5681920051574707,0.0019803792238235474,27.032516479492188,0.7994449734687805,2.438014268875122,2.3329532146453857,0.0005038167582824826,8.320335388183594,0.0583578497171402,1.5416678190231323,8.317387580871582,0.0160064697265625,0.0337371826171875
U-Tikhonov T4/CG64,109,9,0,/Users/kyrillguba/Documents/Data Analytics MSc/Thesis/Python/First Try/data/DIV2K/DIV2K_valid_HR/0810.png,div2k/0810.png/sigma_0.100,div2k,0810.png,20009,50cf8d799292c4a6f6c23b4a8f1d0c08015da9c6e74d9109a31efdb1eb5d9df3,2b57d2dfcd12991aeb7ab9faf01a2d8f8bd96314f078c0bf5e52692b94518773,0.10000000149011612,0.009871197864413261,20.056303024291992,0.5139862298965454,0.001730381976813078,27.618579864501953,0.8398609161376953,3.320573329925537,2.686002016067505,0.0009704279364086688,8.320335388183594,0.062054164707660675,2.3828117847442627,8.319620132446289,0.01434326171875,0.0623016357421875
U-Tikhonov T4/CG64,110,10,0,/Users/kyrillguba/Documents/Data Analytics MSc/Thesis/Python/First Try/data/DIV2K/DIV2K_valid_HR/0811.png,div2k/0811.png/sigma_0.100,div2k,0811.png,20010,ceab700e5944238d72f4ec94852a5ee6b9c353c54281c96ee7c6e9b9f2a16308,2a5be0e4fb830aa880a3ae425de9935ae5a11f956c4be2e5ce3f17fc8933ec02,0.10000000149011612,0.008832404389977455,20.53921127319336,0.5509722828865051,0.002219585934653878,26.537281036376953,0.7783419489860535,3.121128559112549,2.8559632301330566,0.0011979270493611693,8.320335388183594,0.0547134205698967,1.878756046295166,8.320314407348633,0.0182342529296875,0.095062255859375
U-Tikhonov T4/CG64,111,11,0,/Users/kyrillguba/Documents/Data Analytics MSc/Thesis/Python/First Try/data/DIV2K/DIV2K_valid_HR/0812.png,div2k/0812.png/sigma_0.100,div2k,0812.png,20011,5f26939fc07611061a96f2a386a77ffd9251b83abf26ac7ecb5a44dcae97187b,f40eed7a4b5ba87ef7b157195200148072925c57c9d9370720b2d06685869aca,0.10000000149011612,0.009534102864563465,20.207202911376953,0.6157577633857727,0.002268488984555006,26.4426326751709,0.8808156251907349,3.3749988079071045,3.229748487472534,0.00024881341960281134,8.320335388183594,0.013301294296979904,1.8388278484344482,8.320333480834961,0.0585174560546875,0.160064697265625
U-Tikhonov T4/CG64,112,12,0,/Users/kyrillguba/Documents/Data Analytics MSc/Thesis/Python/First Try/data/DIV2K/DIV2K_valid_HR/0813.png,div2k/0813.png/sigma_0.100,div2k,0813.png,20012,c34023db0a8b05fd8269a4d5afeb83670d5b08e7bce8d6c8cfe221a95b0e0b2f,5610545bcb496fb9dd55249cdcd93bb7631b13659b4b32682e9ab285276783f6,0.10000000149011612,0.008836835622787476,20.537033081054688,0.6159494519233704,0.002111253794282675,26.754596710205078,0.8846523761749268,3.4150896072387695,3.174619674682617,0.00024122395552694798,8.320335388183594,0.016971373930573463,2.039370059967041,8.320335388183594,0.0510406494140625,0.1483001708984375
U-Tikhonov T4/CG64,113,13,0,/Users/kyrillguba/Documents/Data Analytics MSc/Thesis/Python/First Try/data/DIV2K/DIV2K_valid_HR/0814.png,div2k/0814.png/sigma_0.100,div2k,0814.png,20013,9f544177fb7f24fc86ba1b0d9b9d0e664f093ce144600099ca215fbf1a3e3c25,1450de033911c1593b75144c18a82d91fc6a9e50ee5ff3ad69e7420652936412,0.10000000149011612,0.009942586533725262,20.025007247924805,0.3495311141014099,0.001293893437832594,28.88101577758789,0.893465518951416,5.6744184494018555,3.276581287384033,0.0005745395319536328,8.320335388183594,0.029631510376930237,7.9807891845703125,8.320335388183594,0.025299072265625,0.416900634765625
U-Tikhonov T4/CG64,114,14,0,/Users/kyrillguba/Documents/Data Analytics MSc/Thesis/Python/First Try/data/DIV2K/DIV2K_valid_HR/0815.png,div2k/0815.png/sigma_0.100,div2k,0815.png,20014,d8f2b2b3496e52c1ec43e3c5e28732516b24990b8a2361d1876240ad562db395,3600382f647ec23f968eaeb10ed0adc9dd235d82ae9cbc330c368d9cdb511f0b,0.10000000149011612,0.00968572311103344,20.13867950439453,0.6248074769973755,0.002028394490480423,26.92847442626953,0.8721576929092407,2.0604915618896484,2.244182825088501,0.000279214174952358,8.320335388183594,0.023478683084249496,1.1890811920166016,8.31633472442627,0.0407867431640625,0.0265655517578125
U-Tikhonov T4/CG64,115,15,0,/Users/kyrillguba/Documents/Data Analytics MSc/Thesis/Python/First Try/data/DIV2K/DIV2K_valid_HR/0816.png,div2k/0816.png/sigma_0.100,div2k,0816.png,20015,f457e7c932a8730df29263aaf8e3c3a2e54e7e68e543a34cdbc085f7c21edf50,e5764cbdd758b4b453d67d749eba293ac7ecf98e8ab17c442aced76fa7664a18,0.10000000149011612,0.009482970461249352,20.23055648803711,0.544446587562561,0.0015918465796858072,27.980987548828125,0.8664151430130005,3.617133140563965,3.1291098594665527,0.0002711935667321086,8.320335388183594,0.03397586569190025,2.331730365753174,8.320335388183594,0.026275634765625,0.17156982421875
U-Tikhonov T4/CG64,116,16,0,/Users/kyrillguba/Documents/Data Analytics MSc/Thesis/Python/First Try/data/DIV2K/DIV2K_valid_HR/0817.png,div2k/0817.png/sigma_0.100,div2k,0817.png,20016,b14c93dc0fd3fb833a2c04431c6af818313c8c6f744eb433dd1817a932b015cf,f779324f1135afcd06dffb24c876a93bd37dc07be9eb49a5c4e69a16ccda998e,0.10000000149011612,0.009596263989806175,20.178977966308594,0.5705644488334656,0.002073179464787245,26.83363151550293,0.8481212854385376,3.292847156524658,3.1468493938446045,0.00021539135195780545,8.320335388183594,0.026597272604703903,1.7920045852661133,8.320334434509277,0.034149169921875,0.1643218994140625
U-Tikhonov T4/CG64,117,17,0,/Users/kyrillguba/Documents/Data Analytics MSc/Thesis/Python/First Try/data/DIV2K/DIV2K_valid_HR/0818.png,div2k/0818.png/sigma_0.100,div2k,0818.png,20017,00f18d236ddc7fe3a937cdcb41ce31082a90c94b9370fc202c7dce18dd80ab2a,ac917a4137abdf4235fde443eee93d4182e6c45809001bd79d91d2a6e4d80b8e,0.10000000149011612,0.00906631350517273,20.425691604614258,0.6061022877693176,0.002547863405197859,25.93824005126953,0.8930433988571167,3.643021821975708,3.409811496734619,0.00034370963112451136,8.320335388183594,0.012617330998182297,2.0753097534179688,8.320335388183594,0.0652923583984375,0.202392578125
U-Tikhonov T4/CG64,118,18,0,/Users/kyrillguba/Documents/Data Analytics MSc/Thesis/Python/First Try/data/DIV2K/DIV2K_valid_HR/0819.png,div2k/0819.png/sigma_0.100,div2k,0819.png,20018,f7450c40d5c0aabdc2bd2a562302ca3993841849efca05e281ec4059186e528c,3f047b3b735aab1a28db9024b683c3bfd7ada2476ebfcd8a8700e3d65b8c98aa,0.10000000149011612,0.009486023336648941,20.229158401489258,0.6530311107635498,0.0025975448079407215,25.8543701171875,0.8259345293045044,2.4512038230895996,2.550886869430542,0.0003295881033409387,8.320335388183594,0.02696555107831955,1.3817991018295288,8.32027530670166,0.036041259765625,0.0529937744140625
U-Tikhonov T4/CG64,119,19,0,/Users/kyrillguba/Documents/Data Analytics MSc/Thesis/Python/First Try/data/DIV2K/DIV2K_valid_HR/0820.png,div2k/0820.png/sigma_0.100,div2k,0820.png,20019,ab2cf6ba20cc18bafee4976e8be3cbf4a6db4afea570ef888fdebb8c8e0616f2,d521d8856defce4134d85fa271f2c5bb89b3390471c4c04cb629a9062250d448,0.10000000149011612,0.008936306461691856,20.488418579101562,0.7622074484825134,0.004533842206001282,23.435335159301758,0.8448660373687744,2.509486198425293,2.9561867713928223,0.00013427782687358558,8.320335388183594,0.0063486467115581036,0.962964653968811,8.320335388183594,0.1039886474609375,0.0962677001953125
U-Tikhonov T4/CG64,120,20,0,/Users/kyrillguba/Documents/Data Analytics MSc/Thesis/Python/First Try/data/DIV2K/DIV2K_valid_HR/0821.png,div2k/0821.png/sigma_0.100,div2k,0821.png,20020,ebd02fa51f1a3ee91b6ca90bb58a444e53385dd1193938609708b71bca4504a0,e0988bb88b8bc2155de87d46209371667886a4284b490d1bdfb61ea477cac4d9,0.10000000149011612,0.008856703527271748,20.527278900146484,0.8821395039558411,0.00576368672773242,22.39299774169922,0.9106327891349792,1.4949488639831543,2.435110092163086,0.00016411946853622794,8.320335388183594,0.003489868249744177,0.3454846143722534,8.320280075073242,0.19482421875,0.044769287109375
U-Tikhonov T4/CG64,121,21,0,/Users/kyrillguba/Documents/Data Analytics MSc/Thesis/Python/First Try/data/DIV2K/DIV2K_valid_HR/0822.png,div2k/0822.png/sigma_0.100,div2k,0822.png,20021,86c801c8390b132b94a9efaeb7a9bad9acdd1212e41d91d44b44811708142963,975ab59b0504a5784d99c6e6515c4acf76a3deafabe0121f6e53f9a556b98532,0.10000000149011612,0.009146437048912048,20.387479782104492,0.7088755965232849,0.0032830308191478252,24.837249755859375,0.8297589421272278,1.554797649383545,2.0406508445739746,0.00023611466167494655,8.320335388183594,0.019168557599186897,0.7569114565849304,8.310857772827148,0.061920166015625,0.020843505859375
U-Tikhonov T4/CG64,122,22,0,/Users/kyrillguba/Documents/Data Analytics MSc/Thesis/Python/First Try/data/DIV2K/DIV2K_valid_HR/0823.png,div2k/0823.png/sigma_0.100,div2k,0823.png,20022,ec11d2cf0a95684902842094c84e0956a3cd35920ef85f25ba677348927a365c,4503f7bbd1222d220571fc5c93203bfa86d087def3acc2d7bb67ae703823efa6,0.10000000149011612,0.009676441550254822,20.14284324645996,0.5243744850158691,0.002266230992972851,26.44696044921875,0.89570152759552,4.00800895690918,3.5781540870666504,0.0005524845328181982,8.320335388183594,0.020113198086619377,2.415884256362915,8.320335388183594,0.0488739013671875,0.2843475341796875
U-Tikhonov T4/CG64,123,23,0,/Users/kyrillguba/Documents/Data Analytics MSc/Thesis/Python/First Try/data/DIV2K/DIV2K_valid_HR/0824.png,div2k/0824.png/sigma_0.100,div2k,0824.png,20023,5ce7bdee523a1299c6a42c3adbb96d0e62c2f40266823753b8c042edb8b10495,acafba4d8d7abdf9c503d2411b57067900f637d58d43430028f67091dda5217d,0.10000000149011612,0.009483656845986843,20.230243682861328,0.5942830443382263,0.0021731352899223566,26.629133224487305,0.8794618844985962,3.787191390991211,3.331526279449463,0.00011625864135567099,8.320335388183594,0.0073639824986457825,2.740548610687256,8.320335388183594,0.080841064453125,0.1754150390625
U-Tikhonov T4/CG64,124,24,0,/Users/kyrillguba/Documents/Data Analytics MSc/Thesis/Python/First Try/data/DIV2K/DIV2K_valid_HR/0825.png,div2k/0825.png/sigma_0.100,div2k,0825.png,20024,0403db62808d832f7764170e8df2b8c78ad826e2a93d809f8cf6d018258b011a,7f05494aeb0b319f0df043dbf58299edb7909cbe999f75f65fe7cf7048083af8,0.10000000149011612,0.009548486210405827,20.200654983520508,0.7481750249862671,0.0031670606695115566,24.993436813354492,0.8801383972167969,1.9827790260314941,2.567845582962036,0.0001871323329396546,8.320335388183594,0.008161588571965694,0.7840930223464966,8.320333480834961,0.1104888916015625,0.0587615966796875
U-Tikhonov T4/CG64,125,25,0,/Users/kyrillguba/Documents/Data Analytics MSc/Thesis/Python/First Try/data/DIV2K/DIV2K_valid_HR/0826.png,div2k/0826.png/sigma_0.100,div2k,0826.png,20025,b7fba61bcca359e5581b44283bbc34696cae71321e031969411ada23b17e2199,d523abbc1a0f6f18846ff748511683e4a250528af1dacd10bdd6ad2f705652bf,0.10000000149011612,0.009350886568427086,20.291471481323242,0.582999587059021,0.0021003750152885914,26.77703094482422,0.8724290132522583,4.129817962646484,3.401463031768799,0.00014184036990627646,8.320335388183594,0.0213458389043808,3.023648500442505,8.320335388183594,0.0388641357421875,0.250579833984375
U-Tikhonov T4/CG64,126,26,0,/Users/kyrillguba/Documents/Data Analytics MSc/Thesis/Python/First Try/data/DIV2K/DIV2K_valid_HR/0827.png,div2k/0827.png/sigma_0.100,div2k,0827.png,20026,1a1d5ffbd89d79d7803cf86e2d8f6c75cd146872fd61e387fec71a904e384317,6c2a443ebd48754c66912251716b30634e9f21ec2dc9744b3ae16d87ef839488,0.10000000149011612,0.007821217179298401,21.067256927490234,0.3391401767730713,0.0009326896979473531,30.302629470825195,0.8140819072723389,5.056056976318359,2.9954867362976074,0.0020493767224252224,8.320335388183594,0.05655680596828461,5.664148330688477,8.320331573486328,0.0144805908203125,0.2077484130859375
U-Tikhonov T4/CG64,127,27,0,/Users/kyrillguba/Documents/Data Analytics MSc/Thesis/Python/First Try/data/DIV2K/DIV2K_valid_HR/0828.png,div2k/0828.png/sigma_0.100,div2k,0828.png,20027,3b7551ae7f737167932c3230707f7075368102b6732eb16bfe514fd471223ea4,68b5b7984a2989eceb239eea152db17338e26b26dc24cd4f9a47806c4dcfcad2,0.10000000149011612,0.007739588618278503,21.112821578979492,0.6974624395370483,0.004132656380534172,23.83770751953125,0.8063773512840271,3.116878032684326,3.440995216369629,0.00016886390221770853,8.320335388183594,0.005756957922130823,0.9689149856567383,8.320334434509277,0.13568115234375,0.1761627197265625
U-Tikhonov T4/CG64,128,28,0,/Users/kyrillguba/Documents/Data Analytics MSc/Thesis/Python/First Try/data/DIV2K/DIV2K_valid_HR/0829.png,div2k/0829.png/sigma_0.100,div2k,0829.png,20028,7fef744df96a3f5b2077c74a59929852deb533e35d4804c7c745471471543ed7,45d3447b0e35c11922bd6dfc03759afbce56fdfa1ab4374e4025d0a67c08b63b,0.10000000149011612,0.009670507162809372,20.145509719848633,0.5172064304351807,0.0014236716087907553,28.46590232849121,0.869278073310852,3.936741352081299,3.1791632175445557,0.00022437964798882604,8.320335388183594,0.01826767809689045,2.965460777282715,8.320333480834961,0.0390625,0.172882080078125
U-Tikhonov T4/CG64,129,29,0,/Users/kyrillguba/Documents/Data Analytics MSc/Thesis/Python/First Try/data/DIV2K/DIV2K_valid_HR/0830.png,div2k/0830.png/sigma_0.100,div2k,0830.png,20029,33405798eea5a2bbd23d383a107f9127b4f5d220ad2d443bdb05db6049757a90,fa1014a253f03e5c0689587282002a607b21e2fcf591210d45c4b4aec93ac54e,0.10000000149011612,0.009921448305249214,20.03424835205078,0.484535276889801,0.0018820128170773387,27.25377655029297,0.8319469690322876,4.4651689529418945,3.273775339126587,0.0002938599500339478,8.320335388183594,0.02768194116652012,4.038236618041992,8.320335388183594,0.0287322998046875,0.2519378662109375
U-Tikhonov T4/CG64,130,30,0,/Users/kyrillguba/Documents/Data Analytics MSc/Thesis/Python/First Try/data/DIV2K/DIV2K_valid_HR/0831.png,div2k/0831.png/sigma_0.100,div2k,0831.png,20030,37f625cf3b90622b2047f8f9b3e488dcb450cde9c639eb5f94e082ec5148792e,d94e7500ff5e3743622762dfca7994da5fa7af5c20dcfab0e032d469201ae55b,0.10000000149011612,0.009035764262080193,20.440351486206055,0.6673297882080078,0.002770583610981703,25.57428741455078,0.8513476848602295,2.391630172729492,2.647315263748169,0.00019901662017218769,8.320335388183594,0.01175728440284729,1.2063212394714355,8.319693565368652,0.0642547607421875,0.0511474609375
U-Tikhonov T4/CG64,131,31,0,/Users/kyrillguba/Documents/Data Analytics MSc/Thesis/Python/First Try/data/DIV2K/DIV2K_valid_HR/0832.png,div2k/0832.png/sigma_0.100,div2k,0832.png,20031,678db3c6c13225750b6bb2ae62b3e9ffdbdb3491d462fa2451e73fea851ed64c,8cd5b24dfa77b72b1d7c53f473790d526f36b09838e6e9103ef576f83ee81242,0.10000000149011612,0.009017338044941425,20.44921875,0.6776522994041443,0.0026752292178571224,25.72639274597168,0.8759710788726807,2.8011128902435303,3.017875909805298,0.00012259362847544253,8.320335388183594,0.01119402889162302,1.303074836730957,8.320334434509277,0.074554443359375,0.109954833984375
U-Tikhonov T4/CG64,132,32,0,/Users/kyrillguba/Documents/Data Analytics MSc/Thesis/Python/First Try/data/DIV2K/DIV2K_valid_HR/0833.png,div2k/0833.png/sigma_0.100,div2k,0833.png,20032,196e9aedca5a8ddb4904ed57c8a1a32e080164df130d093fbc86da6222f32553,76c3607abc2d73c2bf54a006ea8bbe5b91d123cda9e61617327c7e4f5bcb29de,0.10000000149011612,0.00907338596880436,20.422306060791016,0.5003514289855957,0.001667617354542017,27.779035568237305,0.9085224866867065,4.434023857116699,3.4368319511413574,0.00028628771542571485,8.320335388183594,0.01981085166335106,4.129147529602051,8.320335388183594,0.04132080078125,0.2813262939453125
U-Tikhonov T4/CG64,133,33,0,/Users/kyrillguba/Documents/Data Analytics MSc/Thesis/Python/First Try/data/DIV2K/DIV2K_valid_HR/0834.png,div2k/0834.png/sigma_0.100,div2k,0834.png,20033,43cd5d3407a2ec5d9396c0ba9f3595990830fe17adfb5b3d69777dc489012502,6f85001147428e5fa8b8832a9e83c274ddf4415e8b52081c47e5381113f4aecf,0.10000000149011612,0.008551173843443394,20.67974281311035,0.5625623464584351,0.00199993047863245,26.989852905273438,0.8813479542732239,3.8731017112731934,3.3633975982666016,0.00017044908599928021,8.320335388183594,0.020353758707642555,2.4966111183166504,8.320335388183594,0.04180908203125,0.211639404296875
U-Tikhonov T4/CG64,134,34,0,/Users/kyrillguba/Documents/Data Analytics MSc/Thesis/Python/First Try/data/DIV2K/DIV2K_valid_HR/0835.png,div2k/0835.png/sigma_0.100,div2k,0835.png,20034,80084574e021b9b385517a807fa4f62735358952d97592c2b192db98626e086c,66799b661073557f2d3380525a876b741faef7fa369c895525cf350830f20820,0.10000000149011612,0.009692177176475525,20.135787963867188,0.6203199625015259,0.002655643504112959,25.758304595947266,0.8122953176498413,2.540104389190674,2.542250871658325,0.0003967204538639635,8.320335388183594,0.03040662594139576,1.5040676593780518,8.319900512695312,0.03125,0.0483551025390625
U-Tikhonov T4/CG64,135,35,0,/Users/kyrillguba/Documents/Data Analytics MSc/Thesis/Python/First Try/data/DIV2K/DIV2K_valid_HR/0836.png,div2k/0836.png/sigma_0.100,div2k,0836.png,20035,d774c40f160da761b384b399f5636cb3cfecf88e2cc5d41c78f575c3bea500af,3d619a1af2b6657712679994d89ef15d0975d3c7c5b026fa848857951fff72f5,0.10000000149011612,0.008989027701318264,20.462873458862305,0.6440120935440063,0.0026516164653003216,25.764892578125,0.8877638578414917,2.9156527519226074,3.130904197692871,0.0005299971089698374,8.320335388183594,0.01567208021879196,1.30632483959198,8.320335388183594,0.0543975830078125,0.1540374755859375
U-Tikhonov T4/CG64,136,36,0,/Users/kyrillguba/Documents/Data Analytics MSc/Thesis/Python/First Try/data/DIV2K/DIV2K_valid_HR/0837.png,div2k/0837.png/sigma_0.100,div2k,0837.png,20036,af3a3f14f10fd37d750995ae36a4d7d4e23e7343e1fc6fb8ddf8342f79d68d35,a004e4dcc378ed000b11429c85db08b896894bbcc0e8a8e467cacb0c8face975,0.10000000149011612,0.00916203297674656,20.380081176757812,0.765365481376648,0.0033717574551701546,24.721439361572266,0.8817558884620667,1.5147217512130737,2.123183250427246,0.00038388738175854087,8.320335388183594,0.009874117560684681,0.6397210955619812,8.31484317779541,0.095123291015625,0.024627685546875
U-Tikhonov T4/CG64,137,37,0,/Users/kyrillguba/Documents/Data Analytics MSc/Thesis/Python/First Try/data/DIV2K/DIV2K_valid_HR/0838.png,div2k/0838.png/sigma_0.100,div2k,0838.png,20037,a419adae2a9bbcb7b328e0e98815224877487f12f01cec7bd572e3a61b346f36,73c2c92e98f5548121634934b7f8b396da2f106fa5edff6fa4406bcb5bb7bb07,0.10000000149011612,0.009333591908216476,20.299510955810547,0.489147812128067,0.0009071121457964182,30.423391342163086,0.9114565849304199,3.9581379890441895,3.123352527618408,0.0002451902546454221,8.320335388183594,0.03734405338764191,2.884502649307251,8.320333480834961,0.021453857421875,0.17510986328125
U-Tikhonov T4/CG64,138,38,0,/Users/kyrillguba/Documents/Data Analytics MSc/Thesis/Python/First Try/data/DIV2K/DIV2K_valid_HR/0839.png,div2k/0839.png/sigma_0.100,div2k,0839.png,20038,9ed3b7789f4dcc0b1bfd3a6e2391350b33a63a89353a3bd50f5bde4b89d2f647,3b2839787a4e994067fee71a5a1c8fb78033e5cbc93482ea5970729be4a87066,0.10000000149011612,0.007751947268843651,21.105892181396484,0.4432066082954407,0.002215875778347254,26.54454803466797,0.5656381249427795,4.2155585289001465,3.4407012462615967,0.00025878960150294006,8.320335388183594,0.03211978077888489,2.9131951332092285,8.320335388183594,0.027191162109375,0.2785186767578125
U-Tikhonov T4/CG64,139,39,0,/Users/kyrillguba/Documents/Data Analytics MSc/Thesis/Python/First Try/data/DIV2K/DIV2K_valid_HR/0840.png,div2k/0840.png/sigma_0.100,div2k,0840.png,20039,df4e88246e2af519b1c29adccc7944ac0f8568e6a1ef7d65c39dc4fcd2a3dd5b,1f17b191a1cb4c7983a7c9b878a8cd852a388158dbaf91a28f09e346d483a71e,0.10000000149011612,0.009186126291751862,20.368675231933594,0.7120739221572876,0.002846334595233202,25.457141876220703,0.8565390706062317,1.7382128238677979,2.067305564880371,0.0005494740908034146,8.320335388183594,0.0194618571549654,0.9480564594268799,8.294229507446289,0.05029296875,0.0163116455078125
U-Tikhonov T4/CG64,140,40,0,/Users/kyrillguba/Documents/Data Analytics MSc/Thesis/Python/First Try/data/DIV2K/DIV2K_valid_HR/0841.png,div2k/0841.png/sigma_0.100,div2k,0841.png,20040,b85a5c827a7d17dab432c8f79abc120715b867e00f3bcbe182f90d6c23ecff6f,8c1ee2b2fc094e7d06b937c0217e04765d471915ef200473146ecd3282885518,0.10000000149011612,0.009126249700784683,20.397075653076172,0.5158218145370483,0.0020210621878504753,26.944202423095703,0.8382120132446289,3.658302068710327,3.156066417694092,0.0004091756127309054,8.320335388183594,0.02429698221385479,2.465700626373291,8.320313453674316,0.0362548828125,0.1392364501953125
U-Tikhonov T4/CG64,141,41,0,/Users/kyrillguba/Documents/Data Analytics MSc/Thesis/Python/First Try/data/DIV2K/DIV2K_valid_HR/0842.png,div2k/0842.png/sigma_0.100,div2k,0842.png,20041,e0fe2755785538efb2ac1c7a4fc4e854d8206a8f09b68ac1931f0544c3e7cc53,35fce4372c911a0760c19a4858630bf39e9be9413b3d00e9529bb3c55d6fb672,0.10000000149011612,0.008929554373025894,20.491703033447266,0.5761888027191162,0.0017811015713959932,27.493114471435547,0.8725895881652832,3.3462648391723633,2.9494714736938477,0.0001946941774804145,8.320335388183594,0.02132434956729412,2.264923572540283,8.320327758789062,0.0386199951171875,0.0993499755859375
U-Tikhonov T4/CG64,142,42,0,/Users/kyrillguba/Documents/Data Analytics MSc/Thesis/Python/First Try/data/DIV2K/DIV2K_valid_HR/0843.png,div2k/0843.png/sigma_0.100,div2k,0843.png,20042,8d4db85adca20e5911d117b4bb54fdfb3f22b2a02cceb14242bb7540955f6140,4396acf5db3292779c648b276f459c5db8e2d2d60f75764d3d5013efb9ad0c61,0.10000000149011612,0.006897990591824055,21.612775802612305,0.2857520580291748,0.0007046429673209786,31.520309448242188,0.9304065704345703,6.621142387390137,2.8949778079986572,0.00016109835996758193,8.320335388183594,0.028122130781412125,8.275394439697266,8.320335388183594,0.024932861328125,0.5472869873046875
U-Tikhonov T4/CG64,143,43,0,/Users/kyrillguba/Documents/Data Analytics MSc/Thesis/Python/First Try/data/DIV2K/DIV2K_valid_HR/0844.png,div2k/0844.png/sigma_0.100,div2k,0844.png,20043,15c2150d7c67049e1e35243bac1a1a68c6f0e57215592b78ed9b74e130ed1370,81716fb24e15948d4c559e010784e178d010208e374b3fa77390bf2e1119561b,0.10000000149011612,0.008547065779566765,20.68182945251465,0.33853840827941895,0.0007147426949813962,31.45850372314453,0.87794029712677,5.5641069412231445,3.002417802810669,0.00020240666344761848,8.320335388183594,0.05576387420296669,7.158269882202148,8.320335388183594,0.0141143798828125,0.3252716064453125
U-Tikhonov T4/CG64,144,44,0,/Users/kyrillguba/Documents/Data Analytics MSc/Thesis/Python/First Try/data/DIV2K/DIV2K_valid_HR/0845.png,div2k/0845.png/sigma_0.100,div2k,0845.png,20044,3afec5a048f16903b44498719256567f9874b218bd408f06ae16848d5bfd4779,4bcb3c23daecdc254d579c8d39d68436083c954664b8c7bcd4f3074845db63a0,0.10000000149011612,0.007887687534093857,21.030502319335938,0.5800467133522034,0.002792707644402981,25.539745330810547,0.8629995584487915,4.076622009277344,3.54126238822937,0.00012022188457194716,8.320335388183594,0.006471517961472273,3.0552268028259277,8.320335388183594,0.087188720703125,0.2601470947265625
U-Tikhonov T4/CG64,145,45,0,/Users/kyrillguba/Documents/Data Analytics MSc/Thesis/Python/First Try/data/DIV2K/DIV2K_valid_HR/0846.png,div2k/0846.png/sigma_0.100,div2k,0846.png,20045,bfa025022780e8b45b7d8ca41bf0c1aa0ef062e997a3e07e7b0b4766072a0c65,ef61b57813715c2a4ca032b455913e793bcd3b4bae6d56a574377a98fad4b983,0.10000000149011612,0.007892230525612831,21.028003692626953,0.6083446741104126,0.003663006005808711,24.36162567138672,0.8387728929519653,3.366509437561035,3.3284735679626465,0.0002496362430974841,8.320335388183594,0.015644287690520287,1.6129451990127563,8.320335388183594,0.058563232421875,0.18426513671875
U-Tikhonov T4/CG64,146,46,0,/Users/kyrillguba/Documents/Data Analytics MSc/Thesis/Python/First Try/data/DIV2K/DIV2K_valid_HR/0847.png,div2k/0847.png/sigma_0.100,div2k,0847.png,20046,a03ac31eb9aa42c51d2ec103e996158d3f7890d32752d0e5a0bece66c7f0a096,22c960d9b264401c4af7b57ae07d03f7ae02355432012f2738b9cc5b52f13e67,0.10000000149011612,0.008751721121370792,20.57906723022461,0.7116260528564453,0.003001465927809477,25.226665496826172,0.8974227905273438,3.0712685585021973,3.2391748428344727,0.00021717135678045452,8.320335388183594,0.009504726156592369,1.329707384109497,8.320335388183594,0.08465576171875,0.1459503173828125
U-Tikhonov T4/CG64,147,47,0,/Users/kyrillguba/Documents/Data Analytics MSc/Thesis/Python/First Try/data/DIV2K/DIV2K_valid_HR/0848.png,div2k/0848.png/sigma_0.100,div2k,0848.png,20047,226e619ed1295a7c7b4eb9d622c6124c81ba03e21362bb8eee67e67dced25224,29141bb4c48bd018ea9e6e7e5bcf7acbd1ec089db3974cea22deaa532db4e025,0.10000000149011612,0.00900827907025814,20.453582763671875,0.6942570209503174,0.002351032104343176,26.28741455078125,0.8946569561958313,2.397707462310791,2.7389230728149414,0.00014683956396766007,8.320335388183594,0.008772315457463264,1.1494929790496826,8.320321083068848,0.0815887451171875,0.074737548828125
U-Tikhonov T4/CG64,148,48,0,/Users/kyrillguba/Documents/Data Analytics MSc/Thesis/Python/First Try/data/DIV2K/DIV2K_valid_HR/0849.png,div2k/0849.png/sigma_0.100,div2k,0849.png,20048,2c70dd5654b23e4a9ab11865c6c70e3077823c4972ad389deddc84dd9edc36b8,67496b41386bc3c88e9e83ee22b8d3a57f6f0a4ba1269ebd2b1c5bc752d1a3bc,0.10000000149011612,0.00921087246388197,20.35699462890625,0.8438193202018738,0.005174775142222643,22.861083984375,0.8935849666595459,1.2682926654815674,2.0234344005584717,0.00013367361680138856,8.320335388183594,0.004872272256761789,0.4154644012451172,8.31237506866455,0.1526031494140625,0.0204010009765625
U-Tikhonov T4/CG64,149,49,0,/Users/kyrillguba/Documents/Data Analytics MSc/Thesis/Python/First Try/data/DIV2K/DIV2K_valid_HR/0850.png,div2k/0850.png/sigma_0.100,div2k,0850.png,20049,b0e8b344c318dfae08640e56c0b52ec6df0909ea2a5c7128b8b44308511dabe7,e5eed9b98168c320aae9491f2de893ed92ccc53e0d6c387e72f8d2e90f262460,0.10000000149011612,0.009512841701507568,20.216899871826172,0.5987415313720703,0.0020047067664563656,26.9794921875,0.8568568229675293,3.2847869396209717,2.979562520980835,0.00011616053961915895,8.320335388183594,0.023250680416822433,2.0645933151245117,8.320335388183594,0.03582763671875,0.123046875
U-Tikhonov T4/CG64,150,50,0,/Users/kyrillguba/Documents/Data Analytics MSc/Thesis/Python/First Try/data/DIV2K/DIV2K_valid_HR/0851.png,div2k/0851.png/sigma_0.100,div2k,0851.png,20050,6cd623610d71351bd69a4193263bc448cd15272dcfd17f66224ecc57d176c5d0,04b876fb5e620624fb5a789176b565a5f47cf999cd2769f1f04b3699cd551808,0.10000000149011612,0.00909978523850441,20.40968894958496,0.45385831594467163,0.0016548659186810255,27.81237030029297,0.9064172506332397,5.0997467041015625,3.481783151626587,0.00029123053536750376,8.320335388183594,0.0138855604454875,7.299432754516602,8.320335388183594,0.052337646484375,0.3735504150390625
U-Tikhonov T4/CG64,151,51,0,/Users/kyrillguba/Documents/Data Analytics MSc/Thesis/Python/First Try/data/DIV2K/DIV2K_valid_HR/0852.png,div2k/0852.png/sigma_0.100,div2k,0852.png,20051,73b3c50a05a0fcb1a26fb8f3d88ebc57fe34409f6e6d0d125e46c18d90cca3a1,17353f211f92fc85c89c297f06876badb25b6456c6b233a1a98aee22ee086d70,0.10000000149011612,0.006303895264863968,22.003910064697266,0.33275675773620605,0.001592164975591004,27.980119705200195,0.594118595123291,4.902984619140625,3.082176446914673,0.002904963679611683,8.320335388183594,0.08532307296991348,5.475347995758057,8.320326805114746,0.009613037109375,0.19952392578125
U-Tikhonov T4/CG64,152,52,0,/Users/kyrillguba/Documents/Data Analytics MSc/Thesis/Python/First Try/data/DIV2K/DIV2K_valid_HR/0853.png,div2k/0853.png/sigma_0.100,div2k,0853.png,20052,e9eb55fc2bc1bcfd2fad63122c380357a672f2b9f14b61a7547da796324e10c2,2a4a46f0eaf5d1fadc00d4ef05bf92a9fe627ad832048c6055af87d61f360962,0.10000000149011612,0.008257114328444004,20.831716537475586,0.393589586019516,0.001248108921572566,29.0374755859375,0.8785205483436584,5.159841537475586,3.3288040161132812,0.0004280233115423471,8.320335388183594,0.03528319299221039,7.04998779296875,8.320335388183594,0.021728515625,0.3475799560546875
U-Tikhonov T4/CG64,153,53,0,/Users/kyrillguba/Documents/Data Analytics MSc/Thesis/Python/First Try/data/DIV2K/DIV2K_valid_HR/0854.png,div2k/0854.png/sigma_0.100,div2k,0854.png,20053,dbefb08aac7a5ad65da8e59ab21cbb0e921c9ad6da4d670be4cb2a982a3e2ffe,bd525848244c4016e4998c6599de8de721f2e9eb73659da056c41adcf5624910,0.10000000149011612,0.009751019068062305,20.109500885009766,0.6039422750473022,0.0028011961840093136,25.526565551757812,0.8564567565917969,3.213719367980957,3.2042131423950195,0.00017955346265807748,8.320335388183594,0.016687659546732903,1.6110715866088867,8.320335388183594,0.0488128662109375,0.1688690185546875
U-Tikhonov T4/CG64,154,54,0,/Users/kyrillguba/Documents/Data Analytics MSc/Thesis/Python/First Try/data/DIV2K/DIV2K_valid_HR/0855.png,div2k/0855.png/sigma_0.100,div2k,0855.png,20054,9e2b3caa326eef35864ca6323728491aaf77f5232b3a1b7435275b7a4b5bc314,9c884a4c1264511665220097ef6455b848e483cc451c7b09ba79a3bc39982fef,0.10000000149011612,0.009356774389743805,20.288738250732422,0.5107844471931458,0.0016773354727774858,27.753801345825195,0.8436934947967529,3.8513693809509277,2.9640073776245117,0.0007079656352289021,8.320335388183594,0.046256184577941895,2.9336161613464355,8.320331573486328,0.018310546875,0.1343841552734375
U-Tikhonov T4/CG64,155,55,0,/Users/kyrillguba/Documents/Data Analytics MSc/Thesis/Python/First Try/data/DIV2K/DIV2K_valid_HR/0856.png,div2k/0856.png/sigma_0.100,div2k,0856.png,20055,66cf31de43a337537e663db0aecf5dd0004e87a0fbe2bd2cdc7ed9a8b4a93ece,8db0d4fb635c06647b3d027ad817c93618ff33a3591a9b57db124c192372aa52,0.10000000149011612,0.009079148061573505,20.4195499420166,0.443595290184021,0.0018593315035104752,27.30643081665039,0.7304242849349976,3.666313648223877,2.862370491027832,0.0022595967166125774,8.320335388183594,0.07799291610717773,2.6987051963806152,8.320310592651367,0.0109710693359375,0.1172027587890625
U-Tikhonov T4/CG64,156,56,0,/Users/kyrillguba/Documents/Data Analytics MSc/Thesis/Python/First Try/data/DIV2K/DIV2K_valid_HR/0857.png,div2k/0857.png/sigma_0.100,div2k,0857.png,20056,ab895c24c3f27bd01daebb297e1995e3f7eaba3372e5cc7e32fb98edb3dfd93b,476bbdf273fdcd9ae475898c6ecc7ce6e5edaf3d4d08218db00d7bed56909036,0.10000000149011612,0.00997798889875412,20.009571075439453,0.4474475383758545,0.0007447856478393078,31.279687881469727,0.9105113744735718,4.583660125732422,2.8584628105163574,0.0004418902099132538,8.320335388183594,0.05795767530798912,4.383584022521973,8.320300102233887,0.0136566162109375,0.13427734375
U-Tikhonov T4/CG64,157,57,0,/Users/kyrillguba/Documents/Data Analytics MSc/Thesis/Python/First Try/data/DIV2K/DIV2K_valid_HR/0858.png,div2k/0858.png/sigma_0.100,div2k,0858.png,20057,69c3c9a846793f1dd2cda90db3fba707412671412126cd1eaad1496e784f7c0e,0995b1952cfd847384835bae14f9a97cce530f1e88cfd5c392481a0c5c30bbd1,0.10000000149011612,0.007848209701478481,21.05229377746582,0.5598976612091064,0.002387460321187973,26.220638275146484,0.7452514171600342,3.3189163208007812,3.049863576889038,0.000555317965336144,8.320335388183594,0.03274190053343773,1.9538772106170654,8.32027816772461,0.0297088623046875,0.113555908203125
U-Tikhonov T4/CG64,158,58,0,/Users/kyrillguba/Documents/Data Analytics MSc/Thesis/Python/First Try/data/DIV2K/DIV2K_valid_HR/0859.png,div2k/0859.png/sigma_0.100,div2k,0859.png,20058,0783919bca182fbd4ec27a809e6b7e6c58e89fddb3d3ef3d1bd5c807651c9a53,9e180ea026a3eef1371dab91bcf0d927754d8dee60a9b4becb90165ef4632c49,0.10000000149011612,0.009828127920627594,20.075292587280273,0.6457004547119141,0.0028253537602722645,25.48927116394043,0.8217954635620117,2.719909906387329,2.7214624881744385,0.00045344221871346235,8.320335388183594,0.029569977894425392,1.5360188484191895,8.320195198059082,0.0327301025390625,0.06524658203125
U-Tikhonov T4/CG64,159,59,0,/Users/kyrillguba/Documents/Data Analytics MSc/Thesis/Python/First Try/data/DIV2K/DIV2K_valid_HR/0860.png,div2k/0860.png/sigma_0.100,div2k,0860.png,20059,6323c40a5d11f381b901e87cf8f54d9578bc32be44b9350ac5386eb44224de4a,63ead1cd4b82fcf5bffae114e0fb4ca2e4246029d73f8633a1acde2e19613fe0,0.10000000149011612,0.009273558855056763,20.327537536621094,0.7460750341415405,0.003921015188097954,24.066017150878906,0.8292252421379089,1.5183968544006348,1.917249083518982,0.0003603619697969407,8.320335388183594,0.01726308837532997,0.8177800178527832,8.29696273803711,0.0591888427734375,0.0157318115234375
U-Tikhonov T4/CG64,160,60,0,/Users/kyrillguba/Documents/Data Analytics MSc/Thesis/Python/First Try/data/DIV2K/DIV2K_valid_HR/0861.png,div2k/0861.png/sigma_0.100,div2k,0861.png,20060,c3df240f2bf2bcdcdc9060b4ba3b0dd6324594f485ce3ee2d407f0b5364d72d7,a9a12e0aaefddc591199232f1d5f742e9109541608c31ecf59629e223d529eec,0.10000000149011612,0.007323967292904854,21.352537155151367,0.6070129871368408,0.0031964736990630627,24.953289031982422,0.7553565502166748,3.5899550914764404,3.291057586669922,0.0003482116444502026,8.320335388183594,0.010443691164255142,2.2757585048675537,8.320332527160645,0.0728302001953125,0.142578125
U-Tikhonov T4/CG64,161,61,0,/Users/kyrillguba/Documents/Data Analytics MSc/Thesis/Python/First Try/data/DIV2K/DIV2K_valid_HR/0862.png,div2k/0862.png/sigma_0.100,div2k,0862.png,20061,b28039f4ed1566ad4bef028589288dfa1cf33c4b676694010eb5d0d9f228ef50,959ccc78623b336d62f55a6a714d36d189c961c063e3dadc6f1f2acbc6c70a2a,0.10000000149011612,0.009982351213693619,20.007671356201172,0.33325788378715515,0.0006552262930199504,31.836088180541992,0.8776886463165283,5.640216827392578,2.9217820167541504,0.0002614923578221351,8.320335388183594,0.15604935586452484,7.245610237121582,8.320335388183594,0.00457763671875,0.3505096435546875
U-Tikhonov T4/CG64,162,62,0,/Users/kyrillguba/Documents/Data Analytics MSc/Thesis/Python/First Try/data/DIV2K/DIV2K_valid_HR/0863.png,div2k/0863.png/sigma_0.100,div2k,0863.png,20062,69a9aeec52e386294dc8c778c0d11c7f842f0960ca488aa898c25c50220c823a,5618043d9d3bf03908250b939c6297cb19642235a3c4b3af94b85798507b799b,0.10000000149011612,0.0091111334040761,20.404277801513672,0.5163592100143433,0.0015394138172268867,28.126447677612305,0.8955615758895874,3.5902395248413086,3.395207166671753,0.00020668364595621824,8.320335388183594,0.027934662997722626,1.7751550674438477,8.320335388183594,0.0357513427734375,0.231597900390625
U-Tikhonov T4/CG64,163,63,0,/Users/kyrillguba/Documents/Data Analytics MSc/Thesis/Python/First Try/data/DIV2K/DIV2K_valid_HR/0864.png,div2k/0864.png/sigma_0.100,div2k,0864.png,20063,fb786dffb18452c590dd1e18bebeea18d1c1bec24fd9d36d75ba35ad6c8a81d3,12fb470b3d46c90d01b555ae70f59db0f7bfbf9cd2bcdc6fd3ea0b8ed76202d2,0.10000000149011612,0.0095108263194561,20.217817306518555,0.6106503009796143,0.0018990077078342438,27.214733123779297,0.8500421643257141,2.4807772636413574,2.4666521549224854,0.0006030882359482348,8.320335388183594,0.038364067673683167,1.5016028881072998,8.319287300109863,0.0259246826171875,0.0437469482421875
U-Tikhonov T4/CG64,164,64,0,/Users/kyrillguba/Documents/Data Analytics MSc/Thesis/Python/First Try/data/DIV2K/DIV2K_valid_HR/0865.png,div2k/0865.png/sigma_0.100,div2k,0865.png,20064,f92af3991be3de305c0efcfbe87ac07586eb280db7c47c56bbf8452a9b10010c,f67e280d87d20f1c266f6b5b05d10e674034d6352756e35108aee9a2fa9286bd,0.10000000149011612,0.009856237098574638,20.062889099121094,0.5661797523498535,0.0018390386831015348,27.35409164428711,0.8609505891799927,2.9205775260925293,2.875335454940796,0.0007630208856426179,8.320335388183594,0.026836944743990898,1.6348172426223755,8.320236206054688,0.0365447998046875,0.0883636474609375
U-Tikhonov T4/CG64,165,65,0,/Users/kyrillguba/Documents/Data Analytics MSc/Thesis/Python/First Try/data/DIV2K/DIV2K_valid_HR/0866.png,div2k/0866.png/sigma_0.100,div2k,0866.png,20065,64fe1cb87ea16bd47a4af52b635bd686b87a3bb0bb006aa875e7090e7f4f1b09,5a433ea275e536aa640c70b64ed3189144c7b9d55b564f7b9a573197f2c2105b,0.10000000149011612,0.009749007411301136,20.110397338867188,0.7100076079368591,0.003155374899506569,25.009490966796875,0.8591556549072266,2.146192789077759,2.6489672660827637,0.00013644967111758888,8.320335388183594,0.009101149626076221,0.8931478261947632,8.320257186889648,0.0955352783203125,0.0607452392578125
U-Tikhonov T4/CG64,166,66,0,/Users/kyrillguba/Documents/Data Analytics MSc/Thesis/Python/First Try/data/DIV2K/DIV2K_valid_HR/0867.png,div2k/0867.png/sigma_0.100,div2k,0867.png,20066,a1b0a4eea55a3cc398df9e911e7db0ecbec9938d8ca0f96d3252df65b6daed62,d3596bfffab130a8252c78644bb26e7ffe06ec9cd2771644261183d83a4e1cc0,0.10000000149011612,0.009541342034935951,20.20390510559082,0.7404269576072693,0.0028718276880681515,25.41841697692871,0.8840138912200928,1.7842986583709717,2.4017674922943115,0.00014274670684244484,8.320335388183594,0.012370499782264233,0.7213926315307617,8.320108413696289,0.0842742919921875,0.0440521240234375
U-Tikhonov T4/CG64,167,67,0,/Users/kyrillguba/Documents/Data Analytics MSc/Thesis/Python/First Try/data/DIV2K/DIV2K_valid_HR/0868.png,div2k/0868.png/sigma_0.100,div2k,0868.png,20067,a5806164ffd45d6b14c4f40b199c062ca7d2855351fd99291a948b57f15212f1,0229669bb41b80ad700535d241feed15e7d28bdc8b353e408b18259398dabef5,0.10000000149011612,0.008502976968884468,20.704288482666016,0.3280462622642517,0.000961227691732347,30.171737670898438,0.927698016166687,6.222668647766113,3.0818569660186768,0.00012910815712530166,8.320335388183594,0.022552523761987686,8.23208236694336,8.320335388183594,0.0297393798828125,0.496337890625
U-Tikhonov T4/CG64,168,68,0,/Users/kyrillguba/Documents/Data Analytics MSc/Thesis/Python/First Try/data/DIV2K/DIV2K_valid_HR/0869.png,div2k/0869.png/sigma_0.100,div2k,0869.png,20068,bc61ffc14754a4c0e306111ec7946ec828ebc05b363e7717d8c2f300d7750e5c,cd2f3f08c7c3efb7473bd4c81fe4156eb9060582b568b86be9e4b9d59169846f,0.10000000149011612,0.009489672258496284,20.227489471435547,0.5651524066925049,0.0020089177414774895,26.970378875732422,0.8686540126800537,3.979562759399414,3.453214406967163,0.0002627021458465606,8.320335388183594,0.02279939502477646,2.464995861053467,8.320335388183594,0.0382843017578125,0.25579833984375
U-Tikhonov T4/CG64,169,69,0,/Users/kyrillguba/Documents/Data Analytics MSc/Thesis/Python/First Try/data/DIV2K/DIV2K_valid_HR/0870.png,div2k/0870.png/sigma_0.100,div2k,0870.png,20069,23fb86d88c32c580e802edb1ef9cd9aecf3ca74c79ecdde14ada63f7050ad410,f16e67fd6cd51d4bb157dd3956e6fdd4376c93344ca114a093849f9ff793dfa9,0.10000000149011612,0.00978570245206356,20.094079971313477,0.7300774455070496,0.0034926761873066425,24.568416595458984,0.8392460346221924,1.315016508102417,1.7182103395462036,0.0007628299063071609,8.320335388183594,0.019459228962659836,0.7176036238670349,8.258015632629395,0.0563201904296875,0.011077880859375
U-Tikhonov T4/CG64,170,70,0,/Users/kyrillguba/Documents/Data Analytics MSc/Thesis/Python/First Try/data/DIV2K/DIV2K_valid_HR/0871.png,div2k/0871.png/sigma_0.100,div2k,0871.png,20070,755675f2824bd9535075c3a3649ecad82608dffc5b28d5b6777c999ce5ac8feb,6a0cebe551232da5a94575252472c29db0b5793607ab75f371852670a8ddf197,0.10000000149011612,0.009753039106726646,20.10860252380371,0.6733852624893188,0.002245939802378416,26.486019134521484,0.8876234889030457,2.1346242427825928,2.411579132080078,0.00033265791716985404,8.320335388183594,0.017720622941851616,1.1019535064697266,8.318022727966309,0.0509490966796875,0.0331268310546875
U-Tikhonov T4/CG64,171,71,0,/Users/kyrillguba/Documents/Data Analytics MSc/Thesis/Python/First Try/data/DIV2K/DIV2K_valid_HR/0872.png,div2k/0872.png/sigma_0.100,div2k,0872.png,20071,a3051017ca8c7da3a6c7830c9bb928ecf2b81dc2add6c092a6aecfa321376f6b,529213461c041abaf5ea0a860118362802927a015fbbc359c49100f32f8b9878,0.10000000149011612,0.009656647220253944,20.151737213134766,0.7541844248771667,0.0032061049714684486,24.940223693847656,0.8820924758911133,1.9681510925292969,2.47438907623291,0.0002310079289600253,8.320335388183594,0.010313727892935276,0.8184463977813721,8.319938659667969,0.081268310546875,0.0405731201171875
U-Tikhonov T4/CG64,172,72,0,/Users/kyrillguba/Documents/Data Analytics MSc/Thesis/Python/First Try/data/DIV2K/DIV2K_valid_HR/0873.png,div2k/0873.png/sigma_0.100,div2k,0873.png,20072,98eca5a763607b677cf4da90c4112b7bd27d325edaf99023f29c46b2af95740e,f8e45952713a11ce9a6004c66c8d9a0fe657b02b641945445f43a990b67068b6,0.10000000149011612,0.009869927540421486,20.056859970092773,0.6017451286315918,0.0027615660801529884,25.58844566345215,0.8423042297363281,2.6940524578094482,2.93436861038208,0.0007097050547599792,8.320335388183594,0.038084812462329865,1.2689142227172852,8.320333480834961,0.0284423828125,0.1289825439453125
U-Tikhonov T4/CG64,173,73,0,/Users/kyrillguba/Documents/Data Analytics MSc/Thesis/Python/First Try/data/DIV2K/DIV2K_valid_HR/0874.png,div2k/0874.png/sigma_0.100,div2k,0874.png,20073,c1b141701b55a15db0c8d9d38d28131d0c6935abc941c0cf5a1b8e17483ce6db,8714757c7cefeaf51668906df37cd9bc4f339497a1ad81057cb9dcf4f3c9aba7,0.10000000149011612,0.009442366659641266,20.249191284179688,0.5293329954147339,0.0017094872891902924,27.671340942382812,0.8206291794776917,3.4353010654449463,2.837472677230835,0.0003424060414545238,8.320335388183594,0.03732232004404068,2.4132399559020996,8.320332527160645,0.0225982666015625,0.1092681884765625
U-Tikhonov T4/CG64,174,74,0,/Users/kyrillguba/Documents/Data Analytics MSc/Thesis/Python/First Try/data/DIV2K/DIV2K_valid_HR/0875.png,div2k/0875.png/sigma_0.100,div2k,0875.png,20074,9efdc0057bb6e53db148019bb4a13192254fce5f31a016a4924e85fc6ee62a16,79c7871fdc92244fc03b37776af2dac4f07ffad0f5f0634b08ac5cbe41808f67,0.10000000149011612,0.00937436893582344,20.280580520629883,0.7994077205657959,0.003621982876211405,24.41053581237793,0.8902957439422607,1.5801186561584473,2.1684203147888184,0.00022475884179584682,8.320335388183594,0.012434336356818676,0.690106987953186,8.320272445678711,0.08203125,0.0329742431640625
U-Tikhonov T4/CG64,175,75,0,/Users/kyrillguba/Documents/Data Analytics MSc/Thesis/Python/First Try/data/DIV2K/DIV2K_valid_HR/0876.png,div2k/0876.png/sigma_0.100,div2k,0876.png,20075,84df379a2b4a7b995296e31b3954bfb9a7731d5e2d0b8650405a416a53e11125,654e45defe491a2f2df43d9ff8de2d0759c17fdba0de1195702d52ede68f4196,0.10000000149011612,0.00821440014988184,20.8542423248291,0.6224081516265869,0.002540813758969307,25.950271606445312,0.786808431148529,2.639770984649658,2.712082624435425,0.0003667908604256809,8.320335388183594,0.018634648993611336,1.4453530311584473,8.319709777832031,0.047637939453125,0.054290771484375
U-Tikhonov T4/CG64,176,76,0,/Users/kyrillguba/Documents/Data Analytics MSc/Thesis/Python/First Try/data/DIV2K/DIV2K_valid_HR/0877.png,div2k/0877.png/sigma_0.100,div2k,0877.png,20076,a7be10c02736c3557926612d053466a395f1f8df83ddeeff7027d05bb769b33a,e77ce1907bd4a2412344169304caffc1f0f6da79cf0cd08dd9b995a703ba7e60,0.10000000149011612,0.008973807096481323,20.470233917236328,0.4357912540435791,0.001042303629219532,29.820058822631836,0.854076623916626,3.83318829536438,2.9198620319366455,0.0004828261153306812,8.320335388183594,0.04081159085035324,3.073330879211426,8.319814682006836,0.02203369140625,0.084075927734375
U-Tikhonov T4/CG64,177,77,0,/Users/kyrillguba/Documents/Data Analytics MSc/Thesis/Python/First Try/data/DIV2K/DIV2K_valid_HR/0878.png,div2k/0878.png/sigma_0.100,div2k,0878.png,20077,f1e61ee7f615bf40fc0cc24a3750fc6413019d89281f32d061c3bfb42fdf3082,ba873ad736f651359d212e7fda5be93795141f25d29a8c56fae1a1999c1c56ee,0.10000000149011612,0.009745083749294281,20.112144470214844,0.6891080141067505,0.002610620576888323,25.832561492919922,0.8663296699523926,2.36230731010437,2.7037811279296875,0.0003142348723486066,8.320335388183594,0.01611531525850296,1.1104958057403564,8.320317268371582,0.055755615234375,0.073394775390625
U-Tikhonov T4/CG64,178,78,0,/Users/kyrillguba/Documents/Data Analytics MSc/Thesis/Python/First Try/data/DIV2K/DIV2K_valid_HR/0879.png,div2k/0879.png/sigma_0.100,div2k,0879.png,20078,f7a72db70e5d13cc9ce0514ee1b317f98a5b43e5671f68071037416761ac50bb,54ff8a6000defd60f55faf992ce3e7b31f2a2f52b7d0ed78cafd6f60df3244b7,0.10000000149011612,0.009800195693969727,20.0876522064209,0.4864945411682129,0.0018733053002506495,27.273914337158203,0.907744824886322,4.656528472900391,3.5789883136749268,0.0002225317293778062,8.320335388183594,0.01590314321219921,5.8151350021362305,8.320335388183594,0.0519256591796875,0.3383941650390625
U-Tikhonov T4/CG64,179,79,0,/Users/kyrillguba/Documents/Data Analytics MSc/Thesis/Python/First Try/data/DIV2K/DIV2K_valid_HR/0880.png,div2k/0880.png/sigma_0.100,div2k,0880.png,20079,2464ffab9474f65f91c41e6231fc7c3907d471b36d493192c28dd9a9c9ac3c4c,6068708c32342e6b6df9bf4e2fb546a318c0074608c8af565def68d4f73d8038,0.10000000149011612,0.009952405467629433,20.020721435546875,0.4326709508895874,0.0013725312892347574,28.624780654907227,0.892437219619751,4.885513782501221,3.483445167541504,0.0003213495365343988,8.320335388183594,0.03157525882124901,6.568279266357422,8.320335388183594,0.02618408203125,0.3666534423828125
U-Tikhonov T4/CG64,180,80,0,/Users/kyrillguba/Documents/Data Analytics MSc/Thesis/Python/First Try/data/DIV2K/DIV2K_valid_HR/0881.png,div2k/0881.png/sigma_0.100,div2k,0881.png,20080,b4be0560c87adf38d8561ec3fb5a8e3e0e5d0b43501194ff1ff77f1511e89119,326d7851cc92f94124419908819bc1c797ee5e04dccc6fbc9f366ead957337e1,0.10000000149011612,0.00986284576356411,20.05997657775879,0.4646434187889099,0.0013930756831541657,28.560253143310547,0.868620753288269,4.549532890319824,3.163304328918457,0.0005072710919193923,8.320335388183594,0.03912705183029175,4.2417144775390625,8.320334434509277,0.019927978515625,0.2261505126953125
U-Tikhonov T4/CG64,181,81,0,/Users/kyrillguba/Documents/Data Analytics MSc/Thesis/Python/First Try/data/DIV2K/DIV2K_valid_HR/0882.png,div2k/0882.png/sigma_0.100,div2k,0882.png,20081,aac379d4eb1f7ffb4575e0fcca3a6836e85643267b9f537632bdfd3422ae2a6d,c4cb2770f469a6b1db185a8e62a3ae0dac421972588881c4405ed2425a64ec4a,0.10000000149011612,0.009415140375494957,20.261734008789062,0.6395930051803589,0.0019589632283896208,27.07973861694336,0.9105669260025024,2.361095428466797,2.717160940170288,0.00012186165258754045,8.320335388183594,0.0057094586081802845,1.1351438760757446,8.320281028747559,0.0892181396484375,0.072479248046875
U-Tikhonov T4/CG64,182,82,0,/Users/kyrillguba/Documents/Data Analytics MSc/Thesis/Python/First Try/data/DIV2K/DIV2K_valid_HR/0883.png,div2k/0883.png/sigma_0.100,div2k,0883.png,20082,dc84aa16cb279e020e6bb4a512b74aeb161e2c3b612b40cfe834b4ea44c4dbd4,02c3fc747fc31008a2c17231bb7d372b96a3ca9aa91b9441fbeea959251bf6d8,0.10000000149011612,0.009631909430027008,20.162878036499023,0.705026388168335,0.002896464429795742,25.381319046020508,0.8773068785667419,2.3782200813293457,2.8443214893341064,0.00037287481245584786,8.320335388183594,0.013324969448149204,1.0001678466796875,8.320335388183594,0.06494140625,0.1110992431640625
U-Tikhonov T4/CG64,183,83,0,/Users/kyrillguba/Documents/Data Analytics MSc/Thesis/Python/First Try/data/DIV2K/DIV2K_valid_HR/0884.png,div2k/0884.png/sigma_0.100,div2k,0884.png,20083,c3e792b1483d91371c9eeedd1d20a4f45de1d748d7f261794ce740fbc3ea3016,47bfb1ceb4930ad7db921bc4c4f0a64a5e360b7a4bb4649088a048628bbd573d,0.10000000149011612,0.009465215727686882,20.23869514465332,0.7136551141738892,0.0029671117663383484,25.276660919189453,0.8639131784439087,1.7235853672027588,2.1464791297912598,0.00018843695579562336,8.320335388183594,0.013069539330899715,0.8670681118965149,8.313592910766602,0.0718231201171875,0.0236663818359375
U-Tikhonov T4/CG64,184,84,0,/Users/kyrillguba/Documents/Data Analytics MSc/Thesis/Python/First Try/data/DIV2K/DIV2K_valid_HR/0885.png,div2k/0885.png/sigma_0.100,div2k,0885.png,20084,d1b12f5bdff73a004166bc26bfd68ed924612ba4dfeb5ee46ef886fec9606402,3f47b63087f24ce76d1021060b4556c275768dd06d8953d703f453fec8d2e216,0.10000000149011612,0.009921858087182045,20.034069061279297,0.5917404294013977,0.0025687268935143948,25.902822494506836,0.7894703149795532,2.6932005882263184,2.7152884006500244,0.0003210010763723403,8.320335388183594,0.01710265874862671,1.5398006439208984,8.320207595825195,0.0481719970703125,0.065185546875
U-Tikhonov T4/CG64,185,85,0,/Users/kyrillguba/Documents/Data Analytics MSc/Thesis/Python/First Try/data/DIV2K/DIV2K_valid_HR/0886.png,div2k/0886.png/sigma_0.100,div2k,0886.png,20085,8269830c494c50f2ca58c9fe1491092884eabccc73e5d87438dd2282f32843ab,485afdc014678bde03cdff386abafda609af75925c86830d2cabdbadf5ed02ff,0.10000000149011612,0.0095310527831316,20.20859146118164,0.4675765931606293,0.0011674329871311784,29.327680587768555,0.905222475528717,4.070086479187012,2.9884092807769775,0.00012359590618871152,8.320335388183594,0.03082255646586418,3.4973373413085938,8.320281028747559,0.025970458984375,0.1146087646484375
U-Tikhonov T4/CG64,186,86,0,/Users/kyrillguba/Documents/Data Analytics MSc/Thesis/Python/First Try/data/DIV2K/DIV2K_valid_HR/0887.png,div2k/0887.png/sigma_0.100,div2k,0887.png,20086,9674e5076ec8c005bce7e3450e6bf09deb82df9952eaff58c7717b3a16e90f3e,912790f90dbdea56174c1e034cc1efe7964335dc4c73269389d494ba9a6ee783,0.10000000149011612,0.009589008055627346,20.18226432800293,0.5204975605010986,0.00218299962580204,26.60946273803711,0.8489797115325928,3.777556896209717,3.3727715015411377,0.0002357710909564048,8.320335388183594,0.018972285091876984,2.216480016708374,8.320335388183594,0.0432281494140625,0.2335205078125
U-Tikhonov T4/CG64,187,87,0,/Users/kyrillguba/Documents/Data Analytics MSc/Thesis/Python/First Try/data/DIV2K/DIV2K_valid_HR/0888.png,div2k/0888.png/sigma_0.100,div2k,0888.png,20087,0b12dfb6e7a24bf393f0f61b8c12a04a0e14c82f6eb77cce3a6d2ed989cadb40,50da035f692a0c49935f5534c311abaf4ca5fa4726eef5315ef1ef857e255215,0.10000000149011612,0.00918933842331171,20.36716079711914,0.7557084560394287,0.003033238463103771,25.180932998657227,0.8923608064651489,1.7101669311523438,2.298978805541992,0.00015435231034643948,8.320335388183594,0.008391751907765865,0.7081273794174194,8.31921100616455,0.0972900390625,0.0342254638671875
U-Tikhonov T4/CG64,188,88,0,/Users/kyrillguba/Documents/Data Analytics MSc/Thesis/Python/First Try/data/DIV2K/DIV2K_valid_HR/0889.png,div2k/0889.png/sigma_0.100,div2k,0889.png,20088,65b588cd7d91eb7ab3ad2ee297b48e2bcd71468e6f3fd4cedd22296161fcf0b3,8d34660f2e0e3dead603cd5577a99ac1f81bbaae7c55ec67e99bb5ee455c50c3,0.10000000149011612,0.009270859882235527,20.328800201416016,0.7982643246650696,0.00389662804082036,24.093111038208008,0.8828803300857544,1.331251859664917,2.0579111576080322,0.00012931134551763535,8.320335388183594,0.008070102892816067,0.478745698928833,8.319089889526367,0.1247406005859375,0.024810791015625
U-Tikhonov T4/CG64,189,89,0,/Users/kyrillguba/Documents/Data Analytics MSc/Thesis/Python/First Try/data/DIV2K/DIV2K_valid_HR/0890.png,div2k/0890.png/sigma_0.100,div2k,0890.png,20089,641726511e5ab55ecb5dccce15a53a64473d43e0a2be22d51e522b22644d2891,5294647d295a4c15f8ff3644c7c6ab9c2641a556b4e4ebfbc42142ab0afd93cb,0.10000000149011612,0.01000051386654377,19.99977684020996,0.4299912452697754,0.001388864009641111,28.573402404785156,0.870771050453186,4.439296245574951,3.3273704051971436,0.0012119695311412215,8.320335388183594,0.061038482934236526,3.6423912048339844,8.320335388183594,0.0143585205078125,0.2802886962890625
U-Tikhonov T4/CG64,190,90,0,/Users/kyrillguba/Documents/Data Analytics MSc/Thesis/Python/First Try/data/DIV2K/DIV2K_valid_HR/0891.png,div2k/0891.png/sigma_0.100,div2k,0891.png,20090,df25cc2cba32c4a350c4749f690c8d6acb73d96d359ca40b6fee4071dbf564d0,1c639feebc304672531393e36b576a7cb6187280cabf665a36fe0267182ffa86,0.10000000149011612,0.009555201977491379,20.197601318359375,0.7634689807891846,0.0032727504149079323,24.850872039794922,0.8850691914558411,1.806455373764038,2.35441517829895,0.00021369042224250734,8.320335388183594,0.013096136972308159,0.7640633583068848,8.320263862609863,0.08062744140625,0.03875732421875
U-Tikhonov T4/CG64,191,91,0,/Users/kyrillguba/Documents/Data Analytics MSc/Thesis/Python/First Try/data/DIV2K/DIV2K_valid_HR/0892.png,div2k/0892.png/sigma_0.100,div2k,0892.png,20091,cf51693d41de71e034484154f59145fbffeb5a48fb250085472f21ef15bc44ee,debeac3caf7ff3565507b8abfcf135fdfa7bf4a9f1ee974f8c206be47bb39e6d,0.10000000149011612,0.00942610576748848,20.256675720214844,0.7635036706924438,0.0035797380842268467,24.461488723754883,0.8789257407188416,1.4420132637023926,2.2738606929779053,0.0001978134096134454,8.320335388183594,0.005319194868206978,0.4010445475578308,8.31925106048584,0.170684814453125,0.0308380126953125
U-Tikhonov T4/CG64,192,92,0,/Users/kyrillguba/Documents/Data Analytics MSc/Thesis/Python/First Try/data/DIV2K/DIV2K_valid_HR/0893.png,div2k/0893.png/sigma_0.100,div2k,0893.png,20092,e38a2d9fc2bb1bfe2d7f4ac7ac04be6e3b640472049753a9ec509cb5b184dfae,6f93afe0e7861fbf77343fdd8197e031c4a4a0407b5baef5fb7ec34d855dae05,0.10000000149011612,0.009200251661241055,20.362003326416016,0.5618415474891663,0.0017478561494499445,27.57494354248047,0.8732072114944458,3.435581922531128,3.109192132949829,0.00022661261027678847,8.320335388183594,0.011245868168771267,2.2670111656188965,8.320329666137695,0.0635986328125,0.11846923828125
U-Tikhonov T4/CG64,193,93,0,/Users/kyrillguba/Documents/Data Analytics MSc/Thesis/Python/First Try/data/DIV2K/DIV2K_valid_HR/0894.png,div2k/0894.png/sigma_0.100,div2k,0894.png,20093,f7c053db8ff81bb3c056ed342eb0bfb9ba890e8adb30617f79d560f11e941c73,30a5c1ca16d27861e24190dad9b2a384d6b05534a67be7cf1ca5df6366b72468,0.10000000149011612,0.009077124297618866,20.420516967773438,0.4872620701789856,0.001542767626233399,28.11699676513672,0.8158369660377502,5.077802658081055,3.2236874103546143,0.00012332902406342328,8.320335388183594,0.026574090123176575,6.231755256652832,8.320335388183594,0.0263824462890625,0.300811767578125
U-Tikhonov T4/CG64,194,94,0,/Users/kyrillguba/Documents/Data Analytics MSc/Thesis/Python/First Try/data/DIV2K/DIV2K_valid_HR/0895.png,div2k/0895.png/sigma_0.100,div2k,0895.png,20094,abdbc9e5dd323d44902bb35948460b514a4fe27d53aa9bc4f2072e0a425a5902,bddbad9742942691890fe566cd88956421165dccbedae11959432a2c90d113bd,0.10000000149011612,0.009526779875159264,20.21053695678711,0.6563657522201538,0.003607902443036437,24.427452087402344,0.7749226093292236,2.9258227348327637,2.8725414276123047,0.00023754060384817421,8.320335388183594,0.028369678184390068,1.58697509765625,8.320329666137695,0.0291595458984375,0.0984954833984375
U-Tikhonov T4/CG64,195,95,0,/Users/kyrillguba/Documents/Data Analytics MSc/Thesis/Python/First Try/data/DIV2K/DIV2K_valid_HR/0896.png,div2k/0896.png/sigma_0.100,div2k,0896.png,20095,857388cd8fc429b194bc7374762cee70b099ddf090a6495b03d92edc4c8c7b8d,ed8237e9328164f9c35a110fc106be33a51d883c93ee1d77f37ca46616c18030,0.10000000149011612,0.007742912508547306,21.110958099365234,0.4308375120162964,0.001315014436841011,28.81069564819336,0.9345160722732544,5.965140342712402,3.156306266784668,0.000138668721774593,8.320335388183594,0.016029613092541695,8.139337539672852,8.320335388183594,0.035736083984375,0.4548187255859375
U-Tikhonov T4/CG64,196,96,0,/Users/kyrillguba/Documents/Data Analytics MSc/Thesis/Python/First Try/data/DIV2K/DIV2K_valid_HR/0897.png,div2k/0897.png/sigma_0.100,div2k,0897.png,20096,a75baf8d323b01687486bd536ce524304bab0a20ffcaf0d6d19c9abe9c8bef57,a63b8fa197b05d8e5bf0fa82b2563e29a9049e5ae0abc4d2dc179b824f659cf9,0.10000000149011612,0.008784262463450432,20.562950134277344,0.9075582027435303,0.006143667735159397,22.115724563598633,0.9242490530014038,0.764657735824585,1.8333433866500854,0.00010690479393815622,8.320335388183594,0.0004094863834325224,0.08567027747631073,8.282124519348145,0.4945526123046875,0.01409912109375
U-Tikhonov T4/CG64,197,97,0,/Users/kyrillguba/Documents/Data Analytics MSc/Thesis/Python/First Try/data/DIV2K/DIV2K_valid_HR/0898.png,div2k/0898.png/sigma_0.100,div2k,0898.png,20097,0f9b0c2f1793b1dd0ac81be97181b9e904a39fcf108cd39194842f26678085f7,e0a00bd945760a3bff4ac1a1889aa48c29afd08da89393df7aabc94d1aae0963,0.10000000149011612,0.009870977140963078,20.056398391723633,0.3446851372718811,0.0011127949692308903,29.53584861755371,0.9161249399185181,5.867607116699219,3.2849345207214355,0.0003598093462642282,8.320335388183594,0.043761201202869415,8.201255798339844,8.320335388183594,0.0195770263671875,0.4802398681640625
U-Tikhonov T4/CG64,198,98,0,/Users/kyrillguba/Documents/Data Analytics MSc/Thesis/Python/First Try/data/DIV2K/DIV2K_valid_HR/0899.png,div2k/0899.png/sigma_0.100,div2k,0899.png,20098,bea5ead4e165747f9c0e6d434cc536abdd4760b1a8da09c78f705024684bff65,f8ddb6007ee4b3bf4bb6863456ce88ffeac95b4725250836ce5cd61ab3369432,0.10000000149011612,0.009393677115440369,20.271644592285156,0.682702898979187,0.0025074826553463936,26.00762176513672,0.8764073848724365,2.3983242511749268,2.843158006668091,0.00014746288070455194,8.320335388183594,0.0035926939453929663,0.998263418674469,8.320317268371582,0.1327667236328125,0.074462890625
U-Tikhonov T4/CG64,199,99,0,/Users/kyrillguba/Documents/Data Analytics MSc/Thesis/Python/First Try/data/DIV2K/DIV2K_valid_HR/0900.png,div2k/0900.png/sigma_0.100,div2k,0900.png,20099,72e06d86758e25d0f39e87b43b4ed00325b96cc08c65fc1809df35beee23e59c,fbb26720cddc77fd7187fc33a24bbfce8155a7b9d419edd08a4aafc36f870bd2,0.10000000149011612,0.007989254780113697,20.974939346313477,0.6753798127174377,0.0029596672393381596,25.287572860717773,0.8285257816314697,2.75331711769104,2.976513385772705,0.0002290376287419349,8.320335388183594,0.009179390035569668,1.2763340473175049,8.320322036743164,0.0804443359375,0.0888519287109375
U-Tikhonov T4/CG64,200,0,0,/Users/kyrillguba/Documents/Data Analytics MSc/Thesis/Python/First Try/data/DIV2K/DIV2K_valid_HR/0801.png,div2k/0801.png/sigma_0.150,div2k,0801.png,20000,9ca598cce3296c3968a2f8f7685477f637dbdbbb9d4efb1cd418ca185bd31eef,4b7352fb67bcc3e88bb5e359e82b3b5fdb9f00ac8f42dfb7539be9cc8b460d75,0.15000000596046448,0.02073093131184578,16.833812713623047,0.5437043309211731,0.004489907994866371,23.47762680053711,0.7733954787254333,2.710968255996704,2.487419843673706,0.0001465438981540501,8.320335388183594,0.03284481167793274,1.7893524169921875,8.319632530212402,0.02569580078125,0.043731689453125
U-Tikhonov T4/CG64,201,1,0,/Users/kyrillguba/Documents/Data Analytics MSc/Thesis/Python/First Try/data/DIV2K/DIV2K_valid_HR/0802.png,div2k/0802.png/sigma_0.150,div2k,0802.png,20001,3177c80331fb32ceee70ac3ef64d2e56a1bce05ea8a9c0b664e2592552554742,65c4ff1bd6749268fa09bf363143cdec2946b4a9d800cc553d3f598273b13817,0.15000000596046448,0.01958915777504444,17.079843521118164,0.6666738986968994,0.0036934649106115103,24.325658798217773,0.9002792835235596,1.9797401428222656,2.30615234375,0.00025118826306425035,8.320335388183594,0.019960813224315643,1.0478479862213135,8.319540023803711,0.0485687255859375,0.0357513427734375
U-Tikhonov T4/CG64,202,2,0,/Users/kyrillguba/Documents/Data Analytics MSc/Thesis/Python/First Try/data/DIV2K/DIV2K_valid_HR/0803.png,div2k/0803.png/sigma_0.150,div2k,0803.png,20002,671a4205d217354c075117f716a83d9a5ef2b4c921475de333f15ac8882c9356,a291f40ec169c0be79b8e6be0ff2848f8a2daae221de95153691b55f52d50b5c,0.15000000596046448,0.021868281066417694,16.60185432434082,0.40876320004463196,0.002067506778985262,26.845531463623047,0.8621804714202881,3.915543794631958,2.871647834777832,0.00023334636352956295,8.320335388183594,0.03547392413020134,3.1873180866241455,8.320328712463379,0.0206298828125,0.117889404296875
U-Tikhonov T4/CG64,203,3,0,/Users/kyrillguba/Documents/Data Analytics MSc/Thesis/Python/First Try/data/DIV2K/DIV2K_valid_HR/0804.png,div2k/0804.png/sigma_0.150,div2k,0804.png,20003,f95563d4b6e58b102c165eeec7f7e1ba2608e12c3a331510949f0cce842149ea,54be341d94c05d1c226f972092f09c8c5518d6e72d52eb89e0cb63cc16c56ffb,0.15000000596046448,0.020000513643026352,16.98958969116211,0.6151367425918579,0.004200326278805733,23.767168045043945,0.8362117409706116,2.993955135345459,2.946397066116333,0.00016681296983733773,8.320335388183594,0.014135243371129036,1.6811473369598389,8.320335388183594,0.0493316650390625,0.11566162109375
U-Tikhonov T4/CG64,204,4,0,/Users/kyrillguba/Documents/Data Analytics MSc/Thesis/Python/First Try/data/DIV2K/DIV2K_valid_HR/0805.png,div2k/0805.png/sigma_0.150,div2k,0805.png,20004,bac34b49da4033070da28c152ece5c527c7274eafed4e320f3e7258274a93177,7af59fbcde523e1be67496e447aa765225963c5dbbbe7262ee092085d79778aa,0.15000000596046448,0.019822807982563972,17.028348922729492,0.47705620527267456,0.0034953439608216286,24.565101623535156,0.7707184553146362,3.4998135566711426,2.782970428466797,0.0003282842808403075,8.320335388183594,0.05429762601852417,2.5834922790527344,8.320235252380371,0.016265869140625,0.0804443359375
U-Tikhonov T4/CG64,205,5,0,/Users/kyrillguba/Documents/Data Analytics MSc/Thesis/Python/First Try/data/DIV2K/DIV2K_valid_HR/0806.png,div2k/0806.png/sigma_0.150,div2k,0806.png,20005,befc31ea0c7663db0351a7238adfea3153639f5dfa13cb7cacfd757a46539d49,614267b59f56fd4aa8acd70577a4ee760fd3a072722c6809f51d90052060d060,0.15000000596046448,0.020619215443730354,16.85727882385254,0.4021129310131073,0.002280033193528652,26.420589447021484,0.8415865898132324,4.527256011962891,3.0774905681610107,0.00025841177557595074,8.320335388183594,0.04897155985236168,4.217850208282471,8.320335388183594,0.0165863037109375,0.2056121826171875
U-Tikhonov T4/CG64,206,6,0,/Users/kyrillguba/Documents/Data Analytics MSc/Thesis/Python/First Try/data/DIV2K/DIV2K_valid_HR/0807.png,div2k/0807.png/sigma_0.150,div2k,0807.png,20006,1e941eaeed69e78250491fe2c5b2f458f2f36301b8aa701227bd408f852fa572,799c1351c205ab26eb11b6cd506f7acbca9a6255d8feed7800e330e07110dc31,0.15000000596046448,0.020689044147729874,16.84259605407715,0.4649003744125366,0.00407128082588315,23.902690887451172,0.7478775382041931,3.7988810539245605,3.04188871383667,0.0004559499502647668,8.320335388183594,0.045037053525447845,2.694227695465088,8.320334434509277,0.01953125,0.15472412109375
U-Tikhonov T4/CG64,207,7,0,/Users/kyrillguba/Documents/Data Analytics MSc/Thesis/Python/First Try/data/DIV2K/DIV2K_valid_HR/0808.png,div2k/0808.png/sigma_0.150,div2k,0808.png,20007,9666b1dba93f470d95570471f38f195acafae585deefb8498b5ebb625df94e78,c1a1446a8ad1d13d1fa7d5ea1070bad52071465b636eab9c535493b14f20e41e,0.15000000596046448,0.019672587513923645,17.061384201049805,0.30974888801574707,0.0023590857163071632,26.272563934326172,0.8320512771606445,5.906734943389893,3.0926921367645264,0.00015555745630990714,8.320335388183594,0.047926656901836395,8.096648216247559,8.320335388183594,0.0165252685546875,0.44989013671875
U-Tikhonov T4/CG64,208,8,0,/Users/kyrillguba/Documents/Data Analytics MSc/Thesis/Python/First Try/data/DIV2K/DIV2K_valid_HR/0809.png,div2k/0809.png/sigma_0.150,div2k,0809.png,20008,f57d7f591d2770efb0162e925acaaef8e4ce467e58b7a54d53de058959be9978,bf3bf82631f980bbe89a9531d5a653d7ad9232d0f6ee29a2edc485537b7bddd3,0.15000000596046448,0.021224690601229668,16.731586456298828,0.4063580334186554,0.002830022480338812,25.482101440429688,0.7192387580871582,4.00773286819458,2.73846697807312,0.0004041898064315319,8.320335388183594,0.09870900213718414,3.2766213417053223,8.320328712463379,0.0082550048828125,0.1191558837890625
U-Tikhonov T4/CG64,209,9,0,/Users/kyrillguba/Documents/Data Analytics MSc/Thesis/Python/First Try/data/DIV2K/DIV2K_valid_HR/0810.png,div2k/0810.png/sigma_0.150,div2k,0810.png,20009,50cf8d799292c4a6f6c23b4a8f1d0c08015da9c6e74d9109a31efdb1eb5d9df3,4d98c505d3ad90a8a965c5ed951a1f06dbd3e22d741a122faefa61e63df95fe0,0.15000000596046448,0.021687816828489304,16.637842178344727,0.3677971363067627,0.0024537299759685993,26.101734161376953,0.7751636505126953,4.680233001708984,2.871358871459961,0.0015303128166124225,8.320335388183594,0.10852745920419693,4.4511494636535645,8.320333480834961,0.007720947265625,0.1756744384765625
U-Tikhonov T4/CG64,210,10,0,/Users/kyrillguba/Documents/Data Analytics MSc/Thesis/Python/First Try/data/DIV2K/DIV2K_valid_HR/0811.png,div2k/0811.png/sigma_0.150,div2k,0811.png,20010,ceab700e5944238d72f4ec94852a5ee6b9c353c54281c96ee7c6e9b9f2a16308,81836de794c0f5700dc4d657f73ed8e4e7034c987aff36ba58c55ff67a6da53e,0.15000000596046448,0.01834532432258129,17.364748001098633,0.391823410987854,0.003275276394560933,24.847522735595703,0.6890215873718262,4.310011386871338,2.9845480918884277,0.0006592548452317715,8.320335388183594,0.08999698609113693,3.621570587158203,8.320335388183594,0.0091094970703125,0.1755218505859375
U-Tikhonov T4/CG64,211,11,0,/Users/kyrillguba/Documents/Data Analytics MSc/Thesis/Python/First Try/data/DIV2K/DIV2K_valid_HR/0812.png,div2k/0812.png/sigma_0.150,div2k,0812.png,20011,5f26939fc07611061a96f2a386a77ffd9251b83abf26ac7ecb5a44dcae97187b,1ef24a9df7bed52eae49bbc44edeef2ec7787eb9f1157dea87b93117688d6ea2,0.15000000596046448,0.020350970327854156,16.914148330688477,0.49479779601097107,0.0034797010011970997,24.58458137512207,0.8194394707679749,4.276867866516113,3.299067258834839,0.00017737371672410518,8.320335388183594,0.017136620357632637,3.5557570457458496,8.320335388183594,0.0382537841796875,0.24224853515625
U-Tikhonov T4/CG64,212,12,0,/Users/kyrillguba/Documents/Data Analytics MSc/Thesis/Python/First Try/data/DIV2K/DIV2K_valid_HR/0813.png,div2k/0813.png/sigma_0.150,div2k,0813.png,20012,c34023db0a8b05fd8269a4d5afeb83670d5b08e7bce8d6c8cfe221a95b0e0b2f,f0fff969cffa4e09aa7664916fbd34f90b80dc848e7308d291caca88f358337d,0.15000000596046448,0.0183237474411726,17.369857788085938,0.49610668420791626,0.003438803367316723,24.635927200317383,0.8284177780151367,4.2988080978393555,3.2853190898895264,0.00015246299153659493,8.320335388183594,0.022243697196245193,3.6079211235046387,8.320335388183594,0.031829833984375,0.237579345703125
U-Tikhonov T4/CG64,213,13,0,/Users/kyrillguba/Documents/Data Analytics MSc/Thesis/Python/First Try/data/DIV2K/DIV2K_valid_HR/0814.png,div2k/0814.png/sigma_0.150,div2k,0814.png,20013,9f544177fb7f24fc86ba1b0d9b9d0e664f093ce144600099ca215fbf1a3e3c25,ba3a6bdbf9dcc9e2a02ba98d59b5ab83102439be99ab8274a2208a8cda268efb,0.15000000596046448,0.02128441631793976,16.719383239746094,0.2569090723991394,0.0020096604712307453,26.968772888183594,0.8283774852752686,6.043455600738525,3.0946788787841797,0.0008798132184892893,8.320335388183594,0.05573701113462448,8.216392517089844,8.320335388183594,0.014373779296875,0.4886322021484375
U-Tikhonov T4/CG64,214,14,0,/Users/kyrillguba/Documents/Data Analytics MSc/Thesis/Python/First Try/data/DIV2K/DIV2K_valid_HR/0815.png,div2k/0815.png/sigma_0.150,div2k,0815.png,20014,d8f2b2b3496e52c1ec43e3c5e28732516b24990b8a2361d1876240ad562db395,3e323e4b560890ed4a1f943e340d8beaa6c268f61e2ceda2e8185391d7d5a3af,0.15000000596046448,0.020593013614416122,16.86280059814453,0.4686645269393921,0.003101464593783021,25.084333419799805,0.8084855079650879,3.1764397621154785,2.7264440059661865,0.00017227382340934128,8.320335388183594,0.036100927740335464,2.179335594177246,8.320318222045898,0.0230560302734375,0.0761260986328125
U-Tikhonov T4/CG64,215,15,0,/Users/kyrillguba/Documents/Data Analytics MSc/Thesis/Python/First Try/data/DIV2K/DIV2K_valid_HR/0816.png,div2k/0816.png/sigma_0.150,div2k,0816.png,20015,f457e7c932a8730df29263aaf8e3c3a2e54e7e68e543a34cdbc085f7c21edf50,ebf556858addf02580c13b4579baea64b263c53852f87bd36c7bc01f55477648,0.15000000596046448,0.020617559552192688,16.857627868652344,0.4011595845222473,0.002470599487423897,26.071977615356445,0.8031122088432312,4.528933525085449,3.1207187175750732,0.0002759485214482993,8.320335388183594,0.056087907403707504,4.100354194641113,8.320335388183594,0.01446533203125,0.2380828857421875
U-Tikhonov T4/CG64,216,16,0,/Users/kyrillguba/Documents/Data Analytics MSc/Thesis/Python/First Try/data/DIV2K/DIV2K_valid_HR/0817.png,div2k/0817.png/sigma_0.150,div2k,0817.png,20016,b14c93dc0fd3fb833a2c04431c6af818313c8c6f744eb433dd1817a932b015cf,5879d7300f732d613dcb0284a1fba92fefed740df0ef08c03bf51fee87c83891,0.15000000596046448,0.020910846069455147,16.796283721923828,0.4318621754646301,0.003156207036226988,25.008344650268555,0.7692207098007202,4.277476787567139,3.1451821327209473,0.000308697868604213,8.320335388183594,0.043277304619550705,3.4374918937683105,8.320335388183594,0.0178985595703125,0.232208251953125
U-Tikhonov T4/CG64,217,17,0,/Users/kyrillguba/Documents/Data Analytics MSc/Thesis/Python/First Try/data/DIV2K/DIV2K_valid_HR/0818.png,div2k/0818.png/sigma_0.150,div2k,0818.png,20017,00f18d236ddc7fe3a937cdcb41ce31082a90c94b9370fc202c7dce18dd80ab2a,2c05a7fb6ef03f6e1021ebd4479dce05ab8384c789e6ac48a4a3294dbe0994c5,0.15000000596046448,0.019157901406288147,17.17652130126953,0.49347078800201416,0.004181303083896637,23.786884307861328,0.8296674489974976,4.3793182373046875,3.408724546432495,0.00035811273846775293,8.320335388183594,0.019030282273888588,3.9054815769195557,8.320335388183594,0.038726806640625,0.28021240234375
U-Tikhonov T4/CG64,218,18,0,/Users/kyrillguba/Documents/Data Analytics MSc/Thesis/Python/First Try/data/DIV2K/DIV2K_valid_HR/0819.png,div2k/0819.png/sigma_0.150,div2k,0819.png,20018,f7450c40d5c0aabdc2bd2a562302ca3993841849efca05e281ec4059186e528c,53011dd04b2a2fe9a011f3a8a1114f622d1aacfc7a78fb5d29f8e3999ed6b64c,0.15000000596046448,0.02032354474067688,16.920005798339844,0.5026570558547974,0.0038611791096627712,24.132802963256836,0.751461386680603,3.6885640621185303,2.9327099323272705,0.0002183099277317524,8.320335388183594,0.0391002856194973,2.7213387489318848,8.320335388183594,0.0216064453125,0.12646484375
U-Tikhonov T4/CG64,219,19,0,/Users/kyrillguba/Documents/Data Analytics MSc/Thesis/Python/First Try/data/DIV2K/DIV2K_valid_HR/0820.png,div2k/0820.png/sigma_0.150,div2k,0820.png,20019,ab2cf6ba20cc18bafee4976e8be3cbf4a6db4afea570ef888fdebb8c8e0616f2,cbbea537bbc6509d1871abd454cddbc46c401ec44e46a7217a3caa40d7033607,0.15000000596046448,0.01883085072040558,17.251300811767578,0.6373878717422485,0.0070792147889733315,21.500150680541992,0.7721041440963745,3.369601011276245,3.2244911193847656,0.00011972227366641164,8.320335388183594,0.008532943204045296,1.8471486568450928,8.320335388183594,0.065185546875,0.162872314453125
U-Tikhonov T4/CG64,220,20,0,/Users/kyrillguba/Documents/Data Analytics MSc/Thesis/Python/First Try/data/DIV2K/DIV2K_valid_HR/0821.png,div2k/0821.png/sigma_0.150,div2k,0821.png,20020,ebd02fa51f1a3ee91b6ca90bb58a444e53385dd1193938609708b71bca4504a0,8d798cfae4f7ca4cd5f7da4e61ff5bdb352a90b9f9691e8489c0b439e7ba299d,0.15000000596046448,0.018840918317437172,17.248979568481445,0.7894110679626465,0.009553439915180206,20.198402404785156,0.8498436212539673,2.0434861183166504,2.7426884174346924,0.00011430074664531276,8.320335388183594,0.004702812526375055,0.6581119298934937,8.320333480834961,0.122344970703125,0.0718841552734375
U-Tikhonov T4/CG64,221,21,0,/Users/kyrillguba/Documents/Data Analytics MSc/Thesis/Python/First Try/data/DIV2K/DIV2K_valid_HR/0822.png,div2k/0822.png/sigma_0.150,div2k,0822.png,20021,86c801c8390b132b94a9efaeb7a9bad9acdd1212e41d91d44b44811708142963,77c9b6b134bf76cd7a70b193571a2cf6af86598939c58d7016edfc70dac5019b,0.15000000596046448,0.01925630122423172,17.154272079467773,0.5431791543960571,0.004949332680553198,23.054534912109375,0.7366235852241516,2.5826549530029297,2.5393717288970947,0.0002602078311610967,8.320335388183594,0.02971327304840088,1.5703761577606201,8.31982421875,0.0311126708984375,0.0489959716796875
U-Tikhonov T4/CG64,222,22,0,/Users/kyrillguba/Documents/Data Analytics MSc/Thesis/Python/First Try/data/DIV2K/DIV2K_valid_HR/0823.png,div2k/0823.png/sigma_0.150,div2k,0823.png,20022,ec11d2cf0a95684902842094c84e0956a3cd35920ef85f25ba677348927a365c,67070520dd998a5b7b9ef65538cc96f01ad3e7bfac4cde1d0838447a17b47c1b,0.15000000596046448,0.02063937485218048,16.85303497314453,0.4195316433906555,0.0035232745576649904,24.530536651611328,0.8365871906280518,4.4131011962890625,3.4608521461486816,0.0008381090010516346,8.320335388183594,0.030186232179403305,3.7382497787475586,8.320335388183594,0.0289154052734375,0.3179168701171875
U-Tikhonov T4/CG64,223,23,0,/Users/kyrillguba/Documents/Data Analytics MSc/Thesis/Python/First Try/data/DIV2K/DIV2K_valid_HR/0824.png,div2k/0824.png/sigma_0.150,div2k,0824.png,20023,5ce7bdee523a1299c6a42c3adbb96d0e62c2f40266823753b8c042edb8b10495,afb72718334acc0720966c607b2fc4baa79ad0db78ed46dd87b6bf1bbb06b0a3,0.15000000596046448,0.01960165612399578,17.077072143554688,0.4888179302215576,0.003427657764405012,24.6500244140625,0.8279025554656982,4.663315773010254,3.423778533935547,0.0001327323552686721,8.320335388183594,0.009342686273157597,5.2294697761535645,8.320335388183594,0.054046630859375,0.292816162109375
U-Tikhonov T4/CG64,224,24,0,/Users/kyrillguba/Documents/Data Analytics MSc/Thesis/Python/First Try/data/DIV2K/DIV2K_valid_HR/0825.png,div2k/0825.png/sigma_0.150,div2k,0825.png,20024,0403db62808d832f7764170e8df2b8c78ad826e2a93d809f8cf6d018258b011a,bb87a888197d2fce569092cd2f72666d00f18bf8f222c3d8daa5bed85d54bae9,0.15000000596046448,0.020503193140029907,16.881786346435547,0.6176786422729492,0.004989747889339924,23.019214630126953,0.8222682476043701,2.8464438915252686,2.940657138824463,0.00017878756625577807,8.320335388183594,0.011019471101462841,1.503794550895691,8.320335388183594,0.0649261474609375,0.1030426025390625
U-Tikhonov T4/CG64,225,25,0,/Users/kyrillguba/Documents/Data Analytics MSc/Thesis/Python/First Try/data/DIV2K/DIV2K_valid_HR/0826.png,div2k/0826.png/sigma_0.150,div2k,0826.png,20025,b7fba61bcca359e5581b44283bbc34696cae71321e031969411ada23b17e2199,5db92ff465249724833a49e32d0008b2037e9d35bdf84592654b2085eb4adfc5,0.15000000596046448,0.019615324214100838,17.074045181274414,0.46257925033569336,0.003214319935068488,24.929107666015625,0.8180466890335083,4.808907508850098,3.3151233196258545,0.00012512298417277634,8.320335388183594,0.02839302457869053,5.246953010559082,8.320335388183594,0.025299072265625,0.3213958740234375
U-Tikhonov T4/CG64,226,26,0,/Users/kyrillguba/Documents/Data Analytics MSc/Thesis/Python/First Try/data/DIV2K/DIV2K_valid_HR/0827.png,div2k/0827.png/sigma_0.150,div2k,0827.png,20026,1a1d5ffbd89d79d7803cf86e2d8f6c75cd146872fd61e387fec71a904e384317,f59332e4b60d7ff6549e2c60978c31c7198229269eb71dec33fdc7f0352ebde5,0.15000000596046448,0.015551015734672546,18.082412719726562,0.22367015480995178,0.0017072372138500214,27.677061080932617,0.7387447357177734,6.106189727783203,2.8561484813690186,0.002231260761618614,8.320335388183594,0.09502296894788742,7.979747295379639,8.320335388183594,0.0089111328125,0.40557861328125
U-Tikhonov T4/CG64,227,27,0,/Users/kyrillguba/Documents/Data Analytics MSc/Thesis/Python/First Try/data/DIV2K/DIV2K_valid_HR/0828.png,div2k/0828.png/sigma_0.150,div2k,0828.png,20027,3b7551ae7f737167932c3230707f7075368102b6732eb16bfe514fd471223ea4,b38ce987813490427c3b8f49610fb9181768478eda3803abc2ebc48b5d869ebd,0.15000000596046448,0.016340119764208794,17.867448806762695,0.5543380975723267,0.0066374423913657665,21.779993057250977,0.6922092437744141,3.7186992168426514,3.4670674800872803,0.00017680264136288315,8.320335388183594,0.008681048639118671,2.0357728004455566,8.320335388183594,0.0778656005859375,0.22796630859375
U-Tikhonov T4/CG64,228,28,0,/Users/kyrillguba/Documents/Data Analytics MSc/Thesis/Python/First Try/data/DIV2K/DIV2K_valid_HR/0829.png,div2k/0829.png/sigma_0.150,div2k,0829.png,20028,7fef744df96a3f5b2077c74a59929852deb533e35d4804c7c745471471543ed7,c7f8edd07cd3f82444130f0d467feef0306354c76feb8e8db1b78bd89efac7cb,0.15000000596046448,0.020939616486430168,16.790313720703125,0.39930957555770874,0.002226328942924738,26.524106979370117,0.8146663904190063,4.85530948638916,3.2334885597229004,0.00017749439575709403,8.320335388183594,0.0243604127317667,5.379593849182129,8.320335388183594,0.027099609375,0.280029296875
U-Tikhonov T4/CG64,229,29,0,/Users/kyrillguba/Documents/Data Analytics MSc/Thesis/Python/First Try/data/DIV2K/DIV2K_valid_HR/0830.png,div2k/0830.png/sigma_0.150,div2k,0830.png,20029,33405798eea5a2bbd23d383a107f9127b4f5d220ad2d443bdb05db6049757a90,0c3e288e0233ba82a1b80f37b1dd013c79e0ceeac914c5611c4f6efd47dc9bc6,0.15000000596046448,0.02171020768582821,16.633359909057617,0.361676424741745,0.0027554775588214397,25.598031997680664,0.7670143842697144,5.3306427001953125,3.1444625854492188,0.0002250144607387483,8.320335388183594,0.05029689520597458,6.799871444702148,8.320335388183594,0.01629638671875,0.3477935791015625
U-Tikhonov T4/CG64,230,30,0,/Users/kyrillguba/Documents/Data Analytics MSc/Thesis/Python/First Try/data/DIV2K/DIV2K_valid_HR/0831.png,div2k/0831.png/sigma_0.150,div2k,0831.png,20030,37f625cf3b90622b2047f8f9b3e488dcb450cde9c639eb5f94e082ec5148792e,d618210b81b578405550bebb237c0315f6c39cfe2fd110224f2a03dfa59731af,0.15000000596046448,0.019177280366420746,17.172130584716797,0.5196965336799622,0.004395419731736183,23.569995880126953,0.7757445573806763,3.4197404384613037,3.021688938140869,0.00021162275515962392,8.320335388183594,0.01658131554722786,2.23930287361145,8.320329666137695,0.0411224365234375,0.116973876953125
U-Tikhonov T4/CG64,231,31,0,/Users/kyrillguba/Documents/Data Analytics MSc/Thesis/Python/First Try/data/DIV2K/DIV2K_valid_HR/0832.png,div2k/0832.png/sigma_0.150,div2k,0832.png,20031,678db3c6c13225750b6bb2ae62b3e9ffdbdb3491d462fa2451e73fea851ed64c,16a0776f6420182f152763ddf32d0b82495e58df3f646d68d7d9592e533d98d3,0.15000000596046448,0.019044367596507072,17.202335357666016,0.550022304058075,0.004323664121329784,23.641481399536133,0.8141202330589294,3.677126884460449,3.243628740310669,0.00012247698032297194,8.320335388183594,0.015245729126036167,2.3423237800598145,8.320335388183594,0.04644775390625,0.185455322265625
U-Tikhonov T4/CG64,232,32,0,/Users/kyrillguba/Documents/Data Analytics MSc/Thesis/Python/First Try/data/DIV2K/DIV2K_valid_HR/0833.png,div2k/0833.png/sigma_0.150,div2k,0833.png,20032,196e9aedca5a8ddb4904ed57c8a1a32e080164df130d093fbc86da6222f32553,445a726490e0ec40b46bbcb80f82cecae6fde39bee2c79c3a6bd2407536df1ea,0.15000000596046448,0.018702752888202667,17.28094482421875,0.40551185607910156,0.0027285993564873934,25.640602111816406,0.8549565076828003,5.012436866760254,3.338176965713501,0.0001606538862688467,8.320335388183594,0.027354510501027107,6.336948394775391,8.320335388183594,0.027191162109375,0.3456573486328125
U-Tikhonov T4/CG64,233,33,0,/Users/kyrillguba/Documents/Data Analytics MSc/Thesis/Python/First Try/data/DIV2K/DIV2K_valid_HR/0834.png,div2k/0834.png/sigma_0.150,div2k,0834.png,20033,43cd5d3407a2ec5d9396c0ba9f3595990830fe17adfb5b3d69777dc489012502,383ed9b44b8d726884074df518205a748332932f3f81c8a3b55981e8dcf290b6,0.15000000596046448,0.01781289279460907,17.492656707763672,0.4463292956352234,0.003291727975010872,24.825761795043945,0.8270949125289917,4.645357131958008,3.3353159427642822,0.00013793454854749143,8.320335388183594,0.026657061651349068,4.655651092529297,8.320335388183594,0.0274505615234375,0.2966156005859375
U-Tikhonov T4/CG64,234,34,0,/Users/kyrillguba/Documents/Data Analytics MSc/Thesis/Python/First Try/data/DIV2K/DIV2K_valid_HR/0835.png,div2k/0835.png/sigma_0.150,div2k,0835.png,20034,80084574e021b9b385517a807fa4f62735358952d97592c2b192db98626e086c,ab88cfe1c91119849a14c68e0ced4f7a68f55c22247fb36262dcfca192946ea7,0.15000000596046448,0.020649921149015427,16.85081672668457,0.46297645568847656,0.003802936989814043,24.198808670043945,0.7385370135307312,3.85097599029541,2.9623804092407227,0.00026209381758235395,8.320335388183594,0.04766599461436272,2.947672128677368,8.320333480834961,0.017669677734375,0.1367340087890625
U-Tikhonov T4/CG64,235,35,0,/Users/kyrillguba/Documents/Data Analytics MSc/Thesis/Python/First Try/data/DIV2K/DIV2K_valid_HR/0836.png,div2k/0836.png/sigma_0.150,div2k,0836.png,20035,d774c40f160da761b384b399f5636cb3cfecf88e2cc5d41c78f575c3bea500af,a698b263decf677f0e83bfaa60d0c6b225d770b4a25b8e5cf099370baa3508ff,0.15000000596046448,0.01925620064139366,17.154294967651367,0.5178630352020264,0.004246975295245647,23.71920394897461,0.8275868892669678,3.6269588470458984,3.159496784210205,0.0003440766886342317,8.320335388183594,0.023585142567753792,2.270019054412842,8.320335388183594,0.031097412109375,0.191558837890625
U-Tikhonov T4/CG64,236,36,0,/Users/kyrillguba/Documents/Data Analytics MSc/Thesis/Python/First Try/data/DIV2K/DIV2K_valid_HR/0837.png,div2k/0837.png/sigma_0.150,div2k,0837.png,20036,af3a3f14f10fd37d750995ae36a4d7d4e23e7343e1fc6fb8ddf8342f79d68d35,2ea0bd15768afa04c60f467c0f7d25e2bb6af344870f5c8a2359b94b3e30da09,0.15000000596046448,0.019341405481100082,17.135120391845703,0.6268107295036316,0.00532602658495307,22.7359676361084,0.8139326572418213,2.3274006843566895,2.566004753112793,0.00024176345323212445,8.320335388183594,0.01348254457116127,1.223192572593689,8.32010555267334,0.0569000244140625,0.051513671875
U-Tikhonov T4/CG64,237,37,0,/Users/kyrillguba/Documents/Data Analytics MSc/Thesis/Python/First Try/data/DIV2K/DIV2K_valid_HR/0838.png,div2k/0838.png/sigma_0.150,div2k,0838.png,20037,a419adae2a9bbcb7b328e0e98815224877487f12f01cec7bd572e3a61b346f36,6bf8541a9f1618f7c3acdace08aff0b5000015d98529360e64ba9507d413a64e,0.15000000596046448,0.01946748048067093,17.106903076171875,0.36104997992515564,0.0015014337841421366,28.23493766784668,0.8675571084022522,4.84244441986084,3.132380962371826,0.00019224302377551794,8.320335388183594,0.04806850105524063,5.048911094665527,8.320335388183594,0.016632080078125,0.2588348388671875
U-Tikhonov T4/CG64,238,38,0,/Users/kyrillguba/Documents/Data Analytics MSc/Thesis/Python/First Try/data/DIV2K/DIV2K_valid_HR/0839.png,div2k/0839.png/sigma_0.150,div2k,0839.png,20038,9ed3b7789f4dcc0b1bfd3a6e2391350b33a63a89353a3bd50f5bde4b89d2f647,f9130853dbbfa07bf1c14db4797ef5ab8c72ef9cf2cdc9de6f0b03f7f16c474b,0.15000000596046448,0.01686917617917061,17.729061126708984,0.33664143085479736,0.0037824069149792194,24.222318649291992,0.5046923160552979,5.068514347076416,3.238300323486328,0.00019449011597316712,8.320335388183594,0.047520946711301804,6.062050819396973,8.320335388183594,0.01611328125,0.3492279052734375
U-Tikhonov T4/CG64,239,39,0,/Users/kyrillguba/Documents/Data Analytics MSc/Thesis/Python/First Try/data/DIV2K/DIV2K_valid_HR/0840.png,div2k/0840.png/sigma_0.150,div2k,0840.png,20039,df4e88246e2af519b1c29adccc7944ac0f8568e6a1ef7d65c39dc4fcd2a3dd5b,82c282ba3fb8658837bc2e38ced0b95c689e4eee60cf80dea72fdddcf53f55c8,0.15000000596046448,0.019337277859449387,17.13604736328125,0.5548001527786255,0.004303389228880405,23.661895751953125,0.7844017744064331,2.7184500694274902,2.5815601348876953,0.00034670933382585645,8.320335388183594,0.025054406374692917,1.7076221704483032,8.319215774536133,0.032196044921875,0.0469207763671875
U-Tikhonov T4/CG64,240,40,0,/Users/kyrillguba/Documents/Data Analytics MSc/Thesis/Python/First Try/data/DIV2K/DIV2K_valid_HR/0841.png,div2k/0841.png/sigma_0.150,div2k,0841.png,20040,b85a5c827a7d17dab432c8f79abc120715b867e00f3bcbe182f90d6c23ecff6f,4b87dfde340932f131f43a8188c38cd9652bddda88ba5ef47c03ed00594d0f59,0.15000000596046448,0.018788296729326248,17.261125564575195,0.38209402561187744,0.0031260275281965733,25.050071716308594,0.768097460269928,4.596088409423828,3.209916830062866,0.00040799847920425236,8.320335388183594,0.03666269779205322,4.412234306335449,8.320335388183594,0.0211181640625,0.246124267578125
U-Tikhonov T4/CG64,241,41,0,/Users/kyrillguba/Documents/Data Analytics MSc/Thesis/Python/First Try/data/DIV2K/DIV2K_valid_HR/0842.png,div2k/0842.png/sigma_0.150,div2k,0842.png,20041,e0fe2755785538efb2ac1c7a4fc4e854d8206a8f09b68ac1931f0544c3e7cc53,71c8afa6e0febe0920a1d7eef7e0befbdc15d57b91334dc60e6d3d3100e38330,0.15000000596046448,0.01854383572936058,17.318004608154297,0.4578133225440979,0.0028184019029140472,25.499971389770508,0.8225889205932617,4.421439170837402,3.1739139556884766,0.00025786703918129206,8.320335388183594,0.02751058153808117,4.044802188873291,8.320335388183594,0.02587890625,0.211090087890625
U-Tikhonov T4/CG64,242,42,0,/Users/kyrillguba/Documents/Data Analytics MSc/Thesis/Python/First Try/data/DIV2K/DIV2K_valid_HR/0843.png,div2k/0843.png/sigma_0.150,div2k,0843.png,20042,8d4db85adca20e5911d117b4bb54fdfb3f22b2a02cceb14242bb7540955f6140,f77c7967c75a1fd7198d9e3a70d46bb0d78e15bc51efc599984bebb7a40dbd2b,0.15000000596046448,0.014073172584176064,18.516080856323242,0.20515447854995728,0.0017506396397948265,27.56803321838379,0.85084068775177,6.739853858947754,2.7879221439361572,0.0001559529482619837,8.320335388183594,0.04146645590662956,8.301666259765625,8.320335388183594,0.0174713134765625,0.591278076171875
U-Tikhonov T4/CG64,243,43,0,/Users/kyrillguba/Documents/Data Analytics MSc/Thesis/Python/First Try/data/DIV2K/DIV2K_valid_HR/0844.png,div2k/0844.png/sigma_0.150,div2k,0844.png,20043,15c2150d7c67049e1e35243bac1a1a68c6f0e57215592b78ed9b74e130ed1370,3eb74552493cd014838d225d671ae8e239c060f5a8e98176f678e5ed10ece2ec,0.15000000596046448,0.017111284658312798,17.66717529296875,0.25169920921325684,0.0013180456589907408,28.800695419311523,0.8266949653625488,6.404984474182129,2.7334156036376953,0.0001793249830370769,8.320335388183594,0.07788684219121933,8.183724403381348,8.320335388183594,0.0104827880859375,0.4723968505859375
U-Tikhonov T4/CG64,244,44,0,/Users/kyrillguba/Documents/Data Analytics MSc/Thesis/Python/First Try/data/DIV2K/DIV2K_valid_HR/0845.png,div2k/0845.png/sigma_0.150,div2k,0845.png,20044,3afec5a048f16903b44498719256567f9874b218bd408f06ae16848d5bfd4779,c02348e296cd7a2c1fcdce5f2b6d93d1f6c189f1048cfaceeafa41dcba6caa82,0.15000000596046448,0.01654771901667118,17.812618255615234,0.4690502882003784,0.004550337791442871,23.41956329345703,0.7967388033866882,4.682380676269531,3.4717869758605957,0.00010747807391453534,8.320335388183594,0.009261240251362324,5.344907760620117,8.320335388183594,0.0545654296875,0.3268890380859375
U-Tikhonov T4/CG64,245,45,0,/Users/kyrillguba/Documents/Data Analytics MSc/Thesis/Python/First Try/data/DIV2K/DIV2K_valid_HR/0846.png,div2k/0846.png/sigma_0.150,div2k,0846.png,20045,bfa025022780e8b45b7d8ca41bf0c1aa0ef062e997a3e07e7b0b4766072a0c65,95a2095d29a9fdfa24f0613b8723268a2a2caae5f67b27db38561d008406c53c,0.15000000596046448,0.016739562153816223,17.762561798095703,0.47529786825180054,0.0058113751001656055,22.35721206665039,0.758977472782135,4.134688854217529,3.31813907623291,0.00017325824592262506,8.320335388183594,0.024438975378870964,3.0956220626831055,8.320335388183594,0.032257080078125,0.2391357421875
U-Tikhonov T4/CG64,246,46,0,/Users/kyrillguba/Documents/Data Analytics MSc/Thesis/Python/First Try/data/DIV2K/DIV2K_valid_HR/0847.png,div2k/0847.png/sigma_0.150,div2k,0847.png,20046,a03ac31eb9aa42c51d2ec103e996158d3f7890d32752d0e5a0bece66c7f0a096,ffd99bfca4cf39d6a3a221cdbcde9231b9badb23a2ecb48ceea70490a6362b3f,0.15000000596046448,0.018600057810544968,17.30485725402832,0.591997504234314,0.004910188261419535,23.089017868041992,0.8428393602371216,3.835150718688965,3.3464853763580322,0.00013668589235749096,8.320335388183594,0.012790735810995102,2.4983508586883545,8.320335388183594,0.052032470703125,0.216064453125
U-Tikhonov T4/CG64,247,47,0,/Users/kyrillguba/Documents/Data Analytics MSc/Thesis/Python/First Try/data/DIV2K/DIV2K_valid_HR/0848.png,div2k/0848.png/sigma_0.150,div2k,0848.png,20047,226e619ed1295a7c7b4eb9d622c6124c81ba03e21362bb8eee67e67dced25224,0f55315d00e487e8421b8e5d2c162cb63209d10bcb08fccfa3eac51f4826cb1f,0.15000000596046448,0.019186735153198242,17.16998863220215,0.5657171607017517,0.0038381151389330626,24.1588191986084,0.8404831886291504,3.2058260440826416,3.0066635608673096,0.00015678639465477318,8.320335388183594,0.011652197688817978,1.9411890506744385,8.320335388183594,0.051513671875,0.118621826171875
U-Tikhonov T4/CG64,248,48,0,/Users/kyrillguba/Documents/Data Analytics MSc/Thesis/Python/First Try/data/DIV2K/DIV2K_valid_HR/0849.png,div2k/0849.png/sigma_0.150,div2k,0849.png,20048,2c70dd5654b23e4a9ab11865c6c70e3077823c4972ad389deddc84dd9edc36b8,94c10ff56b792083e069c1e13db449dc146a1968abec94149f0e068c287de8df,0.15000000596046448,0.01942417398095131,17.116575241088867,0.7332503199577332,0.008301652036607265,20.8083553314209,0.8267065286636353,1.9531660079956055,2.4749584197998047,0.00016595100169070065,8.320335388183594,0.007269459310919046,0.8184181451797485,8.32012939453125,0.089996337890625,0.0436248779296875
U-Tikhonov T4/CG64,249,49,0,/Users/kyrillguba/Documents/Data Analytics MSc/Thesis/Python/First Try/data/DIV2K/DIV2K_valid_HR/0850.png,div2k/0850.png/sigma_0.150,div2k,0850.png,20049,b0e8b344c318dfae08640e56c0b52ec6df0909ea2a5c7128b8b44308511dabe7,e4407e793da2eed5c71c154409f5734e76b4e485ef9eeda54befb82b601876ca,0.15000000596046448,0.02045828476548195,16.891307830810547,0.4563879370689392,0.0030798697844147682,25.11467742919922,0.7920140624046326,4.367673873901367,3.121515989303589,0.00013196203508414328,8.320335388183594,0.032465919852256775,3.8545899391174316,8.320335388183594,0.022918701171875,0.207244873046875
U-Tikhonov T4/CG64,250,50,0,/Users/kyrillguba/Documents/Data Analytics MSc/Thesis/Python/First Try/data/DIV2K/DIV2K_valid_HR/0851.png,div2k/0851.png/sigma_0.150,div2k,0851.png,20050,6cd623610d71351bd69a4193263bc448cd15272dcfd17f66224ecc57d176c5d0,45914f5a99cf40c07b4a548bad8f33cacd4f86d0cd8f9e83c690ade33316958a,0.15000000596046448,0.019009403884410858,17.210315704345703,0.3504496216773987,0.0028244424611330032,25.490673065185547,0.8413029909133911,5.46932315826416,3.3468072414398193,0.00016883027274161577,8.320335388183594,0.02046080492436886,7.855740547180176,8.320335388183594,0.0333404541015625,0.4185943603515625
U-Tikhonov T4/CG64,251,51,0,/Users/kyrillguba/Documents/Data Analytics MSc/Thesis/Python/First Try/data/DIV2K/DIV2K_valid_HR/0852.png,div2k/0852.png/sigma_0.150,div2k,0852.png,20051,73b3c50a05a0fcb1a26fb8f3d88ebc57fe34409f6e6d0d125e46c18d90cca3a1,850f26009109573b2f69a347f1af5baa9fe2d024153abbbe3b3b5e06b5b1b12a,0.15000000596046448,0.013176376931369305,18.802040100097656,0.20418581366539001,0.003025224432349205,25.19242286682129,0.4872112572193146,5.939859390258789,2.9031615257263184,0.0032486720010638237,8.320335388183594,0.13691070675849915,7.798538684844971,8.320335388183594,0.0052337646484375,0.3682403564453125
U-Tikhonov T4/CG64,252,52,0,/Users/kyrillguba/Documents/Data Analytics MSc/Thesis/Python/First Try/data/DIV2K/DIV2K_valid_HR/0853.png,div2k/0853.png/sigma_0.150,div2k,0853.png,20052,e9eb55fc2bc1bcfd2fad63122c380357a672f2b9f14b61a7547da796324e10c2,22c69d70ebed1d7f51a2bf3dfbcb3e01295dfc1f80c11012554d831fd273cfdd,0.15000000596046448,0.017418192699551582,17.589969635009766,0.2821323871612549,0.0021934870164841413,26.58864974975586,0.8045254945755005,5.739419460296631,3.0992591381073,0.0002148656640201807,8.320335388183594,0.05661370977759361,7.931607246398926,8.320335388183594,0.0141754150390625,0.4208984375
U-Tikhonov T4/CG64,253,53,0,/Users/kyrillguba/Documents/Data Analytics MSc/Thesis/Python/First Try/data/DIV2K/DIV2K_valid_HR/0854.png,div2k/0854.png/sigma_0.150,div2k,0854.png,20053,dbefb08aac7a5ad65da8e59ab21cbb0e921c9ad6da4d670be4cb2a982a3e2ffe,c5453e1ba744ca7546c6114bacc70691e12f92dcf033afe98e5c8518a9587471,0.15000000596046448,0.020880915224552155,16.802505493164062,0.4812200963497162,0.004270755685865879,23.69495391845703,0.7781065702438354,4.090213775634766,3.233027458190918,0.0001628418976906687,8.320335388183594,0.021510692313313484,3.0719330310821533,8.320335388183594,0.0296173095703125,0.226318359375
U-Tikhonov T4/CG64,254,54,0,/Users/kyrillguba/Documents/Data Analytics MSc/Thesis/Python/First Try/data/DIV2K/DIV2K_valid_HR/0855.png,div2k/0855.png/sigma_0.150,div2k,0855.png,20054,9e2b3caa326eef35864ca6323728491aaf77f5232b3a1b7435275b7a4b5bc314,8f500d00c6e0901077bb3fd55ffc20316938959f775ccab9c775f3f0787ae211,0.15000000596046448,0.02026764675974846,16.93196678161621,0.3772783875465393,0.002505071461200714,26.01180076599121,0.7788243293762207,5.071159362792969,3.0166757106781006,0.0010005318326875567,8.320335388183594,0.07359526306390762,5.580142021179199,8.320335388183594,0.0112152099609375,0.2544708251953125
U-Tikhonov T4/CG64,255,55,0,/Users/kyrillguba/Documents/Data Analytics MSc/Thesis/Python/First Try/data/DIV2K/DIV2K_valid_HR/0856.png,div2k/0856.png/sigma_0.150,div2k,0856.png,20055,66cf31de43a337537e663db0aecf5dd0004e87a0fbe2bd2cdc7ed9a8b4a93ece,2cf5d7c980e13f9eeb854391e0f07db5ddf11178c1271985069d37533454f77d,0.15000000596046448,0.01848992332816124,17.33064842224121,0.2967223525047302,0.002605786547064781,25.84061050415039,0.6285074949264526,5.363136291503906,2.861787796020508,0.005628523416817188,8.320335388183594,0.18861909210681915,6.1534929275512695,8.320335388183594,0.0034027099609375,0.2601165771484375
U-Tikhonov T4/CG64,256,56,0,/Users/kyrillguba/Documents/Data Analytics MSc/Thesis/Python/First Try/data/DIV2K/DIV2K_valid_HR/0857.png,div2k/0857.png/sigma_0.150,div2k,0857.png,20056,ab895c24c3f27bd01daebb297e1995e3f7eaba3372e5cc7e32fb98edb3dfd93b,f67638c593248821293ef1506d42b3ed14b803a843a564bb9ac370b8c89934b8,0.15000000596046448,0.021883290261030197,16.598875045776367,0.3191419839859009,0.0011719386093318462,29.310951232910156,0.8694437742233276,5.654802322387695,2.883819103240967,0.0004766634083352983,8.320335388183594,0.08554363250732422,7.065625190734863,8.320335388183594,0.00970458984375,0.3102874755859375
U-Tikhonov T4/CG64,257,57,0,/Users/kyrillguba/Documents/Data Analytics MSc/Thesis/Python/First Try/data/DIV2K/DIV2K_valid_HR/0858.png,div2k/0858.png/sigma_0.150,div2k,0858.png,20057,69c3c9a846793f1dd2cda90db3fba707412671412126cd1eaad1496e784f7c0e,3646e942c385c6ac9176f7fb2b36cf82ee5ed2b6ccd522f45ed58a56732cc4f3,0.15000000596046448,0.01631496474146843,17.8741397857666,0.39812690019607544,0.003823491046205163,24.175397872924805,0.6452739238739014,4.358098030090332,3.164207696914673,0.00045795016922056675,8.320335388183594,0.050609610974788666,3.702807664871216,8.320335388183594,0.0161590576171875,0.2115020751953125
U-Tikhonov T4/CG64,258,58,0,/Users/kyrillguba/Documents/Data Analytics MSc/Thesis/Python/First Try/data/DIV2K/DIV2K_valid_HR/0859.png,div2k/0859.png/sigma_0.150,div2k,0859.png,20058,0783919bca182fbd4ec27a809e6b7e6c58e89fddb3d3ef3d1bd5c807651c9a53,5650be64cced5f0cbbcbc473282d33c297129c1defd53cc10aadbd72c3bcde5c,0.15000000596046448,0.02081388048827648,16.816469192504883,0.5007640719413757,0.004150166176259518,23.81934356689453,0.741623044013977,3.9241788387298584,3.0071091651916504,0.0002774242020677775,8.320335388183594,0.045812785625457764,2.9687139987945557,8.320335388183594,0.0178070068359375,0.1543121337890625
U-Tikhonov T4/CG64,259,59,0,/Users/kyrillguba/Documents/Data Analytics MSc/Thesis/Python/First Try/data/DIV2K/DIV2K_valid_HR/0860.png,div2k/0860.png/sigma_0.150,div2k,0860.png,20059,6323c40a5d11f381b901e87cf8f54d9578bc32be44b9350ac5386eb44224de4a,4ae6cbf3c12fe9daeb79b1547020b09831115ceb1657ff734c708457e8417976,0.15000000596046448,0.019756164401769638,17.0429744720459,0.5954591035842896,0.005847139284014702,22.33056640625,0.7441386580467224,2.4372591972351074,2.374746799468994,0.00019480966147966683,8.320335388183594,0.025429829955101013,1.5587831735610962,8.31847858428955,0.033416748046875,0.0359344482421875
U-Tikhonov T4/CG64,260,60,0,/Users/kyrillguba/Documents/Data Analytics MSc/Thesis/Python/First Try/data/DIV2K/DIV2K_valid_HR/0861.png,div2k/0861.png/sigma_0.150,div2k,0861.png,20060,c3df240f2bf2bcdcdc9060b4ba3b0dd6324594f485ce3ee2d407f0b5364d72d7,7814b5aa3f0318c16ff9dbb233da254f4b00b36d5d84e2a1c13de7a34e28fa1d,0.15000000596046448,0.015469681471586227,18.105186462402344,0.4704107940196991,0.005287810228765011,22.767240524291992,0.6614853143692017,4.518376350402832,3.421008348464966,0.00018144652131013572,8.320335388183594,0.014093611389398575,4.605108261108398,8.320335388183594,0.04547119140625,0.27178955078125
U-Tikhonov T4/CG64,261,61,0,/Users/kyrillguba/Documents/Data Analytics MSc/Thesis/Python/First Try/data/DIV2K/DIV2K_valid_HR/0862.png,div2k/0862.png/sigma_0.150,div2k,0862.png,20061,b28039f4ed1566ad4bef028589288dfa1cf33c4b676694010eb5d0d9f228ef50,a6f0e8fb9e75c16d43cf99ebdd0c942dd78b095450a4871e0a5cf81fce0234b4,0.15000000596046448,0.02187032625079155,16.60144805908203,0.22942745685577393,0.0009599428158253431,30.177547454833984,0.8212268948554993,6.546054840087891,2.5940396785736084,0.0002746705722529441,8.320335388183594,0.20285847783088684,8.217769622802734,8.320335388183594,0.004302978515625,0.487518310546875
U-Tikhonov T4/CG64,262,62,0,/Users/kyrillguba/Documents/Data Analytics MSc/Thesis/Python/First Try/data/DIV2K/DIV2K_valid_HR/0863.png,div2k/0863.png/sigma_0.150,div2k,0863.png,20062,69a9aeec52e386294dc8c778c0d11c7f842f0960ca488aa898c25c50220c823a,1eceb9ec8ba500196990568abaa4d8c71397ac395afdea051040f4d78418ae66,0.15000000596046448,0.019079778343439102,17.19426727294922,0.39566218852996826,0.002540274290367961,25.95119285583496,0.8329793214797974,4.297939300537109,3.2762866020202637,0.00017680705059319735,8.320335388183594,0.04721223562955856,3.299452304840088,8.320335388183594,0.018310546875,0.2711029052734375
U-Tikhonov T4/CG64,263,63,0,/Users/kyrillguba/Documents/Data Analytics MSc/Thesis/Python/First Try/data/DIV2K/DIV2K_valid_HR/0864.png,div2k/0864.png/sigma_0.150,div2k,0864.png,20063,fb786dffb18452c590dd1e18bebeea18d1c1bec24fd9d36d75ba35ad6c8a81d3,14cffd14a8cdb618aec05880897bfc6c29c8d375852b2585bd01a6574849c211,0.15000000596046448,0.020215187221765518,16.94322395324707,0.44254496693611145,0.002794621977955103,25.536767959594727,0.779766321182251,3.6978304386138916,2.839810371398926,0.00029136883676983416,8.320335388183594,0.05676686391234398,2.779550075531006,8.320316314697266,0.015411376953125,0.1013641357421875
U-Tikhonov T4/CG64,264,64,0,/Users/kyrillguba/Documents/Data Analytics MSc/Thesis/Python/First Try/data/DIV2K/DIV2K_valid_HR/0865.png,div2k/0865.png/sigma_0.150,div2k,0865.png,20064,f92af3991be3de305c0efcfbe87ac07586eb280db7c47c56bbf8452a9b10010c,54490d712106fb9f4d4544bf2014dc7c04c031acb65fad0ba99bb13bcb9b1d35,0.15000000596046448,0.02141769602894783,16.692272186279297,0.42246562242507935,0.0027572561521083117,25.595230102539062,0.7986969947814941,3.986743927001953,3.081888198852539,0.00038802530616521835,8.320335388183594,0.04367303475737572,3.0178542137145996,8.320335388183594,0.020294189453125,0.18145751953125
U-Tikhonov T4/CG64,265,65,0,/Users/kyrillguba/Documents/Data Analytics MSc/Thesis/Python/First Try/data/DIV2K/DIV2K_valid_HR/0866.png,div2k/0866.png/sigma_0.150,div2k,0866.png,20065,64fe1cb87ea16bd47a4af52b635bd686b87a3bb0bb006aa875e7090e7f4f1b09,ca77f14d69c48e6b845cd10b55983d1368652fc41953eedc50872b962a0edd5c,0.15000000596046448,0.021065503358840942,16.7642822265625,0.5675008296966553,0.004602037835866213,23.370498657226562,0.7996507287025452,3.117854356765747,3.019994020462036,0.0002918299869634211,8.320335388183594,0.013799753971397877,1.761029601097107,8.320334434509277,0.053375244140625,0.115447998046875
U-Tikhonov T4/CG64,266,66,0,/Users/kyrillguba/Documents/Data Analytics MSc/Thesis/Python/First Try/data/DIV2K/DIV2K_valid_HR/0867.png,div2k/0867.png/sigma_0.150,div2k,0867.png,20066,a1b0a4eea55a3cc398df9e911e7db0ecbec9938d8ca0f96d3252df65b6daed62,489082987d893b9111ff8cc461523e9cf259a89d3eae6060586e438615394bf3,0.15000000596046448,0.020587537437677383,16.863956451416016,0.5906478762626648,0.0044079432263970375,23.557640075683594,0.8200781345367432,2.7018842697143555,2.8082261085510254,0.00016164901899173856,8.320335388183594,0.01752784103155136,1.435948371887207,8.320331573486328,0.04791259765625,0.0882415771484375
U-Tikhonov T4/CG64,267,67,0,/Users/kyrillguba/Documents/Data Analytics MSc/Thesis/Python/First Try/data/DIV2K/DIV2K_valid_HR/0868.png,div2k/0868.png/sigma_0.150,div2k,0868.png,20067,a5806164ffd45d6b14c4f40b199c062ca7d2855351fd99291a948b57f15212f1,3f900618571625c340ba45e51bd1e3d128f7f3550c63988d124a936fd88fcd70,0.15000000596046448,0.016574418172240257,17.805618286132812,0.26616498827934265,0.0017171809449791908,27.651840209960938,0.881582498550415,6.416754722595215,2.9617860317230225,0.00014658182044513524,8.320335388183594,0.03358408808708191,8.283035278320312,8.320335388183594,0.0202789306640625,0.540924072265625
U-Tikhonov T4/CG64,268,68,0,/Users/kyrillguba/Documents/Data Analytics MSc/Thesis/Python/First Try/data/DIV2K/DIV2K_valid_HR/0869.png,div2k/0869.png/sigma_0.150,div2k,0869.png,20068,bc61ffc14754a4c0e306111ec7946ec828ebc05b363e7717d8c2f300d7750e5c,202aa48ccc3b279a766daa719a87aec876ccb1f9e1834eb4dc7a517266822579,0.15000000596046448,0.020335741341114044,16.917400360107422,0.4392627477645874,0.0029820394702255726,25.254867553710938,0.8119593858718872,4.61962890625,3.3368258476257324,0.0002502436691429466,8.320335388183594,0.03262108936905861,4.4321088790893555,8.320335388183594,0.0243377685546875,0.31134033203125
U-Tikhonov T4/CG64,269,69,0,/Users/kyrillguba/Documents/Data Analytics MSc/Thesis/Python/First Try/data/DIV2K/DIV2K_valid_HR/0870.png,div2k/0870.png/sigma_0.150,div2k,0870.png,20069,23fb86d88c32c580e802edb1ef9cd9aecf3ca74c79ecdde14ada63f7050ad410,6321e9cf1562ebed88776a69961ee1c5c8cc0c1983af1fc62b68e2aa77eb14a7,0.15000000596046448,0.02132485806941986,16.711137771606445,0.5675413608551025,0.005210051313042641,22.831581115722656,0.7515660524368286,2.3502049446105957,2.3185083866119385,0.0005643925978802145,8.320335388183594,0.030867410823702812,1.4885022640228271,8.31959342956543,0.028228759765625,0.03643798828125
U-Tikhonov T4/CG64,270,70,0,/Users/kyrillguba/Documents/Data Analytics MSc/Thesis/Python/First Try/data/DIV2K/DIV2K_valid_HR/0871.png,div2k/0871.png/sigma_0.150,div2k,0871.png,20070,755675f2824bd9535075c3a3649ecad82608dffc5b28d5b6777c999ce5ac8feb,10125e5a8e11f33c76c1b1bed7595bdfd36ccd859da9d715e162a1351d92a580,0.15000000596046448,0.021094676107168198,16.758272171020508,0.5268259048461914,0.003453336888924241,24.617610931396484,0.8310671448707581,3.1676535606384277,2.857225179672241,0.00034642574610188603,8.320335388183594,0.026771536096930504,2.011636972427368,8.320318222045898,0.03076171875,0.093414306640625
U-Tikhonov T4/CG64,271,71,0,/Users/kyrillguba/Documents/Data Analytics MSc/Thesis/Python/First Try/data/DIV2K/DIV2K_valid_HR/0872.png,div2k/0872.png/sigma_0.150,div2k,0872.png,20071,a3051017ca8c7da3a6c7830c9bb928ecf2b81dc2add6c092a6aecfa321376f6b,c460690477aa730ba52b6f070f23b6a80e95359dd83e0d659d013b8e096f919b,0.15000000596046448,0.020569588989019394,16.86774444580078,0.6250527501106262,0.00484046246856451,23.151132583618164,0.8310322761535645,2.879211902618408,2.9354443550109863,0.00012014919775538146,8.320335388183594,0.013640268705785275,1.4981942176818848,8.320333480834961,0.0508880615234375,0.10345458984375
U-Tikhonov T4/CG64,272,72,0,/Users/kyrillguba/Documents/Data Analytics MSc/Thesis/Python/First Try/data/DIV2K/DIV2K_valid_HR/0873.png,div2k/0873.png/sigma_0.150,div2k,0873.png,20072,98eca5a763607b677cf4da90c4112b7bd27d325edaf99023f29c46b2af95740e,b1a58c6fdd9a17716a53afc24b211241e38bebda099604f4de03ec4b8a65d0c0,0.15000000596046448,0.02104468084871769,16.768577575683594,0.4549928903579712,0.004107926972210407,23.863773345947266,0.7572997808456421,3.511035919189453,2.9231579303741455,0.0004178011149633676,8.320335388183594,0.0689418837428093,2.349506378173828,8.320335388183594,0.0123291015625,0.149871826171875
U-Tikhonov T4/CG64,273,73,0,/Users/kyrillguba/Documents/Data Analytics MSc/Thesis/Python/First Try/data/DIV2K/DIV2K_valid_HR/0874.png,div2k/0874.png/sigma_0.150,div2k,0874.png,20073,c1b141701b55a15db0c8d9d38d28131d0c6935abc941c0cf5a1b8e17483ce6db,f7a960b00896cbbdc6ccf512afa721f386e45066e678fb4dac90081e17444d92,0.15000000596046448,0.020938146859407425,16.790616989135742,0.38387995958328247,0.0026002591475844383,25.849834442138672,0.747211217880249,4.939106464385986,2.999919891357422,0.00022541661746799946,8.320335388183594,0.0574224591255188,5.062063217163086,8.320335388183594,0.013671875,0.2505035400390625
U-Tikhonov T4/CG64,274,74,0,/Users/kyrillguba/Documents/Data Analytics MSc/Thesis/Python/First Try/data/DIV2K/DIV2K_valid_HR/0875.png,div2k/0875.png/sigma_0.150,div2k,0875.png,20074,9efdc0057bb6e53db148019bb4a13192254fce5f31a016a4924e85fc6ee62a16,e753a30c362a6d3eb9c45706aecc08c68a7ea7f6628d8db66366787c20355c9f,0.15000000596046448,0.020058192312717438,16.977083206176758,0.6610298156738281,0.005589706357568502,22.526111602783203,0.8301726579666138,2.478435516357422,2.6757845878601074,0.00012636861356440932,8.320335388183594,0.01505397167056799,1.2850053310394287,8.320334434509277,0.0524139404296875,0.0689544677734375
U-Tikhonov T4/CG64,275,75,0,/Users/kyrillguba/Documents/Data Analytics MSc/Thesis/Python/First Try/data/DIV2K/DIV2K_valid_HR/0876.png,div2k/0876.png/sigma_0.150,div2k,0876.png,20075,84df379a2b4a7b995296e31b3954bfb9a7731d5e2d0b8650405a416a53e11125,04f67a9594d48093a6e08a0e38642e6eee5be4f8b3ade5dfae2084bc980881d8,0.15000000596046448,0.01703212410211563,17.687313079833984,0.45483678579330444,0.003943062387406826,24.041664123535156,0.6892080307006836,3.7872259616851807,3.018512487411499,0.00036203983472660184,8.320335388183594,0.027461979538202286,2.801826000213623,8.320321083068848,0.02734375,0.1212310791015625
U-Tikhonov T4/CG64,276,76,0,/Users/kyrillguba/Documents/Data Analytics MSc/Thesis/Python/First Try/data/DIV2K/DIV2K_valid_HR/0877.png,div2k/0877.png/sigma_0.150,div2k,0877.png,20076,a7be10c02736c3557926612d053466a395f1f8df83ddeeff7027d05bb769b33a,7a218ead6d4c2d3dbb899303596e94d43e2c5a54ec8912d5cb7240b959b4d20a,0.15000000596046448,0.01769191399216652,17.52225112915039,0.31010305881500244,0.0017458717338740826,27.579877853393555,0.7835438251495361,4.922609329223633,3.0261805057525635,0.00043647500569932163,8.320335388183594,0.06119050458073616,5.326313018798828,8.320333480834961,0.0130767822265625,0.2052001953125
U-Tikhonov T4/CG64,277,77,0,/Users/kyrillguba/Documents/Data Analytics MSc/Thesis/Python/First Try/data/DIV2K/DIV2K_valid_HR/0878.png,div2k/0878.png/sigma_0.150,div2k,0878.png,20077,f1e61ee7f615bf40fc0cc24a3750fc6413019d89281f32d061c3bfb42fdf3082,523e861cf9811cfce774e032f43234955e18c0379b5dd121e8c3aa12cc8d019b,0.15000000596046448,0.0209621824324131,16.78563690185547,0.5418142080307007,0.003964638337492943,24.01796531677246,0.799466609954834,3.3330745697021484,2.9628214836120605,0.00026440879446454346,8.320335388183594,0.022647444158792496,2.1272454261779785,8.320335388183594,0.0319976806640625,0.1283416748046875
U-Tikhonov T4/CG64,278,78,0,/Users/kyrillguba/Documents/Data Analytics MSc/Thesis/Python/First Try/data/DIV2K/DIV2K_valid_HR/0879.png,div2k/0879.png/sigma_0.150,div2k,0879.png,20078,f7a72db70e5d13cc9ce0514ee1b317f98a5b43e5671f68071037416761ac50bb,d5918c03e5907d4cf17c7a3b8fdf798cfd715c7e2c42e5b086c8db22e0140197,0.15000000596046448,0.02097097411751747,16.7838134765625,0.3940846621990204,0.002909075003117323,25.362451553344727,0.8527718782424927,5.021800994873047,3.459810495376587,0.0002750761341303587,8.320335388183594,0.021162182092666626,6.956603050231934,8.320335388183594,0.034271240234375,0.38427734375
U-Tikhonov T4/CG64,279,79,0,/Users/kyrillguba/Documents/Data Analytics MSc/Thesis/Python/First Try/data/DIV2K/DIV2K_valid_HR/0880.png,div2k/0880.png/sigma_0.150,div2k,0880.png,20079,2464ffab9474f65f91c41e6231fc7c3907d471b36d493192c28dd9a9c9ac3c4c,dbdea1106cd8958916fc9772a53d3f6877bb9eb6f6bf76523991d5764d8fdd36,0.15000000596046448,0.02196056768298149,16.58356475830078,0.3213769495487213,0.00208422658033669,26.810550689697266,0.8292745351791382,5.362067222595215,3.258636951446533,0.000323624029988423,8.320335388183594,0.05220244452357292,7.524839401245117,8.320335388183594,0.01544189453125,0.4160003662109375
U-Tikhonov T4/CG64,280,80,0,/Users/kyrillguba/Documents/Data Analytics MSc/Thesis/Python/First Try/data/DIV2K/DIV2K_valid_HR/0881.png,div2k/0881.png/sigma_0.150,div2k,0881.png,20080,b4be0560c87adf38d8561ec3fb5a8e3e0e5d0b43501194ff1ff77f1511e89119,12545213925ff49318f4eb85bc9d7708644215a2b6f920b8b43a35070b88ddef,0.15000000596046448,0.021493175998330116,16.67699432373047,0.3434904217720032,0.0020426600240170956,26.898040771484375,0.8132472038269043,5.419637203216553,3.0413410663604736,0.0003651923034340143,8.320335388183594,0.06486912816762924,6.784071445465088,8.320335388183594,0.012359619140625,0.330718994140625
U-Tikhonov T4/CG64,281,81,0,/Users/kyrillguba/Documents/Data Analytics MSc/Thesis/Python/First Try/data/DIV2K/DIV2K_valid_HR/0882.png,div2k/0882.png/sigma_0.150,div2k,0882.png,20081,aac379d4eb1f7ffb4575e0fcca3a6836e85643267b9f537632bdfd3422ae2a6d,6ea62831d84b83768a283f19ded8038b94cdc02a1803dc9d4be062a1010c652b,0.15000000596046448,0.020324550569057465,16.919790267944336,0.5098577737808228,0.0032519688829779625,24.878538131713867,0.8624992370605469,3.1942641735076904,2.9942240715026855,0.00011839009675895795,8.320335388183594,0.008004995062947273,1.9438278675079346,8.320335388183594,0.057891845703125,0.1232147216796875
U-Tikhonov T4/CG64,282,82,0,/Users/kyrillguba/Documents/Data Analytics MSc/Thesis/Python/First Try/data/DIV2K/DIV2K_valid_HR/0883.png,div2k/0883.png/sigma_0.150,div2k,0883.png,20082,dc84aa16cb279e020e6bb4a512b74aeb161e2c3b612b40cfe834b4ea44c4dbd4,d6ca2ad6f8222cacc85ba5acfe3731812141fffa89abd8381baa251a186ba402,0.15000000596046448,0.02078293263912201,16.82293128967285,0.5666801929473877,0.004325643181800842,23.63949203491211,0.8175215721130371,3.1980488300323486,3.0294840335845947,0.0003121545596513897,8.320335388183594,0.016959309577941895,1.8465977907180786,8.320335388183594,0.0412750244140625,0.1441497802734375
U-Tikhonov T4/CG64,283,83,0,/Users/kyrillguba/Documents/Data Analytics MSc/Thesis/Python/First Try/data/DIV2K/DIV2K_valid_HR/0884.png,div2k/0884.png/sigma_0.150,div2k,0884.png,20083,c3e792b1483d91371c9eeedd1d20a4f45de1d748d7f261794ce740fbc3ea3016,67d70f20a1d4f66cac28d02ab11cd81f739a1071d066579730d2624fe56ba85d,0.15000000596046448,0.020287808030843735,16.927648544311523,0.5604811906814575,0.004551430232822895,23.418521881103516,0.7951241731643677,2.66586971282959,2.6318352222442627,0.0002847534487955272,8.320335388183594,0.018580077216029167,1.592646598815918,8.320175170898438,0.0417633056640625,0.058074951171875
U-Tikhonov T4/CG64,284,84,0,/Users/kyrillguba/Documents/Data Analytics MSc/Thesis/Python/First Try/data/DIV2K/DIV2K_valid_HR/0885.png,div2k/0885.png/sigma_0.150,div2k,0885.png,20084,d1b12f5bdff73a004166bc26bfd68ed924612ba4dfeb5ee46ef886fec9606402,9eeb98b0c07f0b7b290d584d5a9e68577a79b851fc5d78184fc7550490c240de,0.15000000596046448,0.02135692909359932,16.704612731933594,0.42789727449417114,0.0036802953109145164,24.34117317199707,0.6998212337493896,4.041231155395508,3.006924629211426,0.000378098979126662,8.320335388183594,0.03373005613684654,3.217179775238037,8.320335388183594,0.0223388671875,0.1564178466796875
U-Tikhonov T4/CG64,285,85,0,/Users/kyrillguba/Documents/Data Analytics MSc/Thesis/Python/First Try/data/DIV2K/DIV2K_valid_HR/0886.png,div2k/0886.png/sigma_0.150,div2k,0886.png,20085,8269830c494c50f2ca58c9fe1491092884eabccc73e5d87438dd2282f32843ab,9571b600fa26fa5e78211a52aba99b7f6cdab0485832901faed8cd24db7c030f,0.15000000596046448,0.020501960068941116,16.882047653198242,0.3476765751838684,0.0018855421803891659,27.245637893676758,0.8572819232940674,5.194770812988281,3.128993511199951,0.00010540025687078014,8.320335388183594,0.04550042748451233,6.349620819091797,8.320335388183594,0.01800537109375,0.29852294921875
U-Tikhonov T4/CG64,286,86,0,/Users/kyrillguba/Documents/Data Analytics MSc/Thesis/Python/First Try/data/DIV2K/DIV2K_valid_HR/0887.png,div2k/0887.png/sigma_0.150,div2k,0887.png,20086,9674e5076ec8c005bce7e3450e6bf09deb82df9952eaff58c7717b3a16e90f3e,6d7b91947c5834877dcbcfb879c4555b794c0e30342063eb757e5d1cd377f564,0.15000000596046448,0.020419981330633163,16.899446487426758,0.39879703521728516,0.0033112920355051756,24.800025939941406,0.7787779569625854,4.536581993103027,3.2912325859069824,0.00018055371765512973,8.320335388183594,0.028984153643250465,4.109779357910156,8.320335388183594,0.0261993408203125,0.2921142578125
U-Tikhonov T4/CG64,287,87,0,/Users/kyrillguba/Documents/Data Analytics MSc/Thesis/Python/First Try/data/DIV2K/DIV2K_valid_HR/0888.png,div2k/0888.png/sigma_0.150,div2k,0888.png,20087,0b12dfb6e7a24bf393f0f61b8c12a04a0e14c82f6eb77cce3a6d2ed989cadb40,da1f4ebeae57366ccd911abc2e91442211f58aa2208b08a5e5e0641bb5b15b3f,0.15000000596046448,0.019633378833532333,17.070049285888672,0.6296042203903198,0.004875281825661659,23.12000274658203,0.8347721099853516,2.571200370788574,2.7579939365386963,0.00014037139771971852,8.320335388183594,0.010815652087330818,1.3350193500518799,8.320329666137695,0.059814453125,0.07745361328125
U-Tikhonov T4/CG64,288,88,0,/Users/kyrillguba/Documents/Data Analytics MSc/Thesis/Python/First Try/data/DIV2K/DIV2K_valid_HR/0889.png,div2k/0889.png/sigma_0.150,div2k,0889.png,20088,65b588cd7d91eb7ab3ad2ee297b48e2bcd71468e6f3fd4cedd22296161fcf0b3,4d47a099f8c03527f178a93d20ec6021009f2bf007699ffbf4d49b9ee0a18bac,0.15000000596046448,0.019847596064209938,17.022920608520508,0.6674190759658813,0.006129910238087177,22.125457763671875,0.8168737888336182,2.1061172485351562,2.535977602005005,0.0001824702776502818,8.320335388183594,0.011481006629765034,0.9725561141967773,8.320328712463379,0.0704498291015625,0.056488037109375
U-Tikhonov T4/CG64,289,89,0,/Users/kyrillguba/Documents/Data Analytics MSc/Thesis/Python/First Try/data/DIV2K/DIV2K_valid_HR/0890.png,div2k/0890.png/sigma_0.150,div2k,0890.png,20089,641726511e5ab55ecb5dccce15a53a64473d43e0a2be22d51e522b22644d2891,090cde7116e024b2ec602eebacab490050c1b660e998f53dd4720b5b72685506,0.15000000596046448,0.022137947380542755,16.548625946044922,0.30939149856567383,0.002037370577454567,26.9093017578125,0.7983303666114807,5.15588903427124,3.1005849838256836,0.0014141277642920613,8.320335388183594,0.1023145318031311,5.906522750854492,8.320335388183594,0.0080108642578125,0.3337860107421875
U-Tikhonov T4/CG64,290,90,0,/Users/kyrillguba/Documents/Data Analytics MSc/Thesis/Python/First Try/data/DIV2K/DIV2K_valid_HR/0891.png,div2k/0891.png/sigma_0.150,div2k,0891.png,20090,df25cc2cba32c4a350c4749f690c8d6acb73d96d359ca40b6fee4071dbf564d0,7dff3a0867a76ac2a36a0195af44b2d5f502d8da1a0aff1f9a5753df36f19149,0.15000000596046448,0.02067994698882103,16.844505310058594,0.6243946552276611,0.005079920403659344,22.94143295288086,0.8221820592880249,2.723661422729492,2.7928197383880615,0.00014762720093131065,8.320335388183594,0.018723580986261368,1.468774437904358,8.320333480834961,0.0466461181640625,0.080322265625
U-Tikhonov T4/CG64,291,91,0,/Users/kyrillguba/Documents/Data Analytics MSc/Thesis/Python/First Try/data/DIV2K/DIV2K_valid_HR/0892.png,div2k/0892.png/sigma_0.150,div2k,0892.png,20091,cf51693d41de71e034484154f59145fbffeb5a48fb250085472f21ef15bc44ee,a59e46b09cbe29e3ebc2d1e171a0a0ff3bf91fc8647f369b99fa62754e807e66,0.15000000596046448,0.02017464116215706,16.951942443847656,0.6150212287902832,0.005760796833783388,22.395174026489258,0.79803866147995,2.20737886428833,2.6867761611938477,0.00017375510651618242,8.320335388183594,0.01067157182842493,0.9030777215957642,8.320311546325684,0.0796661376953125,0.0618896484375
U-Tikhonov T4/CG64,292,92,0,/Users/kyrillguba/Documents/Data Analytics MSc/Thesis/Python/First Try/data/DIV2K/DIV2K_valid_HR/0893.png,div2k/0893.png/sigma_0.150,div2k,0893.png,20092,e38a2d9fc2bb1bfe2d7f4ac7ac04be6e3b640472049753a9ec509cb5b184dfae,05609a5b3db9d0ebbee04566382b115babbaf65d1f71365a2d3b0c1021529ba3,0.15000000596046448,0.018521644175052643,17.323205947875977,0.4411300718784332,0.0028827390633523464,25.401947021484375,0.8118307590484619,4.424306869506836,3.29313063621521,0.00015004136366769671,8.320335388183594,0.014659403823316097,4.167852878570557,8.320335388183594,0.04052734375,0.2276611328125
U-Tikhonov T4/CG64,293,93,0,/Users/kyrillguba/Documents/Data Analytics MSc/Thesis/Python/First Try/data/DIV2K/DIV2K_valid_HR/0894.png,div2k/0894.png/sigma_0.150,div2k,0894.png,20093,f7c053db8ff81bb3c056ed342eb0bfb9ba890e8adb30617f79d560f11e941c73,3fccd8843bb8ab2352f2c3dca1f0041b3201bbadd09121217f0bbca35f20ea40,0.15000000596046448,0.01920481212437153,17.1658992767334,0.3721504807472229,0.002268090844154358,26.443395614624023,0.7665526866912842,5.832827568054199,3.066399097442627,0.00011972348147537559,8.320335388183594,0.0363943912088871,7.924349784851074,8.320335388183594,0.0186920166015625,0.4170989990234375
U-Tikhonov T4/CG64,294,94,0,/Users/kyrillguba/Documents/Data Analytics MSc/Thesis/Python/First Try/data/DIV2K/DIV2K_valid_HR/0895.png,div2k/0895.png/sigma_0.150,div2k,0895.png,20094,abdbc9e5dd323d44902bb35948460b514a4fe27d53aa9bc4f2072e0a425a5902,6aa3aa753ea7ad02049ba7f7f3c2a098d40cd8ab63418c08e09883f61b4ac7a0,0.15000000596046448,0.02031978964805603,16.920808792114258,0.509181797504425,0.005130741745233536,22.898197174072266,0.6820943355560303,4.225627899169922,2.9916934967041016,0.00016305044118780643,8.320335388183594,0.045198146253824234,3.415886878967285,8.320335388183594,0.016937255859375,0.1876373291015625
U-Tikhonov T4/CG64,295,95,0,/Users/kyrillguba/Documents/Data Analytics MSc/Thesis/Python/First Try/data/DIV2K/DIV2K_valid_HR/0896.png,div2k/0896.png/sigma_0.150,div2k,0896.png,20095,857388cd8fc429b194bc7374762cee70b099ddf090a6495b03d92edc4c8c7b8d,4e5ec91ba09447954d9184006b86d6c8a4d2e9762c0d802b7acc3e30a003fe99,0.15000000596046448,0.015470854938030243,18.1048583984375,0.36559027433395386,0.002522112336009741,25.982357025146484,0.8958287835121155,6.212431907653809,3.0513498783111572,0.00011670491221593693,8.320335388183594,0.019667156040668488,8.251208305358887,8.320335388183594,0.0267333984375,0.5099029541015625
U-Tikhonov T4/CG64,296,96,0,/Users/kyrillguba/Documents/Data Analytics MSc/Thesis/Python/First Try/data/DIV2K/DIV2K_valid_HR/0897.png,div2k/0897.png/sigma_0.150,div2k,0897.png,20096,a75baf8d323b01687486bd536ce524304bab0a20ffcaf0d6d19c9abe9c8bef57,e2fdff6e4bfb56efb51be82da3f6818d38e92ea4b89c06426ff672fb11ab9cea,0.15000000596046448,0.018825935199856758,17.25243377685547,0.817688524723053,0.010487932711839676,19.793102264404297,0.8599587678909302,1.2494736909866333,2.318976640701294,0.0001240174169652164,8.320335388183594,0.0007594003109261394,0.21996049582958221,8.318770408630371,0.334259033203125,0.0354156494140625
U-Tikhonov T4/CG64,297,97,0,/Users/kyrillguba/Documents/Data Analytics MSc/Thesis/Python/First Try/data/DIV2K/DIV2K_valid_HR/0898.png,div2k/0898.png/sigma_0.150,div2k,0898.png,20097,0f9b0c2f1793b1dd0ac81be97181b9e904a39fcf108cd39194842f26678085f7,02c50d40179ae73f11237da6f9918d44c299b7ab614e0896018584e491c28614,0.15000000596046448,0.021980486810207367,16.579627990722656,0.26478034257888794,0.0017684007761999965,27.524194717407227,0.8531839847564697,6.0732316970825195,3.1370935440063477,0.00020478716760408133,8.320335388183594,0.06545376777648926,8.271256446838379,8.320335388183594,0.0131378173828125,0.5230255126953125
U-Tikhonov T4/CG64,298,98,0,/Users/kyrillguba/Documents/Data Analytics MSc/Thesis/Python/First Try/data/DIV2K/DIV2K_valid_HR/0899.png,div2k/0899.png/sigma_0.150,div2k,0899.png,20098,bea5ead4e165747f9c0e6d434cc536abdd4760b1a8da09c78f705024684bff65,cf88b3a38e6d7cc9cd1a08f9cc3127392ccd44bf3b7be67da5653df76ed6db73,0.15000000596046448,0.01932554319500923,17.138683319091797,0.5551150441169739,0.0040588099509477615,23.916013717651367,0.8150321245193481,3.367795705795288,3.2325916290283203,0.00010994599142577499,8.320335388183594,0.004953419324010611,1.9239575862884521,8.320335388183594,0.084686279296875,0.1516876220703125
U-Tikhonov T4/CG64,299,99,0,/Users/kyrillguba/Documents/Data Analytics MSc/Thesis/Python/First Try/data/DIV2K/DIV2K_valid_HR/0900.png,div2k/0900.png/sigma_0.150,div2k,0900.png,20099,72e06d86758e25d0f39e87b43b4ed00325b96cc08c65fc1809df35beee23e59c,8675b721ca7e8956cf02bb1a0098b9439a3aff7c56577ec1f3ac2a00b63625c9,0.15000000596046448,0.016771264374256134,17.754343032836914,0.5362525582313538,0.00495958561077714,23.045547485351562,0.741921067237854,3.624788284301758,3.1848065853118896,0.00016506476094946265,8.320335388183594,0.013094822876155376,2.3598599433898926,8.320335388183594,0.0496673583984375,0.1565399169921875
U-Tikhonov T4/CG64,300,0,0,/Users/kyrillguba/Documents/Data Analytics MSc/Thesis/Python/First Try/data/DIV2K/DIV2K_valid_HR/0801.png,div2k/0801.png/sigma_0.200,div2k,0801.png,20000,9ca598cce3296c3968a2f8f7685477f637dbdbbb9d4efb1cd418ca185bd31eef,a9365f4e0c16669b5077b4e9432d32a1601ddf16ec48ed5bc58b26305bb2dfd6,0.20000000298023224,0.03454243391752243,14.616471290588379,0.43085727095603943,0.005840748082846403,22.335317611694336,0.711006760597229,3.6527633666992188,2.77699613571167,0.00012238755880389363,8.320335388183594,0.04739927127957344,2.8146848678588867,8.320321083068848,0.017425537109375,0.0936279296875
U-Tikhonov T4/CG64,301,1,0,/Users/kyrillguba/Documents/Data Analytics MSc/Thesis/Python/First Try/data/DIV2K/DIV2K_valid_HR/0802.png,div2k/0802.png/sigma_0.200,div2k,0802.png,20001,3177c80331fb32ceee70ac3ef64d2e56a1bce05ea8a9c0b664e2592552554742,36060dd2d8d24324286c1b18f2ecc8777c2ec20e379eefda3e35ac636d9b3f94,0.20000000298023224,0.03269209712743759,14.855571746826172,0.552805483341217,0.005246988032013178,22.800901412963867,0.8628654479980469,2.5821290016174316,2.6006922721862793,0.00045832310570403934,8.320335388183594,0.024248778820037842,1.5003788471221924,8.32027530670166,0.036376953125,0.0594940185546875
U-Tikhonov T4/CG64,302,2,0,/Users/kyrillguba/Documents/Data Analytics MSc/Thesis/Python/First Try/data/DIV2K/DIV2K_valid_HR/0803.png,div2k/0803.png/sigma_0.200,div2k,0803.png,20002,671a4205d217354c075117f716a83d9a5ef2b4c921475de333f15ac8882c9356,0407f8277a603861b050d3fca105d13640f58fd1f088543fac352d20d4ee0d6d,0.20000000298023224,0.03677719458937645,14.34421443939209,0.3164742588996887,0.0028670220635831356,25.425689697265625,0.8187674283981323,4.6219706535339355,2.933471441268921,0.00018963657203130424,8.320335388183594,0.0467689111828804,4.419218063354492,8.320335388183594,0.015838623046875,0.17987060546875
U-Tikhonov T4/CG64,303,3,0,/Users/kyrillguba/Documents/Data Analytics MSc/Thesis/Python/First Try/data/DIV2K/DIV2K_valid_HR/0804.png,div2k/0804.png/sigma_0.200,div2k,0804.png,20003,f95563d4b6e58b102c165eeec7f7e1ba2608e12c3a331510949f0cce842149ea,5091347d676ff4495f51148d24623d7797e9d157213b7378f4e24a70453e7c75,0.20000000298023224,0.033111415803432465,14.800223350524902,0.5136070251464844,0.0057509420439600945,22.402610778808594,0.7890162467956543,3.6723365783691406,3.0933425426483154,0.00018242892110720277,8.320335388183594,0.017432546243071556,2.5219924449920654,8.320335388183594,0.0362091064453125,0.1616363525390625
U-Tikhonov T4/CG64,304,4,0,/Users/kyrillguba/Documents/Data Analytics MSc/Thesis/Python/First Try/data/DIV2K/DIV2K_valid_HR/0805.png,div2k/0805.png/sigma_0.200,div2k,0805.png,20004,bac34b49da4033070da28c152ece5c527c7274eafed4e320f3e7258274a93177,6cf8931033545531e65b45cd0193f8f35f03ca064e6aeb6884f862feae04a2a9,0.20000000298023224,0.03317341208457947,14.792098999023438,0.37022048234939575,0.0046751792542636395,23.302017211914062,0.7174732685089111,4.400996208190918,2.9331674575805664,0.00021848990581929684,8.320335388183594,0.07583215087652206,3.961604356765747,8.320334434509277,0.0112152099609375,0.158355712890625
U-Tikhonov T4/CG64,305,5,0,/Users/kyrillguba/Documents/Data Analytics MSc/Thesis/Python/First Try/data/DIV2K/DIV2K_valid_HR/0806.png,div2k/0806.png/sigma_0.200,div2k,0806.png,20005,befc31ea0c7663db0351a7238adfea3153639f5dfa13cb7cacfd757a46539d49,42ca3f83fbb588f1d98a5db8125804044c1d5568bed89b9c5c17685aab2e52a1,0.20000000298023224,0.034227900207042694,14.656198501586914,0.31462281942367554,0.0031141082290560007,25.06666374206543,0.7976444959640503,5.123176574707031,3.051656484603882,0.0003459744912106544,8.320335388183594,0.06531718373298645,5.8076019287109375,8.320335388183594,0.012481689453125,0.2769012451171875
U-Tikhonov T4/CG64,306,6,0,/Users/kyrillguba/Documents/Data Analytics MSc/Thesis/Python/First Try/data/DIV2K/DIV2K_valid_HR/0807.png,div2k/0807.png/sigma_0.200,div2k,0807.png,20006,1e941eaeed69e78250491fe2c5b2f458f2f36301b8aa701227bd408f852fa572,7577e075b9407964bd3c045c44f49e9eed4cd36144880344a401029a52f84239,0.20000000298023224,0.034604717046022415,14.608646392822266,0.3595600128173828,0.00522957369685173,22.815338134765625,0.6848752498626709,4.5827531814575195,3.0596303939819336,0.00046703143743798137,8.320335388183594,0.06361914426088333,4.196981430053711,8.320335388183594,0.013336181640625,0.22772216796875
U-Tikhonov T4/CG64,307,7,0,/Users/kyrillguba/Documents/Data Analytics MSc/Thesis/Python/First Try/data/DIV2K/DIV2K_valid_HR/0808.png,div2k/0808.png/sigma_0.200,div2k,0808.png,20007,9666b1dba93f470d95570471f38f195acafae585deefb8498b5ebb625df94e78,593a46ec02aafa29eda0f31d7bc829966f052ea8bcfac6fd931cb7aafef5c478,0.20000000298023224,0.03264236822724342,14.862183570861816,0.24462930858135223,0.0032969554886221886,24.818870544433594,0.7761630415916443,6.253156661987305,2.9448089599609375,0.00016193516785278916,8.320335388183594,0.05635407567024231,8.248567581176758,8.320335388183594,0.0140228271484375,0.5064849853515625
U-Tikhonov T4/CG64,308,8,0,/Users/kyrillguba/Documents/Data Analytics MSc/Thesis/Python/First Try/data/DIV2K/DIV2K_valid_HR/0809.png,div2k/0809.png/sigma_0.200,div2k,0809.png,20008,f57d7f591d2770efb0162e925acaaef8e4ce467e58b7a54d53de058959be9978,7c562f910f22a6bbc5b8b1863098a4cc05a6fb6bfda81f9b8b157feccff608ae,0.20000000298023224,0.035625673830509186,14.482369422912598,0.3049831986427307,0.0035995945800095797,24.43746566772461,0.6589563488960266,5.246114730834961,2.780468225479126,0.0003927148936782032,8.320335388183594,0.13886690139770508,5.657320022583008,8.320335388183594,0.005859375,0.22296142578125
U-Tikhonov T4/CG64,309,9,0,/Users/kyrillguba/Documents/Data Analytics MSc/Thesis/Python/First Try/data/DIV2K/DIV2K_valid_HR/0810.png,div2k/0810.png/sigma_0.200,div2k,0810.png,20009,50cf8d799292c4a6f6c23b4a8f1d0c08015da9c6e74d9109a31efdb1eb5d9df3,ba7b2bf6f8dbef7b1540f43046cdf692e30fb9075a4c929eaa71a46d1b2a973a,0.20000000298023224,0.03685157373547554,14.335440635681152,0.2768332064151764,0.003100066212937236,25.08629035949707,0.7218133807182312,5.645560264587402,2.817112922668457,0.001734310295432806,8.320335388183594,0.14841510355472565,6.851722717285156,8.320335388183594,0.0053558349609375,0.304229736328125
U-Tikhonov T4/CG64,310,10,0,/Users/kyrillguba/Documents/Data Analytics MSc/Thesis/Python/First Try/data/DIV2K/DIV2K_valid_HR/0811.png,div2k/0811.png/sigma_0.200,div2k,0811.png,20010,ceab700e5944238d72f4ec94852a5ee6b9c353c54281c96ee7c6e9b9f2a16308,66b078cc01d92864043643094c99ce46de0fc392c329670aea72faa0081b61ef,0.20000000298023224,0.030274415388703346,15.189242362976074,0.2888026833534241,0.004406392574310303,23.559167861938477,0.6181207299232483,5.195713043212891,2.9337751865386963,0.00035759489401243627,8.320335388183594,0.1253834217786789,5.742834568023682,8.320335388183594,0.00616455078125,0.2626495361328125
U-Tikhonov T4/CG64,311,11,0,/Users/kyrillguba/Documents/Data Analytics MSc/Thesis/Python/First Try/data/DIV2K/DIV2K_valid_HR/0812.png,div2k/0812.png/sigma_0.200,div2k,0812.png,20011,5f26939fc07611061a96f2a386a77ffd9251b83abf26ac7ecb5a44dcae97187b,7b8e9a311c180f17e7a36e7c0f870bbdac4a5ec65c94e366e0e96e16577873ee,0.20000000298023224,0.03386826440691948,14.702071189880371,0.40606313943862915,0.0046899328008294106,23.2883358001709,0.7675157785415649,4.911613464355469,3.2793335914611816,0.0001389284007018432,8.320335388183594,0.0218509454280138,5.629688739776611,8.320335388183594,0.0284576416015625,0.3145751953125
U-Tikhonov T4/CG64,312,12,0,/Users/kyrillguba/Documents/Data Analytics MSc/Thesis/Python/First Try/data/DIV2K/DIV2K_valid_HR/0813.png,div2k/0813.png/sigma_0.200,div2k,0813.png,20012,c34023db0a8b05fd8269a4d5afeb83670d5b08e7bce8d6c8cfe221a95b0e0b2f,86c1ff20a5aa336ba94861bc2334494a860c894bc88a7435aa3806678e7ad8b3,0.20000000298023224,0.030121561139822006,15.211225509643555,0.4075990319252014,0.004914720542728901,23.085012435913086,0.7791210412979126,4.872915744781494,3.248854875564575,0.00014435274351853877,8.320335388183594,0.028173334896564484,5.391051769256592,8.320335388183594,0.0243377685546875,0.3020782470703125
U-Tikhonov T4/CG64,313,13,0,/Users/kyrillguba/Documents/Data Analytics MSc/Thesis/Python/First Try/data/DIV2K/DIV2K_valid_HR/0814.png,div2k/0814.png/sigma_0.200,div2k,0814.png,20013,9f544177fb7f24fc86ba1b0d9b9d0e664f093ce144600099ca215fbf1a3e3c25,f19bbc6781dd3503c77ca7892fbf75631b7770a251002b21caa79b16139c91b3,0.20000000298023224,0.034978337585926056,14.562007904052734,0.19906678795814514,0.002711094217374921,25.668554306030273,0.7663601636886597,6.3062334060668945,2.922793388366699,0.00029139145044609904,8.320335388183594,0.08368305116891861,8.280216217041016,8.320335388183594,0.00994873046875,0.531402587890625
U-Tikhonov T4/CG64,314,14,0,/Users/kyrillguba/Documents/Data Analytics MSc/Thesis/Python/First Try/data/DIV2K/DIV2K_valid_HR/0815.png,div2k/0815.png/sigma_0.200,div2k,0815.png,20014,d8f2b2b3496e52c1ec43e3c5e28732516b24990b8a2361d1876240ad562db395,44f7ec206d35f890114f56d53d033f150d8d97ec4412917428f012ddb457eb5a,0.20000000298023224,0.034089915454387665,14.67374038696289,0.3620714545249939,0.00419015996158123,23.777694702148438,0.7515596747398376,4.074185371398926,2.91642165184021,0.00020857551135122776,8.320335388183594,0.05152619630098343,3.374385356903076,8.320334434509277,0.015960693359375,0.1332550048828125
U-Tikhonov T4/CG64,315,15,0,/Users/kyrillguba/Documents/Data Analytics MSc/Thesis/Python/First Try/data/DIV2K/DIV2K_valid_HR/0816.png,div2k/0816.png/sigma_0.200,div2k,0816.png,20015,f457e7c932a8730df29263aaf8e3c3a2e54e7e68e543a34cdbc085f7c21edf50,bb47f91d9ab8fadad3de18398885eddd3433d68f18b7cd263a390ab4f7a0012d,0.20000000298023224,0.034869372844696045,14.57555866241455,0.30748236179351807,0.003408215008676052,24.67473030090332,0.7447899580001831,5.164943695068359,3.020376443862915,0.0003850082866847515,8.320335388183594,0.08737289160490036,5.773576259613037,8.320335388183594,0.009613037109375,0.2976837158203125
U-Tikhonov T4/CG64,316,16,0,/Users/kyrillguba/Documents/Data Analytics MSc/Thesis/Python/First Try/data/DIV2K/DIV2K_valid_HR/0817.png,div2k/0817.png/sigma_0.200,div2k,0817.png,20016,b14c93dc0fd3fb833a2c04431c6af818313c8c6f744eb433dd1817a932b015cf,c5c8010eaa417191ce2153ff0df530b99d094ff249f993067347a3076d276a20,0.20000000298023224,0.035455383360385895,14.503178596496582,0.33715492486953735,0.004180497955530882,23.7877197265625,0.701448917388916,5.0666351318359375,3.044811725616455,0.00023297860752791166,8.320335388183594,0.06841880828142166,5.49924373626709,8.320335388183594,0.0120086669921875,0.294952392578125
U-Tikhonov T4/CG64,317,17,0,/Users/kyrillguba/Documents/Data Analytics MSc/Thesis/Python/First Try/data/DIV2K/DIV2K_valid_HR/0818.png,div2k/0818.png/sigma_0.200,div2k,0818.png,20017,00f18d236ddc7fe3a937cdcb41ce31082a90c94b9370fc202c7dce18dd80ab2a,966998599e0b596e14f5382b54adf0f2cdc760eefec4f2b25bad3bb854bca0a1,0.20000000298023224,0.031812675297260284,14.973998069763184,0.407841295003891,0.0058531006798148155,22.326141357421875,0.7729024291038513,4.921637535095215,3.3353612422943115,0.00035564834251999855,8.320335388183594,0.026084046810865402,5.851366996765137,8.320335388183594,0.027435302734375,0.337860107421875
U-Tikhonov T4/CG64,318,18,0,/Users/kyrillguba/Documents/Data Analytics MSc/Thesis/Python/First Try/data/DIV2K/DIV2K_valid_HR/0819.png,div2k/0819.png/sigma_0.200,div2k,0819.png,20018,f7450c40d5c0aabdc2bd2a562302ca3993841849efca05e281ec4059186e528c,a0e07558f84759a954d5c6387b083fb4e6ef737af47ace3e552687dde95f156d,0.20000000298023224,0.034033939242362976,14.680877685546875,0.3960559368133545,0.005077568348497152,22.94344139099121,0.6922248005867004,4.596357822418213,3.0308690071105957,0.00017169812053907663,8.320335388183594,0.05370914936065674,4.326414108276367,8.320335388183594,0.0151519775390625,0.2102203369140625
U-Tikhonov T4/CG64,319,19,0,/Users/kyrillguba/Documents/Data Analytics MSc/Thesis/Python/First Try/data/DIV2K/DIV2K_valid_HR/0820.png,div2k/0820.png/sigma_0.200,div2k,0820.png,20019,ab2cf6ba20cc18bafee4976e8be3cbf4a6db4afea570ef888fdebb8c8e0616f2,45ba48f9466d9540d93960a6902a771be58eaf93359722184f499b62a29a620c,0.20000000298023224,0.031304456293582916,15.043937683105469,0.5353561639785767,0.009593460708856583,20.180246353149414,0.707561194896698,3.961202383041382,3.273873805999756,0.00010772234963951632,8.320335388183594,0.011625322513282299,2.8889119625091553,8.320335388183594,0.0460052490234375,0.20819091796875
U-Tikhonov T4/CG64,320,20,0,/Users/kyrillguba/Documents/Data Analytics MSc/Thesis/Python/First Try/data/DIV2K/DIV2K_valid_HR/0821.png,div2k/0821.png/sigma_0.200,div2k,0821.png,20020,ebd02fa51f1a3ee91b6ca90bb58a444e53385dd1193938609708b71bca4504a0,98ad8d0b3c93b65fa7efcb2135dab5fc0366f195db1b1ef8a290e23e8f536ed2,0.20000000298023224,0.031442075967788696,15.02488899230957,0.6964309811592102,0.013318583369255066,18.755420684814453,0.7893359065055847,2.508347511291504,2.9061777591705322,0.00010885029041673988,8.320335388183594,0.0060990662313997746,1.0459437370300293,8.320334434509277,0.0869293212890625,0.0952606201171875
U-Tikhonov T4/CG64,321,21,0,/Users/kyrillguba/Documents/Data Analytics MSc/Thesis/Python/First Try/data/DIV2K/DIV2K_valid_HR/0822.png,div2k/0822.png/sigma_0.200,div2k,0822.png,20021,86c801c8390b132b94a9efaeb7a9bad9acdd1212e41d91d44b44811708142963,ca7d852bc8b16c6278f1bc45ae4c07890003ad72054615c02927480762cf2df5,0.20000000298023224,0.031871505081653595,14.965974807739258,0.41916948556900024,0.006488813553005457,21.878347396850586,0.656353235244751,3.5577352046966553,2.823821783065796,0.0002873470657505095,8.320335388183594,0.04590578004717827,2.6169140338897705,8.320302963256836,0.01898193359375,0.094940185546875
U-Tikhonov T4/CG64,322,22,0,/Users/kyrillguba/Documents/Data Analytics MSc/Thesis/Python/First Try/data/DIV2K/DIV2K_valid_HR/0823.png,div2k/0823.png/sigma_0.200,div2k,0823.png,20022,ec11d2cf0a95684902842094c84e0956a3cd35920ef85f25ba677348927a365c,26bf1ed80d68d5c6eabb4686e90308ffc3cf19921e78000f4d382c56b6b91895,0.20000000298023224,0.03412161022424698,14.66970443725586,0.3423663377761841,0.004704498685896397,23.27486801147461,0.7817482948303223,4.764862060546875,3.349407911300659,0.001016218331642449,8.320335388183594,0.039961349219083786,5.017880916595459,8.320335388183594,0.02117919921875,0.3409423828125
U-Tikhonov T4/CG64,323,23,0,/Users/kyrillguba/Documents/Data Analytics MSc/Thesis/Python/First Try/data/DIV2K/DIV2K_valid_HR/0824.png,div2k/0824.png/sigma_0.200,div2k,0824.png,20023,5ce7bdee523a1299c6a42c3adbb96d0e62c2f40266823753b8c042edb8b10495,f485578de09a4665de67af912511c0ee3ffa2d202728851d682353d17a0a971e,0.20000000298023224,0.031988292932510376,14.950089454650879,0.4113571047782898,0.004809487611055374,23.179014205932617,0.7795345783233643,5.156162261962891,3.3703229427337646,0.0001181460902444087,8.320335388183594,0.011856816709041595,7.0157012939453125,8.320335388183594,0.04150390625,0.36480712890625
U-Tikhonov T4/CG64,324,24,0,/Users/kyrillguba/Documents/Data Analytics MSc/Thesis/Python/First Try/data/DIV2K/DIV2K_valid_HR/0825.png,div2k/0825.png/sigma_0.200,div2k,0825.png,20024,0403db62808d832f7764170e8df2b8c78ad826e2a93d809f8cf6d018258b011a,61e6b9f60ba16552facccb9e47e0ca7141ad08ea8a4a223d1f2af0c84fc2a013,0.20000000298023224,0.03425753489136696,14.65243911743164,0.5137622356414795,0.006774079520255327,21.691497802734375,0.7692381739616394,3.5138797760009766,3.0963964462280273,0.00018833833746612072,8.320335388183594,0.015064278617501259,2.3231072425842285,8.320335388183594,0.04443359375,0.14459228515625
U-Tikhonov T4/CG64,325,25,0,/Users/kyrillguba/Documents/Data Analytics MSc/Thesis/Python/First Try/data/DIV2K/DIV2K_valid_HR/0826.png,div2k/0826.png/sigma_0.200,div2k,0826.png,20025,b7fba61bcca359e5581b44283bbc34696cae71321e031969411ada23b17e2199,e5b36e49ab70c13ddec8ad18f0123685ffe4741ae10c8796387deccf900f867e,0.20000000298023224,0.03241979330778122,14.891897201538086,0.3761705458164215,0.004448194056749344,23.51816177368164,0.7664910554885864,5.301770210266113,3.1934099197387695,0.00012508836516644806,8.320335388183594,0.03711792081594467,6.891469955444336,8.320335388183594,0.0193939208984375,0.3682403564453125
U-Tikhonov T4/CG64,326,26,0,/Users/kyrillguba/Documents/Data Analytics MSc/Thesis/Python/First Try/data/DIV2K/DIV2K_valid_HR/0827.png,div2k/0827.png/sigma_0.200,div2k,0827.png,20026,1a1d5ffbd89d79d7803cf86e2d8f6c75cd146872fd61e387fec71a904e384317,19e103ed562e6af6dc3c79b137828a005900ef232d338de260add904c5386d11,0.20000000298023224,0.025430236011743546,15.946496963500977,0.1578771471977234,0.002938032615929842,25.319435119628906,0.6685160994529724,6.524954319000244,2.6908152103424072,0.0021208180114626884,8.320335388183594,0.12800352275371552,8.237161636352539,8.320335388183594,0.0062255859375,0.50006103515625
U-Tikhonov T4/CG64,327,27,0,/Users/kyrillguba/Documents/Data Analytics MSc/Thesis/Python/First Try/data/DIV2K/DIV2K_valid_HR/0828.png,div2k/0828.png/sigma_0.200,div2k,0828.png,20027,3b7551ae7f737167932c3230707f7075368102b6732eb16bfe514fd471223ea4,9e18af74f560ebed7fdda10932468c5ae614d2c5f11049fad4ebdc85c873d139,0.20000000298023224,0.027486637234687805,15.608783721923828,0.4375625252723694,0.009291375987231731,20.319198608398438,0.5899767875671387,4.276303768157959,3.3981897830963135,0.00016547957784496248,8.320335388183594,0.013538191094994545,3.533616542816162,8.320335388183594,0.0475616455078125,0.2640533447265625
U-Tikhonov T4/CG64,328,28,0,/Users/kyrillguba/Documents/Data Analytics MSc/Thesis/Python/First Try/data/DIV2K/DIV2K_valid_HR/0829.png,div2k/0829.png/sigma_0.200,div2k,0829.png,20028,7fef744df96a3f5b2077c74a59929852deb533e35d4804c7c745471471543ed7,ac896f879188a2a361bafad02222820a1ed560380db764eb4a4dde59e31c7cf6,0.20000000298023224,0.0350884310901165,14.548360824584961,0.32271796464920044,0.003070277161896229,25.128223419189453,0.7654972076416016,5.389469623565674,3.170517683029175,0.00019441390759311616,8.320335388183594,0.02981601282954216,7.102630138397217,8.320335388183594,0.022308349609375,0.3553924560546875
U-Tikhonov T4/CG64,329,29,0,/Users/kyrillguba/Documents/Data Analytics MSc/Thesis/Python/First Try/data/DIV2K/DIV2K_valid_HR/0830.png,div2k/0830.png/sigma_0.200,div2k,0830.png,20029,33405798eea5a2bbd23d383a107f9127b4f5d220ad2d443bdb05db6049757a90,16f1b388f30fbc8ec53e6463179734c4971edf12466826f7064b09cdc0cf5f4e,0.20000000298023224,0.03657222539186478,14.368486404418945,0.28311944007873535,0.003565235296264291,24.47911834716797,0.7114434242248535,5.875701427459717,2.9916207790374756,0.0002298196777701378,8.320335388183594,0.07307730615139008,7.909501075744629,8.320335388183594,0.01104736328125,0.4241180419921875
U-Tikhonov T4/CG64,330,30,0,/Users/kyrillguba/Documents/Data Analytics MSc/Thesis/Python/First Try/data/DIV2K/DIV2K_valid_HR/0831.png,div2k/0831.png/sigma_0.200,div2k,0831.png,20030,37f625cf3b90622b2047f8f9b3e488dcb450cde9c639eb5f94e082ec5148792e,23831d833313857b5e695b9441aafacb1f03391ca87ac2678e98aad19fa20928,0.20000000298023224,0.03198632970452309,14.950356483459473,0.41232922673225403,0.0060029542073607445,22.21634864807129,0.7146217823028564,4.119287490844727,3.1270833015441895,0.0002497230307199061,8.320335388183594,0.022823438048362732,3.386671543121338,8.320335388183594,0.03045654296875,0.1725311279296875
U-Tikhonov T4/CG64,331,31,0,/Users/kyrillguba/Documents/Data Analytics MSc/Thesis/Python/First Try/data/DIV2K/DIV2K_valid_HR/0832.png,div2k/0832.png/sigma_0.200,div2k,0832.png,20031,678db3c6c13225750b6bb2ae62b3e9ffdbdb3491d462fa2451e73fea851ed64c,4c157337022f3b1bbfd7f253c0c3946911618c6badf8404413075b607985800a,0.20000000298023224,0.03169732168316841,14.989774703979492,0.4530256986618042,0.006056970916688442,22.177446365356445,0.7589777708053589,4.269834518432617,3.273308753967285,0.00016304539167322218,8.320335388183594,0.019293664023280144,3.544576644897461,8.320335388183594,0.033447265625,0.24053955078125
U-Tikhonov T4/CG64,332,32,0,/Users/kyrillguba/Documents/Data Analytics MSc/Thesis/Python/First Try/data/DIV2K/DIV2K_valid_HR/0833.png,div2k/0833.png/sigma_0.200,div2k,0833.png,20032,196e9aedca5a8ddb4904ed57c8a1a32e080164df130d093fbc86da6222f32553,e3942347313bdc570018037b7ffaf54bfe4df7ade08538b6bf1373b1fe597fff,0.20000000298023224,0.030519839376211166,15.154176712036133,0.33858901262283325,0.0039176191203296185,24.069778442382812,0.8061913847923279,5.45143985748291,3.226245641708374,0.0001630813640076667,8.320335388183594,0.03361276164650917,7.53519344329834,8.320335388183594,0.0207061767578125,0.3980712890625
U-Tikhonov T4/CG64,333,33,0,/Users/kyrillguba/Documents/Data Analytics MSc/Thesis/Python/First Try/data/DIV2K/DIV2K_valid_HR/0834.png,div2k/0834.png/sigma_0.200,div2k,0834.png,20033,43cd5d3407a2ec5d9396c0ba9f3595990830fe17adfb5b3d69777dc489012502,e836c0332f3c7a2dbcb18f4fb733d71574f3900de16341ba258cc549001c8da5,0.20000000298023224,0.029490448534488678,15.303186416625977,0.3658084571361542,0.004797170404344797,23.190147399902344,0.779474139213562,5.187712669372559,3.241659641265869,0.00014656884013675153,8.320335388183594,0.033530622720718384,6.656657695770264,8.320335388183594,0.021087646484375,0.3610382080078125
U-Tikhonov T4/CG64,334,34,0,/Users/kyrillguba/Documents/Data Analytics MSc/Thesis/Python/First Try/data/DIV2K/DIV2K_valid_HR/0835.png,div2k/0835.png/sigma_0.200,div2k,0835.png,20034,80084574e021b9b385517a807fa4f62735358952d97592c2b192db98626e086c,e8129ea807959129b452dbbc8a2522c68676a92258a791bc7a96c5daf96a2256,0.20000000298023224,0.03433415666222572,14.642736434936523,0.3547489643096924,0.004880571737885475,23.115293502807617,0.6802605986595154,4.732124328613281,3.0371832847595215,0.00016202867846004665,8.320335388183594,0.06705740094184875,4.666377544403076,8.320335388183594,0.0124969482421875,0.224945068359375
U-Tikhonov T4/CG64,335,35,0,/Users/kyrillguba/Documents/Data Analytics MSc/Thesis/Python/First Try/data/DIV2K/DIV2K_valid_HR/0836.png,div2k/0836.png/sigma_0.200,div2k,0836.png,20035,d774c40f160da761b384b399f5636cb3cfecf88e2cc5d41c78f575c3bea500af,943eb024790a46f5fcc808cd90fe24940c68f27cbf4404faac6866f5d1bdc79b,0.20000000298023224,0.03237718343734741,14.89760971069336,0.4225267469882965,0.005902384873479605,22.289724349975586,0.7723301649093628,4.227193832397461,3.1306777000427246,0.00022429926320910454,8.320335388183594,0.033782958984375,3.398284673690796,8.320335388183594,0.0219879150390625,0.2230224609375
U-Tikhonov T4/CG64,336,36,0,/Users/kyrillguba/Documents/Data Analytics MSc/Thesis/Python/First Try/data/DIV2K/DIV2K_valid_HR/0837.png,div2k/0837.png/sigma_0.200,div2k,0837.png,20036,af3a3f14f10fd37d750995ae36a4d7d4e23e7343e1fc6fb8ddf8342f79d68d35,54d66b352296a3d522f33fdf30b251a11f1668f7bd94281cfec74349d504dd06,0.20000000298023224,0.032176896929740906,14.924558639526367,0.5125089883804321,0.00725583266466856,21.39312744140625,0.7522348165512085,3.0215375423431396,2.8073697090148926,0.00017721597396302968,8.320335388183594,0.018740762025117874,1.8787504434585571,8.320314407348633,0.039581298828125,0.080474853515625
U-Tikhonov T4/CG64,337,37,0,/Users/kyrillguba/Documents/Data Analytics MSc/Thesis/Python/First Try/data/DIV2K/DIV2K_valid_HR/0838.png,div2k/0838.png/sigma_0.200,div2k,0838.png,20037,a419adae2a9bbcb7b328e0e98815224877487f12f01cec7bd572e3a61b346f36,587bae3edda2f80303be812c13c6569d43885f47ff9d26b37a0d45fc50bd26d2,0.20000000298023224,0.03208796679973602,14.936578750610352,0.2794688940048218,0.0022876658476889133,26.40607452392578,0.8251113891601562,5.467124938964844,3.067509412765503,0.0001790188835002482,8.320335388183594,0.05411706864833832,7.032341480255127,8.320335388183594,0.0142669677734375,0.3433685302734375
U-Tikhonov T4/CG64,338,38,0,/Users/kyrillguba/Documents/Data Analytics MSc/Thesis/Python/First Try/data/DIV2K/DIV2K_valid_HR/0839.png,div2k/0839.png/sigma_0.200,div2k,0839.png,20038,9ed3b7789f4dcc0b1bfd3a6e2391350b33a63a89353a3bd50f5bde4b89d2f647,968d78d40170e0686e6ef1ea793d9732eeb173b8a85698fff727674ae132b9b1,0.20000000298023224,0.02869834005832672,15.421432495117188,0.26258623600006104,0.005645477678626776,22.482994079589844,0.4641014337539673,5.654601097106934,3.0589308738708496,0.00011242603068239987,8.320335388183594,0.06678933650255203,7.673409461975098,8.320335388183594,0.0121002197265625,0.4080963134765625
U-Tikhonov T4/CG64,339,39,0,/Users/kyrillguba/Documents/Data Analytics MSc/Thesis/Python/First Try/data/DIV2K/DIV2K_valid_HR/0840.png,div2k/0840.png/sigma_0.200,div2k,0840.png,20039,df4e88246e2af519b1c29adccc7944ac0f8568e6a1ef7d65c39dc4fcd2a3dd5b,99a007adbf3760346ab2284f3a0f35a861cfe4c0dc807c3d1fa117e4be816d5e,0.20000000298023224,0.032062966376543045,14.939964294433594,0.435896635055542,0.005758101120591164,22.39720916748047,0.7229650020599365,3.500911235809326,2.840635061264038,0.0002587671915534884,8.320335388183594,0.03266764432191849,2.539116859436035,8.320246696472168,0.0246124267578125,0.0855255126953125
U-Tikhonov T4/CG64,340,40,0,/Users/kyrillguba/Documents/Data Analytics MSc/Thesis/Python/First Try/data/DIV2K/DIV2K_valid_HR/0841.png,div2k/0841.png/sigma_0.200,div2k,0841.png,20040,b85a5c827a7d17dab432c8f79abc120715b867e00f3bcbe182f90d6c23ecff6f,21fdfd07fb50a0d9479158a17cfd820306fa779e4323e5c38ad567fb22a36e2b,0.20000000298023224,0.03081497922539711,15.112381935119629,0.2929683327674866,0.004336471203714609,23.62863540649414,0.7076130509376526,5.190158843994141,3.1241490840911865,0.0007001134799793363,8.320335388183594,0.05612492561340332,6.227686882019043,8.320335388183594,0.0147857666015625,0.316253662109375
U-Tikhonov T4/CG64,341,41,0,/Users/kyrillguba/Documents/Data Analytics MSc/Thesis/Python/First Try/data/DIV2K/DIV2K_valid_HR/0842.png,div2k/0842.png/sigma_0.200,div2k,0842.png,20041,e0fe2755785538efb2ac1c7a4fc4e854d8206a8f09b68ac1931f0544c3e7cc53,0cbfa03f7090e0f045959a2fbf7f0a91aded078b48203c20beb02ef545409f00,0.20000000298023224,0.03044864535331726,15.16431999206543,0.37689751386642456,0.0040185945108532906,23.959257125854492,0.779646635055542,5.079309940338135,3.1674485206604004,0.00021793412452097982,8.320335388183594,0.031160525977611542,6.003634452819824,8.320335388183594,0.0204010009765625,0.29742431640625
U-Tikhonov T4/CG64,342,42,0,/Users/kyrillguba/Documents/Data Analytics MSc/Thesis/Python/First Try/data/DIV2K/DIV2K_valid_HR/0843.png,div2k/0843.png/sigma_0.200,div2k,0843.png,20042,8d4db85adca20e5911d117b4bb54fdfb3f22b2a02cceb14242bb7540955f6140,d7c10404dba9aee82e150b5302fd33161f6f190788b8a1f3401e6015580df91c,0.20000000298023224,0.02367633953690529,16.256855010986328,0.15662552416324615,0.003451639786362648,24.619747161865234,0.7604155540466309,6.834743022918701,2.708226442337036,0.0001526518608443439,8.320335388183594,0.0518559068441391,8.312158584594727,8.320335388183594,0.0147857666015625,0.61920166015625
U-Tikhonov T4/CG64,343,43,0,/Users/kyrillguba/Documents/Data Analytics MSc/Thesis/Python/First Try/data/DIV2K/DIV2K_valid_HR/0844.png,div2k/0844.png/sigma_0.200,div2k,0844.png,20043,15c2150d7c67049e1e35243bac1a1a68c6f0e57215592b78ed9b74e130ed1370,75bbb54a87ece3a1849fb5bbd948facf882cf686638be3b9134f12b282e56520,0.20000000298023224,0.027811024338006973,15.557830810546875,0.2032458484172821,0.0022875003051012754,26.406387329101562,0.7830773591995239,6.851607322692871,2.5293161869049072,0.00019849164527840912,8.320335388183594,0.0966896042227745,8.29886245727539,8.320335388183594,0.0089569091796875,0.57366943359375
U-Tikhonov T4/CG64,344,44,0,/Users/kyrillguba/Documents/Data Analytics MSc/Thesis/Python/First Try/data/DIV2K/DIV2K_valid_HR/0845.png,div2k/0845.png/sigma_0.200,div2k,0845.png,20044,3afec5a048f16903b44498719256567f9874b218bd408f06ae16848d5bfd4779,5ea61d42ae77a7c31d7e9f85b06e8fd923dacc98bd191f7f7c0c157fb001cc20,0.20000000298023224,0.027723966166377068,15.571446418762207,0.3861420154571533,0.006600373424589634,21.8043155670166,0.7360787987709045,5.160684585571289,3.351174831390381,0.00010719660349423066,8.320335388183594,0.012565918266773224,6.948505401611328,8.320335388183594,0.0388336181640625,0.3734893798828125
U-Tikhonov T4/CG64,345,45,0,/Users/kyrillguba/Documents/Data Analytics MSc/Thesis/Python/First Try/data/DIV2K/DIV2K_valid_HR/0846.png,div2k/0846.png/sigma_0.200,div2k,0846.png,20045,bfa025022780e8b45b7d8ca41bf0c1aa0ef062e997a3e07e7b0b4766072a0c65,961fa12be8135eff308390381baf8b6e0e3dfdf1f31d38d0781dc83d58d29185,0.20000000298023224,0.028071556240320206,15.517335891723633,0.3812662661075592,0.00812685489654541,20.900774002075195,0.6912447214126587,4.758485317230225,3.259183406829834,0.00020462620886974037,8.320335388183594,0.035255156457424164,4.923000812530518,8.320335388183594,0.022125244140625,0.295928955078125
U-Tikhonov T4/CG64,346,46,0,/Users/kyrillguba/Documents/Data Analytics MSc/Thesis/Python/First Try/data/DIV2K/DIV2K_valid_HR/0847.png,div2k/0847.png/sigma_0.200,div2k,0847.png,20046,a03ac31eb9aa42c51d2ec103e996158d3f7890d32752d0e5a0bece66c7f0a096,76a86fbc7941b3a3eddd0c7986eb6019d5097aaeccabfa81d9345d2c8a965ee4,0.20000000298023224,0.03109179437160492,15.073542594909668,0.495915949344635,0.006935122888535261,21.589460372924805,0.7895007133483887,4.397286415100098,3.333225965499878,0.0001938782661454752,8.320335388183594,0.015991978347301483,3.918923854827881,8.320335388183594,0.0376434326171875,0.2655029296875
U-Tikhonov T4/CG64,347,47,0,/Users/kyrillguba/Documents/Data Analytics MSc/Thesis/Python/First Try/data/DIV2K/DIV2K_valid_HR/0848.png,div2k/0848.png/sigma_0.200,div2k,0848.png,20047,226e619ed1295a7c7b4eb9d622c6124c81ba03e21362bb8eee67e67dced25224,9d4c38d4e7cb58e280431d271057c6d194b96f1bfad38c9ce97696f8ea6a5048,0.20000000298023224,0.03203219920396805,14.944132804870605,0.46826601028442383,0.005447356030344963,22.638145446777344,0.7904198169708252,3.8253402709960938,3.1069984436035156,0.00017738580936565995,8.320335388183594,0.015090983361005783,2.8330326080322266,8.320335388183594,0.0381622314453125,0.161285400390625
U-Tikhonov T4/CG64,348,48,0,/Users/kyrillguba/Documents/Data Analytics MSc/Thesis/Python/First Try/data/DIV2K/DIV2K_valid_HR/0849.png,div2k/0849.png/sigma_0.200,div2k,0849.png,20048,2c70dd5654b23e4a9ab11865c6c70e3077823c4972ad389deddc84dd9edc36b8,99c8670cef1d5f65cb8a3ee07f90eb29424df53dbdb436b4082f844b2e3f9a61,0.20000000298023224,0.03218600153923035,14.923330307006836,0.6330320239067078,0.011350352317094803,19.449907302856445,0.762506902217865,2.5707359313964844,2.756053924560547,0.00018006539903581142,8.320335388183594,0.010253548622131348,1.3004615306854248,8.320316314697266,0.06280517578125,0.0692138671875
U-Tikhonov T4/CG64,349,49,0,/Users/kyrillguba/Documents/Data Analytics MSc/Thesis/Python/First Try/data/DIV2K/DIV2K_valid_HR/0850.png,div2k/0850.png/sigma_0.200,div2k,0850.png,20049,b0e8b344c318dfae08640e56c0b52ec6df0909ea2a5c7128b8b44308511dabe7,eb29dc9639070da2e13f07ae930eb28bdf69a115f7d0c1f61e0de0c5511d51d3,0.20000000298023224,0.03440733626484871,14.633489608764648,0.35771888494491577,0.004172005690634251,23.796550750732422,0.736341655254364,5.118419647216797,3.0873966217041016,0.00027534281252883375,8.320335388183594,0.047950390726327896,5.868188858032227,8.320335388183594,0.016571044921875,0.2890167236328125
U-Tikhonov T4/CG64,350,50,0,/Users/kyrillguba/Documents/Data Analytics MSc/Thesis/Python/First Try/data/DIV2K/DIV2K_valid_HR/0851.png,div2k/0851.png/sigma_0.200,div2k,0851.png,20050,6cd623610d71351bd69a4193263bc448cd15272dcfd17f66224ecc57d176c5d0,e083e050185c763e865cae2ce76a1dbeb5d749d4376a879850b5b4a1282b15ca,0.20000000298023224,0.03136583790183067,15.035430908203125,0.27899524569511414,0.004148028790950775,23.821582794189453,0.7738391757011414,5.704429626464844,3.2210705280303955,0.0001510326110292226,8.320335388183594,0.029620669782161713,8.024154663085938,8.320335388183594,0.024383544921875,0.4430694580078125
U-Tikhonov T4/CG64,351,51,0,/Users/kyrillguba/Documents/Data Analytics MSc/Thesis/Python/First Try/data/DIV2K/DIV2K_valid_HR/0852.png,div2k/0852.png/sigma_0.200,div2k,0852.png,20051,73b3c50a05a0fcb1a26fb8f3d88ebc57fe34409f6e6d0d125e46c18d90cca3a1,dbef7cf6c1c3c9f68c358d22f817b763ffaeaf9f323de2facd65346774f66e1b,0.20000000298023224,0.02235514111816883,16.5062255859375,0.13488495349884033,0.0050602927803993225,22.958242416381836,0.4117198884487152,6.492063522338867,2.702502965927124,0.0035122877452522516,8.320335388183594,0.16289359331130981,8.219490051269531,8.320335388183594,0.0043487548828125,0.4881744384765625
U-Tikhonov T4/CG64,352,52,0,/Users/kyrillguba/Documents/Data Analytics MSc/Thesis/Python/First Try/data/DIV2K/DIV2K_valid_HR/0853.png,div2k/0853.png/sigma_0.200,div2k,0853.png,20052,e9eb55fc2bc1bcfd2fad63122c380357a672f2b9f14b61a7547da796324e10c2,f1f7573eeabe411fcccd1724bc76d6ed111cd22aebac64343867acd9d2d71947,0.20000000298023224,0.029230015352368355,15.341710090637207,0.21405184268951416,0.0034283751156181097,24.64911651611328,0.7323894500732422,6.17500638961792,2.8895487785339355,0.00022446841467171907,8.320335388183594,0.0714506059885025,8.179418563842773,8.320335388183594,0.0113067626953125,0.4749755859375
U-Tikhonov T4/CG64,353,53,0,/Users/kyrillguba/Documents/Data Analytics MSc/Thesis/Python/First Try/data/DIV2K/DIV2K_valid_HR/0854.png,div2k/0854.png/sigma_0.200,div2k,0854.png,20053,dbefb08aac7a5ad65da8e59ab21cbb0e921c9ad6da4d670be4cb2a982a3e2ffe,40e3bca8f53daf0c2825c0357fbf90f88382f66edc93cefcd8c4918184aa3351,0.20000000298023224,0.03468653932213783,14.598390579223633,0.39136505126953125,0.005602322984486818,22.516319274902344,0.7130687832832336,4.754521369934082,3.1776461601257324,0.00019319426792208105,8.320335388183594,0.030553670600056648,4.729618072509766,8.320335388183594,0.0218505859375,0.281951904296875
U-Tikhonov T4/CG64,354,54,0,/Users/kyrillguba/Documents/Data Analytics MSc/Thesis/Python/First Try/data/DIV2K/DIV2K_valid_HR/0855.png,div2k/0855.png/sigma_0.200,div2k,0855.png,20054,9e2b3caa326eef35864ca6323728491aaf77f5232b3a1b7435275b7a4b5bc314,75e4815e9dedf2e534b319670a157d0445f1e187a35107ab521c1df61d25d55d,0.20000000298023224,0.0341930091381073,14.660626411437988,0.2914919853210449,0.0033664419315755367,24.728288650512695,0.7264835834503174,5.776290416717529,2.9161131381988525,0.000683580175973475,8.320335388183594,0.09830038994550705,7.4763054847717285,8.320335388183594,0.00860595703125,0.3629302978515625
U-Tikhonov T4/CG64,355,55,0,/Users/kyrillguba/Documents/Data Analytics MSc/Thesis/Python/First Try/data/DIV2K/DIV2K_valid_HR/0856.png,div2k/0856.png/sigma_0.200,div2k,0856.png,20055,66cf31de43a337537e663db0aecf5dd0004e87a0fbe2bd2cdc7ed9a8b4a93ece,9aa62b036ebea62b20e6ab6828c145c58b19e8e108f32193b6835f7b2a26bca9,0.20000000298023224,0.029928404837846756,15.239164352416992,0.21116143465042114,0.0033768878784030676,24.714834213256836,0.5584492683410645,6.379399299621582,2.580122947692871,0.0019871098920702934,8.320335388183594,0.30157050490379333,8.04393482208252,8.320335388183594,0.0018310546875,0.4240875244140625
U-Tikhonov T4/CG64,356,56,0,/Users/kyrillguba/Documents/Data Analytics MSc/Thesis/Python/First Try/data/DIV2K/DIV2K_valid_HR/0857.png,div2k/0857.png/sigma_0.200,div2k,0857.png,20056,ab895c24c3f27bd01daebb297e1995e3f7eaba3372e5cc7e32fb98edb3dfd93b,b1b98831a55014fea5636125d62e705b87f1fa42041221c701cae52f571bf74a,0.20000000298023224,0.03706633299589157,14.310203552246094,0.24246278405189514,0.0016414396231994033,27.847749710083008,0.828148365020752,6.215267181396484,2.7619717121124268,0.0005583631573244929,8.320335388183594,0.10670749098062515,8.031558990478516,8.320335388183594,0.008148193359375,0.426605224609375
U-Tikhonov T4/CG64,357,57,0,/Users/kyrillguba/Documents/Data Analytics MSc/Thesis/Python/First Try/data/DIV2K/DIV2K_valid_HR/0858.png,div2k/0858.png/sigma_0.200,div2k,0858.png,20057,69c3c9a846793f1dd2cda90db3fba707412671412126cd1eaad1496e784f7c0e,ecfc124fe16811a34a7651f0649e3c785fde21cea7732b01ba6b00f41d5955d7,0.20000000298023224,0.027245834469795227,15.647000312805176,0.29077792167663574,0.005526128225028515,22.575790405273438,0.5672884583473206,5.0433855056762695,3.0891387462615967,0.000481706258142367,8.320335388183594,0.07507460564374924,5.631651878356934,8.320335388183594,0.011260986328125,0.275665283203125
U-Tikhonov T4/CG64,358,58,0,/Users/kyrillguba/Documents/Data Analytics MSc/Thesis/Python/First Try/data/DIV2K/DIV2K_valid_HR/0859.png,div2k/0859.png/sigma_0.200,div2k,0859.png,20058,0783919bca182fbd4ec27a809e6b7e6c58e89fddb3d3ef3d1bd5c807651c9a53,152bac79735eb68447682716b90fc80c192f333fa2a84b0c1c88254819ffd5ca,0.20000000298023224,0.03435829281806946,14.639683723449707,0.39858973026275635,0.005299200303852558,22.75789451599121,0.6826636791229248,4.78182315826416,3.0354197025299072,0.000261854991549626,8.320335388183594,0.06241530552506447,4.751473426818848,8.320335388183594,0.01324462890625,0.2320709228515625
U-Tikhonov T4/CG64,359,59,0,/Users/kyrillguba/Documents/Data Analytics MSc/Thesis/Python/First Try/data/DIV2K/DIV2K_valid_HR/0860.png,div2k/0860.png/sigma_0.200,div2k,0860.png,20059,6323c40a5d11f381b901e87cf8f54d9578bc32be44b9350ac5386eb44224de4a,d4f91ab6cc8f374fb4c6bac90b2c7ba29162c274abe67d719a3c51235caa6afb,0.20000000298023224,0.03291696682572365,14.82580280303955,0.4782189428806305,0.007603066973388195,21.19011116027832,0.672459065914154,3.3229403495788574,2.692756414413452,0.0001239974080817774,8.320335388183594,0.03601682186126709,2.462034225463867,8.320197105407715,0.0225067138671875,0.0685882568359375
U-Tikhonov T4/CG64,360,60,0,/Users/kyrillguba/Documents/Data Analytics MSc/Thesis/Python/First Try/data/DIV2K/DIV2K_valid_HR/0861.png,div2k/0861.png/sigma_0.200,div2k,0861.png,20060,c3df240f2bf2bcdcdc9060b4ba3b0dd6324594f485ce3ee2d407f0b5364d72d7,e3aa7d2ec813a35e69e1f22752b688505dacc8af4321861a2fa8f2dfe79ee127,0.20000000298023224,0.026164734736084938,15.822837829589844,0.37308695912361145,0.007663433440029621,21.155765533447266,0.5908128619194031,5.028656482696533,3.366795778274536,0.00012474528921302408,8.320335388183594,0.020724819973111153,6.549654006958008,8.320335388183594,0.03167724609375,0.347900390625
U-Tikhonov T4/CG64,361,61,0,/Users/kyrillguba/Documents/Data Analytics MSc/Thesis/Python/First Try/data/DIV2K/DIV2K_valid_HR/0862.png,div2k/0862.png/sigma_0.200,div2k,0862.png,20061,b28039f4ed1566ad4bef028589288dfa1cf33c4b676694010eb5d0d9f228ef50,4820261adc58f9a6bea33c5479ff019705b3da7499d34b6542d9ba13b9b5f99c,0.20000000298023224,0.03686685115098953,14.333640098571777,0.17305605113506317,0.0012677919585257769,28.969518661499023,0.7729777693748474,6.926950454711914,2.427231550216675,0.00041873776353895664,8.320335388183594,0.18166469037532806,8.305999755859375,8.320335388183594,0.00494384765625,0.588043212890625
U-Tikhonov T4/CG64,362,62,0,/Users/kyrillguba/Documents/Data Analytics MSc/Thesis/Python/First Try/data/DIV2K/DIV2K_valid_HR/0863.png,div2k/0863.png/sigma_0.200,div2k,0863.png,20062,69a9aeec52e386294dc8c778c0d11c7f842f0960ca488aa898c25c50220c823a,d780733bdf706552225d6106d455668cbfbe8d92034d18f631d56834b15227e7,0.20000000298023224,0.03160873055458069,15.001930236816406,0.3139244318008423,0.0037080119363963604,24.308589935302734,0.7709070444107056,4.981257438659668,3.1488261222839355,0.00016111934382934123,8.320335388183594,0.06504631042480469,5.354522228240967,8.320335388183594,0.0125274658203125,0.317626953125
U-Tikhonov T4/CG64,363,63,0,/Users/kyrillguba/Documents/Data Analytics MSc/Thesis/Python/First Try/data/DIV2K/DIV2K_valid_HR/0864.png,div2k/0864.png/sigma_0.200,div2k,0864.png,20063,fb786dffb18452c590dd1e18bebeea18d1c1bec24fd9d36d75ba35ad6c8a81d3,7091c6bf8715f2aa50554dd09088bda7b30f1bc28f9fc3664aa30eb204067fe8,0.20000000298023224,0.03352510184049606,14.746299743652344,0.33066898584365845,0.003709056880325079,24.30736541748047,0.7196359038352966,4.572673797607422,2.944566011428833,0.000669876579195261,8.320335388183594,0.07882843166589737,4.2594146728515625,8.320334434509277,0.0106353759765625,0.1775054931640625
U-Tikhonov T4/CG64,364,64,0,/Users/kyrillguba/Documents/Data Analytics MSc/Thesis/Python/First Try/data/DIV2K/DIV2K_valid_HR/0865.png,div2k/0865.png/sigma_0.200,div2k,0865.png,20064,f92af3991be3de305c0efcfbe87ac07586eb280db7c47c56bbf8452a9b10010c,90d1393c3ddd7e8ffcba157a5a01da7164b0df76e78c26361f7aecad53d92456,0.20000000298023224,0.03601345419883728,14.43535327911377,0.3257502317428589,0.0036106400657445192,24.42416000366211,0.7430534958839417,4.724846839904785,3.0766336917877197,0.0002636232820805162,8.320335388183594,0.060716770589351654,4.583767890930176,8.320335388183594,0.013458251953125,0.2430572509765625
U-Tikhonov T4/CG64,365,65,0,/Users/kyrillguba/Documents/Data Analytics MSc/Thesis/Python/First Try/data/DIV2K/DIV2K_valid_HR/0866.png,div2k/0866.png/sigma_0.200,div2k,0866.png,20065,64fe1cb87ea16bd47a4af52b635bd686b87a3bb0bb006aa875e7090e7f4f1b09,2954fcac34dc5bd3a33b7df711f1be5ceae9d1821524cbd414e6dfb3156fc9ce,0.20000000298023224,0.035266436636447906,14.526385307312012,0.4578568935394287,0.005973753519356251,22.23752784729004,0.7475472688674927,3.834852695465088,3.122141122817993,0.00028376487898640335,8.320335388183594,0.021267535164952278,2.8296525478363037,8.320335388183594,0.0352935791015625,0.1629791259765625
U-Tikhonov T4/CG64,366,66,0,/Users/kyrillguba/Documents/Data Analytics MSc/Thesis/Python/First Try/data/DIV2K/DIV2K_valid_HR/0867.png,div2k/0867.png/sigma_0.200,div2k,0867.png,20066,a1b0a4eea55a3cc398df9e911e7db0ecbec9938d8ca0f96d3252df65b6daed62,5964f2890f1408ba86d314e1c9c42f670a8edece377d58e3d3958934d38b8893,0.20000000298023224,0.034480925649404526,14.624210357666016,0.47348377108573914,0.005872185342013836,22.312002182006836,0.7607221603393555,3.402635335922241,2.9499030113220215,0.0002645691274665296,8.320335388183594,0.02400881052017212,2.2477951049804688,8.320335388183594,0.0323486328125,0.1230926513671875
U-Tikhonov T4/CG64,367,67,0,/Users/kyrillguba/Documents/Data Analytics MSc/Thesis/Python/First Try/data/DIV2K/DIV2K_valid_HR/0868.png,div2k/0868.png/sigma_0.200,div2k,0868.png,20067,a5806164ffd45d6b14c4f40b199c062ca7d2855351fd99291a948b57f15212f1,465c26b1cbdfae3ecb59dd6e0d09f74792f22c393fbb749303a03ec426ebbf03,0.20000000298023224,0.026768792420625687,15.723712921142578,0.2254057675600052,0.002860759850591421,25.435184478759766,0.8350247740745544,6.573154926300049,2.8574435710906982,0.00014309117977973074,8.320335388183594,0.0426645390689373,8.303560256958008,8.320335388183594,0.01654052734375,0.5757598876953125
U-Tikhonov T4/CG64,368,68,0,/Users/kyrillguba/Documents/Data Analytics MSc/Thesis/Python/First Try/data/DIV2K/DIV2K_valid_HR/0869.png,div2k/0869.png/sigma_0.200,div2k,0869.png,20068,bc61ffc14754a4c0e306111ec7946ec828ebc05b363e7717d8c2f300d7750e5c,36f206402b78ad5ab0880a6b592711e7c885becdc90eef7fe621d4ab62b398ec,0.20000000298023224,0.03406920284032822,14.676380157470703,0.34946340322494507,0.003990303725004196,23.98994255065918,0.7585916519165039,5.125382423400879,3.2113890647888184,0.00017856084741652012,8.320335388183594,0.04405203461647034,6.220101356506348,8.320335388183594,0.0180511474609375,0.3492889404296875
U-Tikhonov T4/CG64,369,69,0,/Users/kyrillguba/Documents/Data Analytics MSc/Thesis/Python/First Try/data/DIV2K/DIV2K_valid_HR/0870.png,div2k/0870.png/sigma_0.200,div2k,0870.png,20069,23fb86d88c32c580e802edb1ef9cd9aecf3ca74c79ecdde14ada63f7050ad410,219e0a4de36ff22468460598ca62afa4d15793b89619335984211ee3820ae7ef,0.20000000298023224,0.035971950739622116,14.440360069274902,0.44418126344680786,0.006700678262859583,21.738813400268555,0.6762213110923767,3.348667621612549,2.665325403213501,0.00042168147047050297,8.320335388183594,0.04687744379043579,2.472357749938965,8.320311546325684,0.017822265625,0.073516845703125
U-Tikhonov T4/CG64,370,70,0,/Users/kyrillguba/Documents/Data Analytics MSc/Thesis/Python/First Try/data/DIV2K/DIV2K_valid_HR/0871.png,div2k/0871.png/sigma_0.200,div2k,0871.png,20070,755675f2824bd9535075c3a3649ecad82608dffc5b28d5b6777c999ce5ac8feb,a79bf595f2c35f73db39ff8464a46ed80dec925a442f059004d20a97e85a0c8e,0.20000000298023224,0.03537418693304062,14.51313591003418,0.41837066411972046,0.004638581536710262,23.33614730834961,0.7797189950942993,3.9202730655670166,3.0085744857788086,0.0002971006033476442,8.320335388183594,0.03791247308254242,3.0063846111297607,8.320335388183594,0.021759033203125,0.14862060546875
U-Tikhonov T4/CG64,371,71,0,/Users/kyrillguba/Documents/Data Analytics MSc/Thesis/Python/First Try/data/DIV2K/DIV2K_valid_HR/0872.png,div2k/0872.png/sigma_0.200,div2k,0872.png,20071,a3051017ca8c7da3a6c7830c9bb928ecf2b81dc2add6c092a6aecfa321376f6b,88e68177068cbd31ad772278e816e19225d0663ce834533f13771150b6b57cf5,0.20000000298023224,0.03403836861252785,14.680313110351562,0.5207550525665283,0.0063964249566197395,21.940629959106445,0.7875187397003174,3.510770797729492,3.0835065841674805,0.00013871440023649484,8.320335388183594,0.018221992999315262,2.243499755859375,8.320335388183594,0.0373077392578125,0.1512908935546875
U-Tikhonov T4/CG64,372,72,0,/Users/kyrillguba/Documents/Data Analytics MSc/Thesis/Python/First Try/data/DIV2K/DIV2K_valid_HR/0873.png,div2k/0873.png/sigma_0.200,div2k,0873.png,20072,98eca5a763607b677cf4da90c4112b7bd27d325edaf99023f29c46b2af95740e,7df1704bbe1322c04c0d2b26bd0241e4897670f342768c095d593e3c06d37bf4,0.20000000298023224,0.03487865626811981,14.574402809143066,0.3522554934024811,0.005305119790136814,22.753047943115234,0.6829819679260254,4.349527835845947,2.928283214569092,0.00030869903275743127,8.320335388183594,0.1012813076376915,3.698193073272705,8.320335388183594,0.0077972412109375,0.186431884765625
U-Tikhonov T4/CG64,373,73,0,/Users/kyrillguba/Documents/Data Analytics MSc/Thesis/Python/First Try/data/DIV2K/DIV2K_valid_HR/0874.png,div2k/0874.png/sigma_0.200,div2k,0874.png,20073,c1b141701b55a15db0c8d9d38d28131d0c6935abc941c0cf5a1b8e17483ce6db,35c4abcf48cf7524a711d976d8e03b77f49dc1e4c68c058a0528cabd24b2cacd,0.20000000298023224,0.035851430147886276,14.454936027526855,0.2942853569984436,0.0034626019187271595,24.605976104736328,0.6973395347595215,5.748699188232422,2.883441925048828,0.00026915426133200526,8.320335388183594,0.08401398360729218,7.3198137283325195,8.320335388183594,0.009918212890625,0.3577117919921875
U-Tikhonov T4/CG64,374,74,0,/Users/kyrillguba/Documents/Data Analytics MSc/Thesis/Python/First Try/data/DIV2K/DIV2K_valid_HR/0875.png,div2k/0875.png/sigma_0.200,div2k,0875.png,20074,9efdc0057bb6e53db148019bb4a13192254fce5f31a016a4924e85fc6ee62a16,9877db0a1376db91dbf497f2477bde886751f7dea26f5ac13b9032971be347e6,0.20000000298023224,0.033506277948617935,14.748739242553711,0.543152928352356,0.0074560875073075294,21.274890899658203,0.7762823104858398,3.1855249404907227,2.934436082839966,0.00010525052493903786,8.320335388183594,0.018392829224467278,1.950223445892334,8.320335388183594,0.0398712158203125,0.106353759765625
U-Tikhonov T4/CG64,375,75,0,/Users/kyrillguba/Documents/Data Analytics MSc/Thesis/Python/First Try/data/DIV2K/DIV2K_valid_HR/0876.png,div2k/0876.png/sigma_0.200,div2k,0876.png,20075,84df379a2b4a7b995296e31b3954bfb9a7731d5e2d0b8650405a416a53e11125,65c02e218168eb9c271e94d5d0dd57a6b0be70fe214cd357fb1ff42a1844853f,0.20000000298023224,0.028178391978144646,15.500837326049805,0.33955687284469604,0.005518066696822643,22.582130432128906,0.6111485958099365,4.621981620788574,3.0731582641601562,0.0006827493780292571,8.320335388183594,0.039427973330020905,4.517814636230469,8.320334434509277,0.018951416015625,0.19781494140625
U-Tikhonov T4/CG64,376,76,0,/Users/kyrillguba/Documents/Data Analytics MSc/Thesis/Python/First Try/data/DIV2K/DIV2K_valid_HR/0877.png,div2k/0877.png/sigma_0.200,div2k,0877.png,20076,a7be10c02736c3557926612d053466a395f1f8df83ddeeff7027d05bb769b33a,ea9825c0949f3cd8c6b4d480e6112272c42e2be6f4ac56184829b0b07e52fd9c,0.20000000298023224,0.028335880488157272,15.476632118225098,0.23389972746372223,0.002751875203102827,25.60371208190918,0.7166043519973755,5.65384578704834,2.9355344772338867,0.00033896637614816427,8.320335388183594,0.08638434112071991,7.198960781097412,8.320335388183594,0.00970458984375,0.3121337890625
U-Tikhonov T4/CG64,377,77,0,/Users/kyrillguba/Documents/Data Analytics MSc/Thesis/Python/First Try/data/DIV2K/DIV2K_valid_HR/0878.png,div2k/0878.png/sigma_0.200,div2k,0878.png,20077,f1e61ee7f615bf40fc0cc24a3750fc6413019d89281f32d061c3bfb42fdf3082,dca2e358e577b53bd2c62533026388c36d3b10131e48cdffac6527851e5667cd,0.20000000298023224,0.03506205976009369,14.55162525177002,0.431956022977829,0.005249937530606985,22.798458099365234,0.7411278486251831,4.106658935546875,3.025357484817505,0.00019078384502790868,8.320335388183594,0.033710725605487823,3.3363943099975586,8.320335388183594,0.0223236083984375,0.1724395751953125
U-Tikhonov T4/CG64,378,78,0,/Users/kyrillguba/Documents/Data Analytics MSc/Thesis/Python/First Try/data/DIV2K/DIV2K_valid_HR/0879.png,div2k/0879.png/sigma_0.200,div2k,0879.png,20078,f7a72db70e5d13cc9ce0514ee1b317f98a5b43e5671f68071037416761ac50bb,78780c6a8abb79c1f6560c35bebe1eac0ff11d296dd876d2b0fedc6451025a5d,0.20000000298023224,0.03479751572012901,14.584518432617188,0.32616156339645386,0.003965505864471197,24.017013549804688,0.7993205785751343,5.307223320007324,3.3581435680389404,0.0004953357274644077,8.320335388183594,0.026542577892541885,7.593050479888916,8.320335388183594,0.0267181396484375,0.417816162109375
U-Tikhonov T4/CG64,379,79,0,/Users/kyrillguba/Documents/Data Analytics MSc/Thesis/Python/First Try/data/DIV2K/DIV2K_valid_HR/0880.png,div2k/0880.png/sigma_0.200,div2k,0880.png,20079,2464ffab9474f65f91c41e6231fc7c3907d471b36d493192c28dd9a9c9ac3c4c,e603ea3706046d50c09932ba798b1ee339b5ce8ffc1b0ac2e4a0b80507cfaeab,0.20000000298023224,0.037251368165016174,14.288578033447266,0.249284565448761,0.0027590934187173843,25.592336654663086,0.769083559513092,5.8075032234191895,3.0545170307159424,0.0004908136324957013,8.320335388183594,0.07228461652994156,8.040594100952148,8.320335388183594,0.0115203857421875,0.4551239013671875
U-Tikhonov T4/CG64,380,80,0,/Users/kyrillguba/Documents/Data Analytics MSc/Thesis/Python/First Try/data/DIV2K/DIV2K_valid_HR/0881.png,div2k/0881.png/sigma_0.200,div2k,0881.png,20080,b4be0560c87adf38d8561ec3fb5a8e3e0e5d0b43501194ff1ff77f1511e89119,7166e21de0ec4a3a0a60c18bb3c6bdbdaedb3781df9daf2f32001a600eb4d00e,0.20000000298023224,0.036281973123550415,14.403091430664062,0.2680695652961731,0.0026979525573551655,25.689659118652344,0.7612866163253784,6.012469291687012,2.867236614227295,0.00040728735621087253,8.320335388183594,0.09242002665996552,7.904549598693848,8.320335388183594,0.009185791015625,0.412933349609375
U-Tikhonov T4/CG64,381,81,0,/Users/kyrillguba/Documents/Data Analytics MSc/Thesis/Python/First Try/data/DIV2K/DIV2K_valid_HR/0882.png,div2k/0882.png/sigma_0.200,div2k,0882.png,20081,aac379d4eb1f7ffb4575e0fcca3a6836e85643267b9f537632bdfd3422ae2a6d,4a8a91d1eb131143047ce2053b13f35b5261dfa487572d9505294a2307ca301a,0.20000000298023224,0.0341230109333992,14.669527053833008,0.41631826758384705,0.00468648923560977,23.291522979736328,0.8141118884086609,3.805393695831299,3.095795154571533,0.0001312379608862102,8.320335388183594,0.011398723348975182,2.788416624069214,8.320335388183594,0.0413818359375,0.1659393310546875
U-Tikhonov T4/CG64,382,82,0,/Users/kyrillguba/Documents/Data Analytics MSc/Thesis/Python/First Try/data/DIV2K/DIV2K_valid_HR/0883.png,div2k/0883.png/sigma_0.200,div2k,0883.png,20082,dc84aa16cb279e020e6bb4a512b74aeb161e2c3b612b40cfe834b4ea44c4dbd4,f968f97cdcb300ed5453d17866c644abc15ea8e64b3eaa6d9476a7d3fb39e361,0.20000000298023224,0.03476158156991005,14.589004516601562,0.45862719416618347,0.005636366084218025,22.490009307861328,0.7655460238456726,3.877031087875366,3.1123931407928467,0.000241370580624789,8.320335388183594,0.023528464138507843,2.8427958488464355,8.320335388183594,0.0305633544921875,0.1821136474609375
U-Tikhonov T4/CG64,383,83,0,/Users/kyrillguba/Documents/Data Analytics MSc/Thesis/Python/First Try/data/DIV2K/DIV2K_valid_HR/0884.png,div2k/0884.png/sigma_0.200,div2k,0884.png,20083,c3e792b1483d91371c9eeedd1d20a4f45de1d748d7f261794ce740fbc3ea3016,b3e68d1de2a920804b91791c0d677aa24728939fd14d310e26800d225ab4be9b,0.20000000298023224,0.03392934054136276,14.694246292114258,0.44503068923950195,0.006083948537707329,22.158145904541016,0.733651340007782,3.42746901512146,2.872553825378418,0.0001896061294246465,8.320335388183594,0.02531111054122448,2.40460205078125,8.320327758789062,0.0283050537109375,0.1014251708984375
U-Tikhonov T4/CG64,384,84,0,/Users/kyrillguba/Documents/Data Analytics MSc/Thesis/Python/First Try/data/DIV2K/DIV2K_valid_HR/0885.png,div2k/0885.png/sigma_0.200,div2k,0885.png,20084,d1b12f5bdff73a004166bc26bfd68ed924612ba4dfeb5ee46ef886fec9606402,31f004729c830620ca1ba9f6fe596a4b6f250d8744af4ac80a64d06220e699a7,0.20000000298023224,0.0355042964220047,14.4971923828125,0.32031136751174927,0.004625767469406128,23.348161697387695,0.6292556524276733,5.050046443939209,2.985790491104126,0.000759253220167011,8.320335388183594,0.06584548205137253,5.4349775314331055,8.320335388183594,0.012603759765625,0.2516021728515625
U-Tikhonov T4/CG64,385,85,0,/Users/kyrillguba/Documents/Data Analytics MSc/Thesis/Python/First Try/data/DIV2K/DIV2K_valid_HR/0886.png,div2k/0886.png/sigma_0.200,div2k,0886.png,20085,8269830c494c50f2ca58c9fe1491092884eabccc73e5d87438dd2282f32843ab,5090a794b23aed4ff2a947070aca2f5086a41b055a575c092c8c2d29c1fbb480,0.20000000298023224,0.03441639617085457,14.632347106933594,0.2730441093444824,0.002713169204071164,25.665233612060547,0.8092014789581299,5.759547233581543,3.0547165870666504,0.0001035721943480894,8.320335388183594,0.053631819784641266,7.806886672973633,8.320335388183594,0.01422119140625,0.4049224853515625
U-Tikhonov T4/CG64,386,86,0,/Users/kyrillguba/Documents/Data Analytics MSc/Thesis/Python/First Try/data/DIV2K/DIV2K_valid_HR/0887.png,div2k/0887.png/sigma_0.200,div2k,0887.png,20086,9674e5076ec8c005bce7e3450e6bf09deb82df9952eaff58c7717b3a16e90f3e,cb6dc7d80b36eebb807ed61bfaab5fe993781416d78a74541f85ebfd66f013a2,0.20000000298023224,0.0338304229080677,14.706926345825195,0.31739869713783264,0.004420299082994461,23.54548454284668,0.7179239392280579,5.139397621154785,3.189732313156128,0.00037491266266442835,8.320335388183594,0.03908715024590492,6.146977424621582,8.320335388183594,0.0196380615234375,0.341796875
U-Tikhonov T4/CG64,387,87,0,/Users/kyrillguba/Documents/Data Analytics MSc/Thesis/Python/First Try/data/DIV2K/DIV2K_valid_HR/0888.png,div2k/0888.png/sigma_0.200,div2k,0888.png,20087,0b12dfb6e7a24bf393f0f61b8c12a04a0e14c82f6eb77cce3a6d2ed989cadb40,989434f28b0788a40100a8ddf47b22f95f46695a227160402fe452a33a1ef18a,0.20000000298023224,0.03279835730791092,14.841479301452637,0.5270345211029053,0.006726234219968319,21.722280502319336,0.7839596271514893,3.231018543243408,2.950324296951294,0.0001538889337098226,8.320335388183594,0.01358883548527956,2.0273661613464355,8.320334434509277,0.04339599609375,0.114105224609375
U-Tikhonov T4/CG64,388,88,0,/Users/kyrillguba/Documents/Data Analytics MSc/Thesis/Python/First Try/data/DIV2K/DIV2K_valid_HR/0889.png,div2k/0889.png/sigma_0.200,div2k,0889.png,20088,65b588cd7d91eb7ab3ad2ee297b48e2bcd71468e6f3fd4cedd22296161fcf0b3,be54b7f435b3b199ad7e6c9cc6b6a0fecaadffa375c554b9a64cff2706771179,0.20000000298023224,0.033237118273973465,14.78376579284668,0.555973470211029,0.0083117401227355,20.803081512451172,0.7554500699043274,2.7960643768310547,2.792205333709717,0.0002141983131878078,8.320335388183594,0.015996145084500313,1.581730604171753,8.320335388183594,0.045867919921875,0.084625244140625
U-Tikhonov T4/CG64,389,89,0,/Users/kyrillguba/Documents/Data Analytics MSc/Thesis/Python/First Try/data/DIV2K/DIV2K_valid_HR/0890.png,div2k/0890.png/sigma_0.200,div2k,0890.png,20089,641726511e5ab55ecb5dccce15a53a64473d43e0a2be22d51e522b22644d2891,fd5743f5954bbc815efe4ebf196325a88b1e7dd8a4b25e5e387781090eb033d4,0.20000000298023224,0.037814974784851074,14.22336196899414,0.2335721105337143,0.002609006129205227,25.835248947143555,0.7344819903373718,5.730878829956055,2.9093844890594482,0.0015673087909817696,8.320335388183594,0.13089196383953094,7.413654327392578,8.320335388183594,0.0061492919921875,0.3845062255859375
U-Tikhonov T4/CG64,390,90,0,/Users/kyrillguba/Documents/Data Analytics MSc/Thesis/Python/First Try/data/DIV2K/DIV2K_valid_HR/0891.png,div2k/0891.png/sigma_0.200,div2k,0891.png,20090,df25cc2cba32c4a350c4749f690c8d6acb73d96d359ca40b6fee4071dbf564d0,3da8a8b352a17c343a23cea35666e8373cf8d98256eb66e4d032cd01077be443,0.20000000298023224,0.03475739434361458,14.589529037475586,0.5113816857337952,0.006787324324250221,21.683015823364258,0.7655996084213257,3.4372286796569824,2.976804494857788,0.00034969879197888076,8.320335388183594,0.025222528725862503,2.2765650749206543,8.320335388183594,0.0326995849609375,0.118011474609375
U-Tikhonov T4/CG64,391,91,0,/Users/kyrillguba/Documents/Data Analytics MSc/Thesis/Python/First Try/data/DIV2K/DIV2K_valid_HR/0892.png,div2k/0892.png/sigma_0.200,div2k,0892.png,20091,cf51693d41de71e034484154f59145fbffeb5a48fb250085472f21ef15bc44ee,c9de2d7ce3d4c96763d50b0da313f0a35a996901edf7b82e802884bc9754c897,0.20000000298023224,0.033709567040205,14.722469329833984,0.4961593449115753,0.008011071011424065,20.963096618652344,0.7103069424629211,2.9872913360595703,2.906383752822876,0.0002443552657496184,8.320335388183594,0.023477312177419662,1.6548995971679688,8.320333480834961,0.03851318359375,0.0971221923828125
U-Tikhonov T4/CG64,392,92,0,/Users/kyrillguba/Documents/Data Analytics MSc/Thesis/Python/First Try/data/DIV2K/DIV2K_valid_HR/0893.png,div2k/0893.png/sigma_0.200,div2k,0893.png,20092,e38a2d9fc2bb1bfe2d7f4ac7ac04be6e3b640472049753a9ec509cb5b184dfae,1aeb39a7c057f8c0c11548e1a0a3c52df0a20992fc3d2fb9a355dfdb4d0cfe85,0.20000000298023224,0.029935676604509354,15.23810863494873,0.3564750552177429,0.004268256947398186,23.697494506835938,0.753781795501709,4.995725631713867,3.268216371536255,0.00012513031833805144,8.320335388183594,0.019809463992714882,6.055820465087891,8.320335388183594,0.0307769775390625,0.302703857421875
U-Tikhonov T4/CG64,393,93,0,/Users/kyrillguba/Documents/Data Analytics MSc/Thesis/Python/First Try/data/DIV2K/DIV2K_valid_HR/0894.png,div2k/0894.png/sigma_0.200,div2k,0894.png,20093,f7c053db8ff81bb3c056ed342eb0bfb9ba890e8adb30617f79d560f11e941c73,588cfbc0eeddb212fa887a3b3b5ba21fdf249c31a0afb25accd33ccf2bc539ce,0.20000000298023224,0.0319073386490345,14.96109390258789,0.30068713426589966,0.0031579192727804184,25.005990982055664,0.7240129709243774,6.272403240203857,2.9054596424102783,0.00013770529767498374,8.320335388183594,0.045261871069669724,8.230541229248047,8.320335388183594,0.015472412109375,0.4961090087890625
U-Tikhonov T4/CG64,394,94,0,/Users/kyrillguba/Documents/Data Analytics MSc/Thesis/Python/First Try/data/DIV2K/DIV2K_valid_HR/0895.png,div2k/0895.png/sigma_0.200,div2k,0895.png,20094,abdbc9e5dd323d44902bb35948460b514a4fe27d53aa9bc4f2072e0a425a5902,ead625aa75c30e3d4b40f35d04e20fa2647ef475e67985bae05522942553d84b,0.20000000298023224,0.033872198313474655,14.701566696166992,0.4027783274650574,0.006394972093403339,21.941614151000977,0.6126770973205566,5.3654937744140625,2.924572467803955,0.00015019267448224127,8.320335388183594,0.05882934853434563,6.1799821853637695,8.320335388183594,0.012939453125,0.286285400390625
U-Tikhonov T4/CG64,395,95,0,/Users/kyrillguba/Documents/Data Analytics MSc/Thesis/Python/First Try/data/DIV2K/DIV2K_valid_HR/0896.png,div2k/0896.png/sigma_0.200,div2k,0896.png,20095,857388cd8fc429b194bc7374762cee70b099ddf090a6495b03d92edc4c8c7b8d,9b629a54edfc26f48b21efba1d63d626798c57e0f95abf896ac44ae88e20ffe2,0.20000000298023224,0.025447476655244827,15.943553924560547,0.321191668510437,0.0042303167283535,23.736270904541016,0.8565399050712585,6.396852493286133,2.9602303504943848,0.00010533557360759005,8.320335388183594,0.022633319720625877,8.289862632751465,8.320335388183594,0.022705078125,0.547393798828125
U-Tikhonov T4/CG64,396,96,0,/Users/kyrillguba/Documents/Data Analytics MSc/Thesis/Python/First Try/data/DIV2K/DIV2K_valid_HR/0897.png,div2k/0897.png/sigma_0.200,div2k,0897.png,20096,a75baf8d323b01687486bd536ce524304bab0a20ffcaf0d6d19c9abe9c8bef57,749e175ee734d35a8d9a556aaaed8c0fe69b7b2d6326aa99454b7e75db9cd220,0.20000000298023224,0.031735606491565704,14.984532356262207,0.7208259105682373,0.015091201290488243,18.2127628326416,0.7828903198242188,1.7925012111663818,2.672884941101074,0.00012040775618515909,8.320335388183594,0.0014849846484139562,0.47772717475891113,8.320274353027344,0.2195587158203125,0.0621337890625
U-Tikhonov T4/CG64,397,97,0,/Users/kyrillguba/Documents/Data Analytics MSc/Thesis/Python/First Try/data/DIV2K/DIV2K_valid_HR/0898.png,div2k/0898.png/sigma_0.200,div2k,0898.png,20097,0f9b0c2f1793b1dd0ac81be97181b9e904a39fcf108cd39194842f26678085f7,32ff9e5e74cfb1b5ed2be6075c4c5b4dcefea89df61a3c0ec15b091d9e701f3e,0.20000000298023224,0.03794851154088974,14.208051681518555,0.2123604714870453,0.002417893847450614,26.16562843322754,0.787583589553833,6.2795515060424805,2.9930295944213867,0.0002129486238118261,8.320335388183594,0.07147891819477081,8.300130844116211,8.320335388183594,0.0115814208984375,0.5534820556640625
U-Tikhonov T4/CG64,398,98,0,/Users/kyrillguba/Documents/Data Analytics MSc/Thesis/Python/First Try/data/DIV2K/DIV2K_valid_HR/0899.png,div2k/0899.png/sigma_0.200,div2k,0899.png,20098,bea5ead4e165747f9c0e6d434cc536abdd4760b1a8da09c78f705024684bff65,df36f4c23d3ac270a772e4754c97257661ffdcd353a277fd025a945e06c8e707,0.20000000298023224,0.031405672430992126,15.029918670654297,0.45998048782348633,0.0057645454071462154,22.392349243164062,0.7586443424224854,3.9718844890594482,3.335757255554199,0.00010086244583362713,8.320335388183594,0.006471593864262104,2.912200927734375,8.320335388183594,0.06085205078125,0.2116241455078125
U-Tikhonov T4/CG64,399,99,0,/Users/kyrillguba/Documents/Data Analytics MSc/Thesis/Python/First Try/data/DIV2K/DIV2K_valid_HR/0900.png,div2k/0900.png/sigma_0.200,div2k,0900.png,20099,72e06d86758e25d0f39e87b43b4ed00325b96cc08c65fc1809df35beee23e59c,6596346c0ac3601c2d477f0860e483184b47e376159b28c27fa46ac692f4f34b,0.20000000298023224,0.02798222005367279,15.53117847442627,0.4312431216239929,0.007179252803325653,21.439208984375,0.6666626334190369,4.292954444885254,3.2310147285461426,0.00016615066851954907,8.320335388183594,0.017570901662111282,3.7048592567443848,8.320335388183594,0.03521728515625,0.2142486572265625
U-Tikhonov T4/CG64,400,0,0,synthetic://square_gradient,geometry/square_gradient.png/sigma_0.050,geometry,square_gradient.png,120000,69d638ce9b8ea492be887d3cca9e04628775de3ace35db2af3b2a354abce36b9,381b98e00bdf325786b1f79a03300427cfc8e587f6149e40fda93880781b996a,0.05000000074505806,0.0024409382604062557,26.124431610107422,0.43573692440986633,7.44375356589444e-05,41.282081604003906,0.983048677444458,6.875274181365967,2.187537670135498,0.001721411943435669,8.320335388183594,0.10608738660812378,8.053865432739258,8.320327758789062,0.0079498291015625,0.3737335205078125
U-Tikhonov T4/CG64,401,1,0,synthetic://step_edge,geometry/step_edge.png/sigma_0.050,geometry,step_edge.png,120001,46a0cfb6b125b4908cb2a16970e2041b41c21563e053b7790f33acb54949ff36,d77f90b4a6b9090ea0d8321449c706c5ac5a02cbbd48fd8f34bddcc4c639301e,0.05000000074505806,0.0025068973191082478,26.008634567260742,0.34547513723373413,5.2377177780726925e-05,42.80857849121094,0.981315016746521,7.480754852294922,1.7178786993026733,0.0024344485718756914,8.320335388183594,0.23001405596733093,8.247842788696289,8.320333480834961,0.0047149658203125,0.515533447265625
U-Tikhonov T4/CG64,402,2,0,synthetic://disk,geometry/disk.png/sigma_0.050,geometry,disk.png,120002,7857258e5183d682d876f68736683f6df789e0b9689292b104d2856a4b91b6a2,ef72398c75f633bf77d9a5e391e7829448a1bfb4fc1838d7d92e1ba20979ffaa,0.05000000074505806,0.0025164575781673193,25.992103576660156,0.37755006551742554,0.0001540507364552468,38.12336349487305,0.9791300296783447,7.325757026672363,1.976733684539795,0.00010909729462582618,8.320335388183594,0.09679864346981049,8.252706527709961,8.320335388183594,0.0090484619140625,0.5207672119140625
U-Tikhonov T4/CG64,403,3,0,synthetic://triangle,geometry/triangle.png/sigma_0.050,geometry,triangle.png,120003,049531080ddc88147f5d85141fa42f562e23ea28cb9cec98167ea9aee093e1b5,4f39de21ac476e75cd2db88bd8233c2fc6dbc683ec3005ced5809bc873c5edc5,0.05000000074505806,0.002525556134060025,25.976430892944336,0.37563374638557434,0.00016190516180358827,37.90739440917969,0.9781348705291748,7.282752990722656,2.0397160053253174,0.00012696237536147237,8.320335388183594,0.08281747251749039,8.252861022949219,8.320335388183594,0.01007080078125,0.5204010009765625
U-Tikhonov T4/CG64,404,4,0,synthetic://nested_rectangles,geometry/nested_rectangles.png/sigma_0.050,geometry,nested_rectangles.png,120004,13e7d9eb3793d137ce5fc6e419e2980ccaa68520dcbf0649f7388a0716d7318a,c4443e66cb39eff77c9a57450116e0a489029ed3eceacfd3fe04d58634eae44b,0.05000000074505806,0.002501388546079397,26.0181884765625,0.43466585874557495,0.00019369623623788357,37.128787994384766,0.9762706160545349,6.680717468261719,2.6594557762145996,0.00028759200358763337,8.320335388183594,0.01271802932024002,8.176935195922852,8.320333480834961,0.045501708984375,0.4470977783203125
U-Tikhonov T4/CG64,405,0,0,synthetic://square_gradient,geometry/square_gradient.png/sigma_0.100,geometry,square_gradient.png,120000,69d638ce9b8ea492be887d3cca9e04628775de3ace35db2af3b2a354abce36b9,9f3b3a4a4f4cf655fc8ed1e09d76f9a667adf4ea5498eb48f2ef924ca6aa5155,0.10000000149011612,0.00911085493862629,20.40441131591797,0.22990202903747559,0.00024602143093943596,36.09027099609375,0.9482266902923584,7.243316650390625,2.101712703704834,0.0009318371303379536,8.320335388183594,0.1775970458984375,8.288082122802734,8.320335388183594,0.0048370361328125,0.570770263671875
U-Tikhonov T4/CG64,406,1,0,synthetic://step_edge,geometry/step_edge.png/sigma_0.100,geometry,step_edge.png,120001,46a0cfb6b125b4908cb2a16970e2041b41c21563e053b7790f33acb54949ff36,d0aef4c0460fd06e1bb6e313e8b8f5de94f72301b64af00ff7bb6763c0440678,0.10000000149011612,0.009429641999304295,20.255048751831055,0.17545488476753235,0.0001594690402271226,37.973236083984375,0.938451886177063,7.3760528564453125,2.0259578227996826,0.0012225247919559479,8.320335388183594,0.2125503122806549,8.303237915039062,8.320335388183594,0.0031890869140625,0.6175689697265625
U-Tikhonov T4/CG64,407,2,0,synthetic://disk,geometry/disk.png/sigma_0.100,geometry,disk.png,120002,7857258e5183d682d876f68736683f6df789e0b9689292b104d2856a4b91b6a2,7b7ed0f631c1d323c2081212843b2826a439529f438efff117b8de247ad56d42,0.10000000149011612,0.009388170205056667,20.27419090270996,0.20454004406929016,0.00033096096012741327,34.80223083496094,0.9362398386001587,7.366159439086914,2.070784568786621,0.00010506716353120282,8.320335388183594,0.15079191327095032,8.308061599731445,8.320335388183594,0.0065460205078125,0.6341094970703125
U-Tikhonov T4/CG64,408,3,0,synthetic://triangle,geometry/triangle.png/sigma_0.100,geometry,triangle.png,120003,049531080ddc88147f5d85141fa42f562e23ea28cb9cec98167ea9aee093e1b5,54fe3cc0fdd5a963a314993d1e51ba8c601da833471b47687b7d46d3fa7c98e7,0.10000000149011612,0.009412744082510471,20.262836456298828,0.20337511599063873,0.0003173856530338526,34.984127044677734,0.9352745413780212,7.284089088439941,2.159783363342285,0.00010507348633836955,8.320335388183594,0.12604358792304993,8.305570602416992,8.320335388183594,0.006744384765625,0.6181793212890625
U-Tikhonov T4/CG64,409,4,0,synthetic://nested_rectangles,geometry/nested_rectangles.png/sigma_0.100,geometry,nested_rectangles.png,120004,13e7d9eb3793d137ce5fc6e419e2980ccaa68520dcbf0649f7388a0716d7318a,63c46101e9cb6c7a22eb3666525ac6d60cacf949d7844593bd48ffffda510631,0.10000000149011612,0.009346477687358856,20.293521881103516,0.27218350768089294,0.0005390899023041129,32.683387756347656,0.9328281879425049,6.907841682434082,2.612290143966675,0.00024559872690588236,8.320335388183594,0.018305279314517975,8.29429817199707,8.320335388183594,0.0281219482421875,0.57720947265625
U-Tikhonov T4/CG64,410,0,0,synthetic://square_gradient,geometry/square_gradient.png/sigma_0.150,geometry,square_gradient.png,120000,69d638ce9b8ea492be887d3cca9e04628775de3ace35db2af3b2a354abce36b9,31649acb9ccd1b270549ad2f0bf0cde096c2a0c68d047e1df9c9016482e68dd7,0.15000000596046448,0.019019896164536476,17.20792007446289,0.16453802585601807,0.0005777454935014248,32.382633209228516,0.9029122591018677,7.380192756652832,2.0797226428985596,0.000602709362283349,8.320335388183594,0.1772308349609375,8.314422607421875,8.320335388183594,0.0048065185546875,0.6607208251953125
U-Tikhonov T4/CG64,411,1,0,synthetic://step_edge,geometry/step_edge.png/sigma_0.150,geometry,step_edge.png,120001,46a0cfb6b125b4908cb2a16970e2041b41c21563e053b7790f33acb54949ff36,e1f5fc79ee11e8dd490daa7cc75825b0db7f1914235dee41718bd32ed3f688db,0.15000000596046448,0.018474046140909195,17.334381103515625,0.1300438940525055,0.0003427158226259053,34.650657653808594,0.8906541466712952,7.3671088218688965,2.120806932449341,0.0011344824451953173,8.320335388183594,0.16969969868659973,8.315324783325195,8.320335388183594,0.004486083984375,0.6677398681640625
U-Tikhonov T4/CG64,412,2,0,synthetic://disk,geometry/disk.png/sigma_0.150,geometry,disk.png,120002,7857258e5183d682d876f68736683f6df789e0b9689292b104d2856a4b91b6a2,47fffa27443301825a14fd63a941e06c1bcbbe986a4ab7bbf4d7b91fffc28f42,0.15000000596046448,0.018330510705709457,17.368255615234375,0.15184386074543,0.000577959232032299,32.38102722167969,0.8892768621444702,7.379380702972412,2.1284639835357666,0.00010522983939154074,8.320335388183594,0.12041989713907242,8.316715240478516,8.320335388183594,0.0072784423828125,0.680816650390625
U-Tikhonov T4/CG64,413,3,0,synthetic://triangle,geometry/triangle.png/sigma_0.150,geometry,triangle.png,120003,049531080ddc88147f5d85141fa42f562e23ea28cb9cec98167ea9aee093e1b5,7be1efc673471b6b66f81e23031bc7cbdd4963507dbf8c10370aa4309e8c227a,0.15000000596046448,0.018377475440502167,17.357141494750977,0.15105774998664856,0.0005587763153016567,32.52762222290039,0.8889048099517822,7.296751022338867,2.2172915935516357,0.00010428315727040172,8.320335388183594,0.11672011762857437,8.315624237060547,8.320335388183594,0.007598876953125,0.66448974609375
U-Tikhonov T4/CG64,414,4,0,synthetic://nested_rectangles,geometry/nested_rectangles.png/sigma_0.150,geometry,nested_rectangles.png,120004,13e7d9eb3793d137ce5fc6e419e2980ccaa68520dcbf0649f7388a0716d7318a,fe8c01635e7d659b7dd135a85da5df81aec8409768c9644930c5b337072bc087,0.15000000596046448,0.018300285562872887,17.375423431396484,0.21862663328647614,0.0009797581005841494,30.08881378173828,0.8886767625808716,6.988772392272949,2.605536937713623,0.00018778271623887122,8.320335388183594,0.022621730342507362,8.312662124633789,8.320335388183594,0.022125244140625,0.636444091796875
U-Tikhonov T4/CG64,415,0,0,synthetic://square_gradient,geometry/square_gradient.png/sigma_0.200,geometry,square_gradient.png,120000,69d638ce9b8ea492be887d3cca9e04628775de3ace35db2af3b2a354abce36b9,329df26359bf779167ff14a2dec36b89a44c5a1449c11c0323a6aa51a375279e,0.20000000298023224,0.03136737644672394,15.035219192504883,0.13272278010845184,0.0011661716271191835,29.332374572753906,0.8522804975509644,7.455570697784424,2.0546884536743164,0.00030139050795696676,8.320335388183594,0.159328892827034,8.318766593933105,8.320335388183594,0.005828857421875,0.707305908203125
U-Tikhonov T4/CG64,416,1,0,synthetic://step_edge,geometry/step_edge.png/sigma_0.200,geometry,step_edge.png,120001,46a0cfb6b125b4908cb2a16970e2041b41c21563e053b7790f33acb54949ff36,c94cf39f857f2f46b7bdaff4587302ab90239752e9e38b7f84df736fdda2d5e0,0.20000000298023224,0.029116984456777573,15.358535766601562,0.1081797331571579,0.0008048437302932143,30.942882537841797,0.841659426689148,7.403985023498535,2.1287081241607666,0.0005549048073589802,8.320335388183594,0.13742010295391083,8.318662643432617,8.320335388183594,0.0061798095703125,0.701812744140625
U-Tikhonov T4/CG64,417,2,0,synthetic://disk,geometry/disk.png/sigma_0.200,geometry,disk.png,120002,7857258e5183d682d876f68736683f6df789e0b9689292b104d2856a4b91b6a2,38dc9ed108b589e0540c4e888aa04be5a5fd5f3fd6b5ae7b8bab0602def23739,0.20000000298023224,0.028918933123350143,15.388177871704102,0.1240880936384201,0.0011206230847164989,29.50540542602539,0.840755045413971,7.419341087341309,2.131061315536499,0.00010464476508786902,8.320335388183594,0.10042645782232285,8.319193840026855,8.320335388183594,0.0087127685546875,0.71356201171875
U-Tikhonov T4/CG64,418,3,0,synthetic://triangle,geometry/triangle.png/sigma_0.200,geometry,triangle.png,120003,049531080ddc88147f5d85141fa42f562e23ea28cb9cec98167ea9aee093e1b5,0acec794972311f6454e696cae572737706efa7bd1ac6f91794029caa85bcda3,0.20000000298023224,0.029010599479079247,15.374433517456055,0.12352502346038818,0.0010933938901871443,29.612234115600586,0.8415251970291138,7.3473124504089355,2.2075490951538086,0.00010280226706527174,8.320335388183594,0.09296990185976028,8.318770408630371,8.320335388183594,0.009307861328125,0.6995086669921875
U-Tikhonov T4/CG64,419,4,0,synthetic://nested_rectangles,geometry/nested_rectangles.png/sigma_0.200,geometry,nested_rectangles.png,120004,13e7d9eb3793d137ce5fc6e419e2980ccaa68520dcbf0649f7388a0716d7318a,8e637de2ea898bbce96d192755b1499cd1bc08c9e6b7c764cf6b1265f3e10095,0.20000000298023224,0.02893802523612976,15.385311126708984,0.1873975396156311,0.00173709518276155,27.60176658630371,0.8415883779525757,7.04224967956543,2.585684061050415,0.0001738602586556226,8.320335388183594,0.026087164878845215,8.317398071289062,8.320335388183594,0.0206756591796875,0.666473388671875
