method,idx,base_idx,crop_id,path,sample_id,dataset,image_name,noise_seed,clean_sha256,noisy_sha256,sigma,noisy_mse,noisy_psnr,noisy_ssim,recon_mse,recon_psnr,recon_ssim,lambda_mean,lambda_std,lambda_min,lambda_max,lambda_p01,lambda_median,lambda_p99,lambda_lower_saturation_fraction,lambda_upper_saturation_fraction
U-Tikhonov T16/CG64,0,0,0,/Users/kyrillguba/Documents/Data Analytics MSc/Thesis/Python/First Try/data/DIV2K/DIV2K_valid_HR/0801.png,div2k/0801.png/sigma_0.050,div2k,0801.png,20000,9ca598cce3296c3968a2f8f7685477f637dbdbbb9d4efb1cd418ca185bd31eef,23816f670e12ef763ffa26e17d479c22563b12b91b944922e6e872ff0e91ddd9,0.05000000074505806,0.002490886254236102,26.036462783813477,0.8823994398117065,0.0013869325630366802,28.57944679260254,0.9288710355758667,0.7187957763671875,1.4196372032165527,0.0009524495690129697,32.53190994262695,0.02102081850171089,0.3319801092147827,6.340407371520996,0.5009613037109375,0.0
U-Tikhonov T16/CG64,1,1,0,/Users/kyrillguba/Documents/Data Analytics MSc/Thesis/Python/First Try/data/DIV2K/DIV2K_valid_HR/0802.png,div2k/0802.png/sigma_0.050,div2k,0802.png,20001,3177c80331fb32ceee70ac3ef64d2e56a1bce05ea8a9c0b664e2592552554742,d7445e9bbede99adf4b19b227f2355615e482ee7cff23a13638b786e6b30c394,0.05000000074505806,0.002405831590294838,26.187347412109375,0.9328572154045105,0.0009187161922454834,30.368186950683594,0.9741374254226685,0.6230629682540894,1.4202250242233276,0.0011293290881440043,33.07699966430664,0.015723371878266335,0.2615951895713806,6.740418910980225,0.587066650390625,1.52587890625e-05
U-Tikhonov T16/CG64,2,2,0,/Users/kyrillguba/Documents/Data Analytics MSc/Thesis/Python/First Try/data/DIV2K/DIV2K_valid_HR/0803.png,div2k/0803.png/sigma_0.050,div2k,0803.png,20002,671a4205d217354c075117f716a83d9a5ef2b4c921475de333f15ac8882c9356,b5a7166a3bd623d88ad5e32920e020aa9881a7f9602b957908661d9ad5911f05,0.05000000074505806,0.002532033249735832,25.965307235717773,0.7820858955383301,0.0005483153508976102,32.60969543457031,0.9571406841278076,1.6561070680618286,2.3720598220825195,0.0003219357749912888,33.12055206298828,0.019196903333067894,0.9696233868598938,11.373226165771484,0.218536376953125,3.0517578125e-05
U-Tikhonov T16/CG64,3,3,0,/Users/kyrillguba/Documents/Data Analytics MSc/Thesis/Python/First Try/data/DIV2K/DIV2K_valid_HR/0804.png,div2k/0804.png/sigma_0.050,div2k,0804.png,20003,f95563d4b6e58b102c165eeec7f7e1ba2608e12c3a331510949f0cce842149ea,8156d77cd656fb19dfebf51512b4d5696d40aeafb0bde5085e54bd36695252c2,0.05000000074505806,0.00246782717294991,26.076852798461914,0.8910704851150513,0.00117520522326231,29.29886245727539,0.9481655955314636,1.2627649307250977,3.140458106994629,0.0008990718051791191,33.20448684692383,0.011548947542905807,0.3296331465244293,17.78772735595703,0.5026397705078125,0.00018310546875
U-Tikhonov T16/CG64,4,4,0,/Users/kyrillguba/Documents/Data Analytics MSc/Thesis/Python/First Try/data/DIV2K/DIV2K_valid_HR/0805.png,div2k/0805.png/sigma_0.050,div2k,0805.png,20004,bac34b49da4033070da28c152ece5c527c7274eafed4e320f3e7258274a93177,d733ca341fa83d639b60a0d5d843dcd82077f7873c9129c0080f5cd10352a039,0.05000000074505806,0.002380685182288289,26.232982635498047,0.8473595976829529,0.0011284500360488892,29.475175857543945,0.9142864346504211,1.1150884628295898,1.8658424615859985,0.0017691905377432704,32.89962387084961,0.029316186904907227,0.5526261329650879,8.62534236907959,0.3369598388671875,0.0
U-Tikhonov T16/CG64,5,5,0,/Users/kyrillguba/Documents/Data Analytics MSc/Thesis/Python/First Try/data/DIV2K/DIV2K_valid_HR/0806.png,div2k/0806.png/sigma_0.050,div2k,0806.png,20005,befc31ea0c7663db0351a7238adfea3153639f5dfa13cb7cacfd757a46539d49,f1db7de87fc069e24df1302f21e8934d1fe35cda4374b9a2915d579081ffa22f,0.05000000074505806,0.002493798965588212,26.031387329101562,0.7556111812591553,0.0006969451787881553,31.56801414489746,0.9419464468955994,2.5908703804016113,3.6257717609405518,0.0012842571595683694,33.21410369873047,0.030173035338521004,1.2982529401779175,18.4456844329834,0.197845458984375,3.0517578125e-05
U-Tikhonov T16/CG64,6,6,0,/Users/kyrillguba/Documents/Data Analytics MSc/Thesis/Python/First Try/data/DIV2K/DIV2K_valid_HR/0807.png,div2k/0807.png/sigma_0.050,div2k,0807.png,20006,1e941eaeed69e78250491fe2c5b2f458f2f36301b8aa701227bd408f852fa572,1472dc7dc1cc2319794d51c25542091f03a175962d768447565a84affad77cfd,0.05000000074505806,0.002496341709047556,26.026958465576172,0.8193234205245972,0.001427092938683927,28.45547866821289,0.9082814455032349,1.7234933376312256,3.014352560043335,0.0024211788550019264,32.87961959838867,0.02993699163198471,0.5858975648880005,15.350838661193848,0.342987060546875,0.0
U-Tikhonov T16/CG64,7,7,0,/Users/kyrillguba/Documents/Data Analytics MSc/Thesis/Python/First Try/data/DIV2K/DIV2K_valid_HR/0808.png,div2k/0808.png/sigma_0.050,div2k,0808.png,20007,9666b1dba93f470d95570471f38f195acafae585deefb8498b5ebb625df94e78,d66335dc80e7b4534f5e2fb398b20473ab46ef15dfb587f54f4af7a3bb09f04b,0.05000000074505806,0.002448369050398469,26.111230850219727,0.619567334651947,0.000626507680863142,32.030738830566406,0.953154444694519,7.2802510261535645,8.430270195007324,0.00031435885466635227,33.281341552734375,0.020091215148568153,4.12919282913208,32.47825622558594,0.1831817626953125,0.0065765380859375
U-Tikhonov T16/CG64,8,8,0,/Users/kyrillguba/Documents/Data Analytics MSc/Thesis/Python/First Try/data/DIV2K/DIV2K_valid_HR/0809.png,div2k/0809.png/sigma_0.050,div2k,0809.png,20008,f57d7f591d2770efb0162e925acaaef8e4ce467e58b7a54d53de058959be9978,8903d3b02e67898ce2ed33bc80a2e01b939b43396cb49d7dd57604d18f78a597,0.05000000074505806,0.002490770537406206,26.036663055419922,0.8125088214874268,0.0009921786841005087,30.034103393554688,0.8935173749923706,1.049667477607727,1.5832048654556274,0.0028959112241864204,29.396039962768555,0.03986124321818352,0.5182316899299622,7.971670627593994,0.33203125,0.0
U-Tikhonov T16/CG64,9,9,0,/Users/kyrillguba/Documents/Data Analytics MSc/Thesis/Python/First Try/data/DIV2K/DIV2K_valid_HR/0810.png,div2k/0810.png/sigma_0.050,div2k,0810.png,20009,50cf8d799292c4a6f6c23b4a8f1d0c08015da9c6e74d9109a31efdb1eb5d9df3,dcf29b2f5a250c88dd457f9bb2447b76c18db7a9927223d0768af7ff6648da6b,0.05000000074505806,0.002494839718565345,26.02957534790039,0.753049373626709,0.0008653721306473017,30.627973556518555,0.9180930852890015,1.7182042598724365,2.3394429683685303,0.00153017055708915,33.111961364746094,0.04356789216399193,0.9473501443862915,10.453730583190918,0.226348876953125,4.57763671875e-05
U-Tikhonov T16/CG64,10,10,0,/Users/kyrillguba/Documents/Data Analytics MSc/Thesis/Python/First Try/data/DIV2K/DIV2K_valid_HR/0811.png,div2k/0811.png/sigma_0.050,div2k,0811.png,20010,ceab700e5944238d72f4ec94852a5ee6b9c353c54281c96ee7c6e9b9f2a16308,f3793a053731a43e46584eff4ba09ac27005d714369da0431660236cc1f7603d,0.05000000074505806,0.0023965993896126747,26.204044342041016,0.7875660061836243,0.0010859157191589475,29.642040252685547,0.8833142518997192,2.5572314262390137,5.0380096435546875,0.001214733812958002,33.281333923339844,0.04182562232017517,0.7470053434371948,28.940723419189453,0.264556884765625,0.002899169921875
U-Tikhonov T16/CG64,11,11,0,/Users/kyrillguba/Documents/Data Analytics MSc/Thesis/Python/First Try/data/DIV2K/DIV2K_valid_HR/0812.png,div2k/0812.png/sigma_0.050,div2k,0812.png,20011,5f26939fc07611061a96f2a386a77ffd9251b83abf26ac7ecb5a44dcae97187b,919cc1a5d8a61b4c91c622ef576f74f9f44f8fb13fda2e0dfc41f0b357ad5295,0.05000000074505806,0.0024693645536899567,26.07415008544922,0.7905488014221191,0.0009751170873641968,30.109432220458984,0.9466426372528076,3.988536834716797,7.624960422515869,0.0004066683177370578,33.28125,0.01091540977358818,0.6847893595695496,32.81599426269531,0.341064453125,0.0084228515625
U-Tikhonov T16/CG64,12,12,0,/Users/kyrillguba/Documents/Data Analytics MSc/Thesis/Python/First Try/data/DIV2K/DIV2K_valid_HR/0813.png,div2k/0813.png/sigma_0.050,div2k,0813.png,20012,c34023db0a8b05fd8269a4d5afeb83670d5b08e7bce8d6c8cfe221a95b0e0b2f,09da1827ff8433374734cdb652e7754e505be3746d2bd8f568a47a328f217e48,0.05000000074505806,0.0023902326356619596,26.215599060058594,0.78742915391922,0.0008683177293278277,30.61321449279785,0.9473656415939331,2.7391419410705566,4.57127046585083,0.0011437737848609686,33.281341552734375,0.016655968502163887,0.8428134918212891,23.03490447998047,0.3212127685546875,0.000946044921875
U-Tikhonov T16/CG64,13,13,0,/Users/kyrillguba/Documents/Data Analytics MSc/Thesis/Python/First Try/data/DIV2K/DIV2K_valid_HR/0814.png,div2k/0814.png/sigma_0.050,div2k,0814.png,20013,9f544177fb7f24fc86ba1b0d9b9d0e664f093ce144600099ca215fbf1a3e3c25,5f24b789d2ca6124203a1a40f9b48b68594a011b101d6af1d89f4192185d3880,0.05000000074505806,0.0025069008115679026,26.008628845214844,0.5397735834121704,0.0005112022627145052,32.9140739440918,0.9635112285614014,17.09834098815918,14.242815017700195,0.0018873667577281594,33.281341552734375,0.022894851863384247,19.023231506347656,33.28018569946289,0.186370849609375,0.159759521484375
U-Tikhonov T16/CG64,14,14,0,/Users/kyrillguba/Documents/Data Analytics MSc/Thesis/Python/First Try/data/DIV2K/DIV2K_valid_HR/0815.png,div2k/0815.png/sigma_0.050,div2k,0815.png,20014,d8f2b2b3496e52c1ec43e3c5e28732516b24990b8a2361d1876240ad562db395,4bc908074575a440446f8cf3cf4b30d18b358574fd90c38c20b3cb36ffacc0a7,0.05000000074505806,0.0024913474917411804,26.035659790039062,0.8415508270263672,0.0008951338240876794,30.481121063232422,0.941493034362793,0.7923811674118042,1.2061935663223267,0.001823011552914977,30.930204391479492,0.021001143380999565,0.4465729594230652,5.571849346160889,0.401947021484375,0.0
U-Tikhonov T16/CG64,15,15,0,/Users/kyrillguba/Documents/Data Analytics MSc/Thesis/Python/First Try/data/DIV2K/DIV2K_valid_HR/0816.png,div2k/0816.png/sigma_0.050,div2k,0816.png,20015,f457e7c932a8730df29263aaf8e3c3a2e54e7e68e543a34cdbc085f7c21edf50,26270b5dfe84c0e73a8ff05bef9d9a014fb181dc56a27ac120957e965c51768f,0.05000000074505806,0.002437438815832138,26.130664825439453,0.7617701888084412,0.0007148111471906304,31.458087921142578,0.9355048537254333,2.8676204681396484,4.355232238769531,0.002402852987870574,33.19637680053711,0.031229326501488686,0.9196113348007202,20.766254425048828,0.25927734375,6.103515625e-05
U-Tikhonov T16/CG64,16,16,0,/Users/kyrillguba/Documents/Data Analytics MSc/Thesis/Python/First Try/data/DIV2K/DIV2K_valid_HR/0817.png,div2k/0817.png/sigma_0.050,div2k,0817.png,20016,b14c93dc0fd3fb833a2c04431c6af818313c8c6f744eb433dd1817a932b015cf,b801fc201be5316a38d52e45e3242185be6cfea63e2a2d06ec988398e7d15831,0.05000000074505806,0.0024598061572760344,26.090991973876953,0.7724976539611816,0.0008919587126001716,30.49655532836914,0.9354702830314636,4.469701766967773,8.257125854492188,0.002534545725211501,33.281333923339844,0.022815769538283348,0.6495959162712097,32.80207443237305,0.3434906005859375,0.0084991455078125
U-Tikhonov T16/CG64,17,17,0,/Users/kyrillguba/Documents/Data Analytics MSc/Thesis/Python/First Try/data/DIV2K/DIV2K_valid_HR/0818.png,div2k/0818.png/sigma_0.050,div2k,0818.png,20017,00f18d236ddc7fe3a937cdcb41ce31082a90c94b9370fc202c7dce18dd80ab2a,6e25b7b315cedeaf3b1345e37bb839678533ea4830e744337c069aa4068ebb47,0.05000000074505806,0.002381330356001854,26.23180389404297,0.7704674005508423,0.0010348119540140033,29.85138702392578,0.9518975019454956,2.969780445098877,4.555917263031006,0.0008154277456924319,33.23286056518555,0.012252639047801495,0.8089166879653931,21.203264236450195,0.3792266845703125,0.000152587890625
U-Tikhonov T16/CG64,18,18,0,/Users/kyrillguba/Documents/Data Analytics MSc/Thesis/Python/First Try/data/DIV2K/DIV2K_valid_HR/0819.png,div2k/0819.png/sigma_0.050,div2k,0819.png,20018,f7450c40d5c0aabdc2bd2a562302ca3993841849efca05e281ec4059186e528c,e2c9e38db76f472ef79bf0589b00d844dc99f0b0ae8f2b1ca50660bb265b55f3,0.05000000074505806,0.002463102340698242,26.085176467895508,0.8513132333755493,0.0012235419126227498,29.123811721801758,0.9125574827194214,1.2852668762207031,2.577446222305298,0.0012665747199207544,33.14778137207031,0.025034569203853607,0.4862739145755768,13.854284286499023,0.3792877197265625,9.1552734375e-05
U-Tikhonov T16/CG64,19,19,0,/Users/kyrillguba/Documents/Data Analytics MSc/Thesis/Python/First Try/data/DIV2K/DIV2K_valid_HR/0820.png,div2k/0820.png/sigma_0.050,div2k,0820.png,20019,ab2cf6ba20cc18bafee4976e8be3cbf4a6db4afea570ef888fdebb8c8e0616f2,a89f9759efbd13f1463a714dee8f0c3be158bc9ea3ee9998e63b5873af574aba,0.05000000074505806,0.002383555518463254,26.22774887084961,0.9048423767089844,0.0022962423972785473,26.38982391357422,0.9154109954833984,2.12861967086792,4.879339694976807,0.0005386482807807624,33.280860900878906,0.008138428442180157,0.4281705319881439,28.637832641601562,0.44696044921875,0.0020599365234375
U-Tikhonov T16/CG64,20,20,0,/Users/kyrillguba/Documents/Data Analytics MSc/Thesis/Python/First Try/data/DIV2K/DIV2K_valid_HR/0821.png,div2k/0821.png/sigma_0.050,div2k,0821.png,20020,ebd02fa51f1a3ee91b6ca90bb58a444e53385dd1193938609708b71bca4504a0,3a232b4dd1b631ac0900a77b50cf182680b0cbe53c61bcbf44525f847a188d37,0.05000000074505806,0.0023471133317798376,26.294660568237305,0.960415780544281,0.0024719606153666973,26.0695858001709,0.961748480796814,1.264298439025879,3.7703537940979004,0.00043470592936500907,33.281341552734375,0.006481295917183161,0.181219220161438,23.250946044921875,0.6385345458984375,0.00103759765625
U-Tikhonov T16/CG64,21,21,0,/Users/kyrillguba/Documents/Data Analytics MSc/Thesis/Python/First Try/data/DIV2K/DIV2K_valid_HR/0822.png,div2k/0822.png/sigma_0.050,div2k,0822.png,20021,86c801c8390b132b94a9efaeb7a9bad9acdd1212e41d91d44b44811708142963,0abc4f2e4adb5c790e30b77f7a3bc5fd1c970677069733ba10dea91d014706c6,0.05000000074505806,0.0024247164838016033,26.153392791748047,0.8965033292770386,0.0014905461575835943,28.26654624938965,0.923738956451416,0.7320821285247803,1.799119234085083,0.0014433616306632757,33.019874572753906,0.021642128005623817,0.3007926940917969,7.797167778015137,0.537994384765625,1.52587890625e-05
U-Tikhonov T16/CG64,22,22,0,/Users/kyrillguba/Documents/Data Analytics MSc/Thesis/Python/First Try/data/DIV2K/DIV2K_valid_HR/0823.png,div2k/0823.png/sigma_0.050,div2k,0823.png,20022,ec11d2cf0a95684902842094c84e0956a3cd35920ef85f25ba677348927a365c,ecc7e76080791daa092510c6d95769995451494bc6f21cdd23927f4c4d05ff61,0.05000000074505806,0.002477123634889722,26.060523986816406,0.6903771758079529,0.0009423457668162882,30.257896423339844,0.9569281935691833,7.160152912139893,9.352371215820312,0.0009661773219704628,33.28129959106445,0.019678086042404175,1.179858922958374,32.734928131103516,0.3520965576171875,0.0075225830078125
U-Tikhonov T16/CG64,23,23,0,/Users/kyrillguba/Documents/Data Analytics MSc/Thesis/Python/First Try/data/DIV2K/DIV2K_valid_HR/0824.png,div2k/0824.png/sigma_0.050,div2k,0824.png,20023,5ce7bdee523a1299c6a42c3adbb96d0e62c2f40266823753b8c042edb8b10495,5485e4487caf59442732dd248ecdc0446d1a6a3cea2e30f31057a1f1d926dfda,0.05000000074505806,0.0024936094414442778,26.031719207763672,0.7650009393692017,0.0008963635191321373,30.47515869140625,0.9402215480804443,2.6859512329101562,4.254080295562744,0.0004111253365408629,33.247161865234375,0.008283249102532864,0.9837456345558167,21.872507095336914,0.3328094482421875,0.0001068115234375
U-Tikhonov T16/CG64,24,24,0,/Users/kyrillguba/Documents/Data Analytics MSc/Thesis/Python/First Try/data/DIV2K/DIV2K_valid_HR/0825.png,div2k/0825.png/sigma_0.050,div2k,0825.png,20024,0403db62808d832f7764170e8df2b8c78ad826e2a93d809f8cf6d018258b011a,bc6e5a307dbe58a3621972b9537080fd5f3d2199cb2f68c5d046aa5060925204,0.05000000074505806,0.002457178197801113,26.09563636779785,0.8984700441360474,0.0013054527807980776,28.842390060424805,0.9421104192733765,1.091518521308899,2.809983491897583,0.0006010877550579607,33.25934982299805,0.008378530852496624,0.2897360324859619,15.619295120239258,0.532440185546875,0.0002593994140625
U-Tikhonov T16/CG64,25,25,0,/Users/kyrillguba/Documents/Data Analytics MSc/Thesis/Python/First Try/data/DIV2K/DIV2K_valid_HR/0826.png,div2k/0826.png/sigma_0.050,div2k,0826.png,20025,b7fba61bcca359e5581b44283bbc34696cae71321e031969411ada23b17e2199,e4bbce3def7d8405d4344ccbb87a3e3514d162c19ded7bdc83423dff8e63a86f,0.05000000074505806,0.0024615353904664516,26.087940216064453,0.7617788314819336,0.000975244038272649,30.108867645263672,0.9351859092712402,4.3592681884765625,6.701960563659668,0.0008587695774622262,33.27997970581055,0.020928403362631798,1.2887194156646729,31.50649070739746,0.2570037841796875,0.0042877197265625
U-Tikhonov T16/CG64,26,26,0,/Users/kyrillguba/Documents/Data Analytics MSc/Thesis/Python/First Try/data/DIV2K/DIV2K_valid_HR/0827.png,div2k/0827.png/sigma_0.050,div2k,0827.png,20026,1a1d5ffbd89d79d7803cf86e2d8f6c75cd146872fd61e387fec71a904e384317,1496c25e0335fbb79b8ec66d7b213d8f9234cac6e48041bba99e2e5d80e935e7,0.05000000074505806,0.0023136702366173267,26.356985092163086,0.5827498435974121,0.0004264517338015139,33.70130157470703,0.8942786455154419,5.242147922515869,6.224581718444824,0.0017894487828016281,33.28053283691406,0.05114792287349701,3.17132568359375,32.306087493896484,0.0935211181640625,0.0055389404296875
U-Tikhonov T16/CG64,27,27,0,/Users/kyrillguba/Documents/Data Analytics MSc/Thesis/Python/First Try/data/DIV2K/DIV2K_valid_HR/0828.png,div2k/0828.png/sigma_0.050,div2k,0828.png,20027,3b7551ae7f737167932c3230707f7075368102b6732eb16bfe514fd471223ea4,7013204f2c9f35f44744aaf82ea3ca5f9bf7e7dd407635e6aaf84ccf14ef53ec,0.05000000074505806,0.0021302225068211555,26.71575164794922,0.8599305152893066,0.0022554025053977966,26.46776008605957,0.9039530754089355,5.042974472045898,8.915240287780762,0.00013551156735047698,33.281341552734375,0.009870912879705429,0.5248817801475525,33.25137710571289,0.4267120361328125,0.0207366943359375
U-Tikhonov T16/CG64,28,28,0,/Users/kyrillguba/Documents/Data Analytics MSc/Thesis/Python/First Try/data/DIV2K/DIV2K_valid_HR/0829.png,div2k/0829.png/sigma_0.050,div2k,0829.png,20028,7fef744df96a3f5b2077c74a59929852deb533e35d4804c7c745471471543ed7,8dd35903bf87baf7f5d0c90ed7a0cac8466aafd566d5b31b5cc24ba8dcbe1932,0.05000000074505806,0.0024739063810557127,26.0661678314209,0.724089503288269,0.0006212858133949339,32.06708526611328,0.9331401586532593,2.91743803024292,4.424474239349365,0.001206476939842105,32.514007568359375,0.01435556448996067,1.1578642129898071,21.55116081237793,0.2196044921875,0.0
U-Tikhonov T16/CG64,29,29,0,/Users/kyrillguba/Documents/Data Analytics MSc/Thesis/Python/First Try/data/DIV2K/DIV2K_valid_HR/0830.png,div2k/0830.png/sigma_0.050,div2k,0830.png,20029,33405798eea5a2bbd23d383a107f9127b4f5d220ad2d443bdb05db6049757a90,8b55cf2a7df2326b1fa79cbd98f9e02a3cb8714c7a9b4b166d2b7b5745e86e0f,0.05000000074505806,0.00250443397089839,26.01290512084961,0.6986998319625854,0.0008904647547751665,30.503833770751953,0.9064813852310181,3.700153112411499,4.735452175140381,0.0028655496425926685,32.65147018432617,0.02339973859488964,1.7512704133987427,21.138248443603516,0.236358642578125,0.0
U-Tikhonov T16/CG64,30,30,0,/Users/kyrillguba/Documents/Data Analytics MSc/Thesis/Python/First Try/data/DIV2K/DIV2K_valid_HR/0831.png,div2k/0831.png/sigma_0.050,div2k,0831.png,20030,37f625cf3b90622b2047f8f9b3e488dcb450cde9c639eb5f94e082ec5148792e,ed393efe56b6e94d5303c71ffa8d1c570e7f6ec97a04942870be360ce991e261,0.05000000074505806,0.002373534720391035,26.246044158935547,0.8587419986724854,0.0011469556484371424,29.4045352935791,0.935242235660553,1.3461897373199463,2.6802165508270264,0.0005002712132409215,33.27580642700195,0.013871513307094574,0.4720013737678528,13.535144805908203,0.4090118408203125,0.000244140625
U-Tikhonov T16/CG64,31,31,0,/Users/kyrillguba/Documents/Data Analytics MSc/Thesis/Python/First Try/data/DIV2K/DIV2K_valid_HR/0832.png,div2k/0832.png/sigma_0.050,div2k,0832.png,20031,678db3c6c13225750b6bb2ae62b3e9ffdbdb3491d462fa2451e73fea851ed64c,47467aa6d888ca85dda510d65c606bd0aa4cf5af67585f34ee3df773785323c9,0.05000000074505806,0.0023926645517349243,26.211181640625,0.8460536003112793,0.00108842714689672,29.63200569152832,0.9438104629516602,1.7721625566482544,3.409006357192993,0.000673907226882875,33.071434020996094,0.01140514574944973,0.495979905128479,17.980506896972656,0.4105682373046875,4.57763671875e-05
U-Tikhonov T16/CG64,32,32,0,/Users/kyrillguba/Documents/Data Analytics MSc/Thesis/Python/First Try/data/DIV2K/DIV2K_valid_HR/0833.png,div2k/0833.png/sigma_0.050,div2k,0833.png,20032,196e9aedca5a8ddb4904ed57c8a1a32e080164df130d093fbc86da6222f32553,3a714a2b62205ca61f3147b1676b945f820fff3acefe2f1e55754483d340f161,0.05000000074505806,0.00242267781868577,26.157045364379883,0.6686140298843384,0.0006951351533643901,31.579307556152344,0.9649394750595093,5.9939470291137695,7.491191387176514,0.0005291839479468763,33.279090881347656,0.016573317348957062,2.1897244453430176,30.08353614807129,0.227630615234375,0.0022125244140625
U-Tikhonov T16/CG64,33,33,0,/Users/kyrillguba/Documents/Data Analytics MSc/Thesis/Python/First Try/data/DIV2K/DIV2K_valid_HR/0834.png,div2k/0834.png/sigma_0.050,div2k,0834.png,20033,43cd5d3407a2ec5d9396c0ba9f3595990830fe17adfb5b3d69777dc489012502,61622438cf56b44c080308b60b9dbca7cbeb3de3d5186d8c7b7611b2a68bca64,0.05000000074505806,0.002312642754986882,26.358917236328125,0.7481876611709595,0.0008526385645382106,30.692350387573242,0.9388324022293091,3.712555408477783,5.88761043548584,0.001343236188404262,33.28076171875,0.017519960179924965,0.9457911252975464,27.830472946166992,0.2883453369140625,0.0015106201171875
U-Tikhonov T16/CG64,34,34,0,/Users/kyrillguba/Documents/Data Analytics MSc/Thesis/Python/First Try/data/DIV2K/DIV2K_valid_HR/0835.png,div2k/0835.png/sigma_0.050,div2k,0835.png,20034,80084574e021b9b385517a807fa4f62735358952d97592c2b192db98626e086c,ac0456d334a23b93ce7076b589a2ce6ca09ccd6153ea523a2500c6640e4c869d,0.05000000074505806,0.002499223919585347,26.021947860717773,0.8371410369873047,0.0013288038317114115,28.765392303466797,0.8983074426651001,1.296978235244751,2.115078926086426,0.0023536249063909054,32.89601135253906,0.028686944395303726,0.5931680798530579,10.457322120666504,0.321044921875,0.0
U-Tikhonov T16/CG64,35,35,0,/Users/kyrillguba/Documents/Data Analytics MSc/Thesis/Python/First Try/data/DIV2K/DIV2K_valid_HR/0836.png,div2k/0836.png/sigma_0.050,div2k,0836.png,20035,d774c40f160da761b384b399f5636cb3cfecf88e2cc5d41c78f575c3bea500af,284ad2931c3bc6507b40bf59c3b64e8f4f92a43ba361f4c4bcc52deb37a25042,0.05000000074505806,0.0023897746577858925,26.2164306640625,0.8066840171813965,0.0010397626319900155,29.830657958984375,0.9532853364944458,3.8485639095306396,7.394450664520264,0.0016042066272348166,33.281341552734375,0.01487834844738245,0.5393480658531189,32.673343658447266,0.3867950439453125,0.0080413818359375
U-Tikhonov T16/CG64,36,36,0,/Users/kyrillguba/Documents/Data Analytics MSc/Thesis/Python/First Try/data/DIV2K/DIV2K_valid_HR/0837.png,div2k/0837.png/sigma_0.050,div2k,0837.png,20036,af3a3f14f10fd37d750995ae36a4d7d4e23e7343e1fc6fb8ddf8342f79d68d35,6cc924ebeb60b7d740054d877327520def456c30af4fa1f4e8498d79a786a6b0,0.05000000074505806,0.0024176565930247307,26.16605567932129,0.9131945371627808,0.0014039422385394573,28.526506423950195,0.9497323036193848,0.7916194796562195,1.836436152458191,0.0010457639582455158,32.76386642456055,0.01266702450811863,0.2615480422973633,9.240143775939941,0.56829833984375,0.0
U-Tikhonov T16/CG64,37,37,0,/Users/kyrillguba/Documents/Data Analytics MSc/Thesis/Python/First Try/data/DIV2K/DIV2K_valid_HR/0838.png,div2k/0838.png/sigma_0.050,div2k,0838.png,20037,a419adae2a9bbcb7b328e0e98815224877487f12f01cec7bd572e3a61b346f36,6aab86b91d97f60d52dbd058e8e6d9e47d5ff5cd6bf8b95911b13477fdda9a69,0.05000000074505806,0.002457757480442524,26.0946102142334,0.7100621461868286,0.0003922428877558559,34.064449310302734,0.9589830040931702,4.788022041320801,7.881634712219238,0.0018914587562903762,33.281341552734375,0.0394870899617672,1.3727511167526245,33.14790344238281,0.15283203125,0.0136566162109375
U-Tikhonov T16/CG64,38,38,0,/Users/kyrillguba/Documents/Data Analytics MSc/Thesis/Python/First Try/data/DIV2K/DIV2K_valid_HR/0839.png,div2k/0839.png/sigma_0.050,div2k,0839.png,20038,9ed3b7789f4dcc0b1bfd3a6e2391350b33a63a89353a3bd50f5bde4b89d2f647,03311d059cb2afa72a656566e0b5ec099e92358e9b13a7c9c37e17bee9ec6340,0.05000000074505806,0.0019779247231781483,27.03790283203125,0.6088687181472778,0.0009161148918792605,30.38050079345703,0.6698347330093384,10.570359230041504,13.510662078857422,0.0003508899244479835,33.281341552734375,0.029038524255156517,1.2409017086029053,33.281341552734375,0.2432403564453125,0.1399688720703125
U-Tikhonov T16/CG64,39,39,0,/Users/kyrillguba/Documents/Data Analytics MSc/Thesis/Python/First Try/data/DIV2K/DIV2K_valid_HR/0840.png,div2k/0840.png/sigma_0.050,div2k,0840.png,20039,df4e88246e2af519b1c29adccc7944ac0f8568e6a1ef7d65c39dc4fcd2a3dd5b,7c59d425d11ee77210f9205919da2169594e2a28ce6661dc2350be70d12d18a0,0.05000000074505806,0.0024346939753741026,26.135557174682617,0.8944105505943298,0.0012880672002211213,28.900615692138672,0.9353710412979126,0.757093071937561,1.5067270994186401,0.0005426057614386082,33.118167877197266,0.023239899426698685,0.36850160360336304,6.977566242218018,0.4611968994140625,1.52587890625e-05
U-Tikhonov T16/CG64,40,40,0,/Users/kyrillguba/Documents/Data Analytics MSc/Thesis/Python/First Try/data/DIV2K/DIV2K_valid_HR/0841.png,div2k/0841.png/sigma_0.050,div2k,0841.png,20040,b85a5c827a7d17dab432c8f79abc120715b867e00f3bcbe182f90d6c23ecff6f,8fe200eca4b5b5242df4bc0de21335521f30c97ede9eb74fc53a2b7d9f56c88e,0.05000000074505806,0.002478003269061446,26.05898094177246,0.7327069044113159,0.000931453425437212,30.30838966369629,0.917233943939209,3.1991429328918457,5.15423583984375,0.00207954621873796,33.281341552734375,0.02595318667590618,1.1169630289077759,27.10018539428711,0.275970458984375,0.002532958984375
U-Tikhonov T16/CG64,41,41,0,/Users/kyrillguba/Documents/Data Analytics MSc/Thesis/Python/First Try/data/DIV2K/DIV2K_valid_HR/0842.png,div2k/0842.png/sigma_0.050,div2k,0842.png,20041,e0fe2755785538efb2ac1c7a4fc4e854d8206a8f09b68ac1931f0544c3e7cc53,beda00ff8db42d4b589f7378d3e25b21007f8885570daf4c565c0337c785048a,0.05000000074505806,0.00240309233777225,26.19229507446289,0.7688649892807007,0.0008078815881162882,30.926523208618164,0.9321819543838501,2.085796356201172,3.098717451095581,0.0006521026371046901,33.28133773803711,0.019618749618530273,1.0206928253173828,15.207021713256836,0.2597503662109375,0.0003662109375
U-Tikhonov T16/CG64,42,42,0,/Users/kyrillguba/Documents/Data Analytics MSc/Thesis/Python/First Try/data/DIV2K/DIV2K_valid_HR/0843.png,div2k/0843.png/sigma_0.050,div2k,0843.png,20042,8d4db85adca20e5911d117b4bb54fdfb3f22b2a02cceb14242bb7540955f6140,35d05bad930e78acf4ef2cb816eca7463834e674af53f848c7dbaadb73084f68,0.05000000074505806,0.0021504508331418037,26.674707412719727,0.4611368179321289,0.0001915768370963633,37.176570892333984,0.9899694323539734,24.369953155517578,12.758912086486816,0.0012496246490627527,33.281341552734375,0.023599399253726006,32.12640380859375,33.281341552734375,0.110595703125,0.37750244140625
U-Tikhonov T16/CG64,43,43,0,/Users/kyrillguba/Documents/Data Analytics MSc/Thesis/Python/First Try/data/DIV2K/DIV2K_valid_HR/0844.png,div2k/0844.png/sigma_0.050,div2k,0844.png,20043,15c2150d7c67049e1e35243bac1a1a68c6f0e57215592b78ed9b74e130ed1370,54e704e5fefca2dce105a38946c8722391d376a9b4bda2d175503937d9443db5,0.05000000074505806,0.00241699512116611,26.16724395751953,0.5474591255187988,0.0002981934230774641,35.25502014160156,0.9391986727714539,7.334755897521973,8.195205688476562,0.0006638707709498703,33.28132629394531,0.027787325903773308,3.9544546604156494,32.68147277832031,0.0792083740234375,0.0077972412109375
U-Tikhonov T16/CG64,44,44,0,/Users/kyrillguba/Documents/Data Analytics MSc/Thesis/Python/First Try/data/DIV2K/DIV2K_valid_HR/0845.png,div2k/0845.png/sigma_0.050,div2k,0845.png,20044,3afec5a048f16903b44498719256567f9874b218bd408f06ae16848d5bfd4779,787c55ff16cedc70877931e779b270a9714da1b1ff66e29c8b238f45f9089a82,0.05000000074505806,0.002203594194725156,26.568683624267578,0.7407160401344299,0.0013066144892945886,28.83852767944336,0.9277885556221008,5.304960250854492,7.2667927742004395,0.0004896196187473834,33.26644515991211,0.007777617312967777,1.4976260662078857,29.50186538696289,0.31146240234375,0.0009765625
U-Tikhonov T16/CG64,45,45,0,/Users/kyrillguba/Documents/Data Analytics MSc/Thesis/Python/First Try/data/DIV2K/DIV2K_valid_HR/0846.png,div2k/0846.png/sigma_0.050,div2k,0846.png,20045,bfa025022780e8b45b7d8ca41bf0c1aa0ef062e997a3e07e7b0b4766072a0c65,0adbf774efd417a8fd418e7c5104d799b1f00bb3095edb86e4e8ab2dfa026b37,0.05000000074505806,0.002105560153722763,26.76632308959961,0.8011387586593628,0.001680348883382976,27.746007919311523,0.9212212562561035,3.6188673973083496,6.127159118652344,0.0007460960769094527,33.28133773803711,0.016202567145228386,0.7191994190216064,30.56020736694336,0.3442535400390625,0.0033416748046875
U-Tikhonov T16/CG64,46,46,0,/Users/kyrillguba/Documents/Data Analytics MSc/Thesis/Python/First Try/data/DIV2K/DIV2K_valid_HR/0847.png,div2k/0847.png/sigma_0.050,div2k,0847.png,20046,a03ac31eb9aa42c51d2ec103e996158d3f7890d32752d0e5a0bece66c7f0a096,f7a15c06ecc295897dcb2e920759c7d2b39e632ddbc05f39f62443e6f2d07c47,0.05000000074505806,0.0023024985566735268,26.378005981445312,0.8615671396255493,0.001205631298944354,29.187854766845703,0.9518351554870605,2.430750846862793,4.47067928314209,0.0006159987533465028,33.125797271728516,0.008853638544678688,0.511154055595398,21.80519676208496,0.424346923828125,0.0001068115234375
U-Tikhonov T16/CG64,47,47,0,/Users/kyrillguba/Documents/Data Analytics MSc/Thesis/Python/First Try/data/DIV2K/DIV2K_valid_HR/0848.png,div2k/0848.png/sigma_0.050,div2k,0848.png,20047,226e619ed1295a7c7b4eb9d622c6124c81ba03e21362bb8eee67e67dced25224,efa2172a3a1dd6cd91b1b9a07f06d0811453ba7dedba5ff3c724a98f91ceee0f,0.05000000074505806,0.002366595435887575,26.258758544921875,0.8601237535476685,0.0009538595913909376,30.205156326293945,0.9523327350616455,1.7802683115005493,4.040012359619141,0.0006070755771361291,33.281341552734375,0.010096855461597443,0.4858645796775818,23.220890045166016,0.4158935546875,0.0017242431640625
U-Tikhonov T16/CG64,48,48,0,/Users/kyrillguba/Documents/Data Analytics MSc/Thesis/Python/First Try/data/DIV2K/DIV2K_valid_HR/0849.png,div2k/0849.png/sigma_0.050,div2k,0849.png,20048,2c70dd5654b23e4a9ab11865c6c70e3077823c4972ad389deddc84dd9edc36b8,812c07076778f64508761453798502e38c6faad3cecffd799395e10f24d49b2e,0.05000000074505806,0.0024144914932549,26.171743392944336,0.9492175579071045,0.002105433028191328,26.766586303710938,0.9570242166519165,0.5744807720184326,1.721437931060791,0.0002121632278431207,33.24276351928711,0.006611050572246313,0.16343069076538086,7.137786388397217,0.6870880126953125,4.57763671875e-05
U-Tikhonov T16/CG64,49,49,0,/Users/kyrillguba/Documents/Data Analytics MSc/Thesis/Python/First Try/data/DIV2K/DIV2K_valid_HR/0850.png,div2k/0850.png/sigma_0.050,div2k,0850.png,20049,b0e8b344c318dfae08640e56c0b52ec6df0909ea2a5c7128b8b44308511dabe7,c58c027afbe1f7160eae9abc4d0d74aea25e91e356b752d3e1e2acb9dd2b25b1,0.05000000074505806,0.0024805485736578703,26.054523468017578,0.8018345832824707,0.0008643426699563861,30.633142471313477,0.9333397150039673,2.4347290992736816,4.589804172515869,0.0007129067671485245,33.281333923339844,0.022258928045630455,0.8502992987632751,27.19698715209961,0.2761688232421875,0.0027923583984375
U-Tikhonov T16/CG64,50,50,0,/Users/kyrillguba/Documents/Data Analytics MSc/Thesis/Python/First Try/data/DIV2K/DIV2K_valid_HR/0851.png,div2k/0851.png/sigma_0.050,div2k,0851.png,20050,6cd623610d71351bd69a4193263bc448cd15272dcfd17f66224ecc57d176c5d0,3c106b758572323bd824bc5a7c10ef69bf0bb6f2d4c116d1984d1ba198b915d8,0.05000000074505806,0.002428226638585329,26.14710807800293,0.6372339129447937,0.0006145508377812803,32.11442184448242,0.9694099426269531,11.514287948608398,12.35885238647461,0.0007054590969346464,33.281341552734375,0.013530869968235493,5.781867027282715,33.27763748168945,0.2303619384765625,0.057464599609375
U-Tikhonov T16/CG64,51,51,0,/Users/kyrillguba/Documents/Data Analytics MSc/Thesis/Python/First Try/data/DIV2K/DIV2K_valid_HR/0852.png,div2k/0852.png/sigma_0.050,div2k,0852.png,20051,73b3c50a05a0fcb1a26fb8f3d88ebc57fe34409f6e6d0d125e46c18d90cca3a1,4ce54e8621ce4f5257ecb630b4daea9067dfad4a58b54393e8e18482ffa73ce6,0.05000000074505806,0.0017825127579271793,27.489673614501953,0.5970467329025269,0.0006486172787845135,31.880115509033203,0.7477560043334961,6.606563091278076,8.522135734558105,0.008185935206711292,33.281333923339844,0.0838218703866005,2.974569320678711,33.206214904785156,0.09027099609375,0.017333984375
U-Tikhonov T16/CG64,52,52,0,/Users/kyrillguba/Documents/Data Analytics MSc/Thesis/Python/First Try/data/DIV2K/DIV2K_valid_HR/0853.png,div2k/0853.png/sigma_0.050,div2k,0853.png,20052,e9eb55fc2bc1bcfd2fad63122c380357a672f2b9f14b61a7547da796324e10c2,c4ddc83133c81f82df55fcd98380e6d24f8bab15fb2b858671b54562d377c806,0.05000000074505806,0.002295798622071743,26.390663146972656,0.6024793386459351,0.0004978957585990429,33.02861785888672,0.9526392221450806,11.781655311584473,12.973993301391602,0.0019465150544419885,33.281341552734375,0.026627277955412865,4.305874824523926,33.273311614990234,0.1834716796875,0.06439208984375
U-Tikhonov T16/CG64,53,53,0,/Users/kyrillguba/Documents/Data Analytics MSc/Thesis/Python/First Try/data/DIV2K/DIV2K_valid_HR/0854.png,div2k/0854.png/sigma_0.050,div2k,0854.png,20053,dbefb08aac7a5ad65da8e59ab21cbb0e921c9ad6da4d670be4cb2a982a3e2ffe,ee82022d69ec65f113006151c0964c1ce0401ec3b9c05faa531c924cc453f28e,0.05000000074505806,0.0024929214268922806,26.032915115356445,0.7780815362930298,0.0012060771696269512,29.186248779296875,0.9387079477310181,4.393341541290283,8.065725326538086,0.0005844479892402887,33.27769470214844,0.018106035888195038,0.5903581380844116,32.22102355957031,0.376556396484375,0.0030517578125
U-Tikhonov T16/CG64,54,54,0,/Users/kyrillguba/Documents/Data Analytics MSc/Thesis/Python/First Try/data/DIV2K/DIV2K_valid_HR/0855.png,div2k/0855.png/sigma_0.050,div2k,0855.png,20054,9e2b3caa326eef35864ca6323728491aaf77f5232b3a1b7435275b7a4b5bc314,224e93d4c6e4499718b0c65e9f9dc75bfff8c9849e40711398f500fcb0e1344c,0.05000000074505806,0.0024242037907242775,26.154308319091797,0.7343929409980774,0.0008512205677106977,30.6995792388916,0.9179027676582336,2.7169418334960938,3.891075611114502,0.002340211533010006,32.773258209228516,0.03535468503832817,1.2686223983764648,19.43842315673828,0.1799774169921875,0.0
U-Tikhonov T16/CG64,55,55,0,/Users/kyrillguba/Documents/Data Analytics MSc/Thesis/Python/First Try/data/DIV2K/DIV2K_valid_HR/0856.png,div2k/0856.png/sigma_0.050,div2k,0856.png,20055,66cf31de43a337537e663db0aecf5dd0004e87a0fbe2bd2cdc7ed9a8b4a93ece,62ea9274995afc0d0ba793d444a4eca4cd474404f25acb13a3902506fcfc2ec5,0.05000000074505806,0.0024465948808938265,26.1143798828125,0.7071712613105774,0.0010258592665195465,29.889122009277344,0.8468911647796631,3.2189154624938965,5.393761157989502,0.0070779272355139256,33.28063201904297,0.06274359673261642,1.06380295753479,26.976577758789062,0.1785430908203125,0.0010528564453125
U-Tikhonov T16/CG64,56,56,0,/Users/kyrillguba/Documents/Data Analytics MSc/Thesis/Python/First Try/data/DIV2K/DIV2K_valid_HR/0857.png,div2k/0857.png/sigma_0.050,div2k,0857.png,20056,ab895c24c3f27bd01daebb297e1995e3f7eaba3372e5cc7e32fb98edb3dfd93b,673be55e35caf9556009ef5b290c84ca55946414b7437036ce7a684e731ab7d2,0.05000000074505806,0.002511989325284958,25.99982261657715,0.6884675025939941,0.0003317035734653473,34.79249572753906,0.954269528388977,2.571978807449341,2.418792963027954,0.0019700322300195694,30.05067253112793,0.04474645107984543,1.934786081314087,11.646949768066406,0.0824737548828125,0.0
U-Tikhonov T16/CG64,57,57,0,/Users/kyrillguba/Documents/Data Analytics MSc/Thesis/Python/First Try/data/DIV2K/DIV2K_valid_HR/0858.png,div2k/0858.png/sigma_0.050,div2k,0858.png,20057,69c3c9a846793f1dd2cda90db3fba707412671412126cd1eaad1496e784f7c0e,9a3fedb0e7da6c4cb13c4aa3be8292d1decc9118fb09e54e5d4f940963c19b8a,0.05000000074505806,0.002182303462177515,26.610849380493164,0.7960816621780396,0.0011261096224188805,29.484193801879883,0.8601043224334717,2.623140811920166,4.36311674118042,0.0018534947885200381,33.25475311279297,0.03183438628911972,0.8646399974822998,22.55152702331543,0.2613372802734375,0.000213623046875
U-Tikhonov T16/CG64,58,58,0,/Users/kyrillguba/Documents/Data Analytics MSc/Thesis/Python/First Try/data/DIV2K/DIV2K_valid_HR/0859.png,div2k/0859.png/sigma_0.050,div2k,0859.png,20058,0783919bca182fbd4ec27a809e6b7e6c58e89fddb3d3ef3d1bd5c807651c9a53,fcf822cfa8424f9b9c84b5035a72e071539cb531dffee6d54e3f00d3c550a601,0.05000000074505806,0.0025279473047703505,25.972320556640625,0.8422619104385376,0.001289035426452756,28.89735221862793,0.9155232906341553,1.5147247314453125,2.723404884338379,0.0021883754525333643,33.18400192260742,0.020416418090462685,0.5421320199966431,13.654861450195312,0.3731231689453125,1.52587890625e-05
U-Tikhonov T16/CG64,59,59,0,/Users/kyrillguba/Documents/Data Analytics MSc/Thesis/Python/First Try/data/DIV2K/DIV2K_valid_HR/0860.png,div2k/0860.png/sigma_0.050,div2k,0860.png,20059,6323c40a5d11f381b901e87cf8f54d9578bc32be44b9350ac5386eb44224de4a,c71c04fcfb6b74e55325e34a45c1c3ca5d8a987657eb8863649b82696952b358,0.05000000074505806,0.0024339123629033566,26.136951446533203,0.9106051325798035,0.0018597629386931658,27.305423736572266,0.9177578687667847,0.7626414895057678,1.5377777814865112,0.00042460253462195396,30.915172576904297,0.018301354721188545,0.33615732192993164,7.69402551651001,0.4965362548828125,0.0
U-Tikhonov T16/CG64,60,60,0,/Users/kyrillguba/Documents/Data Analytics MSc/Thesis/Python/First Try/data/DIV2K/DIV2K_valid_HR/0861.png,div2k/0861.png/sigma_0.050,div2k,0861.png,20060,c3df240f2bf2bcdcdc9060b4ba3b0dd6324594f485ce3ee2d407f0b5364d72d7,8839bdd16fcb8d9dc749ec4fba288f25ca0dc583156fc136316fb9ae87610e10,0.05000000074505806,0.0020175748504698277,26.951704025268555,0.8055756092071533,0.001413409598171711,28.49732208251953,0.8642494082450867,4.021810054779053,6.589386940002441,0.0005344765959307551,33.281280517578125,0.013163789175450802,1.034989595413208,30.84981918334961,0.3271331787109375,0.002105712890625
U-Tikhonov T16/CG64,61,61,0,/Users/kyrillguba/Documents/Data Analytics MSc/Thesis/Python/First Try/data/DIV2K/DIV2K_valid_HR/0862.png,div2k/0862.png/sigma_0.050,div2k,0862.png,20061,b28039f4ed1566ad4bef028589288dfa1cf33c4b676694010eb5d0d9f228ef50,978a7b813eafffc3aa259f7f1d4c268f8c390f58f7b2ffe9b6706c1a191e7bda,0.05000000074505806,0.0025069513358175755,26.008541107177734,0.5648969411849976,0.0003340071125421673,34.762447357177734,0.9372571706771851,6.63192081451416,7.260452747344971,0.002420214004814625,33.2573127746582,0.08511801809072495,3.784062385559082,30.853769302368164,0.074676513671875,0.001678466796875
U-Tikhonov T16/CG64,62,62,0,/Users/kyrillguba/Documents/Data Analytics MSc/Thesis/Python/First Try/data/DIV2K/DIV2K_valid_HR/0863.png,div2k/0863.png/sigma_0.050,div2k,0863.png,20062,69a9aeec52e386294dc8c778c0d11c7f842f0960ca488aa898c25c50220c823a,c5b360385124b0b9db466d8df7c65a52c9f7b40b24ea0989ea1251fe9b9e974c,0.05000000074505806,0.0024539162404835224,26.101402282714844,0.7052394151687622,0.0006434252136386931,31.915019989013672,0.957109272480011,4.989121913909912,7.842982292175293,0.0004352444957476109,33.281314849853516,0.02136724814772606,0.684619128704071,31.933746337890625,0.3549652099609375,0.0048370361328125
U-Tikhonov T16/CG64,63,63,0,/Users/kyrillguba/Documents/Data Analytics MSc/Thesis/Python/First Try/data/DIV2K/DIV2K_valid_HR/0864.png,div2k/0864.png/sigma_0.050,div2k,0864.png,20063,fb786dffb18452c590dd1e18bebeea18d1c1bec24fd9d36d75ba35ad6c8a81d3,f18d1da23718072040022a8b39a5ed0e4862a23ffc29a83502f4179a0f193a89,0.05000000074505806,0.0024664667434990406,26.079246520996094,0.8392430543899536,0.0009117418667301536,30.401283264160156,0.9275305867195129,1.3264234066009521,2.4453108310699463,0.0035165436565876007,33.084259033203125,0.04040711745619774,0.6074061393737793,12.485705375671387,0.2947845458984375,3.0517578125e-05
U-Tikhonov T16/CG64,64,64,0,/Users/kyrillguba/Documents/Data Analytics MSc/Thesis/Python/First Try/data/DIV2K/DIV2K_valid_HR/0865.png,div2k/0865.png/sigma_0.050,div2k,0865.png,20064,f92af3991be3de305c0efcfbe87ac07586eb280db7c47c56bbf8452a9b10010c,acd0fc3cccb5e4827e28374fc235054efe5f2b26adc84330573534bc9727fece,0.05000000074505806,0.002491431077942252,26.035511016845703,0.780320405960083,0.0008313874714076519,30.801965713500977,0.9302120208740234,1.6413780450820923,2.4434916973114014,0.002012857934460044,27.801876068115234,0.026172954589128494,0.5930209159851074,11.415224075317383,0.34527587890625,0.0
U-Tikhonov T16/CG64,65,65,0,/Users/kyrillguba/Documents/Data Analytics MSc/Thesis/Python/First Try/data/DIV2K/DIV2K_valid_HR/0866.png,div2k/0866.png/sigma_0.050,div2k,0866.png,20065,64fe1cb87ea16bd47a4af52b635bd686b87a3bb0bb006aa875e7090e7f4f1b09,9afe981f615137ba03acacaf176e2c98a40692fb9b988590634da93828007e30,0.05000000074505806,0.0024913714732974768,26.035615921020508,0.8772956132888794,0.0014963389839977026,28.24970245361328,0.9272400736808777,1.190511703491211,2.581709623336792,0.00040513905696570873,33.09642791748047,0.010323441587388515,0.35972315073013306,13.293750762939453,0.4803009033203125,4.57763671875e-05
U-Tikhonov T16/CG64,66,66,0,/Users/kyrillguba/Documents/Data Analytics MSc/Thesis/Python/First Try/data/DIV2K/DIV2K_valid_HR/0867.png,div2k/0867.png/sigma_0.050,div2k,0867.png,20066,a1b0a4eea55a3cc398df9e911e7db0ecbec9938d8ca0f96d3252df65b6daed62,66b0a986b08c5cd25291d21eeaacbef5e8726ec5e502a875560f78802f9bd7de,0.05000000074505806,0.0024518349673599005,26.10508918762207,0.904789924621582,0.001236471813172102,29.07815933227539,0.9504780769348145,1.0187710523605347,2.4463231563568115,0.0013338581193238497,33.052215576171875,0.014492396265268326,0.28313446044921875,12.724386215209961,0.54595947265625,6.103515625e-05
U-Tikhonov T16/CG64,67,67,0,/Users/kyrillguba/Documents/Data Analytics MSc/Thesis/Python/First Try/data/DIV2K/DIV2K_valid_HR/0868.png,div2k/0868.png/sigma_0.050,div2k,0868.png,20067,a5806164ffd45d6b14c4f40b199c062ca7d2855351fd99291a948b57f15212f1,a068c0fafc52686b9b284c602856e7d72b97994c0d20c34e82fde7b9e37cf00c,0.05000000074505806,0.002463496755808592,26.08448028564453,0.4806396961212158,0.0003483528853394091,34.57980728149414,0.9834960699081421,17.001832962036133,11.53642749786377,0.001099881250411272,33.28131103515625,0.020589616149663925,18.44629669189453,33.26759338378906,0.131805419921875,0.0427703857421875
U-Tikhonov T16/CG64,68,68,0,/Users/kyrillguba/Documents/Data Analytics MSc/Thesis/Python/First Try/data/DIV2K/DIV2K_valid_HR/0869.png,div2k/0869.png/sigma_0.050,div2k,0869.png,20068,bc61ffc14754a4c0e306111ec7946ec828ebc05b363e7717d8c2f300d7750e5c,92faf7d14463503cc56675c98f92d562b015bd906d1db31c8f3cc235521aefff,0.05000000074505806,0.002459372393786907,26.091758728027344,0.7520028352737427,0.0009802617132663727,30.086578369140625,0.926841139793396,4.931423187255859,7.399914741516113,0.0014429069124162197,33.28115463256836,0.024672001600265503,0.9527797698974609,32.17503356933594,0.30908203125,0.0052490234375
U-Tikhonov T16/CG64,69,69,0,/Users/kyrillguba/Documents/Data Analytics MSc/Thesis/Python/First Try/data/DIV2K/DIV2K_valid_HR/0870.png,div2k/0870.png/sigma_0.050,div2k,0870.png,20069,23fb86d88c32c580e802edb1ef9cd9aecf3ca74c79ecdde14ada63f7050ad410,b6f5585f87becf8c8892e5f8ff9ae9085e0882cccd1e98b84ad068e6c2fd5d7f,0.05000000074505806,0.00249586277641356,26.027793884277344,0.9074313640594482,0.0015952892135828733,27.971607208251953,0.9290878772735596,0.5588397979736328,1.2756694555282593,0.0007394806016236544,31.45347785949707,0.020521432161331177,0.27407920360565186,5.592621803283691,0.577880859375,0.0
U-Tikhonov T16/CG64,70,70,0,/Users/kyrillguba/Documents/Data Analytics MSc/Thesis/Python/First Try/data/DIV2K/DIV2K_valid_HR/0871.png,div2k/0871.png/sigma_0.050,div2k,0871.png,20070,755675f2824bd9535075c3a3649ecad82608dffc5b28d5b6777c999ce5ac8feb,9b545bb8a7867d96b3d1fecda24e03809067ef977387c4a9184f2aae6fcbc8c8,0.05000000074505806,0.002481108531355858,26.053543090820312,0.857539176940918,0.0009528363007120788,30.20981788635254,0.9504402875900269,0.9999586343765259,1.6798088550567627,0.001658547087572515,30.5410099029541,0.01895034871995449,0.39301279187202454,7.896745681762695,0.451751708984375,0.0
U-Tikhonov T16/CG64,71,71,0,/Users/kyrillguba/Documents/Data Analytics MSc/Thesis/Python/First Try/data/DIV2K/DIV2K_valid_HR/0872.png,div2k/0872.png/sigma_0.050,div2k,0872.png,20071,a3051017ca8c7da3a6c7830c9bb928ecf2b81dc2add6c092a6aecfa321376f6b,131358219de1a92c883f7aabb6f73c5887153fa67393bfc249b3c44637410397,0.05000000074505806,0.002477589063346386,26.05970573425293,0.902247965335846,0.0014229549560695887,28.468090057373047,0.9416954517364502,1.0738176107406616,2.292783498764038,0.0004926881520077586,32.450191497802734,0.012463079765439034,0.31687265634536743,11.342350006103516,0.512847900390625,0.0
U-Tikhonov T16/CG64,72,72,0,/Users/kyrillguba/Documents/Data Analytics MSc/Thesis/Python/First Try/data/DIV2K/DIV2K_valid_HR/0873.png,div2k/0873.png/sigma_0.050,div2k,0873.png,20072,98eca5a763607b677cf4da90c4112b7bd27d325edaf99023f29c46b2af95740e,7ed996e83d7c85129cf42e7e77d6ee12ca7058197ed761629f556c4526a743be,0.05000000074505806,0.002525132382288575,25.977157592773438,0.801446795463562,0.0012372033670544624,29.075592041015625,0.9321869611740112,2.740482807159424,5.381881237030029,0.0024308273568749428,33.26319885253906,0.027919335290789604,0.4672194719314575,26.114727020263672,0.393768310546875,0.000823974609375
U-Tikhonov T16/CG64,73,73,0,/Users/kyrillguba/Documents/Data Analytics MSc/Thesis/Python/First Try/data/DIV2K/DIV2K_valid_HR/0874.png,div2k/0874.png/sigma_0.050,div2k,0874.png,20073,c1b141701b55a15db0c8d9d38d28131d0c6935abc941c0cf5a1b8e17483ce6db,b19bfca99d856a1b2097f69aab2e36d4fedf6c4a2af0992eda02c4f131e8329d,0.05000000074505806,0.002378856297582388,26.236316680908203,0.7668249011039734,0.0007792462129145861,31.083255767822266,0.9097049236297607,2.084991216659546,3.4403364658355713,0.000638027093373239,33.0294189453125,0.02850647270679474,0.8721659183502197,17.953950881958008,0.236083984375,0.0001068115234375
U-Tikhonov T16/CG64,74,74,0,/Users/kyrillguba/Documents/Data Analytics MSc/Thesis/Python/First Try/data/DIV2K/DIV2K_valid_HR/0875.png,div2k/0875.png/sigma_0.050,div2k,0875.png,20074,9efdc0057bb6e53db148019bb4a13192254fce5f31a016a4924e85fc6ee62a16,5dec522d5e1137adce5d49d502dfa608677341edee3f6ccf586c6fc3ae9ffa96,0.05000000074505806,0.0024223660584539175,26.157604217529297,0.9346641302108765,0.0014753580326214433,28.311025619506836,0.9550783634185791,0.7635738849639893,2.5123910903930664,0.00039446711889468133,33.256263732910156,0.014068640768527985,0.2673870325088501,13.487462043762207,0.577911376953125,0.0002288818359375
U-Tikhonov T16/CG64,75,75,0,/Users/kyrillguba/Documents/Data Analytics MSc/Thesis/Python/First Try/data/DIV2K/DIV2K_valid_HR/0876.png,div2k/0876.png/sigma_0.050,div2k,0876.png,20075,84df379a2b4a7b995296e31b3954bfb9a7731d5e2d0b8650405a416a53e11125,80e9a18961ffcbf9cc0f8ac5206060e646fa8d3dbbd54ed03acd91720a2d69e9,0.05000000074505806,0.0022386491764336824,26.500139236450195,0.8460820913314819,0.0012234724126756191,29.124059677124023,0.8905763626098633,1.6140152215957642,2.872936964035034,0.001990457996726036,32.90180206298828,0.022564265877008438,0.6130324006080627,14.848406791687012,0.3207855224609375,0.0
U-Tikhonov T16/CG64,76,76,0,/Users/kyrillguba/Documents/Data Analytics MSc/Thesis/Python/First Try/data/DIV2K/DIV2K_valid_HR/0877.png,div2k/0877.png/sigma_0.050,div2k,0877.png,20076,a7be10c02736c3557926612d053466a395f1f8df83ddeeff7027d05bb769b33a,78441016e6cfc95c22e8029585e0135aee252e64b13e409b0421ab423ad3bc5b,0.05000000074505806,0.002484759083017707,26.047157287597656,0.6783108115196228,0.0004483627271838486,33.48370361328125,0.930343747138977,2.882206439971924,3.5179097652435303,0.0011042732512578368,33.28115463256836,0.0306949932128191,1.6557021141052246,16.836530685424805,0.158172607421875,0.000335693359375
U-Tikhonov T16/CG64,77,77,0,/Users/kyrillguba/Documents/Data Analytics MSc/Thesis/Python/First Try/data/DIV2K/DIV2K_valid_HR/0878.png,div2k/0878.png/sigma_0.050,div2k,0878.png,20077,f1e61ee7f615bf40fc0cc24a3750fc6413019d89281f32d061c3bfb42fdf3082,6f9cb19221b164fd1c4793e9119d414b2937b5fe464e8b30b5d536fc88349f47,0.05000000074505806,0.002496751956641674,26.026247024536133,0.8696799278259277,0.0011312764836475253,29.464311599731445,0.9402211904525757,1.3077417612075806,2.881241798400879,0.0019337297417223454,32.90456771850586,0.018153244629502296,0.3992469906806946,15.2969970703125,0.4478607177734375,0.0
U-Tikhonov T16/CG64,78,78,0,/Users/kyrillguba/Documents/Data Analytics MSc/Thesis/Python/First Try/data/DIV2K/DIV2K_valid_HR/0879.png,div2k/0879.png/sigma_0.050,div2k,0879.png,20078,f7a72db70e5d13cc9ce0514ee1b317f98a5b43e5671f68071037416761ac50bb,3af6e6931292a54a400c5fe7933c9aac4afecb5836dd41e2e23a0d722688892b,0.05000000074505806,0.0025101255159825087,26.0030460357666,0.6462010145187378,0.0007753652753308415,31.104936599731445,0.9659841656684875,13.194398880004883,13.866291046142578,0.000822069589048624,33.28133773803711,0.014102652668952942,5.685408592224121,33.279911041259766,0.28173828125,0.09832763671875
U-Tikhonov T16/CG64,79,79,0,/Users/kyrillguba/Documents/Data Analytics MSc/Thesis/Python/First Try/data/DIV2K/DIV2K_valid_HR/0880.png,div2k/0880.png/sigma_0.050,div2k,0880.png,20079,2464ffab9474f65f91c41e6231fc7c3907d471b36d493192c28dd9a9c9ac3c4c,ffecafd44bf8d629abfc24db08cb713e2747a47b22d9ed9ed9bc9660924349a3,0.05000000074505806,0.0025037077721208334,26.014163970947266,0.6307056546211243,0.000630216090939939,32.005104064941406,0.9513591527938843,7.648380279541016,9.018023490905762,0.0024218340404331684,33.28118133544922,0.026520323008298874,4.060781478881836,32.94658279418945,0.22467041015625,0.009979248046875
U-Tikhonov T16/CG64,80,80,0,/Users/kyrillguba/Documents/Data Analytics MSc/Thesis/Python/First Try/data/DIV2K/DIV2K_valid_HR/0881.png,div2k/0881.png/sigma_0.050,div2k,0881.png,20080,b4be0560c87adf38d8561ec3fb5a8e3e0e5d0b43501194ff1ff77f1511e89119,ff995967a741339364d17f41dcd807bccd4353b0c9d14e5fc9125b4bed8e3b9b,0.05000000074505806,0.002498085843399167,26.02392578125,0.6853863000869751,0.000657256634440273,31.822650909423828,0.9329763650894165,3.4460573196411133,4.379134178161621,0.0017635176191106439,32.81026077270508,0.0329943485558033,1.7708027362823486,20.859928131103516,0.1671600341796875,0.0
U-Tikhonov T16/CG64,81,81,0,/Users/kyrillguba/Documents/Data Analytics MSc/Thesis/Python/First Try/data/DIV2K/DIV2K_valid_HR/0882.png,div2k/0882.png/sigma_0.050,div2k,0882.png,20081,aac379d4eb1f7ffb4575e0fcca3a6836e85643267b9f537632bdfd3422ae2a6d,150dcca981b1c1e3158f4d57fa0cfc7d25c1e39ecdd9e084f83d47d137d9624c,0.05000000074505806,0.0024375757202506065,26.13041877746582,0.8196840286254883,0.000775019871070981,31.10687255859375,0.9602237343788147,1.3951178789138794,2.4790828227996826,0.00045714620500802994,33.135799407958984,0.006400008220225573,0.4698007106781006,12.1196928024292,0.4143524169921875,1.52587890625e-05
U-Tikhonov T16/CG64,82,82,0,/Users/kyrillguba/Documents/Data Analytics MSc/Thesis/Python/First Try/data/DIV2K/DIV2K_valid_HR/0883.png,div2k/0883.png/sigma_0.050,div2k,0883.png,20082,dc84aa16cb279e020e6bb4a512b74aeb161e2c3b612b40cfe834b4ea44c4dbd4,8be593f4169e0006fed354c03aa94d24561d05cf205aa1ab1135d7f0ccfb3662,0.05000000074505806,0.002462737960740924,26.085817337036133,0.8668558597564697,0.001314372755587101,28.81281280517578,0.9422283172607422,1.655251145362854,3.648353099822998,0.0016492633149027824,32.69961166381836,0.018677568063139915,0.3906824290752411,19.483930587768555,0.4539031982421875,0.0
U-Tikhonov T16/CG64,83,83,0,/Users/kyrillguba/Documents/Data Analytics MSc/Thesis/Python/First Try/data/DIV2K/DIV2K_valid_HR/0884.png,div2k/0884.png/sigma_0.050,div2k,0884.png,20083,c3e792b1483d91371c9eeedd1d20a4f45de1d748d7f261794ce740fbc3ea3016,644712dffe27a59f790cd1353bc32632a684ecb9a493f14d431d028de199b4ab,0.05000000074505806,0.002447187900543213,26.113327026367188,0.892356276512146,0.001308962469920516,28.83072853088379,0.9380003213882446,0.7713932394981384,1.591229796409607,0.0006689743022434413,29.970430374145508,0.014969353564083576,0.33105021715164185,7.68824577331543,0.5018463134765625,0.0
U-Tikhonov T16/CG64,84,84,0,/Users/kyrillguba/Documents/Data Analytics MSc/Thesis/Python/First Try/data/DIV2K/DIV2K_valid_HR/0885.png,div2k/0885.png/sigma_0.050,div2k,0885.png,20084,d1b12f5bdff73a004166bc26bfd68ed924612ba4dfeb5ee46ef886fec9606402,54e95c1f904f700786fe9b0020834c1adb1474c7f7d7015fed754fcbbac1cb68,0.05000000074505806,0.002510383725166321,26.00259780883789,0.8224970102310181,0.0013136172201484442,28.815311431884766,0.886561393737793,1.9500131607055664,4.424951076507568,0.0024160027969628572,33.2722053527832,0.02083647809922695,0.5495758652687073,25.8396053314209,0.3513031005859375,0.0015106201171875
U-Tikhonov T16/CG64,85,85,0,/Users/kyrillguba/Documents/Data Analytics MSc/Thesis/Python/First Try/data/DIV2K/DIV2K_valid_HR/0886.png,div2k/0886.png/sigma_0.050,div2k,0886.png,20085,8269830c494c50f2ca58c9fe1491092884eabccc73e5d87438dd2282f32843ab,644f721c45f511f04e3e4dfe1984679ca45a76abef26cb112dfa7c13004f0451,0.05000000074505806,0.002460349118337035,26.09003257751465,0.6926786303520203,0.0004833044367842376,33.15779113769531,0.9544548988342285,2.43428111076355,2.8016178607940674,0.000710328749846667,32.75147247314453,0.024123018607497215,1.6113059520721436,13.686014175415039,0.1640777587890625,0.0
U-Tikhonov T16/CG64,86,86,0,/Users/kyrillguba/Documents/Data Analytics MSc/Thesis/Python/First Try/data/DIV2K/DIV2K_valid_HR/0887.png,div2k/0887.png/sigma_0.050,div2k,0887.png,20086,9674e5076ec8c005bce7e3450e6bf09deb82df9952eaff58c7717b3a16e90f3e,2099d8648cfc0604200e781860cc79588ad1d7d189a7db04e8d8409a476fba77,0.05000000074505806,0.002473687520250678,26.066551208496094,0.7209355235099792,0.001000286196358502,29.99875831604004,0.9242266416549683,3.944979429244995,6.042252063751221,0.0017546640010550618,33.14501953125,0.01752941682934761,0.9268046021461487,27.003541946411133,0.280731201171875,7.62939453125e-05
U-Tikhonov T16/CG64,87,87,0,/Users/kyrillguba/Documents/Data Analytics MSc/Thesis/Python/First Try/data/DIV2K/DIV2K_valid_HR/0888.png,div2k/0888.png/sigma_0.050,div2k,0888.png,20087,0b12dfb6e7a24bf393f0f61b8c12a04a0e14c82f6eb77cce3a6d2ed989cadb40,6107146e9b7375749f1106b6bae5ce13f26b5e35a344ca566beaecbb6d21d742,0.05000000074505806,0.0024025437887758017,26.193286895751953,0.8998664021492004,0.0012052054516971111,29.189388275146484,0.9542365670204163,0.9310214519500732,2.2549304962158203,0.00029563563293777406,33.236690521240234,0.009597060270607471,0.2735031843185425,11.619568824768066,0.550933837890625,4.57763671875e-05
U-Tikhonov T16/CG64,88,88,0,/Users/kyrillguba/Documents/Data Analytics MSc/Thesis/Python/First Try/data/DIV2K/DIV2K_valid_HR/0889.png,div2k/0889.png/sigma_0.050,div2k,0889.png,20088,65b588cd7d91eb7ab3ad2ee297b48e2bcd71468e6f3fd4cedd22296161fcf0b3,82afed0bd0dc99b05f58a686bfb502c07791b318fc31c5955e5141844cdde637,0.05000000074505806,0.0024099466390907764,26.1799259185791,0.9300921559333801,0.0016170680755749345,27.9127197265625,0.9502695798873901,0.5893450975418091,1.540856122970581,0.0009760881075635552,32.98292922973633,0.010480696335434914,0.18438977003097534,6.62404203414917,0.668792724609375,1.52587890625e-05
U-Tikhonov T16/CG64,89,89,0,/Users/kyrillguba/Documents/Data Analytics MSc/Thesis/Python/First Try/data/DIV2K/DIV2K_valid_HR/0890.png,div2k/0890.png/sigma_0.050,div2k,0890.png,20089,641726511e5ab55ecb5dccce15a53a64473d43e0a2be22d51e522b22644d2891,d34d9e3cd9ebcd2cf3d6c1b9f064df56bda984f844f8bcf06e3af73c3e659c5c,0.05000000074505806,0.0025088931433856487,26.00518035888672,0.638018012046814,0.0006427881307899952,31.919322967529297,0.9467243552207947,10.25855827331543,12.352930068969727,0.002374860458076,33.281341552734375,0.04217727854847908,1.9741114377975464,33.26139831542969,0.207550048828125,0.042327880859375
U-Tikhonov T16/CG64,90,90,0,/Users/kyrillguba/Documents/Data Analytics MSc/Thesis/Python/First Try/data/DIV2K/DIV2K_valid_HR/0891.png,div2k/0891.png/sigma_0.050,div2k,0891.png,20090,df25cc2cba32c4a350c4749f690c8d6acb73d96d359ca40b6fee4071dbf564d0,421e905729a92cab4f659e1ddb1bf1d771c753c1d167652bf852b8a13e934671,0.05000000074505806,0.002452274551615119,26.10430908203125,0.9113262891769409,0.0013706979807466269,28.630582809448242,0.951596200466156,1.035229206085205,2.4483931064605713,0.00032815849408507347,33.26578140258789,0.013541270047426224,0.3087366223335266,12.644821166992188,0.520477294921875,0.000335693359375
U-Tikhonov T16/CG64,91,91,0,/Users/kyrillguba/Documents/Data Analytics MSc/Thesis/Python/First Try/data/DIV2K/DIV2K_valid_HR/0892.png,div2k/0892.png/sigma_0.050,div2k,0892.png,20091,cf51693d41de71e034484154f59145fbffeb5a48fb250085472f21ef15bc44ee,3cafed2fde4b57bf1807633e19dc80bea402b14e9c3980876c0f7c9215b861dc,0.05000000074505806,0.002447811421006918,26.112220764160156,0.9193196296691895,0.0014778499025851488,28.30369758605957,0.948762059211731,0.8179399967193604,2.12449312210083,0.0004968261928297579,32.51279067993164,0.0061758956871926785,0.1865614354610443,10.68054485321045,0.6283721923828125,0.0
U-Tikhonov T16/CG64,92,92,0,/Users/kyrillguba/Documents/Data Analytics MSc/Thesis/Python/First Try/data/DIV2K/DIV2K_valid_HR/0893.png,div2k/0893.png/sigma_0.050,div2k,0893.png,20092,e38a2d9fc2bb1bfe2d7f4ac7ac04be6e3b640472049753a9ec509cb5b184dfae,a878a4f9219f30bc2ec3940c274d4b9a2a25ebe0a3266e469e0181b37c892a73,0.05000000074505806,0.0025149087887257338,25.99477767944336,0.7572695016860962,0.0007133582839742303,31.466922760009766,0.9398655891418457,2.4397695064544678,3.91851544380188,0.0005885819555260241,33.257198333740234,0.012928619980812073,0.9292489290237427,19.741676330566406,0.3116607666015625,7.62939453125e-05
U-Tikhonov T16/CG64,93,93,0,/Users/kyrillguba/Documents/Data Analytics MSc/Thesis/Python/First Try/data/DIV2K/DIV2K_valid_HR/0894.png,div2k/0894.png/sigma_0.050,div2k,0894.png,20093,f7c053db8ff81bb3c056ed342eb0bfb9ba890e8adb30617f79d560f11e941c73,3d463b3e7a884a106cc74b530c35a6335045088c1b51b2e80c59951856a4b3e1,0.05000000074505806,0.0024041011929512024,26.190471649169922,0.702221155166626,0.000829846307169646,30.81002426147461,0.8785042762756348,4.419841289520264,5.4803996086120605,0.00022530500427819788,33.25996017456055,0.01694048009812832,2.3663434982299805,25.723556518554688,0.1551513671875,0.0001983642578125
U-Tikhonov T16/CG64,94,94,0,/Users/kyrillguba/Documents/Data Analytics MSc/Thesis/Python/First Try/data/DIV2K/DIV2K_valid_HR/0895.png,div2k/0895.png/sigma_0.050,div2k,0895.png,20094,abdbc9e5dd323d44902bb35948460b514a4fe27d53aa9bc4f2072e0a425a5902,5d40f5addb18cb3d1e51dee5d67c4528bf69f82e268864b4ac85abbc858bcee8,0.05000000074505806,0.0024713503662496805,26.070659637451172,0.8485620021820068,0.0018812788184732199,27.255468368530273,0.8773619532585144,1.7242919206619263,3.1290581226348877,0.0010868330718949437,33.2119140625,0.02129029855132103,0.5760389566421509,15.995551109313965,0.3239898681640625,0.000213623046875
U-Tikhonov T16/CG64,95,95,0,/Users/kyrillguba/Documents/Data Analytics MSc/Thesis/Python/First Try/data/DIV2K/DIV2K_valid_HR/0896.png,div2k/0896.png/sigma_0.050,div2k,0896.png,20095,857388cd8fc429b194bc7374762cee70b099ddf090a6495b03d92edc4c8c7b8d,27af2283b2ab076eaa81356ab561d313279ce0d569c2e4877fdddf0ef320a479,0.05000000074505806,0.0022726221941411495,26.434728622436523,0.5752899050712585,0.0004256028914824128,33.70995330810547,0.9764032363891602,10.34642505645752,9.596976280212402,0.0001880559721030295,33.28133773803711,0.011365038342773914,7.759203910827637,33.19365692138672,0.1216583251953125,0.0168304443359375
U-Tikhonov T16/CG64,96,96,0,/Users/kyrillguba/Documents/Data Analytics MSc/Thesis/Python/First Try/data/DIV2K/DIV2K_valid_HR/0897.png,div2k/0897.png/sigma_0.050,div2k,0897.png,20096,a75baf8d323b01687486bd536ce524304bab0a20ffcaf0d6d19c9abe9c8bef57,da79c380ada110768713c99a2ad422a7857a64ecbf57984e4d67ce6e8c4d3c70,0.05000000074505806,0.002324646105989814,26.3364315032959,0.9741009473800659,0.0019794488325715065,27.03455924987793,0.9772078990936279,0.08928440511226654,0.37855207920074463,0.00021689696586690843,27.76738166809082,0.0009669203427620232,0.023086868226528168,1.0570800304412842,0.9532318115234375,0.0
U-Tikhonov T16/CG64,97,97,0,/Users/kyrillguba/Documents/Data Analytics MSc/Thesis/Python/First Try/data/DIV2K/DIV2K_valid_HR/0898.png,div2k/0898.png/sigma_0.050,div2k,0898.png,20097,0f9b0c2f1793b1dd0ac81be97181b9e904a39fcf108cd39194842f26678085f7,22948b1ef3fcd8302fe9b4dd4d4aac4714e185a35570b7da3b68fe57b56fdad1,0.05000000074505806,0.002482225652784109,26.05158805847168,0.5179792046546936,0.00042402505641803145,33.7260856628418,0.9767687320709229,16.307580947875977,12.382302284240723,0.0003003528981935233,33.28133773803711,0.025945492088794708,17.182491302490234,33.26692199707031,0.1686553955078125,0.05712890625
U-Tikhonov T16/CG64,98,98,0,/Users/kyrillguba/Documents/Data Analytics MSc/Thesis/Python/First Try/data/DIV2K/DIV2K_valid_HR/0899.png,div2k/0899.png/sigma_0.050,div2k,0899.png,20098,bea5ead4e165747f9c0e6d434cc536abdd4760b1a8da09c78f705024684bff65,f4921620b91b54ab8ae8f39e871106445b45f261f242a9fbf6d33d5e9cc3e9fe,0.05000000074505806,0.002485462464392185,26.045928955078125,0.8564862012863159,0.00104883115272969,29.792945861816406,0.9420391917228699,1.1930752992630005,3.1645891666412354,0.00016697734827175736,33.281211853027344,0.003656080923974514,0.29212653636932373,17.8679141998291,0.5308380126953125,0.000640869140625
U-Tikhonov T16/CG64,99,99,0,/Users/kyrillguba/Documents/Data Analytics MSc/Thesis/Python/First Try/data/DIV2K/DIV2K_valid_HR/0900.png,div2k/0900.png/sigma_0.050,div2k,0900.png,20099,72e06d86758e25d0f39e87b43b4ed00325b96cc08c65fc1809df35beee23e59c,05f111db00088713f2eb648ca109d3ed2f2cd730a89df2e3e70279429de302e6,0.05000000074505806,0.0021633352153003216,26.648761749267578,0.852595329284668,0.0011899993987753987,29.24453353881836,0.9206978678703308,2.049168586730957,3.8503975868225098,0.0004926206893287599,33.15129470825195,0.010579339228570461,0.5668344497680664,20.445693969726562,0.3860015869140625,6.103515625e-05
U-Tikhonov T16/CG64,100,0,0,/Users/kyrillguba/Documents/Data Analytics MSc/Thesis/Python/First Try/data/DIV2K/DIV2K_valid_HR/0801.png,div2k/0801.png/sigma_0.100,div2k,0801.png,20000,9ca598cce3296c3968a2f8f7685477f637dbdbbb9d4efb1cd418ca185bd31eef,5bc70c556c439e3ad16a0612b017823488632d8ab9075eafd042b541e95a3d8e,0.10000000149011612,0.0096769779920578,20.142602920532227,0.69742351770401,0.003039104864001274,25.172542572021484,0.844078004360199,1.9546030759811401,3.250574827194214,0.0009632169385440648,33.28076171875,0.04092635214328766,0.9838597774505615,18.066696166992188,0.1754302978515625,0.0003814697265625
U-Tikhonov T16/CG64,101,1,0,/Users/kyrillguba/Documents/Data Analytics MSc/Thesis/Python/First Try/data/DIV2K/DIV2K_valid_HR/0802.png,div2k/0802.png/sigma_0.100,div2k,0802.png,20001,3177c80331fb32ceee70ac3ef64d2e56a1bce05ea8a9c0b664e2592552554742,56b8614a91a95a3f5c5153bfe0e4e4bb5c87995c268e14381c075da55031ed9b,0.10000000149011612,0.009191468358039856,20.366153717041016,0.799968957901001,0.0022042826749384403,26.56732749938965,0.9393782615661621,1.5499732494354248,3.108527421951294,0.0006979992031119764,33.16537857055664,0.027092941105365753,0.6358896493911743,17.50835609436035,0.2884521484375,7.62939453125e-05
U-Tikhonov T16/CG64,102,2,0,/Users/kyrillguba/Documents/Data Analytics MSc/Thesis/Python/First Try/data/DIV2K/DIV2K_valid_HR/0803.png,div2k/0803.png/sigma_0.100,div2k,0803.png,20002,671a4205d217354c075117f716a83d9a5ef2b4c921475de333f15ac8882c9356,3897d20fbdaef314d3797b206677a444b48f34a7def0e96c690f0eb0f03b6f64,0.10000000149011612,0.010020711459219456,19.99101448059082,0.5532242655754089,0.001294769230298698,28.878076553344727,0.9075481295585632,3.6246085166931152,4.771339416503906,0.0005334254819899797,33.281044006347656,0.03733159601688385,1.9935191869735718,25.59193992614746,0.1017913818359375,0.00146484375
U-Tikhonov T16/CG64,103,3,0,/Users/kyrillguba/Documents/Data Analytics MSc/Thesis/Python/First Try/data/DIV2K/DIV2K_valid_HR/0804.png,div2k/0804.png/sigma_0.100,div2k,0804.png,20003,f95563d4b6e58b102c165eeec7f7e1ba2608e12c3a331510949f0cce842149ea,8ec4d7a591e0cdca2c9f0cc073f4a813bcd8abdcbf7339dae68d831f04184902,0.10000000149011612,0.009451879188418388,20.24481773376465,0.742481529712677,0.002710930071771145,25.66881561279297,0.8877183794975281,3.049135684967041,5.743851661682129,0.0005687487428076565,33.28133773803711,0.02078668214380741,0.9478415250778198,30.615312576293945,0.2461700439453125,0.0026092529296875
U-Tikhonov T16/CG64,104,4,0,/Users/kyrillguba/Documents/Data Analytics MSc/Thesis/Python/First Try/data/DIV2K/DIV2K_valid_HR/0805.png,div2k/0805.png/sigma_0.100,div2k,0805.png,20004,bac34b49da4033070da28c152ece5c527c7274eafed4e320f3e7258274a93177,13e3f2a30b326ea1e6c557f2be7e313b9b3c4b3b25ea07381fb0d37e68a78c08,0.10000000149011612,0.009218410588800907,20.353439331054688,0.6337673664093018,0.002353366231545806,26.283103942871094,0.8329031467437744,2.881850481033325,4.247337818145752,0.0018461194122210145,33.281341552734375,0.053816597908735275,1.4620602130889893,23.389446258544922,0.1175994873046875,0.001007080078125
U-Tikhonov T16/CG64,105,5,0,/Users/kyrillguba/Documents/Data Analytics MSc/Thesis/Python/First Try/data/DIV2K/DIV2K_valid_HR/0806.png,div2k/0806.png/sigma_0.100,div2k,0806.png,20005,befc31ea0c7663db0351a7238adfea3153639f5dfa13cb7cacfd757a46539d49,70e25b70b1321615425e839c3e1d5b1d601eeb586b1c727a49b68e8ee2d34f55,0.10000000149011612,0.00968242809176445,20.140155792236328,0.5367704629898071,0.0014949389733374119,28.253767013549805,0.8893850445747375,5.366805076599121,6.7831830978393555,0.0013718464178964496,33.281333923339844,0.057132184505462646,2.597302198410034,30.52271842956543,0.08856201171875,0.0017852783203125
U-Tikhonov T16/CG64,106,6,0,/Users/kyrillguba/Documents/Data Analytics MSc/Thesis/Python/First Try/data/DIV2K/DIV2K_valid_HR/0807.png,div2k/0807.png/sigma_0.100,div2k,0807.png,20006,1e941eaeed69e78250491fe2c5b2f458f2f36301b8aa701227bd408f852fa572,ccec587e120d7723c88396ce26dcde7cf593f2f4f919248e97955334cd4fcbce,0.10000000149011612,0.009644688107073307,20.15711784362793,0.6150097846984863,0.0028769359923899174,25.41069793701172,0.817389726638794,3.994575023651123,6.068917751312256,0.002508422825485468,33.28081130981445,0.05447810888290405,1.5723071098327637,30.551008224487305,0.1224365234375,0.003143310546875
U-Tikhonov T16/CG64,107,7,0,/Users/kyrillguba/Documents/Data Analytics MSc/Thesis/Python/First Try/data/DIV2K/DIV2K_valid_HR/0808.png,div2k/0808.png/sigma_0.100,div2k,0808.png,20007,9666b1dba93f470d95570471f38f195acafae585deefb8498b5ebb625df94e78,520a6fe374d3ebb9df485fa61fbd573478f2ac6c5ce693201f28b97916c70c3f,0.10000000149011612,0.009302692487835884,20.313913345336914,0.41364091634750366,0.0014593708328902721,28.35834503173828,0.9034106731414795,11.811023712158203,11.263089179992676,0.0003743329143617302,33.281341552734375,0.04402609542012215,7.661168098449707,33.27513885498047,0.0786285400390625,0.0383758544921875
U-Tikhonov T16/CG64,108,8,0,/Users/kyrillguba/Documents/Data Analytics MSc/Thesis/Python/First Try/data/DIV2K/DIV2K_valid_HR/0809.png,div2k/0809.png/sigma_0.100,div2k,0809.png,20008,f57d7f591d2770efb0162e925acaaef8e4ce467e58b7a54d53de058959be9978,02cc395d33e53480f9673f1a6497892c249607082301fedb6df6e6e3fc146458,0.10000000149011612,0.009794967249035835,20.089969635009766,0.5681920051574707,0.001990079414099455,27.01129722595215,0.793088436126709,3.1824193000793457,4.344149112701416,0.0007102821837179363,33.253883361816406,0.08757635205984116,1.7132763862609863,23.67173194885254,0.0689239501953125,0.0001983642578125
U-Tikhonov T16/CG64,109,9,0,/Users/kyrillguba/Documents/Data Analytics MSc/Thesis/Python/First Try/data/DIV2K/DIV2K_valid_HR/0810.png,div2k/0810.png/sigma_0.100,div2k,0810.png,20009,50cf8d799292c4a6f6c23b4a8f1d0c08015da9c6e74d9109a31efdb1eb5d9df3,2b57d2dfcd12991aeb7ab9faf01a2d8f8bd96314f078c0bf5e52692b94518773,0.10000000149011612,0.009871197864413261,20.056303024291992,0.5139862298965454,0.0017442482057958841,27.583919525146484,0.8364473581314087,4.034671306610107,4.71351432800293,0.0011333408765494823,33.27779006958008,0.0960039347410202,2.4550533294677734,24.006851196289062,0.0573272705078125,0.001251220703125
U-Tikhonov T16/CG64,110,10,0,/Users/kyrillguba/Documents/Data Analytics MSc/Thesis/Python/First Try/data/DIV2K/DIV2K_valid_HR/0811.png,div2k/0811.png/sigma_0.100,div2k,0811.png,20010,ceab700e5944238d72f4ec94852a5ee6b9c353c54281c96ee7c6e9b9f2a16308,2a5be0e4fb830aa880a3ae425de9935ae5a11f956c4be2e5ce3f17fc8933ec02,0.10000000149011612,0.008832404389977455,20.53921127319336,0.5509722828865051,0.002236178144812584,26.50493812561035,0.7690942287445068,5.71080207824707,8.232181549072266,0.004438900388777256,33.281341552734375,0.09058310836553574,2.1257495880126953,33.26746368408203,0.0718536376953125,0.0187530517578125
U-Tikhonov T16/CG64,111,11,0,/Users/kyrillguba/Documents/Data Analytics MSc/Thesis/Python/First Try/data/DIV2K/DIV2K_valid_HR/0812.png,div2k/0812.png/sigma_0.100,div2k,0812.png,20011,5f26939fc07611061a96f2a386a77ffd9251b83abf26ac7ecb5a44dcae97187b,f40eed7a4b5ba87ef7b157195200148072925c57c9d9370720b2d06685869aca,0.10000000149011612,0.009534102864563465,20.207202911376953,0.6157577633857727,0.0022349394857883453,26.507343292236328,0.8850275278091431,6.8438520431518555,10.027061462402344,0.0007771874661557376,33.281341552734375,0.02269693650305271,1.9072120189666748,33.277034759521484,0.1648406982421875,0.038665771484375
U-Tikhonov T16/CG64,112,12,0,/Users/kyrillguba/Documents/Data Analytics MSc/Thesis/Python/First Try/data/DIV2K/DIV2K_valid_HR/0813.png,div2k/0813.png/sigma_0.100,div2k,0813.png,20012,c34023db0a8b05fd8269a4d5afeb83670d5b08e7bce8d6c8cfe221a95b0e0b2f,5610545bcb496fb9dd55249cdcd93bb7631b13659b4b32682e9ab285276783f6,0.10000000149011612,0.008836835622787476,20.537033081054688,0.6159494519233704,0.0021170242689549923,26.74274253845215,0.8860825300216675,5.269708633422852,7.531975269317627,0.0005682724295184016,33.281341552734375,0.03163618594408035,1.9497090578079224,32.46589660644531,0.156219482421875,0.005859375
U-Tikhonov T16/CG64,113,13,0,/Users/kyrillguba/Documents/Data Analytics MSc/Thesis/Python/First Try/data/DIV2K/DIV2K_valid_HR/0814.png,div2k/0814.png/sigma_0.100,div2k,0814.png,20013,9f544177fb7f24fc86ba1b0d9b9d0e664f093ce144600099ca215fbf1a3e3c25,1450de033911c1593b75144c18a82d91fc6a9e50ee5ff3ad69e7420652936412,0.10000000149011612,0.009942586533725262,20.025007247924805,0.3495311141014099,0.001261141151189804,28.99236488342285,0.9192568063735962,19.42172622680664,14.097650527954102,0.0006547849043272436,33.281341552734375,0.05555608496069908,26.485143661499023,33.28133773803711,0.0792388916015625,0.2933349609375
U-Tikhonov T16/CG64,114,14,0,/Users/kyrillguba/Documents/Data Analytics MSc/Thesis/Python/First Try/data/DIV2K/DIV2K_valid_HR/0815.png,div2k/0815.png/sigma_0.100,div2k,0815.png,20014,d8f2b2b3496e52c1ec43e3c5e28732516b24990b8a2361d1876240ad562db395,3600382f647ec23f968eaeb10ed0adc9dd235d82ae9cbc330c368d9cdb511f0b,0.10000000149011612,0.00968572311103344,20.13867950439453,0.6248074769973755,0.002012518234550953,26.962602615356445,0.8720343112945557,2.3815317153930664,3.666283130645752,0.0005521917482838035,33.13798522949219,0.045123789459466934,1.2357155084609985,20.51675033569336,0.1479034423828125,0.000152587890625
U-Tikhonov T16/CG64,115,15,0,/Users/kyrillguba/Documents/Data Analytics MSc/Thesis/Python/First Try/data/DIV2K/DIV2K_valid_HR/0816.png,div2k/0816.png/sigma_0.100,div2k,0816.png,20015,f457e7c932a8730df29263aaf8e3c3a2e54e7e68e543a34cdbc085f7c21edf50,e5764cbdd758b4b453d67d749eba293ac7ecf98e8ab17c442aced76fa7664a18,0.10000000149011612,0.009482970461249352,20.23055648803711,0.544446587562561,0.0015908967470750213,27.98358154296875,0.8657944202423096,5.746528625488281,7.708785057067871,0.0024769201409071684,33.281253814697266,0.0629654973745346,2.328268527984619,32.23287582397461,0.0888214111328125,0.004730224609375
U-Tikhonov T16/CG64,116,16,0,/Users/kyrillguba/Documents/Data Analytics MSc/Thesis/Python/First Try/data/DIV2K/DIV2K_valid_HR/0817.png,div2k/0817.png/sigma_0.100,div2k,0817.png,20016,b14c93dc0fd3fb833a2c04431c6af818313c8c6f744eb433dd1817a932b015cf,f779324f1135afcd06dffb24c876a93bd37dc07be9eb49a5c4e69a16ccda998e,0.10000000149011612,0.009596263989806175,20.178977966308594,0.5705644488334656,0.002046597423031926,26.88967514038086,0.854394257068634,7.060883045196533,10.483802795410156,0.0015933156246319413,33.281341552734375,0.04569888859987259,1.858730435371399,33.27299118041992,0.122467041015625,0.0413818359375
U-Tikhonov T16/CG64,117,17,0,/Users/kyrillguba/Documents/Data Analytics MSc/Thesis/Python/First Try/data/DIV2K/DIV2K_valid_HR/0818.png,div2k/0818.png/sigma_0.100,div2k,0818.png,20017,00f18d236ddc7fe3a937cdcb41ce31082a90c94b9370fc202c7dce18dd80ab2a,ac917a4137abdf4235fde443eee93d4182e6c45809001bd79d91d2a6e4d80b8e,0.10000000149011612,0.00906631350517273,20.425691604614258,0.6061022877693176,0.0025681292172521353,25.903833389282227,0.8933473825454712,5.903853416442871,8.171828269958496,0.0007389478269033134,33.280208587646484,0.023827891796827316,1.9119808673858643,32.029388427734375,0.19195556640625,0.0032501220703125
U-Tikhonov T16/CG64,118,18,0,/Users/kyrillguba/Documents/Data Analytics MSc/Thesis/Python/First Try/data/DIV2K/DIV2K_valid_HR/0819.png,div2k/0819.png/sigma_0.100,div2k,0819.png,20018,f7450c40d5c0aabdc2bd2a562302ca3993841849efca05e281ec4059186e528c,3f047b3b735aab1a28db9024b683c3bfd7ada2476ebfcd8a8700e3d65b8c98aa,0.10000000149011612,0.009486023336648941,20.229158401489258,0.6530311107635498,0.002623776439577341,25.810733795166016,0.8221206665039062,3.3146467208862305,5.17076301574707,0.0009458610438741744,33.25156784057617,0.04503496736288071,1.439978837966919,27.988388061523438,0.1287384033203125,0.0007476806640625
U-Tikhonov T16/CG64,119,19,0,/Users/kyrillguba/Documents/Data Analytics MSc/Thesis/Python/First Try/data/DIV2K/DIV2K_valid_HR/0820.png,div2k/0820.png/sigma_0.100,div2k,0820.png,20019,ab2cf6ba20cc18bafee4976e8be3cbf4a6db4afea570ef888fdebb8c8e0616f2,d521d8856defce4134d85fa271f2c5bb89b3390471c4c04cb629a9062250d448,0.10000000149011612,0.008936306461691856,20.488418579101562,0.7622074484825134,0.0048039574176073074,23.184009552001953,0.8338540196418762,4.312334060668945,7.357309818267822,0.0004489123239181936,33.281341552734375,0.013679665513336658,1.1262149810791016,32.77338790893555,0.2565765380859375,0.0081329345703125
U-Tikhonov T16/CG64,120,20,0,/Users/kyrillguba/Documents/Data Analytics MSc/Thesis/Python/First Try/data/DIV2K/DIV2K_valid_HR/0821.png,div2k/0821.png/sigma_0.100,div2k,0821.png,20020,ebd02fa51f1a3ee91b6ca90bb58a444e53385dd1193938609708b71bca4504a0,e0988bb88b8bc2155de87d46209371667886a4284b490d1bdfb61ea477cac4d9,0.10000000149011612,0.008856703527271748,20.527278900146484,0.8821395039558411,0.005944920238107443,22.258541107177734,0.9070777297019958,2.3493707180023193,5.548869609832764,0.0004484879900701344,33.281341552734375,0.010040820576250553,0.4134654104709625,30.98687744140625,0.443450927734375,0.0027313232421875
U-Tikhonov T16/CG64,121,21,0,/Users/kyrillguba/Documents/Data Analytics MSc/Thesis/Python/First Try/data/DIV2K/DIV2K_valid_HR/0822.png,div2k/0822.png/sigma_0.100,div2k,0822.png,20021,86c801c8390b132b94a9efaeb7a9bad9acdd1212e41d91d44b44811708142963,975ab59b0504a5784d99c6e6515c4acf76a3deafabe0121f6e53f9a556b98532,0.10000000149011612,0.009146437048912048,20.387479782104492,0.7088755965232849,0.0033249470870941877,24.782154083251953,0.8229978084564209,1.9649028778076172,3.6453962326049805,0.0019937618635594845,33.28040313720703,0.03986057639122009,0.8662258386611938,21.012414932250977,0.2033233642578125,0.0005645751953125
U-Tikhonov T16/CG64,122,22,0,/Users/kyrillguba/Documents/Data Analytics MSc/Thesis/Python/First Try/data/DIV2K/DIV2K_valid_HR/0823.png,div2k/0823.png/sigma_0.100,div2k,0823.png,20022,ec11d2cf0a95684902842094c84e0956a3cd35920ef85f25ba677348927a365c,4503f7bbd1222d220571fc5c93203bfa86d087def3acc2d7bb67ae703823efa6,0.10000000149011612,0.009676441550254822,20.14284324645996,0.5243744850158691,0.002238324610516429,26.500768661499023,0.9099976420402527,11.026758193969727,12.74197006225586,0.000891967152711004,33.281341552734375,0.038955483585596085,2.752385139465332,33.277130126953125,0.16851806640625,0.064300537109375
U-Tikhonov T16/CG64,123,23,0,/Users/kyrillguba/Documents/Data Analytics MSc/Thesis/Python/First Try/data/DIV2K/DIV2K_valid_HR/0824.png,div2k/0824.png/sigma_0.100,div2k,0824.png,20023,5ce7bdee523a1299c6a42c3adbb96d0e62c2f40266823753b8c042edb8b10495,acafba4d8d7abdf9c503d2411b57067900f637d58d43430028f67091dda5217d,0.10000000149011612,0.009483656845986843,20.230243682861328,0.5942830443382263,0.002111894078552723,26.753280639648438,0.8818914890289307,6.166457176208496,8.177290916442871,0.0007358781294897199,33.28132629394531,0.01570681855082512,2.5859391689300537,32.61268997192383,0.1991119384765625,0.0064697265625
U-Tikhonov T16/CG64,124,24,0,/Users/kyrillguba/Documents/Data Analytics MSc/Thesis/Python/First Try/data/DIV2K/DIV2K_valid_HR/0825.png,div2k/0825.png/sigma_0.100,div2k,0825.png,20024,0403db62808d832f7764170e8df2b8c78ad826e2a93d809f8cf6d018258b011a,7f05494aeb0b319f0df043dbf58299edb7909cbe999f75f65fe7cf7048083af8,0.10000000149011612,0.009548486210405827,20.200654983520508,0.7481750249862671,0.0031263460405170918,25.049631118774414,0.8796753883361816,2.870854139328003,5.820816993713379,0.000594433571677655,33.281341552734375,0.015027830377221107,0.8184127807617188,32.875518798828125,0.296600341796875,0.009490966796875
U-Tikhonov T16/CG64,125,25,0,/Users/kyrillguba/Documents/Data Analytics MSc/Thesis/Python/First Try/data/DIV2K/DIV2K_valid_HR/0826.png,div2k/0826.png/sigma_0.100,div2k,0826.png,20025,b7fba61bcca359e5581b44283bbc34696cae71321e031969411ada23b17e2199,d523abbc1a0f6f18846ff748511683e4a250528af1dacd10bdd6ad2f705652bf,0.10000000149011612,0.009350886568427086,20.291471481323242,0.582999587059021,0.002102215774357319,26.77322769165039,0.8783887028694153,7.680432319641113,9.768821716308594,0.0004325867921579629,33.28133773803711,0.037940267473459244,2.702394962310791,33.219825744628906,0.11529541015625,0.02032470703125
U-Tikhonov T16/CG64,126,26,0,/Users/kyrillguba/Documents/Data Analytics MSc/Thesis/Python/First Try/data/DIV2K/DIV2K_valid_HR/0827.png,div2k/0827.png/sigma_0.100,div2k,0827.png,20026,1a1d5ffbd89d79d7803cf86e2d8f6c75cd146872fd61e387fec71a904e384317,6c2a443ebd48754c66912251716b30634e9f21ec2dc9744b3ae16d87ef839488,0.10000000149011612,0.007821217179298401,21.067256927490234,0.3391401767730713,0.0009423255105502903,30.25798988342285,0.812954306602478,10.584634780883789,10.048110961914062,0.002783515490591526,33.281341552734375,0.10013335198163986,6.735711097717285,33.28037643432617,0.0395355224609375,0.036102294921875
U-Tikhonov T16/CG64,127,27,0,/Users/kyrillguba/Documents/Data Analytics MSc/Thesis/Python/First Try/data/DIV2K/DIV2K_valid_HR/0828.png,div2k/0828.png/sigma_0.100,div2k,0828.png,20027,3b7551ae7f737167932c3230707f7075368102b6732eb16bfe514fd471223ea4,68b5b7984a2989eceb239eea152db17338e26b26dc24cd4f9a47806c4dcfcad2,0.10000000149011612,0.007739588618278503,21.112821578979492,0.6974624395370483,0.004565316252410412,23.405292510986328,0.7850005030632019,7.353704452514648,10.787775993347168,0.00029893522150814533,33.281341552734375,0.015546460635960102,1.3459179401397705,33.28123092651367,0.2606201171875,0.0496826171875
U-Tikhonov T16/CG64,128,28,0,/Users/kyrillguba/Documents/Data Analytics MSc/Thesis/Python/First Try/data/DIV2K/DIV2K_valid_HR/0829.png,div2k/0829.png/sigma_0.100,div2k,0829.png,20028,7fef744df96a3f5b2077c74a59929852deb533e35d4804c7c745471471543ed7,45d3447b0e35c11922bd6dfc03759afbce56fdfa1ab4374e4025d0a67c08b63b,0.10000000149011612,0.009670507162809372,20.145509719848633,0.5172064304351807,0.0013879421167075634,28.5762882232666,0.8723845481872559,6.898120880126953,8.597326278686523,0.0007402934716083109,33.27977752685547,0.029353398829698563,3.022172451019287,32.66964340209961,0.111083984375,0.00616455078125
U-Tikhonov T16/CG64,129,29,0,/Users/kyrillguba/Documents/Data Analytics MSc/Thesis/Python/First Try/data/DIV2K/DIV2K_valid_HR/0830.png,div2k/0830.png/sigma_0.100,div2k,0830.png,20029,33405798eea5a2bbd23d383a107f9127b4f5d220ad2d443bdb05db6049757a90,fa1014a253f03e5c0689587282002a607b21e2fcf591210d45c4b4aec93ac54e,0.10000000149011612,0.009921448305249214,20.03424835205078,0.484535276889801,0.0019169342704117298,27.17392921447754,0.8326367139816284,8.42674732208252,9.521965026855469,0.00328455469571054,33.281246185302734,0.05256687104701996,4.144574165344238,33.073265075683594,0.0843505859375,0.01275634765625
U-Tikhonov T16/CG64,130,30,0,/Users/kyrillguba/Documents/Data Analytics MSc/Thesis/Python/First Try/data/DIV2K/DIV2K_valid_HR/0831.png,div2k/0831.png/sigma_0.100,div2k,0831.png,20030,37f625cf3b90622b2047f8f9b3e488dcb450cde9c639eb5f94e082ec5148792e,d94e7500ff5e3743622762dfca7994da5fa7af5c20dcfab0e032d469201ae55b,0.10000000149011612,0.009035764262080193,20.440351486206055,0.6673297882080078,0.0027642250061035156,25.584266662597656,0.8509419560432434,3.3789782524108887,5.622120380401611,0.00046064553316682577,33.281288146972656,0.024556608870625496,1.2824878692626953,29.711366653442383,0.1874847412109375,0.00213623046875
U-Tikhonov T16/CG64,131,31,0,/Users/kyrillguba/Documents/Data Analytics MSc/Thesis/Python/First Try/data/DIV2K/DIV2K_valid_HR/0832.png,div2k/0832.png/sigma_0.100,div2k,0832.png,20031,678db3c6c13225750b6bb2ae62b3e9ffdbdb3491d462fa2451e73fea851ed64c,8cd5b24dfa77b72b1d7c53f473790d526f36b09838e6e9103ef576f83ee81242,0.10000000149011612,0.009017338044941425,20.44921875,0.6776522994041443,0.0026714622508734465,25.73250961303711,0.8771101832389832,4.242341995239258,6.860815525054932,0.0009227179689332843,33.28111267089844,0.022338973358273506,1.3400177955627441,31.57373046875,0.2122344970703125,0.0023956298828125
U-Tikhonov T16/CG64,132,32,0,/Users/kyrillguba/Documents/Data Analytics MSc/Thesis/Python/First Try/data/DIV2K/DIV2K_valid_HR/0833.png,div2k/0833.png/sigma_0.100,div2k,0833.png,20032,196e9aedca5a8ddb4904ed57c8a1a32e080164df130d093fbc86da6222f32553,76c3607abc2d73c2bf54a006ea8bbe5b91d123cda9e61617327c7e4f5bcb29de,0.10000000149011612,0.00907338596880436,20.422306060791016,0.5003514289855957,0.0016617447836324573,27.794357299804688,0.921759843826294,9.942317962646484,11.144661903381348,0.0002152964734705165,33.281070709228516,0.031072748824954033,4.1767778396606445,33.21757125854492,0.1226348876953125,0.027496337890625
U-Tikhonov T16/CG64,133,33,0,/Users/kyrillguba/Documents/Data Analytics MSc/Thesis/Python/First Try/data/DIV2K/DIV2K_valid_HR/0834.png,div2k/0834.png/sigma_0.100,div2k,0834.png,20033,43cd5d3407a2ec5d9396c0ba9f3595990830fe17adfb5b3d69777dc489012502,6f85001147428e5fa8b8832a9e83c274ddf4415e8b52081c47e5381113f4aecf,0.10000000149011612,0.008551173843443394,20.67974281311035,0.5625623464584351,0.001970131415873766,27.055049896240234,0.8829333782196045,7.076938629150391,9.532965660095215,0.0014374585589393973,33.28120803833008,0.03256558999419212,2.214902400970459,33.1374626159668,0.1331024169921875,0.016815185546875
U-Tikhonov T16/CG64,134,34,0,/Users/kyrillguba/Documents/Data Analytics MSc/Thesis/Python/First Try/data/DIV2K/DIV2K_valid_HR/0835.png,div2k/0835.png/sigma_0.100,div2k,0835.png,20034,80084574e021b9b385517a807fa4f62735358952d97592c2b192db98626e086c,66799b661073557f2d3380525a876b741faef7fa369c895525cf350830f20820,0.10000000149011612,0.009692177176475525,20.135787963867188,0.6203199625015259,0.002668576780706644,25.737201690673828,0.8073470592498779,3.5510571002960205,5.2344584465026855,0.0014721269253641367,33.27268981933594,0.05286439135670662,1.6203608512878418,27.18134880065918,0.1161956787109375,0.0007476806640625
U-Tikhonov T16/CG64,135,35,0,/Users/kyrillguba/Documents/Data Analytics MSc/Thesis/Python/First Try/data/DIV2K/DIV2K_valid_HR/0836.png,div2k/0836.png/sigma_0.100,div2k,0836.png,20035,d774c40f160da761b384b399f5636cb3cfecf88e2cc5d41c78f575c3bea500af,3d619a1af2b6657712679994d89ef15d0975d3c7c5b026fa848857951fff72f5,0.10000000149011612,0.008989027701318264,20.462873458862305,0.6440120935440063,0.002601813292130828,25.847240447998047,0.8927637338638306,6.13695764541626,9.795907020568848,0.0006145854131318629,33.281341552734375,0.028019914403557777,1.3176825046539307,33.23442459106445,0.182525634765625,0.0234832763671875
U-Tikhonov T16/CG64,136,36,0,/Users/kyrillguba/Documents/Data Analytics MSc/Thesis/Python/First Try/data/DIV2K/DIV2K_valid_HR/0837.png,div2k/0837.png/sigma_0.100,div2k,0837.png,20036,af3a3f14f10fd37d750995ae36a4d7d4e23e7343e1fc6fb8ddf8342f79d68d35,a004e4dcc378ed000b11429c85db08b896894bbcc0e8a8e467cacb0c8face975,0.10000000149011612,0.00916203297674656,20.380081176757812,0.765365481376648,0.003363665658980608,24.73187255859375,0.8809090256690979,1.9929648637771606,3.948275327682495,0.000927689194213599,33.281246185302734,0.02190805785357952,0.700258731842041,22.507776260375977,0.28900146484375,0.000579833984375
U-Tikhonov T16/CG64,137,37,0,/Users/kyrillguba/Documents/Data Analytics MSc/Thesis/Python/First Try/data/DIV2K/DIV2K_valid_HR/0838.png,div2k/0838.png/sigma_0.100,div2k,0838.png,20037,a419adae2a9bbcb7b328e0e98815224877487f12f01cec7bd572e3a61b346f36,73c2c92e98f5548121634934b7f8b396da2f106fa5edff6fa4406bcb5bb7bb07,0.10000000149011612,0.009333591908216476,20.299510955810547,0.489147812128067,0.0008786098915152252,30.56203842163086,0.9179551601409912,7.749505519866943,9.979829788208008,0.0016725537134334445,33.281341552734375,0.0699249878525734,2.9279627799987793,33.28044509887695,0.069427490234375,0.0402984619140625
U-Tikhonov T16/CG64,138,38,0,/Users/kyrillguba/Documents/Data Analytics MSc/Thesis/Python/First Try/data/DIV2K/DIV2K_valid_HR/0839.png,div2k/0839.png/sigma_0.100,div2k,0839.png,20038,9ed3b7789f4dcc0b1bfd3a6e2391350b33a63a89353a3bd50f5bde4b89d2f647,3b2839787a4e994067fee71a5a1c8fb78033e5cbc93482ea5970729be4a87066,0.10000000149011612,0.007751947268843651,21.105892181396484,0.4432066082954407,0.002225592266768217,26.525545120239258,0.558667778968811,13.173795700073242,14.255477905273438,0.00029576028464362025,33.281341552734375,0.055803265422582626,3.6223957538604736,33.281341552734375,0.0832977294921875,0.2196502685546875
U-Tikhonov T16/CG64,139,39,0,/Users/kyrillguba/Documents/Data Analytics MSc/Thesis/Python/First Try/data/DIV2K/DIV2K_valid_HR/0840.png,div2k/0840.png/sigma_0.100,div2k,0840.png,20039,df4e88246e2af519b1c29adccc7944ac0f8568e6a1ef7d65c39dc4fcd2a3dd5b,1f17b191a1cb4c7983a7c9b878a8cd852a388158dbaf91a28f09e346d483a71e,0.10000000149011612,0.009186126291751862,20.368675231933594,0.7120739221572876,0.0028575784526765347,25.440021514892578,0.8544803857803345,2.078139305114746,3.5184826850891113,0.000299813284073025,33.27641296386719,0.03901783376932144,0.9846594929695129,20.0244083404541,0.1750030517578125,0.000152587890625
U-Tikhonov T16/CG64,140,40,0,/Users/kyrillguba/Documents/Data Analytics MSc/Thesis/Python/First Try/data/DIV2K/DIV2K_valid_HR/0841.png,div2k/0841.png/sigma_0.100,div2k,0841.png,20040,b85a5c827a7d17dab432c8f79abc120715b867e00f3bcbe182f90d6c23ecff6f,8c1ee2b2fc094e7d06b937c0217e04765d471915ef200473146ecd3282885518,0.10000000149011612,0.009126249700784683,20.397075653076172,0.5158218145370483,0.0020878277719020844,26.80305290222168,0.8351825475692749,6.35306978225708,8.240496635437012,0.0020462521351873875,33.281341552734375,0.04883113503456116,2.6715221405029297,33.08883285522461,0.107757568359375,0.0120391845703125
U-Tikhonov T16/CG64,141,41,0,/Users/kyrillguba/Documents/Data Analytics MSc/Thesis/Python/First Try/data/DIV2K/DIV2K_valid_HR/0842.png,div2k/0842.png/sigma_0.100,div2k,0842.png,20041,e0fe2755785538efb2ac1c7a4fc4e854d8206a8f09b68ac1931f0544c3e7cc53,35fce4372c911a0760c19a4858630bf39e9be9413b3d00e9529bb3c55d6fb672,0.10000000149011612,0.008929554373025894,20.491703033447266,0.5761888027191162,0.0017944633727893233,27.46065330505371,0.8694491386413574,5.093348026275635,6.745107650756836,0.0004402965132612735,33.281341552734375,0.033961594104766846,2.3161957263946533,30.82992935180664,0.1273193359375,0.0030670166015625
U-Tikhonov T16/CG64,142,42,0,/Users/kyrillguba/Documents/Data Analytics MSc/Thesis/Python/First Try/data/DIV2K/DIV2K_valid_HR/0843.png,div2k/0843.png/sigma_0.100,div2k,0843.png,20042,8d4db85adca20e5911d117b4bb54fdfb3f22b2a02cceb14242bb7540955f6140,4396acf5db3292779c648b276f459c5db8e2d2d60f75764d3d5013efb9ad0c61,0.10000000149011612,0.006897990591824055,21.612775802612305,0.2857520580291748,0.0006785797886550426,31.683990478515625,0.9558780193328857,24.204259872436523,12.541948318481445,0.0009384419536218047,33.281341552734375,0.047911662608385086,32.0067138671875,33.281341552734375,0.0648040771484375,0.3832244873046875
U-Tikhonov T16/CG64,143,43,0,/Users/kyrillguba/Documents/Data Analytics MSc/Thesis/Python/First Try/data/DIV2K/DIV2K_valid_HR/0844.png,div2k/0844.png/sigma_0.100,div2k,0844.png,20043,15c2150d7c67049e1e35243bac1a1a68c6f0e57215592b78ed9b74e130ed1370,81716fb24e15948d4c559e010784e178d010208e374b3fa77390bf2e1119561b,0.10000000149011612,0.008547065779566765,20.68182945251465,0.33853840827941895,0.0006809108890593052,31.669097900390625,0.8869551420211792,12.223155975341797,10.990985870361328,0.000874068180564791,33.28132247924805,0.06444985419511795,8.092523574829102,33.26478576660156,0.0386810302734375,0.04437255859375
U-Tikhonov T16/CG64,144,44,0,/Users/kyrillguba/Documents/Data Analytics MSc/Thesis/Python/First Try/data/DIV2K/DIV2K_valid_HR/0845.png,div2k/0845.png/sigma_0.100,div2k,0845.png,20044,3afec5a048f16903b44498719256567f9874b218bd408f06ae16848d5bfd4779,4bcb3c23daecdc254d579c8d39d68436083c954664b8c7bcd4f3074845db63a0,0.10000000149011612,0.007887687534093857,21.030502319335938,0.5800467133522034,0.0028098393231630325,25.513187408447266,0.860337495803833,8.773248672485352,10.554186820983887,0.0003137974417768419,33.28133773803711,0.013094170950353146,3.253413200378418,33.16864013671875,0.1915283203125,0.0178680419921875
U-Tikhonov T16/CG64,145,45,0,/Users/kyrillguba/Documents/Data Analytics MSc/Thesis/Python/First Try/data/DIV2K/DIV2K_valid_HR/0846.png,div2k/0846.png/sigma_0.100,div2k,0846.png,20045,bfa025022780e8b45b7d8ca41bf0c1aa0ef062e997a3e07e7b0b4766072a0c65,ef61b57813715c2a4ca032b455913e793bcd3b4bae6d56a574377a98fad4b983,0.10000000149011612,0.007892230525612831,21.028003692626953,0.6083446741104126,0.0037640288937836885,24.243471145629883,0.8339883089065552,7.1425628662109375,10.117084503173828,0.00045125800534151495,33.281341552734375,0.0327211357653141,1.9080216884613037,33.26810073852539,0.1603546142578125,0.031982421875
U-Tikhonov T16/CG64,146,46,0,/Users/kyrillguba/Documents/Data Analytics MSc/Thesis/Python/First Try/data/DIV2K/DIV2K_valid_HR/0847.png,div2k/0847.png/sigma_0.100,div2k,0847.png,20046,a03ac31eb9aa42c51d2ec103e996158d3f7890d32752d0e5a0bece66c7f0a096,22c960d9b264401c4af7b57ae07d03f7ae02355432012f2738b9cc5b52f13e67,0.10000000149011612,0.008751721121370792,20.57906723022461,0.7116260528564453,0.0029318220913410187,25.328624725341797,0.8994969129562378,5.079619884490967,8.1214017868042,0.00030782283283770084,33.28120422363281,0.01731564663350582,1.2452689409255981,32.71805953979492,0.2412567138671875,0.007354736328125
U-Tikhonov T16/CG64,147,47,0,/Users/kyrillguba/Documents/Data Analytics MSc/Thesis/Python/First Try/data/DIV2K/DIV2K_valid_HR/0848.png,div2k/0848.png/sigma_0.100,div2k,0848.png,20047,226e619ed1295a7c7b4eb9d622c6124c81ba03e21362bb8eee67e67dced25224,29141bb4c48bd018ea9e6e7e5bcf7acbd1ec089db3974cea22deaa532db4e025,0.10000000149011612,0.00900827907025814,20.453582763671875,0.6942570209503174,0.00233832816593349,26.31094741821289,0.8946184515953064,3.638772487640381,6.464051723480225,0.0004274118400644511,33.281341552734375,0.017978711053729057,1.1600451469421387,32.304080963134766,0.225311279296875,0.0068359375
U-Tikhonov T16/CG64,148,48,0,/Users/kyrillguba/Documents/Data Analytics MSc/Thesis/Python/First Try/data/DIV2K/DIV2K_valid_HR/0849.png,div2k/0849.png/sigma_0.100,div2k,0849.png,20048,2c70dd5654b23e4a9ab11865c6c70e3077823c4972ad389deddc84dd9edc36b8,67496b41386bc3c88e9e83ee22b8d3a57f6f0a4ba1269ebd2b1c5bc752d1a3bc,0.10000000149011612,0.00921087246388197,20.35699462890625,0.8438193202018738,0.005263007245957851,22.787662506103516,0.8901447057723999,1.6096699237823486,3.7403483390808105,0.00030033226357772946,33.281341552734375,0.012736814096570015,0.4569207429885864,22.205162048339844,0.41217041015625,0.0012359619140625
U-Tikhonov T16/CG64,149,49,0,/Users/kyrillguba/Documents/Data Analytics MSc/Thesis/Python/First Try/data/DIV2K/DIV2K_valid_HR/0850.png,div2k/0850.png/sigma_0.100,div2k,0850.png,20049,b0e8b344c318dfae08640e56c0b52ec6df0909ea2a5c7128b8b44308511dabe7,e5eed9b98168c320aae9491f2de893ed92ccc53e0d6c387e72f8d2e90f262460,0.10000000149011612,0.009512841701507568,20.216899871826172,0.5987415313720703,0.0019810835365206003,27.030973434448242,0.8582114577293396,5.037590980529785,7.381943225860596,0.0004958517965860665,33.28133773803711,0.04022272303700447,2.052077293395996,32.91112518310547,0.1187896728515625,0.0093994140625
U-Tikhonov T16/CG64,150,50,0,/Users/kyrillguba/Documents/Data Analytics MSc/Thesis/Python/First Try/data/DIV2K/DIV2K_valid_HR/0851.png,div2k/0851.png/sigma_0.100,div2k,0851.png,20050,6cd623610d71351bd69a4193263bc448cd15272dcfd17f66224ecc57d176c5d0,04b876fb5e620624fb5a789176b565a5f47cf999cd2769f1f04b3699cd551808,0.10000000149011612,0.00909978523850441,20.40968894958496,0.45385831594467163,0.0016485044034197927,27.8291015625,0.9252365827560425,15.121040344238281,13.650158882141113,0.00122360500972718,33.281341552734375,0.03224612772464752,11.275959968566895,33.28133773803711,0.1324310302734375,0.157989501953125
U-Tikhonov T16/CG64,151,51,0,/Users/kyrillguba/Documents/Data Analytics MSc/Thesis/Python/First Try/data/DIV2K/DIV2K_valid_HR/0852.png,div2k/0852.png/sigma_0.100,div2k,0852.png,20051,73b3c50a05a0fcb1a26fb8f3d88ebc57fe34409f6e6d0d125e46c18d90cca3a1,17353f211f92fc85c89c297f06876badb25b6456c6b233a1a98aee22ee086d70,0.10000000149011612,0.006303895264863968,22.003910064697266,0.33275675773620605,0.0016107764095067978,27.92964744567871,0.5841079950332642,12.729852676391602,11.948391914367676,0.008007439784705639,33.281341552734375,0.1590123027563095,7.494411468505859,33.281185150146484,0.02960205078125,0.08319091796875
U-Tikhonov T16/CG64,152,52,0,/Users/kyrillguba/Documents/Data Analytics MSc/Thesis/Python/First Try/data/DIV2K/DIV2K_valid_HR/0853.png,div2k/0853.png/sigma_0.100,div2k,0853.png,20052,e9eb55fc2bc1bcfd2fad63122c380357a672f2b9f14b61a7547da796324e10c2,2a4a46f0eaf5d1fadc00d4ef05bf92a9fe627ad832048c6055af87d61f360962,0.10000000149011612,0.008257114328444004,20.831716537475586,0.393589586019516,0.0012264621909707785,29.113460540771484,0.8910691142082214,14.822111129760742,13.711962699890137,0.0029161053244024515,33.281341552734375,0.060296036303043365,8.846080780029297,33.28133773803711,0.0717926025390625,0.169647216796875
U-Tikhonov T16/CG64,153,53,0,/Users/kyrillguba/Documents/Data Analytics MSc/Thesis/Python/First Try/data/DIV2K/DIV2K_valid_HR/0854.png,div2k/0854.png/sigma_0.100,div2k,0854.png,20053,dbefb08aac7a5ad65da8e59ab21cbb0e921c9ad6da4d670be4cb2a982a3e2ffe,bd525848244c4016e4998c6599de8de721f2e9eb73659da056c41adcf5624910,0.10000000149011612,0.009751019068062305,20.109500885009766,0.6039422750473022,0.0028309812769293785,25.48063087463379,0.8604158163070679,7.290802955627441,10.666217803955078,0.00033523174352012575,33.28133010864258,0.03502451628446579,1.703155755996704,33.26530838012695,0.153350830078125,0.04083251953125
U-Tikhonov T16/CG64,154,54,0,/Users/kyrillguba/Documents/Data Analytics MSc/Thesis/Python/First Try/data/DIV2K/DIV2K_valid_HR/0855.png,div2k/0855.png/sigma_0.100,div2k,0855.png,20054,9e2b3caa326eef35864ca6323728491aaf77f5232b3a1b7435275b7a4b5bc314,9c884a4c1264511665220097ef6455b848e483cc451c7b09ba79a3bc39982fef,0.10000000149011612,0.009356774389743805,20.288738250732422,0.5107844471931458,0.0017292678821831942,27.621379852294922,0.8412796258926392,5.904387474060059,7.331705570220947,0.0013532877201214433,33.28133773803711,0.06934968382120132,2.8744425773620605,32.06682586669922,0.0650177001953125,0.0045623779296875
U-Tikhonov T16/CG64,155,55,0,/Users/kyrillguba/Documents/Data Analytics MSc/Thesis/Python/First Try/data/DIV2K/DIV2K_valid_HR/0856.png,div2k/0856.png/sigma_0.100,div2k,0856.png,20055,66cf31de43a337537e663db0aecf5dd0004e87a0fbe2bd2cdc7ed9a8b4a93ece,8db0d4fb635c06647b3d027ad817c93618ff33a3591a9b57db124c192372aa52,0.10000000149011612,0.009079148061573505,20.4195499420166,0.443595290184021,0.0019167272839695215,27.17439842224121,0.7162742614746094,6.88093376159668,8.079010009765625,0.01382932998239994,33.28133773803711,0.14641034603118896,3.5077948570251465,32.94375991821289,0.0380706787109375,0.009918212890625
U-Tikhonov T16/CG64,156,56,0,/Users/kyrillguba/Documents/Data Analytics MSc/Thesis/Python/First Try/data/DIV2K/DIV2K_valid_HR/0857.png,div2k/0857.png/sigma_0.100,div2k,0857.png,20056,ab895c24c3f27bd01daebb297e1995e3f7eaba3372e5cc7e32fb98edb3dfd93b,476bbdf273fdcd9ae475898c6ecc7ce6e5edaf3d4d08218db00d7bed56909036,0.10000000149011612,0.00997798889875412,20.009571075439453,0.4474475383758545,0.0007453467696905136,31.276416778564453,0.9103330373764038,5.787290573120117,5.858511447906494,0.0010338763240724802,33.27713394165039,0.09232940524816513,3.8048088550567627,27.89468765258789,0.0401611328125,0.00054931640625
U-Tikhonov T16/CG64,157,57,0,/Users/kyrillguba/Documents/Data Analytics MSc/Thesis/Python/First Try/data/DIV2K/DIV2K_valid_HR/0858.png,div2k/0858.png/sigma_0.100,div2k,0858.png,20057,69c3c9a846793f1dd2cda90db3fba707412671412126cd1eaad1496e784f7c0e,0995b1952cfd847384835bae14f9a97cce530f1e88cfd5c392481a0c5c30bbd1,0.10000000149011612,0.007848209701478481,21.05229377746582,0.5598976612091064,0.0024364532437175512,26.13241958618164,0.7302037477493286,7.249123573303223,10.016927719116211,0.0017088096356019378,33.281341552734375,0.055992212146520615,2.236734390258789,33.275726318359375,0.099578857421875,0.035552978515625
U-Tikhonov T16/CG64,158,58,0,/Users/kyrillguba/Documents/Data Analytics MSc/Thesis/Python/First Try/data/DIV2K/DIV2K_valid_HR/0859.png,div2k/0859.png/sigma_0.100,div2k,0859.png,20058,0783919bca182fbd4ec27a809e6b7e6c58e89fddb3d3ef3d1bd5c807651c9a53,9e180ea026a3eef1371dab91bcf0d927754d8dee60a9b4becb90165ef4632c49,0.10000000149011612,0.009828127920627594,20.075292587280273,0.6457004547119141,0.002827356569468975,25.486194610595703,0.8180989027023315,3.710433006286621,5.62628173828125,0.0007145690615288913,33.279388427734375,0.04526747018098831,1.5607231855392456,29.201234817504883,0.1244659423828125,0.0020599365234375
U-Tikhonov T16/CG64,159,59,0,/Users/kyrillguba/Documents/Data Analytics MSc/Thesis/Python/First Try/data/DIV2K/DIV2K_valid_HR/0860.png,div2k/0860.png/sigma_0.100,div2k,0860.png,20059,6323c40a5d11f381b901e87cf8f54d9578bc32be44b9350ac5386eb44224de4a,63ead1cd4b82fcf5bffae114e0fb4ca2e4246029d73f8633a1acde2e19613fe0,0.10000000149011612,0.009273558855056763,20.327537536621094,0.7460750341415405,0.003962432965636253,24.020381927490234,0.8224331140518188,1.799248218536377,3.051264762878418,0.0004424836952239275,33.198421478271484,0.032961342483758926,0.8698422908782959,16.989885330200195,0.2090911865234375,4.57763671875e-05
U-Tikhonov T16/CG64,160,60,0,/Users/kyrillguba/Documents/Data Analytics MSc/Thesis/Python/First Try/data/DIV2K/DIV2K_valid_HR/0861.png,div2k/0861.png/sigma_0.100,div2k,0861.png,20060,c3df240f2bf2bcdcdc9060b4ba3b0dd6324594f485ce3ee2d407f0b5364d72d7,a9a12e0aaefddc591199232f1d5f742e9109541608c31ecf59629e223d529eec,0.10000000149011612,0.007323967292904854,21.352537155151367,0.6070129871368408,0.0033092391677200794,24.80272102355957,0.7389706969261169,8.72085189819336,11.280917167663574,0.0005446542636491358,33.281341552734375,0.023494740948081017,2.607602119445801,33.28115463256836,0.1782379150390625,0.061248779296875
U-Tikhonov T16/CG64,161,61,0,/Users/kyrillguba/Documents/Data Analytics MSc/Thesis/Python/First Try/data/DIV2K/DIV2K_valid_HR/0862.png,div2k/0862.png/sigma_0.100,div2k,0862.png,20061,b28039f4ed1566ad4bef028589288dfa1cf33c4b676694010eb5d0d9f228ef50,959ccc78623b336d62f55a6a714d36d189c961c063e3dadc6f1f2acbc6c70a2a,0.10000000149011612,0.009982351213693619,20.007671356201172,0.33325788378715515,0.0006357101956382394,31.967409133911133,0.8908209204673767,12.417754173278809,11.053614616394043,0.002784631447866559,33.28133773803711,0.20982113480567932,7.960878849029541,33.25074768066406,0.019012451171875,0.03863525390625
U-Tikhonov T16/CG64,162,62,0,/Users/kyrillguba/Documents/Data Analytics MSc/Thesis/Python/First Try/data/DIV2K/DIV2K_valid_HR/0863.png,div2k/0863.png/sigma_0.100,div2k,0863.png,20062,69a9aeec52e386294dc8c778c0d11c7f842f0960ca488aa898c25c50220c823a,5618043d9d3bf03908250b939c6297cb19642235a3c4b3af94b85798507b799b,0.10000000149011612,0.0091111334040761,20.404277801513672,0.5163592100143433,0.001521814032457769,28.17638397216797,0.9034187197685242,7.5690693855285645,10.288745880126953,0.00023311833501793444,33.281341552734375,0.04996619001030922,1.967726230621338,33.166629791259766,0.1279144287109375,0.0184783935546875
U-Tikhonov T16/CG64,163,63,0,/Users/kyrillguba/Documents/Data Analytics MSc/Thesis/Python/First Try/data/DIV2K/DIV2K_valid_HR/0864.png,div2k/0864.png/sigma_0.100,div2k,0864.png,20063,fb786dffb18452c590dd1e18bebeea18d1c1bec24fd9d36d75ba35ad6c8a81d3,12fb470b3d46c90d01b555ae70f59db0f7bfbf9cd2bcdc6fd3ea0b8ed76202d2,0.10000000149011612,0.0095108263194561,20.217817306518555,0.6106503009796143,0.0018943962641060352,27.225292205810547,0.8478891849517822,3.566092014312744,5.524474620819092,0.001352806226350367,33.28104782104492,0.07149870693683624,1.6464085578918457,30.507505416870117,0.092803955078125,0.0028228759765625
U-Tikhonov T16/CG64,164,64,0,/Users/kyrillguba/Documents/Data Analytics MSc/Thesis/Python/First Try/data/DIV2K/DIV2K_valid_HR/0865.png,div2k/0865.png/sigma_0.100,div2k,0865.png,20064,f92af3991be3de305c0efcfbe87ac07586eb280db7c47c56bbf8452a9b10010c,f67e280d87d20f1c266f6b5b05d10e674034d6352756e35108aee9a2fa9286bd,0.10000000149011612,0.009856237098574638,20.062889099121094,0.5661797523498535,0.0018430347554385662,27.34466552734375,0.8594825267791748,4.2804856300354,6.115664005279541,0.0016880884068086743,33.27197265625,0.04699322581291199,1.6835699081420898,28.889801025390625,0.1295013427734375,0.0010833740234375
U-Tikhonov T16/CG64,165,65,0,/Users/kyrillguba/Documents/Data Analytics MSc/Thesis/Python/First Try/data/DIV2K/DIV2K_valid_HR/0866.png,div2k/0866.png/sigma_0.100,div2k,0866.png,20065,64fe1cb87ea16bd47a4af52b635bd686b87a3bb0bb006aa875e7090e7f4f1b09,5a433ea275e536aa640c70b64ed3189144c7b9d55b564f7b9a573197f2c2105b,0.10000000149011612,0.009749007411301136,20.110397338867188,0.7100076079368591,0.00313015840947628,25.044336318969727,0.8569239377975464,3.1552581787109375,5.4933905601501465,0.0003872418019454926,33.276611328125,0.02145218849182129,1.0404605865478516,28.434955596923828,0.2341461181640625,0.0013580322265625
U-Tikhonov T16/CG64,166,66,0,/Users/kyrillguba/Documents/Data Analytics MSc/Thesis/Python/First Try/data/DIV2K/DIV2K_valid_HR/0867.png,div2k/0867.png/sigma_0.100,div2k,0867.png,20066,a1b0a4eea55a3cc398df9e911e7db0ecbec9938d8ca0f96d3252df65b6daed62,d3596bfffab130a8252c78644bb26e7ffe06ec9cd2771644261183d83a4e1cc0,0.10000000149011612,0.009541342034935951,20.20390510559082,0.7404269576072693,0.00288321147672832,25.40123748779297,0.8825654983520508,2.728416919708252,5.522671699523926,0.00031539041083306074,33.27515411376953,0.026114070788025856,0.790420651435852,30.555858612060547,0.2548980712890625,0.00299072265625
U-Tikhonov T16/CG64,167,67,0,/Users/kyrillguba/Documents/Data Analytics MSc/Thesis/Python/First Try/data/DIV2K/DIV2K_valid_HR/0868.png,div2k/0868.png/sigma_0.100,div2k,0868.png,20067,a5806164ffd45d6b14c4f40b199c062ca7d2855351fd99291a948b57f15212f1,0229669bb41b80ad700535d241feed15e7d28bdc8b353e408b18259398dabef5,0.10000000149011612,0.008502976968884468,20.704288482666016,0.3280462622642517,0.0008983557345345616,30.465517044067383,0.9578063488006592,19.724254608154297,12.656280517578125,0.0008840315276756883,33.281341552734375,0.042987849563360214,23.953948974609375,33.28082275390625,0.07666015625,0.1566314697265625
U-Tikhonov T16/CG64,168,68,0,/Users/kyrillguba/Documents/Data Analytics MSc/Thesis/Python/First Try/data/DIV2K/DIV2K_valid_HR/0869.png,div2k/0869.png/sigma_0.100,div2k,0869.png,20068,bc61ffc14754a4c0e306111ec7946ec828ebc05b363e7717d8c2f300d7750e5c,cd2f3f08c7c3efb7473bd4c81fe4156eb9060582b568b86be9e4b9d59169846f,0.10000000149011612,0.009489672258496284,20.227489471435547,0.5651524066925049,0.0020011048763990402,26.987302780151367,0.8739234209060669,8.408951759338379,10.660811424255371,0.0011986457975581288,33.281341552734375,0.041652679443359375,2.3622679710388184,33.2724723815918,0.1307830810546875,0.0324249267578125
U-Tikhonov T16/CG64,169,69,0,/Users/kyrillguba/Documents/Data Analytics MSc/Thesis/Python/First Try/data/DIV2K/DIV2K_valid_HR/0870.png,div2k/0870.png/sigma_0.100,div2k,0870.png,20069,23fb86d88c32c580e802edb1ef9cd9aecf3ca74c79ecdde14ada63f7050ad410,f16e67fd6cd51d4bb157dd3956e6fdd4376c93344ca114a093849f9ff793dfa9,0.10000000149011612,0.00978570245206356,20.094079971313477,0.7300774455070496,0.003534662537276745,24.516521453857422,0.8341078758239746,1.6792290210723877,3.0293681621551514,0.0015342541737481952,33.15086364746094,0.03978526592254639,0.8214731216430664,17.450132369995117,0.20074462890625,3.0517578125e-05
U-Tikhonov T16/CG64,170,70,0,/Users/kyrillguba/Documents/Data Analytics MSc/Thesis/Python/First Try/data/DIV2K/DIV2K_valid_HR/0871.png,div2k/0871.png/sigma_0.100,div2k,0871.png,20070,755675f2824bd9535075c3a3649ecad82608dffc5b28d5b6777c999ce5ac8feb,6a0cebe551232da5a94575252472c29db0b5793607ab75f371852670a8ddf197,0.10000000149011612,0.009753039106726646,20.10860252380371,0.6733852624893188,0.0022262451238930225,26.524272918701172,0.8879693746566772,2.63828706741333,4.177578449249268,0.0015273583121597767,33.168819427490234,0.03560684248805046,1.1211097240447998,22.224491119384766,0.17999267578125,0.000152587890625
U-Tikhonov T16/CG64,171,71,0,/Users/kyrillguba/Documents/Data Analytics MSc/Thesis/Python/First Try/data/DIV2K/DIV2K_valid_HR/0872.png,div2k/0872.png/sigma_0.100,div2k,0872.png,20071,a3051017ca8c7da3a6c7830c9bb928ecf2b81dc2add6c092a6aecfa321376f6b,529213461c041abaf5ea0a860118362802927a015fbbc359c49100f32f8b9878,0.10000000149011612,0.009656647220253944,20.151737213134766,0.7541844248771667,0.003215123899281025,24.928020477294922,0.8811694383621216,2.6600899696350098,4.717235088348389,0.0005340070347301662,33.252037048339844,0.020613308995962143,0.8760812282562256,25.41349220275879,0.259033203125,0.0004119873046875
U-Tikhonov T16/CG64,172,72,0,/Users/kyrillguba/Documents/Data Analytics MSc/Thesis/Python/First Try/data/DIV2K/DIV2K_valid_HR/0873.png,div2k/0873.png/sigma_0.100,div2k,0873.png,20072,98eca5a763607b677cf4da90c4112b7bd27d325edaf99023f29c46b2af95740e,f8e45952713a11ce9a6004c66c8d9a0fe657b02b641945445f43a990b67068b6,0.10000000149011612,0.009869927540421486,20.056859970092773,0.6017451286315918,0.0027882885187864304,25.54662322998047,0.8428676128387451,4.748793601989746,7.908284664154053,0.002340237610042095,33.281314849853516,0.06416907906532288,1.3265419006347656,32.915977478027344,0.1228790283203125,0.0094451904296875
U-Tikhonov T16/CG64,173,73,0,/Users/kyrillguba/Documents/Data Analytics MSc/Thesis/Python/First Try/data/DIV2K/DIV2K_valid_HR/0874.png,div2k/0874.png/sigma_0.100,div2k,0874.png,20073,c1b141701b55a15db0c8d9d38d28131d0c6935abc941c0cf5a1b8e17483ce6db,8714757c7cefeaf51668906df37cd9bc4f339497a1ad81057cb9dcf4f3c9aba7,0.10000000149011612,0.009442366659641266,20.249191284179688,0.5293329954147339,0.001710857031866908,27.667863845825195,0.8173586130142212,5.187528610229492,6.781333923339844,0.00037369580240920186,33.28125762939453,0.06178979575634003,2.5368270874023438,31.90833282470703,0.070587158203125,0.0039520263671875
U-Tikhonov T16/CG64,174,74,0,/Users/kyrillguba/Documents/Data Analytics MSc/Thesis/Python/First Try/data/DIV2K/DIV2K_valid_HR/0875.png,div2k/0875.png/sigma_0.100,div2k,0875.png,20074,9efdc0057bb6e53db148019bb4a13192254fce5f31a016a4924e85fc6ee62a16,79c7871fdc92244fc03b37776af2dac4f07ffad0f5f0634b08ac5cbe41808f67,0.10000000149011612,0.00937436893582344,20.280580520629883,0.7994077205657959,0.003489498980343342,24.572370529174805,0.8931857943534851,1.91558039188385,4.379788398742676,0.0001347717479802668,33.280818939208984,0.021979685872793198,0.6843500137329102,28.891773223876953,0.27606201171875,0.0024566650390625
U-Tikhonov T16/CG64,175,75,0,/Users/kyrillguba/Documents/Data Analytics MSc/Thesis/Python/First Try/data/DIV2K/DIV2K_valid_HR/0876.png,div2k/0876.png/sigma_0.100,div2k,0876.png,20075,84df379a2b4a7b995296e31b3954bfb9a7731d5e2d0b8650405a416a53e11125,654e45defe491a2f2df43d9ff8de2d0759c17fdba0de1195702d52ede68f4196,0.10000000149011612,0.00821440014988184,20.8542423248291,0.6224081516265869,0.0025808068457990885,25.8824462890625,0.7776587009429932,3.807150363922119,5.655595779418945,0.0007891935529187322,33.262176513671875,0.041422341018915176,1.6270169019699097,28.659547805786133,0.1274871826171875,0.0008544921875
U-Tikhonov T16/CG64,176,76,0,/Users/kyrillguba/Documents/Data Analytics MSc/Thesis/Python/First Try/data/DIV2K/DIV2K_valid_HR/0877.png,div2k/0877.png/sigma_0.100,div2k,0877.png,20076,a7be10c02736c3557926612d053466a395f1f8df83ddeeff7027d05bb769b33a,e77ce1907bd4a2412344169304caffc1f0f6da79cf0cd08dd9b995a703ba7e60,0.10000000149011612,0.008973807096481323,20.470233917236328,0.4357912540435791,0.001032398547977209,29.861528396606445,0.8529523611068726,5.857538223266602,6.609175205230713,0.000801486021373421,33.281341552734375,0.06451381742954254,3.3912930488586426,30.435728073120117,0.0699615478515625,0.0031280517578125
U-Tikhonov T16/CG64,177,77,0,/Users/kyrillguba/Documents/Data Analytics MSc/Thesis/Python/First Try/data/DIV2K/DIV2K_valid_HR/0878.png,div2k/0878.png/sigma_0.100,div2k,0878.png,20077,f1e61ee7f615bf40fc0cc24a3750fc6413019d89281f32d061c3bfb42fdf3082,ba873ad736f651359d212e7fda5be93795141f25d29a8c56fae1a1999c1c56ee,0.10000000149011612,0.009745083749294281,20.112144470214844,0.6891080141067505,0.0026131519116461277,25.828351974487305,0.8644970655441284,3.153372049331665,5.471350193023682,0.0005915046203881502,33.28002166748047,0.03419147804379463,1.1453337669372559,29.707630157470703,0.179046630859375,0.0022125244140625
U-Tikhonov T16/CG64,178,78,0,/Users/kyrillguba/Documents/Data Analytics MSc/Thesis/Python/First Try/data/DIV2K/DIV2K_valid_HR/0879.png,div2k/0879.png/sigma_0.100,div2k,0879.png,20078,f7a72db70e5d13cc9ce0514ee1b317f98a5b43e5671f68071037416761ac50bb,54ff8a6000defd60f55faf992ce3e7b31f2a2f52b7d0ed78cafd6f60df3244b7,0.10000000149011612,0.009800195693969727,20.0876522064209,0.4864945411682129,0.0017953396309167147,27.458534240722656,0.9292962551116943,15.711545944213867,14.600995063781738,0.0009301325771957636,33.281341552734375,0.026273781433701515,11.533940315246582,33.28132247924805,0.1620941162109375,0.218963623046875
U-Tikhonov T16/CG64,179,79,0,/Users/kyrillguba/Documents/Data Analytics MSc/Thesis/Python/First Try/data/DIV2K/DIV2K_valid_HR/0880.png,div2k/0880.png/sigma_0.100,div2k,0880.png,20079,2464ffab9474f65f91c41e6231fc7c3907d471b36d493192c28dd9a9c9ac3c4c,6068708c32342e6b6df9bf4e2fb546a318c0074608c8af565def68d4f73d8038,0.10000000149011612,0.009952405467629433,20.020721435546875,0.4326709508895874,0.001357984496280551,28.671052932739258,0.90538090467453,12.17489242553711,12.090575218200684,0.0012324971612542868,33.281341552734375,0.05527470260858536,7.101895809173584,33.278690338134766,0.0907745361328125,0.05718994140625
U-Tikhonov T16/CG64,180,80,0,/Users/kyrillguba/Documents/Data Analytics MSc/Thesis/Python/First Try/data/DIV2K/DIV2K_valid_HR/0881.png,div2k/0881.png/sigma_0.100,div2k,0881.png,20080,b4be0560c87adf38d8561ec3fb5a8e3e0e5d0b43501194ff1ff77f1511e89119,326d7851cc92f94124419908819bc1c797ee5e04dccc6fbc9f366ead957337e1,0.10000000149011612,0.00986284576356411,20.05997657775879,0.4646434187889099,0.0013926220126450062,28.561668395996094,0.8708096742630005,7.673018455505371,8.604771614074707,0.001302675111219287,33.28059387207031,0.07111121714115143,3.9718990325927734,32.60330581665039,0.06280517578125,0.005859375
U-Tikhonov T16/CG64,181,81,0,/Users/kyrillguba/Documents/Data Analytics MSc/Thesis/Python/First Try/data/DIV2K/DIV2K_valid_HR/0882.png,div2k/0882.png/sigma_0.100,div2k,0882.png,20081,aac379d4eb1f7ffb4575e0fcca3a6836e85643267b9f537632bdfd3422ae2a6d,c4cb2770f469a6b1db185a8e62a3ae0dac421972588881c4405ed2425a64ec4a,0.10000000149011612,0.009415140375494957,20.261734008789062,0.6395930051803589,0.001932012033648789,27.139902114868164,0.9131928086280823,3.435962677001953,5.798284530639648,0.0003930473467335105,33.28123474121094,0.014100342988967896,1.1548240184783936,29.496726989746094,0.215972900390625,0.0016632080078125
U-Tikhonov T16/CG64,182,82,0,/Users/kyrillguba/Documents/Data Analytics MSc/Thesis/Python/First Try/data/DIV2K/DIV2K_valid_HR/0883.png,div2k/0883.png/sigma_0.100,div2k,0883.png,20082,dc84aa16cb279e020e6bb4a512b74aeb161e2c3b612b40cfe834b4ea44c4dbd4,02c3fc747fc31008a2c17231bb7d372b96a3ca9aa91b9441fbeea959251bf6d8,0.10000000149011612,0.009631909430027008,20.162878036499023,0.705026388168335,0.0029033811297267675,25.370960235595703,0.8758789300918579,3.853538751602173,7.020281791687012,0.0011611651862040162,33.281288146972656,0.02904534339904785,1.1097939014434814,32.40855026245117,0.19805908203125,0.004974365234375
U-Tikhonov T16/CG64,183,83,0,/Users/kyrillguba/Documents/Data Analytics MSc/Thesis/Python/First Try/data/DIV2K/DIV2K_valid_HR/0884.png,div2k/0884.png/sigma_0.100,div2k,0884.png,20083,c3e792b1483d91371c9eeedd1d20a4f45de1d748d7f261794ce740fbc3ea3016,47bfb1ceb4930ad7db921bc4c4f0a64a5e360b7a4bb4649088a048628bbd573d,0.10000000149011612,0.009465215727686882,20.23869514465332,0.7136551141738892,0.0029617114923894405,25.284574508666992,0.8634070158004761,2.056959390640259,3.670534610748291,0.0012011842336505651,33.009639739990234,0.02882247604429722,0.8872550129890442,20.816978454589844,0.2266998291015625,1.52587890625e-05
U-Tikhonov T16/CG64,184,84,0,/Users/kyrillguba/Documents/Data Analytics MSc/Thesis/Python/First Try/data/DIV2K/DIV2K_valid_HR/0885.png,div2k/0885.png/sigma_0.100,div2k,0885.png,20084,d1b12f5bdff73a004166bc26bfd68ed924612ba4dfeb5ee46ef886fec9606402,3f47b63087f24ce76d1021060b4556c275768dd06d8953d703f453fec8d2e216,0.10000000149011612,0.009921858087182045,20.034069061279297,0.5917404294013977,0.00266864150762558,25.737096786499023,0.778581976890564,4.359527111053467,6.812966346740723,0.0024920389987528324,33.281341552734375,0.04469416290521622,1.7492085695266724,32.7432975769043,0.1192626953125,0.0083160400390625
U-Tikhonov T16/CG64,185,85,0,/Users/kyrillguba/Documents/Data Analytics MSc/Thesis/Python/First Try/data/DIV2K/DIV2K_valid_HR/0886.png,div2k/0886.png/sigma_0.100,div2k,0886.png,20085,8269830c494c50f2ca58c9fe1491092884eabccc73e5d87438dd2282f32843ab,485afdc014678bde03cdff386abafda609af75925c86830d2cabdbadf5ed02ff,0.10000000149011612,0.0095310527831316,20.20859146118164,0.4675765931606293,0.0011580873979255557,29.362586975097656,0.9048856496810913,5.417074680328369,6.235146522521973,0.0006167295505292714,33.281333923339844,0.04837726801633835,3.171536445617676,30.159494400024414,0.080718994140625,0.0027313232421875
U-Tikhonov T16/CG64,186,86,0,/Users/kyrillguba/Documents/Data Analytics MSc/Thesis/Python/First Try/data/DIV2K/DIV2K_valid_HR/0887.png,div2k/0887.png/sigma_0.100,div2k,0887.png,20086,9674e5076ec8c005bce7e3450e6bf09deb82df9952eaff58c7717b3a16e90f3e,912790f90dbdea56174c1e034cc1efe7964335dc4c73269389d494ba9a6ee783,0.10000000149011612,0.009589008055627346,20.18226432800293,0.5204975605010986,0.0021933482494205236,26.588924407958984,0.8503861427307129,8.104012489318848,10.316146850585938,0.0017163295997306705,33.28132247924805,0.03740184009075165,2.5470612049102783,33.10199737548828,0.126708984375,0.01556396484375
U-Tikhonov T16/CG64,187,87,0,/Users/kyrillguba/Documents/Data Analytics MSc/Thesis/Python/First Try/data/DIV2K/DIV2K_valid_HR/0888.png,div2k/0888.png/sigma_0.100,div2k,0888.png,20087,0b12dfb6e7a24bf393f0f61b8c12a04a0e14c82f6eb77cce3a6d2ed989cadb40,50da035f692a0c49935f5534c311abaf4ca5fa4726eef5315ef1ef857e255215,0.10000000149011612,0.00918933842331171,20.36716079711914,0.7557084560394287,0.0029737656004726887,25.26693344116211,0.8942078948020935,2.359814167022705,4.696181297302246,0.0002505159645806998,33.275299072265625,0.01766390912234783,0.7614806294441223,26.841625213623047,0.2891845703125,0.0008392333984375
U-Tikhonov T16/CG64,188,88,0,/Users/kyrillguba/Documents/Data Analytics MSc/Thesis/Python/First Try/data/DIV2K/DIV2K_valid_HR/0889.png,div2k/0889.png/sigma_0.100,div2k,0889.png,20088,65b588cd7d91eb7ab3ad2ee297b48e2bcd71468e6f3fd4cedd22296161fcf0b3,8d34660f2e0e3dead603cd5577a99ac1f81bbaae7c55ec67e99bb5ee455c50c3,0.10000000149011612,0.009270859882235527,20.328800201416016,0.7982643246650696,0.003892195411026478,24.098052978515625,0.881320595741272,1.6971821784973145,3.783778429031372,0.00032887153793126345,33.28094482421875,0.018906041979789734,0.54535973072052,22.518226623535156,0.3554534912109375,0.000885009765625
U-Tikhonov T16/CG64,189,89,0,/Users/kyrillguba/Documents/Data Analytics MSc/Thesis/Python/First Try/data/DIV2K/DIV2K_valid_HR/0890.png,div2k/0890.png/sigma_0.100,div2k,0890.png,20089,641726511e5ab55ecb5dccce15a53a64473d43e0a2be22d51e522b22644d2891,5294647d295a4c15f8ff3644c7c6ab9c2641a556b4e4ebfbc42142ab0afd93cb,0.10000000149011612,0.01000051386654377,19.99977684020996,0.4299912452697754,0.0013557636411860585,28.678159713745117,0.8880703449249268,13.179177284240723,13.621109962463379,0.0026977513916790485,33.281341552734375,0.0988612174987793,4.888242244720459,33.28119659423828,0.05810546875,0.1479034423828125
U-Tikhonov T16/CG64,190,90,0,/Users/kyrillguba/Documents/Data Analytics MSc/Thesis/Python/First Try/data/DIV2K/DIV2K_valid_HR/0891.png,div2k/0891.png/sigma_0.100,div2k,0891.png,20090,df25cc2cba32c4a350c4749f690c8d6acb73d96d359ca40b6fee4071dbf564d0,1c639feebc304672531393e36b576a7cb6187280cabf665a36fe0267182ffa86,0.10000000149011612,0.009555201977491379,20.197601318359375,0.7634689807891846,0.0032379203476011753,24.8973388671875,0.8854092359542847,2.672300338745117,4.985898494720459,0.0004760590672958642,33.27965545654297,0.023439794778823853,0.8579516410827637,27.49444007873535,0.2515411376953125,0.001312255859375
U-Tikhonov T16/CG64,191,91,0,/Users/kyrillguba/Documents/Data Analytics MSc/Thesis/Python/First Try/data/DIV2K/DIV2K_valid_HR/0892.png,div2k/0892.png/sigma_0.100,div2k,0892.png,20091,cf51693d41de71e034484154f59145fbffeb5a48fb250085472f21ef15bc44ee,debeac3caf7ff3565507b8abfcf135fdfa7bf4a9f1ee974f8c206be47bb39e6d,0.10000000149011612,0.00942610576748848,20.256675720214844,0.7635036706924438,0.003715547500178218,24.299772262573242,0.8699004650115967,2.1570305824279785,4.515013694763184,0.0008385908440686762,33.2731819152832,0.014505978673696518,0.5617427229881287,25.46101951599121,0.3675384521484375,0.0003509521484375
U-Tikhonov T16/CG64,192,92,0,/Users/kyrillguba/Documents/Data Analytics MSc/Thesis/Python/First Try/data/DIV2K/DIV2K_valid_HR/0893.png,div2k/0893.png/sigma_0.100,div2k,0893.png,20092,e38a2d9fc2bb1bfe2d7f4ac7ac04be6e3b640472049753a9ec509cb5b184dfae,6f93afe0e7861fbf77343fdd8197e031c4a4a0407b5baef5fb7ec34d855dae05,0.10000000149011612,0.009200251661241055,20.362003326416016,0.5618415474891663,0.0017378495540469885,27.599878311157227,0.8741060495376587,5.541131973266602,7.491778373718262,0.0005214347620494664,33.28125,0.025431884452700615,2.37821102142334,32.110313415527344,0.163726806640625,0.004669189453125
U-Tikhonov T16/CG64,193,93,0,/Users/kyrillguba/Documents/Data Analytics MSc/Thesis/Python/First Try/data/DIV2K/DIV2K_valid_HR/0894.png,div2k/0894.png/sigma_0.100,div2k,0894.png,20093,f7c053db8ff81bb3c056ed342eb0bfb9ba890e8adb30617f79d560f11e941c73,30a5c1ca16d27861e24190dad9b2a384d6b05534a67be7cf1ca5df6366b72468,0.10000000149011612,0.009077124297618866,20.420516967773438,0.4872620701789856,0.0015340750105679035,28.141536712646484,0.812301516532898,9.528522491455078,9.780686378479004,0.0003681523958221078,33.281341552734375,0.03316641226410866,5.454098701477051,33.09025192260742,0.0744476318359375,0.0132293701171875
U-Tikhonov T16/CG64,194,94,0,/Users/kyrillguba/Documents/Data Analytics MSc/Thesis/Python/First Try/data/DIV2K/DIV2K_valid_HR/0895.png,div2k/0895.png/sigma_0.100,div2k,0895.png,20094,abdbc9e5dd323d44902bb35948460b514a4fe27d53aa9bc4f2072e0a425a5902,bddbad9742942691890fe566cd88956421165dccbedae11959432a2c90d113bd,0.10000000149011612,0.009526779875159264,20.21053695678711,0.6563657522201538,0.0036860306281596422,24.33441162109375,0.7659705877304077,4.554522514343262,6.792263031005859,0.00079766457201913,33.281333923339844,0.04086225852370262,1.7297708988189697,31.73858642578125,0.1009063720703125,0.0038909912109375
U-Tikhonov T16/CG64,195,95,0,/Users/kyrillguba/Documents/Data Analytics MSc/Thesis/Python/First Try/data/DIV2K/DIV2K_valid_HR/0896.png,div2k/0896.png/sigma_0.100,div2k,0896.png,20095,857388cd8fc429b194bc7374762cee70b099ddf090a6495b03d92edc4c8c7b8d,ed8237e9328164f9c35a110fc106be33a51d883c93ee1d77f37ca46616c18030,0.10000000149011612,0.007742912508547306,21.110958099365234,0.4308375120162964,0.001188197871670127,29.251113891601562,0.9528013467788696,14.811058044433594,11.982772827148438,0.00026944593992084265,33.281341552734375,0.021021628752350807,12.708038330078125,33.2787971496582,0.0850677490234375,0.0660400390625
U-Tikhonov T16/CG64,196,96,0,/Users/kyrillguba/Documents/Data Analytics MSc/Thesis/Python/First Try/data/DIV2K/DIV2K_valid_HR/0897.png,div2k/0897.png/sigma_0.100,div2k,0897.png,20096,a75baf8d323b01687486bd536ce524304bab0a20ffcaf0d6d19c9abe9c8bef57,a63b8fa197b05d8e5bf0fa82b2563e29a9049e5ae0abc4d2dc179b824f659cf9,0.10000000149011612,0.008784262463450432,20.562950134277344,0.9075582027435303,0.0057881856337189674,22.374576568603516,0.9296485185623169,0.3790068030357361,1.35837721824646,0.0003301339747849852,32.805999755859375,0.0019804921466857195,0.07967494428157806,5.612576007843018,0.801116943359375,0.0
U-Tikhonov T16/CG64,197,97,0,/Users/kyrillguba/Documents/Data Analytics MSc/Thesis/Python/First Try/data/DIV2K/DIV2K_valid_HR/0898.png,div2k/0898.png/sigma_0.100,div2k,0898.png,20097,0f9b0c2f1793b1dd0ac81be97181b9e904a39fcf108cd39194842f26678085f7,e0a00bd945760a3bff4ac1a1889aa48c29afd08da89393df7aabc94d1aae0963,0.10000000149011612,0.009870977140963078,20.056398391723633,0.3446851372718811,0.001040901755914092,29.82590103149414,0.9489257335662842,20.67662811279297,13.611278533935547,0.0005921416450291872,33.281341552734375,0.05898267403244972,28.11056137084961,33.281333923339844,0.076324462890625,0.2672576904296875
U-Tikhonov T16/CG64,198,98,0,/Users/kyrillguba/Documents/Data Analytics MSc/Thesis/Python/First Try/data/DIV2K/DIV2K_valid_HR/0899.png,div2k/0899.png/sigma_0.100,div2k,0899.png,20098,bea5ead4e165747f9c0e6d434cc536abdd4760b1a8da09c78f705024684bff65,f8ddb6007ee4b3bf4bb6863456ce88ffeac95b4725250836ce5cd61ab3369432,0.10000000149011612,0.009393677115440369,20.271644592285156,0.682702898979187,0.002494778949767351,26.029680252075195,0.8771045207977295,3.2533164024353027,6.087074279785156,0.00030935092945583165,33.281341552734375,0.008662003092467785,0.931259274482727,32.26163864135742,0.300079345703125,0.0066070556640625
U-Tikhonov T16/CG64,199,99,0,/Users/kyrillguba/Documents/Data Analytics MSc/Thesis/Python/First Try/data/DIV2K/DIV2K_valid_HR/0900.png,div2k/0900.png/sigma_0.100,div2k,0900.png,20099,72e06d86758e25d0f39e87b43b4ed00325b96cc08c65fc1809df35beee23e59c,fbb26720cddc77fd7187fc33a24bbfce8155a7b9d419edd08a4aafc36f870bd2,0.10000000149011612,0.007989254780113697,20.974939346313477,0.6753798127174377,0.002962846774607897,25.282909393310547,0.8250023126602173,4.513154983520508,7.226060390472412,0.0005149343051016331,33.281341552734375,0.019098293036222458,1.393601894378662,32.664119720458984,0.2010955810546875,0.0074462890625
U-Tikhonov T16/CG64,200,0,0,/Users/kyrillguba/Documents/Data Analytics MSc/Thesis/Python/First Try/data/DIV2K/DIV2K_valid_HR/0801.png,div2k/0801.png/sigma_0.150,div2k,0801.png,20000,9ca598cce3296c3968a2f8f7685477f637dbdbbb9d4efb1cd418ca185bd31eef,4b7352fb67bcc3e88bb5e359e82b3b5fdb9f00ac8f42dfb7539be9cc8b460d75,0.15000000596046448,0.02073093131184578,16.833812713623047,0.5437043309211731,0.0045065502636134624,23.46155548095703,0.7700580358505249,3.5487704277038574,5.0459489822387695,0.0010566420387476683,33.28130340576172,0.06271026283502579,1.8177008628845215,27.711688995361328,0.0847625732421875,0.0015716552734375
U-Tikhonov T16/CG64,201,1,0,/Users/kyrillguba/Documents/Data Analytics MSc/Thesis/Python/First Try/data/DIV2K/DIV2K_valid_HR/0802.png,div2k/0802.png/sigma_0.150,div2k,0802.png,20001,3177c80331fb32ceee70ac3ef64d2e56a1bce05ea8a9c0b664e2592552554742,65c4ff1bd6749268fa09bf363143cdec2946b4a9d800cc553d3f598273b13817,0.15000000596046448,0.01958915777504444,17.079843521118164,0.6666738986968994,0.0035941198002547026,24.444074630737305,0.9030529856681824,2.5286366939544678,4.468430995941162,0.001586563652381301,33.26824188232422,0.034742869436740875,1.0564290285110474,25.591371536254883,0.173004150390625,0.0006866455078125
U-Tikhonov T16/CG64,202,2,0,/Users/kyrillguba/Documents/Data Analytics MSc/Thesis/Python/First Try/data/DIV2K/DIV2K_valid_HR/0803.png,div2k/0803.png/sigma_0.150,div2k,0803.png,20002,671a4205d217354c075117f716a83d9a5ef2b4c921475de333f15ac8882c9356,a291f40ec169c0be79b8e6be0ff2848f8a2daae221de95153691b55f52d50b5c,0.15000000596046448,0.021868281066417694,16.60185432434082,0.40876320004463196,0.002058899961411953,26.863649368286133,0.8622092604637146,5.517745018005371,6.523719787597656,0.0006793313659727573,33.281333923339844,0.055747855454683304,3.0536060333251953,31.069238662719727,0.0626068115234375,0.0037994384765625
U-Tikhonov T16/CG64,203,3,0,/Users/kyrillguba/Documents/Data Analytics MSc/Thesis/Python/First Try/data/DIV2K/DIV2K_valid_HR/0804.png,div2k/0804.png/sigma_0.150,div2k,0804.png,20003,f95563d4b6e58b102c165eeec7f7e1ba2608e12c3a331510949f0cce842149ea,54be341d94c05d1c226f972092f09c8c5518d6e72d52eb89e0cb63cc16c56ffb,0.15000000596046448,0.020000513643026352,16.98958969116211,0.6151367425918579,0.004200791008770466,23.76668930053711,0.8352174758911133,4.805846214294434,7.567904949188232,0.0004941183142364025,33.281341552734375,0.028466975316405296,1.6525102853775024,32.92892837524414,0.1447906494140625,0.0097503662109375
U-Tikhonov T16/CG64,204,4,0,/Users/kyrillguba/Documents/Data Analytics MSc/Thesis/Python/First Try/data/DIV2K/DIV2K_valid_HR/0805.png,div2k/0805.png/sigma_0.150,div2k,0805.png,20004,bac34b49da4033070da28c152ece5c527c7274eafed4e320f3e7258274a93177,7af59fbcde523e1be67496e447aa765225963c5dbbbe7262ee092085d79778aa,0.15000000596046448,0.019822807982563972,17.028348922729492,0.47705620527267456,0.00352958170697093,24.52276611328125,0.766031801700592,4.996494293212891,6.460813522338867,0.0011165877804160118,33.281341552734375,0.07842226326465607,2.5098485946655273,31.71158218383789,0.060791015625,0.0054931640625
U-Tikhonov T16/CG64,205,5,0,/Users/kyrillguba/Documents/Data Analytics MSc/Thesis/Python/First Try/data/DIV2K/DIV2K_valid_HR/0806.png,div2k/0806.png/sigma_0.150,div2k,0806.png,20005,befc31ea0c7663db0351a7238adfea3153639f5dfa13cb7cacfd757a46539d49,614267b59f56fd4aa8acd70577a4ee760fd3a072722c6809f51d90052060d060,0.15000000596046448,0.020619215443730354,16.85727882385254,0.4021129310131073,0.002241954207420349,26.493736267089844,0.8452395796775818,7.7024736404418945,8.709814071655273,0.0007616420625708997,33.281341552734375,0.08129655569791794,3.894054412841797,32.69425964355469,0.054168701171875,0.007080078125
U-Tikhonov T16/CG64,206,6,0,/Users/kyrillguba/Documents/Data Analytics MSc/Thesis/Python/First Try/data/DIV2K/DIV2K_valid_HR/0807.png,div2k/0807.png/sigma_0.150,div2k,0807.png,20006,1e941eaeed69e78250491fe2c5b2f458f2f36301b8aa701227bd408f852fa572,799c1351c205ab26eb11b6cd506f7acbca9a6255d8feed7800e330e07110dc31,0.15000000596046448,0.020689044147729874,16.84259605407715,0.4649003744125366,0.004108894616365433,23.862751007080078,0.7434902787208557,6.338613510131836,8.06116008758545,0.0019221864640712738,33.281341552734375,0.0793292373418808,2.7884254455566406,32.93654251098633,0.0630035400390625,0.0099029541015625
U-Tikhonov T16/CG64,207,7,0,/Users/kyrillguba/Documents/Data Analytics MSc/Thesis/Python/First Try/data/DIV2K/DIV2K_valid_HR/0808.png,div2k/0808.png/sigma_0.150,div2k,0808.png,20007,9666b1dba93f470d95570471f38f195acafae585deefb8498b5ebb625df94e78,c1a1446a8ad1d13d1fa7d5ea1070bad52071465b636eab9c535493b14f20e41e,0.15000000596046448,0.019672587513923645,17.061384201049805,0.30974888801574707,0.002295637968927622,26.390968322753906,0.8562012910842896,14.92868423461914,12.45085620880127,0.0004934070166200399,33.281341552734375,0.06596893072128296,11.705806732177734,33.281272888183594,0.048492431640625,0.09564208984375
U-Tikhonov T16/CG64,208,8,0,/Users/kyrillguba/Documents/Data Analytics MSc/Thesis/Python/First Try/data/DIV2K/DIV2K_valid_HR/0809.png,div2k/0809.png/sigma_0.150,div2k,0809.png,20008,f57d7f591d2770efb0162e925acaaef8e4ce467e58b7a54d53de058959be9978,bf3bf82631f980bbe89a9531d5a653d7ad9232d0f6ee29a2edc485537b7bddd3,0.15000000596046448,0.021224690601229668,16.731586456298828,0.4063580334186554,0.002826389856636524,25.48767852783203,0.7152995467185974,5.684238433837891,6.474608421325684,0.0011495751095935702,33.27978515625,0.1385927051305771,3.320756435394287,30.888219833374023,0.0306243896484375,0.0022125244140625
U-Tikhonov T16/CG64,209,9,0,/Users/kyrillguba/Documents/Data Analytics MSc/Thesis/Python/First Try/data/DIV2K/DIV2K_valid_HR/0810.png,div2k/0810.png/sigma_0.150,div2k,0810.png,20009,50cf8d799292c4a6f6c23b4a8f1d0c08015da9c6e74d9109a31efdb1eb5d9df3,4d98c505d3ad90a8a965c5ed951a1f06dbd3e22d741a122faefa61e63df95fe0,0.15000000596046448,0.021687816828489304,16.637842178344727,0.3677971363067627,0.0024537118151783943,26.101764678955078,0.7753778696060181,6.571452617645264,6.713421821594238,0.0034270358737558126,33.28133010864258,0.15137748420238495,4.16970157623291,30.395263671875,0.028167724609375,0.0029144287109375
U-Tikhonov T16/CG64,210,10,0,/Users/kyrillguba/Documents/Data Analytics MSc/Thesis/Python/First Try/data/DIV2K/DIV2K_valid_HR/0811.png,div2k/0811.png/sigma_0.150,div2k,0811.png,20010,ceab700e5944238d72f4ec94852a5ee6b9c353c54281c96ee7c6e9b9f2a16308,81836de794c0f5700dc4d657f73ed8e4e7034c987aff36ba58c55ff67a6da53e,0.15000000596046448,0.01834532432258129,17.364748001098633,0.391823410987854,0.003290297230705619,24.82765007019043,0.6792936325073242,8.806015014648438,10.228585243225098,0.0036493646912276745,33.281341552734375,0.1382647156715393,3.9661407470703125,33.28132247924805,0.0340118408203125,0.0515899658203125
U-Tikhonov T16/CG64,211,11,0,/Users/kyrillguba/Documents/Data Analytics MSc/Thesis/Python/First Try/data/DIV2K/DIV2K_valid_HR/0812.png,div2k/0812.png/sigma_0.150,div2k,0812.png,20011,5f26939fc07611061a96f2a386a77ffd9251b83abf26ac7ecb5a44dcae97187b,1ef24a9df7bed52eae49bbc44edeef2ec7787eb9f1157dea87b93117688d6ea2,0.15000000596046448,0.020350970327854156,16.914148330688477,0.49479779601097107,0.003444175235927105,24.629150390625,0.8299055099487305,9.221263885498047,11.206585884094238,0.0012923788744956255,33.281341552734375,0.031243858858942986,3.456214427947998,33.28104019165039,0.102752685546875,0.0666046142578125
U-Tikhonov T16/CG64,212,12,0,/Users/kyrillguba/Documents/Data Analytics MSc/Thesis/Python/First Try/data/DIV2K/DIV2K_valid_HR/0813.png,div2k/0813.png/sigma_0.150,div2k,0813.png,20012,c34023db0a8b05fd8269a4d5afeb83670d5b08e7bce8d6c8cfe221a95b0e0b2f,f0fff969cffa4e09aa7664916fbd34f90b80dc848e7308d291caca88f358337d,0.15000000596046448,0.0183237474411726,17.369857788085938,0.49610668420791626,0.00344686396420002,24.62575912475586,0.8322663903236389,7.50169563293457,9.340883255004883,0.00032503678812645376,33.281341552734375,0.04370266571640968,3.1085588932037354,33.21168899536133,0.0934295654296875,0.0187530517578125
U-Tikhonov T16/CG64,213,13,0,/Users/kyrillguba/Documents/Data Analytics MSc/Thesis/Python/First Try/data/DIV2K/DIV2K_valid_HR/0814.png,div2k/0814.png/sigma_0.150,div2k,0814.png,20013,9f544177fb7f24fc86ba1b0d9b9d0e664f093ce144600099ca215fbf1a3e3c25,ba3a6bdbf9dcc9e2a02ba98d59b5ab83102439be99ab8274a2208a8cda268efb,0.15000000596046448,0.02128441631793976,16.719383239746094,0.2569090723991394,0.001945051015354693,27.11069107055664,0.8781679272651672,20.553604125976562,13.660466194152832,0.0013970318250358105,33.281341552734375,0.10057450085878372,28.527294158935547,33.281341552734375,0.037628173828125,0.33331298828125
U-Tikhonov T16/CG64,214,14,0,/Users/kyrillguba/Documents/Data Analytics MSc/Thesis/Python/First Try/data/DIV2K/DIV2K_valid_HR/0815.png,div2k/0815.png/sigma_0.150,div2k,0815.png,20014,d8f2b2b3496e52c1ec43e3c5e28732516b24990b8a2361d1876240ad562db395,3e323e4b560890ed4a1f943e340d8beaa6c268f61e2ceda2e8185391d7d5a3af,0.15000000596046448,0.020593013614416122,16.86280059814453,0.4686645269393921,0.0030802038963884115,25.114208221435547,0.8076400756835938,4.2679443359375,5.812776565551758,0.0011485127033665776,33.281280517578125,0.06584157794713974,2.2061095237731934,30.669721603393555,0.0743255615234375,0.003265380859375
U-Tikhonov T16/CG64,215,15,0,/Users/kyrillguba/Documents/Data Analytics MSc/Thesis/Python/First Try/data/DIV2K/DIV2K_valid_HR/0816.png,div2k/0816.png/sigma_0.150,div2k,0816.png,20015,f457e7c932a8730df29263aaf8e3c3a2e54e7e68e543a34cdbc085f7c21edf50,ebf556858addf02580c13b4579baea64b263c53852f87bd36c7bc01f55477648,0.15000000596046448,0.020617559552192688,16.857627868652344,0.4011595845222473,0.0024472668301314116,26.113187789916992,0.806792140007019,8.045644760131836,9.316444396972656,0.0008731827838346362,33.281341552734375,0.09917298704385757,3.7210278511047363,33.148193359375,0.0463104248046875,0.0155792236328125
U-Tikhonov T16/CG64,216,16,0,/Users/kyrillguba/Documents/Data Analytics MSc/Thesis/Python/First Try/data/DIV2K/DIV2K_valid_HR/0817.png,div2k/0817.png/sigma_0.150,div2k,0817.png,20016,b14c93dc0fd3fb833a2c04431c6af818313c8c6f744eb433dd1817a932b015cf,5879d7300f732d613dcb0284a1fba92fefed740df0ef08c03bf51fee87c83891,0.15000000596046448,0.020910846069455147,16.796283721923828,0.4318621754646301,0.0031123270746320486,25.069149017333984,0.7822780013084412,9.006041526794434,11.168730735778809,0.000770712795201689,33.281341552734375,0.07104333490133286,3.363386631011963,33.28079605102539,0.0585479736328125,0.07501220703125
U-Tikhonov T16/CG64,217,17,0,/Users/kyrillguba/Documents/Data Analytics MSc/Thesis/Python/First Try/data/DIV2K/DIV2K_valid_HR/0818.png,div2k/0818.png/sigma_0.150,div2k,0818.png,20017,00f18d236ddc7fe3a937cdcb41ce31082a90c94b9370fc202c7dce18dd80ab2a,2c05a7fb6ef03f6e1021ebd4479dce05ab8384c789e6ac48a4a3294dbe0994c5,0.15000000596046448,0.019157901406288147,17.17652130126953,0.49347078800201416,0.004147529136389494,23.822105407714844,0.8376061320304871,8.3211669921875,10.139819145202637,0.000494498061016202,33.28133773803711,0.035251226276159286,3.1628174781799316,33.14670944213867,0.1109161376953125,0.0171966552734375
U-Tikhonov T16/CG64,218,18,0,/Users/kyrillguba/Documents/Data Analytics MSc/Thesis/Python/First Try/data/DIV2K/DIV2K_valid_HR/0819.png,div2k/0819.png/sigma_0.150,div2k,0819.png,20018,f7450c40d5c0aabdc2bd2a562302ca3993841849efca05e281ec4059186e528c,53011dd04b2a2fe9a011f3a8a1114f622d1aacfc7a78fb5d29f8e3999ed6b64c,0.15000000596046448,0.02032354474067688,16.920005798339844,0.5026570558547974,0.0038757487200200558,24.116443634033203,0.7488627433776855,5.530675888061523,7.143002510070801,0.001386197516694665,33.280277252197266,0.0676165297627449,2.6566309928894043,32.0234260559082,0.0669403076171875,0.0042266845703125
U-Tikhonov T16/CG64,219,19,0,/Users/kyrillguba/Documents/Data Analytics MSc/Thesis/Python/First Try/data/DIV2K/DIV2K_valid_HR/0820.png,div2k/0820.png/sigma_0.150,div2k,0820.png,20019,ab2cf6ba20cc18bafee4976e8be3cbf4a6db4afea570ef888fdebb8c8e0616f2,cbbea537bbc6509d1871abd454cddbc46c401ec44e46a7217a3caa40d7033607,0.15000000596046448,0.01883085072040558,17.251300811767578,0.6373878717422485,0.007266937755048275,21.38648796081543,0.763222873210907,6.280942916870117,8.962516784667969,0.0005236583529040217,33.281341552734375,0.01983565092086792,2.0085692405700684,33.189796447753906,0.164306640625,0.016510009765625
U-Tikhonov T16/CG64,220,20,0,/Users/kyrillguba/Documents/Data Analytics MSc/Thesis/Python/First Try/data/DIV2K/DIV2K_valid_HR/0821.png,div2k/0821.png/sigma_0.150,div2k,0821.png,20020,ebd02fa51f1a3ee91b6ca90bb58a444e53385dd1193938609708b71bca4504a0,8d798cfae4f7ca4cd5f7da4e61ff5bdb352a90b9f9691e8489c0b439e7ba299d,0.15000000596046448,0.018840918317437172,17.248979568481445,0.7894110679626465,0.009645139798521996,20.15691566467285,0.8473689556121826,3.306093215942383,6.609297752380371,0.000508492870721966,33.281341552734375,0.012940241023898125,0.7306200265884399,32.36247253417969,0.2997283935546875,0.0062103271484375
U-Tikhonov T16/CG64,221,21,0,/Users/kyrillguba/Documents/Data Analytics MSc/Thesis/Python/First Try/data/DIV2K/DIV2K_valid_HR/0822.png,div2k/0822.png/sigma_0.150,div2k,0822.png,20021,86c801c8390b132b94a9efaeb7a9bad9acdd1212e41d91d44b44811708142963,77c9b6b134bf76cd7a70b193571a2cf6af86598939c58d7016edfc70dac5019b,0.15000000596046448,0.01925630122423172,17.154272079467773,0.5431791543960571,0.004969015717506409,23.03729820251465,0.7296441793441772,3.4940288066864014,5.219656944274902,0.0016460177721455693,33.281227111816406,0.05976235494017601,1.691692590713501,28.526031494140625,0.097564697265625,0.001556396484375
U-Tikhonov T16/CG64,222,22,0,/Users/kyrillguba/Documents/Data Analytics MSc/Thesis/Python/First Try/data/DIV2K/DIV2K_valid_HR/0823.png,div2k/0823.png/sigma_0.150,div2k,0823.png,20022,ec11d2cf0a95684902842094c84e0956a3cd35920ef85f25ba677348927a365c,67070520dd998a5b7b9ef65538cc96f01ad3e7bfac4cde1d0838447a17b47c1b,0.15000000596046448,0.02063937485218048,16.85303497314453,0.4195316433906555,0.003440171480178833,24.634199142456055,0.8667973875999451,12.729551315307617,13.475021362304688,0.0009455409017391503,33.281341552734375,0.0562242828309536,4.451444625854492,33.281314849853516,0.0907135009765625,0.1299591064453125
U-Tikhonov T16/CG64,223,23,0,/Users/kyrillguba/Documents/Data Analytics MSc/Thesis/Python/First Try/data/DIV2K/DIV2K_valid_HR/0824.png,div2k/0824.png/sigma_0.150,div2k,0824.png,20023,5ce7bdee523a1299c6a42c3adbb96d0e62c2f40266823753b8c042edb8b10495,afb72718334acc0720966c607b2fc4baa79ad0db78ed46dd87b6bf1bbb06b0a3,0.15000000596046448,0.01960165612399578,17.077072143554688,0.4888179302215576,0.0033261794596910477,24.780542373657227,0.8330533504486084,8.763401985168457,10.098089218139648,0.0004999003722332418,33.281341552734375,0.020132940262556076,4.16140079498291,33.23049545288086,0.1325836181640625,0.023040771484375
U-Tikhonov T16/CG64,224,24,0,/Users/kyrillguba/Documents/Data Analytics MSc/Thesis/Python/First Try/data/DIV2K/DIV2K_valid_HR/0825.png,div2k/0825.png/sigma_0.150,div2k,0825.png,20024,0403db62808d832f7764170e8df2b8c78ad826e2a93d809f8cf6d018258b011a,bb87a888197d2fce569092cd2f72666d00f18bf8f222c3d8daa5bed85d54bae9,0.15000000596046448,0.020503193140029907,16.881786346435547,0.6176786422729492,0.004899428226053715,23.098546981811523,0.8240639567375183,4.432614326477051,7.324260234832764,0.0005410214653238654,33.281341552734375,0.02121257409453392,1.4867424964904785,33.273677825927734,0.18316650390625,0.0164794921875
U-Tikhonov T16/CG64,225,25,0,/Users/kyrillguba/Documents/Data Analytics MSc/Thesis/Python/First Try/data/DIV2K/DIV2K_valid_HR/0826.png,div2k/0826.png/sigma_0.150,div2k,0826.png,20025,b7fba61bcca359e5581b44283bbc34696cae71321e031969411ada23b17e2199,5db92ff465249724833a49e32d0008b2037e9d35bdf84592654b2085eb4adfc5,0.15000000596046448,0.019615324214100838,17.074045181274414,0.46257925033569336,0.0031788877677172422,24.977249145507812,0.8313934803009033,9.968531608581543,11.12050724029541,0.0009217896149493754,33.281341552734375,0.05103065073490143,4.23892879486084,33.273860931396484,0.0701904296875,0.0413665771484375
U-Tikhonov T16/CG64,226,26,0,/Users/kyrillguba/Documents/Data Analytics MSc/Thesis/Python/First Try/data/DIV2K/DIV2K_valid_HR/0827.png,div2k/0827.png/sigma_0.150,div2k,0827.png,20026,1a1d5ffbd89d79d7803cf86e2d8f6c75cd146872fd61e387fec71a904e384317,f59332e4b60d7ff6549e2c60978c31c7198229269eb71dec33fdc7f0352ebde5,0.15000000596046448,0.015551015734672546,18.082412719726562,0.22367015480995178,0.0016990862786769867,27.697847366333008,0.7420207262039185,14.756585121154785,11.745469093322754,0.004856840241700411,33.281341552734375,0.14996080100536346,11.49782943725586,33.281333923339844,0.023406982421875,0.0901336669921875
U-Tikhonov T16/CG64,227,27,0,/Users/kyrillguba/Documents/Data Analytics MSc/Thesis/Python/First Try/data/DIV2K/DIV2K_valid_HR/0828.png,div2k/0828.png/sigma_0.150,div2k,0828.png,20027,3b7551ae7f737167932c3230707f7075368102b6732eb16bfe514fd471223ea4,b38ce987813490427c3b8f49610fb9181768478eda3803abc2ebc48b5d869ebd,0.15000000596046448,0.016340119764208794,17.867448806762695,0.5543380975723267,0.007007407955825329,21.54442596435547,0.6715272665023804,8.97149658203125,11.480733871459961,0.000395232520531863,33.281341552734375,0.022553101181983948,2.5377743244171143,33.28133773803711,0.1624908447265625,0.063568115234375
U-Tikhonov T16/CG64,228,28,0,/Users/kyrillguba/Documents/Data Analytics MSc/Thesis/Python/First Try/data/DIV2K/DIV2K_valid_HR/0829.png,div2k/0829.png/sigma_0.150,div2k,0829.png,20028,7fef744df96a3f5b2077c74a59929852deb533e35d4804c7c745471471543ed7,c7f8edd07cd3f82444130f0d467feef0306354c76feb8e8db1b78bd89efac7cb,0.15000000596046448,0.020939616486430168,16.790313720703125,0.39930957555770874,0.0021487195044755936,26.678203582763672,0.8245244026184082,10.584392547607422,11.230148315429688,0.0009814028162509203,33.281341552734375,0.04148133099079132,5.250024795532227,33.275917053222656,0.07391357421875,0.05499267578125
U-Tikhonov T16/CG64,229,29,0,/Users/kyrillguba/Documents/Data Analytics MSc/Thesis/Python/First Try/data/DIV2K/DIV2K_valid_HR/0830.png,div2k/0830.png/sigma_0.150,div2k,0830.png,20029,33405798eea5a2bbd23d383a107f9127b4f5d220ad2d443bdb05db6049757a90,0c3e288e0233ba82a1b80f37b1dd013c79e0ceeac914c5611c4f6efd47dc9bc6,0.15000000596046448,0.02171020768582821,16.633359909057617,0.361676424741745,0.0027670436538755894,25.57984161376953,0.7761231660842896,11.937707901000977,11.328543663024902,0.0029742568731307983,33.281341552734375,0.08601710200309753,7.228989601135254,33.27714920043945,0.04486083984375,0.053070068359375
U-Tikhonov T16/CG64,230,30,0,/Users/kyrillguba/Documents/Data Analytics MSc/Thesis/Python/First Try/data/DIV2K/DIV2K_valid_HR/0831.png,div2k/0831.png/sigma_0.150,div2k,0831.png,20030,37f625cf3b90622b2047f8f9b3e488dcb450cde9c639eb5f94e082ec5148792e,d618210b81b578405550bebb237c0315f6c39cfe2fd110224f2a03dfa59731af,0.15000000596046448,0.019177280366420746,17.172130584716797,0.5196965336799622,0.00436407933011651,23.60107421875,0.7768838405609131,5.237947940826416,7.387371063232422,0.0006365022854879498,33.281341552734375,0.033767156302928925,2.2198476791381836,32.681217193603516,0.112640380859375,0.007476806640625
U-Tikhonov T16/CG64,231,31,0,/Users/kyrillguba/Documents/Data Analytics MSc/Thesis/Python/First Try/data/DIV2K/DIV2K_valid_HR/0832.png,div2k/0832.png/sigma_0.150,div2k,0832.png,20031,678db3c6c13225750b6bb2ae62b3e9ffdbdb3491d462fa2451e73fea851ed64c,16a0776f6420182f152763ddf32d0b82495e58df3f646d68d7d9592e533d98d3,0.15000000596046448,0.019044367596507072,17.202335357666016,0.550022304058075,0.00428259652107954,23.68292808532715,0.8178404569625854,6.3179473876953125,8.62985897064209,0.0011467922013252974,33.281341552734375,0.030996814370155334,2.3208179473876953,32.95353698730469,0.130828857421875,0.0101318359375
U-Tikhonov T16/CG64,232,32,0,/Users/kyrillguba/Documents/Data Analytics MSc/Thesis/Python/First Try/data/DIV2K/DIV2K_valid_HR/0833.png,div2k/0833.png/sigma_0.150,div2k,0833.png,20032,196e9aedca5a8ddb4904ed57c8a1a32e080164df130d093fbc86da6222f32553,445a726490e0ec40b46bbcb80f82cecae6fde39bee2c79c3a6bd2407536df1ea,0.15000000596046448,0.018702752888202667,17.28094482421875,0.40551185607910156,0.00265893479809165,25.7529239654541,0.8827722668647766,12.179140090942383,12.23615837097168,0.00013576375204138458,33.281341552734375,0.041849665343761444,6.302659034729004,33.27679443359375,0.07928466796875,0.0695343017578125
U-Tikhonov T16/CG64,233,33,0,/Users/kyrillguba/Documents/Data Analytics MSc/Thesis/Python/First Try/data/DIV2K/DIV2K_valid_HR/0834.png,div2k/0834.png/sigma_0.150,div2k,0834.png,20033,43cd5d3407a2ec5d9396c0ba9f3595990830fe17adfb5b3d69777dc489012502,383ed9b44b8d726884074df518205a748332932f3f81c8a3b55981e8dcf290b6,0.15000000596046448,0.01781289279460907,17.492656707763672,0.4463292956352234,0.0032176561653614044,24.924602508544922,0.8348498344421387,9.558362007141113,10.985912322998047,0.0012105044443160295,33.281341552734375,0.04471980035305023,3.855504035949707,33.26915740966797,0.080322265625,0.0413970947265625
U-Tikhonov T16/CG64,234,34,0,/Users/kyrillguba/Documents/Data Analytics MSc/Thesis/Python/First Try/data/DIV2K/DIV2K_valid_HR/0835.png,div2k/0835.png/sigma_0.150,div2k,0835.png,20034,80084574e021b9b385517a807fa4f62735358952d97592c2b192db98626e086c,ab88cfe1c91119849a14c68e0ced4f7a68f55c22247fb36262dcfca192946ea7,0.15000000596046448,0.020649921149015427,16.85081672668457,0.46297645568847656,0.003818276571109891,24.181325912475586,0.7345622181892395,5.974833965301514,7.462014198303223,0.0010695996461436152,33.2812614440918,0.07686477154493332,2.923168659210205,32.59972381591797,0.0611114501953125,0.0070343017578125
U-Tikhonov T16/CG64,235,35,0,/Users/kyrillguba/Documents/Data Analytics MSc/Thesis/Python/First Try/data/DIV2K/DIV2K_valid_HR/0836.png,div2k/0836.png/sigma_0.150,div2k,0836.png,20035,d774c40f160da761b384b399f5636cb3cfecf88e2cc5d41c78f575c3bea500af,a698b263decf677f0e83bfaa60d0c6b225d770b4a25b8e5cf099370baa3508ff,0.15000000596046448,0.01925620064139366,17.154294967651367,0.5178630352020264,0.004180802032351494,23.787403106689453,0.8377382755279541,7.682372570037842,10.672924995422363,0.0003443975292611867,33.281341552734375,0.03997086361050606,2.2741236686706543,33.271846771240234,0.1021575927734375,0.0448150634765625
U-Tikhonov T16/CG64,236,36,0,/Users/kyrillguba/Documents/Data Analytics MSc/Thesis/Python/First Try/data/DIV2K/DIV2K_valid_HR/0837.png,div2k/0837.png/sigma_0.150,div2k,0837.png,20036,af3a3f14f10fd37d750995ae36a4d7d4e23e7343e1fc6fb8ddf8342f79d68d35,2ea0bd15768afa04c60f467c0f7d25e2bb6af344870f5c8a2359b94b3e30da09,0.15000000596046448,0.019341405481100082,17.135120391845703,0.6268107295036316,0.00527962576597929,22.773969650268555,0.8142493367195129,3.2605743408203125,5.486651420593262,0.0004703340819105506,33.28133773803711,0.031192444264888763,1.2763724327087402,29.281461715698242,0.1626434326171875,0.00146484375
U-Tikhonov T16/CG64,237,37,0,/Users/kyrillguba/Documents/Data Analytics MSc/Thesis/Python/First Try/data/DIV2K/DIV2K_valid_HR/0838.png,div2k/0838.png/sigma_0.150,div2k,0838.png,20037,a419adae2a9bbcb7b328e0e98815224877487f12f01cec7bd572e3a61b346f36,6bf8541a9f1618f7c3acdace08aff0b5000015d98529360e64ba9507d413a64e,0.15000000596046448,0.01946748048067093,17.106903076171875,0.36104997992515564,0.0014501072000712156,28.38599967956543,0.8799765706062317,10.070587158203125,11.040423393249512,0.000493041065055877,33.281341552734375,0.08587827533483505,4.699703693389893,33.281341552734375,0.046661376953125,0.068878173828125
U-Tikhonov T16/CG64,238,38,0,/Users/kyrillguba/Documents/Data Analytics MSc/Thesis/Python/First Try/data/DIV2K/DIV2K_valid_HR/0839.png,div2k/0839.png/sigma_0.150,div2k,0839.png,20038,9ed3b7789f4dcc0b1bfd3a6e2391350b33a63a89353a3bd50f5bde4b89d2f647,f9130853dbbfa07bf1c14db4797ef5ab8c72ef9cf2cdc9de6f0b03f7f16c474b,0.15000000596046448,0.01686917617917061,17.729061126708984,0.33664143085479736,0.003750377334654331,24.25925064086914,0.5004058480262756,14.999263763427734,14.114788055419922,0.00018604831711854786,33.281341552734375,0.07585391402244568,7.390812397003174,33.281341552734375,0.0455169677734375,0.26129150390625
U-Tikhonov T16/CG64,239,39,0,/Users/kyrillguba/Documents/Data Analytics MSc/Thesis/Python/First Try/data/DIV2K/DIV2K_valid_HR/0840.png,div2k/0840.png/sigma_0.150,div2k,0840.png,20039,df4e88246e2af519b1c29adccc7944ac0f8568e6a1ef7d65c39dc4fcd2a3dd5b,82c282ba3fb8658837bc2e38ced0b95c689e4eee60cf80dea72fdddcf53f55c8,0.15000000596046448,0.019337277859449387,17.13604736328125,0.5548001527786255,0.004289749078452587,23.675682067871094,0.7832080721855164,3.5877459049224854,5.252967357635498,0.000583837681915611,33.28119659423828,0.05107399448752403,1.7270281314849854,28.146644592285156,0.099700927734375,0.0007781982421875
U-Tikhonov T16/CG64,240,40,0,/Users/kyrillguba/Documents/Data Analytics MSc/Thesis/Python/First Try/data/DIV2K/DIV2K_valid_HR/0841.png,div2k/0841.png/sigma_0.150,div2k,0841.png,20040,b85a5c827a7d17dab432c8f79abc120715b867e00f3bcbe182f90d6c23ecff6f,4b87dfde340932f131f43a8188c38cd9652bddda88ba5ef47c03ed00594d0f59,0.15000000596046448,0.018788296729326248,17.261125564575195,0.38209402561187744,0.0031705228611826897,24.988691329956055,0.7688819169998169,8.847742080688477,9.951120376586914,0.001265877508558333,33.281341552734375,0.07105505466461182,4.191833019256592,33.274139404296875,0.0594940185546875,0.027801513671875
U-Tikhonov T16/CG64,241,41,0,/Users/kyrillguba/Documents/Data Analytics MSc/Thesis/Python/First Try/data/DIV2K/DIV2K_valid_HR/0842.png,div2k/0842.png/sigma_0.150,div2k,0842.png,20041,e0fe2755785538efb2ac1c7a4fc4e854d8206a8f09b68ac1931f0544c3e7cc53,71c8afa6e0febe0920a1d7eef7e0befbdc15d57b91334dc60e6d3d3100e38330,0.15000000596046448,0.01854383572936058,17.318004608154297,0.4578133225440979,0.0028275325894355774,25.485925674438477,0.8221192359924316,7.864831924438477,9.175341606140137,0.00024072406813502312,33.281341552734375,0.045295074582099915,3.7166566848754883,33.11838150024414,0.0807037353515625,0.0140228271484375
U-Tikhonov T16/CG64,242,42,0,/Users/kyrillguba/Documents/Data Analytics MSc/Thesis/Python/First Try/data/DIV2K/DIV2K_valid_HR/0843.png,div2k/0843.png/sigma_0.150,div2k,0843.png,20042,8d4db85adca20e5911d117b4bb54fdfb3f22b2a02cceb14242bb7540955f6140,f77c7967c75a1fd7198d9e3a70d46bb0d78e15bc51efc599984bebb7a40dbd2b,0.15000000596046448,0.014073172584176064,18.516080856323242,0.20515447854995728,0.0016944105736911297,27.70981216430664,0.8927640914916992,24.704971313476562,12.353740692138672,0.0004782776231877506,33.281341552734375,0.06875209510326385,32.544761657714844,33.281341552734375,0.043212890625,0.44232177734375
U-Tikhonov T16/CG64,243,43,0,/Users/kyrillguba/Documents/Data Analytics MSc/Thesis/Python/First Try/data/DIV2K/DIV2K_valid_HR/0844.png,div2k/0844.png/sigma_0.150,div2k,0844.png,20043,15c2150d7c67049e1e35243bac1a1a68c6f0e57215592b78ed9b74e130ed1370,3eb74552493cd014838d225d671ae8e239c060f5a8e98176f678e5ed10ece2ec,0.15000000596046448,0.017111284658312798,17.66717529296875,0.25169920921325684,0.001261851517483592,28.989917755126953,0.8460240960121155,15.766746520996094,11.855843544006348,0.0008279380854219198,33.281341552734375,0.0988490879535675,13.439071655273438,33.279788970947266,0.027008056640625,0.0925140380859375
U-Tikhonov T16/CG64,244,44,0,/Users/kyrillguba/Documents/Data Analytics MSc/Thesis/Python/First Try/data/DIV2K/DIV2K_valid_HR/0845.png,div2k/0845.png/sigma_0.150,div2k,0845.png,20044,3afec5a048f16903b44498719256567f9874b218bd408f06ae16848d5bfd4779,c02348e296cd7a2c1fcdce5f2b6d93d1f6c189f1048cfaceeafa41dcba6caa82,0.15000000596046448,0.01654771901667118,17.812618255615234,0.4690502882003784,0.004529469646513462,23.439525604248047,0.8013980388641357,11.132980346679688,11.8115234375,0.00027877368847839534,33.281341552734375,0.01901382952928543,5.3506903648376465,33.27392578125,0.1262359619140625,0.0499267578125
U-Tikhonov T16/CG64,245,45,0,/Users/kyrillguba/Documents/Data Analytics MSc/Thesis/Python/First Try/data/DIV2K/DIV2K_valid_HR/0846.png,div2k/0846.png/sigma_0.150,div2k,0846.png,20045,bfa025022780e8b45b7d8ca41bf0c1aa0ef062e997a3e07e7b0b4766072a0c65,95a2095d29a9fdfa24f0613b8723268a2a2caae5f67b27db38561d008406c53c,0.15000000596046448,0.016739562153816223,17.762561798095703,0.47529786825180054,0.005846962332725525,22.33069610595703,0.7603521943092346,9.27219009399414,11.302050590515137,0.0002741531061474234,33.281341552734375,0.04737771302461624,3.2583189010620117,33.279842376708984,0.0910186767578125,0.05841064453125
U-Tikhonov T16/CG64,246,46,0,/Users/kyrillguba/Documents/Data Analytics MSc/Thesis/Python/First Try/data/DIV2K/DIV2K_valid_HR/0847.png,div2k/0847.png/sigma_0.150,div2k,0847.png,20046,a03ac31eb9aa42c51d2ec103e996158d3f7890d32752d0e5a0bece66c7f0a096,ffd99bfca4cf39d6a3a221cdbcde9231b9badb23a2ecb48ceea70490a6362b3f,0.15000000596046448,0.018600057810544968,17.30485725402832,0.591997504234314,0.004779516719281673,23.206159591674805,0.8482092618942261,6.955286026000977,9.61320972442627,0.00020164271700195968,33.28133773803711,0.02442157454788685,2.122079610824585,33.19783401489258,0.1506805419921875,0.0199432373046875
U-Tikhonov T16/CG64,247,47,0,/Users/kyrillguba/Documents/Data Analytics MSc/Thesis/Python/First Try/data/DIV2K/DIV2K_valid_HR/0848.png,div2k/0848.png/sigma_0.150,div2k,0848.png,20047,226e619ed1295a7c7b4eb9d622c6124c81ba03e21362bb8eee67e67dced25224,0f55315d00e487e8421b8e5d2c162cb63209d10bcb08fccfa3eac51f4826cb1f,0.15000000596046448,0.019186735153198242,17.16998863220215,0.5657171607017517,0.00379460072144866,24.20833969116211,0.8415466547012329,5.152387619018555,7.766424179077148,0.0005689821555279195,33.281341552734375,0.02302602119743824,1.878983974456787,33.13422775268555,0.142822265625,0.0128936767578125
U-Tikhonov T16/CG64,248,48,0,/Users/kyrillguba/Documents/Data Analytics MSc/Thesis/Python/First Try/data/DIV2K/DIV2K_valid_HR/0849.png,div2k/0849.png/sigma_0.150,div2k,0849.png,20048,2c70dd5654b23e4a9ab11865c6c70e3077823c4972ad389deddc84dd9edc36b8,94c10ff56b792083e069c1e13db449dc146a1968abec94149f0e068c287de8df,0.15000000596046448,0.01942417398095131,17.116575241088867,0.7332503199577332,0.008411534130573273,20.751249313354492,0.8214681148529053,2.6822309494018555,5.082592964172363,0.0002908699098043144,33.281341552734375,0.01826864294707775,0.8827134370803833,29.05888557434082,0.2494964599609375,0.002899169921875
U-Tikhonov T16/CG64,249,49,0,/Users/kyrillguba/Documents/Data Analytics MSc/Thesis/Python/First Try/data/DIV2K/DIV2K_valid_HR/0850.png,div2k/0850.png/sigma_0.150,div2k,0850.png,20049,b0e8b344c318dfae08640e56c0b52ec6df0909ea2a5c7128b8b44308511dabe7,e4407e793da2eed5c71c154409f5734e76b4e485ef9eeda54befb82b601876ca,0.15000000596046448,0.02045828476548195,16.891307830810547,0.4563879370689392,0.0030672037973999977,25.132572174072266,0.7940360307693481,7.364405155181885,9.038026809692383,0.0004288381023798138,33.281341552734375,0.05493853613734245,3.4154350757598877,33.254638671875,0.06866455078125,0.0247344970703125
U-Tikhonov T16/CG64,250,50,0,/Users/kyrillguba/Documents/Data Analytics MSc/Thesis/Python/First Try/data/DIV2K/DIV2K_valid_HR/0851.png,div2k/0851.png/sigma_0.150,div2k,0851.png,20050,6cd623610d71351bd69a4193263bc448cd15272dcfd17f66224ecc57d176c5d0,45914f5a99cf40c07b4a548bad8f33cacd4f86d0cd8f9e83c690ade33316958a,0.15000000596046448,0.019009403884410858,17.210315704345703,0.3504496216773987,0.002787985373288393,25.547094345092773,0.8763810992240906,16.61631965637207,13.741579055786133,0.0007044506492093205,33.281341552734375,0.050128791481256485,15.056130409240723,33.281341552734375,0.0824432373046875,0.211395263671875
U-Tikhonov T16/CG64,251,51,0,/Users/kyrillguba/Documents/Data Analytics MSc/Thesis/Python/First Try/data/DIV2K/DIV2K_valid_HR/0852.png,div2k/0852.png/sigma_0.150,div2k,0852.png,20051,73b3c50a05a0fcb1a26fb8f3d88ebc57fe34409f6e6d0d125e46c18d90cca3a1,850f26009109573b2f69a347f1af5baa9fe2d024153abbbe3b3b5e06b5b1b12a,0.15000000596046448,0.013176376931369305,18.802040100097656,0.20418581366539001,0.003026000689715147,25.191308975219727,0.48036035895347595,16.605674743652344,12.844526290893555,0.0030837547965347767,33.281341552734375,0.23118630051612854,14.389968872070312,33.281341552734375,0.0172119140625,0.1730804443359375
U-Tikhonov T16/CG64,252,52,0,/Users/kyrillguba/Documents/Data Analytics MSc/Thesis/Python/First Try/data/DIV2K/DIV2K_valid_HR/0853.png,div2k/0853.png/sigma_0.150,div2k,0853.png,20052,e9eb55fc2bc1bcfd2fad63122c380357a672f2b9f14b61a7547da796324e10c2,22c69d70ebed1d7f51a2bf3dfbcb3e01295dfc1f80c11012554d831fd273cfdd,0.15000000596046448,0.017418192699551582,17.589969635009766,0.2821323871612549,0.002150127664208412,26.675357818603516,0.8270313143730164,16.680665969848633,13.681107521057129,0.002994006499648094,33.281341552734375,0.0960112065076828,13.505977630615234,33.281341552734375,0.03936767578125,0.230926513671875
U-Tikhonov T16/CG64,253,53,0,/Users/kyrillguba/Documents/Data Analytics MSc/Thesis/Python/First Try/data/DIV2K/DIV2K_valid_HR/0854.png,div2k/0854.png/sigma_0.150,div2k,0854.png,20053,dbefb08aac7a5ad65da8e59ab21cbb0e921c9ad6da4d670be4cb2a982a3e2ffe,c5453e1ba744ca7546c6114bacc70691e12f92dcf033afe98e5c8518a9587471,0.15000000596046448,0.020880915224552155,16.802505493164062,0.4812200963497162,0.004257706925272942,23.70824432373047,0.7943474054336548,9.136037826538086,11.3547945022583,0.0003326629230286926,33.281341552734375,0.050043098628520966,3.044703960418701,33.279388427734375,0.082977294921875,0.062835693359375
U-Tikhonov T16/CG64,254,54,0,/Users/kyrillguba/Documents/Data Analytics MSc/Thesis/Python/First Try/data/DIV2K/DIV2K_valid_HR/0855.png,div2k/0855.png/sigma_0.150,div2k,0855.png,20054,9e2b3caa326eef35864ca6323728491aaf77f5232b3a1b7435275b7a4b5bc314,8f500d00c6e0901077bb3fd55ffc20316938959f775ccab9c775f3f0787ae211,0.15000000596046448,0.02026764675974846,16.93196678161621,0.3772783875465393,0.0025201919488608837,25.98566436767578,0.7827720046043396,8.887937545776367,9.39976692199707,0.001430624513886869,33.281341552734375,0.1010025143623352,4.870850563049316,33.2332763671875,0.039093017578125,0.0220794677734375
U-Tikhonov T16/CG64,255,55,0,/Users/kyrillguba/Documents/Data Analytics MSc/Thesis/Python/First Try/data/DIV2K/DIV2K_valid_HR/0856.png,div2k/0856.png/sigma_0.150,div2k,0856.png,20055,66cf31de43a337537e663db0aecf5dd0004e87a0fbe2bd2cdc7ed9a8b4a93ece,2cf5d7c980e13f9eeb854391e0f07db5ddf11178c1271985069d37533454f77d,0.15000000596046448,0.01848992332816124,17.33064842224121,0.2967223525047302,0.002636986318975687,25.788921356201172,0.621826171875,10.991886138916016,9.966564178466797,0.024805286899209023,33.281341552734375,0.2832360565662384,7.175036907196045,33.26049041748047,0.012908935546875,0.0267333984375
U-Tikhonov T16/CG64,256,56,0,/Users/kyrillguba/Documents/Data Analytics MSc/Thesis/Python/First Try/data/DIV2K/DIV2K_valid_HR/0857.png,div2k/0857.png/sigma_0.150,div2k,0857.png,20056,ab895c24c3f27bd01daebb297e1995e3f7eaba3372e5cc7e32fb98edb3dfd93b,f67638c593248821293ef1506d42b3ed14b803a843a564bb9ac370b8c89934b8,0.15000000596046448,0.021883290261030197,16.598875045776367,0.3191419839859009,0.0011506787268444896,29.390459060668945,0.8729270100593567,8.768811225891113,8.166399002075195,0.0009595450828783214,33.28129959106445,0.12836278975009918,5.864485740661621,32.11990737915039,0.0279693603515625,0.0036163330078125
U-Tikhonov T16/CG64,257,57,0,/Users/kyrillguba/Documents/Data Analytics MSc/Thesis/Python/First Try/data/DIV2K/DIV2K_valid_HR/0858.png,div2k/0858.png/sigma_0.150,div2k,0858.png,20057,69c3c9a846793f1dd2cda90db3fba707412671412126cd1eaad1496e784f7c0e,3646e942c385c6ac9176f7fb2b36cf82ee5ed2b6ccd522f45ed58a56732cc4f3,0.15000000596046448,0.01631496474146843,17.8741397857666,0.39812690019607544,0.0038460073992609978,24.149898529052734,0.636043906211853,9.714171409606934,11.339835166931152,0.0011100206756964326,33.281341552734375,0.08393027633428574,3.8926401138305664,33.28133010864258,0.053375244140625,0.0777435302734375
U-Tikhonov T16/CG64,258,58,0,/Users/kyrillguba/Documents/Data Analytics MSc/Thesis/Python/First Try/data/DIV2K/DIV2K_valid_HR/0859.png,div2k/0859.png/sigma_0.150,div2k,0859.png,20058,0783919bca182fbd4ec27a809e6b7e6c58e89fddb3d3ef3d1bd5c807651c9a53,5650be64cced5f0cbbcbc473282d33c297129c1defd53cc10aadbd72c3bcde5c,0.15000000596046448,0.02081388048827648,16.816469192504883,0.5007640719413757,0.004147365689277649,23.822277069091797,0.738861083984375,6.397692680358887,8.313509941101074,0.00031603555544279516,33.281341552734375,0.07254259288311005,2.87157940864563,33.23945236206055,0.059814453125,0.0184783935546875
U-Tikhonov T16/CG64,259,59,0,/Users/kyrillguba/Documents/Data Analytics MSc/Thesis/Python/First Try/data/DIV2K/DIV2K_valid_HR/0860.png,div2k/0860.png/sigma_0.150,div2k,0860.png,20059,6323c40a5d11f381b901e87cf8f54d9578bc32be44b9350ac5386eb44224de4a,4ae6cbf3c12fe9daeb79b1547020b09831115ceb1657ff734c708457e8417976,0.15000000596046448,0.019756164401769638,17.0429744720459,0.5954591035842896,0.005844856612384319,22.332263946533203,0.7386683225631714,3.1067991256713867,4.512598037719727,0.0005005041602998972,33.279781341552734,0.04799909144639969,1.590124249458313,24.787839889526367,0.1094207763671875,0.000335693359375
U-Tikhonov T16/CG64,260,60,0,/Users/kyrillguba/Documents/Data Analytics MSc/Thesis/Python/First Try/data/DIV2K/DIV2K_valid_HR/0861.png,div2k/0861.png/sigma_0.150,div2k,0861.png,20060,c3df240f2bf2bcdcdc9060b4ba3b0dd6324594f485ce3ee2d407f0b5364d72d7,7814b5aa3f0318c16ff9dbb233da254f4b00b36d5d84e2a1c13de7a34e28fa1d,0.15000000596046448,0.015469681471586227,18.105186462402344,0.4704107940196991,0.005373822990804911,22.697166442871094,0.6514610648155212,11.161140441894531,12.407910346984863,0.0004250095516908914,33.281341552734375,0.03599587455391884,4.388454437255859,33.281333923339844,0.1075439453125,0.0999755859375
U-Tikhonov T16/CG64,261,61,0,/Users/kyrillguba/Documents/Data Analytics MSc/Thesis/Python/First Try/data/DIV2K/DIV2K_valid_HR/0862.png,div2k/0862.png/sigma_0.150,div2k,0862.png,20061,b28039f4ed1566ad4bef028589288dfa1cf33c4b676694010eb5d0d9f228ef50,a6f0e8fb9e75c16d43cf99ebdd0c942dd78b095450a4871e0a5cf81fce0234b4,0.15000000596046448,0.02187032625079155,16.60144805908203,0.22942745685577393,0.0008976036915555596,30.469154357910156,0.8548815250396729,16.27300262451172,12.002493858337402,0.009133650921285152,33.281341552734375,0.32489773631095886,13.571783065795898,33.280921936035156,0.010223388671875,0.1284332275390625
U-Tikhonov T16/CG64,262,62,0,/Users/kyrillguba/Documents/Data Analytics MSc/Thesis/Python/First Try/data/DIV2K/DIV2K_valid_HR/0863.png,div2k/0863.png/sigma_0.150,div2k,0863.png,20062,69a9aeec52e386294dc8c778c0d11c7f842f0960ca488aa898c25c50220c823a,1eceb9ec8ba500196990568abaa4d8c71397ac395afdea051040f4d78418ae66,0.15000000596046448,0.019079778343439102,17.19426727294922,0.39566218852996826,0.0025213761255145073,25.98362159729004,0.8481932878494263,9.47364330291748,11.275486946105957,0.000259748863754794,33.281341552734375,0.0770193487405777,3.3727006912231445,33.264434814453125,0.0607147216796875,0.043914794921875
U-Tikhonov T16/CG64,263,63,0,/Users/kyrillguba/Documents/Data Analytics MSc/Thesis/Python/First Try/data/DIV2K/DIV2K_valid_HR/0864.png,div2k/0864.png/sigma_0.150,div2k,0864.png,20063,fb786dffb18452c590dd1e18bebeea18d1c1bec24fd9d36d75ba35ad6c8a81d3,14cffd14a8cdb618aec05880897bfc6c29c8d375852b2585bd01a6574849c211,0.15000000596046448,0.020215187221765518,16.94322395324707,0.44254496693611145,0.0027671996504068375,25.5795955657959,0.7809543609619141,5.6337666511535645,7.2308349609375,0.0007178540108725429,33.28133773803711,0.1015913188457489,2.8016133308410645,32.7026481628418,0.049224853515625,0.00787353515625
U-Tikhonov T16/CG64,264,64,0,/Users/kyrillguba/Documents/Data Analytics MSc/Thesis/Python/First Try/data/DIV2K/DIV2K_valid_HR/0865.png,div2k/0865.png/sigma_0.150,div2k,0865.png,20064,f92af3991be3de305c0efcfbe87ac07586eb280db7c47c56bbf8452a9b10010c,54490d712106fb9f4d4544bf2014dc7c04c031acb65fad0ba99bb13bcb9b1d35,0.15000000596046448,0.02141769602894783,16.692272186279297,0.42246562242507935,0.0027470439672470093,25.611343383789062,0.8006174564361572,6.755466461181641,8.363566398620605,0.0017665664199739695,33.28129959106445,0.07191483676433563,3.0265164375305176,32.781227111816406,0.0666656494140625,0.007965087890625
U-Tikhonov T16/CG64,265,65,0,/Users/kyrillguba/Documents/Data Analytics MSc/Thesis/Python/First Try/data/DIV2K/DIV2K_valid_HR/0866.png,div2k/0866.png/sigma_0.150,div2k,0866.png,20065,64fe1cb87ea16bd47a4af52b635bd686b87a3bb0bb006aa875e7090e7f4f1b09,ca77f14d69c48e6b845cd10b55983d1368652fc41953eedc50872b962a0edd5c,0.15000000596046448,0.021065503358840942,16.7642822265625,0.5675008296966553,0.004596348851919174,23.375871658325195,0.7990700006484985,5.060528755187988,7.372585296630859,0.00038957639480941,33.28120422363281,0.03028402291238308,1.9086806774139404,32.107139587402344,0.1372528076171875,0.0044097900390625
U-Tikhonov T16/CG64,266,66,0,/Users/kyrillguba/Documents/Data Analytics MSc/Thesis/Python/First Try/data/DIV2K/DIV2K_valid_HR/0867.png,div2k/0867.png/sigma_0.150,div2k,0867.png,20066,a1b0a4eea55a3cc398df9e911e7db0ecbec9938d8ca0f96d3252df65b6daed62,489082987d893b9111ff8cc461523e9cf259a89d3eae6060586e438615394bf3,0.15000000596046448,0.020587537437677383,16.863956451416016,0.5906478762626648,0.004413501359522343,23.552169799804688,0.8191215991973877,4.319694519042969,7.253341197967529,0.00019286770839244127,33.281341552734375,0.03479471057653427,1.4441454410552979,33.067474365234375,0.1395721435546875,0.0116424560546875
U-Tikhonov T16/CG64,267,67,0,/Users/kyrillguba/Documents/Data Analytics MSc/Thesis/Python/First Try/data/DIV2K/DIV2K_valid_HR/0868.png,div2k/0868.png/sigma_0.150,div2k,0868.png,20067,a5806164ffd45d6b14c4f40b199c062ca7d2855351fd99291a948b57f15212f1,3f900618571625c340ba45e51bd1e3d128f7f3550c63988d124a936fd88fcd70,0.15000000596046448,0.016574418172240257,17.805618286132812,0.26616498827934265,0.0016314254608005285,27.87432861328125,0.9334231615066528,20.75951385498047,12.812620162963867,0.0011240625753998756,33.281341552734375,0.06491278111934662,26.575328826904297,33.281288146972656,0.046844482421875,0.2269134521484375
U-Tikhonov T16/CG64,268,68,0,/Users/kyrillguba/Documents/Data Analytics MSc/Thesis/Python/First Try/data/DIV2K/DIV2K_valid_HR/0869.png,div2k/0869.png/sigma_0.150,div2k,0869.png,20068,bc61ffc14754a4c0e306111ec7946ec828ebc05b363e7717d8c2f300d7750e5c,202aa48ccc3b279a766daa719a87aec876ccb1f9e1834eb4dc7a517266822579,0.15000000596046448,0.020335741341114044,16.917400360107422,0.4392627477645874,0.002947840839624405,25.30495834350586,0.8277317881584167,10.805432319641113,12.037659645080566,0.0009567348170094192,33.281341552734375,0.05836591497063637,4.035548210144043,33.281070709228516,0.0745849609375,0.0706329345703125
U-Tikhonov T16/CG64,269,69,0,/Users/kyrillguba/Documents/Data Analytics MSc/Thesis/Python/First Try/data/DIV2K/DIV2K_valid_HR/0870.png,div2k/0870.png/sigma_0.150,div2k,0870.png,20069,23fb86d88c32c580e802edb1ef9cd9aecf3ca74c79ecdde14ada63f7050ad410,6321e9cf1562ebed88776a69961ee1c5c8cc0c1983af1fc62b68e2aa77eb14a7,0.15000000596046448,0.02132485806941986,16.711137771606445,0.5675413608551025,0.00520381610840559,22.836782455444336,0.7490221261978149,3.134550094604492,4.7086873054504395,0.0010350525844842196,33.27486038208008,0.05855383723974228,1.5990071296691895,26.908111572265625,0.0929107666015625,0.0007781982421875
U-Tikhonov T16/CG64,270,70,0,/Users/kyrillguba/Documents/Data Analytics MSc/Thesis/Python/First Try/data/DIV2K/DIV2K_valid_HR/0871.png,div2k/0871.png/sigma_0.150,div2k,0871.png,20070,755675f2824bd9535075c3a3649ecad82608dffc5b28d5b6777c999ce5ac8feb,10125e5a8e11f33c76c1b1bed7595bdfd36ccd859da9d715e162a1351d92a580,0.15000000596046448,0.021094676107168198,16.758272171020508,0.5268259048461914,0.003426782786846161,24.65113639831543,0.8307064175605774,4.430714130401611,6.1455559730529785,0.0014583357842639089,33.280677795410156,0.05065571889281273,1.997499704360962,29.79179573059082,0.0975494384765625,0.0014495849609375
U-Tikhonov T16/CG64,271,71,0,/Users/kyrillguba/Documents/Data Analytics MSc/Thesis/Python/First Try/data/DIV2K/DIV2K_valid_HR/0872.png,div2k/0872.png/sigma_0.150,div2k,0872.png,20071,a3051017ca8c7da3a6c7830c9bb928ecf2b81dc2add6c092a6aecfa321376f6b,c460690477aa730ba52b6f070f23b6a80e95359dd83e0d659d013b8e096f919b,0.15000000596046448,0.020569588989019394,16.86774444580078,0.6250527501106262,0.004841894377022982,23.14984893798828,0.8302676677703857,4.321600437164307,6.6346435546875,0.0003816500829998404,33.27903366088867,0.027163870632648468,1.549341082572937,31.573993682861328,0.153564453125,0.00390625
U-Tikhonov T16/CG64,272,72,0,/Users/kyrillguba/Documents/Data Analytics MSc/Thesis/Python/First Try/data/DIV2K/DIV2K_valid_HR/0873.png,div2k/0873.png/sigma_0.150,div2k,0873.png,20072,98eca5a763607b677cf4da90c4112b7bd27d325edaf99023f29c46b2af95740e,b1a58c6fdd9a17716a53afc24b211241e38bebda099604f4de03ec4b8a65d0c0,0.15000000596046448,0.02104468084871769,16.768577575683594,0.4549928903579712,0.0041372282430529594,23.832904815673828,0.7612946033477783,6.218748569488525,8.722484588623047,0.00396153936162591,33.281341552734375,0.10902293026447296,2.4408411979675293,33.22465896606445,0.0496063232421875,0.0210723876953125
U-Tikhonov T16/CG64,273,73,0,/Users/kyrillguba/Documents/Data Analytics MSc/Thesis/Python/First Try/data/DIV2K/DIV2K_valid_HR/0874.png,div2k/0874.png/sigma_0.150,div2k,0874.png,20073,c1b141701b55a15db0c8d9d38d28131d0c6935abc941c0cf5a1b8e17483ce6db,f7a960b00896cbbdc6ccf512afa721f386e45066e678fb4dac90081e17444d92,0.15000000596046448,0.020938146859407425,16.790616989135742,0.38387995958328247,0.002596830017864704,25.855567932128906,0.7443310618400574,8.747759819030762,9.170279502868652,0.0005240495665930212,33.281341552734375,0.0938708707690239,4.926640510559082,33.19283676147461,0.03839111328125,0.0180511474609375
U-Tikhonov T16/CG64,274,74,0,/Users/kyrillguba/Documents/Data Analytics MSc/Thesis/Python/First Try/data/DIV2K/DIV2K_valid_HR/0875.png,div2k/0875.png/sigma_0.150,div2k,0875.png,20074,9efdc0057bb6e53db148019bb4a13192254fce5f31a016a4924e85fc6ee62a16,e753a30c362a6d3eb9c45706aecc08c68a7ea7f6628d8db66366787c20355c9f,0.15000000596046448,0.020058192312717438,16.977083206176758,0.6610298156738281,0.005423122085630894,22.657506942749023,0.8347316980361938,3.2278013229370117,5.833386421203613,0.00012665524263866246,33.28133010864258,0.027484003454446793,1.216015338897705,32.427764892578125,0.1636810302734375,0.007110595703125
U-Tikhonov T16/CG64,275,75,0,/Users/kyrillguba/Documents/Data Analytics MSc/Thesis/Python/First Try/data/DIV2K/DIV2K_valid_HR/0876.png,div2k/0876.png/sigma_0.150,div2k,0876.png,20075,84df379a2b4a7b995296e31b3954bfb9a7731d5e2d0b8650405a416a53e11125,04f67a9594d48093a6e08a0e38642e6eee5be4f8b3ade5dfae2084bc980881d8,0.15000000596046448,0.01703212410211563,17.687313079833984,0.45483678579330444,0.003980080597102642,24.001081466674805,0.6799743175506592,6.062658309936523,7.530009746551514,0.000896011246368289,33.281166076660156,0.060754720121622086,2.910266876220703,32.12863540649414,0.0683441162109375,0.0039520263671875
U-Tikhonov T16/CG64,276,76,0,/Users/kyrillguba/Documents/Data Analytics MSc/Thesis/Python/First Try/data/DIV2K/DIV2K_valid_HR/0877.png,div2k/0877.png/sigma_0.150,div2k,0877.png,20076,a7be10c02736c3557926612d053466a395f1f8df83ddeeff7027d05bb769b33a,7a218ead6d4c2d3dbb899303596e94d43e2c5a54ec8912d5cb7240b959b4d20a,0.15000000596046448,0.01769191399216652,17.52225112915039,0.31010305881500244,0.001716263242997229,27.65416145324707,0.786057710647583,8.85050106048584,8.950606346130371,0.0007740201544947922,33.281341552734375,0.09143293648958206,5.34749174118042,33.18733596801758,0.0434112548828125,0.014678955078125
U-Tikhonov T16/CG64,277,77,0,/Users/kyrillguba/Documents/Data Analytics MSc/Thesis/Python/First Try/data/DIV2K/DIV2K_valid_HR/0878.png,div2k/0878.png/sigma_0.150,div2k,0878.png,20077,f1e61ee7f615bf40fc0cc24a3750fc6413019d89281f32d061c3bfb42fdf3082,523e861cf9811cfce774e032f43234955e18c0379b5dd121e8c3aa12cc8d019b,0.15000000596046448,0.0209621824324131,16.78563690185547,0.5418142080307007,0.0039569782093167305,24.026365280151367,0.7979493141174316,5.028744697570801,7.2535176277160645,0.00048660681932233274,33.281333923339844,0.048608068376779556,2.0542449951171875,32.58889389038086,0.0926971435546875,0.00726318359375
U-Tikhonov T16/CG64,278,78,0,/Users/kyrillguba/Documents/Data Analytics MSc/Thesis/Python/First Try/data/DIV2K/DIV2K_valid_HR/0879.png,div2k/0879.png/sigma_0.150,div2k,0879.png,20078,f7a72db70e5d13cc9ce0514ee1b317f98a5b43e5671f68071037416761ac50bb,d5918c03e5907d4cf17c7a3b8fdf798cfd715c7e2c42e5b086c8db22e0140197,0.15000000596046448,0.02097097411751747,16.7838134765625,0.3940846621990204,0.002784869633615017,25.551950454711914,0.894923210144043,16.878650665283203,14.581350326538086,0.0007375418208539486,33.281341552734375,0.03748784214258194,15.939579963684082,33.281341552734375,0.10308837890625,0.26959228515625
U-Tikhonov T16/CG64,279,79,0,/Users/kyrillguba/Documents/Data Analytics MSc/Thesis/Python/First Try/data/DIV2K/DIV2K_valid_HR/0880.png,div2k/0880.png/sigma_0.150,div2k,0880.png,20079,2464ffab9474f65f91c41e6231fc7c3907d471b36d493192c28dd9a9c9ac3c4c,dbdea1106cd8958916fc9772a53d3f6877bb9eb6f6bf76523991d5764d8fdd36,0.15000000596046448,0.02196056768298149,16.58356475830078,0.3213769495487213,0.0020299411844462156,26.9251651763916,0.8627963066101074,14.749027252197266,13.01251220703125,0.001436845283024013,33.281341552734375,0.09006890654563904,10.48005485534668,33.281333923339844,0.04608154296875,0.134552001953125
U-Tikhonov T16/CG64,280,80,0,/Users/kyrillguba/Documents/Data Analytics MSc/Thesis/Python/First Try/data/DIV2K/DIV2K_valid_HR/0881.png,div2k/0881.png/sigma_0.150,div2k,0881.png,20080,b4be0560c87adf38d8561ec3fb5a8e3e0e5d0b43501194ff1ff77f1511e89119,12545213925ff49318f4eb85bc9d7708644215a2b6f920b8b43a35070b88ddef,0.15000000596046448,0.021493175998330116,16.67699432373047,0.3434904217720032,0.002035055309534073,26.91423797607422,0.8226038217544556,11.131145477294922,10.704957008361816,0.0011152855586260557,33.281341552734375,0.10871333628892899,6.675697326660156,33.26416778564453,0.03466796875,0.0392303466796875
U-Tikhonov T16/CG64,281,81,0,/Users/kyrillguba/Documents/Data Analytics MSc/Thesis/Python/First Try/data/DIV2K/DIV2K_valid_HR/0882.png,div2k/0882.png/sigma_0.150,div2k,0882.png,20081,aac379d4eb1f7ffb4575e0fcca3a6836e85643267b9f537632bdfd3422ae2a6d,6ea62831d84b83768a283f19ded8038b94cdc02a1803dc9d4be062a1010c652b,0.15000000596046448,0.020324550569057465,16.919790267944336,0.5098577737808228,0.0032225106842815876,24.918058395385742,0.8671315312385559,5.498851776123047,8.261993408203125,0.00028858252335339785,33.281341552734375,0.02075366862118244,1.9255387783050537,33.227779388427734,0.14013671875,0.018707275390625
U-Tikhonov T16/CG64,282,82,0,/Users/kyrillguba/Documents/Data Analytics MSc/Thesis/Python/First Try/data/DIV2K/DIV2K_valid_HR/0883.png,div2k/0883.png/sigma_0.150,div2k,0883.png,20082,dc84aa16cb279e020e6bb4a512b74aeb161e2c3b612b40cfe834b4ea44c4dbd4,d6ca2ad6f8222cacc85ba5acfe3731812141fffa89abd8381baa251a186ba402,0.15000000596046448,0.02078293263912201,16.82293128967285,0.5666801929473877,0.004299016669392586,23.666309356689453,0.818296492099762,5.573654651641846,8.395512580871582,0.0009827857138589025,33.281341552734375,0.03767726942896843,1.9805700778961182,33.1969108581543,0.115325927734375,0.017974853515625
U-Tikhonov T16/CG64,283,83,0,/Users/kyrillguba/Documents/Data Analytics MSc/Thesis/Python/First Try/data/DIV2K/DIV2K_valid_HR/0884.png,div2k/0884.png/sigma_0.150,div2k,0884.png,20083,c3e792b1483d91371c9eeedd1d20a4f45de1d748d7f261794ce740fbc3ea3016,67d70f20a1d4f66cac28d02ab11cd81f739a1071d066579730d2624fe56ba85d,0.15000000596046448,0.020287808030843735,16.927648544311523,0.5604811906814575,0.004523382522165775,23.44536781311035,0.7949392795562744,3.4683823585510254,5.360301971435547,0.001117105595767498,33.28133010864258,0.04150747135281563,1.5852866172790527,29.031312942504883,0.1216583251953125,0.0022430419921875
U-Tikhonov T16/CG64,284,84,0,/Users/kyrillguba/Documents/Data Analytics MSc/Thesis/Python/First Try/data/DIV2K/DIV2K_valid_HR/0885.png,div2k/0885.png/sigma_0.150,div2k,0885.png,20084,d1b12f5bdff73a004166bc26bfd68ed924612ba4dfeb5ee46ef886fec9606402,9eeb98b0c07f0b7b290d584d5a9e68577a79b851fc5d78184fc7550490c240de,0.15000000596046448,0.02135692909359932,16.704612731933594,0.42789727449417114,0.00376750691793859,24.239459991455078,0.6902109384536743,6.947747230529785,8.342162132263184,0.0022424396593123674,33.281341552734375,0.08070041984319687,3.5200729370117188,33.22570037841797,0.0552215576171875,0.0177764892578125
U-Tikhonov T16/CG64,285,85,0,/Users/kyrillguba/Documents/Data Analytics MSc/Thesis/Python/First Try/data/DIV2K/DIV2K_valid_HR/0886.png,div2k/0886.png/sigma_0.150,div2k,0886.png,20085,8269830c494c50f2ca58c9fe1491092884eabccc73e5d87438dd2282f32843ab,9571b600fa26fa5e78211a52aba99b7f6cdab0485832901faed8cd24db7c030f,0.15000000596046448,0.020501960068941116,16.882047653198242,0.3476765751838684,0.0018735843477770686,27.273269653320312,0.8591842651367188,8.578447341918945,8.842047691345215,0.000472814601380378,33.281341552734375,0.06969977170228958,5.101003646850586,33.20707702636719,0.0515289306640625,0.0159454345703125
U-Tikhonov T16/CG64,286,86,0,/Users/kyrillguba/Documents/Data Analytics MSc/Thesis/Python/First Try/data/DIV2K/DIV2K_valid_HR/0887.png,div2k/0887.png/sigma_0.150,div2k,0887.png,20086,9674e5076ec8c005bce7e3450e6bf09deb82df9952eaff58c7717b3a16e90f3e,6d7b91947c5834877dcbcfb879c4555b794c0e30342063eb757e5d1cd377f564,0.15000000596046448,0.020419981330633163,16.899446487426758,0.39879703521728516,0.0032895023468881845,24.828699111938477,0.7899466156959534,10.927594184875488,11.91433334350586,0.0018167757662013173,33.281341552734375,0.056066714227199554,4.562540531158447,33.27677536010742,0.071044921875,0.063446044921875
U-Tikhonov T16/CG64,287,87,0,/Users/kyrillguba/Documents/Data Analytics MSc/Thesis/Python/First Try/data/DIV2K/DIV2K_valid_HR/0888.png,div2k/0888.png/sigma_0.150,div2k,0888.png,20087,0b12dfb6e7a24bf393f0f61b8c12a04a0e14c82f6eb77cce3a6d2ed989cadb40,da1f4ebeae57366ccd911abc2e91442211f58aa2208b08a5e5e0641bb5b15b3f,0.15000000596046448,0.019633378833532333,17.070049285888672,0.6296042203903198,0.004772478248924017,23.212562561035156,0.8375417590141296,3.8614132404327393,6.471988201141357,0.0002751708379946649,33.28107833862305,0.023045925423502922,1.3686120510101318,31.771211624145508,0.1718597412109375,0.004364013671875
U-Tikhonov T16/CG64,288,88,0,/Users/kyrillguba/Documents/Data Analytics MSc/Thesis/Python/First Try/data/DIV2K/DIV2K_valid_HR/0889.png,div2k/0889.png/sigma_0.150,div2k,0889.png,20088,65b588cd7d91eb7ab3ad2ee297b48e2bcd71468e6f3fd4cedd22296161fcf0b3,4d47a099f8c03527f178a93d20ec6021009f2bf007699ffbf4d49b9ee0a18bac,0.15000000596046448,0.019847596064209938,17.022920608520508,0.6674190759658813,0.006123724859207869,22.12984275817871,0.8152239918708801,2.891883611679077,5.322806358337402,0.000249960896326229,33.281333923339844,0.02758553810417652,1.0460067987442017,30.392921447753906,0.1974639892578125,0.003143310546875
U-Tikhonov T16/CG64,289,89,0,/Users/kyrillguba/Documents/Data Analytics MSc/Thesis/Python/First Try/data/DIV2K/DIV2K_valid_HR/0890.png,div2k/0890.png/sigma_0.150,div2k,0890.png,20089,641726511e5ab55ecb5dccce15a53a64473d43e0a2be22d51e522b22644d2891,090cde7116e024b2ec602eebacab490050c1b660e998f53dd4720b5b72685506,0.15000000596046448,0.022137947380542755,16.548625946044922,0.30939149856567383,0.001954359468072653,27.089956283569336,0.8368154764175415,14.960707664489746,13.547314643859863,0.002384364604949951,33.281341552734375,0.1654321551322937,8.448116302490234,33.28133773803711,0.02581787109375,0.1977081298828125
U-Tikhonov T16/CG64,290,90,0,/Users/kyrillguba/Documents/Data Analytics MSc/Thesis/Python/First Try/data/DIV2K/DIV2K_valid_HR/0891.png,div2k/0891.png/sigma_0.150,div2k,0891.png,20090,df25cc2cba32c4a350c4749f690c8d6acb73d96d359ca40b6fee4071dbf564d0,7dff3a0867a76ac2a36a0195af44b2d5f502d8da1a0aff1f9a5753df36f19149,0.15000000596046448,0.02067994698882103,16.844505310058594,0.6243946552276611,0.004992384929209948,23.01692008972168,0.8239569067955017,4.313047409057617,6.706333160400391,0.0007163827540352941,33.281341552734375,0.03361445292830467,1.5734138488769531,31.659006118774414,0.14263916015625,0.0040740966796875
U-Tikhonov T16/CG64,291,91,0,/Users/kyrillguba/Documents/Data Analytics MSc/Thesis/Python/First Try/data/DIV2K/DIV2K_valid_HR/0892.png,div2k/0892.png/sigma_0.150,div2k,0892.png,20091,cf51693d41de71e034484154f59145fbffeb5a48fb250085472f21ef15bc44ee,a59e46b09cbe29e3ebc2d1e171a0a0ff3bf91fc8647f369b99fa62754e807e66,0.15000000596046448,0.02017464116215706,16.951942443847656,0.6150212287902832,0.0060368552803993225,22.191890716552734,0.7825000882148743,3.4912354946136475,6.008049964904785,0.0011989915510639548,33.2812385559082,0.02906794659793377,1.128706455230713,30.474449157714844,0.18902587890625,0.0023651123046875
U-Tikhonov T16/CG64,292,92,0,/Users/kyrillguba/Documents/Data Analytics MSc/Thesis/Python/First Try/data/DIV2K/DIV2K_valid_HR/0893.png,div2k/0893.png/sigma_0.150,div2k,0893.png,20092,e38a2d9fc2bb1bfe2d7f4ac7ac04be6e3b640472049753a9ec509cb5b184dfae,05609a5b3db9d0ebbee04566382b115babbaf65d1f71365a2d3b0c1021529ba3,0.15000000596046448,0.018521644175052643,17.323205947875977,0.4411300718784332,0.002870946191251278,25.419750213623047,0.8147499561309814,8.12844467163086,9.465386390686035,0.0011166420299559832,33.281341552734375,0.03372398018836975,3.8715500831604004,33.14421463012695,0.104034423828125,0.01617431640625
U-Tikhonov T16/CG64,293,93,0,/Users/kyrillguba/Documents/Data Analytics MSc/Thesis/Python/First Try/data/DIV2K/DIV2K_valid_HR/0894.png,div2k/0894.png/sigma_0.150,div2k,0894.png,20093,f7c053db8ff81bb3c056ed342eb0bfb9ba890e8adb30617f79d560f11e941c73,3fccd8843bb8ab2352f2c3dca1f0041b3201bbadd09121217f0bbca35f20ea40,0.15000000596046448,0.01920481212437153,17.1658992767334,0.3721504807472229,0.0022202436812222004,26.535995483398438,0.769737720489502,12.893081665039062,11.452335357666016,0.0003383993753232062,33.281341552734375,0.04688655585050583,8.842411041259766,33.279273986816406,0.0513153076171875,0.0553741455078125
U-Tikhonov T16/CG64,294,94,0,/Users/kyrillguba/Documents/Data Analytics MSc/Thesis/Python/First Try/data/DIV2K/DIV2K_valid_HR/0895.png,div2k/0895.png/sigma_0.150,div2k,0895.png,20094,abdbc9e5dd323d44902bb35948460b514a4fe27d53aa9bc4f2072e0a425a5902,6aa3aa753ea7ad02049ba7f7f3c2a098d40cd8ab63418c08e09883f61b4ac7a0,0.15000000596046448,0.02031978964805603,16.920808792114258,0.509181797504425,0.005149572156369686,22.88228988647461,0.6766242384910583,7.6459150314331055,9.258162498474121,0.0004226181481499225,33.281341552734375,0.05607496201992035,3.4760656356811523,33.22516632080078,0.0520477294921875,0.0202789306640625
U-Tikhonov T16/CG64,295,95,0,/Users/kyrillguba/Documents/Data Analytics MSc/Thesis/Python/First Try/data/DIV2K/DIV2K_valid_HR/0896.png,div2k/0896.png/sigma_0.150,div2k,0896.png,20095,857388cd8fc429b194bc7374762cee70b099ddf090a6495b03d92edc4c8c7b8d,4e5ec91ba09447954d9184006b86d6c8a4d2e9762c0d802b7acc3e30a003fe99,0.15000000596046448,0.015470854938030243,18.1048583984375,0.36559027433395386,0.0023386431857943535,26.310359954833984,0.9309646487236023,17.108417510986328,12.659895896911621,0.00018625124357640743,33.281341552734375,0.028045114129781723,17.16839599609375,33.28110122680664,0.0665435791015625,0.127227783203125
U-Tikhonov T16/CG64,296,96,0,/Users/kyrillguba/Documents/Data Analytics MSc/Thesis/Python/First Try/data/DIV2K/DIV2K_valid_HR/0897.png,div2k/0897.png/sigma_0.150,div2k,0897.png,20096,a75baf8d323b01687486bd536ce524304bab0a20ffcaf0d6d19c9abe9c8bef57,e2fdff6e4bfb56efb51be82da3f6818d38e92ea4b89c06426ff672fb11ab9cea,0.15000000596046448,0.018825935199856758,17.25243377685547,0.817688524723053,0.01029918808490038,19.871971130371094,0.862391471862793,1.1292332410812378,3.208632469177246,0.00039127253694459796,33.28126907348633,0.0034631777089089155,0.21505486965179443,18.570148468017578,0.598876953125,0.0005645751953125
U-Tikhonov T16/CG64,297,97,0,/Users/kyrillguba/Documents/Data Analytics MSc/Thesis/Python/First Try/data/DIV2K/DIV2K_valid_HR/0898.png,div2k/0898.png/sigma_0.150,div2k,0898.png,20097,0f9b0c2f1793b1dd0ac81be97181b9e904a39fcf108cd39194842f26678085f7,02c50d40179ae73f11237da6f9918d44c299b7ab614e0896018584e491c28614,0.15000000596046448,0.021980486810207367,16.579627990722656,0.26478034257888794,0.0016181615646928549,27.90978240966797,0.9205586314201355,22.288311004638672,13.599442481994629,0.0005270861438475549,33.281341552734375,0.09425634890794754,31.60548973083496,33.281341552734375,0.04296875,0.3894805908203125
U-Tikhonov T16/CG64,298,98,0,/Users/kyrillguba/Documents/Data Analytics MSc/Thesis/Python/First Try/data/DIV2K/DIV2K_valid_HR/0899.png,div2k/0899.png/sigma_0.150,div2k,0899.png,20098,bea5ead4e165747f9c0e6d434cc536abdd4760b1a8da09c78f705024684bff65,cf88b3a38e6d7cc9cd1a08f9cc3127392ccd44bf3b7be67da5653df76ed6db73,0.15000000596046448,0.01932554319500923,17.138683319091797,0.5551150441169739,0.004020043183118105,23.957693099975586,0.8154764771461487,5.249662399291992,7.934516429901123,0.0003205958055332303,33.281341552734375,0.013691888190805912,1.800865650177002,33.217620849609375,0.1977691650390625,0.015380859375
U-Tikhonov T16/CG64,299,99,0,/Users/kyrillguba/Documents/Data Analytics MSc/Thesis/Python/First Try/data/DIV2K/DIV2K_valid_HR/0900.png,div2k/0900.png/sigma_0.150,div2k,0900.png,20099,72e06d86758e25d0f39e87b43b4ed00325b96cc08c65fc1809df35beee23e59c,8675b721ca7e8956cf02bb1a0098b9439a3aff7c56577ec1f3ac2a00b63625c9,0.15000000596046448,0.016771264374256134,17.754343032836914,0.5362525582313538,0.004900628700852394,23.09748077392578,0.7404395937919617,6.434255599975586,8.821301460266113,0.0005228800582699478,33.281341552734375,0.02680325321853161,2.338397979736328,33.218353271484375,0.12628173828125,0.0179443359375
U-Tikhonov T16/CG64,300,0,0,/Users/kyrillguba/Documents/Data Analytics MSc/Thesis/Python/First Try/data/DIV2K/DIV2K_valid_HR/0801.png,div2k/0801.png/sigma_0.200,div2k,0801.png,20000,9ca598cce3296c3968a2f8f7685477f637dbdbbb9d4efb1cd418ca185bd31eef,a9365f4e0c16669b5077b4e9432d32a1601ddf16ec48ed5bc58b26305bb2dfd6,0.20000000298023224,0.03454243391752243,14.616471290588379,0.43085727095603943,0.005850465968251228,22.328094482421875,0.7067599296569824,5.246872901916504,6.5516252517700195,0.0009606802486814559,33.28131103515625,0.08292154222726822,2.787625789642334,31.574020385742188,0.0532684326171875,0.0036468505859375
U-Tikhonov T16/CG64,301,1,0,/Users/kyrillguba/Documents/Data Analytics MSc/Thesis/Python/First Try/data/DIV2K/DIV2K_valid_HR/0802.png,div2k/0802.png/sigma_0.200,div2k,0802.png,20001,3177c80331fb32ceee70ac3ef64d2e56a1bce05ea8a9c0b664e2592552554742,36060dd2d8d24324286c1b18f2ecc8777c2ec20e379eefda3e35ac636d9b3f94,0.20000000298023224,0.03269209712743759,14.855571746826172,0.552805483341217,0.005103529430925846,22.921295166015625,0.8663731813430786,3.4852559566497803,5.538113117218018,0.00153973582200706,33.280216217041016,0.04277374595403671,1.4849315881729126,29.591243743896484,0.1239776611328125,0.00225830078125
U-Tikhonov T16/CG64,302,2,0,/Users/kyrillguba/Documents/Data Analytics MSc/Thesis/Python/First Try/data/DIV2K/DIV2K_valid_HR/0803.png,div2k/0803.png/sigma_0.200,div2k,0803.png,20002,671a4205d217354c075117f716a83d9a5ef2b4c921475de333f15ac8882c9356,0407f8277a603861b050d3fca105d13640f58fd1f088543fac352d20d4ee0d6d,0.20000000298023224,0.03677719458937645,14.34421443939209,0.3164742588996887,0.0028398928698152304,25.46697998046875,0.821039617061615,7.202784538269043,7.720760822296143,0.00021739682415500283,33.281341552734375,0.07896938174962997,4.192111968994141,32.36107635498047,0.0449371337890625,0.006072998046875
U-Tikhonov T16/CG64,303,3,0,/Users/kyrillguba/Documents/Data Analytics MSc/Thesis/Python/First Try/data/DIV2K/DIV2K_valid_HR/0804.png,div2k/0804.png/sigma_0.200,div2k,0804.png,20003,f95563d4b6e58b102c165eeec7f7e1ba2608e12c3a331510949f0cce842149ea,5091347d676ff4495f51148d24623d7797e9d157213b7378f4e24a70453e7c75,0.20000000298023224,0.033111415803432465,14.800223350524902,0.5136070251464844,0.005741642322391272,22.409639358520508,0.7885065674781799,6.212616920471191,8.633187294006348,0.00040504365460947156,33.281341552734375,0.03698889538645744,2.3928637504577637,33.210086822509766,0.0988311767578125,0.0181732177734375
U-Tikhonov T16/CG64,304,4,0,/Users/kyrillguba/Documents/Data Analytics MSc/Thesis/Python/First Try/data/DIV2K/DIV2K_valid_HR/0805.png,div2k/0805.png/sigma_0.200,div2k,0805.png,20004,bac34b49da4033070da28c152ece5c527c7274eafed4e320f3e7258274a93177,6cf8931033545531e65b45cd0193f8f35f03ca064e6aeb6884f862feae04a2a9,0.20000000298023224,0.03317341208457947,14.792098999023438,0.37022048234939575,0.004710914567112923,23.268949508666992,0.7124185562133789,6.959007263183594,7.959675312042236,0.0012324582785367966,33.281341552734375,0.1020592674612999,3.7384748458862305,33.100372314453125,0.0402984619140625,0.0118560791015625
U-Tikhonov T16/CG64,305,5,0,/Users/kyrillguba/Documents/Data Analytics MSc/Thesis/Python/First Try/data/DIV2K/DIV2K_valid_HR/0806.png,div2k/0806.png/sigma_0.200,div2k,0806.png,20005,befc31ea0c7663db0351a7238adfea3153639f5dfa13cb7cacfd757a46539d49,42ca3f83fbb588f1d98a5db8125804044c1d5568bed89b9c5c17685aab2e52a1,0.20000000298023224,0.034227900207042694,14.656198501586914,0.31462281942367554,0.0030452837236225605,25.163724899291992,0.8055977821350098,9.530708312988281,9.75754165649414,0.0005246566142886877,33.28133773803711,0.1056516170501709,5.319145202636719,33.07640838623047,0.0390777587890625,0.0136260986328125
U-Tikhonov T16/CG64,306,6,0,/Users/kyrillguba/Documents/Data Analytics MSc/Thesis/Python/First Try/data/DIV2K/DIV2K_valid_HR/0807.png,div2k/0807.png/sigma_0.200,div2k,0807.png,20006,1e941eaeed69e78250491fe2c5b2f458f2f36301b8aa701227bd408f852fa572,7577e075b9407964bd3c045c44f49e9eed4cd36144880344a401029a52f84239,0.20000000298023224,0.034604717046022415,14.608646392822266,0.3595600128173828,0.0052362000569701195,22.809837341308594,0.6850697994232178,8.614007949829102,9.66654109954834,0.003953189123421907,33.281341552734375,0.11192088574171066,4.164617538452148,33.24106216430664,0.0410614013671875,0.0222015380859375
U-Tikhonov T16/CG64,307,7,0,/Users/kyrillguba/Documents/Data Analytics MSc/Thesis/Python/First Try/data/DIV2K/DIV2K_valid_HR/0808.png,div2k/0808.png/sigma_0.200,div2k,0808.png,20007,9666b1dba93f470d95570471f38f195acafae585deefb8498b5ebb625df94e78,593a46ec02aafa29eda0f31d7bc829966f052ea8bcfac6fd931cb7aafef5c478,0.20000000298023224,0.03264236822724342,14.862183570861816,0.24462930858135223,0.003212438430637121,24.931652069091797,0.8149473667144775,17.335952758789062,12.912121772766113,0.0007184164132922888,33.281341552734375,0.08742120116949081,16.78757095336914,33.281341552734375,0.0347442626953125,0.1667633056640625
U-Tikhonov T16/CG64,308,8,0,/Users/kyrillguba/Documents/Data Analytics MSc/Thesis/Python/First Try/data/DIV2K/DIV2K_valid_HR/0809.png,div2k/0809.png/sigma_0.200,div2k,0809.png,20008,f57d7f591d2770efb0162e925acaaef8e4ce467e58b7a54d53de058959be9978,7c562f910f22a6bbc5b8b1863098a4cc05a6fb6bfda81f9b8b157feccff608ae,0.20000000298023224,0.035625673830509186,14.482369422912598,0.3049831986427307,0.0035852978471666574,24.454748153686523,0.6564847230911255,8.246146202087402,8.06907844543457,0.0023057456128299236,33.28132247924805,0.18875128030776978,5.271262168884277,32.63829803466797,0.0206298828125,0.0066680908203125
U-Tikhonov T16/CG64,309,9,0,/Users/kyrillguba/Documents/Data Analytics MSc/Thesis/Python/First Try/data/DIV2K/DIV2K_valid_HR/0810.png,div2k/0810.png/sigma_0.200,div2k,0810.png,20009,50cf8d799292c4a6f6c23b4a8f1d0c08015da9c6e74d9109a31efdb1eb5d9df3,ba7b2bf6f8dbef7b1540f43046cdf692e30fb9075a4c929eaa71a46d1b2a973a,0.20000000298023224,0.03685157373547554,14.335440635681152,0.2768332064151764,0.0030925536993891,25.09682846069336,0.7256030440330505,9.233649253845215,8.473673820495605,0.0020389107521623373,33.28133773803711,0.1999252438545227,6.2263994216918945,32.739620208740234,0.01953125,0.007659912109375
U-Tikhonov T16/CG64,310,10,0,/Users/kyrillguba/Documents/Data Analytics MSc/Thesis/Python/First Try/data/DIV2K/DIV2K_valid_HR/0811.png,div2k/0811.png/sigma_0.200,div2k,0811.png,20010,ceab700e5944238d72f4ec94852a5ee6b9c353c54281c96ee7c6e9b9f2a16308,66b078cc01d92864043643094c99ce46de0fc392c329670aea72faa0081b61ef,0.20000000298023224,0.030274415388703346,15.189242362976074,0.2888026833534241,0.004416645038872957,23.549076080322266,0.6094851493835449,11.418814659118652,11.160029411315918,0.0031145906541496515,33.281341552734375,0.1810915619134903,6.389019012451172,33.28133773803711,0.022125244140625,0.0789947509765625
U-Tikhonov T16/CG64,311,11,0,/Users/kyrillguba/Documents/Data Analytics MSc/Thesis/Python/First Try/data/DIV2K/DIV2K_valid_HR/0812.png,div2k/0812.png/sigma_0.200,div2k,0812.png,20011,5f26939fc07611061a96f2a386a77ffd9251b83abf26ac7ecb5a44dcae97187b,7b8e9a311c180f17e7a36e7c0f870bbdac4a5ec65c94e366e0e96e16577873ee,0.20000000298023224,0.03386826440691948,14.702071189880371,0.40606313943862915,0.004655968397855759,23.319900512695312,0.7845293283462524,11.134773254394531,11.901307106018066,0.0008095827652141452,33.281341552734375,0.03985246270895004,5.208604335784912,33.281307220458984,0.0759735107421875,0.0931854248046875
U-Tikhonov T16/CG64,312,12,0,/Users/kyrillguba/Documents/Data Analytics MSc/Thesis/Python/First Try/data/DIV2K/DIV2K_valid_HR/0813.png,div2k/0813.png/sigma_0.200,div2k,0813.png,20012,c34023db0a8b05fd8269a4d5afeb83670d5b08e7bce8d6c8cfe221a95b0e0b2f,86c1ff20a5aa336ba94861bc2334494a860c894bc88a7435aa3806678e7ad8b3,0.20000000298023224,0.030121561139822006,15.211225509643555,0.4075990319252014,0.004934152588248253,23.067874908447266,0.7854511141777039,9.180662155151367,10.28014850616455,0.0003196675097569823,33.281341552734375,0.057305481284856796,4.314359188079834,33.269073486328125,0.0656280517578125,0.030914306640625
U-Tikhonov T16/CG64,313,13,0,/Users/kyrillguba/Documents/Data Analytics MSc/Thesis/Python/First Try/data/DIV2K/DIV2K_valid_HR/0814.png,div2k/0814.png/sigma_0.200,div2k,0814.png,20013,9f544177fb7f24fc86ba1b0d9b9d0e664f093ce144600099ca215fbf1a3e3c25,f19bbc6781dd3503c77ca7892fbf75631b7770a251002b21caa79b16139c91b3,0.20000000298023224,0.034978337585926056,14.562007904052734,0.19906678795814514,0.0026004163082689047,25.849571228027344,0.8406774997711182,21.32251739501953,13.244547843933105,0.002086285501718521,33.281341552734375,0.1620996594429016,29.395158767700195,33.281341552734375,0.021575927734375,0.3581390380859375
U-Tikhonov T16/CG64,314,14,0,/Users/kyrillguba/Documents/Data Analytics MSc/Thesis/Python/First Try/data/DIV2K/DIV2K_valid_HR/0815.png,div2k/0815.png/sigma_0.200,div2k,0815.png,20014,d8f2b2b3496e52c1ec43e3c5e28732516b24990b8a2361d1876240ad562db395,44f7ec206d35f890114f56d53d033f150d8d97ec4412917428f012ddb457eb5a,0.20000000298023224,0.034089915454387665,14.67374038696289,0.3620714545249939,0.004166273400187492,23.80252456665039,0.7497175931930542,5.999781608581543,7.167177200317383,0.0010988061549142003,33.281341552734375,0.09019719809293747,3.2492480278015137,32.59245681762695,0.0486602783203125,0.0073089599609375
U-Tikhonov T16/CG64,315,15,0,/Users/kyrillguba/Documents/Data Analytics MSc/Thesis/Python/First Try/data/DIV2K/DIV2K_valid_HR/0816.png,div2k/0816.png/sigma_0.200,div2k,0816.png,20015,f457e7c932a8730df29263aaf8e3c3a2e54e7e68e543a34cdbc085f7c21edf50,bb47f91d9ab8fadad3de18398885eddd3433d68f18b7cd263a390ab4f7a0012d,0.20000000298023224,0.034869372844696045,14.57555866241455,0.30748236179351807,0.003362544346600771,24.733322143554688,0.7543137073516846,9.842639923095703,10.116018295288086,0.000577648461330682,33.281341552734375,0.13749323785305023,5.264104843139648,33.240699768066406,0.0296478271484375,0.024810791015625
U-Tikhonov T16/CG64,316,16,0,/Users/kyrillguba/Documents/Data Analytics MSc/Thesis/Python/First Try/data/DIV2K/DIV2K_valid_HR/0817.png,div2k/0817.png/sigma_0.200,div2k,0817.png,20016,b14c93dc0fd3fb833a2c04431c6af818313c8c6f744eb433dd1817a932b015cf,c5c8010eaa417191ce2153ff0df530b99d094ff249f993067347a3076d276a20,0.20000000298023224,0.035455383360385895,14.503178596496582,0.33715492486953735,0.004134608898311853,23.835655212402344,0.7188957929611206,10.715934753417969,11.331637382507324,0.0010522184893488884,33.281341552734375,0.1060195118188858,5.260544776916504,33.28114318847656,0.03729248046875,0.0812835693359375
U-Tikhonov T16/CG64,317,17,0,/Users/kyrillguba/Documents/Data Analytics MSc/Thesis/Python/First Try/data/DIV2K/DIV2K_valid_HR/0818.png,div2k/0818.png/sigma_0.200,div2k,0818.png,20017,00f18d236ddc7fe3a937cdcb41ce31082a90c94b9370fc202c7dce18dd80ab2a,966998599e0b596e14f5382b54adf0f2cdc760eefec4f2b25bad3bb854bca0a1,0.20000000298023224,0.031812675297260284,14.973998069763184,0.407841295003891,0.005776317790150642,22.38348960876465,0.7892448902130127,10.190717697143555,11.116649627685547,0.00043715734500437975,33.281341552734375,0.0489276647567749,4.651249885559082,33.264373779296875,0.076019287109375,0.03814697265625
U-Tikhonov T16/CG64,318,18,0,/Users/kyrillguba/Documents/Data Analytics MSc/Thesis/Python/First Try/data/DIV2K/DIV2K_valid_HR/0819.png,div2k/0819.png/sigma_0.200,div2k,0819.png,20018,f7450c40d5c0aabdc2bd2a562302ca3993841849efca05e281ec4059186e528c,a0e07558f84759a954d5c6387b083fb4e6ef737af47ace3e552687dde95f156d,0.20000000298023224,0.034033939242362976,14.680877685546875,0.3960559368133545,0.005083183292299509,22.938642501831055,0.6895661950111389,7.6489644050598145,8.57778549194336,0.0016235981602221727,33.28132247924805,0.08850200474262238,4.0587873458862305,32.990238189697266,0.04510498046875,0.0109100341796875
U-Tikhonov T16/CG64,319,19,0,/Users/kyrillguba/Documents/Data Analytics MSc/Thesis/Python/First Try/data/DIV2K/DIV2K_valid_HR/0820.png,div2k/0820.png/sigma_0.200,div2k,0820.png,20019,ab2cf6ba20cc18bafee4976e8be3cbf4a6db4afea570ef888fdebb8c8e0616f2,45ba48f9466d9540d93960a6902a771be58eaf93359722184f499b62a29a620c,0.20000000298023224,0.031304456293582916,15.043937683105469,0.5353561639785767,0.009728644974529743,20.119478225708008,0.7007553577423096,7.836174011230469,9.889849662780762,0.00031939198379404843,33.281341552734375,0.026613112539052963,3.0166499614715576,33.25550079345703,0.1128997802734375,0.0269927978515625
U-Tikhonov T16/CG64,320,20,0,/Users/kyrillguba/Documents/Data Analytics MSc/Thesis/Python/First Try/data/DIV2K/DIV2K_valid_HR/0821.png,div2k/0821.png/sigma_0.200,div2k,0821.png,20020,ebd02fa51f1a3ee91b6ca90bb58a444e53385dd1193938609708b71bca4504a0,98ad8d0b3c93b65fa7efcb2135dab5fc0366f195db1b1ef8a290e23e8f536ed2,0.20000000298023224,0.031442075967788696,15.02488899230957,0.6964309811592102,0.01333962008357048,18.748565673828125,0.7874541282653809,4.222594261169434,7.400429725646973,0.0003262651152908802,33.281341552734375,0.01596275344491005,1.1231863498687744,32.82512664794922,0.2125701904296875,0.0086669921875
U-Tikhonov T16/CG64,321,21,0,/Users/kyrillguba/Documents/Data Analytics MSc/Thesis/Python/First Try/data/DIV2K/DIV2K_valid_HR/0822.png,div2k/0822.png/sigma_0.200,div2k,0822.png,20021,86c801c8390b132b94a9efaeb7a9bad9acdd1212e41d91d44b44811708142963,ca7d852bc8b16c6278f1bc45ae4c07890003ad72054615c02927480762cf2df5,0.20000000298023224,0.031871505081653595,14.965974807739258,0.41916948556900024,0.006500170566141605,21.87075424194336,0.6506757140159607,5.1260294914245605,6.550708293914795,0.0016051636775955558,33.28129577636719,0.07944314926862717,2.640627861022949,31.403114318847656,0.05859375,0.003509521484375
U-Tikhonov T16/CG64,322,22,0,/Users/kyrillguba/Documents/Data Analytics MSc/Thesis/Python/First Try/data/DIV2K/DIV2K_valid_HR/0823.png,div2k/0823.png/sigma_0.200,div2k,0823.png,20022,ec11d2cf0a95684902842094c84e0956a3cd35920ef85f25ba677348927a365c,26bf1ed80d68d5c6eabb4686e90308ffc3cf19921e78000f4d382c56b6b91895,0.20000000298023224,0.03412161022424698,14.66970443725586,0.3423663377761841,0.0045936452224850655,23.378427505493164,0.8255572319030762,13.678617477416992,13.534746170043945,0.0014611274236813188,33.281341552734375,0.07968541234731674,6.14517879486084,33.28133773803711,0.0581207275390625,0.15606689453125
U-Tikhonov T16/CG64,323,23,0,/Users/kyrillguba/Documents/Data Analytics MSc/Thesis/Python/First Try/data/DIV2K/DIV2K_valid_HR/0824.png,div2k/0824.png/sigma_0.200,div2k,0824.png,20023,5ce7bdee523a1299c6a42c3adbb96d0e62c2f40266823753b8c042edb8b10495,f485578de09a4665de67af912511c0ee3ffa2d202728851d682353d17a0a971e,0.20000000298023224,0.031988292932510376,14.950089454650879,0.4113571047782898,0.004684627987444401,23.293249130249023,0.7881821990013123,10.528074264526367,10.958887100219727,0.0003682772221509367,33.281341552734375,0.025638345628976822,5.686220645904541,33.266353607177734,0.0960540771484375,0.035736083984375
U-Tikhonov T16/CG64,324,24,0,/Users/kyrillguba/Documents/Data Analytics MSc/Thesis/Python/First Try/data/DIV2K/DIV2K_valid_HR/0825.png,div2k/0825.png/sigma_0.200,div2k,0825.png,20024,0403db62808d832f7764170e8df2b8c78ad826e2a93d809f8cf6d018258b011a,61e6b9f60ba16552facccb9e47e0ca7141ad08ea8a4a223d1f2af0c84fc2a013,0.20000000298023224,0.03425753489136696,14.65243911743164,0.5137622356414795,0.006650654599070549,21.7713565826416,0.7722055912017822,5.778825759887695,8.273164749145508,0.0008305613300763071,33.281341552734375,0.02928769215941429,2.2301368713378906,33.280364990234375,0.1260528564453125,0.0214385986328125
U-Tikhonov T16/CG64,325,25,0,/Users/kyrillguba/Documents/Data Analytics MSc/Thesis/Python/First Try/data/DIV2K/DIV2K_valid_HR/0826.png,div2k/0826.png/sigma_0.200,div2k,0826.png,20025,b7fba61bcca359e5581b44283bbc34696cae71321e031969411ada23b17e2199,e5b36e49ab70c13ddec8ad18f0123685ffe4741ae10c8796387deccf900f867e,0.20000000298023224,0.03241979330778122,14.891897201538086,0.3761705458164215,0.004361184313893318,23.60395622253418,0.7874903678894043,11.449434280395508,11.630719184875488,0.0006898230058141053,33.281341552734375,0.06544837355613708,5.788568019866943,33.27942657470703,0.0519866943359375,0.0599517822265625
U-Tikhonov T16/CG64,326,26,0,/Users/kyrillguba/Documents/Data Analytics MSc/Thesis/Python/First Try/data/DIV2K/DIV2K_valid_HR/0827.png,div2k/0827.png/sigma_0.200,div2k,0827.png,20026,1a1d5ffbd89d79d7803cf86e2d8f6c75cd146872fd61e387fec71a904e384317,19e103ed562e6af6dc3c79b137828a005900ef232d338de260add904c5386d11,0.20000000298023224,0.025430236011743546,15.946496963500977,0.1578771471977234,0.002900618826970458,25.37509536743164,0.6783010959625244,17.5441951751709,12.2940673828125,0.004553596023470163,33.281341552734375,0.20872099697589874,16.747182846069336,33.281341552734375,0.0164794921875,0.155120849609375
U-Tikhonov T16/CG64,327,27,0,/Users/kyrillguba/Documents/Data Analytics MSc/Thesis/Python/First Try/data/DIV2K/DIV2K_valid_HR/0828.png,div2k/0828.png/sigma_0.200,div2k,0828.png,20027,3b7551ae7f737167932c3230707f7075368102b6732eb16bfe514fd471223ea4,9e18af74f560ebed7fdda10932468c5ae614d2c5f11049fad4ebdc85c873d139,0.20000000298023224,0.027486637234687805,15.608783721923828,0.4375625252723694,0.009587572887539864,20.182912826538086,0.5722776055335999,10.384507179260254,11.805718421936035,0.00041375751607120037,33.281341552734375,0.031477972865104675,4.129452228546143,33.281341552734375,0.1060791015625,0.0737762451171875
U-Tikhonov T16/CG64,328,28,0,/Users/kyrillguba/Documents/Data Analytics MSc/Thesis/Python/First Try/data/DIV2K/DIV2K_valid_HR/0829.png,div2k/0829.png/sigma_0.200,div2k,0829.png,20028,7fef744df96a3f5b2077c74a59929852deb533e35d4804c7c745471471543ed7,ac896f879188a2a361bafad02222820a1ed560380db764eb4a4dde59e31c7cf6,0.20000000298023224,0.0350884310901165,14.548360824584961,0.32271796464920044,0.002962216269224882,25.283832550048828,0.7834687829017639,12.912166595458984,12.161260604858398,0.0008036004728637636,33.281341552734375,0.053154561668634415,7.7477569580078125,33.28117752075195,0.056121826171875,0.10302734375
U-Tikhonov T16/CG64,329,29,0,/Users/kyrillguba/Documents/Data Analytics MSc/Thesis/Python/First Try/data/DIV2K/DIV2K_valid_HR/0830.png,div2k/0830.png/sigma_0.200,div2k,0830.png,20029,33405798eea5a2bbd23d383a107f9127b4f5d220ad2d443bdb05db6049757a90,16f1b388f30fbc8ec53e6463179734c4971edf12466826f7064b09cdc0cf5f4e,0.20000000298023224,0.03657222539186478,14.368486404418945,0.28311944007873535,0.003538919147104025,24.511295318603516,0.7312920093536377,14.539534568786621,12.098857879638672,0.0019219830865040421,33.281341552734375,0.12634411454200745,10.822160720825195,33.28087615966797,0.029754638671875,0.0972442626953125
U-Tikhonov T16/CG64,330,30,0,/Users/kyrillguba/Documents/Data Analytics MSc/Thesis/Python/First Try/data/DIV2K/DIV2K_valid_HR/0831.png,div2k/0831.png/sigma_0.200,div2k,0831.png,20030,37f625cf3b90622b2047f8f9b3e488dcb450cde9c639eb5f94e082ec5148792e,23831d833313857b5e695b9441aafacb1f03391ca87ac2678e98aad19fa20928,0.20000000298023224,0.03198632970452309,14.950356483459473,0.41232922673225403,0.005983334966003895,22.230567932128906,0.7141293883323669,6.758605003356934,8.417720794677734,0.0007413605344481766,33.281341552734375,0.04445040598511696,3.1552953720092773,33.10361099243164,0.0802001953125,0.012603759765625
U-Tikhonov T16/CG64,331,31,0,/Users/kyrillguba/Documents/Data Analytics MSc/Thesis/Python/First Try/data/DIV2K/DIV2K_valid_HR/0832.png,div2k/0832.png/sigma_0.200,div2k,0832.png,20031,678db3c6c13225750b6bb2ae62b3e9ffdbdb3491d462fa2451e73fea851ed64c,4c157337022f3b1bbfd7f253c0c3946911618c6badf8404413075b607985800a,0.20000000298023224,0.03169732168316841,14.989774703979492,0.4530256986618042,0.00600797776132822,22.212717056274414,0.7628947496414185,8.041776657104492,9.80864143371582,0.0008771806606091559,33.281341552734375,0.0410020686686039,3.350386381149292,33.18898010253906,0.09124755859375,0.01983642578125
U-Tikhonov T16/CG64,332,32,0,/Users/kyrillguba/Documents/Data Analytics MSc/Thesis/Python/First Try/data/DIV2K/DIV2K_valid_HR/0833.png,div2k/0833.png/sigma_0.200,div2k,0833.png,20032,196e9aedca5a8ddb4904ed57c8a1a32e080164df130d093fbc86da6222f32553,e3942347313bdc570018037b7ffaf54bfe4df7ade08538b6bf1373b1fe597fff,0.20000000298023224,0.030519839376211166,15.154176712036133,0.33858901262283325,0.0038207676261663437,24.178495407104492,0.8467888832092285,13.62453556060791,12.557390213012695,0.00011189319047844037,33.281341552734375,0.05233440175652504,8.546136856079102,33.280364990234375,0.058258056640625,0.09600830078125
U-Tikhonov T16/CG64,333,33,0,/Users/kyrillguba/Documents/Data Analytics MSc/Thesis/Python/First Try/data/DIV2K/DIV2K_valid_HR/0834.png,div2k/0834.png/sigma_0.200,div2k,0834.png,20033,43cd5d3407a2ec5d9396c0ba9f3595990830fe17adfb5b3d69777dc489012502,e836c0332f3c7a2dbcb18f4fb733d71574f3900de16341ba258cc549001c8da5,0.20000000298023224,0.029490448534488678,15.303186416625977,0.3658084571361542,0.004699277691543102,23.279687881469727,0.793479323387146,11.464055061340332,11.661558151245117,0.0011172773083671927,33.281341552734375,0.05578240752220154,5.779851913452148,33.27867889404297,0.057098388671875,0.061553955078125
U-Tikhonov T16/CG64,334,34,0,/Users/kyrillguba/Documents/Data Analytics MSc/Thesis/Python/First Try/data/DIV2K/DIV2K_valid_HR/0835.png,div2k/0835.png/sigma_0.200,div2k,0835.png,20034,80084574e021b9b385517a807fa4f62735358952d97592c2b192db98626e086c,e8129ea807959129b452dbbc8a2522c68676a92258a791bc7a96c5daf96a2256,0.20000000298023224,0.03433415666222572,14.642736434936523,0.3547489643096924,0.00490510743111372,23.09351348876953,0.6754900217056274,8.325518608093262,9.099745750427246,0.001284019905142486,33.28133773803711,0.10445113480091095,4.39557409286499,33.16334915161133,0.040985107421875,0.0164031982421875
U-Tikhonov T16/CG64,335,35,0,/Users/kyrillguba/Documents/Data Analytics MSc/Thesis/Python/First Try/data/DIV2K/DIV2K_valid_HR/0836.png,div2k/0836.png/sigma_0.200,div2k,0836.png,20035,d774c40f160da761b384b399f5636cb3cfecf88e2cc5d41c78f575c3bea500af,943eb024790a46f5fcc808cd90fe24940c68f27cbf4404faac6866f5d1bdc79b,0.20000000298023224,0.03237718343734741,14.89760971069336,0.4225267469882965,0.0058201393112540245,22.350666046142578,0.7883408665657043,8.92734432220459,11.024828910827637,0.00038823403883725405,33.281341552734375,0.053537625819444656,3.3560116291046143,33.27790069580078,0.0672149658203125,0.058563232421875
U-Tikhonov T16/CG64,336,36,0,/Users/kyrillguba/Documents/Data Analytics MSc/Thesis/Python/First Try/data/DIV2K/DIV2K_valid_HR/0837.png,div2k/0837.png/sigma_0.200,div2k,0837.png,20036,af3a3f14f10fd37d750995ae36a4d7d4e23e7343e1fc6fb8ddf8342f79d68d35,54d66b352296a3d522f33fdf30b251a11f1668f7bd94281cfec74349d504dd06,0.20000000298023224,0.032176896929740906,14.924558639526367,0.5125089883804321,0.007194472476840019,21.430011749267578,0.7527870535850525,4.468605041503906,6.57779598236084,0.00030227311071939766,33.281341552734375,0.04214482009410858,1.9030276536941528,31.494281768798828,0.1074981689453125,0.0030975341796875
U-Tikhonov T16/CG64,337,37,0,/Users/kyrillguba/Documents/Data Analytics MSc/Thesis/Python/First Try/data/DIV2K/DIV2K_valid_HR/0838.png,div2k/0838.png/sigma_0.200,div2k,0838.png,20037,a419adae2a9bbcb7b328e0e98815224877487f12f01cec7bd572e3a61b346f36,587bae3edda2f80303be812c13c6569d43885f47ff9d26b37a0d45fc50bd26d2,0.20000000298023224,0.03208796679973602,14.936578750610352,0.2794688940048218,0.002201035851612687,26.57373046875,0.8443593978881836,11.884465217590332,11.57710075378418,0.0003235322656109929,33.281341552734375,0.10013558715581894,6.703856468200684,33.281341552734375,0.0377349853515625,0.0873870849609375
U-Tikhonov T16/CG64,338,38,0,/Users/kyrillguba/Documents/Data Analytics MSc/Thesis/Python/First Try/data/DIV2K/DIV2K_valid_HR/0839.png,div2k/0839.png/sigma_0.200,div2k,0839.png,20038,9ed3b7789f4dcc0b1bfd3a6e2391350b33a63a89353a3bd50f5bde4b89d2f647,968d78d40170e0686e6ef1ea793d9732eeb173b8a85698fff727674ae132b9b1,0.20000000298023224,0.02869834005832672,15.421432495117188,0.26258623600006104,0.0055741784162819386,22.538192749023438,0.46206068992614746,16.284320831298828,13.831488609313965,0.00015629710105713457,33.281341552734375,0.10256052762269974,11.241231918334961,33.281341552734375,0.0334625244140625,0.27520751953125
U-Tikhonov T16/CG64,339,39,0,/Users/kyrillguba/Documents/Data Analytics MSc/Thesis/Python/First Try/data/DIV2K/DIV2K_valid_HR/0840.png,div2k/0840.png/sigma_0.200,div2k,0840.png,20039,df4e88246e2af519b1c29adccc7944ac0f8568e6a1ef7d65c39dc4fcd2a3dd5b,99a007adbf3760346ab2284f3a0f35a861cfe4c0dc807c3d1fa117e4be816d5e,0.20000000298023224,0.032062966376543045,14.939964294433594,0.435896635055542,0.005729845724999905,22.41857147216797,0.7218214273452759,5.064454078674316,6.663366317749023,0.0007378033478744328,33.28132629394531,0.06393372267484665,2.485281467437744,31.495134353637695,0.0704345703125,0.0035858154296875
U-Tikhonov T16/CG64,340,40,0,/Users/kyrillguba/Documents/Data Analytics MSc/Thesis/Python/First Try/data/DIV2K/DIV2K_valid_HR/0841.png,div2k/0841.png/sigma_0.200,div2k,0841.png,20040,b85a5c827a7d17dab432c8f79abc120715b867e00f3bcbe182f90d6c23ecff6f,21fdfd07fb50a0d9479158a17cfd820306fa779e4323e5c38ad567fb22a36e2b,0.20000000298023224,0.03081497922539711,15.112381935119629,0.2929683327674866,0.004335448611527681,23.629661560058594,0.7132552862167358,10.621428489685059,10.766058921813965,0.0019013792043551803,33.281341552734375,0.09883285313844681,5.817622184753418,33.28013229370117,0.04034423828125,0.04400634765625
U-Tikhonov T16/CG64,341,41,0,/Users/kyrillguba/Documents/Data Analytics MSc/Thesis/Python/First Try/data/DIV2K/DIV2K_valid_HR/0842.png,div2k/0842.png/sigma_0.200,div2k,0842.png,20041,e0fe2755785538efb2ac1c7a4fc4e854d8206a8f09b68ac1931f0544c3e7cc53,0cbfa03f7090e0f045959a2fbf7f0a91aded078b48203c20beb02ef545409f00,0.20000000298023224,0.03044864535331726,15.16431999206543,0.37689751386642456,0.004014382138848305,23.96381378173828,0.7833354473114014,9.832711219787598,10.346397399902344,0.00015536195132881403,33.281341552734375,0.05537858605384827,5.181204795837402,33.251644134521484,0.059356689453125,0.028533935546875
U-Tikhonov T16/CG64,342,42,0,/Users/kyrillguba/Documents/Data Analytics MSc/Thesis/Python/First Try/data/DIV2K/DIV2K_valid_HR/0843.png,div2k/0843.png/sigma_0.200,div2k,0843.png,20042,8d4db85adca20e5911d117b4bb54fdfb3f22b2a02cceb14242bb7540955f6140,d7c10404dba9aee82e150b5302fd33161f6f190788b8a1f3401e6015580df91c,0.20000000298023224,0.02367633953690529,16.256855010986328,0.15662552416324615,0.003348634345456958,24.75132179260254,0.8183954358100891,25.13904571533203,12.168992042541504,0.0004737379786092788,33.281341552734375,0.09429983794689178,32.85288619995117,33.281341552734375,0.0320281982421875,0.4833526611328125
U-Tikhonov T16/CG64,343,43,0,/Users/kyrillguba/Documents/Data Analytics MSc/Thesis/Python/First Try/data/DIV2K/DIV2K_valid_HR/0844.png,div2k/0844.png/sigma_0.200,div2k,0844.png,20043,15c2150d7c67049e1e35243bac1a1a68c6f0e57215592b78ed9b74e130ed1370,75bbb54a87ece3a1849fb5bbd948facf882cf686638be3b9134f12b282e56520,0.20000000298023224,0.027811024338006973,15.557830810546875,0.2032458484172821,0.0022024954669177532,26.570850372314453,0.8134327530860901,17.976547241210938,11.946434020996094,0.0005704756476916373,33.281341552734375,0.13744491338729858,18.026042938232422,33.280975341796875,0.0211944580078125,0.1288299560546875
U-Tikhonov T16/CG64,344,44,0,/Users/kyrillguba/Documents/Data Analytics MSc/Thesis/Python/First Try/data/DIV2K/DIV2K_valid_HR/0845.png,div2k/0845.png/sigma_0.200,div2k,0845.png,20044,3afec5a048f16903b44498719256567f9874b218bd408f06ae16848d5bfd4779,5ea61d42ae77a7c31d7e9f85b06e8fd923dacc98bd191f7f7c0c157fb001cc20,0.20000000298023224,0.027723966166377068,15.571446418762207,0.3861420154571533,0.006548745092004538,21.83841896057129,0.7491968870162964,12.823500633239746,12.299408912658691,0.00019630281894933432,33.281341552734375,0.026508482173085213,7.664609909057617,33.280784606933594,0.08868408203125,0.0755767822265625
U-Tikhonov T16/CG64,345,45,0,/Users/kyrillguba/Documents/Data Analytics MSc/Thesis/Python/First Try/data/DIV2K/DIV2K_valid_HR/0846.png,div2k/0846.png/sigma_0.200,div2k,0846.png,20045,bfa025022780e8b45b7d8ca41bf0c1aa0ef062e997a3e07e7b0b4766072a0c65,961fa12be8135eff308390381baf8b6e0e3dfdf1f31d38d0781dc83d58d29185,0.20000000298023224,0.028071556240320206,15.517335891723633,0.3812662661075592,0.008125783875584602,20.901348114013672,0.6973141431808472,10.868090629577637,11.797791481018066,0.0002679763420019299,33.281341552734375,0.06773057579994202,4.779439926147461,33.2809944152832,0.0590362548828125,0.0775146484375
U-Tikhonov T16/CG64,346,46,0,/Users/kyrillguba/Documents/Data Analytics MSc/Thesis/Python/First Try/data/DIV2K/DIV2K_valid_HR/0847.png,div2k/0847.png/sigma_0.200,div2k,0847.png,20046,a03ac31eb9aa42c51d2ec103e996158d3f7890d32752d0e5a0bece66c7f0a096,76a86fbc7941b3a3eddd0c7986eb6019d5097aaeccabfa81d9345d2c8a965ee4,0.20000000298023224,0.03109179437160492,15.073542594909668,0.495915949344635,0.006766684353351593,21.69624137878418,0.7977949976921082,8.445001602172852,10.409501075744629,0.00016354522085748613,33.281341552734375,0.03193003311753273,3.13834285736084,33.258785247802734,0.1030120849609375,0.03179931640625
U-Tikhonov T16/CG64,347,47,0,/Users/kyrillguba/Documents/Data Analytics MSc/Thesis/Python/First Try/data/DIV2K/DIV2K_valid_HR/0848.png,div2k/0848.png/sigma_0.200,div2k,0848.png,20047,226e619ed1295a7c7b4eb9d622c6124c81ba03e21362bb8eee67e67dced25224,9d4c38d4e7cb58e280431d271057c6d194b96f1bfad38c9ce97696f8ea6a5048,0.20000000298023224,0.03203219920396805,14.944132804870605,0.46826601028442383,0.00538095086812973,22.691410064697266,0.7924907207489014,6.469910621643066,8.644763946533203,0.0003848059568554163,33.281341552734375,0.02869419753551483,2.649522304534912,33.237430572509766,0.10345458984375,0.0175018310546875
U-Tikhonov T16/CG64,348,48,0,/Users/kyrillguba/Documents/Data Analytics MSc/Thesis/Python/First Try/data/DIV2K/DIV2K_valid_HR/0849.png,div2k/0849.png/sigma_0.200,div2k,0849.png,20048,2c70dd5654b23e4a9ab11865c6c70e3077823c4972ad389deddc84dd9edc36b8,99c8670cef1d5f65cb8a3ee07f90eb29424df53dbdb436b4082f844b2e3f9a61,0.20000000298023224,0.03218600153923035,14.923330307006836,0.6330320239067078,0.011465742252767086,19.405977249145508,0.757593035697937,3.6929221153259277,6.053903102874756,0.00018253244343213737,33.281341552734375,0.024446994066238403,1.3794481754302979,31.318614959716797,0.164581298828125,0.0043792724609375
U-Tikhonov T16/CG64,349,49,0,/Users/kyrillguba/Documents/Data Analytics MSc/Thesis/Python/First Try/data/DIV2K/DIV2K_valid_HR/0850.png,div2k/0850.png/sigma_0.200,div2k,0850.png,20049,b0e8b344c318dfae08640e56c0b52ec6df0909ea2a5c7128b8b44308511dabe7,eb29dc9639070da2e13f07ae930eb28bdf69a115f7d0c1f61e0de0c5511d51d3,0.20000000298023224,0.03440733626484871,14.633489608764648,0.35771888494491577,0.004169501829892397,23.799156188964844,0.7397435903549194,9.349334716796875,10.047768592834473,0.0003281071549281478,33.281341552734375,0.07146922498941422,4.901186943054199,33.277740478515625,0.04766845703125,0.039642333984375
U-Tikhonov T16/CG64,350,50,0,/Users/kyrillguba/Documents/Data Analytics MSc/Thesis/Python/First Try/data/DIV2K/DIV2K_valid_HR/0851.png,div2k/0851.png/sigma_0.200,div2k,0851.png,20050,6cd623610d71351bd69a4193263bc448cd15272dcfd17f66224ecc57d176c5d0,e083e050185c763e865cae2ce76a1dbeb5d749d4376a879850b5b4a1282b15ca,0.20000000298023224,0.03136583790183067,15.035430908203125,0.27899524569511414,0.004042463377118111,23.93354034423828,0.8268378376960754,17.269569396972656,13.575925827026367,0.0009862711885944009,33.281341552734375,0.06880274415016174,16.81017303466797,33.281341552734375,0.0556640625,0.2271881103515625
U-Tikhonov T16/CG64,351,51,0,/Users/kyrillguba/Documents/Data Analytics MSc/Thesis/Python/First Try/data/DIV2K/DIV2K_valid_HR/0852.png,div2k/0852.png/sigma_0.200,div2k,0852.png,20051,73b3c50a05a0fcb1a26fb8f3d88ebc57fe34409f6e6d0d125e46c18d90cca3a1,dbef7cf6c1c3c9f68c358d22f817b763ffaeaf9f323de2facd65346774f66e1b,0.20000000298023224,0.02235514111816883,16.5062255859375,0.13488495349884033,0.005030388943850994,22.983985900878906,0.40868687629699707,18.816547393798828,12.903115272521973,0.0048730019479990005,33.281341552734375,0.28774574398994446,20.4410343170166,33.281341552734375,0.0125885009765625,0.23699951171875
U-Tikhonov T16/CG64,352,52,0,/Users/kyrillguba/Documents/Data Analytics MSc/Thesis/Python/First Try/data/DIV2K/DIV2K_valid_HR/0853.png,div2k/0853.png/sigma_0.200,div2k,0853.png,20052,e9eb55fc2bc1bcfd2fad63122c380357a672f2b9f14b61a7547da796324e10c2,f1f7573eeabe411fcccd1724bc76d6ed111cd22aebac64343867acd9d2d71947,0.20000000298023224,0.029230015352368355,15.341710090637207,0.21405184268951416,0.003357904264703393,24.73931884765625,0.7661553621292114,18.046689987182617,13.452119827270508,0.002300993073731661,33.281341552734375,0.13104724884033203,17.952556610107422,33.281341552734375,0.0268707275390625,0.2631072998046875
U-Tikhonov T16/CG64,353,53,0,/Users/kyrillguba/Documents/Data Analytics MSc/Thesis/Python/First Try/data/DIV2K/DIV2K_valid_HR/0854.png,div2k/0854.png/sigma_0.200,div2k,0854.png,20053,dbefb08aac7a5ad65da8e59ab21cbb0e921c9ad6da4d670be4cb2a982a3e2ffe,40e3bca8f53daf0c2825c0357fbf90f88382f66edc93cefcd8c4918184aa3351,0.20000000298023224,0.03468653932213783,14.598390579223633,0.39136505126953125,0.005572961643338203,22.539140701293945,0.738263726234436,10.610605239868164,11.632173538208008,0.0004701052966993302,33.281341552734375,0.06497611105442047,4.597574234008789,33.28062438964844,0.0549163818359375,0.0750274658203125
U-Tikhonov T16/CG64,354,54,0,/Users/kyrillguba/Documents/Data Analytics MSc/Thesis/Python/First Try/data/DIV2K/DIV2K_valid_HR/0855.png,div2k/0855.png/sigma_0.200,div2k,0855.png,20054,9e2b3caa326eef35864ca6323728491aaf77f5232b3a1b7435275b7a4b5bc314,75e4815e9dedf2e534b319670a157d0445f1e187a35107ab521c1df61d25d55d,0.20000000298023224,0.0341930091381073,14.660626411437988,0.2914919853210449,0.0033559435978531837,24.74185562133789,0.7351382970809937,11.444068908691406,10.596800804138184,0.0013559487415477633,33.281341552734375,0.1295103281736374,7.244282245635986,33.27851867675781,0.0284881591796875,0.044189453125
U-Tikhonov T16/CG64,355,55,0,/Users/kyrillguba/Documents/Data Analytics MSc/Thesis/Python/First Try/data/DIV2K/DIV2K_valid_HR/0856.png,div2k/0856.png/sigma_0.200,div2k,0856.png,20055,66cf31de43a337537e663db0aecf5dd0004e87a0fbe2bd2cdc7ed9a8b4a93ece,9aa62b036ebea62b20e6ab6828c145c58b19e8e108f32193b6835f7b2a26bca9,0.20000000298023224,0.029928404837846756,15.239164352416992,0.21116143465042114,0.0033965972252190113,24.689559936523438,0.5557783246040344,14.864940643310547,11.228926658630371,0.02933156117796898,33.281341552734375,0.4514530599117279,11.911684036254883,33.279666900634766,0.0061492919921875,0.0696258544921875
U-Tikhonov T16/CG64,356,56,0,/Users/kyrillguba/Documents/Data Analytics MSc/Thesis/Python/First Try/data/DIV2K/DIV2K_valid_HR/0857.png,div2k/0857.png/sigma_0.200,div2k,0857.png,20056,ab895c24c3f27bd01daebb297e1995e3f7eaba3372e5cc7e32fb98edb3dfd93b,b1b98831a55014fea5636125d62e705b87f1fa42041221c701cae52f571bf74a,0.20000000298023224,0.03706633299589157,14.310203552246094,0.24246278405189514,0.0015950435772538185,27.972274780273438,0.8382643461227417,11.381856918334961,9.696582794189453,0.0007619942189194262,33.28133773803711,0.1608189195394516,8.213191986083984,33.038047790527344,0.022308349609375,0.0119171142578125
U-Tikhonov T16/CG64,357,57,0,/Users/kyrillguba/Documents/Data Analytics MSc/Thesis/Python/First Try/data/DIV2K/DIV2K_valid_HR/0858.png,div2k/0858.png/sigma_0.200,div2k,0858.png,20057,69c3c9a846793f1dd2cda90db3fba707412671412126cd1eaad1496e784f7c0e,ecfc124fe16811a34a7651f0649e3c785fde21cea7732b01ba6b00f41d5955d7,0.20000000298023224,0.027245834469795227,15.647000312805176,0.29077792167663574,0.005552330054342747,22.555248260498047,0.5598540306091309,11.482818603515625,11.769973754882812,0.0009254433680325747,33.281341552734375,0.11905216425657272,5.735918998718262,33.281341552734375,0.0353851318359375,0.0975341796875
U-Tikhonov T16/CG64,358,58,0,/Users/kyrillguba/Documents/Data Analytics MSc/Thesis/Python/First Try/data/DIV2K/DIV2K_valid_HR/0859.png,div2k/0859.png/sigma_0.200,div2k,0859.png,20058,0783919bca182fbd4ec27a809e6b7e6c58e89fddb3d3ef3d1bd5c807651c9a53,152bac79735eb68447682716b90fc80c192f333fa2a84b0c1c88254819ffd5ca,0.20000000298023224,0.03435829281806946,14.639683723449707,0.39858973026275635,0.005306321661919355,22.752063751220703,0.6791927814483643,8.603946685791016,9.562812805175781,0.0003984056820627302,33.281341552734375,0.0963326022028923,4.453673362731934,33.27968978881836,0.038848876953125,0.0356903076171875
U-Tikhonov T16/CG64,359,59,0,/Users/kyrillguba/Documents/Data Analytics MSc/Thesis/Python/First Try/data/DIV2K/DIV2K_valid_HR/0860.png,div2k/0860.png/sigma_0.200,div2k,0860.png,20059,6323c40a5d11f381b901e87cf8f54d9578bc32be44b9350ac5386eb44224de4a,d4f91ab6cc8f374fb4c6bac90b2c7ba29162c274abe67d719a3c51235caa6afb,0.20000000298023224,0.03291696682572365,14.82580280303955,0.4782189428806305,0.007607291452586651,21.187702178955078,0.6667072176933289,4.65603494644165,5.9529500007629395,0.0005089621990919113,33.27918243408203,0.06635123491287231,2.4407804012298584,29.409564971923828,0.0711669921875,0.00103759765625
U-Tikhonov T16/CG64,360,60,0,/Users/kyrillguba/Documents/Data Analytics MSc/Thesis/Python/First Try/data/DIV2K/DIV2K_valid_HR/0861.png,div2k/0861.png/sigma_0.200,div2k,0861.png,20060,c3df240f2bf2bcdcdc9060b4ba3b0dd6324594f485ce3ee2d407f0b5364d72d7,e3aa7d2ec813a35e69e1f22752b688505dacc8af4321861a2fa8f2dfe79ee127,0.20000000298023224,0.026164734736084938,15.822837829589844,0.37308695912361145,0.007713742554187775,21.127349853515625,0.5830510258674622,12.734134674072266,12.838558197021484,0.0005563967279158533,33.281341552734375,0.0524672195315361,6.232928276062012,33.281341552734375,0.07275390625,0.1266326904296875
U-Tikhonov T16/CG64,361,61,0,/Users/kyrillguba/Documents/Data Analytics MSc/Thesis/Python/First Try/data/DIV2K/DIV2K_valid_HR/0862.png,div2k/0862.png/sigma_0.200,div2k,0862.png,20061,b28039f4ed1566ad4bef028589288dfa1cf33c4b676694010eb5d0d9f228ef50,4820261adc58f9a6bea33c5479ff019705b3da7499d34b6542d9ba13b9b5f99c,0.20000000298023224,0.03686685115098953,14.333640098571777,0.17305605113506317,0.0011547139147296548,29.37525749206543,0.8268340826034546,18.771642684936523,12.07344913482666,0.006404483690857887,33.281341552734375,0.3832347095012665,19.156543731689453,33.28133010864258,0.008148193359375,0.18878173828125
U-Tikhonov T16/CG64,362,62,0,/Users/kyrillguba/Documents/Data Analytics MSc/Thesis/Python/First Try/data/DIV2K/DIV2K_valid_HR/0863.png,div2k/0863.png/sigma_0.200,div2k,0863.png,20062,69a9aeec52e386294dc8c778c0d11c7f842f0960ca488aa898c25c50220c823a,d780733bdf706552225d6106d455668cbfbe8d92034d18f631d56834b15227e7,0.20000000298023224,0.03160873055458069,15.001930236816406,0.3139244318008423,0.003668659832328558,24.35492515563965,0.7950569987297058,11.033465385437012,11.5888090133667,0.0002643824846018106,33.281341552734375,0.110596664249897,5.110016822814941,33.276859283447266,0.03643798828125,0.063812255859375
U-Tikhonov T16/CG64,363,63,0,/Users/kyrillguba/Documents/Data Analytics MSc/Thesis/Python/First Try/data/DIV2K/DIV2K_valid_HR/0864.png,div2k/0864.png/sigma_0.200,div2k,0864.png,20063,fb786dffb18452c590dd1e18bebeea18d1c1bec24fd9d36d75ba35ad6c8a81d3,7091c6bf8715f2aa50554dd09088bda7b30f1bc28f9fc3664aa30eb204067fe8,0.20000000298023224,0.03352510184049606,14.746299743652344,0.33066898584365845,0.0036635547876358032,24.360973358154297,0.7229159474372864,7.422513484954834,8.290448188781738,0.0005948420730419457,33.281341552734375,0.13715727627277374,4.0530500411987305,33.07472610473633,0.03277587890625,0.0125274658203125
U-Tikhonov T16/CG64,364,64,0,/Users/kyrillguba/Documents/Data Analytics MSc/Thesis/Python/First Try/data/DIV2K/DIV2K_valid_HR/0865.png,div2k/0865.png/sigma_0.200,div2k,0865.png,20064,f92af3991be3de305c0efcfbe87ac07586eb280db7c47c56bbf8452a9b10010c,90d1393c3ddd7e8ffcba157a5a01da7164b0df76e78c26361f7aecad53d92456,0.20000000298023224,0.03601345419883728,14.43535327911377,0.3257502317428589,0.003583267331123352,24.45720863342285,0.7500748634338379,8.873345375061035,9.698173522949219,0.0012282811803743243,33.28133773803711,0.10114200413227081,4.569863796234131,33.20607376098633,0.042449951171875,0.020721435546875
U-Tikhonov T16/CG64,365,65,0,/Users/kyrillguba/Documents/Data Analytics MSc/Thesis/Python/First Try/data/DIV2K/DIV2K_valid_HR/0866.png,div2k/0866.png/sigma_0.200,div2k,0866.png,20065,64fe1cb87ea16bd47a4af52b635bd686b87a3bb0bb006aa875e7090e7f4f1b09,2954fcac34dc5bd3a33b7df711f1be5ceae9d1821524cbd414e6dfb3156fc9ce,0.20000000298023224,0.035266436636447906,14.526385307312012,0.4578568935394287,0.005981434136629105,22.231945037841797,0.7482174038887024,6.746164321899414,8.564847946166992,0.0003957775479648262,33.28126907348633,0.04108855500817299,2.934206008911133,32.87035369873047,0.091949462890625,0.0088958740234375
U-Tikhonov T16/CG64,366,66,0,/Users/kyrillguba/Documents/Data Analytics MSc/Thesis/Python/First Try/data/DIV2K/DIV2K_valid_HR/0867.png,div2k/0867.png/sigma_0.200,div2k,0867.png,20066,a1b0a4eea55a3cc398df9e911e7db0ecbec9938d8ca0f96d3252df65b6daed62,5964f2890f1408ba86d314e1c9c42f670a8edece377d58e3d3958934d38b8893,0.20000000298023224,0.034480925649404526,14.624210357666016,0.47348377108573914,0.005864216014742851,22.317901611328125,0.7596861124038696,5.714442253112793,8.263677597045898,0.00018903278396464884,33.281341552734375,0.0458323210477829,2.2144737243652344,33.264339447021484,0.0915374755859375,0.0208587646484375
U-Tikhonov T16/CG64,367,67,0,/Users/kyrillguba/Documents/Data Analytics MSc/Thesis/Python/First Try/data/DIV2K/DIV2K_valid_HR/0868.png,div2k/0868.png/sigma_0.200,div2k,0868.png,20067,a5806164ffd45d6b14c4f40b199c062ca7d2855351fd99291a948b57f15212f1,465c26b1cbdfae3ecb59dd6e0d09f74792f22c393fbb749303a03ec426ebbf03,0.20000000298023224,0.026768792420625687,15.723712921142578,0.2254057675600052,0.0027371160686016083,25.62706756591797,0.9087914824485779,21.017332077026367,12.677989959716797,0.0010170286986976862,33.281341552734375,0.09010770171880722,26.841552734375,33.28132247924805,0.03289794921875,0.2449493408203125
U-Tikhonov T16/CG64,368,68,0,/Users/kyrillguba/Documents/Data Analytics MSc/Thesis/Python/First Try/data/DIV2K/DIV2K_valid_HR/0869.png,div2k/0869.png/sigma_0.200,div2k,0869.png,20068,bc61ffc14754a4c0e306111ec7946ec828ebc05b363e7717d8c2f300d7750e5c,36f206402b78ad5ab0880a6b592711e7c885becdc90eef7fe621d4ab62b398ec,0.20000000298023224,0.03406920284032822,14.676380157470703,0.34946340322494507,0.003916020505130291,24.071550369262695,0.7854480743408203,12.283441543579102,12.473479270935059,0.0009134722058661282,33.281341552734375,0.07584472745656967,5.767353057861328,33.28131103515625,0.051971435546875,0.0994415283203125
U-Tikhonov T16/CG64,369,69,0,/Users/kyrillguba/Documents/Data Analytics MSc/Thesis/Python/First Try/data/DIV2K/DIV2K_valid_HR/0870.png,div2k/0870.png/sigma_0.200,div2k,0870.png,20069,23fb86d88c32c580e802edb1ef9cd9aecf3ca74c79ecdde14ada63f7050ad410,219e0a4de36ff22468460598ca62afa4d15793b89619335984211ee3820ae7ef,0.20000000298023224,0.035971950739622116,14.440360069274902,0.44418126344680786,0.0066852932795882225,21.748794555664062,0.6744186878204346,4.656777858734131,5.952963829040527,0.0006447263876907527,33.28129959106445,0.08505101501941681,2.5370750427246094,30.64889907836914,0.0542449951171875,0.0025482177734375
U-Tikhonov T16/CG64,370,70,0,/Users/kyrillguba/Documents/Data Analytics MSc/Thesis/Python/First Try/data/DIV2K/DIV2K_valid_HR/0871.png,div2k/0871.png/sigma_0.200,div2k,0871.png,20070,755675f2824bd9535075c3a3649ecad82608dffc5b28d5b6777c999ce5ac8feb,a79bf595f2c35f73db39ff8464a46ed80dec925a442f059004d20a97e85a0c8e,0.20000000298023224,0.03537418693304062,14.51313591003418,0.41837066411972046,0.004591358359903097,23.380586624145508,0.7802376747131348,6.111824035644531,7.567851543426514,0.0013560971710830927,33.2811279296875,0.06793144345283508,2.9466302394866943,32.1392936706543,0.0650482177734375,0.004302978515625
U-Tikhonov T16/CG64,371,71,0,/Users/kyrillguba/Documents/Data Analytics MSc/Thesis/Python/First Try/data/DIV2K/DIV2K_valid_HR/0872.png,div2k/0872.png/sigma_0.200,div2k,0872.png,20071,a3051017ca8c7da3a6c7830c9bb928ecf2b81dc2add6c092a6aecfa321376f6b,88e68177068cbd31ad772278e816e19225d0663ce834533f13771150b6b57cf5,0.20000000298023224,0.03403836861252785,14.680313110351562,0.5207550525665283,0.006397758144885302,21.939720153808594,0.7864656448364258,5.773879051208496,7.944920539855957,0.0006546601071022451,33.281253814697266,0.03414706885814667,2.274430274963379,32.845054626464844,0.106109619140625,0.0088958740234375
U-Tikhonov T16/CG64,372,72,0,/Users/kyrillguba/Documents/Data Analytics MSc/Thesis/Python/First Try/data/DIV2K/DIV2K_valid_HR/0873.png,div2k/0873.png/sigma_0.200,div2k,0873.png,20072,98eca5a763607b677cf4da90c4112b7bd27d325edaf99023f29c46b2af95740e,7df1704bbe1322c04c0d2b26bd0241e4897670f342768c095d593e3c06d37bf4,0.20000000298023224,0.03487865626811981,14.574402809143066,0.3522554934024811,0.0053019654005765915,22.755630493164062,0.6936907172203064,7.833842754364014,9.325368881225586,0.00410133833065629,33.281341552734375,0.16756731271743774,3.7366833686828613,33.27000427246094,0.02752685546875,0.0323638916015625
U-Tikhonov T16/CG64,373,73,0,/Users/kyrillguba/Documents/Data Analytics MSc/Thesis/Python/First Try/data/DIV2K/DIV2K_valid_HR/0874.png,div2k/0874.png/sigma_0.200,div2k,0874.png,20073,c1b141701b55a15db0c8d9d38d28131d0c6935abc941c0cf5a1b8e17483ce6db,35c4abcf48cf7524a711d976d8e03b77f49dc1e4c68c058a0528cabd24b2cacd,0.20000000298023224,0.035851430147886276,14.454936027526855,0.2942853569984436,0.0034483629278838634,24.623870849609375,0.6941455602645874,11.848653793334961,10.639119148254395,0.0005615625996142626,33.281341552734375,0.12678568065166473,7.826825141906738,33.27898025512695,0.0263671875,0.045257568359375
U-Tikhonov T16/CG64,374,74,0,/Users/kyrillguba/Documents/Data Analytics MSc/Thesis/Python/First Try/data/DIV2K/DIV2K_valid_HR/0875.png,div2k/0875.png/sigma_0.200,div2k,0875.png,20074,9efdc0057bb6e53db148019bb4a13192254fce5f31a016a4924e85fc6ee62a16,9877db0a1376db91dbf497f2477bde886751f7dea26f5ac13b9032971be347e6,0.20000000298023224,0.033506277948617935,14.748739242553711,0.543152928352356,0.007320059463381767,21.354854583740234,0.7798129916191101,4.570261478424072,7.02846097946167,0.00011915330105694011,33.281341552734375,0.03218298405408859,1.81576406955719,33.05771255493164,0.1156768798828125,0.0113372802734375
U-Tikhonov T16/CG64,375,75,0,/Users/kyrillguba/Documents/Data Analytics MSc/Thesis/Python/First Try/data/DIV2K/DIV2K_valid_HR/0876.png,div2k/0876.png/sigma_0.200,div2k,0876.png,20075,84df379a2b4a7b995296e31b3954bfb9a7731d5e2d0b8650405a416a53e11125,65c02e218168eb9c271e94d5d0dd57a6b0be70fe214cd357fb1ff42a1844853f,0.20000000298023224,0.028178391978144646,15.500837326049805,0.33955687284469604,0.005550399422645569,22.556758880615234,0.6022934317588806,8.048030853271484,8.80058765411377,0.0015111926477402449,33.281333923339844,0.08324380218982697,4.30949592590332,32.90498352050781,0.044830322265625,0.0092926025390625
U-Tikhonov T16/CG64,376,76,0,/Users/kyrillguba/Documents/Data Analytics MSc/Thesis/Python/First Try/data/DIV2K/DIV2K_valid_HR/0877.png,div2k/0877.png/sigma_0.200,div2k,0877.png,20076,a7be10c02736c3557926612d053466a395f1f8df83ddeeff7027d05bb769b33a,ea9825c0949f3cd8c6b4d480e6112272c42e2be6f4ac56184829b0b07e52fd9c,0.20000000298023224,0.028335880488157272,15.476632118225098,0.23389972746372223,0.002702761208638549,25.681922912597656,0.723638653755188,11.444673538208008,10.358380317687988,0.0007723189773969352,33.281341552734375,0.1177893802523613,7.628798007965088,33.280208587646484,0.03009033203125,0.0380401611328125
U-Tikhonov T16/CG64,377,77,0,/Users/kyrillguba/Documents/Data Analytics MSc/Thesis/Python/First Try/data/DIV2K/DIV2K_valid_HR/0878.png,div2k/0878.png/sigma_0.200,div2k,0878.png,20077,f1e61ee7f615bf40fc0cc24a3750fc6413019d89281f32d061c3bfb42fdf3082,dca2e358e577b53bd2c62533026388c36d3b10131e48cdffac6527851e5667cd,0.20000000298023224,0.03506205976009369,14.55162525177002,0.431956022977829,0.005242792423814535,22.80437469482422,0.7392525672912598,6.7094831466674805,8.408480644226074,0.00019727181643247604,33.281341552734375,0.06442267447710037,3.134606122970581,33.220645904541016,0.060150146484375,0.016204833984375
U-Tikhonov T16/CG64,378,78,0,/Users/kyrillguba/Documents/Data Analytics MSc/Thesis/Python/First Try/data/DIV2K/DIV2K_valid_HR/0879.png,div2k/0879.png/sigma_0.200,div2k,0879.png,20078,f7a72db70e5d13cc9ce0514ee1b317f98a5b43e5671f68071037416761ac50bb,78780c6a8abb79c1f6560c35bebe1eac0ff11d296dd876d2b0fedc6451025a5d,0.20000000298023224,0.03479751572012901,14.584518432617188,0.32616156339645386,0.003804651787504554,24.19685173034668,0.8627071976661682,17.620941162109375,14.43574333190918,0.0010188741143792868,33.281341552734375,0.05205358937382698,18.719486236572266,33.281341552734375,0.07061767578125,0.299530029296875
U-Tikhonov T16/CG64,379,79,0,/Users/kyrillguba/Documents/Data Analytics MSc/Thesis/Python/First Try/data/DIV2K/DIV2K_valid_HR/0880.png,div2k/0880.png/sigma_0.200,div2k,0880.png,20079,2464ffab9474f65f91c41e6231fc7c3907d471b36d493192c28dd9a9c9ac3c4c,e603ea3706046d50c09932ba798b1ee339b5ce8ffc1b0ac2e4a0b80507cfaeab,0.20000000298023224,0.037251368165016174,14.288578033447266,0.249284565448761,0.002656725700944662,25.756532669067383,0.8241145610809326,16.51830291748047,13.133761405944824,0.0015924941981211305,33.281341552734375,0.13174434006214142,14.204243659973145,33.281341552734375,0.0287322998046875,0.181976318359375
U-Tikhonov T16/CG64,380,80,0,/Users/kyrillguba/Documents/Data Analytics MSc/Thesis/Python/First Try/data/DIV2K/DIV2K_valid_HR/0881.png,div2k/0881.png/sigma_0.200,div2k,0881.png,20080,b4be0560c87adf38d8561ec3fb5a8e3e0e5d0b43501194ff1ff77f1511e89119,7166e21de0ec4a3a0a60c18bb3c6bdbdaedb3781df9daf2f32001a600eb4d00e,0.20000000298023224,0.036281973123550415,14.403091430664062,0.2680695652961731,0.002657504752278328,25.755260467529297,0.7820018529891968,13.468742370605469,11.45502758026123,0.0011366918915882707,33.281341552734375,0.1438724398612976,9.506755828857422,33.28016662597656,0.024169921875,0.0726165771484375
U-Tikhonov T16/CG64,381,81,0,/Users/kyrillguba/Documents/Data Analytics MSc/Thesis/Python/First Try/data/DIV2K/DIV2K_valid_HR/0882.png,div2k/0882.png/sigma_0.200,div2k,0882.png,20081,aac379d4eb1f7ffb4575e0fcca3a6836e85643267b9f537632bdfd3422ae2a6d,4a8a91d1eb131143047ce2053b13f35b5261dfa487572d9505294a2307ca301a,0.20000000298023224,0.0341230109333992,14.669527053833008,0.41631826758384705,0.004649323411285877,23.32610321044922,0.8225917816162109,7.036507606506348,9.390872955322266,0.00032966610160656273,33.281341552734375,0.028622744604945183,2.7552201747894287,33.277099609375,0.098480224609375,0.0332489013671875
U-Tikhonov T16/CG64,382,82,0,/Users/kyrillguba/Documents/Data Analytics MSc/Thesis/Python/First Try/data/DIV2K/DIV2K_valid_HR/0883.png,div2k/0883.png/sigma_0.200,div2k,0883.png,20082,dc84aa16cb279e020e6bb4a512b74aeb161e2c3b612b40cfe834b4ea44c4dbd4,f968f97cdcb300ed5453d17866c644abc15ea8e64b3eaa6d9476a7d3fb39e361,0.20000000298023224,0.03476158156991005,14.589004516601562,0.45862719416618347,0.005572276655584574,22.5396728515625,0.7696530818939209,7.074477672576904,9.230687141418457,0.0007951461593620479,33.281341552734375,0.04873449355363846,2.9193124771118164,33.26451873779297,0.078857421875,0.0284881591796875
U-Tikhonov T16/CG64,383,83,0,/Users/kyrillguba/Documents/Data Analytics MSc/Thesis/Python/First Try/data/DIV2K/DIV2K_valid_HR/0884.png,div2k/0884.png/sigma_0.200,div2k,0884.png,20083,c3e792b1483d91371c9eeedd1d20a4f45de1d748d7f261794ce740fbc3ea3016,b3e68d1de2a920804b91791c0d677aa24728939fd14d310e26800d225ab4be9b,0.20000000298023224,0.03392934054136276,14.694246292114258,0.44503068923950195,0.006033048499375582,22.194631576538086,0.733758807182312,4.8027191162109375,6.475164413452148,0.0011090183397755027,33.281341552734375,0.05592908710241318,2.3488080501556396,31.65797233581543,0.077789306640625,0.0048675537109375
U-Tikhonov T16/CG64,384,84,0,/Users/kyrillguba/Documents/Data Analytics MSc/Thesis/Python/First Try/data/DIV2K/DIV2K_valid_HR/0885.png,div2k/0885.png/sigma_0.200,div2k,0885.png,20084,d1b12f5bdff73a004166bc26bfd68ed924612ba4dfeb5ee46ef886fec9606402,31f004729c830620ca1ba9f6fe596a4b6f250d8744af4ac80a64d06220e699a7,0.20000000298023224,0.0355042964220047,14.4971923828125,0.32031136751174927,0.004702412988990545,23.27679443359375,0.6192556619644165,9.656747817993164,9.599650382995605,0.0016560995718464255,33.281341552734375,0.1201588585972786,5.815158843994141,33.27336883544922,0.0328826904296875,0.0285491943359375
U-Tikhonov T16/CG64,385,85,0,/Users/kyrillguba/Documents/Data Analytics MSc/Thesis/Python/First Try/data/DIV2K/DIV2K_valid_HR/0886.png,div2k/0886.png/sigma_0.200,div2k,0886.png,20085,8269830c494c50f2ca58c9fe1491092884eabccc73e5d87438dd2282f32843ab,5090a794b23aed4ff2a947070aca2f5086a41b055a575c092c8c2d29c1fbb480,0.20000000298023224,0.03441639617085457,14.632347106933594,0.2730441093444824,0.002679773373529315,25.719017028808594,0.8176029920578003,11.687934875488281,10.736151695251465,0.00022848733351565897,33.281341552734375,0.08621572703123093,7.624671936035156,33.27988815307617,0.0397186279296875,0.0404815673828125
U-Tikhonov T16/CG64,386,86,0,/Users/kyrillguba/Documents/Data Analytics MSc/Thesis/Python/First Try/data/DIV2K/DIV2K_valid_HR/0887.png,div2k/0887.png/sigma_0.200,div2k,0887.png,20086,9674e5076ec8c005bce7e3450e6bf09deb82df9952eaff58c7717b3a16e90f3e,cb6dc7d80b36eebb807ed61bfaab5fe993781416d78a74541f85ebfd66f013a2,0.20000000298023224,0.0338304229080677,14.706926345825195,0.31739869713783264,0.004396076314151287,23.569347381591797,0.7409709095954895,12.889260292053223,12.485432624816895,0.0010292930528521538,33.281341552734375,0.07636964321136475,6.841863632202148,33.28118896484375,0.0476226806640625,0.109405517578125
U-Tikhonov T16/CG64,387,87,0,/Users/kyrillguba/Documents/Data Analytics MSc/Thesis/Python/First Try/data/DIV2K/DIV2K_valid_HR/0888.png,div2k/0888.png/sigma_0.200,div2k,0888.png,20087,0b12dfb6e7a24bf393f0f61b8c12a04a0e14c82f6eb77cce3a6d2ed989cadb40,989434f28b0788a40100a8ddf47b22f95f46695a227160402fe452a33a1ef18a,0.20000000298023224,0.03279835730791092,14.841479301452637,0.5270345211029053,0.00659899041056633,21.805227279663086,0.7866120934486389,5.1992340087890625,7.585170745849609,0.0003828112385235727,33.28132629394531,0.028670795261859894,2.049879550933838,32.6697883605957,0.117401123046875,0.0072174072265625
U-Tikhonov T16/CG64,388,88,0,/Users/kyrillguba/Documents/Data Analytics MSc/Thesis/Python/First Try/data/DIV2K/DIV2K_valid_HR/0889.png,div2k/0889.png/sigma_0.200,div2k,0889.png,20088,65b588cd7d91eb7ab3ad2ee297b48e2bcd71468e6f3fd4cedd22296161fcf0b3,be54b7f435b3b199ad7e6c9cc6b6a0fecaadffa375c554b9a64cff2706771179,0.20000000298023224,0.033237118273973465,14.78376579284668,0.555973470211029,0.008306963369250298,20.805578231811523,0.7529969811439514,4.076243877410889,6.40683126449585,0.0005742885987274349,33.28133773803711,0.03689596801996231,1.6432437896728516,32.27009963989258,0.1237335205078125,0.0059051513671875
U-Tikhonov T16/CG64,389,89,0,/Users/kyrillguba/Documents/Data Analytics MSc/Thesis/Python/First Try/data/DIV2K/DIV2K_valid_HR/0890.png,div2k/0890.png/sigma_0.200,div2k,0890.png,20089,641726511e5ab55ecb5dccce15a53a64473d43e0a2be22d51e522b22644d2891,fd5743f5954bbc815efe4ebf196325a88b1e7dd8a4b25e5e387781090eb033d4,0.20000000298023224,0.037814974784851074,14.22336196899414,0.2335721105337143,0.002481102477759123,26.053552627563477,0.7929603457450867,16.458240509033203,13.31181812286377,0.0020589791238307953,33.281341552734375,0.23123200237751007,12.39378547668457,33.281341552734375,0.0161285400390625,0.2236328125
U-Tikhonov T16/CG64,390,90,0,/Users/kyrillguba/Documents/Data Analytics MSc/Thesis/Python/First Try/data/DIV2K/DIV2K_valid_HR/0891.png,div2k/0891.png/sigma_0.200,div2k,0891.png,20090,df25cc2cba32c4a350c4749f690c8d6acb73d96d359ca40b6fee4071dbf564d0,3da8a8b352a17c343a23cea35666e8373cf8d98256eb66e4d032cd01077be443,0.20000000298023224,0.03475739434361458,14.589529037475586,0.5113816857337952,0.0066596511751413345,21.765483856201172,0.7673978805541992,5.682758808135986,7.727148056030273,0.0006380414706654847,33.281333923339844,0.04780786484479904,2.3540310859680176,32.60668182373047,0.0928955078125,0.0065155029296875
U-Tikhonov T16/CG64,391,91,0,/Users/kyrillguba/Documents/Data Analytics MSc/Thesis/Python/First Try/data/DIV2K/DIV2K_valid_HR/0892.png,div2k/0892.png/sigma_0.200,div2k,0892.png,20091,cf51693d41de71e034484154f59145fbffeb5a48fb250085472f21ef15bc44ee,c9de2d7ce3d4c96763d50b0da313f0a35a996901edf7b82e802884bc9754c897,0.20000000298023224,0.033709567040205,14.722469329833984,0.4961593449115753,0.00837222021073103,20.771595001220703,0.6903996467590332,5.001927375793457,7.1856513023376465,0.0011270151007920504,33.281333923339844,0.05250094458460808,1.9983141422271729,32.24025344848633,0.09478759765625,0.005096435546875
U-Tikhonov T16/CG64,392,92,0,/Users/kyrillguba/Documents/Data Analytics MSc/Thesis/Python/First Try/data/DIV2K/DIV2K_valid_HR/0893.png,div2k/0893.png/sigma_0.200,div2k,0893.png,20092,e38a2d9fc2bb1bfe2d7f4ac7ac04be6e3b640472049753a9ec509cb5b184dfae,1aeb39a7c057f8c0c11548e1a0a3c52df0a20992fc3d2fb9a355dfdb4d0cfe85,0.20000000298023224,0.029935676604509354,15.23810863494873,0.3564750552177429,0.004228952340781689,23.7376708984375,0.7589300870895386,10.096592903137207,10.634268760681152,0.0011373615125194192,33.281341552734375,0.04373835772275925,5.334201812744141,33.26966094970703,0.0740509033203125,0.0355682373046875
U-Tikhonov T16/CG64,393,93,0,/Users/kyrillguba/Documents/Data Analytics MSc/Thesis/Python/First Try/data/DIV2K/DIV2K_valid_HR/0894.png,div2k/0894.png/sigma_0.200,div2k,0894.png,20093,f7c053db8ff81bb3c056ed342eb0bfb9ba890e8adb30617f79d560f11e941c73,588cfbc0eeddb212fa887a3b3b5ba21fdf249c31a0afb25accd33ccf2bc539ce,0.20000000298023224,0.0319073386490345,14.96109390258789,0.30068713426589966,0.003046708181500435,25.161693572998047,0.736209511756897,14.91896915435791,11.935901641845703,0.0002129276399500668,33.281341552734375,0.05981794744729996,11.993697166442871,33.28122329711914,0.0389251708984375,0.0853271484375
U-Tikhonov T16/CG64,394,94,0,/Users/kyrillguba/Documents/Data Analytics MSc/Thesis/Python/First Try/data/DIV2K/DIV2K_valid_HR/0895.png,div2k/0895.png/sigma_0.200,div2k,0895.png,20094,abdbc9e5dd323d44902bb35948460b514a4fe27d53aa9bc4f2072e0a425a5902,ead625aa75c30e3d4b40f35d04e20fa2647ef475e67985bae05522942553d84b,0.20000000298023224,0.033872198313474655,14.701566696166992,0.4027783274650574,0.006421282887458801,21.923782348632812,0.6076573133468628,10.442554473876953,10.34288215637207,0.00039112314698286355,33.281341552734375,0.07150165736675262,6.129692077636719,33.277164459228516,0.0385894775390625,0.0430908203125
U-Tikhonov T16/CG64,395,95,0,/Users/kyrillguba/Documents/Data Analytics MSc/Thesis/Python/First Try/data/DIV2K/DIV2K_valid_HR/0896.png,div2k/0896.png/sigma_0.200,div2k,0896.png,20095,857388cd8fc429b194bc7374762cee70b099ddf090a6495b03d92edc4c8c7b8d,9b629a54edfc26f48b21efba1d63d626798c57e0f95abf896ac44ae88e20ffe2,0.20000000298023224,0.025447476655244827,15.943553924560547,0.321191668510437,0.004007409792393446,23.971364974975586,0.9087517261505127,18.07604217529297,12.738402366638184,0.00015204337250906974,33.281341552734375,0.035944871604442596,19.40271759033203,33.28126907348633,0.0546875,0.1569366455078125
U-Tikhonov T16/CG64,396,96,0,/Users/kyrillguba/Documents/Data Analytics MSc/Thesis/Python/First Try/data/DIV2K/DIV2K_valid_HR/0897.png,div2k/0897.png/sigma_0.200,div2k,0897.png,20096,a75baf8d323b01687486bd536ce524304bab0a20ffcaf0d6d19c9abe9c8bef57,749e175ee734d35a8d9a556aaaed8c0fe69b7b2d6326aa99454b7e75db9cd220,0.20000000298023224,0.031735606491565704,14.984532356262207,0.7208259105682373,0.015464456751942635,18.106653213500977,0.7737998962402344,2.32313871383667,5.108243465423584,0.000563582987524569,33.281341552734375,0.006621819455176592,0.4964678883552551,28.614870071411133,0.410308837890625,0.00250244140625
U-Tikhonov T16/CG64,397,97,0,/Users/kyrillguba/Documents/Data Analytics MSc/Thesis/Python/First Try/data/DIV2K/DIV2K_valid_HR/0898.png,div2k/0898.png/sigma_0.200,div2k,0898.png,20097,0f9b0c2f1793b1dd0ac81be97181b9e904a39fcf108cd39194842f26678085f7,32ff9e5e74cfb1b5ed2be6075c4c5b4dcefea89df61a3c0ec15b091d9e701f3e,0.20000000298023224,0.03794851154088974,14.208051681518555,0.2123604714870453,0.002171967178583145,26.631467819213867,0.8913105130195618,22.85036849975586,13.346416473388672,0.0011997275287285447,33.281341552734375,0.13684719800949097,32.19895935058594,33.281341552734375,0.0281829833984375,0.428436279296875
U-Tikhonov T16/CG64,398,98,0,/Users/kyrillguba/Documents/Data Analytics MSc/Thesis/Python/First Try/data/DIV2K/DIV2K_valid_HR/0899.png,div2k/0899.png/sigma_0.200,div2k,0899.png,20098,bea5ead4e165747f9c0e6d434cc536abdd4760b1a8da09c78f705024684bff65,df36f4c23d3ac270a772e4754c97257661ffdcd353a277fd025a945e06c8e707,0.20000000298023224,0.031405672430992126,15.029918670654297,0.45998048782348633,0.005691740661859512,22.44754981994629,0.7571803331375122,7.0135908126831055,9.199703216552734,0.0003201750514563173,33.281341552734375,0.02000952698290348,2.753664970397949,33.27222442626953,0.1383209228515625,0.0234222412109375
U-Tikhonov T16/CG64,399,99,0,/Users/kyrillguba/Documents/Data Analytics MSc/Thesis/Python/First Try/data/DIV2K/DIV2K_valid_HR/0900.png,div2k/0900.png/sigma_0.200,div2k,0900.png,20099,72e06d86758e25d0f39e87b43b4ed00325b96cc08c65fc1809df35beee23e59c,6596346c0ac3601c2d477f0860e483184b47e376159b28c27fa46ac692f4f34b,0.20000000298023224,0.02798222005367279,15.53117847442627,0.4312431216239929,0.007057261187583208,21.51363754272461,0.6685507297515869,8.017255783081055,9.784269332885742,0.0006272084428928792,33.281341552734375,0.03404349461197853,3.370028495788574,33.26893615722656,0.090362548828125,0.028045654296875
U-Tikhonov T16/CG64,400,0,0,synthetic://square_gradient,geometry/square_gradient.png/sigma_0.050,geometry,square_gradient.png,120000,69d638ce9b8ea492be887d3cca9e04628775de3ace35db2af3b2a354abce36b9,381b98e00bdf325786b1f79a03300427cfc8e587f6149e40fda93880781b996a,0.05000000074505806,0.0024409382604062557,26.124431610107422,0.43573692440986633,6.449573993450031e-05,41.904693603515625,0.9869502782821655,11.237863540649414,7.1633381843566895,0.0010076876496896148,33.28017807006836,0.12036283314228058,9.903568267822266,31.799339294433594,0.0162353515625,0.0052947998046875
U-Tikhonov T16/CG64,401,1,0,synthetic://step_edge,geometry/step_edge.png/sigma_0.050,geometry,step_edge.png,120001,46a0cfb6b125b4908cb2a16970e2041b41c21563e053b7790f33acb54949ff36,d77f90b4a6b9090ea0d8321449c706c5ac5a02cbbd48fd8f34bddcc4c639301e,0.05000000074505806,0.0025068973191082478,26.008634567260742,0.34547513723373413,3.4684297133935615e-05,44.598670959472656,0.9945486187934875,25.824542999267578,8.841907501220703,0.020467400550842285,33.281341552734375,0.7947691082954407,29.914716720581055,33.28131866455078,0.008453369140625,0.204071044921875
U-Tikhonov T16/CG64,402,2,0,synthetic://disk,geometry/disk.png/sigma_0.050,geometry,disk.png,120002,7857258e5183d682d876f68736683f6df789e0b9689292b104d2856a4b91b6a2,ef72398c75f633bf77d9a5e391e7829448a1bfb4fc1838d7d92e1ba20979ffaa,0.05000000074505806,0.0025164575781673193,25.992103576660156,0.37755006551742554,0.0001186990921269171,39.25552749633789,0.9916755557060242,24.192771911621094,10.173626899719238,0.0002726743114180863,33.281341552734375,0.10126123577356339,28.87472915649414,33.28125762939453,0.017669677734375,0.180755615234375
U-Tikhonov T16/CG64,403,3,0,synthetic://triangle,geometry/triangle.png/sigma_0.050,geometry,triangle.png,120003,049531080ddc88147f5d85141fa42f562e23ea28cb9cec98167ea9aee093e1b5,4f39de21ac476e75cd2db88bd8233c2fc6dbc683ec3005ced5809bc873c5edc5,0.05000000074505806,0.002525556134060025,25.976430892944336,0.37563374638557434,0.0001178961611003615,39.285003662109375,0.989909827709198,24.29052734375,10.627850532531738,0.0004940935177728534,33.281341552734375,0.08743005990982056,29.673263549804688,33.28120803833008,0.0192413330078125,0.195648193359375
U-Tikhonov T16/CG64,404,4,0,synthetic://nested_rectangles,geometry/nested_rectangles.png/sigma_0.050,geometry,nested_rectangles.png,120004,13e7d9eb3793d137ce5fc6e419e2980ccaa68520dcbf0649f7388a0716d7318a,c4443e66cb39eff77c9a57450116e0a489029ed3eceacfd3fe04d58634eae44b,0.05000000074505806,0.002501388546079397,26.0181884765625,0.43466585874557495,0.00013849686365574598,38.585601806640625,0.9887303113937378,21.273508071899414,11.639002799987793,0.0006579886539839208,33.281341552734375,0.014925912953913212,25.634246826171875,33.2812614440918,0.063995361328125,0.1527252197265625
U-Tikhonov T16/CG64,405,0,0,synthetic://square_gradient,geometry/square_gradient.png/sigma_0.100,geometry,square_gradient.png,120000,69d638ce9b8ea492be887d3cca9e04628775de3ace35db2af3b2a354abce36b9,9f3b3a4a4f4cf655fc8ed1e09d76f9a667adf4ea5498eb48f2ef924ca6aa5155,0.10000000149011612,0.00911085493862629,20.40441131591797,0.22990202903747559,0.00020216876873746514,36.9428596496582,0.9701111912727356,17.361173629760742,10.30942153930664,0.0011488916352391243,33.28133773803711,0.20129214227199554,16.708234786987305,33.26380920410156,0.0137481689453125,0.0465240478515625
U-Tikhonov T16/CG64,406,1,0,synthetic://step_edge,geometry/step_edge.png/sigma_0.100,geometry,step_edge.png,120001,46a0cfb6b125b4908cb2a16970e2041b41c21563e053b7790f33acb54949ff36,d0aef4c0460fd06e1bb6e313e8b8f5de94f72301b64af00ff7bb6763c0440678,0.10000000149011612,0.009429641999304295,20.255048751831055,0.17545488476753235,9.58096788963303e-05,40.185909271240234,0.9852204322814941,27.738506317138672,8.48367977142334,0.0084470734000206,33.281341552734375,0.5314366221427917,32.27496337890625,33.281341552734375,0.0083160400390625,0.383087158203125
U-Tikhonov T16/CG64,407,2,0,synthetic://disk,geometry/disk.png/sigma_0.100,geometry,disk.png,120002,7857258e5183d682d876f68736683f6df789e0b9689292b104d2856a4b91b6a2,7b7ed0f631c1d323c2081212843b2826a439529f438efff117b8de247ad56d42,0.10000000149011612,0.009388170205056667,20.27419090270996,0.20454004406929016,0.0002442279364913702,36.122047424316406,0.977783203125,25.937028884887695,10.155842781066895,0.0003849124477710575,33.281341552734375,0.17917072772979736,31.71996307373047,33.28133773803711,0.01495361328125,0.3460235595703125
U-Tikhonov T16/CG64,408,3,0,synthetic://triangle,geometry/triangle.png/sigma_0.100,geometry,triangle.png,120003,049531080ddc88147f5d85141fa42f562e23ea28cb9cec98167ea9aee093e1b5,54fe3cc0fdd5a963a314993d1e51ba8c601da833471b47687b7d46d3fa7c98e7,0.10000000149011612,0.009412744082510471,20.262836456298828,0.20337511599063873,0.00025207787984982133,35.98465347290039,0.9742133617401123,25.604228973388672,10.627090454101562,0.00040962168714031577,33.281341552734375,0.14849640429019928,31.842666625976562,33.281341552734375,0.0166168212890625,0.359771728515625
U-Tikhonov T16/CG64,409,4,0,synthetic://nested_rectangles,geometry/nested_rectangles.png/sigma_0.100,geometry,nested_rectangles.png,120004,13e7d9eb3793d137ce5fc6e419e2980ccaa68520dcbf0649f7388a0716d7318a,63c46101e9cb6c7a22eb3666525ac6d60cacf949d7844593bd48ffffda510631,0.10000000149011612,0.009346477687358856,20.293521881103516,0.27218350768089294,0.00037120169145055115,34.30390167236328,0.9725216627120972,23.888498306274414,11.613882064819336,0.00033151154639199376,33.281341552734375,0.02489444427192211,30.670616149902344,33.281341552734375,0.0547027587890625,0.3195648193359375
U-Tikhonov T16/CG64,410,0,0,synthetic://square_gradient,geometry/square_gradient.png/sigma_0.150,geometry,square_gradient.png,120000,69d638ce9b8ea492be887d3cca9e04628775de3ace35db2af3b2a354abce36b9,31649acb9ccd1b270549ad2f0bf0cde096c2a0c68d047e1df9c9016482e68dd7,0.15000000596046448,0.019019896164536476,17.20792007446289,0.16453802585601807,0.00048242692719213665,33.165687561035156,0.951453685760498,20.62128257751465,11.017867088317871,0.002482927870005369,33.281341552734375,0.2654868960380554,22.924625396728516,33.28096008300781,0.0118560791015625,0.135528564453125
U-Tikhonov T16/CG64,411,1,0,synthetic://step_edge,geometry/step_edge.png/sigma_0.150,geometry,step_edge.png,120001,46a0cfb6b125b4908cb2a16970e2041b41c21563e053b7790f33acb54949ff36,e1f5fc79ee11e8dd490daa7cc75825b0db7f1914235dee41718bd32ed3f688db,0.15000000596046448,0.018474046140909195,17.334381103515625,0.1300438940525055,0.00022537245240528136,36.47099304199219,0.9739888310432434,27.899837493896484,8.710845947265625,0.0031442297622561455,33.281341552734375,0.617124080657959,32.66059875488281,33.281341552734375,0.00714111328125,0.4416351318359375
U-Tikhonov T16/CG64,412,2,0,synthetic://disk,geometry/disk.png/sigma_0.150,geometry,disk.png,120002,7857258e5183d682d876f68736683f6df789e0b9689292b104d2856a4b91b6a2,47fffa27443301825a14fd63a941e06c1bcbbe986a4ab7bbf4d7b91fffc28f42,0.15000000596046448,0.018330510705709457,17.368255615234375,0.15184386074543,0.0004339562729001045,33.62554168701172,0.9640355110168457,26.65237808227539,9.994087219238281,0.00045805610716342926,33.281341552734375,0.230319082736969,32.48951721191406,33.281341552734375,0.0130462646484375,0.427734375
U-Tikhonov T16/CG64,413,3,0,synthetic://triangle,geometry/triangle.png/sigma_0.150,geometry,triangle.png,120003,049531080ddc88147f5d85141fa42f562e23ea28cb9cec98167ea9aee093e1b5,7be1efc673471b6b66f81e23031bc7cbdd4963507dbf8c10370aa4309e8c227a,0.15000000596046448,0.018377475440502167,17.357141494750977,0.15105774998664856,0.000444345292635262,33.522796630859375,0.9593609571456909,26.211780548095703,10.487139701843262,0.00037332542706280947,33.281341552734375,0.20486217737197876,32.49989318847656,33.281341552734375,0.014495849609375,0.42938232421875
U-Tikhonov T16/CG64,414,4,0,synthetic://nested_rectangles,geometry/nested_rectangles.png/sigma_0.150,geometry,nested_rectangles.png,120004,13e7d9eb3793d137ce5fc6e419e2980ccaa68520dcbf0649f7388a0716d7318a,fe8c01635e7d659b7dd135a85da5df81aec8409768c9644930c5b337072bc087,0.15000000596046448,0.018300285562872887,17.375423431396484,0.21862663328647614,0.0006972959381528199,31.565828323364258,0.9564844369888306,25.031089782714844,11.441584587097168,0.000168718455825001,33.281341552734375,0.034674134105443954,32.147823333740234,33.281341552734375,0.0479583740234375,0.4130401611328125
U-Tikhonov T16/CG64,415,0,0,synthetic://square_gradient,geometry/square_gradient.png/sigma_0.200,geometry,square_gradient.png,120000,69d638ce9b8ea492be887d3cca9e04628775de3ace35db2af3b2a354abce36b9,329df26359bf779167ff14a2dec36b89a44c5a1449c11c0323a6aa51a375279e,0.20000000298023224,0.03136737644672394,15.035219192504883,0.13272278010845184,0.0010148535948246717,29.93596839904785,0.9316746592521667,22.89357566833496,10.970660209655762,0.0023762190248817205,33.281341552734375,0.321694552898407,27.64621353149414,33.28133010864258,0.010345458984375,0.2261199951171875
U-Tikhonov T16/CG64,416,1,0,synthetic://step_edge,geometry/step_edge.png/sigma_0.200,geometry,step_edge.png,120001,46a0cfb6b125b4908cb2a16970e2041b41c21563e053b7790f33acb54949ff36,c94cf39f857f2f46b7bdaff4587302ab90239752e9e38b7f84df736fdda2d5e0,0.20000000298023224,0.029116984456777573,15.358535766601562,0.1081797331571579,0.0006241080700419843,32.047401428222656,0.9598522782325745,28.014616012573242,8.762011528015137,0.0012815125519409776,33.281341552734375,0.6836358904838562,32.81825256347656,33.281341552734375,0.0059661865234375,0.4716033935546875
U-Tikhonov T16/CG64,417,2,0,synthetic://disk,geometry/disk.png/sigma_0.200,geometry,disk.png,120002,7857258e5183d682d876f68736683f6df789e0b9689292b104d2856a4b91b6a2,38dc9ed108b589e0540c4e888aa04be5a5fd5f3fd6b5ae7b8bab0602def23739,0.20000000298023224,0.028918933123350143,15.388177871704102,0.1240880936384201,0.0009101731702685356,30.408761978149414,0.9476114511489868,27.13233757019043,9.834142684936523,0.0005793861928395927,33.281341552734375,0.26094305515289307,32.828643798828125,33.281341552734375,0.011627197265625,0.476806640625
U-Tikhonov T16/CG64,418,3,0,synthetic://triangle,geometry/triangle.png/sigma_0.200,geometry,triangle.png,120003,049531080ddc88147f5d85141fa42f562e23ea28cb9cec98167ea9aee093e1b5,0acec794972311f6454e696cae572737706efa7bd1ac6f91794029caa85bcda3,0.20000000298023224,0.029010599479079247,15.374433517456055,0.12352502346038818,0.0009189129341393709,30.367258071899414,0.9421555995941162,26.68984031677246,10.330747604370117,0.00040880663436837494,33.281341552734375,0.24885772168636322,32.839107513427734,33.281341552734375,0.01263427734375,0.47906494140625
U-Tikhonov T16/CG64,419,4,0,synthetic://nested_rectangles,geometry/nested_rectangles.png/sigma_0.200,geometry,nested_rectangles.png,120004,13e7d9eb3793d137ce5fc6e419e2980ccaa68520dcbf0649f7388a0716d7318a,8e637de2ea898bbce96d192755b1499cd1bc08c9e6b7c764cf6b1265f3e10095,0.20000000298023224,0.02893802523612976,15.385311126708984,0.1873975396156311,0.0013332529924809933,28.75087547302246,0.9361394643783569,25.552337646484375,11.354497909545898,0.00014643814938608557,33.281341552734375,0.040820490568876266,32.64780807495117,33.281341552734375,0.042938232421875,0.4581298828125
