epoch,train_mse,val_mse,val_psnr,val_ssim,noisy_mse,noisy_psnr,noisy_ssim,train_phase_time_sec,validation_time_sec,epoch_time_sec,total_time_sec,train_images_per_sec,validation_images_per_sec,val_lambda_mean,val_lambda_std,val_lambda_min,val_lambda_max,val_lambda_p01,val_lambda_median,val_lambda_p99,val_lambda_lower_saturation_fraction,val_lambda_upper_saturation_fraction
1,0.0012294939124112,0.0011330736923264,29.9704825592041,0.7949055111408234,0.0096982070058584,20.136563453674317,0.3222671094536781,91.89354470884427,5.571485667023808,97.466183624696,97.4663683748804,5.441078604424296,8.97426700672267,2.964202332496643,0.0683455772697925,2.266022205352783,3.129760503768921,2.5072176933288572,2.971203079223633,3.0395728588104247,0.0,0.0
2,0.0011621320393132,0.0011285168339964,29.994807624816893,0.7964328408241272,0.0096982070058584,20.136563453674317,0.3222671094536781,87.62147404067218,5.210640375036746,92.83251741575076,190.43633879208937,5.706363713624696,9.595749543480515,3.003299927711487,0.1171519722044467,2.274281740188598,3.354684591293335,2.5487798690795898,3.0101934099197387,3.2264830446243287,0.0,0.0
3,0.001166495009078,0.0011183295253431,30.027273864746093,0.7964850795269013,0.0096982070058584,20.136563453674317,0.3222671094536781,86.54241474997252,5.237099875230342,91.779889207799,282.32580087473616,5.777513851959611,9.547268753930506,2.95740168094635,0.2688800708949566,2.213118076324463,3.969539165496826,2.4173952770233154,2.9471823167800903,3.599266834259033,0.0,0.0
4,0.0011405290117836,0.0011317403183784,30.004077491760253,0.7975647938251496,0.0096982070058584,20.136563453674317,0.3222671094536781,87.6940608327277,5.302510665729642,92.99712912505493,375.4214417920448,5.701640399042833,9.429495413022398,3.179346146583557,0.5508474189043046,2.045902967453003,5.321956157684326,2.221760768890381,3.1348476791381836,4.524510674476623,0.0,0.0
5,0.0010867899721088,0.0011166036053327,29.88995018005371,0.7721484458446503,0.0096982070058584,20.136563453674317,0.3222671094536781,86.07675812486559,5.27891741739586,91.35605479218066,466.8303402499296,5.808768951017935,9.471638983256812,2.072997374534607,0.4140928164124489,1.126466155052185,4.229666233062744,1.4512495756149293,2.0081863141059877,3.240810651779175,0.0,0.0
6,0.0010399217947087,0.0010935527729452,30.15682315826416,0.8009006571769715,0.0096982070058584,20.136563453674317,0.3222671094536781,84.42411458399147,5.2345517091453075,89.65902199968696,556.5404890840873,5.92247845848075,9.55191633939632,3.550524990558624,1.039161156415939,0.6464315056800842,7.092573165893555,1.4992661130428315,3.5981713819503782,5.889755301475525,0.0,0.0
7,0.0010007680451089,0.0009008955094031,30.961537284851076,0.8371228766441345,0.0096982070058584,20.136563453674317,0.3222671094536781,86.33214891608804,5.228754499927163,91.56178074982016,648.2000299589708,5.791585246951089,9.562506711817605,5.274167776107788,2.075897480249405,0.0128548247739672,8.245217323303223,0.6507600766420364,6.039925949573517,7.771836042404175,0.0004708862304687,3.96728515625e-06
8,0.0008918088701902,0.0008789017252274,31.034374351501462,0.8380806171894073,0.0096982070058584,20.136563453674317,0.3222671094536781,86.2416440830566,5.274662749841809,91.51676025008784,739.8335369587876,5.797663128018128,9.479279030967342,4.524205505847931,2.0757233822345733,0.0151841882616281,8.177916526794434,0.6234288404881955,4.967064092159271,7.492871608734131,0.000423583984375,0.0
9,0.0008225089609586,0.0008550798901706,31.170187225341795,0.8443496036529541,0.0096982070058584,20.136563453674317,0.3222671094536781,86.36213920777664,5.233181791845709,91.5961793330498,831.5317954588681,5.789574049307206,9.554416794369631,5.10413818359375,2.5532919144630433,0.0122978631407022,8.316681861877441,0.6437841390073299,5.488656096458435,8.263370628356933,0.0007257080078125,0.128076171875
10,0.0008231323248364,0.0008413874733378,31.25064785003662,0.8464974331855774,0.0096982070058584,20.136563453674317,0.3222671094536781,86.51371391676366,5.289432207588106,91.80355416703968,923.4335116669536,5.779430536077305,9.452810441217316,5.8173810338974,2.600012160539627,0.0367672853171825,8.320318222045898,0.7863367548584939,6.73421338558197,8.320006313323974,0.0001129150390625,0.3821026611328125
11,0.0008612304058624,0.0008932926901616,31.009840393066405,0.8362854743003845,0.0096982070058584,20.136563453674317,0.3222671094536781,86.11569650005549,5.154445209074765,91.27069416595624,1014.8129991251044,5.806142437687627,9.700365019298578,6.874408655166626,2.2272406770288944,0.047804519534111,8.320335388183594,1.2334717637300492,8.02024010658264,8.320335388183594,3.7841796875e-05,0.626981201171875
12,0.0007832978843944,0.0008183599176118,31.34915153503418,0.8499944984912873,0.0096982070058584,20.136563453674317,0.3222671094536781,86.7982002501376,5.2832127921283245,92.081796457991,1106.9451366667636,5.760488104120654,9.4639383207311,5.577936215400696,2.613202443122864,0.014866529032588,8.320335388183594,0.6601254240423441,6.210488839149475,8.320268440246583,0.0005279541015625,0.3577590942382812
13,0.0007606773338811,0.0008052518690237,31.41842960357666,0.8533383810520172,0.0096982070058584,20.136563453674317,0.3222671094536781,87.78144908323884,5.258804957848042,93.0412119999528,1200.0983674167655,5.69596429794494,9.507863554700176,5.528925409317017,2.6405866289138795,0.0253784712404012,8.320335388183594,0.714988971054554,6.099400818347931,8.32032735824585,0.0002615356445312,0.39390625
14,0.0008575776241823,0.0008031332542304,31.42810329437256,0.8537241566181183,0.0096982070058584,20.136563453674317,0.3222671094536781,86.40320233255625,5.288459457922727,91.6920619579032,1291.8991950419731,5.786822554047893,9.454549174068866,5.476721177101135,2.6759346413612364,0.0167667455971241,8.320335388183594,0.6321415200829505,6.041334080696106,8.320334377288818,0.0005517578125,0.3942022705078125
15,0.000788023932253,0.0008191744846408,31.35254970550537,0.8484735214710235,0.0096982070058584,20.136563453674317,0.3222671094536781,87.46548033272848,5.202810833696276,92.66869741678238,1384.6891425000504,5.716540949617427,9.610189875859485,6.169086194038391,2.5055682480335237,0.0425566360354423,8.320335388183594,0.8488366547226905,7.22619854927063,8.320335350036622,4.852294921875e-05,0.4887445068359375
16,0.0007399773203478,0.0008272860231227,31.29816219329834,0.8451730644702912,0.0096982070058584,20.136563453674317,0.3222671094536781,86.85465449979529,5.239060124848038,92.09450791683048,1476.835696166847,5.756743871466076,9.54369654260272,5.553069415092469,2.4598590464890004,0.0144270276650786,8.320335388183594,0.810294182896614,6.119549069404602,8.318801193237304,0.0006991577148437,0.4038128662109375
17,0.0007731382012316,0.0008035626396303,31.41002593994141,0.8555810844898224,0.0096982070058584,20.136563453674317,0.3222671094536781,86.91662024985999,5.167695875279605,92.0846770410426,1568.9798677498477,5.752639697248299,9.67549198070691,4.988517870903015,2.766899561882019,0.0123790763318538,8.320335388183594,0.49899224601686,5.03846155166626,8.320125637054444,0.0006680297851562,0.353739013671875
18,0.0007821483559278,0.0007873098028358,31.504164543151855,0.8564202380180359,0.0096982070058584,20.136563453674317,0.3222671094536781,87.73963645799085,5.255907292012125,92.99591470789164,1662.0337942088954,5.698678729303792,9.513105392096524,5.531660742759705,2.707262626886368,0.0198295153677463,8.320335388183594,0.5761842925846576,6.1483056092262265,8.320335388183594,0.000460205078125,0.4367672729492187
19,0.0007515214174145,0.0007881273381644,31.497168884277343,0.8567077207565308,0.0096982070058584,20.136563453674317,0.3222671094536781,78.63902741717175,4.6192292496562,83.25858683418483,1745.4202135838568,6.358166122115839,10.824316633282791,5.5364429378509525,2.790563300848007,0.0195639226585626,8.320335388183594,0.5562194553017616,6.259170002937317,8.320335388183594,0.000286865234375,0.4564385986328125
20,0.0007958180260538,0.0008015160495415,31.44358867645264,0.8507681143283844,0.0096982070058584,20.136563453674317,0.3222671094536781,75.88810158381239,4.992038291878998,80.88047854183242,1826.3501678747125,6.588648148587426,10.015948812199523,6.115006399154663,2.4279033839702606,0.0187540352344512,8.320335388183594,0.8756760011613369,7.027733201980591,8.320335388183594,0.0001651000976562,0.4797811889648437
21,0.0007764617104185,0.0007905113496235,31.492938461303712,0.8528278887271881,0.0096982070058584,20.136563453674317,0.3222671094536781,85.03594124998199,4.878941249975469,89.91594824998174,1916.2662047087215,5.879866708714839,10.248125041524409,6.110776472091675,2.5422010147571563,0.0326379761099815,8.320335388183594,0.6972739869356155,7.178807821273804,8.320335388183594,0.0001095581054687,0.5195672607421875
22,0.0007612379027632,0.0007795792710385,31.540361709594727,0.8565675318241119,0.0096982070058584,20.136563453674317,0.3222671094536781,84.1246084580198,4.525115417025518,88.6500793750165,2004.9924749997444,5.943564067219547,11.049441924039668,5.249742431640625,2.6131343245506287,0.0234428104013204,8.320335388183594,0.611635884642601,5.475077486038208,8.320263786315918,0.000181884765625,0.34552734375
23,0.0007690298816605,0.000773849452089,31.571042785644533,0.8581443822383881,0.0096982070058584,20.136563453674317,0.3222671094536781,86.1743304170086,4.674874374992214,90.84967516700272,2095.9560019587516,5.802191877563029,10.6954745709254,5.49375470161438,2.683797399997711,0.0243355259299278,8.320335388183594,0.6015152043104172,5.996120405197144,8.32033037185669,0.0001495361328125,0.4186978149414062
24,0.0007730893969883,0.0007752814804553,31.568578796386717,0.8559596478939057,0.0096982070058584,20.136563453674317,0.3222671094536781,85.56486745801521,4.691542083979584,90.25682075001532,2186.328289916739,5.843519833012526,10.65747660470471,5.962222018241882,2.540922577381134,0.026961201801896,8.320335388183594,0.7329318071901798,6.878352787494659,8.320335388183594,0.0001190185546875,0.47920654296875
25,0.0007669458724049,0.0007873010711045,31.506437034606932,0.8518743729591369,0.0096982070058584,20.136563453674317,0.3222671094536781,85.37378374999389,4.674191124970093,90.04854783299379,2276.4873777917237,5.856598806305522,10.697037982228403,6.463256688117981,2.463282688856125,0.0222370810806751,8.320335388183594,0.7115596148371697,7.744671592712402,8.320335388183594,0.0001492309570312,0.5789471435546875
26,0.0007533488588733,0.0007795538639766,31.521929779052737,0.8565439844131469,0.0096982070058584,20.136563453674317,0.3222671094536781,83.47528558399063,4.783070040983148,88.25867370900232,2364.803471749765,5.989796818327902,10.45353707380012,5.215878067016601,2.725160665512085,0.017409099265933,8.320335388183594,0.4876648437976837,5.436420965194702,8.320331478118897,0.0004263305664062,0.3634646606445312
27,0.0007847978866011,0.0007687965233344,31.5999467086792,0.8574625205993652,0.0096982070058584,20.136563453674317,0.3222671094536781,85.30852041702019,4.856037542049307,90.16511237504892,2455.033517333737,5.861079263311702,10.296460759835762,5.9023150539398195,2.5993415188789366,0.0234197713434696,8.320335388183594,0.6310150688886642,6.839003775119782,8.320335350036622,0.0001837158203125,0.4722848510742187
28,0.0007288041219753,0.0007692927430616,31.59785873413086,0.8582912409305572,0.0096982070058584,20.136563453674317,0.3222671094536781,84.75381404202199,4.669333041005302,89.42349900002591,2544.576469916734,5.899439519643256,10.708167432245324,5.779215445518494,2.629062157869339,0.0096888672560453,8.320335388183594,0.5652876264601946,6.60128084897995,8.320335388183594,0.0004794311523437,0.4577984619140625
29,0.0007453320639315,0.0007656756238429,31.616030006408693,0.8593521416187286,0.0096982070058584,20.136563453674317,0.3222671094536781,82.61233091598842,4.705167165957391,87.31782237498555,2631.9534702917445,6.052365239621053,10.6266150035556,5.6774948835372925,2.6706358098983767,0.0127219399437308,8.320335388183594,0.573761271238327,6.399281826019287,8.320335311889648,0.0003878784179687,0.4490243530273437
30,0.0007553343672148,0.0007661369210109,31.611136856079103,0.8587639474868775,0.0096982070058584,20.136563453674317,0.3222671094536781,82.6907227920019,4.825152292032726,87.51628904201789,2719.5890158337425,6.046627518998558,10.3623672319234,5.578245286941528,2.6557539749145507,0.017044423148036,8.320335388183594,0.579785521775484,6.08705504655838,8.320335330963134,0.0002581787109375,0.4238931274414062
31,0.0008051245968272,0.0007630213742959,31.63182231903076,0.8585584390163422,0.0096982070058584,20.136563453674317,0.3222671094536781,83.80101720802486,4.686027291056234,88.48737108299974,2808.14261441672,5.966514687510494,10.670018950899015,5.763310070037842,2.5686852407455443,0.015570880845189,8.320335388183594,0.6312433682382107,6.409757113456726,8.320335388183594,0.000364990234375,0.4471514892578125
32,0.0007387892241895,0.0007617475831648,31.63920726776123,0.8588785564899445,0.0096982070058584,20.136563453674317,0.3222671094536781,84.28513725002995,4.878371875034645,89.16385175002506,2897.41764579172,5.932244003076858,10.249321142547156,5.719942188262939,2.567234332561493,0.0235586874186992,8.320335388183594,0.6475951953232288,6.338757171630859,8.320333232879639,0.0001239013671875,0.426278076171875
33,0.0007790733816236,0.0007632179823121,31.62937572479248,0.8584192752838135,0.0096982070058584,20.136563453674317,0.3222671094536781,86.42100104200654,4.773475208028685,91.1950743329944,2988.7291034587543,5.785630737567662,10.474549006958943,5.707117886543274,2.595910255908966,0.0215770807117223,8.320335388183594,0.6206916877627373,6.355352725982666,8.320335388183594,0.000206298828125,0.4408538818359375
34,0.0007368574711508,0.0007636663888115,31.624850273132324,0.8584606611728668,0.0096982070058584,20.136563453674317,0.3222671094536781,85.94839254202088,4.719762167020235,90.66866970900446,3079.4668079167604,5.817444459540599,10.593754140702156,5.8037220287323,2.652155233621597,0.0294899940490722,8.320335388183594,0.6262945234775543,6.717575209140778,8.320141696929932,8.1787109375e-05,0.4924288940429687
35,0.0007476346440562,0.0007661606324836,31.609380111694335,0.8582705450057984,0.0096982070058584,20.136563453674317,0.3222671094536781,85.38471962499898,4.731983167002909,90.11703887500336,3169.6848283747677,5.8558487068406295,10.566394307710196,5.578118734359741,2.6523360669612885,0.0217402502894401,8.320335388183594,0.6923767577111721,6.074545588493347,8.320335388183594,0.0001077270507812,0.4598025512695312
36,0.0007506347914368,0.0007593396236188,31.651780319213863,0.8586197769641877,0.0096982070058584,20.136563453674317,0.3222671094536781,85.94363541598432,4.708804792026058,90.65276916598668,3260.396401583741,5.817766464961604,10.618405775637706,5.908844289779663,2.577097704410553,0.0185666792094707,8.320335388183594,0.6100517103075981,6.797047967910767,8.320335388183594,0.0002780151367187,0.482054443359375
37,0.0007478410811763,0.0007585062095313,31.654363174438476,0.859109514951706,0.0096982070058584,20.136563453674317,0.3222671094536781,86.91678049997427,4.760083415952977,91.67729112500092,3352.1914752497687,5.7526290909975435,10.504017604487697,5.899272799491882,2.5999440824985505,0.0250488519668579,8.320335388183594,0.59426210090518,6.831384875774384,8.320335388183594,0.0001495361328125,0.4895892333984375
38,0.0007563637999705,0.0007618880656082,31.638442344665528,0.8572644555568695,0.0096982070058584,20.136563453674317,0.3222671094536781,86.26249466702575,4.6211710419738665,90.8839868340292,3443.19535320875,5.796261769729775,10.81976831107364,6.112015671730042,2.4862570559978483,0.0288167223334312,8.320335388183594,0.7144692777097226,7.117299203872681,8.320335388183594,9.09423828125e-05,0.4964816284179687
39,0.0007837885059407,0.000787054565153,31.51402877807617,0.8506570267677307,0.0096982070058584,20.136563453674317,0.3222671094536781,82.94432374997996,4.643696249986533,87.5883494579466,3530.8426729167695,6.028140050995603,10.767284789599447,6.731491985321045,2.304883621931076,0.0203374307602643,8.320335388183594,0.7285087244212627,7.949353814125061,8.320335388183594,0.000211181640625,0.6143756103515625
40,0.0007341631340409,0.0007616503594908,31.63705924987793,0.856745423078537,0.0096982070058584,20.136563453674317,0.3222671094536781,83.00654512498295,4.668704333016649,87.67557525000302,3618.576398124744,6.023621381267586,10.709609440547474,6.198900737762451,2.5021279573440554,0.0339911133050918,8.320335388183594,0.7054473952949047,7.324341497421265,8.320335388183594,0.0001397705078125,0.5386685180664063
41,0.0007798918974976,0.000755789692339,31.66525680541992,0.8603678297996521,0.0096982070058584,20.136563453674317,0.3222671094536781,83.20228958298685,4.734391292033251,87.93700720800553,3706.577863291721,6.0094500104025945,10.561019762801818,5.500314736366272,2.599723806381226,0.0274840164929628,8.320335388183594,0.6369228725135326,5.891704847812653,8.320296268463135,9.674072265625e-05,0.39404296875
42,0.0007848560231286,0.0007570596973528,31.659918746948243,0.8607265758514404,0.0096982070058584,20.136563453674317,0.3222671094536781,83.13217783399159,4.693533000012394,87.82602229196345,3794.524922916724,6.0145182410409195,10.652955886294604,5.499856333732605,2.6368217766284943,0.0188493356108665,8.320335388183594,0.5846140106022358,5.891261548995971,8.320333557128906,0.0002200317382812,0.4070046997070312
43,0.0007525710835998,0.0007540297118248,31.676646881103515,0.8603006839752197,0.0096982070058584,20.136563453674317,0.3222671094536781,83.1280522919842,4.700210417038761,87.82860524998978,3882.415957583755,6.014816734112433,10.637821621505433,5.8255799198150635,2.5975997507572175,0.0259534828364849,8.320335388183594,0.6622175896167755,6.65714684009552,8.320335388183594,6.195068359375e-05,0.4769961547851562
44,0.0007223933321693,0.0007582821132382,31.65888771057129,0.8574378323554993,0.0096982070058584,20.136563453674317,0.3222671094536781,83.4982582500088,4.671422875020653,88.17000849999022,3970.7058507497422,5.988148860577548,10.703376966226578,6.162910871505737,2.4902487230300903,0.0184312388300895,8.320335388183594,0.6265660941600799,7.221545238494873,8.320335388183594,0.000435791015625,0.5094232177734375
45,0.0007341643540148,0.000753391078324,31.677164001464845,0.860171674489975,0.0096982070058584,20.136563453674317,0.3222671094536781,83.29928104201099,4.699223082978278,87.99882695899578,4058.767225583724,6.002452767243345,10.640056689607285,5.616727709770203,2.607243902683258,0.0296867955476045,8.320335388183594,0.5989519423246383,6.141936874389648,8.320335388183594,0.00011474609375,0.4231832885742188
46,0.0007540392732171,0.000753202321357,31.685253715515135,0.8589688694477081,0.0096982070058584,20.136563453674317,0.3222671094536781,83.3896112080547,4.7129416660172865,88.10287137504201,4146.9909064587555,5.995950727633377,10.60908526844826,6.098971633911133,2.528574849367142,0.0187118109315633,8.320335388183594,0.6035046043992043,7.179710435867309,8.320335388183594,0.0002481079101562,0.498533935546875
47,0.0007633667795444,0.0007666248624445,31.600010757446288,0.8584304523468017,0.0096982070058584,20.136563453674317,0.3222671094536781,83.24028104200261,4.747030082973652,87.9876347919926,4235.100154083746,6.006707254480588,10.532901440700122,5.336470589637757,2.6815971755981445,0.0350981764495372,8.320335388183594,0.6237143686413765,5.612188417911529,8.320335388183594,7.537841796875e-05,0.4078192138671875
48,0.000725939156252,0.0007529820542549,31.684095191955567,0.8594736421108246,0.0096982070058584,20.136563453674317,0.3222671094536781,83.2191038330202,4.667061082960572,87.88648375001503,4323.051553291734,6.008235813296596,10.71338024320056,5.920358276367187,2.590446469783783,0.0245110280811786,8.320335388183594,0.61734140843153,6.786825039386749,8.320335388183594,0.0001748657226562,0.5077548217773438
49,0.0007326057758236,0.0007532183808507,31.67850643157959,0.8616292417049408,0.0096982070058584,20.136563453674317,0.3222671094536781,83.61852987500606,4.6968848329852335,88.31573550001485,4411.431174666737,5.979535884539058,10.645353628613698,5.499443430900573,2.648814470767975,0.0144486362114548,8.320335388183594,0.5431465318799019,5.992449731826782,8.320335311889648,0.0003024291992187,0.4149948120117187
50,0.0007508716487072,0.0007488820096477,31.705140647888182,0.8614256584644318,0.0096982070058584,20.136563453674317,0.3222671094536781,83.22223266697256,4.688080916996114,87.91063133295393,4499.404451499751,6.008009926876538,10.665344921571338,5.78407648563385,2.646311798095703,0.0166842322796583,8.320335388183594,0.5757181809842586,6.591709048748016,8.320335388183594,0.0002218627929687,0.4790960693359375
51,0.0007445605908633,0.0007759877122589,31.55392852783203,0.8604478907585144,0.0096982070058584,20.136563453674317,0.3222671094536781,83.50456120900344,4.705111749994103,88.20998908398906,4587.743079916749,5.987696872612153,10.626740161923395,5.203838229179382,2.7751400303840636,0.0093703120946884,8.320335388183594,0.4392216787487268,5.50784204006195,8.320312156677247,0.0006390380859375,0.38166748046875
52,0.0007204172890574,0.00075104143325,31.692929916381836,0.8594171631336213,0.0096982070058584,20.136563453674317,0.3222671094536781,83.33120912499726,4.706099707982503,88.03763516701292,4675.844713541737,6.000152946898891,10.6245092757363,6.094385595321655,2.547895339727402,0.0276305489242076,8.320335388183594,0.6574916365742683,7.18975503206253,8.320335388183594,8.544921875e-05,0.5052767944335937
53,0.000725324247367,0.0007494290289469,31.701446342468262,0.8599663329124451,0.0096982070058584,20.136563453674317,0.3222671094536781,83.52159324998502,4.693664166959934,88.21557695796946,4764.12305945874,5.986475838690849,10.652658183762812,5.804462265968323,2.564504609107971,0.0325155407190322,8.320335388183594,0.6131942766904831,6.512493391036987,8.320335330963134,6.866455078125e-05,0.4417864990234375
54,0.0007129341363661,0.0007478369388263,31.70932029724121,0.861579532623291,0.0096982070058584,20.136563453674317,0.3222671094536781,83.3017928340123,4.667331832984928,87.96946345904144,4852.158661874768,6.002271775786426,10.71275876436306,5.816846771240234,2.6534725332260134,0.0190051551908254,8.320335388183594,0.5552200134098529,6.7131985926628115,8.320335388183594,0.0002468872070312,0.481190185546875
55,0.000717599460248,0.0007548429252346,31.65627788543701,0.8604564237594604,0.0096982070058584,20.136563453674317,0.3222671094536781,83.37718604196562,4.724681583000347,88.10236091702245,4940.381613833713,5.996844265628475,10.582723750083526,5.233800477981568,2.6518160605430605,0.0185309275984764,8.320335388183594,0.5035849332809448,5.4285241317749025,8.319058990478515,0.0002935791015625,0.3554580688476562
56,0.0007243952531493,0.0007464950988651,31.715855293273925,0.8610690224170685,0.0096982070058584,20.136563453674317,0.3222671094536781,83.22595358395483,5.222356000042055,88.44863979198271,5028.892453874752,6.007741317083512,9.574222821959545,5.6315917921066285,2.5635338175296782,0.0257919859141111,8.320335388183594,0.6269032989442348,6.150446002483368,8.320335388183594,0.0001406860351562,0.4162567138671875
57,0.0007619737310715,0.0007448576233582,31.727550048828125,0.8609191370010376,0.0096982070058584,20.136563453674317,0.3222671094536781,86.8580958340317,4.742683415999636,91.60189300001366,5120.627873791731,5.7565157881816695,10.542554839592068,5.864016861915588,2.5688953363895415,0.0235027354210615,8.320335388183594,0.5990026377141475,6.7133821821212765,8.320335388183594,0.0002322387695312,0.4644223022460937
58,0.0007362665074924,0.0007477914428454,31.709413261413573,0.861891564130783,0.0096982070058584,20.136563453674317,0.3222671094536781,85.86850016698008,4.682426166953519,90.55126833298708,5211.301871249743,5.822857031713595,10.678224966552117,5.602051305770874,2.643370505571365,0.0160512030124664,8.320335388183594,0.5602936470508575,6.164613084793091,8.320335388183594,0.0002890014648437,0.44364013671875
59,0.000739992519153,0.0007456441276008,31.71989212036133,0.8620666337013244,0.0096982070058584,20.136563453674317,0.3222671094536781,84.31313516601222,4.8869814579957165,89.20099941600347,5300.565289333754,5.930274079068488,10.231264519777072,5.63957950592041,2.6375339651107788,0.0158081371337175,8.320335388183594,0.527933351546526,6.247075259685516,8.320335330963134,0.0002886962890625,0.4351431274414062
60,0.0007328688087773,0.000755315037386,31.686048316955567,0.8588454520702362,0.0096982070058584,20.136563453674317,0.3222671094536781,85.99190395802725,4.8850235840072855,90.87727749999613,5391.507734499755,5.814500865616961,10.235365119564882,6.087130670547485,2.4952828633785247,0.0468039438128471,8.320335388183594,0.6867215892672539,7.094613718986511,8.320335388183594,2.593994140625e-05,0.4940615844726562
61,0.00075007046066,0.0007436102328938,31.733691635131837,0.8618106651306152,0.0096982070058584,20.136563453674317,0.3222671094536781,84.75975083303638,4.680499250011053,89.44056350004394,5481.020000874763,5.899026307721489,10.682621090021952,5.794890713691712,2.587178829908371,0.0179838147014379,8.320335388183594,0.5879104551672936,6.562357625961304,8.320335388183594,0.0002557373046875,0.4552386474609375
62,0.0007290478807335,0.0007467445454676,31.71629474639893,0.8596827721595764,0.0096982070058584,20.136563453674317,0.3222671094536781,84.68346166599076,4.68398591701407,89.36794120800914,5570.509746541735,5.904340589808483,10.674669156963182,6.092679133415222,2.5552751851081847,0.0212615672498941,8.320335388183594,0.6140147645771503,7.223869321346283,8.320335388183594,0.0001760864257812,0.5157098388671875
63,0.0007107164641611,0.0007422362233046,31.74019096374512,0.8619705522060395,0.0096982070058584,20.136563453674317,0.3222671094536781,84.68068154202774,4.747073500009719,89.42812470899662,5659.999064666743,5.904534433297466,10.532805106113823,5.7718718957901,2.6069277799129487,0.0209591444581747,8.320335388183594,0.5791676941514016,6.549180035591125,8.320335388183594,0.0001373291015625,0.4602444458007813
64,0.0007266392331882,0.0007435888715554,31.7341028213501,0.8611372637748719,0.0096982070058584,20.136563453674317,0.3222671094536781,84.99403195898049,4.7446891669533215,89.73905387497507,5749.858757458744,5.882765983396436,10.53809812205384,5.804860591888428,2.527346442937851,0.0124331172555685,8.320335388183594,0.5841834072768688,6.518469958305359,8.320335388183594,0.0003396606445312,0.4316986083984375
65,0.000729636747636,0.0007422093555214,31.740594787597654,0.8606257009506225,0.0096982070058584,20.136563453674317,0.3222671094536781,84.26636191597208,4.757616708986461,89.02430004096823,5838.945696333714,5.933565762558792,10.509463678643366,6.098743314743042,2.5459035277366637,0.017910486087203,8.320335388183594,0.6036424961686134,7.20091866016388,8.320335388183594,0.000264892578125,0.514671630859375
66,0.0007168583688153,0.0007442659925436,31.73292942047119,0.8618662834167481,0.0096982070058584,20.136563453674317,0.3222671094536781,84.79015016602352,4.837641290971078,89.62862158298958,5928.700012583751,5.896911363182799,10.335615435836358,5.755921907424927,2.6066419899463655,0.0098602324724197,8.320335388183594,0.5548176416009665,6.550752227306366,8.320335388183594,0.0006976318359375,0.4562789916992187
67,0.0007461498081424,0.0007425195589894,31.742290496826172,0.8607239305973053,0.0096982070058584,20.136563453674317,0.3222671094536781,86.58669245801866,4.727568583039101,91.31459441699552,6020.077269583766,5.774559413300419,10.57626116295444,5.936115593910217,2.5160842072963714,0.0178928077220916,8.320335388183594,0.644485283344984,6.795142395496368,8.320335388183594,0.000194091796875,0.4645635986328125
68,0.0007448835229097,0.0007476070427219,31.71567039489746,0.8594579732418061,0.0096982070058584,20.136563453674317,0.3222671094536781,84.07663991698064,5.016641792026348,89.09361812501447,6109.293026541767,5.946955069728196,9.966826828152652,6.128682742118835,2.5171812641620637,0.0242965891957283,8.320335388183594,0.6633021284639835,7.224518566131592,8.320335388183594,0.0001254272460937,0.5287002563476563
69,0.0007377803418958,0.0007451288902666,31.7280407333374,0.8599634408950806,0.0096982070058584,20.136563453674317,0.3222671094536781,84.17855637497269,4.784759082947858,88.96383733395487,6198.317731666728,5.939754986682762,10.449846927129997,5.975149126052856,2.5272540986537932,0.0229328330606222,8.320335388183594,0.6438074262440204,6.890241379737854,8.320335388183594,0.0001492309570312,0.47279296875
70,0.0007221759703588,0.0007547178433742,31.67992774963379,0.8567812466621398,0.0096982070058584,20.136563453674317,0.3222671094536781,84.11443800001871,4.721073666994926,88.8358265410061,6287.216504333715,5.944282716361831,10.590811227867617,6.371810531616211,2.43020170211792,0.0193506684154272,8.320335388183594,0.6977611438930035,7.511995325088501,8.320335388183594,0.0002243041992187,0.5606072998046875
71,0.0007121354238745,0.0007459904561983,31.724577026367182,0.859428209066391,0.0096982070058584,20.136563453674317,0.3222671094536781,83.6702459580265,4.746527208015323,88.41710166702978,6375.69641416677,5.975839968856156,10.534017358115308,6.135626945495606,2.469682314395905,0.0200731195509433,8.320335388183594,0.6712066443264484,7.147445015907287,8.320335388183594,0.0001446533203125,0.4992147827148437
72,0.0007996787098427,0.0007404776764451,31.74815769195557,0.8625989305973053,0.0096982070058584,20.136563453674317,0.3222671094536781,84.97975500003668,4.923454208008479,89.9035761670093,6465.670815749734,5.883754313010013,10.155471725251372,5.695786046981811,2.6576533246040346,0.0177528727799654,8.320335388183594,0.5375822061300277,6.425202107429504,8.320335388183594,0.0002642822265625,0.454908447265625
73,0.0007170751449352,0.0007390389745705,31.75940769195557,0.8616973567008972,0.0096982070058584,20.136563453674317,0.3222671094536781,85.86746495898115,4.728406209032983,90.59618912497535,6556.3931313337525,5.822927231389093,10.57438760326508,6.01476891040802,2.602085008621216,0.0148165840655565,8.320335388183594,0.5242657895386219,7.111899199485779,8.320335388183594,0.0003268432617187,0.5059173583984375
74,0.0007408581173895,0.0007434565061703,31.73169990539551,0.8611391031742096,0.0096982070058584,20.136563453674317,0.3222671094536781,85.87304125004448,4.667238499969244,90.540769208048,6647.053104499762,5.822549111124453,10.712972992558552,5.625333070755005,2.5953599894046784,0.0174267347902059,8.320335388183594,0.5437434054911137,6.2113039636611935,8.320335388183594,0.000302734375,0.4389956665039062
75,0.000731408260779,0.0007386929538915,31.76223220825195,0.861581243276596,0.0096982070058584,20.136563453674317,0.3222671094536781,85.97847270901548,4.776315417024307,90.7551086670137,6737.869296874735,5.815409186113297,10.468320375531336,5.9767461776733395,2.5463032829761505,0.0249939505010843,8.320335388183594,0.6075929749011993,6.918000950813293,8.320335388183594,0.0001425170898437,0.4807986450195312
76,0.000731769728934,0.0007411117971059,31.749396324157715,0.8601786696910858,0.0096982070058584,20.136563453674317,0.3222671094536781,85.57475133304251,4.704867249995004,90.27993091702228,6828.27505891677,5.842844907069426,10.627292406614254,6.119893465042114,2.46359482049942,0.0188029631972312,8.320335388183594,0.6422000236809253,7.1002946472167965,8.320335388183594,0.0001910400390625,0.4785507202148437
77,0.000746995689501,0.000738766733848,31.75969093322754,0.8629229092597961,0.0096982070058584,20.136563453674317,0.3222671094536781,86.62571425002534,4.86756250000326,91.49384491704404,6919.828487541759,5.771958180418163,10.272081765763977,5.689371318817138,2.616664146184921,0.0102493437007069,8.320335388183594,0.5077129216492176,6.358945605754852,8.320335388183594,0.0005316162109375,0.4264190673828125
78,0.0007171762077969,0.0007410955461091,31.75066997528076,0.8601688766479492,0.0096982070058584,20.136563453674317,0.3222671094536781,87.62140637496486,4.775941500032786,92.3976590000093,7012.286004749767,5.7063681203690395,10.469139959033576,6.164470710754395,2.4942210507392883,0.0195350348949432,8.320335388183594,0.6230250237882138,7.229320764541626,8.320335388183594,0.0002099609375,0.5096115112304688
79,0.0006834957607729,0.0007387682364787,31.762141151428224,0.8609402227401733,0.0096982070058584,20.136563453674317,0.3222671094536781,86.25074812502135,4.765910165966488,91.0170195410028,7103.36288120877,5.797051166156204,10.491175506632825,6.093015146255493,2.5104638969898225,0.0191362313926219,8.320335388183594,0.6221020443737507,7.12426735162735,8.320335388183594,0.0001763916015625,0.4992227172851562
80,0.000720500501802,0.0007428639192949,31.73092456817627,0.863382169008255,0.0096982070058584,20.136563453674317,0.3222671094536781,86.07420212496072,4.876922208000906,90.9516468339716,7194.384828166745,5.808941444198466,10.252367757265386,5.381980652809143,2.707647340297699,0.0124167669564485,8.320335388183594,0.4678233616054058,5.738086657524109,8.320335388183594,0.0004351806640625,0.4093441772460937
81,0.0007700107418365,0.0007366670257761,31.77228931427002,0.8634837687015533,0.0096982070058584,20.136563453674317,0.3222671094536781,86.27816662500845,4.852545875008218,91.13103016704554,7285.584420666739,5.795208910420574,10.303869615640744,5.824316353797912,2.6591117608547212,0.0120050432160496,8.320335388183594,0.4749572652578354,6.8143819499015805,8.320335388183594,0.0005010986328125,0.4713690185546875
82,0.0007079811309208,0.000737427000713,31.7688342666626,0.8621399283409119,0.0096982070058584,20.136563453674317,0.3222671094536781,86.58835341595113,4.665511832979973,91.25438037497224,7376.958086916769,5.774448644358803,10.7169377744486,6.010053930282592,2.574299870729446,0.0194963626563549,8.320335388183594,0.5791720674932003,7.063159794807434,8.320335388183594,0.0001370239257812,0.5039328002929687
83,0.0007108255457378,0.0007354108037543,31.778843536376954,0.8630115067958832,0.0096982070058584,20.136563453674317,0.3222671094536781,85.62661512498744,4.762756792013533,90.38971483299974,7467.41184045875,5.839305912888885,10.498121609703627,5.739572215080261,2.5912377870082857,0.0171366166323423,8.320335388183594,0.5552446304261685,6.471620311737061,8.320335388183594,0.0002783203125,0.45071533203125
84,0.0007390068399363,0.0007344448554795,31.783788871765136,0.8629532837867737,0.0096982070058584,20.136563453674317,0.3222671094536781,86.50966633396456,4.849962875014171,91.36042874999112,7558.889922666713,5.779700941970863,10.309357264895333,5.759944415092468,2.615405274629593,0.0149390967562794,8.320335388183594,0.5520489761233329,6.554338297843933,8.320335388183594,0.0002471923828125,0.4538809204101562
85,0.00074058033878,0.0007372250763,31.767187347412108,0.8634757232666016,0.0096982070058584,20.136563453674317,0.3222671094536781,85.98027970799012,4.6873847499955446,90.66798095800914,7649.670999333728,5.815286966943132,10.666928930902786,5.630526828765869,2.658434325456619,0.0156416799873113,8.320335388183594,0.4833429443836212,6.346704468727112,8.320335388183594,0.0003826904296875,0.438262939453125
86,0.0006947758718029,0.000737571818754,31.765533599853516,0.8635800516605378,0.0096982070058584,20.136563453674317,0.3222671094536781,87.50065804098267,4.629703000013251,92.13119074999122,7741.86150079174,5.714242740503907,10.799828844281564,5.607186512947083,2.7027924275398254,0.0135044157505035,8.320335388183594,0.4689985534548759,6.30443032503128,8.320335388183594,0.0004913330078125,0.4410638427734375
87,0.0006954025428622,0.000734636952111,31.78673858642578,0.862189154624939,0.0096982070058584,20.136563453674317,0.3222671094536781,85.70035795803415,4.722386875015218,90.42365929100195,7832.344079958741,5.834281348566136,10.587866120104543,5.9358730268478395,2.551567721366882,0.0182472467422485,8.320335388183594,0.5863046689331531,6.813950955867767,8.320335388183594,0.0002426147460937,0.4650979614257812
88,0.0007094177092949,0.0007404921186389,31.74319854736328,0.8628350985050202,0.0096982070058584,20.136563453674317,0.3222671094536781,85.99790479097283,4.682326334004756,90.6805803750176,7923.145568208769,5.814095136565291,10.678452639424515,5.412482771873474,2.687700626850128,0.0161318182945251,8.320335388183594,0.4781271442770958,5.835369241237641,8.320335388183594,0.00023193359375,0.3970852661132812
89,0.0007094367443032,0.0007483978630625,31.717166709899903,0.8586412358283997,0.0096982070058584,20.136563453674317,0.3222671094536781,85.124420832959,4.674631041998509,89.79939587495755,8013.003047458769,5.87375508822736,10.696031312585449,6.202167601585388,2.416513787508011,0.0192532520741224,8.320335388183594,0.7044475337862969,7.2185819053649904,8.320335388183594,0.0001507568359375,0.489625244140625
90,0.0007480001804028,0.0007347346955793,31.77832622528076,0.8631289196014404,0.0096982070058584,20.136563453674317,0.3222671094536781,87.34058020799421,4.716402999998536,92.05761725001504,8105.1379292497295,5.724715805749083,10.60129933765531,5.570437030792236,2.6219750165939333,0.0135630341246724,8.320335388183594,0.5041413967311382,6.182241294384003,8.320335388183594,0.0003915405273437,0.4115093994140625
91,0.0007169989792437,0.0007468927392619,31.725993003845215,0.8585248589515686,0.0096982070058584,20.136563453674317,0.3222671094536781,86.74598404200515,4.573266582970973,91.3195724170073,8196.515501916758,5.763955594277243,10.93310418119515,6.1402536964416505,2.5096037971973417,0.011139397509396,8.320335388183594,0.5735448269546032,7.202980103492737,8.320335388183594,0.0003024291992187,0.5168423461914062
92,0.0007412707273633,0.0007394941529491,31.75824634552002,0.8606809246540069,0.0096982070058584,20.136563453674317,0.3222671094536781,86.29850462503964,4.667744459002279,90.9665709999972,8287.539759833715,5.793843151424946,10.711811762438984,6.205985517501831,2.488508929014206,0.0194376930594444,8.320335388183594,0.632823188751936,7.332303113937378,8.320335388183594,0.0001434326171875,0.51890380859375
93,0.0007586724796135,0.000733902529173,31.788840293884277,0.862425935268402,0.0096982070058584,20.136563453674317,0.3222671094536781,86.77937441703398,4.654942666995339,91.43520829203771,8379.032425749756,5.761737778808587,10.741270854851123,5.887866334915161,2.5994967555999757,0.0079385768622159,8.320335388183594,0.5248034870624543,6.833101463317871,8.320335388183594,0.000467529296875,0.4748385620117187
94,0.000736361780805,0.0007332246369333,31.792433395385743,0.862641875743866,0.0096982070058584,20.136563453674317,0.3222671094536781,86.33934283303097,4.653942958044354,90.99365391599711,8470.139835249749,5.791102683824393,10.743578176774784,5.844380145072937,2.5561056220531464,0.0175242703408002,8.320335388183594,0.5696972499787808,6.670109574794769,8.320335388183594,0.0002761840820312,0.4530978393554687
95,0.00071257505836,0.0007355048001045,31.7808585357666,0.8608987760543824,0.0096982070058584,20.136563453674317,0.3222671094536781,86.90987908403622,4.747914083010983,91.65865833399585,8561.912203708722,5.753085900816091,10.530940351029166,6.252059507369995,2.501223223209381,0.0131156044080853,8.320335388183594,0.5676893310248852,7.442479085922241,8.320335388183594,0.000281982421875,0.50765380859375
96,0.0007496619402154,0.0007389430451439,31.758179168701172,0.8605509221553802,0.0096982070058584,20.136563453674317,0.3222671094536781,86.48684566601878,4.6832927920040675,91.1704904580256,8653.14336074976,5.781225990491327,10.676249002703091,6.127316937446595,2.506071230173111,0.0145747866481542,8.320335388183594,0.6368838804960251,7.182323744297028,8.320335388183594,0.000201416015625,0.5157760620117188
97,0.0007286291143764,0.0007347165484679,31.77931396484375,0.8637067115306855,0.0096982070058584,20.136563453674317,0.3222671094536781,85.76407199999085,4.7126502500032075,90.47703820897732,8743.678633249714,5.82994706687963,10.609741302140122,5.6645193719863896,2.7287774157524107,0.013466021977365,8.320335388183594,0.4509109170734882,6.5394986367225645,8.320335388183594,0.0003326416015625,0.4635992431640625
98,0.0007430404252954,0.0007528310056659,31.682414779663088,0.8556640172004699,0.0096982070058584,20.136563453674317,0.3222671094536781,86.94358749996172,4.663382250000723,91.60780220897868,8835.345921166765,5.750855403801,10.721831777781512,6.599747653007507,2.3600552141666413,0.0095149716362357,8.320335388183594,0.6390827037394047,7.787861795425415,8.320335388183594,0.0005963134765625,0.578941650390625
99,0.0007110806678108,0.0007314105675322,31.79956512451172,0.863860080242157,0.0096982070058584,20.136563453674317,0.3222671094536781,86.25047199998517,4.837028541020118,91.08783433400096,8926.494632416754,5.797069725022328,10.336924741290677,5.864895620346069,2.665538200139999,0.0083694942295551,8.320335388183594,0.4609404496848583,6.904254727363586,8.320335388183594,0.0005368041992187,0.4939434814453125
100,0.0007359109950725,0.0007305187563179,31.806682319641112,0.8642792499065399,0.0096982070058584,20.136563453674317,0.3222671094536781,86.34498479100876,4.770096749998629,91.11540695803706,9017.73276183376,5.790724281325785,10.48196768755568,5.796335558891297,2.660030837059021,0.0057081594131886,8.320335388183594,0.4538138505816459,6.75273645401001,8.320335388183594,0.0006686401367187,0.4617257690429687
101,0.0007145075566133,0.0007328054972458,31.79367115020752,0.8622869217395782,0.0096982070058584,20.136563453674317,0.3222671094536781,86.37237858300796,4.642568000010215,91.01534987502964,9108.74819583376,5.788887700012525,10.769901485533437,5.9882540607452395,2.608676748275757,0.008859765715897,8.320335388183594,0.5311823746562004,7.105229353904724,8.320335388183594,0.0004379272460937,0.5103439331054688
102,0.0007238520768842,0.0007322150398977,31.799182624816893,0.8617179501056671,0.0096982070058584,20.136563453674317,0.3222671094536781,85.78260491701076,4.64169016701635,90.42478254198797,9199.246452875728,5.828687535004542,10.771938281296292,6.12573486328125,2.552339565753937,0.0104874977841973,8.320335388183594,0.5279232926666737,7.286099500656128,8.320335388183594,0.0004522705078125,0.5092257690429688
103,0.0007091552141828,0.0007310742235858,31.80540664672851,0.8626941692829132,0.0096982070058584,20.136563453674317,0.3222671094536781,85.8682586250361,4.644943958031945,90.51352862501516,9289.823700667768,5.822873411039663,10.764392520504147,6.091543264389038,2.596221867799759,0.0125414952635765,8.320335388183594,0.522211877554655,7.292991862297058,8.320335388183594,0.0003680419921875,0.5067269897460938
104,0.0006772192859839,0.0007303407904691,31.808289375305176,0.8629394829273224,0.0096982070058584,20.136563453674317,0.3222671094536781,85.64692625001771,4.657657375035342,90.30490049999209,9380.190076292727,5.837921124459462,10.735010322570282,5.94270112991333,2.6028339850902555,0.0126522965729236,8.320335388183594,0.5299608816206455,6.9987830996513365,8.320335388183594,0.000318603515625,0.481324462890625
105,0.0007410617627488,0.0007423158845631,31.756214485168456,0.8596843039989471,0.0096982070058584,20.136563453674317,0.3222671094536781,85.40215787501074,4.645413750025909,90.0479091659654,9470.35770445876,5.854653002231732,10.763303914472878,6.245679888725281,2.5193837010860443,0.0111314570531249,8.320335388183594,0.5510361906886101,7.45231930732727,8.320335388183594,0.0004086303710937,0.530252685546875
106,0.0007291987776798,0.0007320318429265,31.798823471069337,0.8623567855358124,0.0096982070058584,20.136563453674317,0.3222671094536781,85.58577883400721,4.622151624993421,90.2082467090222,9560.628929000755,5.842092071975475,10.817472912319523,6.085588426589966,2.5582822012901305,0.012700630351901,8.320335388183594,0.5672685553133487,7.228595011234283,8.320335388183594,0.0002511596679687,0.4952044677734375
107,0.0007427983212489,0.00073150298791,31.805272064208985,0.8619542133808136,0.0096982070058584,20.136563453674317,0.3222671094536781,85.50323654199019,4.627049957984127,90.13061837502757,9650.820724333757,5.847731854623452,10.806021213089206,6.1250031042099,2.5721845388412476,0.0059345033951103,8.320335388183594,0.5042279675602913,7.28868308544159,8.320335388183594,0.000576171875,0.5102737426757813
108,0.0007660747904658,0.0007332875565043,31.792140312194825,0.8620795369148254,0.0096982070058584,20.136563453674317,0.3222671094536781,85.96958449995145,4.638458915986121,90.60836162499618,9741.490135875763,5.81601042866832,10.779442247009785,6.124387307167053,2.54313823223114,0.0076671242713928,8.320335388183594,0.546754171550274,7.299305787086487,8.320335388183594,0.000350341796875,0.5067779541015625
109,0.0006805716906837,0.0007327306116349,31.787722091674805,0.8640583395957947,0.0096982070058584,20.136563453674317,0.3222671094536781,85.23238604096696,4.704811042000074,89.9380168329808,9831.49198887573,5.866314709993862,10.62741937001244,5.471878590583802,2.71097327709198,0.0047407243400812,8.320335388183594,0.4389237366616726,6.0496833753585815,8.320335388183594,0.00069580078125,0.41145751953125
110,0.0007434250207688,0.0007311950298026,31.79917381286621,0.8639437532424927,0.0096982070058584,20.136563453674317,0.3222671094536781,84.7648559579975,4.64784020895604,89.41303791600512,9920.96963008377,5.898671027622095,10.757684806731037,5.625525107383728,2.686228325366974,0.0065261041745543,8.320335388183594,0.4549176917970181,6.398330497741699,8.320335388183594,0.0007830810546875,0.4345257568359375
111,0.0007246846596594,0.0007293177087558,31.81398063659668,0.863716551065445,0.0096982070058584,20.136563453674317,0.3222671094536781,85.3701880829758,4.647108374978416,90.01764270797139,10011.046164333764,5.856845477651093,10.75937894395076,5.822104144096374,2.6567692267894745,0.0113164782524108,8.320335388183594,0.4594404697418213,6.825184020996094,8.320335388183594,0.0004742431640625,0.468055419921875
112,0.0007081983028492,0.0007292823697207,31.813588600158692,0.8645429670810699,0.0096982070058584,20.136563453674317,0.3222671094536781,85.80456116603455,4.60820275003789,90.41309049999109,10101.57939550077,5.827196051180591,10.850217039514783,5.685451498031616,2.6845279574394225,0.0091265626251697,8.320335388183594,0.4453589859604835,6.522644028663636,8.320335388183594,0.0007180786132812,0.4496578979492187
113,0.0007194439605846,0.0007327300586621,31.797770233154296,0.8613512206077576,0.0096982070058584,20.136563453674317,0.3222671094536781,85.83602425002027,4.631394666037522,90.46773733297596,10192.106863000725,5.825060099983393,10.795884092248707,6.249237766265869,2.5175245821475984,0.0099116405472159,8.320335388183594,0.5378696928918362,7.431139788627624,8.320335388183594,0.0005072021484375,0.5339212036132812
114,0.0007157511391906,0.000741442295257,31.757664375305175,0.8613976395130157,0.0096982070058584,20.136563453674317,0.3222671094536781,85.90034054097487,4.637030542013235,90.537688374985,10282.705026333746,5.82069869398827,10.782762707077568,6.187687826156616,2.5644520854949953,0.0036757877096533,8.320335388183594,0.4674015802145004,7.416754331588745,8.320335388183594,0.0028912353515625,0.5177279663085937
115,0.0007167812934712,0.0007277887820964,31.82433666229248,0.8632111501693726,0.0096982070058584,20.136563453674317,0.3222671094536781,85.78777162497863,4.634404874988832,90.42251149995718,10373.186502667728,5.828336492825,10.788871785855893,6.059446678161621,2.6089889907836916,0.0060237422585487,8.320335388183594,0.4934168226271868,7.220747756958008,8.320335388183594,0.0006106567382812,0.5035919189453125
116,0.0007407568004859,0.0007273786966106,31.822456703186035,0.8646649193763732,0.0096982070058584,20.136563453674317,0.3222671094536781,85.81529258395312,4.607207124994602,90.4229838749743,10463.730291167742,5.826467345675596,10.852561789276749,5.8585401630401615,2.709572058916092,0.0067982273176312,8.320335388183594,0.4276134352385998,6.998778591156006,8.320335388183594,0.000826416015625,0.4922604370117187
117,0.0007259199984246,0.0007270328444428,31.827308387756347,0.8634173440933227,0.0096982070058584,20.136563453674317,0.3222671094536781,85.85539520898601,4.616623999958392,90.47236037498806,10554.264526667774,5.8237458319645325,10.830425003303416,6.028692846298218,2.5869559848308565,0.0088226711377501,8.320335388183594,0.4944522649049759,7.16511908531189,8.320335388183594,0.0005862426757812,0.4823007202148437
118,0.0006926955092226,0.0007260614581173,31.83204303741455,0.8645083594322205,0.0096982070058584,20.136563453674317,0.3222671094536781,88.07827708299737,4.862763124983758,92.94270287500694,10647.327091750749,5.676768626262332,10.282219946744169,5.82023600101471,2.6436348581314086,0.0078983586281538,8.320335388183594,0.4693671724200248,6.794979906082153,8.320335388183594,0.0006277465820312,0.4591799926757812
119,0.000710047015048,0.0007280582131352,31.8197993850708,0.8640792417526245,0.0096982070058584,20.136563453674317,0.3222671094536781,90.25045970804058,4.724883708986454,94.97629616700578,10742.435655417738,5.54013798508612,10.5822710313278,5.7736491155624385,2.6917493963241577,0.0049015344120562,8.320335388183594,0.4317996273934841,6.766988196372986,8.320335388183594,0.0008056640625,0.4571560668945312
120,0.0007026205090689,0.000727182784467,31.826202430725097,0.8627782106399536,0.0096982070058584,20.136563453674317,0.3222671094536781,85.59622412500903,4.610088166955393,90.2066450829734,10832.703335083732,5.841379162587533,10.845779557622029,6.065838747024536,2.5741622948646548,0.005333452951163,8.320335388183594,0.5133181935548783,7.198584990501404,8.320335388183594,0.0006378173828125,0.4859625244140625
121,0.0007170362560109,0.00072642540792,31.83141731262207,0.8633654081821441,0.0096982070058584,20.136563453674317,0.3222671094536781,85.28375366696855,4.640569916984532,89.92465895897476,10922.687239875728,5.862781344644967,10.774538665390969,6.113011884689331,2.60268789768219,0.0021384877618402,8.320335388183594,0.4639060864597559,7.36010048866272,8.320335388183594,0.0011358642578125,0.5155264282226563
122,0.000743826241658,0.0007264379796106,31.830719108581544,0.863651282787323,0.0096982070058584,20.136563453674317,0.3222671094536781,85.39864558295812,4.637450999987777,90.03641299996525,11012.782468000778,5.854893793535507,10.78178507980608,5.946567211151123,2.643494998216629,0.0053290855139493,8.320335388183594,0.4670080821216106,7.020495181083679,8.320335388183594,0.000767822265625,0.49239990234375
123,0.0006985750480098,0.0007267142488854,31.829489326477052,0.863720201253891,0.0096982070058584,20.136563453674317,0.3222671094536781,84.97259083302924,4.634689083031844,89.60759949998464,11102.448787500734,5.8842503811905384,10.788210191500443,5.926686697006225,2.644542626142502,0.0062123173847794,8.320335388183594,0.4470535191893577,7.053056814670563,8.320335388183594,0.00056396484375,0.4825494384765625
124,0.0006679194608491,0.0007242249627597,31.84249794006348,0.8645082724094391,0.0096982070058584,20.136563453674317,0.3222671094536781,85.34557704103645,4.614555957959965,89.9604557910352,11192.469516125742,5.858534411919044,10.835278725735584,5.853665199279785,2.6505656158924102,0.0061185201629996,8.320335388183594,0.465294184088707,6.912415280342102,8.320335388183594,0.0008013916015625,0.4624725341796875
125,0.000714385066411,0.000727154110209,31.824837951660157,0.8639418828487396,0.0096982070058584,20.136563453674317,0.3222671094536781,85.14486058300827,4.602016791992355,89.7471927080187,11282.334012292737,5.872345043216635,10.864801729320387,5.9565449237823485,2.6975219559669497,0.0059247468598186,8.320335388183594,0.436816221550107,7.178629608154297,8.320335388183594,0.0007696533203125,0.5240103149414063
126,0.0007341140847011,0.000729766585282,31.8135884475708,0.8616841173171997,0.0096982070058584,20.136563453674317,0.3222671094536781,85.39757974998793,4.619016124983318,90.01708999997936,11372.412354875763,5.854966867489833,10.824816074912617,6.208079099655151,2.5533994150161745,0.0084504140540957,8.320335388183594,0.5172204536199569,7.450472891330719,8.320335388183594,0.0005197143554687,0.5240402221679688
127,0.0007121076483808,0.0007250036596087,31.838683624267578,0.8646920824050903,0.0096982070058584,20.136563453674317,0.3222671094536781,85.1432097920333,4.626464165979996,89.76999591698404,11462.243537000732,5.87245889861653,10.807389446062812,5.849780497550964,2.6871863901615143,0.0048819547519087,8.320335388183594,0.4283726745843887,6.9266348695755005,8.320335388183594,0.0008660888671875,0.4730960083007812
128,0.0007190781087761,0.0007245659606996,31.84026626586914,0.8643613851070404,0.0096982070058584,20.136563453674317,0.3222671094536781,85.23909912497038,4.6580577089916915,89.89748275000602,11552.20116908377,5.865852702959028,10.734087708592016,5.9177646064758305,2.6633667075634,0.0083590857684612,8.320335388183594,0.4474276283383369,7.033319864273071,8.320335388183594,0.0006707763671875,0.4846795654296875
129,0.000694202462228,0.0007267806655727,31.82261001586914,0.8644243681430817,0.0096982070058584,20.136563453674317,0.3222671094536781,84.9155115839676,4.640777625027113,89.55660658399574,11641.818862375749,5.888205707923946,10.774056427603098,5.694961433410644,2.6987449407577513,0.0043426095508039,8.320335388183594,0.4108083068579435,6.5887959504127505,8.320335311889648,0.0011318969726562,0.4279312133789062
130,0.0006904540398645,0.0007248346088454,31.83656593322754,0.8651617395877839,0.0096982070058584,20.136563453674317,0.3222671094536781,84.80428633303382,4.627587374998257,89.43219287501415,11731.313115542756,5.895928397256437,10.80476627413628,5.697743353843689,2.7148025786876677,0.0047896634787321,8.320335388183594,0.4235882617533207,6.649138884544373,8.320335388183594,0.0009722900390625,0.4533309936523437
131,0.0007082800409448,0.0007245272630825,31.840707817077636,0.8646950709819794,0.0096982070058584,20.136563453674317,0.3222671094536781,85.41378716699546,4.6371671670349315,90.05126866698265,11821.42583808373,5.853855877183301,10.782445014155202,5.950124864578247,2.6785073029994964,0.0057271518744528,8.320335388183594,0.4279309543967247,7.142467308044433,8.320335388183594,0.000877685546875,0.4939697265625
132,0.0007342844297954,0.0007269469182938,31.825857124328618,0.8647779285907745,0.0096982070058584,20.136563453674317,0.3222671094536781,84.93447887495859,4.644656458985992,89.57945462496718,11911.065509708777,5.886890773016988,10.76505882437554,5.7853304958343506,2.7049002730846405,0.0027484509628266,8.320335388183594,0.3987510782480239,6.760548486709594,8.320335388183594,0.0012945556640625,0.4634259033203125
133,0.0007059947345501,0.0007264469523215,31.83330944061279,0.8635773074626922,0.0096982070058584,20.136563453674317,0.3222671094536781,85.25412358302856,4.636869375011884,89.89131341601023,12001.017130708731,5.86481895521514,10.783137491310471,6.048442621231079,2.646095548868179,0.0025323494337499,8.320335388183594,0.4093802331387997,7.266695930957794,8.320335388183594,0.001461181640625,0.5023709106445312
134,0.0006774039371973,0.0007243230179301,31.84365665435791,0.8633968365192414,0.0096982070058584,20.136563453674317,0.3222671094536781,85.09415570803685,4.60651216696715,89.70097991701914,12090.779916042757,5.875844185064013,10.854199052928836,6.084931035041809,2.608337255716324,0.0059272455982863,8.320335388183594,0.4680896426737309,7.267466268539429,8.320335388183594,0.0008993530273437,0.5066091918945312
135,0.0006875471586324,0.0007251564218313,31.839853782653808,0.8633102035522461,0.0096982070058584,20.136563453674317,0.3222671094536781,87.12929558299948,4.691439250018448,91.82154879200972,12182.722677792774,5.738597984230222,10.657710211168862,6.102246232032776,2.587730414867401,0.0054800235666334,8.320335388183594,0.48378830909729,7.277233865261078,8.320335388183594,0.0006597900390625,0.4995123291015625
136,0.0007595901242589,0.0007237786072073,31.84518741607666,0.8650976240634918,0.0096982070058584,20.136563453674317,0.3222671094536781,88.63699966599233,4.95986045798054,93.59721041604644,12276.382795833752,5.6409851629018615,10.080928772814314,5.819201726913452,2.7022850024700165,0.0048462869599461,8.320335388183594,0.431629960462451,6.906174745559692,8.320335388183594,0.0008807373046875,0.4791885375976562
137,0.0007094361820304,0.0007246853291871,31.83986755371094,0.8648291921615601,0.0096982070058584,20.136563453674317,0.3222671094536781,89.25343350000912,4.839684917009436,94.094034416019,12370.603357167742,5.602025383146172,10.33125107468696,5.8208569097518925,2.694191702604294,0.0025586960837244,8.320335388183594,0.4166140715777874,6.855578815937042,8.320335388183594,0.0009317016601562,0.4581350708007812
138,0.0007052541913535,0.0007253874558955,31.833709411621093,0.8650854384899139,0.0096982070058584,20.136563453674317,0.3222671094536781,85.53493320802227,4.578574709012173,90.11382712499471,12460.778080208753,5.845564861598621,10.920428993237394,5.6529337549209595,2.7188451993465423,0.0022936738096177,8.320335388183594,0.4039633648097515,6.528490116596222,8.320335388183594,0.0013201904296875,0.4488482666015625
139,0.0007080224367114,0.0007268841820769,31.83092632293701,0.8634981715679169,0.0096982070058584,20.136563453674317,0.3222671094536781,84.68926845799433,4.601090457988903,89.29067016602494,12550.128886792752,5.903935753654535,10.866989131497007,5.924356303215027,2.6163821840286254,0.0057152668014168,8.320335388183594,0.4926389493048191,6.974321036338806,8.320335388183594,0.0005377197265625,0.4800921630859375
140,0.0007158491967247,0.0007256247248733,31.837263298034667,0.8632988440990448,0.0096982070058584,20.136563453674317,0.3222671094536781,85.21929783304222,4.643055541033391,89.86267216701526,12640.050466000745,5.867215674313314,10.768770599042124,6.014822120666504,2.5857637906074524,0.0047249225899577,8.320335388183594,0.4814209953695536,7.1231377100944515,8.320335388183594,0.0008474731445312,0.4831988525390625
141,0.0006856365012422,0.0007234773528762,31.848800048828124,0.8644848871231079,0.0096982070058584,20.136563453674317,0.3222671094536781,85.04262637504144,4.654899124987423,89.6978631670354,12729.806432333777,5.879404497633689,10.741371328886766,5.92716950416565,2.654608218669891,0.0056521603837609,8.320335388183594,0.4421862888336181,7.064834320545197,8.320335388183594,0.000814208984375,0.473746337890625
142,0.0007271246780771,0.0007247281685704,31.841891555786138,0.8633886015415192,0.0096982070058584,20.136563453674317,0.3222671094536781,85.6409940830199,4.659337375022005,90.30065245798323,12820.223517708771,5.838325504667809,10.731139639735543,6.137901606559754,2.6194489336013795,0.0044954172335565,8.320335388183594,0.4482631792128086,7.398037872314453,8.320335388183594,0.000931396484375,0.5262643432617188
143,0.000704976606848,0.000723468014039,31.847231063842777,0.8646701192855835,0.0096982070058584,20.136563453674317,0.3222671094536781,85.13380733400118,4.681521125021391,89.81567158398684,12910.097852417735,5.8731074723156125,10.680289304423791,5.971512203216553,2.6886135959625244,0.0030332989990711,8.320335388183594,0.4222296778857708,7.183044366836548,8.320335388183594,0.0014675903320312,0.4960104370117187
144,0.00072700874692,0.0007213554621557,31.859539833068848,0.8646363985538482,0.0096982070058584,20.136563453674317,0.3222671094536781,85.39023841702146,4.673050542012788,90.06360191700514,13000.21990837576,5.855470241904505,10.699648880421456,5.973642282485962,2.6709177005290985,0.0040872632525861,8.320335388183594,0.4224350380897522,7.168322825431824,8.320335388183594,0.001165771484375,0.4895037841796875
145,0.0007177001728719,0.0007291470447671,31.81354835510254,0.8643144357204438,0.0096982070058584,20.136563453674317,0.3222671094536781,85.96041204198264,4.650702417013235,90.61142516700784,13090.948190167725,5.816631029593047,10.751064144007495,5.78693962097168,2.774168758392334,0.0037467938382178,8.320335388183594,0.3748571425676346,6.908288006782532,8.320335388183594,0.0012948608398437,0.5045584106445312
146,0.0007360257613604,0.000724419899634,31.84394027709961,0.8636478531360626,0.0096982070058584,20.136563453674317,0.3222671094536781,85.61525512498338,4.729025750013534,90.34459808300016,13181.349840542767,5.840080710734168,10.573002272160794,6.0115539789199826,2.602224886417389,0.0061589302495121,8.320335388183594,0.4800747188925743,7.157800481319428,8.320335388183594,0.00069091796875,0.47651123046875
147,0.0007420118889885,0.0007235376856988,31.846451034545897,0.8646085453033447,0.0096982070058584,20.136563453674317,0.3222671094536781,85.83903700002702,4.68138533399906,90.52074154204456,13271.932261708776,5.824855653958963,10.680599103190602,5.8525159740448,2.6882680785655975,0.0044798264279961,8.320335388183594,0.4221149621903896,6.897033462524414,8.320335388183594,0.0010208129882812,0.4741506958007812
148,0.0006943874175294,0.0007210224846494,31.862315635681153,0.8647141480445861,0.0096982070058584,20.136563453674317,0.3222671094536781,85.69408991700038,4.71104424999794,90.40545420796845,13362.400292708771,5.834708093455203,10.61335817425656,6.014246559143066,2.6477220129966734,0.0037758476100862,8.320335388183594,0.4142636479437351,7.2136080360412596,8.320335388183594,0.0013986206054687,0.4916290283203125
149,0.0006866432814258,0.0007222503889352,31.854080924987795,0.8651081955432892,0.0096982070058584,20.136563453674317,0.3222671094536781,84.7375477910391,4.714608250011224,89.45271495805355,13451.970437958722,5.900571978233177,10.605335024364106,5.812682132720948,2.703797854185104,0.0054089981131255,8.320335388183594,0.4201038973033428,6.881543259620667,8.32033327102661,0.0008883666992187,0.4591891479492187
150,0.0007090353461558,0.0007230838638497,31.850345153808593,0.8644004309177399,0.0096982070058584,20.136563453674317,0.3222671094536781,86.04378649999853,4.666331084037665,90.71045329095796,13542.74396529276,5.810994847373535,10.71505624001634,6.09027512550354,2.6615915966033934,0.0029557622037827,8.320335388183594,0.4192893127351999,7.379350500106812,8.320335388183594,0.0010501098632812,0.5238519287109376
151,0.000713152508939,0.0007342575176153,31.793953514099123,0.8605988645553588,0.0096982070058584,20.136563453674317,0.3222671094536781,86.04545133304782,4.664551457972266,90.71033591602465,13633.514778833722,5.810882414512514,10.719144262958904,6.299892621040344,2.550090570449829,0.0047753299586474,8.320335388183594,0.5101990061998367,7.594620156288147,8.320335388183594,0.0006512451171875,0.5408871459960938
152,0.0007302774197351,0.0007225896627642,31.854435234069825,0.8641762375831604,0.0096982070058584,20.136563453674317,0.3222671094536781,85.70312370796455,4.632161207962781,90.33561274997192,13723.911137542747,5.834093068809977,10.794097561641198,6.022238936424255,2.653703862428665,0.0032562064006924,8.320335388183594,0.4329631124436855,7.238227658271789,8.320335388183594,0.0008682250976562,0.498221435546875
153,0.0006903816675267,0.000721705169999,31.856276473999024,0.8655031323432922,0.0096982070058584,20.136563453674317,0.3222671094536781,85.83562124997843,4.673965167021379,90.5099010419799,13814.47951600078,5.82508744876272,10.697555119321516,5.768271527290344,2.7355208230018615,0.0046966993249952,8.320335388183594,0.367993545755744,6.813727452754974,8.320335330963134,0.0014657592773437,0.4646121215820312
154,0.0006986662235713,0.0007230154681019,31.849899024963378,0.8648874056339264,0.0096982070058584,20.136563453674317,0.3222671094536781,85.74477675004164,4.69994958298048,90.44505475001642,13904.992587583723,5.8312589868601785,10.638411990856383,5.766607999801636,2.691122381687164,0.0033299804199486,8.320335388183594,0.4317625030130148,6.729763329029083,8.320335388183594,0.0010272216796875,0.4571258544921875
155,0.0007142534903045,0.0007217198764556,31.85695739746094,0.8641231870651245,0.0096982070058584,20.136563453674317,0.3222671094536781,85.95531354198465,4.710631750000175,90.66626329196151,13995.718429333763,5.8169760471617185,10.614287563445846,6.0018573665618895,2.670705670118332,0.0040793879888951,8.320335388183594,0.4277453682571649,7.204166684150696,8.320335388183594,0.0012704467773437,0.5123440551757813
156,0.0007186081786051,0.0007224519609007,31.851225814819337,0.8654390776157379,0.0096982070058584,20.136563453674317,0.3222671094536781,86.02623645798303,4.715645082993433,90.74219412496312,14086.52632904274,5.812180336916287,10.603003220136452,5.7223226356506345,2.7284832262992857,0.0040280413813889,8.320335388183594,0.3908128269016743,6.744251570701599,8.320335350036622,0.001436767578125,0.456470947265625
157,0.0007226720612313,0.0007219102303497,31.858583984375,0.8642873048782349,0.0096982070058584,20.136563453674317,0.3222671094536781,92.43927158298902,4.641313083004206,97.08145579101983,14183.672135292729,5.408956512071993,10.772813448653682,6.044925737380981,2.6531513464450835,0.0051006535068154,8.320335388183594,0.4132911763340234,7.27508734703064,8.320335388183594,0.001199951171875,0.4950897216796875
158,0.0007296244219819,0.000721966624842,31.853985366821288,0.865669379234314,0.0096982070058584,20.136563453674317,0.3222671094536781,84.93445995799266,4.556444916990586,89.49123629101086,14273.228297750758,5.886892084170461,10.973467453442565,5.698063077926636,2.7369006419181825,0.0044209938496351,8.320335388183594,0.3890946394205093,6.681906254291534,8.320335235595703,0.0014401245117187,0.4465524291992187
159,0.0007432313853096,0.0007220717752352,31.855758094787596,0.8640441560745239,0.0096982070058584,20.136563453674317,0.3222671094536781,84.30409208399942,4.547208875010256,88.85163937497418,14362.14068625076,5.930910204237856,10.995756160395697,6.022634854316712,2.638110158443451,0.0049841781146824,8.320335388183594,0.4278790265321731,7.240236859321595,8.320335388183594,0.0011944580078125,0.4892074584960937
160,0.0007297711652718,0.0007223053072812,31.85492046356201,0.8644502663612366,0.0096982070058584,20.136563453674317,0.3222671094536781,86.32599541603122,4.660799417004455,90.98712658300065,14453.18824483373,5.791998083431856,10.72777339818145,5.93467267036438,2.661681033372879,0.0056071896106004,8.320335388183594,0.4299293185770512,7.0970711994171145,8.320335388183594,0.001055908203125,0.4805374145507812
161,0.0006914853291523,0.000720592047437,31.863856163024906,0.8648462498188019,0.0096982070058584,20.136563453674317,0.3222671094536781,84.64383370801806,4.545888708962593,89.19003604201134,14542.438683250746,5.907104842684323,10.99894942465725,5.923827257156372,2.6942534255981445,0.0037596125621348,8.320335388183594,0.3947597584873438,7.1154959726333615,8.320335235595703,0.0013613891601562,0.4868154907226562
162,0.0007069688902006,0.0007199293549638,31.86815231323242,0.8651174974441528,0.0096982070058584,20.136563453674317,0.3222671094536781,85.01994733302854,4.5667911659693345,89.5870514580165,14632.145641708748,5.880972826782263,10.948606621776,5.861245574951172,2.684195289611816,0.0034334613010287,8.320335388183594,0.392596151009202,6.97067375421524,8.320334205627441,0.0017611694335937,0.458717041015625
163,0.0006836308806323,0.0007210303499596,31.861558532714845,0.8646090650558471,0.0096982070058584,20.136563453674317,0.3222671094536781,85.07598962495103,4.592308915976901,89.66861454199534,14721.933866833746,5.877098840744607,10.887769293142975,5.950864372253418,2.6632931411266325,0.0050135985948145,8.320335388183594,0.4072074021399021,7.124841463565827,8.320335388183594,0.0012319946289062,0.4766424560546875
164,0.0007175585869758,0.0007205236476147,31.865050430297853,0.8650434255599976,0.0096982070058584,20.136563453674317,0.3222671094536781,85.24613754200982,4.552056749991607,89.79850620898651,14811.792372667756,5.8653683840349595,10.984045838200982,5.915745735168457,2.687543901205063,0.0021816086955368,8.320335388183594,0.3937997178733349,7.082184281349182,8.320335388183594,0.0023104858398437,0.484349365234375
165,0.0007066878120886,0.0007244993228232,31.84284164428711,0.8640805304050445,0.0096982070058584,20.136563453674317,0.3222671094536781,85.26754687499488,4.653350749984384,89.9212225410156,14901.774692875742,5.86389568276213,10.744945456812555,5.98615807056427,2.6478829073905943,0.0051715704612433,8.320335388183594,0.4643733137845993,7.166190800666809,8.320335388183594,0.0008163452148437,0.4872857666015625
166,0.000733104256225,0.0007201638529659,31.86677719116211,0.8644958007335662,0.0096982070058584,20.136563453674317,0.3222671094536781,85.69281229097396,4.625356792006642,90.31848945800448,14992.154933000742,5.834795085289377,10.809976883601289,6.012803440093994,2.669343196153641,0.002510568127036,8.320335388183594,0.3944763807952404,7.258124423027039,8.320335388183594,0.0017724609375,0.4950503540039062
167,0.0006868209811436,0.0007212435209657,31.861887969970702,0.8645445573329925,0.0096982070058584,20.136563453674317,0.3222671094536781,85.07656112499535,4.594756792008411,89.67163737496594,15081.887456333732,5.877059361454384,10.881968788198805,5.912414288520813,2.6684395146369932,0.0036881633568555,8.320335388183594,0.4005810682475567,7.058483633995056,8.320335388183594,0.001600341796875,0.4732522583007812
168,0.0007032649078564,0.0007210954642505,31.86389263153076,0.8643655622005463,0.0096982070058584,20.136563453674317,0.3222671094536781,84.79289758304367,4.559507958998438,89.35272137500579,15171.300967000776,5.896720294412804,10.966095563299165,5.94492205619812,2.6528041195869445,0.0044683734886348,8.320335388183594,0.4176999869942665,7.081337788105011,8.320335388183594,0.0014730834960937,0.4644436645507812
169,0.0006894488389664,0.0007201898319181,31.864603919982912,0.8656266522407532,0.0096982070058584,20.136563453674317,0.3222671094536781,84.38601750001544,4.589789041958284,88.97631662496133,15260.343588333752,5.925152232713299,10.893746867866277,5.752118654251099,2.7237976682186127,0.0022588188294321,8.320335388183594,0.3632013184577227,6.771547493934631,8.320335216522217,0.0019329833984375,0.4480130004882812
170,0.0006979194928512,0.0007200394559185,31.866982955932617,0.8646703004837036,0.0096982070058584,20.136563453674317,0.3222671094536781,85.67586674995255,4.635797958995681,90.31198712496553,15350.719730125742,5.835949129750437,10.785629667698506,6.02854877948761,2.674630934000015,0.0044630304910242,8.320335388183594,0.3935327234119177,7.270896143913269,8.320335388183594,0.0017340087890625,0.4893325805664062
171,0.0007175230174352,0.0007195627124747,31.868539962768555,0.8654498362541199,0.0096982070058584,20.136563453674317,0.3222671094536781,85.87190529098734,4.637303833034821,90.50952537497506,15441.291466083729,5.822626134888814,10.782127244674882,5.827381200790406,2.726624402999878,0.0024604930076748,8.320335388183594,0.3529185669124126,6.936099495887756,8.320335388183594,0.0024560546875,0.4660330200195312
172,0.000689495801821,0.0007184648481779,31.875326919555665,0.8655217790603638,0.0096982070058584,20.136563453674317,0.3222671094536781,85.87887416698504,4.6737956660217606,90.55299433297478,15531.97112708376,5.822153641974713,10.697943079432692,5.947295107841492,2.6849738931655884,0.0032022441737353,8.320335388183594,0.3703491493314504,7.15450968503952,8.320335178375244,0.0024459838867187,0.476544189453125
173,0.0006835833573006,0.0007212368151522,31.860147438049317,0.8639850330352783,0.0096982070058584,20.136563453674317,0.3222671094536781,85.91752612497658,4.617296374985017,90.53513587499036,15622.627300708731,5.81953441341752,10.828847866661418,6.071443815231323,2.652331910133362,0.0034860391169786,8.320335388183594,0.4115488568693399,7.3526221370697025,8.320335388183594,0.001822509765625,0.5141259765625
174,0.0006963867353879,0.0007219423851347,31.85213451385498,0.8660510969161987,0.0096982070058584,20.136563453674317,0.3222671094536781,86.05607195897028,4.692661625042092,90.74909437494352,15713.438974042774,5.8101652633923315,10.654934021489671,5.570559911727905,2.784871953725814,0.003295857226476,8.320335388183594,0.3305813344568014,6.456980977058411,8.320328502655029,0.0022781372070312,0.426708984375
175,0.0007046347603354,0.000720637718623,31.865962715148925,0.8645050263404847,0.0096982070058584,20.136563453674317,0.3222671094536781,85.71089870802825,4.608195332984906,90.31940320803552,15803.820093208751,5.833563847034621,10.850234503321948,6.005921010971069,2.657669038772583,0.0024025144521147,8.320335388183594,0.4005381820350885,7.199129123687744,8.320335388183594,0.0018545532226562,0.4918048095703125
176,0.0007524869840135,0.0007190874873776,31.87111907958984,0.8657568669319153,0.0096982070058584,20.136563453674317,0.3222671094536781,85.81530658400152,4.659810542012565,90.47543308400782,15894.358909750768,5.826466395136257,10.73004997718321,5.88310094833374,2.714105409383774,0.0017467850120738,8.320335388183594,0.359590268433094,7.067451896667481,8.320335388183594,0.002489013671875,0.4818203735351563
177,0.0007265605371817,0.0007202329603023,31.867083168029787,0.8649881720542908,0.0096982070058584,20.136563453674317,0.3222671094536781,85.7463128749514,4.6474647910217755,90.3940959579777,15984.81833954278,5.831154521234956,10.758553802622176,5.949553446769714,2.678186675310135,0.001352873397991,8.320335388183594,0.3731313493847847,7.121141457557679,8.320335350036622,0.0022683715820312,0.4752264404296875
178,0.0007080673554728,0.0007190878424444,31.874015655517574,0.8648843836784362,0.0096982070058584,20.136563453674317,0.3222671094536781,85.97290579101536,4.628057082998566,90.60132149996934,16075.485001917756,5.8157857455162665,10.803669683262523,5.902342252731323,2.64942999124527,0.0025574867613613,8.320335388183594,0.3932099805027246,6.989683170318603,8.320335254669189,0.00197998046875,0.4533004760742187
179,0.000659958692936,0.0007180824462557,31.87828872680664,0.8653632497787476,0.0096982070058584,20.136563453674317,0.3222671094536781,85.42087525001261,4.669967541994993,90.09115358401324,16165.637541208767,5.853370133899748,10.706712530734247,5.998455247879028,2.698327952623367,0.002617560327053,8.320335388183594,0.3591417022049427,7.24593535900116,8.320335388183594,0.00228515625,0.4935714721679687
180,0.0007119103047043,0.0007207125914283,31.866097717285157,0.8646585285663605,0.0096982070058584,20.136563453674317,0.3222671094536781,85.80792545800796,4.643657292006537,90.45189612498508,16256.210454000744,5.8269675829033565,10.767375121774943,5.9978726196289065,2.6778605675697325,0.0009342678822577,8.320335388183594,0.372394305691123,7.235092494487763,8.320335388183594,0.002359619140625,0.4917941284179687
181,0.0006943327518538,0.0007200190014555,31.868540954589843,0.8650266098976135,0.0096982070058584,20.136563453674317,0.3222671094536781,85.60139716602862,4.822054207965266,90.4237645000103,16346.695678125778,5.841026157905139,10.369024868573224,5.8485870361328125,2.721594865322113,0.0039268662221729,8.320335388183594,0.3559217145293951,6.9800127458572385,8.320335197448731,0.001944580078125,0.4605718994140625
182,0.0006934751037829,0.0007234716121456,31.851148223876955,0.8638368809223175,0.0096982070058584,20.136563453674317,0.3222671094536781,85.65363066695863,4.644326040986925,90.29827916697832,16437.05856750073,5.837464169430447,10.765824698512109,6.045882496833801,2.644582430124282,0.0021951384842395,8.320335388183594,0.4170403864979743,7.280686068534851,8.320335388183594,0.0014450073242187,0.4980624389648437
183,0.0007319381496558,0.0007227444701129,31.847440795898436,0.8664529490470886,0.0096982070058584,20.136563453674317,0.3222671094536781,86.03986387496116,4.65875404200051,90.69892875000367,16527.821293542744,5.811259775197148,10.732483309749824,5.637296471595764,2.807542334794998,0.0009325798600912,8.320335388183594,0.2813298072665929,6.665484042167663,8.320334796905518,0.0040805053710937,0.4516574096679687
184,0.0007132537275529,0.0007215721847023,31.862576293945313,0.86436532497406,0.0096982070058584,20.136563453674317,0.3222671094536781,85.77992720797192,4.630671666993294,90.41091404098552,16618.29715937574,5.828869483507008,10.797569682254132,5.922796864509582,2.6616611671447754,0.0017774467123672,8.320335388183594,0.3993667805939913,7.0553012418746945,8.320335273742677,0.0019015502929687,0.4651480102539062
185,0.0007055184649889,0.0007185763455345,31.875746574401855,0.8656400275230408,0.0096982070058584,20.136563453674317,0.3222671094536781,85.90815404203022,4.572985624952707,90.4814542499953,16708.843353250762,5.8201692909776295,10.933775896248765,5.737458143234253,2.7256486129760744,0.0016711177304387,8.320335388183594,0.3451370264589786,6.762031934261322,8.320333576202392,0.002340087890625,0.4412374877929687
186,0.0007291407730672,0.0007222197571536,31.858033752441408,0.8639743292331695,0.0096982070058584,20.136563453674317,0.3222671094536781,85.4186778330477,4.6428887090296485,90.06188575003762,16798.96637466777,5.853520713318213,10.769157551150924,6.082085232734681,2.6487042510509493,0.0024847351014614,8.320335388183594,0.3767161758244037,7.347035467624664,8.320335388183594,0.0020828247070312,0.504814453125
187,0.0007151803226342,0.0007285737784695,31.82490364074707,0.8621669626235962,0.0096982070058584,20.136563453674317,0.3222671094536781,85.94586479198188,4.615172083023936,90.5613754580263,16889.58949012577,5.817615556143038,10.833832216986195,6.251846327781677,2.576632779836655,0.002137160860002,8.320335388183594,0.432477165684104,7.537173347473145,8.320335388183594,0.001815185546875,0.5247723388671875
188,0.0007159105442283,0.0007360239658737,31.792043991088867,0.8627753329277038,0.0096982070058584,20.136563453674317,0.3222671094536781,85.78245287499158,4.645829582994338,90.42859858297744,16980.080881917733,5.828697865851846,10.762340526441331,5.82335054397583,2.6560636281967165,0.0035586110316216,8.320335388183594,0.423549343496561,6.837677321434021,8.320335006713867,0.0012139892578125,0.4439794921875
189,0.0007404737213116,0.0007187371357576,31.873461647033693,0.865502324104309,0.0096982070058584,20.136563453674317,0.3222671094536781,85.25746004196117,4.564297999953851,89.82207566697616,17069.96571937576,5.864589441837875,10.954587102004632,5.7451901483535766,2.7213966178894045,0.0014520968543365,8.320335388183594,0.3481175257265568,6.7734894371032714,8.320333309173584,0.0027496337890625,0.4348419189453125
190,0.0006961682199162,0.0007239231211133,31.84297695159912,0.86521613240242,0.0096982070058584,20.136563453674317,0.3222671094536781,85.68663691700203,4.649523250001948,90.33648674999132,17160.362132958777,5.835215594752669,10.75379072466818,5.818362894058228,2.7910351490974428,0.0010190814500674,8.320335388183594,0.3060133828222751,6.998095207214355,8.320335388183594,0.0031640625,0.4909005737304687
191,0.0007209087225926,0.0007212680816883,31.85818466186523,0.8662828779220582,0.0096982070058584,20.136563453674317,0.3222671094536781,85.89948549994733,4.655062500038184,90.55486458394444,17250.980755292752,5.820756633056977,10.74099434746362,5.67219829082489,2.783113796710968,0.0011605453910306,8.320335388183594,0.318550243973732,6.692568378448486,8.320332088470458,0.0030386352539062,0.4536795043945312
192,0.0007013845831543,0.0007176717952825,31.879717712402343,0.8657014846801758,0.0096982070058584,20.136563453674317,0.3222671094536781,85.87780354096321,4.654052791011054,90.53236183297122,17341.57475245872,5.822226225912996,10.743324634514495,5.816988620758057,2.726717438697815,0.0007719369023106,8.320335388183594,0.3261410843580961,6.929565362930298,8.320335083007812,0.003345947265625,0.452911376953125
193,0.0006630318756092,0.0007196398105588,31.8685705947876,0.8662053036689759,0.0096982070058584,20.136563453674317,0.3222671094536781,85.58093599998392,4.641998291015625,90.22325104195625,17431.91829095874,5.842422662917521,10.77122326752526,5.760572791099548,2.784318655729294,0.0010555661283433,8.320335388183594,0.2988151017576456,6.860606257915497,8.320335292816162,0.003720703125,0.475726318359375
194,0.0006717802838745,0.0007194069307297,31.87110885620117,0.8649237811565399,0.0096982070058584,20.136563453674317,0.3222671094536781,85.83283145795576,4.661688457999844,90.49485324998386,17522.475289500726,5.82527677937456,10.725727480607558,5.999645252227783,2.6863800930976867,0.0011004466796293,8.320335388183594,0.3427366618812084,7.255353236198426,8.320335330963134,0.002625732421875,0.4874844360351562
195,0.0006878273372985,0.000720667488058,31.8675337600708,0.8641657137870788,0.0096982070058584,20.136563453674317,0.3222671094536781,85.7312438749941,4.65551916701952,90.387093583995,17612.925360542722,5.832179464572529,10.739940746932888,6.0324884700775145,2.636565665006638,0.0010642848210409,8.320335388183594,0.3728515839576721,7.250291714668274,8.320335369110108,0.0026776123046875,0.4735452270507812
196,0.0006926524316295,0.0007172961396281,31.88282688140869,0.8653607368469238,0.0096982070058584,20.136563453674317,0.3222671094536781,85.92659495800035,4.631929958995897,90.55883699998958,17703.54670725076,5.818920210260777,10.79463645664429,5.946625227928162,2.694926894903183,0.0012018420966342,8.320335388183594,0.3484406690299511,7.104249179363251,8.320335388183594,0.0034451293945312,0.4873471069335937
197,0.0007186294961347,0.0007193825586,31.874118041992187,0.865177686214447,0.0096982070058584,20.136563453674317,0.3222671094536781,85.60068258299725,4.675530458975118,90.2765401249635,17793.947183625773,5.841074918009057,10.693973750939923,5.858678345680237,2.697574733495712,0.0009814315708354,8.320335388183594,0.3536180732399225,6.982309458255767,8.320335388183594,0.0028631591796875,0.460330810546875
198,0.0007285851895533,0.0007211033557541,31.864858283996583,0.8644048941135406,0.0096982070058584,20.136563453674317,0.3222671094536781,85.9028424170101,4.660066042037215,90.5632334999973,17884.57350950077,5.820529169137157,10.729461674783858,6.05517837524414,2.674397875070572,0.0011005840497091,8.320335388183594,0.3478383333981037,7.3222329044342045,8.320335388183594,0.0030902099609375,0.50108642578125
199,0.0006989008644547,0.0007188937338651,31.874196968078618,0.8654292762279511,0.0096982070058584,20.136563453674317,0.3222671094536781,85.97115841699997,4.6441767499782145,90.6156512920279,17975.252121833735,5.815903952052945,10.76617077509691,5.803088512420654,2.719260711669922,0.0012321781832724,8.320335388183594,0.3355633237957954,6.884367461204529,8.320335197448731,0.0028512573242187,0.4525106811523438
200,0.000703761759345,0.0007166068471269,31.886561660766603,0.8659974002838134,0.0096982070058584,20.136563453674317,0.3222671094536781,85.59913912502816,4.655094458023086,90.25455333304126,18065.570315250778,5.841180239788253,10.740920608780488,5.821350927352905,2.7303342843055725,0.0010234685614705,8.320335388183594,0.304504407197237,6.940401020050049,8.320334033966065,0.0039788818359375,0.460472412109375
201,0.0007038325580533638,0.0007181886496255175,31.879216232299804,0.8658534455299377,0.009698207005858422,20.136563453674317,0.32226710945367815,86.29586870898493,4.706809333001729,91.00299383403035,18156.57340291678,5.79402012495114,10.622907465026401,5.9468565273284915,2.7418260204792024,0.0009562860359437764,8.320335388183594,0.30946931160986424,7.193668720722198,8.320335369110108,0.003377685546875,0.4940765380859375
202,0.000706839387692753,0.0007238199387211352,31.851202926635743,0.8639260721206665,0.009698207005858422,20.136563453674317,0.32226710945367815,85.60066587501206,4.647278874996118,90.24826379097067,18246.897167708783,5.841076058100577,10.758984202350405,6.048019261360168,2.6482763612270355,0.0012113058473914862,8.320335388183594,0.3704103107750416,7.293129301071167,8.320335388183594,0.00258880615234375,0.48563629150390625
203,0.0007101116548008121,0.0007180988832260482,31.88014389038086,0.865767183303833,0.009698207005858422,20.136563453674317,0.32226710945367815,85.77120320801623,4.6483312920317985,90.42038870800752,18337.3798857918,5.8294623521530555,10.756548287707105,5.846182904243469,2.7238141918182373,0.000684881117194891,8.320335388183594,0.312045539394021,6.999198007583618,8.320334968566895,0.00344696044921875,0.4642575073242188
204,0.0007037256711314512,0.0007208172418177128,31.862594223022462,0.8661064910888672,0.009698207005858422,20.136563453674317,0.32226710945367815,86.15644020901527,4.670639457996003,90.82739787502214,18428.273450500797,5.803396690798754,10.705172268093056,5.875390868186951,2.8101297891139985,0.0007292808732017875,8.320335388183594,0.24531003516167402,7.175908994674683,8.320335311889648,0.00582672119140625,0.49885589599609376
205,0.0007119252616084851,0.0007171740749618038,31.884467315673827,0.8648197615146637,0.009698207005858422,20.136563453674317,0.32226710945367815,85.82292845798656,4.670836415956728,90.49410229199566,18518.830174583825,5.825948950748845,10.704720856673053,5.945332312583924,2.672816337347031,0.0009934513363987207,8.320335388183594,0.34834431648254394,7.101961989402771,8.320335006713867,0.003447265625,0.46515716552734376
206,0.0006863908743484899,0.0007171748776454479,31.884575119018553,0.8658635926246643,0.009698207005858422,20.136563453674317,0.32226710945367815,85.8163567080046,4.667465917009395,90.48415091697825,18609.3791528758,5.826395097397114,10.712451014968892,5.8743549871444705,2.7143365502357484,0.0005103477742522955,8.320335388183594,0.31984895907342437,7.0211718559265135,8.320335369110108,0.0037286376953125,0.4671881103515625
207,0.0007117951365326007,0.0007184047816554084,31.875275993347167,0.866271526813507,0.009698207005858422,20.136563453674317,0.32226710945367815,86.08668825001223,4.705019959015772,90.79202933399938,18700.23795062583,5.808098907788208,10.626947480677497,5.711462683677674,2.7692642509937286,0.0006314321653917432,8.320335388183594,0.3049933138489723,6.765292234420777,8.32033395767212,0.0035882568359375,0.4502581787109375
208,0.0006862991653320023,0.00071726896421751,31.883097534179687,0.8658799850940704,0.009698207005858422,20.136563453674317,0.32226710945367815,85.74541508301627,4.706281833990943,90.45201583305607,18790.7531397508,5.831215575968864,10.624098123252391,5.767779302597046,2.7399683129787444,0.000651962764095515,8.320335388183594,0.2955136612057686,6.852240035533905,8.3203346824646,0.004061279296875,0.4450323486328125
209,0.0006969196028630904,0.0007182764273602516,31.877917442321777,0.8653225266933441,0.009698207005858422,20.136563453674317,0.32226710945367815,85.67051737499423,4.645521042053588,90.31635241699405,18881.133827791782,5.8363135337611665,10.763055327351854,5.957322010993957,2.6984332942962648,0.0005760915228165686,8.320335388183594,0.3179277723282576,7.186282598972321,8.320335350036622,0.00425933837890625,0.4820233154296875
210,0.0007098072333142227,0.000718249534838833,31.87837356567383,0.8649265623092651,0.009698207005858422,20.136563453674317,0.32226710945367815,86.17755154200131,4.66429154202342,90.84232883300865,18972.03922225081,5.801975004549873,10.719741583372265,6.0412318849563595,2.683643077611923,0.0008946478483267128,8.320335388183594,0.34196712613105773,7.320426445007325,8.320335388183594,0.0035089111328125,0.4968780517578125
211,0.0007132852017798541,0.0007234643143601715,31.857398757934572,0.8638176250457764,0.009698207005858422,20.136563453674317,0.32226710945367815,85.87117958301678,4.64229308400536,90.51380283304024,19062.61964645883,5.822675342623193,10.770539277726972,6.044967684745789,2.643627008199692,0.0008863710099831223,8.320335388183594,0.359425306096673,7.276218023300171,8.320335216522217,0.0028082275390625,0.4746807861328125
212,0.0007052993783108832,0.0007197392600937747,31.87075984954834,0.8650954496860505,0.009698207005858422,20.136563453674317,0.32226710945367815,85.94012108404422,4.83118854201166,90.7716321250191,19153.45683841681,5.818004369705627,10.349420140655592,5.856609611511231,2.689007761478424,0.0006174552254378796,8.320335388183594,0.344961556494236,6.969340119361878,8.320333595275878,0.00306243896484375,0.4508270263671875
213,0.0007385301870444891,0.0007192902153474279,31.86760669708252,0.8664360845088959,0.009698207005858422,20.136563453674317,0.32226710945367815,86.17957412498072,4.6444681250141,90.82436549995327,19244.34355908382,5.801838835672151,10.765495349340611,5.604175882339478,2.8033922243118288,0.000269558047875762,8.320335388183594,0.2567228369414806,6.590277123451233,8.32033432006836,0.0050201416015625,0.4270111083984375
214,0.0007142290842034526,0.0007160663889953867,31.89126651763916,0.8661765170097351,0.009698207005858422,20.136563453674317,0.32226710945367815,86.03994454198983,4.6273565830197185,90.66763070900925,19335.075023458805,5.811254326831724,10.805305167852662,5.800955395698548,2.7463235116004943,0.0005910736508667469,8.320335388183594,0.30760033495724204,6.906541366577148,8.320333881378174,0.00401123046875,0.458646240234375
215,0.0006929298293122201,0.0007200115115847439,31.871594619750976,0.8640787875652314,0.009698207005858422,20.136563453674317,0.32226710945367815,86.06762433401309,4.656017583038192,90.72395266697276,19425.923278708826,5.80938539745897,10.73879106087342,6.049566607475281,2.640438938140869,0.0011577236000448465,8.320335388183594,0.3616295241564512,7.248677506446838,8.320335388183594,0.003277587890625,0.4790655517578125
216,0.0006828888059867495,0.0007175169038237072,31.88453758239746,0.8652413272857666,0.009698207005858422,20.136563453674317,0.32226710945367815,85.61850795900682,4.816795707971323,90.43562154198298,19516.421858791786,5.839858833319011,10.380344741890323,5.8281374502182,2.6955284416675567,0.0005538734840229154,8.320335388183594,0.33449801832437515,6.887451686859131,8.320335235595703,0.0035955810546875,0.44396270751953126
217,0.0007048343087560625,0.0007177902141120285,31.881159629821777,0.8660636150836944,0.009698207005858422,20.136563453674317,0.32226710945367815,86.10904299997492,4.680644124979153,90.7900078339735,19607.274665500794,5.806591068491444,10.68229044228452,5.915561590194702,2.7511910355091094,0.00039767843554727733,8.320335388183594,0.2942247746139765,7.175031528472901,8.320335388183594,0.00453704833984375,0.50171875
218,0.0006784029994596494,0.0007179597913636826,31.88149787902832,0.8649918723106385,0.009698207005858422,20.136563453674317,0.32226710945367815,85.71079704200383,4.694806916988455,90.40592454199214,19697.74414804182,5.833570766527439,10.650065249557302,5.967745933532715,2.710901073217392,0.0003543694328982383,8.320335388183594,0.29764097776263954,7.189769654273987,8.320335388183594,0.0053564453125,0.48812042236328124
219,0.0007042748752733132,0.0007162449398310855,31.88897361755371,0.8660045051574707,0.009698207005858422,20.136563453674317,0.32226710945367815,86.00590979197295,4.685014166985638,90.69125520798843,19788.502985375817,5.813553989596488,10.672326319168903,5.847300634384156,2.7290662968158723,0.0004986186395399272,8.320335388183594,0.30480294428765775,7.006008477210998,8.320334377288818,0.00439788818359375,0.454998779296875
220,0.0007099925445775171,0.0007178477605339139,31.881238479614257,0.8655494916439056,0.009698207005858422,20.136563453674317,0.32226710945367815,85.92776954197325,4.6792688749847,90.60751900001196,19879.174662875826,5.818840668915121,10.685429996831179,5.866539735794067,2.717168834209442,0.00043251703027635813,8.320335388183594,0.3292991104722023,7.026358814239502,8.320335388183594,0.003802490234375,0.46273895263671877
221,0.0007092856090423538,0.0007188532254076563,31.87864444732666,0.8652655851840972,0.009698207005858422,20.136563453674317,0.32226710945367815,86.10422391700558,4.652355708007235,90.75690329202916,19969.9950397918,5.8069160518994005,10.747243576828035,5.901953983306885,2.701697256565094,0.0008364497916772962,8.320335388183594,0.32500931598246097,7.066147329807282,8.320335292816162,0.00385406494140625,0.458870849609375
222,0.0007175597057500908,0.0007206955377478153,31.862809562683104,0.8664030611515046,0.009698207005858422,20.136563453674317,0.32226710945367815,85.81387270899722,4.657879750011489,90.47206958400784,20060.531121250824,5.826563750310468,10.73449781520802,5.634568819999695,2.8291704940795896,0.00024294492322951555,8.320335388183594,0.22063778951764107,6.680651800632477,8.320335140228272,0.007398681640625,0.44072479248046875
223,0.0006869905917069446,0.0007151596833136864,31.89508113861084,0.8667119860649108,0.009698207005858422,20.136563453674317,0.32226710945367815,85.99387533299159,4.698143167013768,90.6923291659914,20151.288315458805,5.8143675705259765,10.642502414795711,5.76306185722351,2.7637939620018006,0.00032613700022920966,8.320335388183594,0.27123022101819516,6.865998134613037,8.32033109664917,0.00557342529296875,0.44472015380859375
224,0.0006936511448450346,0.0007180830574361608,31.881397094726562,0.8650016272068024,0.009698207005858422,20.136563453674317,0.32226710945367815,86.23890275001759,4.695931249996647,90.93515233299695,20242.3485640008,5.797847422170478,10.647515335757035,5.993041105270386,2.7019748294353487,0.0003451679658610374,8.320335388183594,0.3027408783137798,7.254426078796387,8.320335369110108,0.00475830078125,0.47940338134765625
225,0.0006852882110842984,0.0007177212717942894,31.878941383361816,0.8666716206073761,0.009698207005858422,20.136563453674317,0.32226710945367815,85.70718633302022,4.695364375016652,90.40289770800155,20332.815039125795,5.833816525690403,10.648800818535554,5.656885132789612,2.8150952768325808,0.00018678998458199203,8.320335388183594,0.25642580080777405,6.71089215517044,8.320335121154786,0.00560150146484375,0.4468646240234375
226,0.000705541552597424,0.0007163537584710866,31.8900163269043,0.8661403155326843,0.009698207005858422,20.136563453674317,0.32226710945367815,85.80636516702361,4.6402896249783225,90.44698825001251,20423.338874958805,5.82707353966971,10.775189490512368,5.848390774726868,2.738760335445404,0.00022931149578653276,8.320335388183594,0.2913932038098574,7.005039536952973,8.320335083007812,0.0052459716796875,0.45692962646484375
227,0.0006850613961034924,0.0007155386343947612,31.893502006530763,0.8663781929016113,0.009698207005858422,20.136563453674317,0.32226710945367815,85.6845794999972,4.665004540991504,90.35037362499861,20513.753314333793,5.83535570714934,10.71810317881769,5.713810601234436,2.7620195162296297,0.0003554650756996125,8.320335388183594,0.2979739012569189,6.756808261871338,8.320333976745605,0.00465972900390625,0.445128173828125
228,0.000703535619820741,0.0007168213545810431,31.887000694274903,0.8664318430423736,0.009698207005858422,20.136563453674317,0.32226710945367815,85.26495654199971,4.597237290989142,89.86253375001252,20603.680438250827,5.864073826786162,10.876097280861044,5.748808822631836,2.754368405342102,0.00021544386981986463,8.320335388183594,0.30968348763883113,6.836670436859131,8.320329208374023,0.00419097900390625,0.445416259765625
229,0.0006844547032983428,0.0007152045131078921,31.896057662963866,0.8664799344539642,0.009698207005858422,20.136563453674317,0.32226710945367815,85.83637329097837,4.680216083012056,90.5169411249808,20694.25839870883,5.825036413235219,10.683267420384018,5.884762134552002,2.756821482181549,0.00034917928860522807,8.320335388183594,0.27863728571683166,7.123449594974518,8.320334434509277,0.0052197265625,0.47323577880859374
230,0.0006729732603489538,0.0007215142971836031,31.863693923950194,0.8644753158092499,0.009698207005858422,20.136563453674317,0.32226710945367815,85.97014387499075,4.699641625047661,90.67010533297434,20785.054798416793,5.815972586099779,10.63910910430174,6.062833681106567,2.674767155647278,0.00027890206547454,8.320335388183594,0.30304625529795887,7.343246030807495,8.320335330963134,0.00531951904296875,0.4822698974609375
231,0.0006891677383364368,0.0007184966845670715,31.88072238922119,0.8654918444156646,0.009698207005858422,20.136563453674317,0.32226710945367815,86.11976787500316,4.690308916033246,90.81039529200643,20875.93185883382,5.805867948061763,10.660278650107914,5.966122670173645,2.7316050338745117,0.0002869947056751698,8.320335388183594,0.2748271043971181,7.245465006828308,8.320335006713867,0.0053106689453125,0.48126739501953125
232,0.0006630024521070936,0.0007179515532334335,31.881906204223633,0.8653682386875152,0.009698207005858422,20.136563453674317,0.32226710945367815,86.03394420800032,4.736549333028961,90.77081133297179,20966.767095791816,5.811659625777158,10.556208008082892,5.939128732681274,2.7109781634807586,0.00027402510750107467,8.320335388183594,0.2960976786911488,7.158596076965332,8.320332336425782,0.00489471435546875,0.4619537353515625
233,0.0006826542947906091,0.0007177953943028115,31.884092140197755,0.8656920886039734,0.009698207005858422,20.136563453674317,0.32226710945367815,85.88122479204321,4.704209292016458,90.58575137500884,21057.418095541827,5.821994285837484,10.628778801329121,5.901400961875916,2.7596273493766783,0.0003171857388224453,8.320335388183594,0.2736061577871442,7.1497542715072635,8.320335159301758,0.005718994140625,0.4710885620117187
234,0.0006595354726136975,0.0007208582537714392,31.85883003234863,0.866155823469162,0.009698207005858422,20.136563453674317,0.32226710945367815,86.17893958400236,4.693387416016776,90.87281779199839,21148.358204458782,5.801881554978154,10.65328632990507,5.508966283798218,2.836779224872589,0.00018199009355157614,8.320335388183594,0.2444763244315982,6.385439672470093,8.320324325561524,0.00564910888671875,0.424088134765625
235,0.0006864524697584784,0.0007164664575248026,31.88933120727539,0.8662627410888671,0.009698207005858422,20.136563453674317,0.32226710945367815,86.06134195899358,4.672918708005454,90.734578625008,21239.15887054178,5.809809475644006,10.699950742635867,5.778559651374817,2.7608374118804933,0.0002382146194577217,8.320335388183594,0.28172465149313214,6.904292321205139,8.320330467224121,0.00534454345703125,0.4477471923828125
236,0.0006845577072829201,0.0007201627100585029,31.8735950088501,0.8652942562103272,0.009698207005858422,20.136563453674317,0.32226710945367815,85.87785970797995,4.644639000005554,90.52281654096441,21329.747525375802,5.822222417980672,10.765099289727406,5.8390670585632325,2.740567750930786,0.00023238718858920038,8.320335388183594,0.2850717997923493,7.011825180053711,8.320334815979004,0.00479217529296875,0.45381072998046873
237,0.0006554730569760068,0.0007180394680472091,31.88257926940918,0.8657206380367279,0.009698207005858422,20.136563453674317,0.32226710945367815,85.96848075004527,4.6805238330271095,90.64932741702069,21420.459785750834,5.816085100465576,10.682564982830716,5.7604998683929445,2.751637411117554,0.0002964219020213932,8.320335388183594,0.29558323562145233,6.8136406731605526,8.320333137512208,0.00508392333984375,0.45526885986328125
238,0.000684237874434757,0.0007201824919320643,31.870590019226075,0.8653874266147613,0.009698207005858422,20.136563453674317,0.32226710945367815,86.0122553340043,4.710410333005711,90.72301304200664,21511.249260166835,5.813125095469143,10.614786497399477,5.788833026885986,2.7202314162254333,0.00024815439246594906,8.320335388183594,0.30287845637649297,6.850223052501678,8.32033052444458,0.00492156982421875,0.4407171630859375
239,0.0006720321040015733,0.0007196450920309871,31.866415557861327,0.8664845490455627,0.009698207005858422,20.136563453674317,0.32226710945367815,86.18495150003582,4.667329417017754,90.85259550000774,21602.168687708792,5.801476839025572,10.712764309648428,5.630130548477172,2.8122849822044373,0.0002793970052152872,8.320335388183594,0.2574905385077,6.661943459510804,8.320304851531983,0.00586822509765625,0.4308905029296875
240,0.0007003076781938944,0.0007172120525501669,31.883823623657225,0.8661728775501252,0.009698207005858422,20.136563453674317,0.32226710945367815,86.3823745000409,4.680341791012324,91.06303016701713,21693.29900283378,5.788217826771633,10.682980481471494,5.804445605278016,2.7797190356254577,0.00028869902598671615,8.320335388183594,0.26208537988364694,6.9896619868278504,8.320334300994872,0.0057611083984375,0.46264556884765623
241,0.0006812745296128923,0.0007164614577777683,31.889306564331054,0.8670266771316528,0.009698207005858422,20.136563453674317,0.32226710945367815,85.66127154196147,4.724674207973294,90.38677508296678,21783.75025162578,5.8369434751511164,10.582740269291097,5.766998310089111,2.790658872127533,0.0002804863324854523,8.320335388183594,0.25800805423408746,6.926901001930236,8.320334548950195,0.00712005615234375,0.45959564208984377
242,0.0006834469408936456,0.0007160011204541661,31.891839179992676,0.8654961287975311,0.009698207005858422,20.136563453674317,0.32226710945367815,85.7672765830066,4.691861958010122,90.45947483298369,21874.27745029179,5.829729238471201,10.65675001683247,5.965523648262024,2.7201780796051027,0.00017523474525660276,8.320335388183594,0.29858659792691467,7.2151567745208744,8.32033462524414,0.0056146240234375,0.4741424560546875
243,0.0007176021073000812,0.0007175657228799537,31.884837455749512,0.8659993481636047,0.009698207005858422,20.136563453674317,0.32226710945367815,85.99755295802606,4.734171624993905,90.73206283303443,21965.073940958828,5.814118923174959,10.561509797411363,5.853013286590576,2.7680022585392,0.00018862640717998147,8.320335388183594,0.25489773526787757,7.067537426948547,8.320333843231202,0.00671417236328125,0.4507421875
244,0.0006838996212081838,0.0007172816997626796,31.884635124206543,0.866355140209198,0.009698207005858422,20.136563453674317,0.32226710945367815,86.11478304100456,4.727559291000944,90.8426663330174,22055.98208366678,5.806204026106867,10.576281950641329,5.742135486602783,2.77773552775383,0.00026959378737956285,8.320335388183594,0.26255978871136904,6.871232252120972,8.32032751083374,0.0058642578125,0.4226339721679688
245,0.0007256009994509896,0.000719394096522592,31.873395881652833,0.8652966153621674,0.009698207005858422,20.136563453674317,0.32226710945367815,85.89534195797751,4.737325375026558,90.63298412499717,22146.67955591681,5.82103742301433,10.554478749460966,5.929487190246582,2.7212086284160613,0.0003125879738945514,8.320335388183594,0.30382898230105637,7.156886558532715,8.320322647094727,0.00522918701171875,0.44807281494140627
246,0.0006792632677334041,0.000751610771403648,31.721369743347168,0.8589427042007446,0.009698207005858422,20.136563453674317,0.32226710945367815,85.78059487504652,4.667031084012706,90.44812558300328,22237.19419241679,5.828824114921701,10.71344910713774,6.295977983474732,2.556531856060028,0.0003706217394210398,8.320335388183594,0.38926964677870274,7.591256980895996,8.320334949493407,0.00293975830078125,0.4680572509765625
247,0.0006763907689014559,0.0007198092550970614,31.873762969970702,0.8659293293952942,0.009698207005858422,20.136563453674317,0.32226710945367815,86.02975400001742,4.746416166017298,90.77649720903719,22328.036596000835,5.811942691361163,10.534263800545505,5.723819856643677,2.755936658382416,0.0002594286925159395,8.320335388183594,0.2686013826727867,6.798460257053375,8.32031530380249,0.005831298828125,0.39232452392578127
248,0.0006585004191722419,0.0007189915937487968,31.870908317565917,0.8668013668060303,0.009698207005858422,20.136563453674317,0.32226710945367815,85.81554929097183,4.750836374994833,90.56670491601108,22418.66660083382,5.8264499164908585,10.524462653179542,5.399770874977111,2.80435622215271,0.00021185408695600927,8.320335388183594,0.23776150655001402,6.151778717041015,8.320164165496827,0.00671478271484375,0.3259088134765625
249,0.000697059391669427,0.0007222987021668814,31.862481117248535,0.8648450529575348,0.009698207005858422,20.136563453674317,0.32226710945367815,84.78702358400915,4.694358750013635,89.48175295902183,22508.21180491679,5.897128815998443,10.65108200344824,5.8828018760681156,2.7275901937484743,0.00027575448621064425,8.320335388183594,0.28720476798713207,7.070153486728668,8.320328006744385,0.00469482421875,0.40063720703125
250,0.0007019107281503238,0.0007155835986486636,31.89522808074951,0.8667526817321778,0.009698207005858422,20.136563453674317,0.32226710945367815,85.87461558298673,4.741055333986878,90.61599195795134,22598.891514666786,5.822442366764536,10.546175160953814,5.744319977760315,2.776892697811127,0.0001533192553324625,8.320335388183594,0.24949770219624043,6.862020792961121,8.320329265594482,0.0069512939453125,0.40254913330078124
251,0.0007030226087458687,0.000719831315218471,31.874320335388184,0.8651993453502655,0.009698207005858422,20.136563453674317,0.32226710945367815,85.91910841601202,4.853460916026961,90.7728853750159,22689.726717708807,5.819427240551057,10.301926988819755,5.924361453056336,2.7286757922172544,0.0001506681728642434,8.320335388183594,0.24579532440751792,7.155245444774628,8.32033031463623,0.00715087890625,0.41288818359375
252,0.0007037355660268076,0.0007206071133259684,31.870089721679687,0.8646723818778992,0.009698207005858422,20.136563453674317,0.32226710945367815,86.09561741701327,4.657105541031342,90.75323645799654,22780.543135750806,5.807496536997892,10.736282345219777,5.883899068832397,2.711321539878845,0.00021585369540844113,8.320335388183594,0.2757066944614053,7.073139219284058,8.32032751083374,0.00542144775390625,0.37647735595703125
253,0.0007020960504710275,0.0007172141858609394,31.88850242614746,0.8657731449604035,0.009698207005858422,20.136563453674317,0.32226710945367815,85.96107650001068,4.723263832973316,90.6846554169897,22871.28867508378,5.816586068462485,10.585900294399767,5.74534812450409,2.7735151648521423,0.0002895356738008559,8.320335388183594,0.2442654374614358,6.861778509616852,8.320322914123535,0.006290283203125,0.3699404907226562
254,0.0006698524629917983,0.0007178193324944005,31.883451995849608,0.8660962450504303,0.009698207005858422,20.136563453674317,0.32226710945367815,85.72907858301187,4.729601333034225,90.45900983299362,22961.812294208794,5.83232677015008,10.571715558935502,5.699093747138977,2.7556700778007506,0.00031797736301086843,8.320335388183594,0.25225875530391934,6.765165963172913,8.320304565429687,0.00600921630859375,0.350537109375
255,0.0006558558861897837,0.0007185076823225245,31.880717086791993,0.8657219052314759,0.009698207005858422,20.136563453674317,0.32226710945367815,85.79758254101034,4.695320833008736,90.49323695799103,23052.369049416797,5.827670025096631,10.648899570076933,5.69315936088562,2.743131079673767,0.0002098230761475861,8.320335388183594,0.2641299085319042,6.728854517936707,8.320287036895753,0.00585693359375,0.33616424560546876
256,0.0006745636848140748,0.0007186968214227818,31.880342140197754,0.8659380388259887,0.009698207005858422,20.136563453674317,0.32226710945367815,85.79507116699824,4.735533833969384,90.53091549995588,23142.963104666793,5.82784061134189,10.558471706259432,5.65101044178009,2.7668736600875854,0.00013551165466196835,8.320335388183594,0.23688436284661293,6.684024136066437,8.320308933258056,0.006553955078125,0.3159210205078125
257,0.0006748026210129865,0.0007206454133847728,31.858066902160644,0.866191987991333,0.009698207005858422,20.136563453674317,0.32226710945367815,85.8057085420005,4.7454743750276975,90.55151791701792,23233.577397625835,5.827118131135274,10.536354439740952,5.154544992446899,2.8000063633918764,0.00021466516773216426,8.320335388183594,0.21535586059093476,5.628486242294311,8.319815921783448,0.00656646728515625,0.22666351318359376
258,0.0006872739686007208,0.0007210508963908068,31.868140983581544,0.8653252124786377,0.009698207005858422,20.136563453674317,0.32226710945367815,86.16453862498747,4.764506125007756,90.92953525000485,23324.569474291813,5.802851242274294,10.494267126148065,5.651245408058166,2.741839349269867,0.00019893693388439715,8.320335388183594,0.2596416765078902,6.65395712852478,8.320305194854736,0.0052838134765625,0.3022186279296875
259,0.0006852029983367629,0.0007145024224882946,31.901855430603028,0.8668258285522461,0.009698207005858422,20.136563453674317,0.32226710945367815,85.45165458403062,4.744886500004213,90.19684941699961,23414.83037579182,5.851261774086713,10.53765985760789,5.3640100955963135,2.8066894674301146,0.00018450313655193895,8.320335388183594,0.20445966698229312,6.128351311683655,8.320248622894287,0.00716064453125,0.25990325927734376
260,0.0006674007777633051,0.0007196816281066276,31.876819839477537,0.8652888011932373,0.009698207005858422,20.136563453674317,0.32226710945367815,86.13410145801026,4.7404504580190405,90.87487370800227,23505.826350791787,5.804901793092324,10.547520840644797,5.6579334163665775,2.766824526786804,0.00020677648717537522,8.320335388183594,0.23548910450190305,6.706475396156311,8.320312862396241,0.00663238525390625,0.30615570068359377
261,0.0006714294876837812,0.000718308489304036,31.88527160644531,0.8654811286926269,0.009698207005858422,20.136563453674317,0.32226710945367815,85.83994545799214,4.740924583980814,90.5811879580142,23596.47201625083,5.824794008573632,10.546466014023046,5.6266098308563235,2.7824767136573794,0.00022723717847838998,8.320335388183594,0.22856668286025525,6.646174738407135,8.320317420959473,0.00610687255859375,0.3108102416992187
262,0.0007099223291825183,0.0007209988249815069,31.86803108215332,0.8648015093803406,0.009698207005858422,20.136563453674317,0.32226710945367815,86.17026899999473,4.740855874959379,90.91144270898076,23687.446521333826,5.802465349156918,10.546618863503927,5.741589460372925,2.744915874004364,0.00016551256703678519,8.320335388183594,0.23952810611575842,6.8493360424041745,8.32031717300415,0.005670166015625,0.3283197021484375
263,0.0007427934606234885,0.0007205875479849056,31.87331283569336,0.8656321215629578,0.009698207005858422,20.136563453674317,0.32226710945367815,86.11265404202277,4.7525905829970725,90.8655659170472,23778.376419916807,5.8063475753052645,10.520578014626512,5.621317782402039,2.7592148566246033,0.00015150668332353234,8.320335388183594,0.2531764777749777,6.59955260515213,8.32030460357666,0.005772705078125,0.31653594970703125
264,0.0006801852959347343,0.0007209208363201469,31.865599861145018,0.8667523276805877,0.009698207005858422,20.136563453674317,0.32226710945367815,86.04572954203468,4.729225207993295,90.77526929200394,23869.218251166807,5.810863626366747,10.572556349291727,5.412494192123413,2.8137481951713563,0.00022855590214021504,8.320335388183594,0.20755327641963958,6.242163684368133,8.32022777557373,0.0072003173828125,0.28975921630859375
265,0.0006783678200126815,0.0007194767671171576,31.878111839294434,0.8653070652484893,0.009698207005858422,20.136563453674317,0.32226710945367815,85.91063341696281,4.724710208014585,90.63566579198232,23959.91828483378,5.820001321294837,10.582659633851062,5.72920895576477,2.7673810720443726,0.00017755426233634353,8.320335388183594,0.23349745891988277,6.840278196334839,8.320324821472168,0.0066485595703125,0.3483837890625
266,0.0007075373185377884,0.0007185792946256697,31.880884056091308,0.8663580620288849,0.009698207005858422,20.136563453674317,0.32226710945367815,85.84634504199494,4.752876458049286,90.59978945803596,24050.582673833822,5.824359787890869,10.519945225027246,5.300401754379273,2.8248533177375794,0.00017954876238945872,8.320335388183594,0.19463737338781356,6.000984416007996,8.320260982513428,0.006844482421875,0.26407470703125
267,0.0007005970842340048,0.0007166101792245172,31.89191722869873,0.8665645730495453,0.009698207005858422,20.136563453674317,0.32226710945367815,86.16821029101266,4.749843208002858,90.9183879159973,24141.56878062582,5.802603980184442,10.526663262432876,5.4993592596054075,2.819318492412567,0.00016938435146585107,8.320335388183594,0.20904757287353276,6.421325919628143,8.32029893875122,0.00697052001953125,0.3042022705078125
268,0.0006860245071598001,0.0007214741950156167,31.867015991210938,0.8657003521919251,0.009698207005858422,20.136563453674317,0.32226710945367815,85.96294825000223,4.747895625012461,90.71116458298638,24232.344431541802,5.816459418607563,10.530981291289185,5.50099214553833,2.783011207580566,0.00018784972780849785,8.320335388183594,0.22815269351005554,6.370569663047791,8.320301189422608,0.00580322265625,0.29175628662109376
269,0.0006827984453403246,0.0007160486225620843,31.89777000427246,0.8663115990161896,0.009698207005858422,20.136563453674317,0.32226710945367815,84.73288150003646,4.717295875016134,89.45050683402224,24321.86107637582,5.900896926298734,10.599292756854899,5.621848206520081,2.8220044803619384,0.00022618274670094252,8.320335388183594,0.1959567792341113,6.703417077064514,8.320324325561524,0.0070623779296875,0.33116119384765624
270,0.0007037579837342492,0.0007189317818847485,31.881289024353027,0.8660395133495331,0.009698207005858422,20.136563453674317,0.32226710945367815,85.94023550004931,4.777310959005263,90.71787187503651,24412.64499741682,5.817996623941217,10.466138886301648,5.501691236495971,2.8107466173171995,0.00019926961977034807,8.320335388183594,0.20123857218772173,6.405183811187744,8.320315818786622,0.00656097412109375,0.3011676025390625
271,0.0006893789435296185,0.0007272751265554689,31.8372176361084,0.8632260692119599,0.009698207005858422,20.136563453674317,0.32226710945367815,85.9508765420178,4.740272999973968,90.69146825000644,24503.40281891683,5.817276334064736,10.547915700271817,5.84041009426117,2.7683655261993407,0.00018129838281311095,8.320335388183594,0.21387401677668094,7.083407845497131,8.320330467224121,0.006297607421875,0.35769134521484375
272,0.0006978540652908123,0.0007232839308562688,31.857130699157715,0.8639304685592651,0.009698207005858422,20.136563453674317,0.32226710945367815,85.88458483299473,4.734610249986872,90.61950920795789,24594.087025625806,5.8217665134234,10.560531355276527,5.772215857505798,2.7668565201759336,0.00014107333845458925,8.320335388183594,0.21877101462334395,6.943936963081359,8.320330924987793,0.007041015625,0.3456103515625
273,0.000664965502972791,0.0007176544365938753,31.89100845336914,0.8655087280273438,0.009698207005858422,20.136563453674317,0.32226710945367815,85.68353420798667,4.712554749974515,90.39658070803853,24684.54823733383,5.835426895280825,10.609956308787796,5.569318623542785,2.850642349720001,0.00017763522919267416,8.320335388183594,0.1762366446852684,6.614720759391784,8.320326099395752,0.00753204345703125,0.32031707763671874
274,0.0006877348381622142,0.0007213733246317133,31.868822937011718,0.8648075079917907,0.009698207005858422,20.136563453674317,0.32226710945367815,85.60407674999442,4.759098584007006,90.36350383301033,24774.978015041794,5.840843321752578,10.50619127076406,5.783875694274903,2.785342893600464,0.0001223101862706244,8.320335388183594,0.19888827241957188,6.9778035402297975,8.32033239364624,0.0076446533203125,0.36311676025390627
275,0.0006787092602035046,0.0007214025661232881,31.867088165283203,0.8642736279964447,0.009698207005858422,20.136563453674317,0.32226710945367815,85.85056012496352,4.73095633398043,90.58182799996575,24865.625546333787,5.824073824005379,10.568687696580804,5.825316414833069,2.7876897978782655,0.00014652646495960653,8.320335388183594,0.19740883097052575,7.065262126922607,8.320333213806153,0.00706756591796875,0.36947784423828123
276,0.0006687521447915969,0.0007224311924073846,31.864690551757814,0.8658414542675018,0.009698207005858422,20.136563453674317,0.32226710945367815,85.91061058302876,4.751231624977663,90.66217654198408,24956.352406708815,5.820002868176247,10.523587134153887,5.517182006835937,2.828214626312256,0.00016283980221487582,8.320335388183594,0.19307193022221328,6.449190430641174,8.320326557159424,0.0077935791015625,0.32564239501953124
277,0.0006663597710164595,0.0007199567728093826,31.872377014160158,0.8664963400363922,0.009698207005858422,20.136563453674317,0.32226710945367815,85.79755654197652,4.748582041996997,90.54645149997668,25046.96627516678,5.827671791041912,10.529459016985353,5.372497081756592,2.884183340072632,0.0001269732601940632,8.320335388183594,0.1560468061082065,6.231405024528503,8.32032341003418,0.0090997314453125,0.301651611328125
278,0.0006968536096626679,0.0007228009280515835,31.860225639343263,0.8648358225822449,0.009698207005858422,20.136563453674317,0.32226710945367815,85.83708908298286,4.749038457986899,90.5864412499941,25137.6207127088,5.82498783849282,10.528447061933212,5.553077044487,2.821700720787048,0.0001914444874273613,8.320335388183594,0.19793243687599898,6.558856043815613,8.320322189331055,0.0064483642578125,0.315933837890625
279,0.000686351524701422,0.0007204191436176188,31.872662467956545,0.8656672310829162,0.009698207005858422,20.136563453674317,0.32226710945367815,85.948990667006,4.721343791985419,90.67065695801284,25228.35656650079,5.817403975541268,10.590205289620311,5.681057043075562,2.831958358287811,0.0001840785553213209,8.320335388183594,0.1959341024979949,6.849307024478913,8.3203271484375,0.00695068359375,0.3602484130859375
280,0.0006297219707641944,0.0007187320321099832,31.878188858032228,0.867360327243805,0.009698207005858422,20.136563453674317,0.32226710945367815,85.71931704197777,4.732972999976482,90.45263729197904,25318.876635208784,5.832990943629941,10.564184498886524,5.380992112159729,2.9100272631645203,0.0001231777569046244,8.320335388183594,0.15006926778703927,6.274562191963196,8.320322189331055,0.00962249755859375,0.32372711181640623
281,0.0006733927172335825,0.0007178682612720877,31.88852912902832,0.8666577076911927,0.009698207005858422,20.136563453674317,0.32226710945367815,85.46671941602835,4.741339624975808,90.20854391600005,25409.152135583805,5.85023039864369,10.545542811701687,5.4730057573318485,2.8482585763931274,0.00014206580817699432,8.320335388183594,0.17599551022052765,6.399085462093353,8.320325164794921,0.00802032470703125,0.3226568603515625
282,0.0006778777406293557,0.0007211563430610113,31.87260768890381,0.864921578168869,0.009698207005858422,20.136563453674317,0.32226710945367815,85.87566224997863,4.824166708975099,90.70014766597888,25499.92025525082,5.822371401859255,10.364484276005165,5.769637551307678,2.8171704626083374,0.00018162265769205987,8.320335388183594,0.1929542925208807,6.995852336883545,8.320334072113036,0.00735382080078125,0.37428070068359376
283,0.0006984274364983775,0.0007191559349303134,31.88007667541504,0.8666193878650665,0.009698207005858422,20.136563453674317,0.32226710945367815,85.9221767919953,4.743404167005792,90.66589454200584,25590.65475570882,5.81921942236665,10.540952918958581,5.399646821022034,2.8629511308670046,0.00015596207231283188,8.320335388183594,0.17161884814500808,6.236254568099976,8.32032434463501,0.00850860595703125,0.31454315185546877
284,0.0006884971132885767,0.0007194957113824784,31.87617618560791,0.8668761670589447,0.009698207005858422,20.136563453674317,0.32226710945367815,86.10670183401089,4.761041916965041,90.8680595420301,25681.586820375815,5.806748944627528,10.50190291789593,5.45628258228302,2.8938882112503053,0.00018826709128916264,8.320335388183594,0.1557446839287877,6.4169929051399235,8.320329284667968,0.0092462158203125,0.333316650390625
285,0.0007104328357113445,0.0007201805346994661,31.875796241760256,0.865777268409729,0.009698207005858422,20.136563453674317,0.32226710945367815,85.89187508303439,4.726671750016976,90.61886041599791,25772.273046500806,5.821272378983858,10.578267890047668,5.634033861160279,2.8353799986839294,0.00017005795962177217,8.320335388183594,0.1838967030122876,6.7361052703857425,8.320332050323486,0.00770263671875,0.3539910888671875
286,0.0006625147111553816,0.0007262478105258197,31.84343189239502,0.8648325312137604,0.009698207005858422,20.136563453674317,0.32226710945367815,86.09730274998583,4.856593500007875,90.95423420896986,25863.293508333794,5.807382856718846,10.29528207372491,5.6500346326828,2.823800482749939,0.00018529710359871387,8.320335388183594,0.18816403210163116,6.75802943944931,8.320332145690918,0.00680023193359375,0.34552734375
287,0.0006876682362781139,0.000725293193536345,31.84993370056152,0.8645139706134796,0.009698207005858422,20.136563453674317,0.32226710945367815,85.93204129097285,4.687380084011238,90.61974016600288,25953.977411125787,5.818551409793229,10.666939549141995,5.711225180625916,2.7918063187599182,0.00020910456078127027,8.320335388183594,0.21474639646708965,6.822226538658142,8.320331707000733,0.00607269287109375,0.3635470581054687
288,0.0007135689866231588,0.0007246561857755296,31.853909378051757,0.8654464185237885,0.009698207005858422,20.136563453674317,0.32226710945367815,85.36916524998378,4.735934290976729,90.10592354100663,26044.147701708833,5.856915650233502,10.55757891220406,5.609941735267639,2.840188081264496,0.00013779854634776711,8.320335388183594,0.1741179697960615,6.6878138494491575,8.32032958984375,0.00794403076171875,0.34901885986328124
289,0.000681417923396566,0.0007206415955442935,31.87387306213379,0.8649191439151764,0.009698207005858422,20.136563453674317,0.32226710945367815,85.79432095802622,4.744527750008274,90.53915920801228,26134.753945500823,5.82789157157172,10.538456646167326,5.694247012138367,2.825409173965454,0.0001246489118784666,8.320335388183594,0.19232393383979798,6.853923358917236,8.320332317352294,0.007342529296875,0.3598931884765625
290,0.0006872077651698873,0.000720967061643023,31.871592063903808,0.8654395353794098,0.009698207005858422,20.136563453674317,0.32226710945367815,85.76652166701388,4.739413915958721,90.50625608401606,26225.32500483381,5.829780551684678,10.549827655195559,5.636217565536499,2.840654923915863,0.00012851209612563252,8.320335388183594,0.17996523078531027,6.737598016262054,8.32033275604248,0.00748138427734375,0.3639678955078125
291,0.0006854537499725666,0.0007192358130123466,31.88284637451172,0.8655248773097992,0.009698207005858422,20.136563453674317,0.32226710945367815,85.37520304101054,4.701287375006359,90.07681724999566,26315.466338291822,5.856501445271196,10.635384738617976,5.70818263053894,2.840774643421173,0.00010521365038584918,8.320335388183594,0.15289607662707566,6.892617826461792,8.320332946777343,0.01053619384765625,0.37281005859375
292,0.0007031723387117381,0.0007208581731538288,31.872417526245115,0.8662137901782989,0.009698207005858422,20.136563453674317,0.32226710945367815,85.98982329102,4.729242125002202,90.71938087500166,26406.25298241683,5.8146415571505825,10.572518530117915,5.48251314163208,2.916594581604004,0.0001489203132223338,8.320335388183594,0.1447655264288187,6.521987428665161,8.320330238342285,0.00930145263671875,0.34422882080078127
293,0.000675836781813814,0.0007194006847566925,31.878805885314943,0.8664623677730561,0.009698207005858422,20.136563453674317,0.32226710945367815,85.91088358301204,4.70047516701743,90.61183349997737,26496.92984779179,5.819984373887521,10.637222455900401,5.450010871887207,2.8530678868293764,0.00013536939513869584,8.320335388183594,0.1713019475713372,6.324770710468292,8.320329284667968,0.0084381103515625,0.32335845947265623
294,0.0007128555829376637,0.0007179669334436766,31.886831588745117,0.8668056499958038,0.009698207005858422,20.136563453674317,0.32226710945367815,86.15944795898395,4.736274458002299,90.8960473339539,26587.88994804182,5.803194099363591,10.556820649513071,5.421838254928589,2.877324538230896,0.00013512266741599888,8.320335388183594,0.16045902490615846,6.308781871795654,8.320326652526855,0.0085845947265625,0.3172479248046875
295,0.000669346445737176,0.0007205418971716426,31.87507167816162,0.8655353832244873,0.009698207005858422,20.136563453674317,0.32226710945367815,85.4878437499865,4.711076666018926,90.19923362496775,26678.153938875825,5.8487847870192535,10.613285145761017,5.669755511283874,2.846694173812866,0.00016409270756412297,8.320335388183594,0.17928382549434901,6.823837399482727,8.320334014892579,0.00715972900390625,0.3702658081054688
296,0.0006626737135991334,0.0007233231389545835,31.862610359191894,0.8649635016918182,0.009698207005858422,20.136563453674317,0.32226710945367815,86.07089299999643,4.756194624991622,90.82740433397703,26769.047470833815,5.809164777691115,10.512605968072233,5.459884376525879,2.8677438926696777,0.00014160099090076983,8.320335388183594,0.17979307942092418,6.3753210854530336,8.320331554412842,0.0070574951171875,0.320526123046875
297,0.0006830805833096747,0.0007199766385019757,31.873482475280763,0.8668545353412628,0.009698207005858422,20.136563453674317,0.32226710945367815,86.07582174998242,4.739295708015561,90.81543420796515,26859.93096783379,5.808832141647281,10.550090789953263,5.274784121513367,2.907148909568787,0.00016993211465887725,8.320335388183594,0.15478337433189154,5.992902984619141,8.320323257446288,0.0087078857421875,0.3047186279296875
298,0.0006665751449327217,0.0007221569149987772,31.866563148498535,0.865321352481842,0.009698207005858422,20.136563453674317,0.32226710945367815,85.79828145902138,4.69170770898927,90.49031445902074,26950.489691375813,5.827622552542709,10.657100378226982,5.834814448356628,2.797159593105316,0.00015262885426636785,8.320335388183594,0.18774486050009728,7.106247510910034,8.320333919525147,0.00795501708984375,0.40047607421875
299,0.0006908135909102385,0.0007226309188990853,31.862497024536133,0.8646708631515503,0.009698207005858422,20.136563453674317,0.32226710945367815,85.84858070802875,4.7161999579984695,90.56510841700947,27041.120109958807,5.824208110096792,10.60175574515287,5.718251628875732,2.8479141545295716,0.00014253080007620156,8.320335388183594,0.1534614322334528,6.948140678405761,8.320334243774415,0.009368896484375,0.375189208984375
300,0.0007137126675770559,0.0007198787404922768,31.874990425109864,0.8668253087997436,0.009698207005858422,20.136563453674317,0.32226710945367815,85.89128945796983,4.7356391249923036,90.62724449997768,27131.812043625803,5.821312069656035,10.558236951824588,5.325882239341736,2.9238325357437134,0.00013809969823341817,8.320335388183594,0.13758007865399122,6.157968933582306,8.320328178405761,0.01005279541015625,0.3141363525390625
