epoch,train_mse,val_mse,val_psnr,val_ssim,noisy_mse,noisy_psnr,noisy_ssim,train_phase_time_sec,validation_time_sec,epoch_time_sec,total_time_sec,train_images_per_sec,validation_images_per_sec,val_lambda_mean,val_lambda_std,val_lambda_min,val_lambda_max,val_lambda_p01,val_lambda_median,val_lambda_p99,val_lambda_lower_saturation_fraction,val_lambda_upper_saturation_fraction
1,0.0012288269175332,0.0011329202755587,29.971894149780272,0.7950389075279236,0.0096982070058584,20.136563453674317,0.3222671094536781,79.45187254203483,5.266915957909077,84.7191996248439,84.71936870878562,6.293117883854403,9.49322153601433,2.96897424697876,0.0666795802116394,2.272941827774048,3.1164729595184326,2.509617094993591,2.976142859458923,3.032542171478271,0.0,0.0
2,0.0011615586931948,0.0011311402526916,29.99488388061523,0.7975042545795441,0.0096982070058584,20.136563453674317,0.3222671094536781,80.04197237500921,5.385667792055756,85.42816945910454,170.27211937494576,6.246722627691151,9.283899774463173,3.075454387664795,0.1481756168603897,2.280074119567871,3.5569469928741455,2.5745745134353637,3.081638731956482,3.3753259563446045,0.0,0.0
3,0.0011651485837792,0.0011172770144185,30.033241004943847,0.7968647146224975,0.0096982070058584,20.136563453674317,0.3222671094536781,86.85576591594145,5.71511908294633,92.57143191620708,262.9434584588744,5.756670207524246,8.748724090316482,2.9798776960372924,0.3074211812019348,2.18567156791687,4.286778450012207,2.3980053424835206,2.9608405113220213,3.758692936897278,0.0,0.0
4,0.0011387631683901,0.0011190506926504,30.028481903076173,0.7959297955036163,0.0096982070058584,20.136563453674317,0.3222671094536781,92.47982470784336,5.97752441605553,98.45769404200836,361.5093606668525,5.40658464242952,8.364666795120208,3.0335526609420778,0.5630913832783699,2.001920700073242,5.71026086807251,2.1509753608703615,2.964331340789795,4.541265969276428,0.0,0.0
5,0.0010861249459339,0.0011242790927644,29.860394096374513,0.7709706771373749,0.0096982070058584,20.136563453674317,0.3222671094536781,94.0553432079032,5.48119920771569,99.536888374947,461.10354645876214,5.316019089896707,9.122091371832786,2.06608216047287,0.4211873754858971,1.104095697402954,4.429532051086426,1.424559931755066,2.002196083068847,3.2632340383529663,0.0,0.0
6,0.001043982285737,0.0011076879460597,30.0658854675293,0.7941843438148498,0.0096982070058584,20.136563453674317,0.3222671094536781,92.62526412541048,6.155676707625389,98.7818008339964,559.9395839590579,5.398095268295509,8.122583815693591,3.0245302867889405,0.7153081804513931,0.6907950043678284,6.1137776374816895,1.5045426499843595,3.038032851219177,4.699671168327331,0.0,0.0
7,0.001027771367284,0.000904175323958,30.9489693069458,0.832615259885788,0.0096982070058584,20.136563453674317,0.3222671094536781,105.8744362089783,7.354315959382802,113.2296220837161,673.2766838748939,4.722575325105716,6.798728838432468,5.204901986122131,2.3076744294166565,0.0807395428419113,20.022279739379883,0.8068062204122544,5.384666185379029,11.511343936920166,0.001494140625,0.0
8,0.0008642921723367,0.0008720064512453,31.11737209320068,0.842775810956955,0.0096982070058584,20.136563453674317,0.3222671094536781,116.71901866607368,7.397850791923702,124.11723937513308,797.4926605420187,4.283792013626082,6.7587197155402805,6.626034603118897,3.451020450592041,0.0283258408308029,23.703584671020508,0.6055442371964455,6.782477226257324,14.167630767822263,0.0067971801757812,0.0
9,0.0008081022103542,0.0008518495806492,31.204201316833498,0.8466986095905304,0.0096982070058584,20.136563453674317,0.3222671094536781,128.52481866721064,8.329619124997407,136.8554093753919,934.4550663339904,3.89029920590396,6.0026754224510315,6.628155913352966,4.159222755432129,0.0104362610727548,23.863431930541992,0.5483809584379196,6.1570108699798585,16.47754865646362,0.0130990600585937,0.0
10,0.0008208923503298,0.0008395892349653,31.28957515716553,0.8501905417442321,0.0096982070058584,20.136563453674317,0.3222671094536781,130.90990020800382,8.176141500007361,139.08637116709724,1073.6569556249306,3.819420832233054,6.115354045665059,9.434992189407348,5.901631960868835,0.0959687232971191,28.61703109741211,0.7826235821843147,8.961750025749206,21.858702964782715,0.0017233276367187,0.0
11,0.0008626530848287,0.0008881121806916,31.080334930419923,0.8413151621818542,0.0096982070058584,20.136563453674317,0.3222671094536781,135.0078840837814,8.126990417018533,143.1353701245971,1216.903330584057,3.7034874177401127,6.15233898827987,12.078137168884275,5.96110888004303,0.062675692141056,27.73854637145996,0.9097350525856018,13.06910647392273,21.990053443908693,0.0027816772460937,0.0
12,0.0007763870591588,0.0008183787405141,31.35332042694092,0.8526672208309174,0.0096982070058584,20.136563453674317,0.3222671094536781,136.68672820786014,8.326875166967511,145.01394099975005,1361.9795336672105,3.657999621145717,6.0046534861419145,8.147676792144775,5.944273760318756,0.0475309677422046,28.458660125732425,0.6074001117050648,6.761578431129456,21.661791009902956,0.00604248046875,0.0
13,0.000752540471698,0.0008004179227282,31.4882527923584,0.8599862790107727,0.0096982070058584,20.136563453674317,0.3222671094536781,134.3604545001872,8.236585082951933,142.59797608386725,1504.6886512921192,3.721333050412563,6.070476963018314,8.92335124015808,6.18720431804657,0.0624596998095512,28.62339210510254,0.662851768732071,7.753901252746582,22.4950376701355,0.0038507080078125,0.0
14,0.0008432975054784,0.0007962797331856,31.525460929870604,0.8601753628253936,0.0096982070058584,20.136563453674317,0.3222671094536781,136.2395131662488,8.26143562514335,144.5013177082874,1649.3031953750178,3.6700072422445142,6.052216862626999,9.2285995054245,6.22295964717865,0.0611037872731685,29.303586959838867,0.7946923819184303,7.9471923828125,23.059615211486815,0.0022494506835937,0.0
15,0.0007686021053523,0.0008053178113186,31.47163475036621,0.8576994860172271,0.0096982070058584,20.136563453674317,0.3222671094536781,136.27981058321893,8.17102266708389,144.45178262516856,1793.873327624984,3.668922035187862,6.119185080885869,13.831958494186402,9.006858615875244,0.0446146316826343,32.167694091796875,0.8058983628451825,12.85459849357605,29.558417472839356,0.0040737915039062,0.0
16,0.0007325234607433,0.000786624001339,31.576373825073244,0.8636025154590606,0.0096982070058584,20.136563453674317,0.3222671094536781,137.12412554211917,8.214810540899634,145.33933024993166,1939.266837417148,3.646331366003276,6.0865676391514585,11.070645990371704,8.421604595184327,0.0340203195810318,32.698951721191406,0.661784444898367,8.852190709114074,29.00099407196045,0.0062393188476562,0.0
17,0.0007501927240882,0.0008054628138779,31.43415161132813,0.8584838306903839,0.0096982070058584,20.136563453674317,0.3222671094536781,137.4839658336714,8.201027542352676,145.68585262494162,2085.062127458863,3.6367877298862754,6.096796985717257,7.111721272468567,5.810434465408325,0.0177146885544061,32.24103927612305,0.5016123740375042,5.3182805013656616,23.316239566802977,0.0111114501953125,0.0
18,0.0007662446097074,0.0007755598254152,31.63760929107666,0.8660544753074646,0.0096982070058584,20.136563453674317,0.3222671094536781,136.54161345772445,8.18868716666475,144.7306833746843,2229.8560111671686,3.661887298225081,6.105984876738794,11.98720784664154,9.51321328163147,0.0227486044168472,33.18502426147461,0.6175762581825256,9.239818980693816,31.19481964111328,0.0067190551757812,0.0038772583007812
19,0.0007337913200717,0.0007762773329159,31.626654777526856,0.8662819707393646,0.0096982070058584,20.136563453674317,0.3222671094536781,137.47112820809707,8.21016937494278,145.68223416619003,2375.6528752087615,3.637127348246713,6.090008344115127,11.388060421943663,9.358496646881104,0.0272260904312133,33.15119934082031,0.5952439475059509,8.460643763542175,30.90178276062012,0.0060552978515625,0.00189453125
20,0.0007727963548095,0.0007840025459881,31.564640464782716,0.8611164605617523,0.0096982070058584,20.136563453674317,0.3222671094536781,136.85553270811215,8.163866708055139,145.019722874742,2520.7362062921748,3.653487660352093,6.12454879385352,7.84473484992981,6.14779709815979,0.0249964278191328,32.55241012573242,0.6186717973649501,5.936988308429718,24.585194664001463,0.0064950561523437,0.0
21,0.0007606752046121,0.0007737112752511,31.644701690673827,0.8650695335865021,0.0096982070058584,20.136563453674317,0.3222671094536781,132.94426029198803,7.249462958949152,140.19410470803268,2660.9303967091837,3.760974703998807,6.897062621483863,14.064923582077029,10.29954077720642,0.0215862374752759,33.23610305786133,0.6871273611485958,11.986309385299682,32.1910795211792,0.0054830932617187,0.032928466796875
22,0.0007430550447534,0.0007965257382602,31.517187423706055,0.8620278656482696,0.0096982070058584,20.136563453674317,0.3222671094536781,132.55025491700508,7.45947745902231,140.01006129203597,2801.152793334215,3.7721541939928342,6.7028823767708445,10.106301126480105,8.778360180854797,0.0108330100774765,33.19084930419922,0.5170266516506672,7.116214518547058,29.707464981079102,0.013792724609375,0.0041598510742187
23,0.0007483431876144,0.0007646020062384,31.69391902923584,0.8681001210212708,0.0096982070058584,20.136563453674317,0.3222671094536781,133.28422154200962,7.303024834021926,140.58777104201727,2941.8957068342133,3.75138177809296,6.84647815615656,12.158962783813475,9.962195024490356,0.0201523676514625,33.24522018432617,0.6318005657196045,9.102007813453676,31.745219039916993,0.0056793212890625,0.02169189453125
24,0.0007468797749497,0.000767936258635,31.6744522857666,0.8662512254714966,0.0096982070058584,20.136563453674317,0.3222671094536781,131.51111516699893,7.332333167025354,138.84377212496474,3080.9694747501635,3.801960004407816,6.8191118517169675,14.332246742248536,10.736593379974366,0.0132846180349588,33.27427291870117,0.6680887606739998,11.97108939409256,32.6680228805542,0.0067056274414062,0.0911907958984375
25,0.0007472533934496,0.0007765900623053,31.625501708984373,0.8624110281467438,0.0096982070058584,20.136563453674317,0.3222671094536781,130.79570716700982,7.2774095829809085,138.07343720900826,3219.2046160422033,3.8227554315797407,6.870576601450463,14.772747793197633,10.15297561645508,0.0169018786400556,33.218017578125,0.678043640255928,13.057595047950745,32.18406192779541,0.006051025390625,0.0215792846679687
26,0.0007379800375142,0.0007688712712842,31.621600608825684,0.8625841820240021,0.0096982070058584,20.136563453674317,0.3222671094536781,132.03510512504727,7.45388870802708,139.4893250419991,3358.848385959165,3.786871677244185,6.707908040826406,8.656511735916137,6.915435767173767,0.0187297295778989,33.17423629760742,0.6324037730693817,6.4540093445777895,26.59460828781128,0.0052227783203125,0.0001177978515625
27,0.0007614947172587,0.0007601884420728,31.71873466491699,0.866866660118103,0.0096982070058584,20.136563453674317,0.3222671094536781,132.629566040996,7.323017375019845,139.9529204579885,3498.9577923342003,3.769898484365464,6.827786613009983,13.409238018989562,9.875318145751953,0.0186422169208526,33.2076416015625,0.6689886443316937,11.03272087097168,31.909381141662596,0.0062420654296875,0.0100698852539062
28,0.0007101369588071,0.0007610740908421,31.70459758758545,0.8664571261405944,0.0096982070058584,20.136563453674317,0.3222671094536781,132.00486895802896,7.267847207956947,139.27304091700353,3638.44124220917,3.787739073162334,6.8796162837957375,15.804162282943723,11.427761793136597,0.0170505940914154,33.27567672729492,0.6795662163197994,13.727807865142822,33.08660026550293,0.0061679077148437,0.1486016845703125
29,0.0007257095668646,0.0007624953010235,31.70011604309082,0.8695023727416992,0.0096982070058584,20.136563453674317,0.3222671094536781,132.54062899999553,7.652298541041091,140.19324129098095,3778.788447792176,3.7724281510691857,6.53398449261201,12.96241292476654,10.336110143661498,0.0077074151486158,33.24705505371094,0.4700750575214624,9.994141368865966,32.206699714660644,0.01504638671875,0.0163858032226562
30,0.0007349342205034,0.0007521590410033,31.761662902832033,0.8692217195034027,0.0096982070058584,20.136563453674317,0.3222671094536781,133.49522774998331,7.314861874969211,140.8104124169913,3919.753292375186,3.745452241457092,6.8353990621607545,13.130782341957092,10.500747623443605,0.0144163127988576,33.276527404785156,0.6318728564679623,9.97385898590088,32.39624355316162,0.0071347045898437,0.073060302734375
31,0.0007828203375684,0.0007892903068568,31.54822650909424,0.8582642722129822,0.0096982070058584,20.136563453674317,0.3222671094536781,132.46812237502309,7.3491871249862015,139.81763670797227,4059.785044084186,3.7744929952617423,6.80347352022199,17.511060314178465,11.288888349533082,0.0163332093507051,33.280609130859375,0.830406002253294,16.353749265670775,33.21308769226074,0.0049832153320312,0.2198641967773437
32,0.0007192576552479,0.0007512265743571,31.769477043151856,0.8687963616847992,0.0096982070058584,20.136563453674317,0.3222671094536781,131.49539054196794,7.403495082980953,138.8992060419987,4198.842261709215,3.802414654530575,6.753566989588373,13.141727113723755,10.05366659641266,0.0163396503776311,33.28044509887695,0.6657334986329079,10.428276162147522,31.852129821777343,0.0063656616210937,0.0990225219726562
33,0.0007583254479413,0.0007574885425856,31.72373996734619,0.8672284686565399,0.0096982070058584,20.136563453674317,0.3222671094536781,131.2210663750302,7.477172374958172,138.69856112502748,4337.749071209168,3.81036379151956,6.687019837533129,11.370026993751528,9.094627242088318,0.0133732808753848,33.27655029296875,0.6545325092971325,8.647398414611816,30.420161514282228,0.0070187377929687,0.0642013549804687
34,0.0007140291422438,0.0007551026539294,31.74002613067627,0.8675656723976135,0.0096982070058584,20.136563453674317,0.3222671094536781,133.43022816703888,7.295699500013143,140.72646825003903,4478.6432445421815,3.7472768117735593,6.853352444122723,15.196059546470645,11.46171835899353,0.0189429465681314,33.28129959106445,0.6188249164819717,12.441568188667295,33.030945014953616,0.0072186279296875,0.1793807983398437
35,0.0007258900652468,0.0007501431947457,31.776983795166014,0.8687015318870545,0.0096982070058584,20.136563453674317,0.3222671094536781,132.46294462500373,7.376371958001982,139.83964029198978,4618.648391875206,3.7746405337392743,6.778400043365406,14.05595142364502,10.660086212158204,0.0177447516471147,33.277976989746094,0.662459708750248,11.328237857818603,32.51437847137451,0.0064871215820312,0.1163323974609375
36,0.0007283831787472,0.0007494386818143,31.77887817382813,0.8682967793941497,0.0096982070058584,20.136563453674317,0.3222671094536781,133.1736726660165,7.379099000012502,140.55309162504273,4759.414167459181,3.754495839834196,6.775894997467209,14.225433387756349,10.71255440711975,0.0207390692085027,33.28093338012695,0.6643801659345627,11.578431334495544,32.70664596557617,0.0069119262695312,0.157513427734375
37,0.000723239317469,0.0007479460124159,31.78461368560791,0.8692967450618744,0.0096982070058584,20.136563453674317,0.3222671094536781,133.40800054103602,7.388459540961776,140.7967765830108,4900.420267209178,3.747901160142199,6.767310522957992,14.744904117584229,11.111402416229248,0.0337086468935012,33.280860900878906,0.6056882470846177,11.950044589042664,32.77260040283203,0.0065716552734375,0.158875732421875
38,0.0007307333923531,0.0007542323113011,31.754179382324217,0.8672220897674561,0.0096982070058584,20.136563453674317,0.3222671094536781,133.34095341700595,7.449018499988597,140.7902978330385,5041.420285375207,3.749785697394236,6.7122937068925985,15.192953419685365,11.157272052764892,0.0377917066216468,33.281036376953125,0.7376342532038689,12.50309136390686,32.968767700195315,0.0039437866210937,0.187139892578125
39,0.000760912671978,0.000806333636865,31.51100322723389,0.8574601888656617,0.0096982070058584,20.136563453674317,0.3222671094536781,133.53331245901063,7.30709245899925,140.84072966699023,5182.417261334194,3.744384010195807,6.842666940449225,14.55389699935913,9.325828046798708,0.0468107089400291,33.27436447143555,0.9920190364122392,12.737682237625124,31.680301933288575,0.0020681762695312,0.036168212890625
40,0.0007133774817057,0.0007551151775987,31.743571166992187,0.8662921559810638,0.0096982070058584,20.136563453674317,0.3222671094536781,134.92695120896678,7.711109458003193,142.63840445899405,5325.220388042217,3.705708870762446,6.4841512459800565,15.937273483276368,11.300093021392822,0.0339667648077011,33.28129959106445,0.7111046330630779,13.834070568084718,33.169742012023924,0.0049093627929687,0.2159500122070312
41,0.0007490055661855,0.0007438828604063,31.808023109436036,0.8700885355472565,0.0096982070058584,20.136563453674317,0.3222671094536781,137.40604645799613,7.826833458966576,145.2332221249817,5470.623184792174,3.63885005710317,6.388279533751802,14.2453902387619,11.0066925907135,0.0464179255068302,33.28132247924805,0.7279111969470978,11.039050607681274,32.84193309783936,0.0045944213867187,0.1783584594726562
42,0.0007594446097318,0.0007474829247803,31.777887725830077,0.8710996651649475,0.0096982070058584,20.136563453674317,0.3222671094536781,136.72036416700576,7.77196633303538,144.49267495801905,5615.347413750191,3.6570996796734927,6.433378357220991,11.150854296684264,9.774148836135865,0.0169061310589313,33.28107452392578,0.5361870378255844,7.440279855728149,30.84313060760498,0.0116064453125,0.0877056884765625
43,0.0007294432945463,0.0007528679815004,31.74613822937012,0.8715663528442383,0.0096982070058584,20.136563453674317,0.3222671094536781,139.26538837497355,7.933542917016894,147.1992492080317,5762.713798334182,3.590267516102024,6.302354512099948,11.794616723060608,10.364946026802064,0.0254108626395463,33.28120040893555,0.5210142770409584,7.94982815027237,31.77110887527466,0.00990966796875,0.1067462158203125
44,0.0006983748046404,0.0007413364126114,31.82669654846191,0.8699349379539489,0.0096982070058584,20.136563453674317,0.3222671094536781,138.88127766607795,7.758119959034957,146.6397207910195,5909.528106000216,3.6001972937071134,6.444860386796542,13.741761522293093,10.442789936065674,0.0228649843484163,33.281131744384766,0.6233669786155224,10.790512399673462,32.11841026306152,0.008583984375,0.1308270263671875
45,0.0007082531988098,0.0007419237229623,31.809524955749513,0.8716706264019013,0.0096982070058584,20.136563453674317,0.3222671094536781,137.15127541602124,7.47693108394742,144.62854554108344,6054.378315500158,3.645609554000494,6.687235637004517,12.668670682907104,11.105128827095031,0.0247337576001882,33.28133773803711,0.5718246860802174,8.682490720748902,32.64357612609863,0.0080218505859375,0.166109619140625
46,0.0007264780792938,0.0007389786551357,31.837108879089357,0.8702926015853882,0.0096982070058584,20.136563453674317,0.3222671094536781,131.9401687500067,7.277630208060145,139.21813300007489,6193.755230709154,3.78959648708176,6.8703683164093485,14.099865646362304,10.709746494293212,0.0232216455042362,33.281333923339844,0.6036217296123505,11.038280620574952,32.45771026611328,0.00822998046875,0.1571920776367187
47,0.0007400440367227,0.0007591367408167,31.695109252929687,0.8645306479930878,0.0096982070058584,20.136563453674317,0.3222671094536781,132.99792312493082,7.26740679203067,140.26565149996895,6334.233147792227,3.7594572024281,6.880033199026268,9.533911113739014,7.990676658153534,0.0383236519992351,33.266014099121094,0.6178951928019524,6.816550612449646,29.305737762451173,0.0048825073242187,0.0133584594726562
48,0.0007043339516412,0.0007510443820501,31.77417015075683,0.8667169630527496,0.0096982070058584,20.136563453674317,0.3222671094536781,131.77854016702622,7.304766041925177,139.0836332080653,6473.473815709178,3.794244490538912,6.844846188506054,15.496594924926756,11.05466968536377,0.0487200058996677,33.28132629394531,0.7583713355660439,13.086369013786316,32.91403583526611,0.0041705322265625,0.1953555297851562
49,0.0007078781563122,0.0007386887652683,31.830564880371092,0.872061951160431,0.0096982070058584,20.136563453674317,0.3222671094536781,132.7933054160094,7.674414000008255,140.46804750000592,6614.099295125168,3.7652500510746423,6.515155424237761,11.614817495346069,9.82179048538208,0.0226459000259637,33.28133010864258,0.5696575738489628,8.10348816394806,31.17792484283447,0.0094866943359375,0.109769287109375
50,0.0007256704321825,0.0007355267969251,31.855769653320312,0.8730375587940216,0.0096982070058584,20.136563453674317,0.3222671094536781,131.7836918750545,7.257130832993425,139.04115375003312,6753.3045156672015,3.794096165359029,6.8897751949961705,14.701711325645446,11.676706104278564,0.0201010983437299,33.281341552734375,0.5713723948597909,11.315204854011537,33.03466590881348,0.0095245361328125,0.238486328125
51,0.0007190349421862,0.0007545372581807,31.736070442199708,0.871138265132904,0.0096982070058584,20.136563453674317,0.3222671094536781,132.26941774995066,7.261406249948777,139.53117083304096,6893.051119500247,3.780163309898493,6.885718589336976,11.55780987739563,10.467195677757264,0.0193203557282686,33.281333923339844,0.463363384604454,7.524317355155945,31.65831678390503,0.0152627563476562,0.1235333251953125
52,0.000699302724005,0.000739625688875,31.830473556518555,0.8700264394283295,0.0096982070058584,20.136563453674317,0.3222671094536781,132.23019766702782,7.31205541593954,139.5425701671047,7032.757038542244,3.781284523668811,6.838022574474076,14.029171767234802,10.814004907608032,0.0351107716560363,33.281341552734375,0.6924199748039246,10.744905414581298,32.6770715713501,0.0051715087890625,0.1700839233398437
53,0.0007003967301416,0.0007371049813809,31.85006462097168,0.8708826994895935,0.0096982070058584,20.136563453674317,0.3222671094536781,132.47101804194972,7.175392625038512,139.64673329202924,7172.560890000139,3.7744104891053567,6.96825980302808,13.62425786972046,10.9245290184021,0.0347266532480716,33.281341552734375,0.6977587455511093,10.048947739601136,32.72978742599487,0.0041964721679687,0.173634033203125
54,0.0006882898362991,0.00073150033626,31.877369651794435,0.8733229112625122,0.0096982070058584,20.136563453674317,0.3222671094536781,131.48138595896307,7.249121292028576,138.73083545896225,7311.463088167191,3.802819664192284,6.897387695110303,14.38019941329956,11.399463243484496,0.0215962026268243,33.281341552734375,0.5608196946978569,11.107588679790496,32.847744102478025,0.0095932006835937,0.2059161376953125
55,0.0006905599444312,0.0007390396267874,31.816392822265627,0.871728411912918,0.0096982070058584,20.136563453674317,0.3222671094536781,132.56863716605585,7.256541209062561,139.82550445804372,7451.510562917159,3.771631139073253,6.890335017674249,10.610772094726563,9.21019115447998,0.0223423652350902,33.28133010864258,0.5347414492070675,7.108076617717743,30.533960971832276,0.0103118896484375,0.0660006713867187
56,0.0006978410295423,0.0007346400886308,31.846619453430176,0.8716360902786255,0.0096982070058584,20.136563453674317,0.3222671094536781,132.08848608389962,7.273067833040841,139.36187654198147,7591.031773209164,3.7853412876759847,6.874678079153181,11.97362666606903,10.294002714157104,0.0223821755498647,33.281341552734375,0.5811260758340359,7.868658103942871,31.830240993499757,0.0087783813476562,0.1176492309570312
57,0.0007347128849551,0.0007305292252567,31.88601486206055,0.8723546814918518,0.0096982070058584,20.136563453674317,0.3222671094536781,133.04805712495,7.291422666981816,140.3397985000629,7731.535272834182,3.7580405967930286,6.857372324116935,14.134934186935425,10.91579885482788,0.0241920407861471,33.281341552734375,0.5962795461714268,10.983326015472413,32.626923179626466,0.0082400512695312,0.1723165893554687
58,0.0007112203191454,0.0007381531487044,31.84078311920166,0.8735540735721589,0.0096982070058584,20.136563453674317,0.3222671094536781,133.01478537498042,7.240093249944039,140.25520537502598,7872.012892792176,3.75898061700777,6.905988400133723,13.11868155002594,11.051598682403563,0.019167024642229,33.281341552734375,0.5280910223722458,9.326759667396546,32.507373085021975,0.0126324462890625,0.1828515625
59,0.0007118906004916,0.0007295566654647,31.887359046936034,0.8734805452823639,0.0096982070058584,20.136563453674317,0.3222671094536781,133.51239945797715,7.235209916951135,140.74792899994645,8012.92672350019,3.7449705198158343,6.9106495283373395,13.297212386131289,11.049502835273742,0.0229837819933891,33.281341552734375,0.5554662047326565,9.38237691640854,32.678644008636475,0.0099710083007812,0.162630615234375
60,0.0007058582209283,0.0007537071892875,31.78232833862305,0.8679370033740997,0.0096982070058584,20.136563453674317,0.3222671094536781,132.40288799989503,7.233333999989554,139.63654658396263,8152.779325167241,3.776352672914479,6.91244175923194,15.374288339614868,11.211614170074462,0.0598829723894596,33.281341552734375,0.8036167803406715,12.57846357345581,32.97544494628906,0.0020123291015625,0.2373501586914062
61,0.0007231643046175,0.0007311480352655,31.87686191558838,0.872372351884842,0.0096982070058584,20.136563453674317,0.3222671094536781,132.35812062502373,7.187370166997425,139.54581095895264,8292.4827854592,3.777629945475893,6.956647402075835,15.262181339263917,11.739952192306518,0.0205801352858543,33.281341552734375,0.6435392779111863,11.902989196777344,33.057449417114256,0.0077670288085937,0.2508627319335937
62,0.0007051126311971,0.0007301204472605,31.88372833251953,0.8726221513748169,0.0096982070058584,20.136563453674317,0.3222671094536781,131.96121016703546,7.1936689160065725,139.15519937500358,8431.797687292157,3.788992230119017,6.950556188198406,15.219906373023989,11.75207754135132,0.0272371582686901,33.281341552734375,0.6213619962334633,12.021752848625184,33.07416717529297,0.0069216918945312,0.2566387939453125
63,0.0006867490717695,0.0007276428310433,31.897491149902343,0.873908783197403,0.0096982070058584,20.136563453674317,0.3222671094536781,132.34196900005918,7.199249333003536,139.54154058301356,8571.499825667182,3.778090984877038,6.945168542890282,13.473577933311462,11.166369338035585,0.0278297644108533,33.281341552734375,0.5741251148283482,9.639728918075562,32.80566383361816,0.0080706787109375,0.1795819091796875
64,0.0007008882060417,0.0007295196168706,31.884009895324706,0.8722308778762817,0.0096982070058584,20.136563453674317,0.3222671094536781,132.87814333301503,7.238545582978986,140.11718383291736,8711.833950084227,3.762846074293164,6.907464963344578,12.181135516166687,10.13351399898529,0.0203540790826082,33.281341552734375,0.6186459724605083,8.581650133132934,31.801258811950685,0.00789306640625,0.136993408203125
65,0.0007034001449401,0.0007277313355007,31.899739379882813,0.8726315367221832,0.0096982070058584,20.136563453674317,0.3222671094536781,131.17251083406154,7.236238708021119,138.4090689170407,8850.406702334236,3.8117742568221473,6.909667026956523,13.863795919418337,10.97559163570404,0.0265216398984193,33.281341552734375,0.6124875983595848,10.483583130836486,32.95363094329834,0.0080984497070312,0.185228271484375
66,0.0006931252766225,0.0007291615434223,31.893937492370604,0.8735603821277619,0.0096982070058584,20.136563453674317,0.3222671094536781,133.18619691603817,7.33038774994202,140.51690591603983,8991.139839917247,3.754142783393722,6.820921580907569,14.09056139945984,11.090685243606568,0.0130291189998388,33.281341552734375,0.5279665166139602,10.68713275194168,32.73988826751709,0.0139779663085937,0.205203857421875
67,0.0007191121613113,0.0007253468810813,31.916944732666018,0.8736282432079315,0.0096982070058584,20.136563453674317,0.3222671094536781,134.66365374997258,7.40333354100585,142.06750358303543,9133.36928025022,3.712954357590359,6.7537143535487365,14.649478425979614,11.422253103256226,0.0174892470240592,33.281341552734375,0.5824352198839188,11.434620671272278,32.86844268798828,0.0084625244140625,0.2231976318359375
68,0.0007187945837686,0.0007321457841317,31.87488567352295,0.8719958865642548,0.0096982070058584,20.136563453674317,0.3222671094536781,135.22256445803214,7.365850958041847,142.58881562494207,9276.18148950016,3.697607732880859,6.788081958868756,15.815194063186643,11.78389232635498,0.0295316260308027,33.281341552734375,0.6762452852725983,12.868519349098204,33.07271102905273,0.0049176025390625,0.2599609375
69,0.0007080299660569,0.0007276094210101,31.904186935424804,0.8719331693649292,0.0096982070058584,20.136563453674317,0.3222671094536781,132.41726150002796,7.330232582986355,139.74798683298286,9416.086300750205,3.775942761056831,6.821065966726785,14.897857427597046,11.278722896575928,0.0223302207887172,33.281341552734375,0.6551378470659256,11.647812142372132,32.93747299194336,0.0073275756835937,0.2171200561523437
70,0.0006986804126095,0.000735185566009,31.859149017333984,0.8702095210552215,0.0096982070058584,20.136563453674317,0.3222671094536781,134.9374786670087,8.390897708013654,143.3293168330565,9559.585014584183,3.705419761353868,5.9588379861010505,14.015793867111206,10.850958557128909,0.0182706750929355,33.281341552734375,0.6463693271577359,10.723039698600768,32.91110919952393,0.0065762329101562,0.1829843139648437
71,0.0006874759278175,0.0007363961994997,31.858870735168455,0.8694431328773499,0.0096982070058584,20.136563453674317,0.3222671094536781,133.5422340000514,7.393260166980326,140.9363788330229,9700.73365475022,3.744133859553432,6.762916341468584,14.175590076446532,10.350363569259644,0.0232428535819053,33.281341552734375,0.7442357918620109,11.24981427192688,32.480915260314944,0.0053768920898437,0.1354498291015625
72,0.0007703808279638,0.0007277162614627,31.88699695587158,0.8737834119796752,0.0096982070058584,20.136563453674317,0.3222671094536781,132.77989916701335,7.327918750001118,140.10864866699558,9841.028062625148,3.7656302131325576,6.823219757996412,11.739326963424682,10.269083147048953,0.0159993339329957,33.281341552734375,0.5384972348809243,7.706089339256287,31.79401851654053,0.011143798828125,0.1220028686523437
73,0.0006913770661867,0.0007235707101062,31.926481285095218,0.8738040173053742,0.0096982070058584,20.136563453674317,0.3222671094536781,127.5160356250126,7.2669197919312865,134.7832916249754,9975.99880991719,3.921075475325738,6.880494271522955,14.3721457195282,11.275681505203249,0.0188597869127988,33.281341552734375,0.5352544066309929,11.036603190898894,32.939264793396,0.0106381225585937,0.2077755737304687
74,0.0007140827006778,0.0007316144710057,31.871404228210448,0.8716672468185425,0.0096982070058584,20.136563453674317,0.3222671094536781,127.76558250002564,7.237492415937595,135.00340183300432,10111.226510250184,3.913416979881102,6.908470106289244,12.339298748970032,10.410686793327333,0.0110673904418945,33.281341552734375,0.5475057373940945,8.563316440582275,32.224905471801755,0.010994873046875,0.1505474853515625
75,0.0007044946401783,0.0007227570941904,31.928016090393065,0.8735844564437866,0.0096982070058584,20.136563453674317,0.3222671094536781,128.1115174998995,7.206382624921389,135.31822216697037,10246.711908375204,3.9028497184134303,6.938293815691673,13.099137878417968,10.435235328674317,0.0191792137920856,33.281341552734375,0.6137240973114967,9.599561820030212,32.16169912338257,0.0076824951171875,0.1427398681640625
76,0.0007029435765566,0.0007263137886184,31.910368232727052,0.8716140973567963,0.0096982070058584,20.136563453674317,0.3222671094536781,126.96886666689534,7.272979459026828,134.24217774998397,10381.167620500142,3.937973245927738,6.874761613404903,14.759360513687136,11.072948598861696,0.0199782438576221,33.281341552734375,0.6437123303115367,11.704364604949951,32.80236373901367,0.0082269287109375,0.2222406005859375
77,0.0007185456981151,0.00072930886643,31.886338119506835,0.8748796856403351,0.0096982070058584,20.136563453674317,0.3222671094536781,128.06632537511177,7.337718166993,135.4043819590006,10516.731821417168,3.90422695845671,6.814107446223984,12.488203072547911,10.619711074829102,0.0138521008193492,33.281341552734375,0.506001236140728,8.641589078903198,31.930753974914552,0.0140469360351562,0.1400503540039062
78,0.0006889201050016,0.0007258965040091,31.911151504516603,0.8742266511917114,0.0096982070058584,20.136563453674317,0.3222671094536781,128.6869824579917,7.324537500040606,136.01185104099568,10652.912217917212,3.8853968789206705,6.826369583024568,14.156667766571044,11.218540620803832,0.0166082978248596,33.281341552734375,0.5288368399441242,10.994917550086974,33.05888645172119,0.01149658203125,0.219630126953125
79,0.000659817242189,0.0007235349802067,31.9249845123291,0.8729549634456635,0.0096982070058584,20.136563453674317,0.3222671094536781,128.3784133750014,7.292690500034951,135.6714294590056,10788.748920209182,3.894735780379748,6.856180171057632,15.865453491210936,11.75078055381775,0.015022000297904,33.281341552734375,0.618201347887516,13.20754123687744,33.21989715576172,0.0082986450195312,0.2698208618164062
80,0.0006910967313056,0.0007228378875879,31.924762115478515,0.8749579691886902,0.0096982070058584,20.136563453674317,0.3222671094536781,127.99130658304784,7.352494625025429,135.34412187500857,10924.260610125202,3.9065153200508376,6.800412995858133,12.783515706062316,10.849765129089356,0.0124113541096448,33.281341552734375,0.558904639929533,8.722724909782409,32.352162532806396,0.0102081298828125,0.1775234985351562
81,0.0007410301821487,0.0007200890852254,31.94574306488037,0.8754032218456268,0.0096982070058584,20.136563453674317,0.3222671094536781,127.66938908398151,7.291531875031069,134.9612513340544,11059.38739720924,3.916365571946911,6.857269618640589,13.639180302619934,11.029253787994383,0.0123819774016737,33.281341552734375,0.5269021753966808,10.113215396404266,32.668533935546876,0.0128250122070312,0.1872708129882812
82,0.0006821610532138,0.0007210172487248,31.94247970581055,0.8748174357414246,0.0096982070058584,20.136563453674317,0.3222671094536781,129.6364562920062,7.460678750067018,137.09801404201426,11196.70606554224,3.8569397398039778,6.701803103310253,14.96306887626648,11.401336336135865,0.0150172719731926,33.281341552734375,0.5664650289714337,11.964844009876252,32.965108222961426,0.0100753784179687,0.2323464965820312
83,0.0006840993099904,0.000721137458313,31.93955924987793,0.873971596956253,0.0096982070058584,20.136563453674317,0.3222671094536781,130.2774315419374,7.350087250000797,137.62784712493885,11334.54340650019,3.837963291739028,6.802640336003437,13.793576364517213,10.765166187286376,0.0172154176980257,33.281341552734375,0.6458526504039764,10.511413621902468,32.60831321716309,0.0083212280273437,0.1802267456054687
84,0.0007118365560108,0.0007198683853494,31.94684814453125,0.8751052629947662,0.0096982070058584,20.136563453674317,0.3222671094536781,132.451275874977,7.508605375071056,139.96228358300868,11474.66585420916,3.7749730736603735,6.6590262109129466,13.7958704328537,11.175980672836303,0.0177574194967746,33.281341552734375,0.5832583604753018,10.196800017356871,32.786297187805175,0.008828125,0.194132080078125
85,0.0007116036790948,0.0007196603526244,31.94747299194336,0.8752583158016205,0.0096982070058584,20.136563453674317,0.3222671094536781,130.90671687491704,7.384871209040284,138.29191229189746,11613.228870959196,3.819513711261708,6.770598780218654,13.579842495918276,11.099781394004822,0.0209157150238752,33.281341552734375,0.5392274563014507,9.912763135433195,32.60868083953857,0.01123046875,0.19925048828125
86,0.0006702945086794,0.00071933628642,31.946621856689458,0.8749048519134521,0.0096982070058584,20.136563453674317,0.3222671094536781,130.56532145803794,7.389178166980855,137.95546833297703,11751.40979250014,3.82950077720824,6.766652375960979,13.213780555725098,10.856798949241638,0.0138201899826526,33.281341552734375,0.5303005404770375,9.581507837772367,32.67382289886475,0.0119595336914062,0.161658935546875
87,0.0006685327681218,0.0007183124561561,31.95382743835449,0.8742522287368775,0.0096982070058584,20.136563453674317,0.3222671094536781,128.7742887500208,8.191698500071652,136.96689887496177,11888.577816167206,3.882762660569688,6.103740268219424,13.091935043334962,9.901179189682006,0.0139013892039656,33.281341552734375,0.6016797927021981,10.159831891059875,31.959956665039066,0.0097900390625,0.0902044677734375
88,0.0006831213057671,0.0007220880474778,31.93239685058594,0.8747568941116333,0.0096982070058584,20.136563453674317,0.3222671094536781,131.1046230000211,7.575827124994248,138.68077933299355,12027.545449959172,3.813748047617814,6.599939409261264,13.425887050628662,11.34383544921875,0.0163604505360126,33.281341552734375,0.5315244258940219,9.48518264770508,32.86497821807861,0.0092315673828125,0.2157040405273437
89,0.0006814320175544,0.0007196873775683,31.9494095993042,0.8734720265865326,0.0096982070058584,20.136563453674317,0.3222671094536781,129.85765483300202,7.4058615419780836,137.26437099999748,12164.984083042187,3.850369858003396,6.751408963911732,15.030804691314698,11.320446786880494,0.0098307197913527,33.281341552734375,0.6267602762579918,11.98643063545227,32.971791152954104,0.0095181274414062,0.2300689697265625
90,0.0007201553046361,0.0007177883433178,31.958102951049806,0.8745867550373078,0.0096982070058584,20.136563453674317,0.3222671094536781,129.93904299999122,7.4716604590648785,137.41105699993204,12302.59845075017,3.847958153732391,6.691952916481672,13.441561679840088,10.713304872512817,0.0219278894364833,33.281341552734375,0.5719905136525631,10.035838258266448,32.50844509124756,0.01033447265625,0.1744711303710937
91,0.000688776056756,0.0007324383295781,31.86399745941162,0.8688834881782532,0.0096982070058584,20.136563453674317,0.3222671094536781,129.29550870798994,7.304688249947503,136.60120899998583,12439.424413417177,3.867110350516777,6.844919083351618,15.499813890457151,10.847561683654783,0.010921124368906,33.281341552734375,0.6261197064816951,13.491452496051789,33.20846733093262,0.0083645629882812,0.18731201171875
92,0.0007128538741962,0.000722576136759,31.93280433654785,0.8734406900405883,0.0096982070058584,20.136563453674317,0.3222671094536781,129.19428554200567,8.269177500042133,137.46405383304227,12577.08023616724,3.87014021481184,6.046550578911293,14.46847921848297,10.982700185775755,0.0150949079543352,33.281341552734375,0.6833708193898201,11.121552486419676,32.76126956939697,0.00658447265625,0.1960885620117187
93,0.0007323893437041,0.000720020372828,31.94525650024414,0.8742458772659302,0.0096982070058584,20.136563453674317,0.3222671094536781,129.0824453330133,7.303458417067304,136.38624095800333,12713.659036625237,3.873493399587179,6.84607170257258,14.190877203941346,11.168329043388368,0.0133063001558184,33.281341552734375,0.6164037971198559,10.640233597755431,32.82227954864502,0.008614501953125,0.1942745971679687
94,0.0007077793360795,0.0007237017809529,31.92962371826172,0.8731653785705566,0.0096982070058584,20.136563453674317,0.3222671094536781,127.9420954999514,7.337562500033528,135.27999062498566,12849.097439750156,3.908017904866893,6.814252008043752,13.578712825775147,10.86635998725891,0.0144327264279127,33.281341552734375,0.6724894273281098,9.872550930976868,32.564854774475094,0.00591796875,0.193583984375
95,0.0006868584442122,0.0007192588702309,31.95675033569336,0.8736083662509918,0.0096982070058584,20.136563453674317,0.3222671094536781,128.35317212506197,7.329135791980661,135.68263179098722,12984.945539625189,3.895501698336063,6.822086726065114,14.668340482711791,11.148676176071168,0.0104377986863255,33.281341552734375,0.5997702984511852,11.479636015892028,32.832308044433596,0.0077822875976562,0.21796875
96,0.0007230931880876,0.0007240682936389,31.918580017089845,0.8722241222858429,0.0096982070058584,20.136563453674317,0.3222671094536781,128.6288934580516,7.452762000029907,136.08218570798635,13121.1977095842,3.887151529940353,6.708922141858194,15.604569993019105,11.40238211631775,0.0122605981305241,33.281341552734375,0.6788966478407383,12.913355815410617,33.094183082580564,0.0074038696289062,0.246448974609375
97,0.0007018978026999,0.000718778262817,31.94875457763672,0.8759010052680969,0.0096982070058584,20.136563453674317,0.3222671094536781,126.8333079579752,7.376648416975513,134.21028204099275,13255.58022133418,3.942182129048226,6.778146005296591,12.76875018119812,10.606854214668274,0.0082361875101923,33.281341552734375,0.499585575312376,9.097173557281494,32.11400501251221,0.0122103881835937,0.1359310913085937
98,0.0007130170715306,0.0007261138343892,31.90949348449707,0.8706291079521179,0.0096982070058584,20.136563453674317,0.3222671094536781,127.26802970899736,7.291487958980724,134.55984604207333,13390.309660209168,3.928716435252961,6.857310919428508,16.174931688308718,11.40879497528076,0.0090839117765426,33.281341552734375,0.6292484529316426,13.836019368171693,33.21114387512207,0.0107269287109375,0.265390625
99,0.0006858257134634,0.0007174758150358,31.962878379821777,0.874914996623993,0.0096982070058584,20.136563453674317,0.3222671094536781,127.19895624998026,7.27745154092554,134.47673191595825,13524.951500750203,3.9308498649734607,6.870536989331988,15.950769500732422,11.795136451721191,0.0101395705714821,33.281341552734375,0.4928994490206241,13.620754284858704,33.16386974334717,0.0142059326171875,0.2725814819335937
100,0.0007071295091118,0.0007135128321533,31.986105918884277,0.8754946005344391,0.0096982070058584,20.136563453674317,0.3222671094536781,128.75782912503928,7.33255541708786,136.0909062080318,13661.258029667137,3.883259009550714,6.818905164150482,14.073115844726562,11.07528865814209,0.0082384208217263,33.281341552734375,0.5110244470834732,10.67220507621765,32.81998138427734,0.0129745483398437,0.1951611328125
101,0.0006850100541767,0.0007171627553179,31.96397449493408,0.8736622309684754,0.0096982070058584,20.136563453674317,0.3222671094536781,128.1393355000764,7.245065042050555,135.38478445797227,13796.642894542136,3.902002441706917,6.901249293111744,14.39292193889618,11.237290387153626,0.0104758329689502,33.281341552734375,0.6008888816833496,11.062206103801728,32.934491386413576,0.0101132202148437,0.2161532592773437
102,0.0006952409911955,0.0007172151523991,31.965830841064452,0.8731479561328888,0.0096982070058584,20.136563453674317,0.3222671094536781,126.75020320795012,7.228704833076336,133.97924441692885,13930.778110792104,3.9447668512190495,6.916868395457972,15.23071506500244,11.40502758026123,0.0052607855759561,33.281341552734375,0.5715148374438286,12.350618739128112,33.09598373413086,0.0115646362304687,0.2440802001953125
103,0.0006808013144418,0.000712661690195,31.991580200195312,0.8756870615482331,0.0096982070058584,20.136563453674317,0.3222671094536781,126.98050475004128,7.1803244589827955,134.16116100002546,14065.10072187608,3.937612320759321,6.963473626522342,14.062576427459716,11.05599497795105,0.0113342236727476,33.281341552734375,0.5360699766874313,10.698246366977692,32.69163646697998,0.0125643920898437,0.1912060546875
104,0.0006510370254081,0.0007130051282001,31.987091636657716,0.8757696712017059,0.0096982070058584,20.136563453674317,0.3222671094536781,127.08236745907924,7.193416041904129,134.27612354198936,14199.586478751096,3.934456132641697,6.950800524915111,13.536547751426696,10.719027767181396,0.010276342742145,33.281341552734375,0.5248969884216785,10.127556791305542,32.4359557723999,0.0141424560546875,0.16430908203125
105,0.0007112261603338,0.0007190306013217,31.961972999572755,0.8732654464244842,0.0096982070058584,20.136563453674317,0.3222671094536781,126.5652704590466,7.329418707988225,133.8950170420576,14333.642359251098,3.950530806646423,6.8218233931028855,13.904416742324829,10.89228816986084,0.0108958790078759,33.281341552734375,0.5515785045921803,10.615144500732422,32.68511127471924,0.0094894409179687,0.1885385131835937
106,0.0006992389905335,0.0007137677288847,31.98306049346924,0.8754541432857513,0.0096982070058584,20.136563453674317,0.3222671094536781,127.5673504169099,7.210042041959241,134.7777287919307,14468.57168137614,3.9194981973516136,6.934772322965971,13.160203609466553,10.480134949684142,0.0092997765168547,33.281341552734375,0.5834023924171925,9.846930105686187,32.578091583251954,0.0095135498046875,0.1529541015625
107,0.0007147265846742,0.0007199455116642,31.954097747802734,0.8727886617183686,0.0096982070058584,20.136563453674317,0.3222671094536781,126.54874154098798,7.166476792073809,133.7155552499462,14602.44611145911,3.951046797553926,6.976929033706001,15.653472127914428,11.257788763046264,0.0131405796855688,33.281341552734375,0.5723063702881336,13.397600922584534,32.99540946960449,0.0102371215820312,0.2217333984375
108,0.0007358922682092,0.0007253545129788,31.917122688293457,0.8717846286296844,0.0096982070058584,20.136563453674317,0.3222671094536781,127.6821098329965,7.15803720895201,134.84047974995335,14737.439905917096,3.915975391180343,6.985155083780345,15.823153676986694,11.439264402389526,0.010860551148653,33.281341552734375,0.6492340122163296,13.208502950668334,33.11432769775391,0.0083480834960937,0.2510400390625
109,0.0006527663529341,0.0007126595081354,31.99150436401367,0.8757584619522095,0.0096982070058584,20.136563453674317,0.3222671094536781,126.377033708035,7.205910958000459,133.58327733306214,14871.175417084072,3.956415064742971,6.938747965583287,14.171817502975465,11.337459468841551,0.0098491059616208,33.281341552734375,0.5311004278063775,10.708367800712583,32.97117877960205,0.0108920288085937,0.2134500122070312
110,0.0007132209387182,0.000712573476776,31.98998142242432,0.8761511838436127,0.0096982070058584,20.136563453674317,0.3222671094536781,127.49166008399334,7.241603457950987,134.73365587508306,15006.067777334072,3.921825158371872,6.9045481833311415,13.416589612960816,10.681220273971558,0.0083133094012737,33.281341552734375,0.4897459356486797,10.084805216789244,32.28360439300537,0.0146908569335937,0.167794189453125
111,0.000697015454237,0.0007111937314039,32.001508255004886,0.8760426020622254,0.0096982070058584,20.136563453674317,0.3222671094536781,127.52077487495262,7.245972458040342,134.76708279096056,15140.989672584168,3.920929750390099,6.900385046939911,14.15556839942932,11.167915234565736,0.0106995766982436,33.281341552734375,0.51822674497962,10.761338186264036,32.749360427856445,0.0119097900390625,0.1997967529296875
112,0.0006788049133338,0.0007115703780436,31.995298347473145,0.8761285543441772,0.0096982070058584,20.136563453674317,0.3222671094536781,128.4886894170195,7.249207416898571,135.73826854198705,15276.935588709135,3.8913931044717343,6.8973057500666055,13.347070045471192,10.883424034118653,0.015417331829667,33.281341552734375,0.5216443975269794,9.95764706850052,32.78456867218018,0.0126336669921875,0.17430419921875
113,0.0006929942498381,0.0007174129701161,31.963128089904785,0.8730811524391174,0.0096982070058584,20.136563453674317,0.3222671094536781,128.05409395799506,7.225460334098898,135.2800016660476,15412.376175459183,3.904599880766112,6.91997432523939,16.33447871208191,11.81579044342041,0.0115106897428631,33.281341552734375,0.589589795768261,13.99501791715622,33.25815910339355,0.01056884765625,0.2942987060546875
114,0.0006857319480559,0.0007232548404135,31.941399307250975,0.8740347290039062,0.0096982070058584,20.136563453674317,0.3222671094536781,128.36852845794056,7.334305290947668,135.7031559579773,15548.237776501162,3.895035691429797,6.817278258339241,14.343129987716674,10.92618194580078,0.0045562768355011,33.281341552734375,0.496561828404665,11.266410756111146,32.74745769500733,0.0243011474609375,0.197747802734375
115,0.0006896742136077,0.000710903286963,32.00224224090576,0.8753625297546387,0.0096982070058584,20.136563453674317,0.3222671094536781,127.65113608399406,7.240299249999225,134.89176729205064,15683.291599417164,3.9169255780927914,6.905791911847476,15.179713888168337,11.50442216873169,0.007852854207158,33.281341552734375,0.5294133044779301,12.347915115356445,33.09006973266602,0.0124343872070312,0.2460971069335937
116,0.0007107460989282,0.0007107888198515,31.99900665283203,0.8769080746173858,0.0096982070058584,20.136563453674317,0.3222671094536781,128.1457519159885,7.248915790929459,135.39500799996313,15818.902674501122,3.901807063630144,6.897583230662551,13.955060167312622,11.222010021209718,0.0044436194002628,33.281341552734375,0.4340573394298553,10.518652114868164,32.884882583618165,0.0181838989257812,0.1952288818359375
117,0.0006969590575063,0.0007097493797482,32.00949378967285,0.8756288385391235,0.0096982070058584,20.136563453674317,0.3222671094536781,127.89031354198232,7.257454667007551,135.1481063340325,15954.207144876067,3.9096002359542728,6.889467767163661,14.619131298065186,11.346429061889648,0.0065076304599642,33.281341552734375,0.5105407831072807,11.46635356426239,32.90688968658447,0.0141354370117187,0.239532470703125
118,0.0006661513243598,0.0007099779558484,32.00731769561767,0.8771685719490051,0.0096982070058584,20.136563453674317,0.3222671094536781,128.12090374995023,7.258726333035156,135.37996395898517,16089.799568667137,3.902563792211731,6.888260792040779,13.9824392080307,11.02649875164032,0.0088030537590384,33.281341552734375,0.4692303244769573,10.797555742263794,32.65861698150635,0.0168112182617187,0.19150390625
119,0.0006814087329303,0.0007118185563012,31.990931739807127,0.875861587524414,0.0096982070058584,20.136563453674317,0.3222671094536781,129.03776491701137,7.253180957981385,136.29128462495282,16226.250568042102,3.874834629393707,6.893527169617919,13.39741135597229,11.173443284034729,0.0075540724210441,33.281341552734375,0.4667232306301593,9.612321553230286,32.71271221160889,0.0133990478515625,0.1949642944335937
120,0.0006727051941375,0.0007103183830622,32.00484355926514,0.8749660086631775,0.0096982070058584,20.136563453674317,0.3222671094536781,127.6790205000434,7.204375374945812,134.88374341698363,16361.296943376132,3.9160701424697257,6.940226931245386,14.214542565345765,11.02088285446167,0.0092705804854631,33.281341552734375,0.5514638462662697,10.968706307411194,32.848841247558596,0.0133416748046875,0.2021649169921875
121,0.0006877932016147,0.0007089019188424,32.01297161102295,0.875862580537796,0.0096982070058584,20.136563453674317,0.3222671094536781,128.47450358397327,7.245238624978811,135.7200769589981,16497.17438983411,3.8918227823561184,6.901083951551179,14.326080594062804,11.279052858352662,0.0060436450876295,33.281341552734375,0.4866949695348739,10.955846016407014,32.885721321105954,0.0156344604492187,0.2192178344726562
122,0.0007108499585729,0.0007096225366694,32.007565116882326,0.8762421119213104,0.0096982070058584,20.136563453674317,0.3222671094536781,128.79238258406986,7.243521750089712,136.03622416697908,16633.42076825112,3.882217177507549,6.902719661106938,13.63102108001709,11.135103940963743,0.0065758377313613,33.281341552734375,0.4851062080264091,10.043587334156037,32.756328659057615,0.0162628173828125,0.2049209594726562
123,0.0006726059686511,0.0007097550749313,32.00731945037842,0.87640509724617,0.0096982070058584,20.136563453674317,0.3222671094536781,128.38334800000302,7.249217333970591,135.63291637506336,16769.219739417138,3.894586079808327,6.89729631441656,14.240406398773194,11.344182710647583,0.008868034929037,33.281341552734375,0.458650711029768,10.921615858078004,32.94755527496338,0.0142767333984375,0.2169204711914062
124,0.0006424351720093,0.0007081755320541,32.01780052185059,0.8762317979335785,0.0096982070058584,20.136563453674317,0.3222671094536781,128.06374741601758,7.195339917088859,135.25942945794668,16904.646429667075,3.9043055516385934,6.948942034169993,13.949107875823977,11.013778791427612,0.0084774261340498,33.281341552734375,0.4802452276647091,10.687071466445923,32.70143424987793,0.0170535278320312,0.2005706787109375
125,0.0006855680553981,0.0007098151980608,32.00680400848389,0.8764684462547302,0.0096982070058584,20.136563453674317,0.3222671094536781,129.0430906249676,7.294355374993756,136.33779274998233,17041.195961709076,3.874674711977634,6.854615305885449,14.730504813194274,11.744826669692992,0.0052370424382388,33.281341552734375,0.4716313119232654,11.382000782489776,33.09908588409424,0.01614501953125,0.2526800537109375
126,0.0007037700138607,0.0007088106485025,32.014620819091796,0.8755792355537415,0.0096982070058584,20.136563453674317,0.3222671094536781,128.08231670898385,7.21693899994716,135.29959341697395,17176.65808666713,3.903739507898278,6.928145021090809,14.895296955108645,11.496241254806518,0.0100509105250239,33.281341552734375,0.5236703510582447,11.817451076507568,33.04389720916748,0.0135836791992187,0.2448397827148437
127,0.0006862977879013,0.0007082788720435,32.01852172851562,0.8763135766983032,0.0096982070058584,20.136563453674317,0.3222671094536781,127.94643470901065,7.199618250015192,135.14637762506027,17311.96256570908,3.907885367319168,6.94481266418459,14.604591636657714,11.458187589645386,0.0049026859924197,33.281341552734375,0.4734225962311029,11.244929780960083,32.88535572052002,0.0155166625976562,0.2321878051757812
128,0.0006904062779426,0.0007075688207987,32.019966506958006,0.8767626571655274,0.0096982070058584,20.136563453674317,0.3222671094536781,127.82315016700886,7.209097209037282,135.03257341706194,17447.20511658414,3.911654495658408,6.935681202539521,14.231543521881104,11.19313591003418,0.0087225837633013,33.281341552734375,0.4700567364692688,10.97657122850418,32.77901599884033,0.0154196166992187,0.1975497436523437
129,0.0006652347528888,0.0007168447322328,31.94858612060547,0.8748335802555084,0.0096982070058584,20.136563453674317,0.3222671094536781,127.71521370799746,7.25717491703108,134.9727224999806,17582.385337501124,3.9149603675500897,6.889733342744765,11.190635800361632,9.547505865097046,0.0028707287274301,33.281341552734375,0.3925925496965646,7.929008107185364,31.165299167633055,0.0216387939453125,0.0972726440429687
130,0.0006631990487221,0.0007067369075957,32.02384822845459,0.8775734794139862,0.0096982070058584,20.136563453674317,0.3222671094536781,128.09790837496985,7.218846416915767,135.31707845791243,17717.8584870841,3.9032643572633017,6.926314415394138,13.876612577438356,11.312523803710938,0.0054106921888887,33.281341552734375,0.4490279465168714,10.254515047073363,32.723449058532715,0.0182574462890625,0.2034518432617187
131,0.0006786345476348,0.0007083010950009,32.013330078125,0.8768109226226807,0.0096982070058584,20.136563453674317,0.3222671094536781,128.53323420789093,7.220223875017837,135.7537859159056,17853.82459412614,3.890044493794462,6.924993028678973,12.840217065811157,10.554289088249206,0.0050464589148759,33.281341552734375,0.4665212409198284,9.354077785015106,32.063223915100096,0.01738525390625,0.1518319702148437
132,0.0007038843212922,0.0007084184145787,32.012819137573246,0.8773584973812103,0.0096982070058584,20.136563453674317,0.3222671094536781,127.66618958301842,7.242440582951531,134.90895375004038,17988.893542001082,3.916463721781728,6.903750113973786,13.49401129245758,11.217312002182007,0.0054124197922647,33.281341552734375,0.4400932297855615,9.796557517051696,32.678006935119626,0.0184161376953125,0.1986294555664062
133,0.0006759349944945,0.0007084758418204,32.01917949676513,0.8760980141162872,0.0096982070058584,20.136563453674317,0.3222671094536781,127.98235933296382,7.212309833033942,135.1949930419214,18124.25220991712,3.906788424638905,6.932591798953113,14.884829835891724,11.55084592819214,0.0033021310809999,33.281341552734375,0.4510403931140899,11.718025155067444,32.943962059021,0.0181707763671875,0.241416015625
134,0.0006473119361767,0.0007058979271096,32.032068977355955,0.8767573344707489,0.0096982070058584,20.136563453674317,0.3222671094536781,127.69967691705097,7.1925218750257045,134.8925316670211,18259.30636100116,3.915436687633765,6.951664641245364,14.79487419128418,11.637031259536744,0.0072665223851799,33.281341552734375,0.4592693623900413,11.552558946609498,33.040469856262206,0.019017333984375,0.2575234985351562
135,0.0006584274723545,0.0007068810783675,32.02765106201172,0.8763655793666839,0.0096982070058584,20.136563453674317,0.3222671094536781,128.40202529204544,7.220053625060245,135.62255950004328,18395.146323876164,3.894019575335898,6.92515632106303,14.280090160369872,11.277739267349244,0.0072504561394453,33.281341552734375,0.4852179309725761,11.05063127040863,32.891871223449705,0.0150784301757812,0.2194821166992187
136,0.00072891620588,0.0007088620007561,32.011146774291994,0.8762943542003632,0.0096982070058584,20.136563453674317,0.3222671094536781,127.11964420904404,7.239095916040242,134.35906924994197,18529.66646266711,3.93330238698408,6.906939841646664,15.64806116104126,11.967427453994752,0.0068970411084592,33.281341552734375,0.4652502500265836,13.066592497825622,33.26916458129883,0.0162472534179687,0.2826788330078125
137,0.0006782127512199,0.0007066681445576,32.02396366119385,0.8764796733856202,0.0096982070058584,20.136563453674317,0.3222671094536781,127.47616487496998,7.2464189999736845,134.72292937501334,18664.550725959183,3.922301871023539,6.899959828458936,13.531148853302,11.140494890213011,0.0071890205144882,33.281341552734375,0.449936933517456,10.021412868499755,32.66914981842041,0.0169046020507812,0.2025289916992187
138,0.0006760146384071,0.0007061375099874,32.026784629821776,0.8771186125278473,0.0096982070058584,20.136563453674317,0.3222671094536781,127.96934679104017,7.206656291964464,135.1763425830286,18799.890601417108,3.9071856857755543,6.9380303395002745,13.687125310897828,11.18516830444336,0.0051297205500304,33.281341552734375,0.4466407345235347,10.203522748947144,32.77278491973877,0.0180227661132812,0.1955081176757812
139,0.0006782983218745,0.0007084284466691,32.01870994567871,0.8758315551280975,0.0096982070058584,20.136563453674317,0.3222671094536781,127.38563100004104,7.251603916985914,134.63757420808545,18934.68507479207,3.925089478889805,6.895026337950101,14.746171789169312,11.420856113433835,0.005633991677314,33.281341552734375,0.5077205896377563,11.683209795951845,33.043544158935546,0.0132870483398437,0.2345669555664062
140,0.0006858342092391,0.0007077495077101,32.022433586120606,0.8757349598407745,0.0096982070058584,20.136563453674317,0.3222671094536781,127.8972539579263,7.242109582992271,135.1396907910239,19069.989173584097,3.9093880793131217,6.904065649244314,14.201622171401976,10.948045630455017,0.003974437713623,33.281341552734375,0.5233603145182133,11.057651469707489,32.65393745422363,0.0140725708007812,0.1947308349609375
141,0.0006570032880742,0.0007064280792837,32.0265620803833,0.877152771949768,0.0096982070058584,20.136563453674317,0.3222671094536781,127.93368437502068,7.23113175004255,135.1651442919392,19205.321163209097,3.908274841317914,6.914546951755621,13.662535705566404,11.320799736976625,0.0068678040988743,33.281341552734375,0.455655570924282,9.912072126865388,32.772697944641116,0.0166671752929687,0.21241943359375
142,0.000698275465284,0.000709129798779,32.01587146759033,0.8750323045253754,0.0096982070058584,20.136563453674317,0.3222671094536781,128.67630045791157,7.260042916983366,135.93668179097585,19341.414145251096,3.885719423240209,6.8870116295091535,14.868965196609498,11.373143301010131,0.0050346623174846,33.281341552734375,0.4959798920154571,11.879215364456178,33.02101879119873,0.0146261596679687,0.2252725219726562
143,0.0006751280306389,0.0007060821811319,32.030719947814944,0.8769294607639313,0.0096982070058584,20.136563453674317,0.3222671094536781,127.6784337500576,7.260291125043295,134.9390555000864,19476.5204211261,3.916088138884884,6.886776182780388,15.034899463653565,11.591010284423827,0.0044780918397009,33.281341552734375,0.4615887862443923,12.088472905158996,32.972877998352054,0.0181817626953125,0.241806640625
144,0.0006953745778832,0.0007044226460857,32.04164459228516,0.87666632771492,0.0096982070058584,20.136563453674317,0.3222671094536781,127.70449612499216,7.222322833025828,134.92714325000998,19611.61105087615,3.9152889300829288,6.922980480928218,14.845978031158449,11.242075052261352,0.0053576212376356,33.281341552734375,0.4496141127496957,12.173161301612854,32.86590923309326,0.0200726318359375,0.2150396728515625
145,0.0006867102275646,0.0007073532203503,32.02207820892334,0.8770748043060302,0.0096982070058584,20.136563453674317,0.3222671094536781,128.94858662504703,7.241797499940731,136.1907126250444,19748.01526845916,3.8775143883808942,6.904363177844895,14.618555164337158,11.694095649719236,0.0058494010008871,33.281341552734375,0.4412903580069542,11.461189544200897,33.163548164367675,0.0177041625976562,0.2468685913085937
146,0.000705236091223,0.0007074394039227,32.02488395690918,0.8757793283462525,0.0096982070058584,20.136563453674317,0.3222671094536781,128.9821927919984,7.250670958077535,136.23319666692987,19884.403820084117,3.876504106317366,6.895913535325723,14.7129647731781,11.37395803451538,0.0051357434131205,33.281341552734375,0.507558559924364,11.611908192634582,32.93944480895996,0.014810791015625,0.227086181640625
147,0.0007096387790052,0.0007054708627401,32.03326400756836,0.8776771771907806,0.0096982070058584,20.136563453674317,0.3222671094536781,128.66037325002253,7.221988500095904,135.88285624992568,20020.45012983418,3.886200446724667,6.923300971655664,14.411858921051026,11.622499256134033,0.0051279081963002,33.281341552734375,0.428854524642229,11.058881630897522,32.87812530517578,0.0191546630859375,0.251182861328125
148,0.000664307092833,0.0007041234828648,32.04292392730713,0.8776672077178955,0.0096982070058584,20.136563453674317,0.3222671094536781,128.19366858305875,7.297285000095144,135.49128416599706,20156.107627709105,3.90034863286592,6.851863398421205,14.627113027572632,11.58289038658142,0.0033463146537542,33.281341552734375,0.4148389610648155,11.439904437065124,32.94717884063721,0.0204248046875,0.2378567504882812
149,0.0006574478025695,0.0007064001665276,32.03015354156494,0.8769546973705292,0.0096982070058584,20.136563453674317,0.3222671094536781,127.87179233296774,7.259750874945894,135.1318848329829,20291.45936183416,3.9101665103593817,6.887288677157623,14.481990909576416,11.34095006942749,0.0043462268076837,33.281341552734375,0.4477525351941585,11.515646095275878,32.88964214324951,0.0169192504882812,0.2043853759765625
150,0.0006774677393741,0.0007094181426509,32.01250179290771,0.8753781068325043,0.0096982070058584,20.136563453674317,0.3222671094536781,128.36971820890903,7.272171958000399,135.64221970899962,20427.263554584177,3.8949995916194142,6.875524986038464,16.20873098373413,11.728998346328735,0.0044274637475609,33.281341552734375,0.4891442191600799,14.18115707874298,33.184768180847165,0.0152261352539062,0.268258056640625
151,0.00068273343194,0.0007236824856954,31.92903873443603,0.8709677302837372,0.0096982070058584,20.136563453674317,0.3222671094536781,128.82511658407748,7.21086854103487,136.0363207500195,20563.4558524171,3.881230720048881,6.933977469630064,17.290736293792726,12.213982439041136,0.0063070212490856,33.281341552734375,0.5145017686486244,15.996625957489014,33.28110198974609,0.0128359985351562,0.3356051635742187
152,0.0006989973127188,0.0007039083573909,32.04475429534912,0.8768516898155212,0.0096982070058584,20.136563453674317,0.3222671094536781,129.10542912501842,7.237699582939968,136.34347029100172,20699.961608334153,3.8728038269856815,6.9082723629280425,14.88121626853943,11.463982858657836,0.0055705779232084,33.281341552734375,0.4536738701164722,12.0037983751297,32.978544540405274,0.0170211791992187,0.2359588623046875
153,0.0006591576583421,0.0007052987074712,32.032292213439945,0.8770630490779877,0.0096982070058584,20.136563453674317,0.3222671094536781,127.8559461669065,7.2751308750594035,135.13148870889563,20835.307117459073,3.910651127224751,6.872728595359013,12.74383526802063,10.604866480827331,0.0037121695932,33.281341552734375,0.4058617214858532,9.24984989643097,32.10334030151367,0.0185592651367187,0.16301513671875
154,0.0006703809677933,0.0007046837886446,32.039745750427244,0.8772747480869293,0.0096982070058584,20.136563453674317,0.3222671094536781,128.7831944579957,7.22487508400809,136.0084089160664,20971.47868008417,3.8824941569769913,6.920534876882864,14.440605688095092,11.509584980010986,0.0029304602649062,33.281341552734375,0.4478551109135151,11.193692526817324,32.96521156311035,0.0176968383789062,0.2344711303710937
155,0.0006859778066263,0.0007063471843139,32.02963142395019,0.8758452272415161,0.0096982070058584,20.136563453674317,0.3222671094536781,128.67247270804364,7.2289294169750065,135.9017316250829,21107.542466042156,3.885835015656334,6.9166535064777035,15.078087120056152,11.583442392349244,0.004202012438327,33.281341552734375,0.4923139576613903,12.208762040138245,33.08174434661865,0.0161453247070312,0.2467636108398437
156,0.0006880170009117,0.0007064278982579,32.02861763000488,0.8778479254245758,0.0096982070058584,20.136563453674317,0.3222671094536781,128.11980270803906,7.273467999999411,135.393642290961,21243.093757334107,3.9025973302457073,6.874299852560573,13.82403374671936,11.35776216506958,0.0027068734634667,33.281341552734375,0.3783983589708805,10.268054132461549,32.729314155578614,0.024227294921875,0.195924072265625
157,0.0006908478612781,0.0007064322088262,32.032735900878905,0.8759055519104004,0.0096982070058584,20.136563453674317,0.3222671094536781,127.89457637502346,7.239102832973003,135.13413350004703,21378.397480251093,3.909469925713324,6.906933242094264,14.308830194473266,11.131033582687378,0.0037734927609562,33.281341552734375,0.4512174988538027,11.222325356006625,32.93666130065918,0.0169839477539062,0.1940341186523437
158,0.0006956833294966,0.0007049551737145,32.04039951324463,0.8772304594516754,0.0096982070058584,20.136563453674317,0.3222671094536781,128.03192629199475,7.255723499925807,135.28798333299346,21513.84659187618,3.9052759298464346,6.891111548078048,14.738263931274414,11.561065244674683,0.0019092814764007,33.281341552734375,0.4433309251815081,11.62577476978302,33.041697120666505,0.0186532592773437,0.2352316284179687
159,0.000711992511372,0.0007036902915569,32.04434143066406,0.8771197426319123,0.0096982070058584,20.136563453674317,0.3222671094536781,129.15325474995188,7.309289667056873,136.46289437497035,21650.46660833416,3.871369722489988,6.840610001454872,13.463941717147828,10.961046934127808,0.0038928904104977,33.281341552734375,0.4180337161570787,10.094141726493836,32.83577091217041,0.0205850219726562,0.15623779296875
160,0.000695918128842,0.0007051335368305,32.034685974121096,0.8775582611560822,0.0096982070058584,20.136563453674317,0.3222671094536781,128.94132058299147,7.271843499969691,136.21349108288996,21786.839361042075,3.877732892290189,6.8758355429690425,13.477624406814575,10.99521689414978,0.0027245532255619,33.281341552734375,0.413243942707777,10.119865765571594,32.76587184906006,0.019346923828125,0.1653012084960937
161,0.0006611935743326,0.0007040051190415,32.04158096313476,0.8774757325649262,0.0096982070058584,20.136563453674317,0.3222671094536781,127.6854811249068,7.253990291967057,134.9398049999727,21921.93772754207,3.915871997309396,6.892758052815308,13.791527853012084,11.271804323196411,0.0038234165403991,33.281341552734375,0.4034961372613906,10.39757242679596,32.69977363586426,0.0190670776367187,0.193582763671875
162,0.000677272597517,0.0007034049948561,32.045354347229,0.8770888698101044,0.0096982070058584,20.136563453674317,0.3222671094536781,128.41158695798367,7.277753749978729,135.6896652909927,22057.78103250108,3.8937296224179536,6.870251689973179,13.427096166610715,10.997309112548828,0.0039887279272079,33.281341552734375,0.4390689885616302,9.85538251876831,32.57633247375488,0.0196575927734375,0.1791632080078125
163,0.000653637091977,0.0007040629407856,32.04016670227051,0.8777530300617218,0.0096982070058584,20.136563453674317,0.3222671094536781,128.4579021249665,7.224164874991402,135.6824038339546,22193.675747834088,3.892325748194064,6.921215235976948,13.27047133922577,11.118715209960936,0.0027986404020339,33.281341552734375,0.4072736798971891,9.491588230133056,32.635693588256835,0.0193231201171875,0.1913058471679687
164,0.0006868212460685,0.000703426079126,32.04739582061767,0.8783018743991852,0.0096982070058584,20.136563453674317,0.3222671094536781,129.1296554589644,7.295083708013408,136.42507229198236,22330.25509379216,3.8720772406838257,6.853930948739719,14.477750420570374,11.77759867668152,0.0017600881401449,33.281341552734375,0.3864773227274418,11.139411754608156,32.97054862976074,0.0237362670898437,0.2469366455078125
165,0.0006749984088237,0.0007076154282549,32.021414833068846,0.8761653506755829,0.0096982070058584,20.136563453674317,0.3222671094536781,128.47664220805746,7.261369958054274,135.73834083299153,22466.20861612615,3.8917579990165896,6.885753003748316,14.527803688049316,11.261167612075806,0.0062669767066836,33.281341552734375,0.4991566453874111,11.56192008972168,32.952365760803225,0.0152047729492187,0.20973876953125
166,0.0007018181755065,0.0007017321571765,32.057091598510745,0.8779982841014862,0.0096982070058584,20.136563453674317,0.3222671094536781,128.00315162504558,7.250613749958575,135.2540956250159,22601.62441187614,3.9061538224045425,6.895967944822004,14.760034503936769,11.737002573013308,0.0015763861592859,33.281341552734375,0.3877713453769684,11.585709371566772,32.990542602539065,0.0212918090820312,0.2409130859375
167,0.0006535863223143,0.0007058616644644,32.035194854736325,0.8762335932254791,0.0096982070058584,20.136563453674317,0.3222671094536781,128.9686631669756,7.241071833996102,136.2100649169879,22738.047926001076,3.876910776012701,6.905055100441766,15.938930912017822,11.948340301513673,0.0025935256853699,33.281341552734375,0.4374929784983397,13.497214436531069,33.21254997253418,0.0184906005859375,0.2776608276367187
168,0.0006736100317616,0.0007052501750877,32.038086853027345,0.8765143787860871,0.0096982070058584,20.136563453674317,0.3222671094536781,128.75478550000116,7.534500082954764,136.28980362508446,22874.49371883407,3.883350805628856,6.636140347667468,13.942548961639403,11.211935815811158,0.0045570633374154,33.281341552734375,0.458405742496252,10.517277855873107,32.82281753540039,0.0159756469726562,0.1965377807617187
169,0.0006598130903234,0.000702525297238,32.050114135742184,0.8780508947372436,0.0096982070058584,20.136563453674317,0.3222671094536781,128.4896014999831,7.256818916997872,135.7467539580539,23010.406957876112,3.891365481432096,6.890071334546249,13.958669776916503,11.505150270462035,0.0027139831800013,33.281341552734375,0.3882657789438963,10.210434284210203,32.83417179107666,0.0222958374023437,0.2090652465820312
170,0.000668179754959,0.0007061388163128,32.03116462707519,0.8756573855876922,0.0096982070058584,20.136563453674317,0.3222671094536781,129.15471691591665,7.303818000014871,136.4588808750268,23147.022358251095,3.871325894551061,6.845734655477203,15.599973068237304,11.53781361579895,0.0026606011670082,33.281341552734375,0.4253279561549425,13.292381739616394,33.14072120666504,0.022037353515625,0.2392080688476562
171,0.0006924133060383,0.0007019464585755,32.05534870147705,0.8777672159671783,0.0096982070058584,20.136563453674317,0.3222671094536781,129.34098104096483,7.322502207942307,136.66381574992556,23283.84386958409,3.865750792795055,6.8282669748829585,13.951005229949953,11.360358381271364,0.0014380287611857,33.281341552734375,0.3948239669203758,10.452359988689423,32.84684909820557,0.0217074584960937,0.207044677734375
172,0.0006599059185177,0.0007008568290621,32.06305740356445,0.8777428710460663,0.0096982070058584,20.136563453674317,0.3222671094536781,128.67418833402917,7.285337999928743,135.95986687508412,23419.973523876102,3.8857832054245023,6.863099557012872,14.774541931152344,11.49564206123352,0.0027384252753108,33.281341552734375,0.4088092969357967,11.801430611610412,32.919844970703124,0.0217178344726562,0.2217910766601562
173,0.000652638431432,0.0007116216840222,32.00188770294189,0.8736174035072327,0.0096982070058584,20.136563453674317,0.3222671094536781,128.4239628330106,7.271206708042882,135.69550470809918,23555.88860504207,3.8933543940716806,6.876437709396106,15.728216876983645,11.453434314727785,0.0032238888088613,33.281341552734375,0.4887320311367512,13.456157245635984,33.043238983154296,0.0162786865234375,0.2335598754882812
174,0.0006656497021249,0.000702806628542,32.04815170288086,0.8780236363410949,0.0096982070058584,20.136563453674317,0.3222671094536781,129.18356329202652,7.323296166025102,136.50719262496568,23692.55902529211,3.870461436875856,6.827526685587908,13.94513750076294,11.45781108379364,0.0040056258440017,33.281341552734375,0.3920736669749021,10.432878210544589,32.94176124572754,0.0218008422851562,0.2185733032226562
175,0.0006724152982972,0.0007044905985821,32.04085269927978,0.8763683259487152,0.0096982070058584,20.136563453674317,0.3222671094536781,128.39619520795532,7.207022959017195,135.60354745795485,23828.329153042112,3.8941963910237463,6.937677357811329,15.377139806747437,11.499294261932372,0.0014143453445285,33.281341552734375,0.4094723960757255,12.858532779216766,33.081858444213864,0.0203985595703125,0.2198306274414062
176,0.0007174554475859,0.0007017812003323,32.057139472961424,0.8783446621894836,0.0096982070058584,20.136563453674317,0.3222671094536781,128.0344743329333,7.266431999974884,135.30123295797966,23963.79377962608,3.9051982101307297,6.880956155672113,14.035904121398923,11.400851230621338,0.0030018934048712,33.281341552734375,0.3886682733148336,10.554219348430632,32.857572631835936,0.0230148315429687,0.20469482421875
177,0.0006939979514013,0.0007030096532253,32.052476959228514,0.8774631035327911,0.0096982070058584,20.136563453674317,0.3222671094536781,127.75188100000378,7.229402291006409,134.98178558400832,24098.941637334123,3.913836697245853,6.916201089293576,14.674591159820556,11.564086065292358,0.0024712469894438,33.281341552734375,0.4253571320325136,11.48544305562973,32.958555374145504,0.0182421875,0.2311508178710937
178,0.0006766028325469,0.0007019014019169,32.05886444091797,0.8772614133358002,0.0096982070058584,20.136563453674317,0.3222671094536781,128.9112534589367,7.287351291044615,136.19895112502854,24235.309110001137,3.878637330597904,6.861203474772064,14.026889100074769,11.183232021331786,0.0023262372706085,33.281341552734375,0.4188488395512104,10.76182843208313,32.86526473999024,0.0192977905273437,0.2085617065429687
179,0.0006324619000724,0.0007026686538301,32.054998779296874,0.8771850311756134,0.0096982070058584,20.136563453674317,0.3222671094536781,128.438375000027,7.319678124971688,135.75838341703638,24371.23382650112,3.8929175178360422,6.8309014612843235,14.592340183258056,11.427617235183716,0.0024905113968998,33.281341552734375,0.4104409307986498,11.574981386661529,33.012967872619626,0.0190771484375,0.2148397827148437
180,0.0006829124360647,0.0007117159984773,32.008865699768066,0.8748300111293793,0.0096982070058584,20.136563453674317,0.3222671094536781,128.9887352079386,7.306350208004005,136.2954004999483,24507.69658904214,3.8763074868046896,6.843362085932549,15.547645139694216,11.983197164535522,0.0020753373391926,33.281341552734375,0.460118098333478,12.643966460227968,33.226092185974125,0.0143490600585937,0.2792901611328125
181,0.0006653362737951,0.0007025141647318,32.052376441955566,0.8770589232444763,0.0096982070058584,20.136563453674317,0.3222671094536781,127.96905679197516,7.325846333056688,135.2952492920449,24643.15165387612,3.9071945401050625,6.825149986341256,13.606357722282407,11.093265018463136,0.002987366169691,33.281341552734375,0.3929215866327286,10.180003700256348,32.82842372894287,0.0191949462890625,0.1768716430664062
182,0.0006640814174138,0.0007030000482336,32.051931076049804,0.8768019664287567,0.0096982070058584,20.136563453674317,0.3222671094536781,129.00644629111048,7.328761833021417,136.3355810410576,24779.65684437618,3.8757753149150487,6.822434831312642,14.604730424880982,11.39347388267517,0.0032132784835994,33.281341552734375,0.4369041553139686,11.540921306610109,32.972055473327636,0.0181784057617187,0.2226513671875
183,0.0006966642155712,0.0007021791272563,32.050998497009275,0.8786991167068482,0.0096982070058584,20.136563453674317,0.3222671094536781,129.68237645796034,7.330863874987699,137.01369795796927,24916.8441572921,3.855574008254599,6.820478575600873,13.65945520877838,11.494773664474486,0.0016081364592537,33.281341552734375,0.3339930631220341,9.940471768379211,32.89732265472412,0.0264285278320312,0.2073464965820312
184,0.0006806767267094,0.0007062282427796,32.03665561676026,0.875751827955246,0.0096982070058584,20.136563453674317,0.3222671094536781,128.71651600010227,7.303914041956887,136.0207723340718,25053.038872584177,3.8845053885672503,6.845644638310098,13.542017011642455,10.91085168838501,0.0025273016653954,33.281341552734375,0.4489879827201366,10.105628480911257,32.59028408050537,0.0168621826171875,0.1878036499023437
185,0.0006743566250033,0.0007027081976411,32.051295623779296,0.8777924251556396,0.0096982070058584,20.136563453674317,0.3222671094536781,129.55298370798118,7.518249292043038,137.07156954100356,25190.2770407091,3.859424813611585,6.6504844489418105,13.32900625705719,11.026766748428344,0.0035071475431323,33.281341552734375,0.385657147616148,9.755280566215514,32.73289157867432,0.0202810668945312,0.1731838989257812
186,0.0006971948399682,0.0007038599540828,32.048668670654294,0.8765933763980865,0.0096982070058584,20.136563453674317,0.3222671094536781,129.0674778750399,7.338048334000632,136.4058964169817,25326.85394962615,3.873942593687995,6.813800853331323,14.740889463424685,11.382455139160156,0.0023238649591803,33.281341552734375,0.4107392701506615,11.842730693817138,33.094665145874025,0.0195175170898437,0.20843017578125
187,0.0006836903097491,0.0007099738922261,32.0151607131958,0.8746293044090271,0.0096982070058584,20.136563453674317,0.3222671094536781,129.13812854199205,7.318608333007432,136.4572019999614,25463.485414626135,3.871823183788932,6.831899963070373,15.8312477684021,11.679029235839844,0.0033021371345967,33.281341552734375,0.4645561149716377,13.409438638687131,33.15363338470459,0.016246337890625,0.2556222534179687
188,0.0006828222139074,0.0007024360062496,32.05498065948486,0.8773908340930938,0.0096982070058584,20.136563453674317,0.3222671094536781,128.72306566603947,7.357512625050731,136.08092758303974,25599.73551516718,3.884307737800507,6.795774951137816,14.248934173583985,11.433456964492798,0.0027990962844341,33.281341552734375,0.4076351398974657,11.110755009651184,33.017028884887694,0.0189468383789062,0.2164535522460937
189,0.0007070683343717,0.0007014311788952,32.05742942810058,0.8777048993110657,0.0096982070058584,20.136563453674317,0.3222671094536781,128.85867574997246,7.357911207946017,136.2169885840267,25736.12367420917,3.8802199160432305,6.795406819533726,13.357404794692991,11.075565357208252,0.0013209686148911,33.281341552734375,0.3943029274046421,9.755275342464447,32.69065444946289,0.0211819458007812,0.1751242065429687
190,0.0006670929958536,0.0007036487190634,32.04254997253418,0.8770745134353638,0.0096982070058584,20.136563453674317,0.3222671094536781,129.83629925001878,7.287940290989354,137.12456720799673,25873.41866287618,3.851003170054754,6.860648963029908,13.77272424697876,11.42902018547058,0.0014480674872174,33.281341552734375,0.3538864816725254,10.133035831451416,32.93106220245361,0.025352783203125,0.1934255981445312
191,0.0006895143692765,0.0007005995472718,32.06499572753906,0.8780812537670135,0.0096982070058584,20.136563453674317,0.3222671094536781,129.12088658404537,7.315551875042729,136.43677416699938,26010.017513667175,3.872340201711268,6.834754349918127,14.01717616558075,11.336135187149049,0.0022457048762589,33.281341552734375,0.3855889622867107,10.69453593492508,32.969702072143555,0.0211154174804687,0.1927420043945312
192,0.000670251750289,0.0007021857207291,32.05591632843018,0.8773971211910248,0.0096982070058584,20.136563453674317,0.3222671094536781,128.9104092080379,7.30137029197067,136.21243600000162,26146.45228766714,3.8786627322941096,6.848029616438587,14.014940118789672,11.337161989212037,0.0013261376880109,33.281341552734375,0.3741692090034484,10.653276827335358,32.91970203399658,0.0225775146484375,0.20121337890625
193,0.0006328758637419,0.0007030020927777,32.050122566223145,0.8787997770309448,0.0096982070058584,20.136563453674317,0.3222671094536781,128.35902270907536,7.332885417039506,135.69226341706235,26282.318082376092,3.895324141982958,6.818598294719627,14.00089638710022,11.45084481239319,0.0013752542436122,33.281341552734375,0.3173842693865299,10.670040440559386,32.92268047332764,0.029674072265625,0.2062319946289062
194,0.0006449229769555,0.0007041417338768,32.045193405151366,0.8766782939434051,0.0096982070058584,20.136563453674317,0.3222671094536781,128.87361995794345,7.250855666934512,136.12481008295435,26418.603605584183,3.8797699650492454,6.895737868292005,15.20285590171814,11.578815717697143,0.0027289043646305,33.281341552734375,0.4099095390737057,12.353783991336822,33.07043525695801,0.0201388549804687,0.2272210693359375
195,0.0006546929061387,0.0007051562258857,32.04530334472656,0.876035885810852,0.0096982070058584,20.136563453674317,0.3222671094536781,128.62313716695644,7.261111125000752,135.8845823330339,26554.64654433407,3.887325492232287,6.885998456606022,14.72869520187378,11.447865114212036,0.0006980135221965,33.281341552734375,0.3843899817019701,11.668465061187744,33.037297019958494,0.0199349975585937,0.2254058837890625
196,0.0006634729490224,0.0007008671776566,32.06346916198731,0.8780231559276581,0.0096982070058584,20.136563453674317,0.3222671094536781,128.31760654202662,7.354740665992722,135.67267854197416,26690.490549792128,3.896581408228183,6.798336239263053,14.06616265296936,11.353332014083865,0.0020486200228333,33.281341552734375,0.3756709294021129,10.711599478721618,33.00862846374512,0.0242001342773437,0.2090802001953125
197,0.0006888096340808,0.0007026443912764,32.05652992248535,0.8770839393138885,0.0096982070058584,20.136563453674317,0.3222671094536781,127.50956816703548,7.303866707952693,134.81376445805654,26825.469463667076,3.921274357583959,6.845689002724863,14.2598699760437,11.26031135559082,0.0022695434745401,33.281341552734375,0.4080353582650423,11.069904596805571,32.916939163208006,0.019033203125,0.187064208984375
198,0.0006971929233777,0.0007071217379416,32.03254901885986,0.8755798172950745,0.0096982070058584,20.136563453674317,0.3222671094536781,128.99568249995357,7.348255125107244,136.34426499996334,26961.97959700116,3.876098721367516,6.804336423916729,15.598028964996338,11.491769523620606,0.0024701324291527,33.281341552734375,0.4307424888759851,13.36130299091339,33.126142234802245,0.0188858032226562,0.2222210693359375
199,0.0006673058054898,0.0007015653330017,32.05867652893066,0.8774689292907715,0.0096982070058584,20.136563453674317,0.3222671094536781,128.7521916659316,7.358453291002661,136.11104624997824,27098.258375334142,3.883429039385449,6.794906215024301,14.774925165176391,11.681531782150268,0.0018747894791886,33.281341552734375,0.3872182857990265,11.615183053016665,33.07859626770019,0.021153564453125,0.23343017578125
200,0.0006734962212713,0.0007006876412197,32.06738468170166,0.8777177357673644,0.0096982070058584,20.136563453674317,0.3222671094536781,128.45014704205096,7.349640875007026,135.8005323749967,27234.234021876186,3.892560744491122,6.803053489324702,15.042608938217164,11.786611967086792,0.0004730983928311,33.281341552734375,0.3513825243711471,12.128712873458865,33.06843475341797,0.0237484741210937,0.2488577270507812
201,0.0006720637526138944,0.0007007179623178672,32.06557228088379,0.8784017014503479,0.009698207005858422,20.136563453674317,0.32226710945367815,128.72515820804983,7.257269291090779,135.98277125007007,27370.2168830841,3.884244594921247,6.88964374814937,15.243433122634888,11.929998407363891,0.0016891213599592447,33.281341552734375,0.3532239190489054,12.482398331165314,33.142455406188965,0.023970947265625,0.2619586181640625
202,0.0006760572608750408,0.0007041042967466638,32.04774234771728,0.8773509955406189,0.009698207005858422,20.136563453674317,0.32226710945367815,128.46622000006028,7.313593499944545,135.78016070800368,27506.15744954214,3.8920737295747116,6.836584505329578,14.576332302093506,11.414018335342407,0.001625648234039545,33.281341552734375,0.39772024780511855,11.584091980457305,33.01291160583496,0.020531005859375,0.2021588134765625
203,0.000679740563078667,0.0007009412111074198,32.060270118713376,0.8784120154380798,0.009698207005858422,20.136563453674317,0.32226710945367815,128.9239535840461,7.353941541980021,136.27843666705303,27642.601077292176,3.87825525125591,6.799074987824515,14.306442031860351,11.560297107696533,0.0020067403092980385,33.281341552734375,0.3394701803475618,10.967304289340973,33.014255905151366,0.02517333984375,0.20266265869140626
204,0.0006708044547990539,0.000710078781703487,32.001591453552244,0.8789155268669129,0.009698207005858422,20.136563453674317,0.32226710945367815,128.93653662502766,7.331167291034944,136.2680927090114,27779.04863270914,3.877876768584971,6.820196295499005,14.240371050834655,11.992195482254028,0.0005259114550426602,33.281341552734375,0.23898597445338965,10.52365969657898,33.01188613891602,0.0366387939453125,0.23791259765625
205,0.000679113078687351,0.0007029032672289759,32.05579685211182,0.876914166212082,0.009698207005858422,20.136563453674317,0.32226710945367815,128.4805113329785,7.355051457998343,135.8359312079847,27915.05515762611,3.891640800713871,6.798048971584947,14.05183084487915,11.191044340133667,0.0021321801468729973,33.281341552734375,0.40017482109367847,10.796387820243835,32.883689384460446,0.01954833984375,0.187318115234375
206,0.0006561152808428688,0.0007003679039189592,32.06887416839599,0.8779622626304626,0.009698207005858422,20.136563453674317,0.32226710945367815,128.62417175003793,7.318284292006865,135.9428671670612,28051.16954075109,3.887294224694221,6.832202467812123,14.909847917556762,11.774912452697754,0.0022672065533697605,33.281341552734375,0.37017074033617975,11.89929283618927,33.08363082885742,0.022340087890625,0.23810333251953125
207,0.0006797509875455034,0.0006993902495014481,32.072930030822754,0.878628830909729,0.009698207005858422,20.136563453674317,0.32226710945367815,129.01998295797966,7.3151515000499785,136.33556841604877,28187.73313587619,3.8753686718656932,6.835128431674777,14.161746835708618,11.488541212081909,0.0019244971917942166,33.281341552734375,0.3499326401948929,10.7544335770607,32.9186975479126,0.02408416748046875,0.20568115234375
208,0.0006533906862885032,0.0006993474095361307,32.072055130004884,0.8786673223972321,0.009698207005858422,20.136563453674317,0.32226710945367815,127.80682512500789,7.358381625032052,135.16555450006854,28323.119958459112,3.9121541397413626,6.794972393101752,14.250464744567871,11.601588401794434,0.0023260759189724922,33.281341552734375,0.33487633891403673,10.874897818565369,32.9448802947998,0.026162109375,0.2248687744140625
209,0.0006660653494873259,0.0006992230319883675,32.07375637054443,0.8783699774742126,0.009698207005858422,20.136563453674317,0.32226710945367815,128.43591574998572,7.300553375040181,135.73680066596717,28459.02827937616,3.892992058181791,6.848795896889777,14.199135336875916,11.460185775756836,0.0011994685046374798,33.281341552734375,0.337891501635313,10.801833653450013,32.89849220275879,0.0257208251953125,0.20028900146484374
210,0.0006778704128294066,0.0007009804273548071,32.06500537872314,0.8775172758102417,0.009698207005858422,20.136563453674317,0.32226710945367815,128.25855462497566,7.333857166930102,135.59274370898493,28594.83816725115,3.898375445302543,6.817694817600277,15.018150539398194,11.691983547210693,0.0011426794808357954,33.281341552734375,0.36087760746479036,12.213838260173798,33.0896545791626,0.02248504638671875,0.2317706298828125
211,0.0006810673327127006,0.000706454154860694,32.04017009735107,0.8760143423080444,0.009698207005858422,20.136563453674317,0.32226710945367815,128.85789733298589,7.485417541000061,136.34371633292176,28731.349066834144,3.8802433560430813,6.679654104281261,15.068562870025636,11.733495006561279,0.0012052704114466906,33.281341552734375,0.3772021126002073,12.122564859390259,33.20999073028565,0.0188482666015625,0.22622039794921875
212,0.0006758016777289413,0.00070433598200907,32.04750804901123,0.876522045135498,0.009698207005858422,20.136563453674317,0.32226710945367815,128.3346424580086,7.388785665971227,135.72375800006557,28867.242718959173,3.8960641524645316,6.767011828516438,14.971009545326233,11.721143445968629,0.002255806000903249,33.281341552734375,0.3932948189973831,11.853713738918305,33.079183654785155,0.01906768798828125,0.23116912841796874
213,0.00070625404893417,0.0007009596488205716,32.063108139038086,0.8777696561813354,0.009698207005858422,20.136563453674317,0.32226710945367815,129.43060091603547,7.326426916057244,136.75744600000326,29004.167836834156,3.86307408341835,6.824609127051494,13.54399260520935,11.129366359710694,0.0018135339487344027,33.281341552734375,0.3328943639993668,10.058315834999085,32.856263313293454,0.0229840087890625,0.1573577880859375
214,0.0006810902300555882,0.0006996028366847895,32.073653030395505,0.8782747197151184,0.009698207005858422,20.136563453674317,0.32226710945367815,128.80345200002193,7.313040332985111,136.1168355839327,29140.447103626157,3.8818835383380472,6.837101632610646,15.146609840393067,11.793240394592285,0.00094541598809883,33.281341552734375,0.35176748104393485,12.234757750034332,33.0924575805664,0.023848876953125,0.2243182373046875
215,0.0006624405711800137,0.0006992202435503713,32.076838989257816,0.8775693881511688,0.009698207005858422,20.136563453674317,0.32226710945367815,128.8810932089109,7.295861582970247,136.17729462496936,29276.787791584098,3.879544994156131,6.853200191833177,14.560627012252807,11.522998838424682,0.0018481605220586061,33.281341552734375,0.38088614322245123,11.463629722595215,33.04896873474121,0.02075286865234375,0.2183343505859375
216,0.0006529710426902966,0.0007009745406685397,32.057680473327636,0.8777732539176941,0.009698207005858422,20.136563453674317,0.32226710945367815,127.78291787498165,7.310461665969342,135.09378262492828,29412.10657970916,3.912886075188724,6.839513328242064,12.481947345733643,10.669857854843139,0.0012705621775239706,33.281341552734375,0.32911788873374465,8.91026680469513,32.561190071105955,0.024329833984375,0.13766571044921874
217,0.0006702757120310707,0.0006996193263330497,32.07260437011719,0.8784375739097595,0.009698207005858422,20.136563453674317,0.32226710945367815,128.76413775002584,7.27849525003694,136.0429740829859,29548.32610920916,3.8830687545212847,6.869551779915806,15.334691572189332,11.949681949615478,0.0007986259879544377,33.281341552734375,0.32807695880532267,12.536373195648194,33.154776916503906,0.02590789794921875,0.24694427490234375
218,0.0006476348573269206,0.0007013012282550335,32.06246250152588,0.8772772109508514,0.009698207005858422,20.136563453674317,0.32226710945367815,128.08056599996053,7.342838417040184,135.42382825003006,29683.913272417096,3.903792867375009,6.80935588667828,14.120065155029296,11.17433087348938,0.000827138195745647,33.281341552734375,0.3090299820899963,11.077211072444916,33.0092232131958,0.02892181396484375,0.18959259033203124
219,0.0006714163738668049,0.0007003519264981151,32.063447265625,0.877966775894165,0.009698207005858422,20.136563453674317,0.32226710945367815,128.59106866596267,7.317394500016235,135.90880574996118,29819.9887877091,3.8882949273781655,6.83303326066253,13.282473435401917,11.27304901123047,0.0013459898764267564,33.281341552734375,0.3255738852918148,9.480255966186524,32.86623275756836,0.02580535888671875,0.16958526611328126
220,0.0006791825583259196,0.0007006368841393851,32.06435119628906,0.8779485857486725,0.009698207005858422,20.136563453674317,0.32226710945367815,128.7982257079566,7.346885041915812,136.1454472920159,29956.29376858409,3.8820410549266766,6.805605329978287,14.031363649368286,11.344979238510131,0.00178086559753865,33.281341552734375,0.3672105138748884,10.695406608581543,32.97779483795166,0.02159332275390625,0.16142730712890624
221,0.0006766461447550682,0.0006997225910890847,32.07402751922607,0.8777862751483917,0.009698207005858422,20.136563453674317,0.32226710945367815,128.8861802079482,7.281125166104175,136.16764816700015,30092.627291042187,3.8793918726840024,6.8670705226666096,14.585428886413574,11.454237546920776,0.0005615783738903701,33.281341552734375,0.36525283224880695,11.53393122434616,33.01546211242676,0.0222119140625,0.1911212158203125
222,0.0006837673520253702,0.0007031469524372369,32.05025283813477,0.8788807702064514,0.009698207005858422,20.136563453674317,0.32226710945367815,127.78950783400796,7.326996707939543,135.11691504204646,30227.909569542102,3.912684292121028,6.824078403886812,15.039679565429687,12.128894186019897,0.0004964815452694893,33.281341552734375,0.2706879372522235,11.896343047618865,33.090394821166996,0.0326873779296875,0.258603515625
223,0.0006566288320764216,0.0006963864027056843,32.090264854431155,0.8791929030418396,0.009698207005858422,20.136563453674317,0.32226710945367815,128.43908008304425,7.324676917050965,135.76409233303275,30363.84772650112,3.892896147159551,6.826239650735451,13.96122347354889,11.429547567367553,0.0008740593330003321,33.281341552734375,0.31544639900326726,10.537000784873962,32.930898666381836,0.02782623291015625,0.18410064697265624
224,0.0006615603704849491,0.0006995146363624372,32.073514785766605,0.8774126875400543,0.009698207005858422,20.136563453674317,0.32226710945367815,128.79056637501344,7.328153125010431,136.1191563749453,30500.192510251134,3.8822719246695123,6.8230015321805695,13.894944877624512,11.237044477462769,0.000823169422801584,33.281341552734375,0.3270856133848429,10.661479325294495,32.99264297485352,0.0249578857421875,0.14800018310546875
225,0.0006543000008987292,0.0007001132155710365,32.06900512695312,0.87786567568779,0.009698207005858422,20.136563453674317,0.32226710945367815,127.20212600007653,7.314266583998688,134.51673762500286,30634.87970245915,3.9307519121158334,6.835955379228897,15.555061407089234,12.014708337783814,0.0013797680148854852,33.281341552734375,0.3268179991841316,12.86270691871643,33.13720134735107,0.026671142578125,0.2507843017578125
226,0.0006723785831259192,0.0006974552806059364,32.08447296142578,0.8789012193679809,0.009698207005858422,20.136563453674317,0.32226710945367815,129.15296637499705,7.308873999980278,136.46217729209457,30771.50651825109,3.871378366550595,6.840999037626714,14.171747980117798,11.43138111114502,0.0010385867208242416,33.281341552734375,0.3253287294507027,10.91962519645691,32.99858993530273,0.02708282470703125,0.1813922119140625
227,0.0006538702238428868,0.0007017674797680229,32.053183479309084,0.8779899561405182,0.009698207005858422,20.136563453674317,0.32226710945367815,127.75217304204125,7.295011500013061,135.04752683301922,30906.71493675112,3.9138277501977035,6.853998790805262,15.087983207702637,12.02402256011963,0.0011720774928107858,33.281341552734375,0.33666586250066755,11.880937082767487,33.14500389099121,0.0261102294921875,0.2209942626953125
228,0.0006722382302714323,0.0006992138552595861,32.07616512298584,0.8782437407970428,0.009698207005858422,20.136563453674317,0.32226710945367815,128.51345945894718,7.221470416057855,135.73534341691993,31042.618761667112,3.8906430665320455,6.923797664367449,14.414233570098878,11.441093606948852,0.0012422525323927402,33.281341552734375,0.364550801590085,11.297467007637024,32.93089767456055,0.0222332763671875,0.19275238037109374
229,0.0006535112631768243,0.0006978848668222781,32.08407493591309,0.8787212264537811,0.009698207005858422,20.136563453674317,0.32226710945367815,129.02480454207398,7.361631542094983,136.38687108410522,31179.176265917198,3.875223851526579,6.79197263732802,14.09614718914032,11.50720772743225,0.0006986737134866416,33.281341552734375,0.32879816100001336,10.741591458320618,32.988973999023436,0.02494415283203125,0.174259033203125
230,0.0006401368663600806,0.0007006959406135138,32.069267921447754,0.8777798819541931,0.009698207005858422,20.136563453674317,0.32226710945367815,128.090195916011,7.35837079200428,135.44890595809557,31314.800102084122,3.9034993773282305,6.7949823966917755,14.729921417236328,11.658823862075806,0.0010104740504175425,33.281341552734375,0.3371060375869274,11.668263404369354,33.10898525238037,0.025164794921875,0.20854217529296876
231,0.0006595304810641664,0.0006993929989403114,32.07841835021973,0.8777316391468049,0.009698207005858422,20.136563453674317,0.32226710945367815,127.85526562505402,7.333820792031474,135.18943224998657,31450.15448050114,3.910671942650299,6.817728632574067,14.865515632629394,11.568459939956664,0.0010843685595318675,33.281341552734375,0.331304604485631,12.01729338169098,33.07386909484863,0.02498992919921875,0.2102947998046875
232,0.0006319460739910028,0.0006973324491991662,32.08859191894531,0.8781225633621216,0.009698207005858422,20.136563453674317,0.32226710945367815,128.30999687500298,7.321252417052165,135.63169266609475,31585.951918584124,3.8968125023577853,6.829432609582398,14.464649686813354,11.469670553207397,0.0011801992077380419,33.281341552734375,0.33490835651755335,11.396535968780517,33.01900177001953,0.02436431884765625,0.17797119140625
233,0.0006511896904978585,0.0006977098138304427,32.08558376312256,0.8787376046180725,0.009698207005858422,20.136563453674317,0.32226710945367815,128.79757533292286,7.3783088340424,136.17621745797805,31722.305983751143,3.882060657644938,6.776620649071718,14.459754734039306,11.60073094367981,0.0008012927137315273,33.281341552734375,0.3059981296211481,11.306205475330353,33.0861164855957,0.0276361083984375,0.17645538330078125
234,0.0006293982920474264,0.0007034425166784785,32.05004165649414,0.8782499885559082,0.009698207005858422,20.136563453674317,0.32226710945367815,129.59809820901137,7.359714999911375,136.9582830000436,31859.432864459177,3.8580813060513988,6.793741333815521,13.916416826248168,11.625075063705445,0.0005022726254537702,33.281341552734375,0.3096847768872976,10.273874537944794,32.97360248565674,0.02543975830078125,0.210439453125
235,0.0006548497463716103,0.0006989586804411374,32.077577896118164,0.8787487554550171,0.009698207005858422,20.136563453674317,0.32226710945367815,128.71136549999937,7.6606404590420425,136.37238929094747,31995.97684191709,3.8846608305154096,6.526869426561296,14.804894809722901,11.617761688232422,0.0013248719042167068,33.281341552734375,0.3249140504747629,11.952551026344299,33.06544647216797,0.0284912109375,0.200262451171875
236,0.0006538798839524133,0.000703614283411298,32.05441513061523,0.8768006229400634,0.009698207005858422,20.136563453674317,0.32226710945367815,137.45502845803276,7.690933458972722,145.1469441660447,32141.30784029217,3.637553355515532,6.501161434658739,14.394595518112183,11.25615647315979,0.0007611740729771554,33.281341552734375,0.35288259454071524,11.487514052391052,32.96410129547119,0.0235357666015625,0.1650811767578125
237,0.000627897785388086,0.0007017601447296328,32.06225723266601,0.877660790681839,0.009698207005858422,20.136563453674317,0.32226710945367815,128.97307266597636,7.327600207994692,136.30110591603443,32277.821117834133,3.8767782271492868,6.823516373812001,14.695789813995361,11.694067363739014,0.0007127735880203545,33.281341552734375,0.3503853635489941,11.545418906211854,33.06100006103516,0.023876953125,0.22397308349609374
238,0.00065289040413154,0.0007048231286171359,32.04491321563721,0.8776167249679565,0.009698207005858422,20.136563453674317,0.32226710945367815,128.44245441700332,7.375080000027083,135.81785929203033,32413.805025417187,3.8927938762108365,6.779587475636385,14.098718194961547,11.586489810943604,0.0007354876725003123,33.281341552734375,0.3310447108000517,10.633475048542023,32.93586856842041,0.024559326171875,0.21265045166015625
239,0.0006399072586027614,0.0007011824610526674,32.0543786239624,0.8782034766674042,0.009698207005858422,20.136563453674317,0.32226710945367815,129.66130870894995,7.3942430830793455,137.056489749928,32551.03163708415,3.8562004732062927,6.762017347579194,12.41268270969391,10.754073467254639,0.0007973731844685972,33.281341552734375,0.30445107743144034,8.71462278366089,32.53671009063721,0.02690765380859375,0.13342620849609374
240,0.0006686915444161058,0.0006991521385498345,32.07123924255371,0.8786890625953674,0.009698207005858422,20.136563453674317,0.32226710945367815,128.58741470903624,7.364700707956217,135.95265041699167,32687.189144417123,3.8884054176793668,6.789142150200905,12.804793014526368,10.853120651245117,0.0008224036428146064,33.281341552734375,0.3004069110006094,9.229214360713959,32.719157218933105,0.02811767578125,0.12939422607421874
241,0.0006492670840580104,0.000697179982525995,32.08710029602051,0.8789323472976684,0.009698207005858422,20.136563453674317,0.32226710945367815,128.47567433398217,7.305718499934301,135.7817307090154,32823.147423084185,3.8917873176537094,6.8439538151448955,13.966678323745727,11.246567153930664,0.0006324207060970366,33.281341552734375,0.3166501413285732,10.850779886245727,32.93412658691406,0.0277740478515625,0.16114593505859376
242,0.0006511018535120456,0.0006985131007968448,32.08389427185059,0.8774838924407959,0.009698207005858422,20.136563453674317,0.32226710945367815,127.90317341592163,7.289504999993369,135.1930108749075,32958.511876751145,3.9092071498028917,6.859176308960002,13.947981586456299,11.021214618682862,0.0005066769081167877,33.281341552734375,0.3521439827978611,10.926358795166015,32.99386161804199,0.02371063232421875,0.13131591796875
243,0.0006830041544108098,0.0006983013852732256,32.082855224609375,0.8785369849205017,0.009698207005858422,20.136563453674317,0.32226710945367815,129.10260766698048,7.328497083042748,136.43149004201405,33095.10208662617,3.8728884647299107,6.822681299238547,13.65101975440979,11.089165925979614,0.0008212869870476425,33.281341552734375,0.3098367120325565,10.385498867034912,32.86563701629639,0.0272760009765625,0.13835662841796875
244,0.0006523336714681136,0.0006985979438468348,32.078515968322755,0.8789636135101319,0.009698207005858422,20.136563453674317,0.32226710945367815,128.5150254999753,7.175184749998152,135.69078633305617,33230.95202700113,3.8905956564596105,6.96846168316612,14.810710792541505,11.83817255973816,0.0008825130062177777,33.281341552734375,0.3099491698294878,11.72900658607483,33.10449432373047,0.02787872314453125,0.21755279541015626
245,0.0006917386228542455,0.00070224704220891,32.05879489898682,0.8773166441917419,0.009698207005858422,20.136563453674317,0.32226710945367815,125.47550966695417,7.201842833077535,132.67769120889716,33363.800595417095,3.984841355314155,6.942667475379173,13.58858078956604,10.894791889190675,0.0010026086820289493,33.281341552734375,0.3627079228311777,10.430894060134888,32.848719635009765,0.0229144287109375,0.11293670654296875
246,0.000646130168390755,0.0007154405498295091,31.998110084533693,0.8743650639057159,0.009698207005858422,20.136563453674317,0.32226710945367815,128.18956791702658,7.301630083005875,135.4920665830141,33499.46212775115,3.900473401420899,6.847785964448148,13.796616287231446,10.781861562728881,0.0009446165640838444,33.281341552734375,0.39936836294829847,10.836886205673217,32.88875160217285,0.0167437744140625,0.1263702392578125
247,0.0006441762732463303,0.0007010353381338064,32.06347206115723,0.8785803520679474,0.009698207005858422,20.136563453674317,0.32226710945367815,131.08154179202393,7.436380458064377,138.5182705000043,33638.17754108418,3.8144195831424383,6.723701171821775,15.088191499710083,11.638427362442016,0.0007946750265546143,33.281341552734375,0.3231676150113344,12.41294650554657,33.05126407623291,0.02796417236328125,0.1910137939453125
248,0.0006267831691365018,0.0007088975490478333,32.002777862548825,0.8783936297893524,0.009698207005858422,20.136563453674317,0.32226710945367815,130.51448095799424,7.497138375067152,138.01195974997245,33776.359968876175,3.830992517687932,6.669211304180063,12.12107822418213,10.85350121974945,0.0005086748278699815,33.281341552734375,0.2607491770014167,8.167952241897583,32.55770278930664,0.03423248291015625,0.112735595703125
249,0.0006659972376000951,0.0007002225393080153,32.074942359924314,0.8777970838546753,0.009698207005858422,20.136563453674317,0.32226710945367815,130.9286350409966,7.45747491705697,138.38644270796794,33914.90895829216,3.818874303878897,6.704682289395092,14.719229030609132,11.411745052337647,0.0008930970216169953,33.281341552734375,0.34121436841785907,11.96496771812439,33.049064025878906,0.0230596923828125,0.15302032470703125
250,0.0006684619746934004,0.0006964810198405758,32.091551322937015,0.8793283784389496,0.009698207005858422,20.136563453674317,0.32226710945367815,131.19862091599498,7.395936041022651,138.5948985409923,34053.67148279218,3.811015668527068,6.760469496040477,14.44047833442688,11.48826250076294,0.0007470339187420905,33.281341552734375,0.3013747850432992,11.384126369953156,33.069225540161135,0.03033355712890625,0.1596038818359375
251,0.0006676262957810195,0.0006984920038667042,32.08100120544434,0.8784580755233765,0.009698207005858422,20.136563453674317,0.32226710945367815,130.7944754579803,7.52163658302743,138.31645212497097,34192.20575829217,3.8227914309777753,6.647489472281203,15.057755699157715,11.774616746902465,0.0007442213827744126,33.281341552734375,0.32044037587940694,12.129627120494842,33.176819496154785,0.02708953857421875,0.2090802001953125
252,0.0006692586026993012,0.0007021744552184828,32.06108383178711,0.8768260264396668,0.009698207005858422,20.136563453674317,0.32226710945367815,131.30166649993043,7.463041917071678,138.76562700001523,34331.131252959196,3.8080247823835878,6.69968098204369,14.429690132141113,11.25575963973999,0.001103899790905416,33.281341552734375,0.3580319891124964,11.592127463817597,33.08156623840332,0.02304046630859375,0.1346771240234375
253,0.0006699132984919061,0.0006981291377451271,32.08353248596191,0.8783686852455139,0.009698207005858422,20.136563453674317,0.32226710945367815,131.21795691701118,7.475352792069316,138.69364687497728,34470.02350516716,3.8104540853065187,6.688647531531294,14.488718852996826,11.512115669250488,0.0007622973644174635,33.281341552734375,0.32663889825344083,11.393023228645324,33.01380466461182,0.0262774658203125,0.173931884765625
254,0.0006414808155318497,0.0006986092716397252,32.07903263092041,0.8786050486564636,0.009698207005858422,20.136563453674317,0.32226710945367815,130.58827683294658,7.457610875018872,138.04622937494423,34608.24260933412,3.8288276109165507,6.704560057898364,14.390854892730713,11.495572547912598,0.0012582674389705062,33.281341552734375,0.33480424821376803,11.236313252449035,32.98318630218506,0.0246185302734375,0.16942596435546875
255,0.000626064251763637,0.0006968575750943274,32.0893489074707,0.8792149913311005,0.009698207005858422,20.136563453674317,0.32226710945367815,130.761740499991,7.486107167089358,138.24818583310116,34746.66227358411,3.8237484304519063,6.67903876928338,13.74063934326172,11.310030117034913,0.00047662825090810657,33.281341552734375,0.29345106191933157,10.372893719673156,32.97505996704101,0.029324951171875,0.137479248046875
256,0.0006424733061107873,0.0006999289095983841,32.07356491088867,0.8786821627616882,0.009698207005858422,20.136563453674317,0.32226710945367815,130.65114458405878,7.483198957983404,138.1353494169889,34884.969681667106,3.8269852253633205,6.681634456165008,14.477677412033081,11.57397897720337,0.0006769787869416177,33.281341552734375,0.3114524361491203,11.368558158874512,33.07382266998291,0.0272491455078125,0.16320037841796875
257,0.0006453080009441691,0.0007009056548122317,32.06123241424561,0.8782242035865784,0.009698207005858422,20.136563453674317,0.32226710945367815,131.69051887490787,7.5155701249605045,139.20642991701607,35024.386374042195,3.7967805448086005,6.6528552283666915,12.676157703399658,10.874164075851441,0.0006768582388758659,33.281341552734375,0.30351638928055763,8.902065470218659,32.67873352050781,0.02501617431640625,0.10526580810546875
258,0.0006529211417564511,0.0007024640483723487,32.05904792785645,0.8773661851882935,0.009698207005858422,20.136563453674317,0.32226710945367815,131.39924650010653,7.57274504203815,138.97232312499546,35163.53319604212,3.805196858564898,6.602625563443353,14.538128385543823,11.303684873580933,0.0007816341822035611,33.281341552734375,0.3601726071536541,11.716443054676056,33.013712043762204,0.02249908447265625,0.14401611328125
259,0.000654349580485814,0.0006969260644109454,32.089967002868654,0.87911456823349,0.009698207005858422,20.136563453674317,0.32226710945367815,130.9269994170172,7.478127709007822,138.40598391694948,35302.11903816712,3.818922011703971,6.686165567856271,13.80066502571106,11.273277893066407,0.00034290505573153496,33.281341552734375,0.2969704287499189,10.485799098014832,33.00589336395264,0.0280731201171875,0.1258056640625
260,0.0006373015587396366,0.0007029042142676189,32.05893196105957,0.877323842048645,0.009698207005858422,20.136563453674317,0.32226710945367815,130.95468399999663,7.4503155830316246,138.40535441599786,35440.72053670912,3.8181146693463277,6.711125111784109,13.744619836807251,11.036133279800415,0.0003696510393638164,33.281341552734375,0.3364767250418663,10.576687850952148,32.95791946411133,0.02313720703125,0.114078369140625
261,0.0006400543459953951,0.0006991538740112447,32.079502182006834,0.8783966970443725,0.009698207005858422,20.136563453674317,0.32226710945367815,130.92701362492517,7.443014999968,138.37037312495522,35579.25548595918,3.8189215972830586,6.717707810640576,13.213612422943115,10.917343759536744,0.0002666852087713778,33.281341552734375,0.3318126396089792,9.801163191795348,32.90905704498291,0.0235162353515625,0.10102874755859376
262,0.0006762998841236367,0.0007036352691648062,32.05369125366211,0.8766362917423248,0.009698207005858422,20.136563453674317,0.32226710945367815,132.02929212502204,7.46059537504334,139.49021891597658,35718.907011876174,3.7870384060420226,6.701877998538359,14.51981698989868,11.33445068359375,0.00026416752371005714,33.281341552734375,0.344875056296587,11.660234060287475,33.092231101989746,0.02245269775390625,0.12982269287109374
263,0.000708382345831069,0.0007012861591647379,32.06834701538086,0.8782652509212494,0.009698207005858422,20.136563453674317,0.32226710945367815,132.04238512495067,7.495509332977235,139.53822929097805,35858.60660550109,3.7866628925769095,6.670660762173966,14.321124677658082,11.411611804962158,0.0003720683162100613,33.281341552734375,0.33009002946317195,11.197943487167358,33.05731315612793,0.02426788330078125,0.148587646484375
264,0.0006489915018607917,0.0007016560208285228,32.061331329345705,0.8790027236938477,0.009698207005858422,20.136563453674317,0.32226710945367815,131.3965615419438,7.481599957915023,138.87849274999462,35997.64879275119,3.805274613981373,6.6830624841286,14.230040583610535,11.575428218841553,0.0003741974360309541,33.281341552734375,0.29700625501573086,10.863956682682037,33.02968643188476,0.02734039306640625,0.15453948974609374
265,0.0006478173868754311,0.0006994961442251224,32.07642021179199,0.877664885520935,0.009698207005858422,20.136563453674317,0.32226710945367815,131.4235130829038,7.476060084067285,138.90015875000972,36136.71342995908,3.804494251227274,6.688014734734173,15.122162408828736,11.719511642456055,0.0004952048766426742,33.281341552734375,0.3284008015692234,12.376071872711181,33.14551193237305,0.0252166748046875,0.18169036865234375
266,0.0006749471588200322,0.0007017187986639328,32.06245346069336,0.8785330319404602,0.009698207005858422,20.136563453674317,0.32226710945367815,131.32231504202355,7.467199083068408,138.78987004200462,36275.68769295915,3.807426025348384,6.695951111491471,13.138187112808227,11.0306108379364,0.00040603525121696293,33.281341552734375,0.30043882250785825,9.668643288612365,32.89924621582031,0.025955810546875,0.09921051025390625
267,0.0006667095550701561,0.0006984034323249944,32.077783203125,0.8792976105213165,0.009698207005858422,20.136563453674317,0.32226710945367815,131.72427862498444,7.481949541950598,139.2065700420644,36415.06189200113,3.7958074640399957,6.682750227016987,12.830750093460082,10.898320083618165,0.0003980706096626818,33.281341552734375,0.2776061914116144,9.277855281829835,32.7738362121582,0.03054901123046875,0.0965533447265625
268,0.0006537308273959752,0.0007020971253223252,32.061557655334475,0.8771044552326203,0.009698207005858422,20.136563453674317,0.32226710945367815,130.91186483297497,7.5098399160197005,138.42205758299679,36553.65029750118,3.819363513291399,6.657931535044034,14.591415729522705,11.214528350830077,0.00027134150150232017,33.281341552734375,0.3431574226170778,11.829124879837035,33.09251430511475,0.024486083984375,0.12481658935546874
269,0.000650865504024523,0.0006972596239938866,32.09182800292969,0.8783937108516693,0.009698207005858422,20.136563453674317,0.32226710945367815,130.84433075005654,7.501861791010015,138.34672462497838,36692.16234212619,3.8213348422035773,6.665012152039159,13.920282468795776,11.14146728515625,0.0003601333883125335,33.281341552734375,0.30064514465630054,10.872553043365478,33.023651580810544,0.02677825927734375,0.1109033203125
270,0.0006716469386992685,0.000700811980641447,32.06887691497803,0.8781577003002167,0.009698207005858422,20.136563453674317,0.32226710945367815,131.76596379093826,7.5599517920054495,139.3262608749792,36831.73597595916,3.794606631446244,6.613798788092055,13.640537824630737,10.958884725570678,0.0002298888866789639,33.281341552734375,0.3180053685605526,10.519835000038148,32.94838230133057,0.02544891357421875,0.08381317138671875
271,0.0006554366842131003,0.0006999642550363206,32.07567039489746,0.8784074056148529,0.009698207005858422,20.136563453674317,0.32226710945367815,131.57991645799484,7.5127360000042245,139.09299245802686,36971.01411391719,3.7999720128992363,6.655364969562605,14.086885719299316,11.324588193893433,0.00029350287513807416,33.281341552734375,0.30150653049349785,10.967858810424804,33.00280990600586,0.02669219970703125,0.11530059814453125
272,0.0006660879728631244,0.0007045698707224802,32.0506245803833,0.8763137173652649,0.009698207005858422,20.136563453674317,0.32226710945367815,131.82791224995162,7.521549166995101,139.3498071669601,37110.53788183414,3.7928234731653614,6.64756672992344,14.395806703567505,11.239845514297485,0.0001895532477647066,33.281341552734375,0.32487181536853316,11.593467123508454,33.142668914794925,0.0250042724609375,0.1132281494140625
273,0.0006345798224472219,0.0006995880213798955,32.07870109558105,0.8779961478710174,0.009698207005858422,20.136563453674317,0.32226710945367815,131.03586495795753,7.4355060829548165,138.4717271659756,37249.183744542126,3.8157492237749073,6.7244918425418545,14.206651792526245,11.43987135887146,0.0004857611784245819,33.281341552734375,0.28650282256305215,11.138709602355958,33.1350411605835,0.02820404052734375,0.1214166259765625
274,0.0006562998555164085,0.0006993868033168837,32.07807777404785,0.8781371486186981,0.009698207005858422,20.136563453674317,0.32226710945367815,129.8915410420159,7.484485207940452,137.37709420803003,37386.73038920917,3.8493653704382913,6.68048618052634,14.18851502418518,11.357776260375976,0.00031317543471232057,33.281341552734375,0.29608308292925356,11.089274287223816,33.09292495727539,0.0282000732421875,0.1266552734375
275,0.000648003091946066,0.0006973830310744233,32.08917453765869,0.879324518442154,0.009698207005858422,20.136563453674317,0.32226710945367815,130.82019870902877,7.471961917006411,138.29251095908694,37525.223615376104,3.8220397532960764,6.691682928174258,14.251288118362426,11.41484468460083,0.00017766564269550145,33.281341552734375,0.27810153339058163,11.191038029193878,33.05190452575684,0.0327264404296875,0.125966796875
276,0.0006362282988327479,0.0006991426387685351,32.079544639587404,0.8784714257717132,0.009698207005858422,20.136563453674317,0.32226710945367815,130.62845387496054,7.561635166988708,138.1904171250062,37663.58664729219,3.827649988712316,6.612326420915074,12.983022165298461,10.909188661575318,0.00017090988694690168,33.281341552734375,0.29166474282741545,9.430926628112793,32.870174674987794,0.02774261474609375,0.089671630859375
277,0.0006364192979813197,0.0006999913360050413,32.06800479888916,0.8793154823780059,0.009698207005858422,20.136563453674317,0.32226710945367815,130.5706387909595,7.5068356660194695,138.077809624956,37801.83667320915,3.8293448253744717,6.660596051986404,13.139372010231018,11.167120389938354,0.0001885285892058164,33.281341552734375,0.24627069029957055,9.556589872837067,32.97528060913086,0.0325177001953125,0.09945526123046874
278,0.0006635469845288639,0.0007040270543075167,32.05094882965088,0.8778272366523743,0.009698207005858422,20.136563453674317,0.32226710945367815,130.9851206659805,7.449716791976243,138.4351688750321,37940.44158912619,3.8172274641409722,6.711664536543559,13.4898228931427,11.193063879013062,0.00033593314583413303,33.281341552734375,0.30945637375116347,10.002968301773072,32.97555500030518,0.02429962158203125,0.10770477294921875
279,0.0006548390851694421,0.0007000825472641736,32.07290367126465,0.8786485648155212,0.009698207005858422,20.136563453674317,0.32226710945367815,130.89871866698377,7.494302624952979,138.39355404197704,38078.99789125117,3.8197470921929937,6.671734850087363,13.959117574691772,11.421920204162598,0.00022253382485359907,33.281341552734375,0.2777677031606436,10.725099563598633,33.08505348205566,0.02852447509765625,0.1177178955078125
280,0.0006008286227411191,0.0007014567175065167,32.05923999786377,0.8799330174922944,0.009698207005858422,20.136563453674317,0.32226710945367815,129.88213920907583,7.454543875064701,137.3370412091026,38216.507835209195,3.8496440160654615,6.707318494327868,12.593695807456971,10.955182514190675,0.0002550192002672702,33.281341552734375,0.24167177494615316,8.86502276659012,32.77874683380127,0.035748291015625,0.092822265625
281,0.0006415295468193562,0.0006987097082310356,32.08405185699463,0.879060595035553,0.009698207005858422,20.136563453674317,0.32226710945367815,131.1552085840376,7.464872374897823,138.62043066706974,38355.31468225113,3.812277113490505,6.698038156437254,14.112010049819947,11.433088083267211,0.0003431996738072485,33.281341552734375,0.279931008964777,10.89844108581543,33.09780487060547,0.03038421630859375,0.1288458251953125
282,0.0006481911235432562,0.0006994147338264156,32.08276870727539,0.878444094657898,0.009698207005858422,20.136563453674317,0.32226710945367815,131.41697120899335,7.47505741706118,138.8923609169433,38494.38962495915,3.8046836371296857,6.688911831751188,14.033241605758667,11.476238870620728,0.0005300484481267631,33.281341552734375,0.26760276533663274,10.74608967781067,33.14144989013672,0.0287841796875,0.12377593994140625
283,0.000663836404164158,0.0006996633713424672,32.07571739196777,0.8787659013271332,0.009698207005858422,20.136563453674317,0.32226710945367815,131.0162305420963,7.473668708000332,138.49027370801196,38633.05372762616,3.816321061376796,6.69015472233557,13.878381338119507,11.328905658721924,0.00025221440591849387,33.281341552734375,0.2729529408365488,10.628804652690887,33.07721832275391,0.02929534912109375,0.11613739013671875
284,0.0006572965500163264,0.0006971385993529111,32.087034950256346,0.8794862294197082,0.009698207005858422,20.136563453674317,0.32226710945367815,131.7644407079788,7.481251167017035,139.24626291694585,38772.474950459145,3.7946504938166012,6.683374061873165,13.536496515274047,11.236637449264526,0.00031650500022806227,33.281341552734375,0.2687267936766148,10.092319283485413,33.03475490570068,0.0303778076171875,0.106531982421875
285,0.0006761268460293195,0.000698922814335674,32.08124546051025,0.8780706357955933,0.009698207005858422,20.136563453674317,0.32226710945367815,131.9662503330037,7.458415332948789,139.42502904194407,38912.06314912619,3.7888475177426026,6.703836910116374,14.68833797454834,11.494759893417358,0.00033648143289610744,33.281341552734375,0.30978946886956693,11.82114712715149,33.1315894317627,0.0266192626953125,0.13680633544921875
286,0.000631011505764036,0.0007068179670022801,32.03542476654053,0.8768027412891388,0.009698207005858422,20.136563453674317,0.32226710945367815,131.79987945896573,7.467926499899477,139.26814479194582,39051.563291542174,3.793630176692755,6.69529888927978,14.199027280807496,11.328309812545776,0.0002783368981909007,33.281341552734375,0.3060104774683714,11.13734067440033,33.11845527648926,0.02446502685546875,0.11436767578125
287,0.0006552511956515446,0.0007068137319583912,32.03768337249756,0.8763306546211242,0.009698207005858422,20.136563453674317,0.32226710945367815,130.839145542006,7.490004874998704,138.32951820804738,39190.063685126195,3.82148628324292,6.6755630783229165,15.064459590911865,11.53121485710144,0.0005250346730463207,33.281341552734375,0.33526949673891066,12.401583380699158,33.13199970245361,0.02282196044921875,0.1516796875
288,0.0006808090878619168,0.0007052280884818174,32.04546829223633,0.8772440791130066,0.009698207005858422,20.136563453674317,0.32226710945367815,131.34062791697215,7.489622291061096,138.83060275006574,39329.0843736261,3.8068951544534895,6.675904078590888,14.75153697013855,11.630742292404175,0.00016586133278906345,33.281341552734375,0.2833017975836992,11.952227387428284,33.20697177886963,0.027166748046875,0.1359228515625
289,0.0006484463282681645,0.0007067863486008718,32.04322460174561,0.876482388973236,0.009698207005858422,20.136563453674317,0.32226710945367815,130.53711387503427,7.4357314590597525,137.97373304201756,39467.238107292156,3.8303282886938943,6.724288024022117,14.842848272323609,11.598761444091798,0.0004115189949516207,33.281341552734375,0.3121689608693123,12.068066277503966,33.191128997802736,0.0229681396484375,0.1365045166015625
290,0.0006547341450531121,0.0007010643425746821,32.06713760375977,0.8786879682540893,0.009698207005858422,20.136563453674317,0.32226710945367815,130.61751312506385,7.548222666955553,138.16608379106037,39605.57808862609,3.8279705993273603,6.624075919075484,13.373578357696534,11.1839439868927,0.00018435574020259082,33.281341552734375,0.2790367144718766,9.864588985443115,33.0507466506958,0.02753326416015625,0.1088836669921875
291,0.000651908832050367,0.0006982525213970803,32.08624847412109,0.8789097225666046,0.009698207005858422,20.136563453674317,0.32226710945367815,130.30925237503834,7.542506291065365,137.85209229204338,39743.60303950118,3.8370260813174504,6.629096227500473,13.903502101898193,11.370094041824341,0.00014811151777394116,33.281341552734375,0.25184618106111883,10.613462200164795,33.122141456604005,0.03292938232421875,0.121947021484375
292,0.0006686007168273136,0.0007006819217349403,32.0691605758667,0.8784497988224029,0.009698207005858422,20.136563453674317,0.32226710945367815,131.36102004209533,7.468677666969597,138.830063084024,39882.60785825114,3.8063041824718806,6.6946255052786885,13.966540365219116,11.448341169357299,0.00032753354753367603,33.281341552734375,0.26073396861553194,10.697484622001648,33.09758731842041,0.03167633056640625,0.12736541748046876
293,0.0006439318936327254,0.0006992943849763833,32.072588996887205,0.8789796042442322,0.009698207005858422,20.136563453674317,0.32226710945367815,131.46720183291472,7.487047916976735,138.95478666690178,40021.75006645912,3.8032299541558947,6.6781995459954215,12.73362476348877,10.94095175743103,0.00019513085135258734,33.281341552734375,0.2641226318106055,9.010200324058532,32.98189109802246,0.02955902099609375,0.08229766845703125
294,0.000677515485305321,0.0006980704833404162,32.082832412719725,0.8793749022483826,0.009698207005858422,20.136563453674317,0.32226710945367815,131.01991475000978,7.499663957976736,138.51991362508852,40160.4431323341,3.8162137485283525,6.666965384071559,12.849513187408448,10.91811058998108,0.0002930722839664668,33.281341552734375,0.25330752663314343,9.304491276741027,32.965242614746096,0.0312371826171875,0.082491455078125
295,0.0006368964723735644,0.00069999044018914,32.07441360473633,0.8781010866165161,0.009698207005858422,20.136563453674317,0.32226710945367815,129.67617291701026,7.452485666028224,137.12902824999765,40297.75188487611,3.855758453945031,6.70917090494014,13.975479021072388,11.305347299575805,0.00043983376235701144,33.281341552734375,0.2898780382424593,10.823306093215942,33.10914005279541,0.026695556640625,0.10511260986328125
296,0.0006309990256384026,0.0006997610007238109,32.0775651550293,0.8786275911331177,0.009698207005858422,20.136563453674317,0.32226710945367815,130.90477991697844,7.5037364170420915,138.40884925005957,40436.33747004211,3.81957022743636,6.663347060864589,13.16481463432312,11.11457320213318,0.0002207860816270113,33.281341552734375,0.2782399819046259,9.623639709949494,33.068437004089354,0.027200927734375,0.10000274658203125
297,0.0006493906784166938,0.0006981117934628855,32.08080577850342,0.8794266223907471,0.009698207005858422,20.136563453674317,0.32226710945367815,131.5400329589611,7.491064916015603,139.0314289169619,40575.54299725109,3.801124180621074,6.674618436839596,12.50930570602417,11.004931697845459,0.0004262305737938732,33.281341552734375,0.24481361448764802,8.691048147678375,32.95313514709473,0.0312158203125,0.08795654296875
298,0.0006336846702465664,0.0007035522603837307,32.05779022216797,0.8772760558128357,0.009698207005858422,20.136563453674317,0.32226710945367815,131.09969754109625,7.574737166985869,138.67478087509517,40714.38990591717,3.8138913313912366,6.600889099878292,14.766039438247681,11.515546684265138,0.0001618166279513389,33.281341552734375,0.291904833316803,11.903591926097869,33.16665328979492,0.02636138916015625,0.13377410888671876
299,0.0006561150447678302,0.0007013654138427228,32.067829284667965,0.8780301892757416,0.009698207005858422,20.136563453674317,0.32226710945367815,130.69367125001736,7.482758625061251,138.17694966692943,40852.75920550112,3.8257399552538285,6.682027645865794,13.351951456069946,11.164177665710449,0.000290608499199152,33.281341552734375,0.24924152851104736,9.890362277030945,33.051030197143554,0.030687255859375,0.10382537841796875
300,0.0006794430075676701,0.0006993830908322707,32.076562576293945,0.8789515686035156,0.009698207005858422,20.136563453674317,0.32226710945367815,131.1519572500838,7.455008209100924,138.60731379210483,40991.5390465011,3.8123716220764257,6.706900730030183,12.968651151657104,11.139493579864501,0.00015752227045595646,33.281341552734375,0.23619899060577154,9.317486743927002,33.013386993408204,0.03207916259765625,0.09658843994140626
