epoch,train_mse,val_mse,val_psnr,val_ssim,noisy_mse,noisy_psnr,noisy_ssim,train_phase_time_sec,validation_time_sec,epoch_time_sec,total_time_sec,train_images_per_sec,validation_images_per_sec,val_lambda_mean,val_lambda_std,val_lambda_min,val_lambda_max,val_lambda_p01,val_lambda_median,val_lambda_p99,val_lambda_lower_saturation_fraction,val_lambda_upper_saturation_fraction,continuation_epoch,continuation_seed
1,0.0012288227006865783,0.0011328451678855344,29.971993103027344,0.7950224447250366,0.009698207005858422,20.136563453674317,0.32226710945367815,77.19670479200431,4.723591541987844,81.92078120799852,81.92095112500829,6.4769604006696895,10.585165875489382,2.967646737098694,0.06660911753773689,2.2729578018188477,3.1143481731414795,2.509537949562073,2.974847273826599,3.0309288120269775,0.0,0.0,,
2,0.0011615043711244652,0.0011294183391146362,29.997848892211913,0.7972052264213562,0.009698207005858422,20.136563453674317,0.32226710945367815,74.96221966602025,4.631137042015325,79.59370237501571,161.63845441598096,6.670026611106953,10.796484652987417,3.0497144174575808,0.14520260617136954,2.2777318954467773,3.5274739265441895,2.572532181739807,3.0552445793151857,3.3467976665496826,0.0,0.0,,
3,0.0011649016161391047,0.0011188471753848716,30.030926361083985,0.797157461643219,0.009698207005858422,20.136563453674317,0.32226710945367815,74.74703825000324,4.612830000027316,79.36020674998872,241.0992442079878,6.6892282517960275,10.839332904031563,3.004329357147217,0.3118335098028183,2.185717821121216,4.319924354553223,2.406782908439636,2.9859395742416384,3.788639659881592,0.0,0.0,,
4,0.0011386496887498651,0.0011289444711292161,30.015153465270995,0.7978682065010071,0.009698207005858422,20.136563453674317,0.32226710945367815,74.8820734580222,4.6309994170151185,79.51339974999428,320.7124219579855,6.6771655338883305,10.796805505155339,3.256972322463989,0.6909331932663918,2.0399162769317627,6.640951156616211,2.1928853607177734,3.1653299808502195,5.121540246009826,0.0,0.0,,
5,0.0010873096806535614,0.0011198490136303007,29.843247108459472,0.7664534151554108,0.009698207005858422,20.136563453674317,0.32226710945367815,74.19736325001577,4.578421292011626,78.77611525001703,399.5385007910081,6.738783941892891,10.920794922747584,1.9145794653892516,0.34323221176862717,1.0943183898925781,4.398334980010986,1.4009319686889647,1.8531405591964722,2.984232783317566,0.0,0.0,,
6,0.0010407739208676504,0.0010594588046660648,30.232990112304687,0.7971869659423828,0.009698207005858422,20.136563453674317,0.32226710945367815,72.77272666699719,4.702169875003165,77.47523424998508,477.0633952909848,6.870705866058371,10.633388696950544,3.0440249395370484,0.8918413650989533,0.7185996174812317,8.298670768737793,1.3864164459705353,3.0225504660606384,5.367432889938354,0.0,0.0,,
7,0.0009568792709469563,0.0008557619556086137,31.216427154541016,0.8465685904026031,0.009698207005858422,20.136563453674317,0.32226710945367815,74.97255212502205,4.684236000000965,79.65711620901129,556.8151937079965,6.6691073710044515,10.67409925545803,7.580277156829834,4.416533341407776,0.03673219680786133,31.75797462463379,0.6593434262275696,7.737744479179383,22.343816413879395,0.0049310302734375,0.0,,
8,0.0008284928468128783,0.0008499349089106545,31.245278701782226,0.8492741632461548,0.009698207005858422,20.136563453674317,0.32226710945367815,75.0967684169882,4.678124083002331,79.77521745799459,636.6871690409898,6.658076113524098,10.688044847222384,8.950652570724488,5.668747773170471,0.027492543682456017,32.421058654785156,0.5865289157629013,8.8084095454216,23.981841297149657,0.006876220703125,0.0,,
9,0.0007933770805830136,0.0008409428759478032,31.259447784423827,0.8514761674404144,0.009698207005858422,20.136563453674317,0.32226710945367815,74.95983020900167,4.699681291996967,79.65984012500849,716.4454302910017,6.6702392282094145,10.639019306510086,8.031690015792847,5.832929449081421,0.01444573886692524,32.326271057128906,0.444066661298275,6.976130409240723,22.421078243255614,0.0141552734375,0.0,,
10,0.0008032163043826586,0.0008364978339523077,31.330342025756835,0.8518090093135834,0.009698207005858422,20.136563453674317,0.32226710945367815,74.62784233299317,4.678536916006124,79.30671395800891,795.8509345409984,6.69991231649141,10.68710173664355,11.908945217132569,7.486761312484742,0.03613809123635292,33.050960540771484,0.6410940283536911,11.765062794685363,27.125609397888184,0.00535430908203125,3.0517578125e-06,,
11,0.0008488714724990132,0.0009299115551402792,30.903020057678223,0.8342044997215271,0.009698207005858422,20.136563453674317,0.32226710945367815,75.02149116600049,4.6783574580040295,79.70018487499328,875.6474492909911,6.664756888044882,10.687511685208415,17.423457622528076,8.53551486968994,0.08372578769922256,33.212982177734375,1.0708628332614898,19.56093957901001,30.433027839660646,0.00118377685546875,0.000802001953125,,
12,0.0007772695487747115,0.0008158337575150654,31.36815963745117,0.8527320861816406,0.009698207005858422,20.136563453674317,0.32226710945367815,75.07855954201659,4.828663916996447,79.90756308400887,955.6048674999911,6.659690903102403,10.354831245141053,8.395675082206726,6.560592627525329,0.039090659469366074,33.130653381347656,0.5564239707589149,6.654183599948883,25.175403861999513,0.005543212890625,7.9345703125e-06,,
13,0.0007517417025046598,0.0007973694382235408,31.50332103729248,0.8592850661277771,0.009698207005858422,20.136563453674317,0.32226710945367815,75.16923891697661,4.669224666984519,79.83878854199429,1035.5382220000029,6.651657076802961,10.708415971830078,9.74156904220581,7.320589427947998,0.05756666883826256,33.19951248168945,0.668506174981594,7.944858722686767,27.069681816101074,0.00309295654296875,8.148193359375e-05,,
14,0.0008371682567676543,0.0007885538780828938,31.5588171005249,0.860690747499466,0.009698207005858422,20.136563453674317,0.32226710945367815,74.87248212500708,4.680309333023615,79.55312579200836,1115.1922975830093,6.678020893780443,10.68305456804039,9.392156982421875,6.916386737823486,0.04088405892252922,33.238983154296875,0.7192181476950645,7.698017957210541,27.177625408172606,0.00359954833984375,0.00017547607421875,,
15,0.0007606093569338555,0.0007964914193144068,31.517027893066405,0.8591431188583374,0.009698207005858422,20.136563453674317,0.32226710945367815,74.91506741699413,4.711747541005025,79.62714466699981,1194.9181750410062,6.67422478867819,10.611773989345554,15.800515918731689,10.81538104057312,0.03628343343734741,33.28031921386719,0.8300621919333935,14.41785891532898,32.99330997467041,0.0039788818359375,0.1199310302734375,,
16,0.0007193334288099322,0.0007829889855929651,31.601150398254394,0.8638221549987793,0.009698207005858422,20.136563453674317,0.32226710945367815,74.89086241601035,4.679069082980277,79.57026558299549,1274.5417050409887,6.676381922570954,10.685886254996923,12.672061710357665,9.924180221557616,0.010910297743976116,33.277442932128906,0.6160682889074087,10.146957654953003,32.42479320526123,0.01215850830078125,0.09957366943359375,,
17,0.0007446078147331719,0.0007728677536942996,31.63694087982178,0.8651825439929962,0.009698207005858422,20.136563453674317,0.32226710945367815,76.00408104201779,4.7249037500005215,80.72932275000494,1355.365717290988,6.578594111592271,10.582226145875348,9.335323443412781,7.791183090209961,0.020898720249533653,33.281166076660156,0.6196925835311413,6.802967615127564,29.75641260147095,0.00651092529296875,0.01709320068359375,,
18,0.0007552315574912427,0.0007667934091296047,31.6839794921875,0.8681775736808777,0.009698207005858422,20.136563453674317,0.32226710945367815,76.1745452079922,4.710923166014254,80.88589587499155,1436.3606307499867,6.563872467302112,10.613630967431641,12.931628527641296,10.69188714981079,0.017776036635041237,33.281341552734375,0.6108971290290356,9.908562021255493,32.728769607543946,0.0085247802734375,0.1536614990234375,,
19,0.0007250981671350019,0.0007645868376130238,31.695676155090332,0.8677645719051361,0.009698207005858422,20.136563453674317,0.32226710945367815,75.8534897500067,4.752090333990054,80.60594224999659,1517.0643302079989,6.591654538873155,10.521685508031558,12.47229811668396,10.361962890625,0.030977025628089905,33.281341552734375,0.6480990815162658,9.293097581863403,32.354998435974125,0.005518798828125,0.11893524169921875,,
20,0.0007639564219061867,0.0007822713375207968,31.572200736999513,0.8603975760936737,0.009698207005858422,20.136563453674317,0.32226710945367815,75.97592854200047,4.770183708984405,80.74647541699233,1597.9108537909924,6.5810317767106135,10.481776604500048,8.328830604553223,6.809391677379608,0.026618117466568947,33.28133773803711,0.6800802925229072,6.202136278152466,26.346791648864745,0.0050872802734375,0.0249896240234375,,
21,0.0007284724353567071,0.0007618176739197225,31.708007087707518,0.8667456459999084,0.009698207005858422,20.136563453674317,0.32226710945367815,75.75427320902236,4.672147042001598,80.42679737502476,1678.3893525000021,6.6002877305731955,10.701717979017088,14.495634784698487,11.13702693939209,0.033749260008335114,33.281341552734375,0.7507024431228637,11.92073263168335,33.126710395812985,0.00392608642578125,0.200794677734375,,
22,0.0007057869933196344,0.0007589245602139271,31.728560791015624,0.8678835439682007,0.009698207005858422,20.136563453674317,0.32226710945367815,76.20564825000474,4.654277417022968,80.86026329200831,1759.3587833330093,6.561193448019371,10.74280613723745,12.45258358001709,10.209423122406006,0.01713780127465725,33.281341552734375,0.7065033896267414,9.41907253742218,32.2076448059082,0.00499359130859375,0.134205322265625,,
23,0.0007297784005504582,0.000766597806068603,31.68488941192627,0.8652506494522094,0.009698207005858422,20.136563453674317,0.32226710945367815,75.29531454099924,4.785703375004232,80.0813464160019,1839.5423207909917,6.640519440658472,10.447785013411071,15.09484992980957,11.184140434265137,0.027062486857175827,33.281341552734375,0.8405435083806515,12.596241722106933,33.25165687561035,0.00318389892578125,0.217979736328125,,
24,0.0007458465637328117,0.0007562848532688804,31.743257293701173,0.8683880269527435,0.009698207005858422,20.136563453674317,0.32226710945367815,75.79808429200784,4.704906375001883,80.50331991701387,1920.0952132910024,6.596472782528094,10.627204032297026,13.992820544242859,11.191528606414796,0.03142952546477318,33.281341552734375,0.7555674421787262,10.932276060581207,33.17340602874756,0.00351409912109375,0.19527557373046875,,
25,0.000743606465805442,0.0007590434345183894,31.730451583862305,0.8671564447879792,0.009698207005858422,20.136563453674317,0.32226710945367815,76.01911216700682,4.700657333974959,80.72011612501228,2000.9254444160033,6.57729333777994,10.636810226224066,13.878488669395447,10.765462484359741,0.032825976610183716,33.281341552734375,0.793056579977274,11.192872622013091,32.94879421234131,0.00339569091796875,0.17105712890625,,
26,0.0007286948375895008,0.0008113332337234169,31.435534133911133,0.8625497913360596,0.009698207005858422,20.136563453674317,0.32226710945367815,76.03870879200986,4.723305666004308,80.76234158300213,2081.740568874986,6.5755982438846985,10.585806537965947,10.126788263320924,9.477853598594665,0.008732808753848076,33.281341552734375,0.4517120371758938,6.784056391716003,30.96591505050659,0.020220947265625,0.1027728271484375,,
27,0.0007415909135634138,0.0007579504005843774,31.72978561401367,0.8708888971805573,0.009698207005858422,20.136563453674317,0.32226710945367815,75.88826008301112,4.7377268750278745,80.62631462499849,2162.4157084999897,6.588634387625571,10.553584307180186,13.199546694755554,11.240203351974488,0.018517792224884033,33.281341552734375,0.5374959330260753,9.813234193325043,33.04685962677002,0.01032745361328125,0.17345916748046875,,
28,0.0007391670809647621,0.000750326261331793,31.774408531188964,0.8692015409469604,0.009698207005858422,20.136563453674317,0.32226710945367815,76.0254428749904,4.705586083990056,80.7313623749942,2243.1987084999855,6.576745640563467,10.625668961857135,14.444820275306702,11.17975902557373,0.016564110293984413,33.281341552734375,0.7289983561635017,11.736539750099181,33.11453861236572,0.00535736083984375,0.20792510986328125,,
29,0.0007281813075005629,0.0007469564335769973,31.791848831176758,0.8705005955696106,0.009698207005858422,20.136563453674317,0.32226710945367815,76.22537895801361,4.77622420800617,81.00193487500655,2324.297389124986,6.559495103007746,10.46852028348821,13.45547869682312,11.106115198135376,0.02409813553094864,33.281341552734375,0.6422075057029724,10.037395205497742,33.0058190536499,0.00624359130859375,0.18064208984375,,
30,0.0007308875981179881,0.0007596011547138915,31.723370513916016,0.8653746271133422,0.009698207005858422,20.136563453674317,0.32226710945367815,76.28775770799257,4.723508666997077,81.01160187501227,2405.414302916004,6.5541315542902066,10.58535159453555,15.124212884902954,10.738966817855834,0.026651978492736816,33.281341552734375,0.8316857287287712,12.94644232749939,33.069904289245606,0.0044476318359375,0.19074188232421874,,
31,0.000715755961207833,0.0007580673269694671,31.724237632751464,0.8695717334747315,0.009698207005858422,20.136563453674317,0.32226710945367815,76.05012687499402,4.707778542011511,80.75823204100016,2486.2216281250003,6.574610990746481,10.620720485003169,15.121037168502808,11.499068422317505,0.011244568973779678,33.281341552734375,0.549375898167491,12.637715229988098,33.21644187927246,0.01405487060546875,0.234290771484375,,
32,0.000727719736308245,0.0007473569521971512,31.791040573120117,0.8705728232860566,0.009698207005858422,20.136563453674317,0.32226710945367815,75.75191675001406,4.668252167000901,80.42050166701665,2566.692976833001,6.600493049569035,10.710646771278059,14.48914981842041,11.576449031829833,0.019264964386820793,33.281341552734375,0.5936888554692268,11.34581298828125,33.24659885406494,0.00875,0.24097381591796874,,
33,0.0007558918429058395,0.0007460004926542751,31.794340934753418,0.8693378663063049,0.009698207005858422,20.136563453674317,0.32226710945367815,75.73329837500933,4.731712000007974,80.46535941699403,2647.2098923749872,6.6021157235770325,10.566999851198835,11.803363790512085,9.930483703613282,0.02522285096347332,33.281341552734375,0.6412295751273632,8.459510107040405,31.978238563537598,0.005648193359375,0.1232470703125,,
34,0.0007163517914341355,0.0007498941442463547,31.76861930847168,0.8675675749778747,0.009698207005858422,20.136563453674317,0.32226710945367815,75.9233572910016,4.741384916997049,80.66507141600596,2727.9728006660007,6.585588649400516,10.545442075533375,15.502873392105103,11.56957790374756,0.027798457071185112,33.281341552734375,0.8034057785570622,12.855614066123962,33.263995056152346,0.00419342041015625,0.25773681640625,,
35,0.0007478005848588509,0.0007454520236933604,31.804266052246092,0.8689966106414795,0.009698207005858422,20.136563453674317,0.32226710945367815,75.94707520899829,4.704989416990429,80.65240529199946,2808.674991832988,6.583532000726205,10.62701646457321,14.922727098464966,11.306752157211303,0.0210124384611845,33.281341552734375,0.7084315629303455,12.33641237258911,33.25637641906738,0.00637969970703125,0.23208526611328126,,
36,0.0007112193653165378,0.0007475879121921025,31.778426475524903,0.8685878348350525,0.009698207005858422,20.136563453674317,0.32226710945367815,76.27071954199346,4.731233750004321,81.0022861250036,2889.7756079579995,6.555595686031359,10.568068001280709,10.477673106193542,9.228744549751282,0.017287136986851692,33.281341552734375,0.6460524863004684,6.794074614048004,30.78562484741211,0.0070654296875,0.08469390869140625,,
37,0.0007246194499757621,0.0007417753574554809,31.827652397155763,0.870003035068512,0.009698207005858422,20.136563453674317,0.32226710945367815,76.10122462498839,4.683395875006681,80.78495166701032,2970.6108815830084,6.570196504246811,10.676014015135689,14.15096082687378,11.113810720443725,0.028980344533920288,33.281341552734375,0.6868876579403878,11.081131865978241,33.070828971862795,0.00438079833984375,0.20180389404296875,,
38,0.0007184446260380355,0.0007397946517448872,31.83715175628662,0.870094279050827,0.009698207005858422,20.136563453674317,0.32226710945367815,76.18275333399652,4.772131417004857,80.95522099998198,3051.664736082981,6.5631652587814155,10.47749854956459,14.488503360748291,11.176042604446412,0.025833459571003914,33.281341552734375,0.6908454018831253,11.393279447555543,33.06087688446045,0.00610260009765625,0.21605377197265624,,
39,0.0007226936551578547,0.0007469212741125375,31.78981605529785,0.8711444818973542,0.009698207005858422,20.136563453674317,0.32226710945367815,76.23838208400412,4.770899041992379,81.00962016699486,3132.774290915986,6.558376323477975,10.48020500117719,11.825810408592224,10.307169799804688,0.01956268772482872,33.281341552734375,0.6176351104676724,8.071837961673737,32.03489601135254,0.008931884765625,0.13894012451171875,,
40,0.000710749307505921,0.0007365451185614802,31.854602012634277,0.8722097313404084,0.009698207005858422,20.136563453674317,0.32226710945367815,76.19485937498393,4.675240791984834,80.87042970798211,3213.6995639999805,6.562122485708773,10.69463632455451,13.502133388519287,11.06091781616211,0.027681702747941017,33.281341552734375,0.612212085723877,9.9497940158844,32.82532176971436,0.00715972900390625,0.19437225341796874,,
41,0.0007443045559939492,0.000736718880943954,31.853069763183594,0.8712374603748322,0.009698207005858422,20.136563453674317,0.32226710945367815,76.11494420899544,4.7885694580036215,80.9038295840146,3294.7025525409845,6.569012237952989,10.441531743145113,13.798867740631103,11.090224390029908,0.03333469480276108,33.281341552734375,0.7061051046848297,10.366480560302735,33.02711006164551,0.0059613037109375,0.1991802978515625,,
42,0.0007059528606205277,0.0007599937179475091,31.733403205871582,0.8666453063488007,0.009698207005858422,20.136563453674317,0.32226710945367815,76.45706250000512,4.716462499985937,81.17385479199584,3375.927453790995,6.53961823343614,10.601165598189127,14.910881671905518,11.23540831565857,0.06195826083421707,33.281341552734375,0.9647815769910812,11.736909484863281,33.11417686462402,0.001629638671875,0.236109619140625,,
43,0.000698911470708481,0.000734617665730184,31.86417320251465,0.8717703473567963,0.009698207005858422,20.136563453674317,0.32226710945367815,76.27972600000794,4.768530875007855,81.04858512501232,3457.032056750002,6.55482165732934,10.485409722741418,14.66769706249237,11.500172185897828,0.034056663513183594,33.281341552734375,0.6513044287264347,11.254052648544311,33.1107848739624,0.0056646728515625,0.21134002685546874,,
44,0.0006754844466070153,0.0007358686224324629,31.85897880554199,0.8705958247184753,0.009698207005858422,20.136563453674317,0.32226710945367815,75.81346520900843,4.679172582982574,80.4929623749922,3537.624442625005,6.595134500468503,10.685649890718341,13.285103731155395,10.63641317844391,0.040429532527923584,33.281341552734375,0.7019906547665596,9.860412764549256,32.680739097595215,0.00445098876953125,0.164691162109375,,
45,0.0007247880917357178,0.0007414533544215374,31.81189884185791,0.8692676115036011,0.009698207005858422,20.136563453674317,0.32226710945367815,76.28977937498712,4.73557154199807,81.02570454200031,3618.702071040985,6.5539578708486,10.55838763210905,10.949108366966248,9.481832575798034,0.019372278824448586,33.281341552734375,0.6056590822339057,7.473677694797516,31.379257488250733,0.0088720703125,0.111932373046875,,
46,0.0007046248499073044,0.0007313973037526011,31.881787719726564,0.8725804340839386,0.009698207005858422,20.136563453674317,0.32226710945367815,76.62398274999578,4.918801583000459,81.54312179199769,3700.298935333005,6.525372110079041,10.165077642652157,14.963498945236205,11.886690654754638,0.03188171610236168,33.281341552734375,0.6511460959911346,11.584403479099274,33.2428137588501,0.00634521484375,0.26949249267578124,,
47,0.0007025285732352131,0.0007360900932690129,31.855869216918947,0.8712885665893555,0.009698207005858422,20.136563453674317,0.32226710945367815,75.55965108302189,4.640594416006934,80.2005861250218,3780.598218875006,6.617288365329006,10.774481783526175,13.317789645195008,10.98407964706421,0.041782084852457047,33.281341552734375,0.6775400003790856,9.68961751461029,32.767263660430906,0.00457611083984375,0.1837677001953125,,
48,0.0006931675485802771,0.0007414165817317553,31.82313808441162,0.8730011522769928,0.009698207005858422,20.136563453674317,0.32226710945367815,74.76442862499971,4.70581287497771,79.47058716599713,3860.118188249995,6.6876723221932055,10.625156870530438,13.030710468292236,10.880220890045166,0.016379093751311302,33.281341552734375,0.534910649061203,9.426892051696777,32.68881916046143,0.01203094482421875,0.1777203369140625,,
49,0.0007014715751593031,0.000733423808705993,31.86452854156494,0.8724671292304993,0.009698207005858422,20.136563453674317,0.32226710945367815,75.07138191701961,4.640362540987553,79.7121026670211,3939.882308458007,6.66032764060047,10.775020175332916,12.9165469789505,11.107871794700623,0.03129047900438309,33.281341552734375,0.5618758831918239,9.04905698299408,32.731180572509764,0.0081744384765625,0.192503662109375,,
50,0.0007406933249330905,0.0007566554596996866,31.750203208923338,0.8656796813011169,0.009698207005858422,20.136563453674317,0.32226710945367815,75.48380700001144,4.682691041001817,80.1668539159873,4020.0996330000053,6.623937237292817,10.677620958162334,15.520252838134766,11.15961609840393,0.05661061778664589,33.281341552734375,0.9105632919073104,12.840714406967162,33.06965717315674,0.0020660400390625,0.234473876953125,,
51,0.0007161707183122416,0.0007288065769535024,31.898727684020997,0.8734651613235473,0.009698207005858422,20.136563453674317,0.32226710945367815,75.90051195898559,4.6553412080102134,80.55634912499227,4100.706582499988,6.587570848931629,10.740351300988957,13.828370008468628,11.355960206985474,0.0237690731883049,33.281341552734375,0.5996402126550674,10.16803842306137,33.029625511169435,0.00832275390625,0.21309478759765624,,
52,0.0007168615835562378,0.0007307166561076883,31.885173110961915,0.8714221715927124,0.009698207005858422,20.136563453674317,0.32226710945367815,75.95933112499188,4.69695949999732,80.65665720799007,4181.475619749981,6.582469758419077,10.645184400680597,15.939060134887695,11.98505256652832,0.04058012738823891,33.281341552734375,0.6881648193299771,13.312920207977294,33.27917106628418,0.00569793701171875,0.2980426025390625,,
53,0.000691764688666808,0.0007321218166907783,31.87633083343506,0.870636729001999,0.009698207005858422,20.136563453674317,0.32226710945367815,77.03750000000582,4.708600082987687,81.74646658400889,4263.275458499993,6.49034561090329,10.618867416804306,15.808927183151246,11.826926527023316,0.03771774470806122,33.281341552734375,0.7034158945083618,12.968904089927673,33.27478607177734,0.00594329833984375,0.2765972900390625,,
54,0.000749264351939928,0.0007467564087710343,31.80625701904297,0.8675945448875427,0.009698207005858422,20.136563453674317,0.32226710945367815,76.11945866700262,4.667718332988443,80.78750787500758,4344.121489540994,6.56862264598247,10.711871718272294,13.537641477584838,10.489115314483643,0.058916814625263214,33.281341552734375,0.832623145878315,10.131862726211548,32.77879425048828,0.00259613037109375,0.172310791015625,,
55,0.0006709157496316039,0.0007257336753536947,31.915912094116212,0.8735651183128357,0.009698207005858422,20.136563453674317,0.32226710945367815,74.49746441599564,4.6681460840045474,79.16594599999371,4423.339016540995,6.7116378244498085,10.710890169295586,14.43026225566864,11.685459489822387,0.03989449515938759,33.281341552734375,0.651850759088993,10.728332469463348,33.188518295288084,0.006448974609375,0.2470849609375,,
56,0.0007308459991422751,0.00073088178090984,31.878551254272463,0.870812382698059,0.009698207005858422,20.136563453674317,0.32226710945367815,74.87306370801525,4.669857583998237,79.54324220801936,4502.984986083,6.677969021674672,10.70696463449556,15.743823518753052,11.600144996643067,0.03766300901770592,33.281341552734375,0.7141524589061737,13.070953319072723,33.26103614807129,0.0062091064453125,0.2678720092773437,,
57,0.0006913535767421309,0.0007254085379827302,31.917774314880372,0.873486989736557,0.009698207005858422,20.136563453674317,0.32226710945367815,75.00547570802155,4.72909537499072,79.73489916601102,4582.775901624991,6.666179972598012,10.572846609188574,14.451487278938293,11.640017852783203,0.041422225534915924,33.281341552734375,0.6087918493151665,10.827882661819459,33.12683769226074,0.00689422607421875,0.23251373291015626,,
58,0.0007185359740051354,0.0007319713931065052,31.87798942565918,0.8742307782173157,0.009698207005858422,20.136563453674317,0.32226710945367815,75.05019154201727,4.654104790999554,79.70462800000678,4662.578903540998,6.662208179976092,10.743204600097021,13.920101218223571,11.339771099090576,0.02828262560069561,33.281341552734375,0.508213422447443,10.393991796970367,33.11784839630127,0.01223846435546875,0.1946319580078125,,
59,0.0006930692741225357,0.0007284842636727262,31.900492210388183,0.872639365196228,0.009698207005858422,20.136563453674317,0.32226710945367815,75.13572487499914,4.666017375013325,79.8020968339988,4742.434609832999,6.654624026477867,10.715776642357062,15.259112915992738,11.691433954238892,0.016402827575802803,33.281341552734375,0.6194133265316486,12.307935037612914,33.20602642059326,0.01126373291015625,0.2702777099609375,,
60,0.0006870855972310892,0.0007259078731294722,31.916877937316894,0.8731584775447846,0.009698207005858422,20.136563453674317,0.32226710945367815,74.84943775000283,4.627397208008915,79.47717150000972,4821.966524874995,6.6800768987737795,10.80521030558215,14.674553623199463,11.548643398284913,0.033730652183294296,33.281341552734375,0.5918216918408871,11.3814093542099,33.22562126159668,0.00793548583984375,0.238243408203125,,
61,0.0006977101231275356,0.000725929568434367,31.91498264312744,0.8743229854106903,0.009698207005858422,20.136563453674317,0.32226710945367815,74.86331141699338,4.672770499979379,79.53643283300335,4901.557916124992,6.678838947090763,10.700290117013163,14.094405307769776,11.290000839233398,0.022524697706103325,33.281341552734375,0.562382314056158,10.76819373846054,33.032689056396485,0.01064788818359375,0.22593536376953124,,
62,0.0007282515486590455,0.0007226387222181074,31.934480934143068,0.8736457717418671,0.009698207005858422,20.136563453674317,0.32226710945367815,74.94944399999804,4.659983917023055,79.60975583299296,4981.222414749995,6.671163564602469,10.729650764962635,14.027129077911377,11.249497537612916,0.041833508759737015,33.281341552734375,0.6483233091235161,10.45202756166458,32.84876247406006,0.0061517333984375,0.220655517578125,,
63,0.0006789082481977858,0.0007316192975849844,31.88408660888672,0.870763658285141,0.009698207005858422,20.136563453674317,0.32226710945367815,74.95124295799178,4.645661875023507,79.5972417909943,5060.917146416003,6.671003445269573,10.762729045954728,13.812897357940674,10.797351698875428,0.026597609743475914,33.281341552734375,0.7893507537245751,10.122001886367798,32.4718194770813,0.0043389892578125,0.203660888671875,,
64,0.0006811642085071981,0.0007240862149046734,31.9214359664917,0.8733479332923889,0.009698207005858422,20.136563453674317,0.32226710945367815,74.82122883299598,4.638081416982459,79.45963949998259,5140.431520207989,6.682595405055699,10.780319598729696,13.091951193809509,11.017648186683655,0.027847079560160637,33.281341552734375,0.6800058598816395,8.97973709344864,32.68939449310303,0.00670928955078125,0.19864898681640625,,
65,0.0007171236533176853,0.0007217949570622295,31.935796012878416,0.8740467894077301,0.009698207005858422,20.136563453674317,0.32226710945367815,75.17850979199284,4.6470658339967486,79.82591045901063,5220.312252040982,6.650836806734022,10.759477439336614,13.719430599212647,11.327069702148437,0.03975347429513931,33.281341552734375,0.6033847805857658,9.843662841320038,32.88564601898193,0.00734222412109375,0.2123406982421875,,
66,0.000709125645936183,0.0007228534182650037,31.934984817504883,0.8733369469642639,0.009698207005858422,20.136563453674317,0.32226710945367815,75.02185399999144,4.67603608299396,79.69822024999303,5300.120875249995,6.664724654766024,10.692817401867893,14.31609721660614,11.30535408973694,0.04136238247156143,33.281341552734375,0.6553521543741226,10.970043320655822,32.997911071777345,0.005400390625,0.22082061767578126,,
67,0.0006825213570700726,0.000722723764483817,31.927557830810546,0.873277199268341,0.009698207005858422,20.136563453674317,0.32226710945367815,75.09811329102376,4.643945542018628,79.74238912502187,5379.918435750005,6.657956879187847,10.766706790077048,12.884994678497314,10.987408304214478,0.030399775132536888,33.281341552734375,0.6725299225747585,8.748385210037231,32.774801635742186,0.00646270751953125,0.1866912841796875,,
68,0.0007140303644118831,0.0007264630518329795,31.912462921142577,0.8713676249980926,0.009698207005858422,20.136563453674317,0.32226710945367815,75.05764891699073,4.629484999983106,79.68746849999297,5459.656530832988,6.661546254306074,10.800337402579869,15.207521381378173,11.591076936721802,0.030766427516937256,33.281341552734375,0.7114782720804215,12.02884557723999,33.26227142333985,0.007010498046875,0.26120941162109373,,
69,0.0007285911446451792,0.0007213846541708335,31.942971496582032,0.87373783826828,0.009698207005858422,20.136563453674317,0.32226710945367815,76.28038095802185,4.727196374995401,81.00791112502338,5540.717588750005,6.554765376370589,10.577093912255474,14.480085172653197,11.502829055786133,0.01922621577978134,33.281341552734375,0.5938125725090504,11.090516958236694,33.224688339233396,0.00844451904296875,0.2425335693359375,,
70,0.0007111958522341411,0.0007220728031825275,31.93995780944824,0.8731993007659912,0.009698207005858422,20.136563453674317,0.32226710945367815,76.1651684580138,4.718302584020421,80.8838037920068,5621.701508208003,6.564680550475327,10.59703126487396,14.870161681175231,11.665800161361695,0.043675925582647324,33.281341552734375,0.6904987481236458,11.387801342010498,33.20375347137451,0.00540802001953125,0.265997314453125,,
71,0.0007034839228376768,0.0007221873215166852,31.934829483032228,0.8725477290153504,0.009698207005858422,20.136563453674317,0.32226710945367815,75.66289779200451,4.671207625011448,80.33443208399694,5702.089533582999,6.60825866562087,10.703870179582836,14.96559730052948,11.483917455673218,0.03128572180867195,33.281341552734375,0.6884459021687508,11.633562119007111,33.181039314270016,0.00731475830078125,0.25653564453125,,
72,0.0006833342176391853,0.0007234181102830917,31.928512802124022,0.8718108201026916,0.009698207005858422,20.136563453674317,0.32226710945367815,77.24830912498874,4.714954041992314,81.96435362499324,5784.114128707995,6.472633584652238,10.604557235275275,14.292328033447266,11.002791957855225,0.02876191958785057,33.281341552734375,0.7086725464463234,10.944210619926453,33.082288627624514,0.00740203857421875,0.20922332763671875,,
73,0.0006600910446486523,0.0007198774005519226,31.94736999511719,0.874593893289566,0.009698207005858422,20.136563453674317,0.32226710945367815,77.44270729200798,4.655905999999959,82.09897095902124,5866.272991207981,6.456385855864824,10.739048425805942,13.318190035820008,11.005315594673156,0.02204100787639618,33.281341552734375,0.6254301746189594,9.559719958305358,32.78317615509033,0.007596435546875,0.18705657958984376,,
74,0.0006909407677730997,0.0007190943913883529,31.950397071838378,0.874869909286499,0.009698207005858422,20.136563453674317,0.32226710945367815,76.69714683300117,4.636860540980706,81.33433958300157,5947.709931165999,6.5191473300654845,10.783158035075365,14.085724096298218,11.690909223556519,0.028362184762954712,33.281341552734375,0.5784874434769154,10.214267556667329,33.15404655456543,0.00851104736328125,0.2380303955078125,,
75,0.0006987882937155519,0.0007192878273781389,31.95338062286377,0.873780620098114,0.009698207005858422,20.136563453674317,0.32226710945367815,75.85237070801668,4.749225416016998,80.6019850409939,6028.414426375006,6.5917517848543135,10.528032599036576,15.705730056762695,11.909481229782104,0.03158121556043625,33.281341552734375,0.6316804848611355,12.841360540390015,33.2681314086914,0.00805755615234375,0.29111663818359373,,
76,0.000679762391577242,0.0007210090884473175,31.94117118835449,0.8758720171451568,0.009698207005858422,20.136563453674317,0.32226710945367815,76.51136366598075,4.678156415990088,81.18984837498283,6109.708505457995,6.534976976528717,10.687970977006755,13.1768683719635,11.176985168457032,0.027630843222141266,33.281341552734375,0.5607243786752224,9.24472840309143,32.830425300598144,0.011002197265625,0.187947998046875,,
77,0.0007097898934043769,0.0007168612274108454,31.96328311920166,0.8752863574028015,0.009698207005858422,20.136563453674317,0.32226710945367815,76.31193908301066,4.67267145801452,80.98495083299349,6190.743687749986,6.5520547113356615,10.700516920409736,13.103251099586487,10.899780974388122,0.02716061659157276,33.281341552734375,0.6031765973567963,9.252180457115173,32.571282119750975,0.00847930908203125,0.17955657958984375,,
78,0.0006940241777701886,0.0007170724750903901,31.964597511291505,0.8752828800678253,0.009698207005858422,20.136563453674317,0.32226710945367815,76.05591612498392,4.676043874991592,80.73231016600039,6271.576821750001,6.574110542279733,10.692799583727153,14.63885359287262,11.762670764923095,0.025529511272907257,33.281341552734375,0.5880972802639007,11.109353752136231,33.155878410339355,0.0081591796875,0.25188446044921875,,
79,0.0007086282810842021,0.0007185574405593798,31.95533821105957,0.8743352675437928,0.009698207005858422,20.136563453674317,0.32226710945367815,75.01398666601744,4.691855375014711,79.70617145800497,6351.384859790996,6.665423639275902,10.65676496898484,13.669813752174377,10.995680723190308,0.0209283959120512,33.281341552734375,0.5956421492993832,10.053596794605255,32.725044136047366,0.00955108642578125,0.21195526123046876,,
80,0.0006767259560056118,0.0007265475881285965,31.910808448791503,0.8709243083000183,0.009698207005858422,20.136563453674317,0.32226710945367815,74.87504554199404,4.666357584006619,79.54174058401259,6430.984402083006,6.677792265509509,10.714995389845177,16.281160106658934,12.001726293563843,0.028368961066007614,33.281341552734375,0.6851658555865288,13.584322576522828,33.28055244445801,0.00525421142578125,0.3053851318359375,,
81,0.0006967882501685381,0.0007189295275020413,31.960143165588377,0.8736659383773804,0.009698207005858422,20.136563453674317,0.32226710945367815,75.32796741600032,4.6786535829887725,80.00696045800578,6511.047099957999,6.6376409340602445,10.68683524289898,14.13194405555725,11.472244863510133,0.029247842729091644,33.281341552734375,0.6453278979659081,10.33941695213318,33.14989707946777,0.00544677734375,0.24254364013671875,,
82,0.0006771594493484372,0.0007241397755569779,31.910828628540038,0.8749059116840363,0.009698207005858422,20.136563453674317,0.32226710945367815,75.0187265840068,4.661515124986181,79.68056712500402,6590.781083540991,6.6650024969444726,10.726126304298589,12.781390476226807,11.154161190986633,0.03146567940711975,33.281341552734375,0.5466271011531353,8.693521902561187,32.68684566497803,0.00838623046875,0.1929974365234375,,
83,0.0007226906068822245,0.0007215556196752004,31.938690032958984,0.8716125047206879,0.009698207005858422,20.136563453674317,0.32226710945367815,75.17137645799085,4.6578659169899765,79.82957375000115,6670.662637290981,6.651467933135727,10.734529694730067,15.955636081695557,11.553613891601563,0.025464419275522232,33.281341552734375,0.6694023668766022,13.333413414955139,33.25287696838379,0.006815185546875,0.265771484375,,
84,0.0006668023443066886,0.0007210585466236808,31.94276844024658,0.8733115828037262,0.009698207005858422,20.136563453674317,0.32226710945367815,75.01153312498354,4.651392291998491,79.66325387498364,6750.380826207984,6.665641657622229,10.749469591290328,16.390178956985473,11.927960481643677,0.023214329034090042,33.281341552734375,0.5476987858116626,14.103183636665344,33.280968856811526,0.01023651123046875,0.2918817138671875,,
85,0.0007271416570833935,0.0007146193421795033,31.980668449401854,0.8749739301204681,0.009698207005858422,20.136563453674317,0.32226710945367815,75.45490137499291,4.6542822499759495,80.10951504198601,6830.546192957991,6.626474766895777,10.74279498203152,15.122906904220581,11.828288736343383,0.02945922315120697,33.281341552734375,0.6598590904474259,11.74482313632965,33.25473762512207,0.00664581298828125,0.27479095458984376,,
86,0.0006947298238555959,0.000716069650661666,31.97065425872803,0.8750776863098144,0.009698207005858422,20.136563453674317,0.32226710945367815,75.25601541702054,4.664865208003903,79.9212026669993,6910.571146915987,6.6439871580938865,10.718423313542004,14.169081916809082,10.92938835144043,0.01661607436835766,33.281341552734375,0.5330379936099052,11.10049649477005,32.9048804473877,0.0138531494140625,0.17930938720703124,,
87,0.000686037644775297,0.0007132555180578492,31.9880818939209,0.8755450582504273,0.009698207005858422,20.136563453674317,0.32226710945367815,75.22160949997487,4.6767481669958215,79.89869066697429,6990.525468082982,6.647026078326163,10.691189308172273,14.599435005187988,11.722040939331055,0.02727682702243328,33.281341552734375,0.5860031041502952,10.94056193113327,33.21244445800781,0.00825958251953125,0.25804595947265624,,
88,0.0007014813295727436,0.0007151037499716039,31.97986747741699,0.8739911532402038,0.009698207005858422,20.136563453674317,0.32226710945367815,75.42224504199112,4.673410832998343,80.09616320900386,7070.733262708003,6.629343898761253,10.698824003863846,14.643075819015502,11.461115655899048,0.029338620603084564,33.281341552734375,0.619145171046257,11.229903149604798,33.20973255157471,0.00851959228515625,0.2513653564453125,,
89,0.0006860712265488473,0.0007173308252822608,31.96939723968506,0.8734980916976929,0.009698207005858422,20.136563453674317,0.32226710945367815,75.17844995798077,4.628989874996478,79.8077910830034,7150.594736208004,6.650842100089364,10.80149262586971,14.667721157073975,11.658003969192505,0.025751756504178047,33.281341552734375,0.6437966004014015,11.059255714416503,33.19992389678955,0.00633209228515625,0.2702291870117188,,
90,0.0007119060186810202,0.000717541653139051,31.96062255859375,0.8751824045181275,0.009698207005858422,20.136563453674317,0.32226710945367815,75.3915642920183,4.661707874998683,80.05360775001463,7230.701262540999,6.632041723704292,10.725682805685057,13.992178959846497,11.618440446853638,0.022561252117156982,33.281341552734375,0.5832729488611221,10.197504413127898,33.22808624267578,0.00758819580078125,0.23539886474609376,,
91,0.000670246826292896,0.0007154161283688154,31.97923484802246,0.8745268905162811,0.009698207005858422,20.136563453674317,0.32226710945367815,75.12013254102203,4.814623959013261,79.93509404102224,7310.689468458004,6.65600529561043,10.385027039629344,14.531813163757324,11.561522607803346,0.020452195778489113,33.281341552734375,0.6376669645309448,11.097187871932983,33.220865631103514,0.00646636962890625,0.25581298828125,,
92,0.0007117234448101044,0.0007158716734556947,31.972220611572265,0.8743550169467926,0.009698207005858422,20.136563453674317,0.32226710945367815,75.38525424999534,4.634489790973021,80.0200945409888,7390.766212082992,6.632596851658571,10.788674105483874,14.256207990646363,11.436231422424317,0.029124790802598,33.281341552734375,0.637612207531929,10.686325912475587,33.173979415893555,0.0065313720703125,0.24473388671875,,
93,0.0006560686602956594,0.0007176811550743878,31.956971130371095,0.8758807861804963,0.009698207005858422,20.136563453674317,0.32226710945367815,74.78748954201001,4.6747669159958605,79.46258133402443,7470.279523125006,6.685610161030175,10.695720428095088,13.164686813354493,11.070775027275085,0.007749265991151333,33.281341552734375,0.4664263409376144,9.3026211476326,32.70856884002686,0.01580718994140625,0.201429443359375,,
94,0.0006519446486322522,0.0007108114544826094,32.003131523132325,0.8759157490730286,0.009698207005858422,20.136563453674317,0.32226710945367815,75.24166770800366,4.774472124991007,80.01647341600619,7550.346066790982,6.645254089002783,10.472361905368581,14.247397861480714,11.339298543930054,0.018900224938988686,33.281341552734375,0.5577410179376602,10.6669549369812,32.94289680480957,0.01131500244140625,0.2219866943359375,,
95,0.0006551910089328885,0.0007111445942427963,32.00261936187744,0.874876137971878,0.009698207005858422,20.136563453674317,0.32226710945367815,79.10242929201922,5.001053375017364,84.1038290419965,7634.547644165985,6.3209183899292185,9.997893693711358,15.273841190338135,11.646341285705567,0.01233894657343626,33.281341552734375,0.5629542049765587,12.088375854492188,33.22371925354004,0.0105914306640625,0.25956298828125,,
96,0.0006858379571986007,0.0007114765830920078,32.00141372680664,0.8748489809036255,0.009698207005858422,20.136563453674317,0.32226710945367815,76.01445637500728,4.684841541980859,80.69964216699009,7715.311950540985,6.577696188910647,10.672719568410173,15.350473651885986,11.797175970077515,0.027118489146232605,33.281341552734375,0.6048916727304459,12.308427500724793,33.24640842437744,0.009490966796875,0.2843084716796875,,
97,0.0006957270329967287,0.0007107896475645248,32.001862449646,0.8755296230316162,0.009698207005858422,20.136563453674317,0.32226710945367815,75.38009829100338,4.670409999991534,80.05085450000479,7795.418882208003,6.633050517787333,10.705698214951285,14.225399332046509,11.292921409606933,0.023559028282761574,33.281341552734375,0.6379516243934631,10.644132435321808,32.828232536315916,0.00803619384765625,0.23681884765625,,
98,0.000716149896072011,0.0007098729172139429,32.00837474822998,0.8761926686763764,0.009698207005858422,20.136563453674317,0.32226710945367815,75.0669327499927,4.672100958996452,79.73937749999459,7875.212392791,6.660722393776621,10.701823534810726,14.209488353729249,11.497284150123596,0.017947254702448845,33.281341552734375,0.5980163890123368,10.367714087963105,32.97544319152832,0.01039764404296875,0.232652587890625,,
99,0.0007042004049085336,0.0007097288046497851,32.007792434692384,0.8755372965335846,0.009698207005858422,20.136563453674317,0.32226710945367815,75.23890491700149,4.649946374993306,79.88918704201933,7955.2046920830035,6.64549810435926,10.752812176263427,13.573362550735474,11.047745504379272,0.017953354865312576,33.281341552734375,0.5747674153745175,9.804611451625824,32.8549991607666,0.01059417724609375,0.197393798828125,,
100,0.0006607600315928721,0.0007110648219531868,31.998590774536133,0.876352059841156,0.009698207005858422,20.136563453674317,0.32226710945367815,75.11603954198654,4.686380250001093,79.80274308400112,8035.062148208002,6.656367974785494,10.669215328821927,13.850251522064209,11.213405628204345,0.013403480872511864,33.281341552734375,0.4860183650255203,10.359158520698548,32.89850086212158,0.0127215576171875,0.1974591064453125,,
101,0.0006594966404782098,0.0007082906251889654,32.01736457824707,0.8756806492805481,0.009698207005858422,20.136563453674317,0.32226710945367815,75.5330952500226,4.6578428329958115,80.19126504100859,8115.309662415995,6.619614863457491,10.734582894425662,14.272091994285583,11.212755298614502,0.016963200643658638,33.281341552734375,0.5755518880486489,10.830864272117616,32.943984794616696,0.01182708740234375,0.2200177001953125,,
102,0.000694397129461322,0.0007159230175602715,31.976142387390137,0.8726744031906128,0.009698207005858422,20.136563453674317,0.32226710945367815,75.29950958301197,4.641026249999413,79.9408652500133,8195.360639666003,6.640149487943054,10.77347924933765,15.882007036209107,11.558804483413697,0.026391902938485146,33.281341552734375,0.6533641962707043,13.378481950759888,33.26225311279297,0.00807861328125,0.27925048828125,,
103,0.0006997369536466067,0.0007079525725566783,32.02029453277588,0.8768653547763825,0.009698207005858422,20.136563453674317,0.32226710945367815,75.31078041600995,4.67374408399337,79.9850606250111,8275.403868666006,6.63915573890013,10.698061147857862,15.078965773582459,11.908754796981812,0.0196791123598814,33.281341552734375,0.5228895503282547,11.63552830696106,33.21484340667725,0.01233856201171875,0.2851983642578125,,
104,0.0007173347613106671,0.0007157352069043554,31.96425308227539,0.8753680086135864,0.009698207005858422,20.136563453674317,0.32226710945367815,75.13274833298055,4.667332457989687,79.80040791697684,8355.318460582988,6.654887663420109,10.712757329812327,12.219925723075868,10.692374854087829,0.02153523825109005,33.281341552734375,0.5417334270477295,8.233524708747863,32.47593620300293,0.01105438232421875,0.1834393310546875,,
105,0.0006816033124487148,0.0007075776663259603,32.02501968383789,0.8757548367977143,0.009698207005858422,20.136563453674317,0.32226710945367815,75.14368049998302,4.636883166996995,79.78089100000216,8435.157824958005,6.653919486950243,10.783105417853717,15.104071435928345,11.721266222000121,0.0154573330655694,33.281341552734375,0.5304541845619678,11.910014567375184,33.25750671386719,0.01220458984375,0.27852203369140627,,
106,0.0006834430831859209,0.0007083988800877705,32.01571113586426,0.875416922569275,0.009698207005858422,20.136563453674317,0.32226710945367815,75.20577070800937,4.63988741702633,79.84601000000839,8515.109994083003,6.648425982379439,10.776123536213868,14.067918648719788,11.2017564868927,0.01468878798186779,33.281341552734375,0.5607260511815548,10.450589256286621,32.783348388671875,0.01119781494140625,0.21951263427734374,,
107,0.0007082556182836015,0.0007100116481888108,32.00906986236572,0.8747025513648987,0.009698207005858422,20.136563453674317,0.32226710945367815,75.13374904100783,4.6442751249996945,79.77836012499756,8594.942181374994,6.654799026827493,10.76594272610051,14.793840336799622,11.308522663116456,0.0179226566106081,33.281341552734375,0.5930905993282795,11.40509882926941,33.08815319061279,0.01016998291015625,0.2333050537109375,,
108,0.0006773458758052584,0.000708698776725214,32.01396320343017,0.8755318188667297,0.009698207005858422,20.136563453674317,0.32226710945367815,75.26070045799133,4.632936917012557,79.89396612500423,8674.892432458,6.643573564387534,10.792290267626036,13.59153519630432,11.008661880493165,0.028047936037182808,33.281341552734375,0.5922989520430565,9.876303362846375,32.9692293548584,0.010291748046875,0.208358154296875,,
109,0.00068805491157309,0.0007087544942623935,32.016344451904295,0.8756967318058014,0.009698207005858422,20.136563453674317,0.32226710945367815,74.85225570900366,4.646826417010743,79.4994108339888,8754.443880707986,6.679825414264131,10.7600317965319,14.230959181785584,11.246478872299194,0.01683749258518219,33.281341552734375,0.5455684442818165,10.733395099639893,32.85967464447022,0.01016571044921875,0.22444305419921876,,
110,0.0006886524007902608,0.000706520275271032,32.02338584899903,0.8771845984458924,0.009698207005858422,20.136563453674317,0.32226710945367815,75.18538741601515,4.612376292003319,79.79810304101557,8834.293831874995,6.650228417836091,10.840399142343875,13.986515235900878,11.583823194503784,0.020286262035369873,33.281341552734375,0.4874429625272751,10.188836183547973,32.986764144897464,0.0129266357421875,0.23374481201171876,,
111,0.0007030663229047605,0.0007098424802825321,32.008111000061035,0.874358503818512,0.009698207005858422,20.136563453674317,0.32226710945367815,75.1883742500213,4.663436957984231,79.85213991702767,8914.199827290984,6.649964239649169,10.721705997203504,14.975807256698609,11.322746677398682,0.024418536573648453,33.281341552734375,0.6447937631607056,11.95451651096344,33.11541187286377,0.01040069580078125,0.2570751953125,,
112,0.0007331082569476166,0.0007053527850075624,32.035937271118165,0.8763386142253876,0.009698207005858422,20.136563453674317,0.32226710945367815,75.13479520898545,4.6400355829973705,79.77516079199268,8994.032112540997,6.654706366195092,10.775779432213103,14.006439685821533,11.164174280166627,0.01981803961098194,33.281341552734375,0.5652884674072266,10.40511971950531,32.87656932830811,0.011024169921875,0.22002288818359375,,
113,0.0006685927449807423,0.0007062403198506217,32.0305131149292,0.8768064403533935,0.009698207005858422,20.136563453674317,0.32226710945367815,75.11489741600235,4.665202542004408,79.78042487500352,9073.911191124993,6.656469185212265,10.717648279964594,14.281529989242554,11.674992094039917,0.02120375819504261,33.281341552734375,0.5255889870226383,10.412038342952728,33.07393672943115,0.01057098388671875,0.24022308349609375,,
114,0.000704772956000852,0.0007093087161774747,32.00662227630615,0.8773849046230316,0.009698207005858422,20.136563453674317,0.32226710945367815,75.14264662499772,4.665198541013524,79.8081737080065,9153.774688999983,6.654011037104792,10.717657471687668,13.659112792015076,11.581149282455444,0.013972577638924122,33.281341552734375,0.4693900457024574,9.672852654457092,33.047244491577146,0.01520721435546875,0.24106048583984374,,
115,0.0006874623617825363,0.0007073197241697926,32.026353912353514,0.8761324214935303,0.009698207005858422,20.136563453674317,0.32226710945367815,75.16035995801212,4.642382416990586,79.8030615420139,9233.633764875005,6.652442860562695,10.770332021120396,14.604287619590758,11.73934211730957,0.02616698108613491,33.281341552734375,0.5766381742060185,10.996916403770447,33.247448768615726,0.008658447265625,0.2759039306640625,,
116,0.0006409307441626879,0.0007058453434729017,32.03662391662598,0.8758538591861725,0.009698207005858422,20.136563453674317,0.32226710945367815,75.16227320799953,4.621016791992588,79.7836217500153,9313.473531666008,6.652273523132147,10.820129475971877,15.054556245803832,11.64200390815735,0.014114589430391788,33.281341552734375,0.5387236580252648,11.975615234375,33.17748973846435,0.01197540283203125,0.26797821044921877,,
117,0.0006743196527258988,0.0007053588145936373,32.0346223449707,0.877214081287384,0.009698207005858422,20.136563453674317,0.32226710945367815,75.15648850001162,4.636885959014762,79.79370562499389,9393.367674040986,6.652785540930677,10.78309892500007,14.645454788208008,11.833176136016846,0.023302720859646797,33.281341552734375,0.5253708574175835,11.126182117462157,33.15177112579346,0.010478515625,0.2626031494140625,,
118,0.0006947466966641968,0.0007091839803615585,32.00475383758545,0.8759477996826172,0.009698207005858422,20.136563453674317,0.32226710945367815,74.98601808401872,4.659583833010402,79.64593308401527,9473.06667083298,6.667909735382545,10.730572040743104,12.021188006401061,9.868534278869628,0.015148582868278027,33.281341552734375,0.5110819748044014,8.676905539035797,32.43051849365234,0.013079833984375,0.1119427490234375,,
119,0.0007132930862499052,0.0007039406927651726,32.04407314300537,0.8776534414291381,0.009698207005858422,20.136563453674317,0.32226710945367815,75.19091420900077,4.650656500016339,79.84190699999453,9552.966061040992,6.649739602981809,10.751170291726412,14.332593832015991,11.572843952178955,0.013235635124146938,33.281341552734375,0.4956694720685482,10.783367984294891,33.008234634399415,0.0154571533203125,0.24709381103515626,,
120,0.0006889624588502556,0.0007082666730275377,32.0104252243042,0.8775192642211914,0.009698207005858422,20.136563453674317,0.32226710945367815,75.1122616250068,4.6561361250060145,79.7687384589808,9632.840846874984,6.656702769731769,10.738517658766991,13.136525115966798,11.266387195587159,0.012223961763083935,33.281341552734375,0.4618838968873024,8.960391306877137,32.67551856994629,0.0159246826171875,0.21282867431640626,,
121,0.0007088660428826187,0.0007025479341973551,32.05221015930176,0.8773157370090484,0.009698207005858422,20.136563453674317,0.32226710945367815,75.13072112502414,4.62660941600916,79.7576693330193,9712.656008833,6.655067228330685,10.807050153615346,14.334121999740601,11.453420238494873,0.018160562962293625,33.281341552734375,0.5168131145834923,10.894337034225464,32.943819198608395,0.012301025390625,0.2403857421875,,
122,0.0007016305208403537,0.0007057689077919349,32.03468208312988,0.8758824038505554,0.009698207005858422,20.136563453674317,0.32226710945367815,75.11158495899872,4.642354958981741,79.75426579199848,9792.515631207993,6.6567627387031685,10.770395724106166,15.151345548629761,11.693759441375732,0.024660004302859306,33.281341552734375,0.5635606306791305,11.90645984172821,33.1925675201416,0.01073974609375,0.26320037841796873,,
123,0.0007022831879939986,0.0007056135070160962,32.0361275100708,0.8754011809825897,0.009698207005858422,20.136563453674317,0.32226710945367815,75.07915604198934,4.7752759589930065,79.85475483399932,9872.430849583005,6.6596379922060684,10.470599066811591,15.611917657852173,11.784489164352417,0.01612395979464054,33.281341552734375,0.5720943427085876,12.571869387626649,33.185127334594725,0.01071197509765625,0.274564208984375,,
124,0.0006541594999289373,0.0007044598925858736,32.04199909210205,0.8762691748142243,0.009698207005858422,20.136563453674317,0.32226710945367815,75.13838487499743,4.631014790997142,79.76986958400812,9952.254472458008,6.654388443826889,10.79676966206236,14.942548747062682,11.681580877304077,0.015180081129074097,33.281341552734375,0.5566727238893509,11.644648733139038,33.15306407928467,0.0111993408203125,0.2757073974609375,,
125,0.0006762930655759192,0.0007045790091797244,32.04244457244873,0.8758603608608246,0.009698207005858422,20.136563453674317,0.32226710945367815,75.10798908400466,4.623209540994139,79.73153991700383,10032.042420915997,6.657081438311098,10.814997580500837,15.343822975158691,11.657805433273316,0.01381774339824915,33.281341552734375,0.5489172479510307,12.42525000333786,33.25751884460449,0.01142913818359375,0.27502777099609377,,
126,0.0006762723782762805,0.0007021649306989275,32.05477870941162,0.8774338805675507,0.009698207005858422,20.136563453674317,0.32226710945367815,75.27387229198939,4.633426582993707,79.9076234579843,10112.005157290987,6.642411035538154,10.791149725673318,14.585230712890626,11.69139446258545,0.01489579863846302,33.281341552734375,0.5165938176214695,11.0764200258255,33.04879722595215,0.01296539306640625,0.2611138916015625,,
127,0.000674505535385606,0.0007020509212452453,32.05294345855713,0.8777307546138764,0.009698207005858422,20.136563453674317,0.32226710945367815,75.21313791599823,4.68474158400204,79.89821158300037,10192.014280957985,6.647774761883022,10.672947291424864,13.979247574806214,11.39871865272522,0.012566887773573399,33.281341552734375,0.49503482937812804,10.272661724090575,32.902052116394046,0.0140582275390625,0.222369384765625,,
128,0.0006504756463887134,0.000704072198132053,32.038138961791994,0.8767390847206116,0.009698207005858422,20.136563453674317,0.32226710945367815,74.93851783301216,4.651387874997454,79.59024049999425,10271.659672790993,6.672136231919687,10.749479799086282,13.406241307258606,11.05404526233673,0.017113391309976578,33.281341552734375,0.49081102922558784,9.736718320846558,32.74449409484863,0.01372711181640625,0.18921630859375,,
129,0.0006761410474289278,0.0007013483575428836,32.059308471679685,0.877647043466568,0.009698207005858422,20.136563453674317,0.32226710945367815,75.35606854199432,4.6874396659841295,80.0438302079856,10351.75928941599,6.635165683057904,10.66680396183883,14.619995136260986,11.440186624526978,0.011488736607134342,33.281341552734375,0.4906881085038185,11.501204042434692,33.07407413482666,0.01443511962890625,0.24340423583984375,,
130,0.000673112838508132,0.0007020047539845109,32.054872055053714,0.8767651009559632,0.009698207005858422,20.136563453674317,0.32226710945367815,75.2199562920141,4.703355041972827,79.92363295902032,10431.791027957981,6.647172168765055,10.630709260474507,13.910425643920899,11.29100371837616,0.01263877097517252,33.281341552734375,0.5309998852014541,10.125020632743835,32.77274143218994,0.0130462646484375,0.2206024169921875,,
131,0.0006958071278459102,0.0007037571305409074,32.047343521118165,0.8763250482082366,0.009698207005858422,20.136563453674317,0.32226710945367815,75.57113104101154,4.680279082997004,80.25173666601768,10512.101645874995,6.61628313765287,10.683123615778621,14.721097030639648,11.553515062332153,0.01981665939092636,33.281341552734375,0.5512016439437866,11.32551404953003,32.965373764038084,0.0103790283203125,0.2514913940429688,,
132,0.0006997438235566733,0.0007040366734145209,32.04812427520752,0.8758463537693024,0.009698207005858422,20.136563453674317,0.32226710945367815,75.18293924999307,4.684723999991547,79.86799291698844,10592.026588790992,6.650444967806258,10.672987352102325,15.407264585494994,11.774120903015136,0.014812803827226162,33.281341552734375,0.5542264145612716,12.46046820640564,33.19453929901123,0.01077972412109375,0.28007049560546876,,
133,0.0006834185751085897,0.0007010796014219522,32.061666336059574,0.8772219645977021,0.009698207005858422,20.136563453674317,0.32226710945367815,75.3674934580049,4.660938333981903,80.02877129102126,10672.109149666008,6.634159862017996,10.727453662165129,15.103275136947632,11.702385025024414,0.014514829032123089,33.281341552734375,0.5335402561724186,12.091936190128326,33.18095905303955,0.01263671875,0.2720904541015625,,
134,0.0006801642010318574,0.0006996595535019878,32.07107074737549,0.8777713179588318,0.009698207005858422,20.136563453674317,0.32226710945367815,75.3359984169947,4.7240092499996535,80.06033283399302,10752.280168625002,6.636933345363447,10.584229910219516,14.418115301132202,11.375446105003357,0.015301243402063847,33.281341552734375,0.5298738226294517,10.928345479965209,32.780542335510255,0.0121502685546875,0.23461151123046875,,
135,0.000690184537593268,0.0007185255762306042,31.968717041015626,0.8720628082752228,0.009698207005858422,20.136563453674317,0.32226710945367815,75.41757075002533,4.655532333010342,80.0734347079997,10832.464133832982,6.629754777666742,10.739910374045065,15.058973941802979,11.342383289337159,0.018239926546812057,33.281341552734375,0.6440029096603394,11.797756934165955,33.15924495697021,0.00784942626953125,0.253970947265625,,
136,0.0006705048238541167,0.0006996693545079324,32.07035057067871,0.8781609261035919,0.009698207005858422,20.136563453674317,0.32226710945367815,75.73645304201636,4.691985749988817,80.42877300002147,10912.948205791006,6.601840724209974,10.656468852259232,14.72311059474945,11.681851148605347,0.01305672712624073,33.281341552734375,0.4892077793180942,11.356443762779236,33.113764152526855,0.01548309326171875,0.25831390380859376,,
137,0.00066509906919282,0.0007020916618057526,32.05783172607422,0.876295520067215,0.009698207005858422,20.136563453674317,0.32226710945367815,75.21593508301885,4.683473167009652,79.89974041600362,10992.905201040994,6.647527541180335,10.675837827405442,15.171777954101563,11.578018436431885,0.012633095495402813,33.281341552734375,0.5284392757713795,12.266344327926635,33.07568195343018,0.01177459716796875,0.2659588623046875,,
138,0.0006878523631967255,0.0006993661810702178,32.07271324157715,0.8779420816898346,0.009698207005858422,20.136563453674317,0.32226710945367815,75.48705666698515,4.669311083998764,80.15671691700118,11073.116802000004,6.623652081253804,10.708217786419226,14.797772045135497,11.67226679801941,0.009973080828785896,33.281341552734375,0.47722226873040197,11.570796520709992,33.1522093963623,0.01609893798828125,0.2597235107421875,,
139,0.0006623231983044207,0.0007032525853719562,32.049766578674316,0.8757021677494049,0.009698207005858422,20.136563453674317,0.32226710945367815,75.16039616698981,4.668305749975843,79.82903320799232,11153.054506165994,6.652439655707912,10.710523834103782,14.929998559951782,11.34383420944214,0.013266858644783497,33.281341552734375,0.5687779758870601,11.973690037727357,32.911631202697755,0.01120758056640625,0.2361322021484375,,
140,0.000677299407200735,0.0006998338940320536,32.0673571395874,0.8776726341247558,0.009698207005858422,20.136563453674317,0.32226710945367815,75.28651204102789,4.654136333992938,79.94098025001585,11233.050922333001,6.641295850278223,10.743131788987226,14.492959628105163,11.629149351119995,0.006697929929941893,33.281341552734375,0.47922708570957184,11.069717545509338,33.15652973175049,0.0146417236328125,0.25047332763671876,,
141,0.000668961007742837,0.0006996233313111589,32.07170513153076,0.8769243085384368,0.009698207005858422,20.136563453674317,0.32226710945367815,75.32235425000545,4.695890707982471,80.01857066698722,11313.12409995799,6.638135583766141,10.647607261175347,15.095182285308837,11.50790599822998,0.007588800508528948,33.281341552734375,0.48418424613773825,12.299958326816558,33.18844017028809,0.0158453369140625,0.24684417724609375,,
142,0.0006957890546564158,0.0007004868502554018,32.06563980102539,0.8780393087863922,0.009698207005858422,20.136563453674317,0.32226710945367815,75.347040749999,4.713431749987649,80.06098041599034,11393.24615237498,6.635960683034611,10.6079821777691,14.607138223648072,11.711846599578857,0.014066457748413086,33.281341552734375,0.5104188580811023,11.092756099700928,33.22638301849365,0.013570556640625,0.26301483154296873,,
143,0.0006678644848670956,0.0006976040068548173,32.0839852142334,0.8777067458629608,0.009698207005858422,20.136563453674317,0.32226710945367815,75.43234116598614,4.673436915996717,80.10612458299147,11473.418659165996,6.628456604571878,10.698764292474964,14.929129552841186,11.690936927795411,0.011243198998272419,33.281341552734375,0.5011674937605858,11.666755728721618,33.05777225494385,0.01420745849609375,0.26547821044921877,,
144,0.0006746433698690453,0.0006988718577485997,32.07634140014648,0.8770104348659515,0.009698207005858422,20.136563453674317,0.32226710945367815,75.32835866700043,4.646004500013078,79.97468483299599,11553.499708165997,6.637606458549297,10.761935336020287,15.227868452072144,11.569735507965088,0.012442848645150661,33.281341552734375,0.5186388836801052,12.355735249519348,33.142913360595706,0.01269195556640625,0.24871368408203126,,
145,0.0006740979004289329,0.0006993574163061567,32.07314586639404,0.8771333110332489,0.009698207005858422,20.136563453674317,0.32226710945367815,75.62466362499981,4.688387500005774,80.31337179199909,11633.868997582991,6.611599655892039,10.66464749339478,14.758526649475098,11.388610744476319,0.011007745750248432,33.281341552734375,0.49557635590434074,11.720368342399597,33.081357917785645,0.0147027587890625,0.23470947265625,,
146,0.000696191200564499,0.0006991222462966106,32.0743070602417,0.8777059888839722,0.009698207005858422,20.136563453674317,0.32226710945367815,75.26332654201542,4.711450000002515,79.97511554200901,11713.902684125002,6.643341757168774,10.612444152006987,15.26969443321228,11.462364454269409,0.010185320861637592,33.281341552734375,0.44796680092811586,12.57546317577362,33.03959972381592,0.01903472900390625,0.2381036376953125,,
147,0.0006564958674262016,0.0007027245499193668,32.05867176055908,0.876637943983078,0.009698207005858422,20.136563453674317,0.32226710945367815,75.37110966700129,4.704399874986848,80.07583037498989,11794.03413341599,6.633841563552145,10.628348212031995,15.236659126281738,11.74450403213501,0.00903337262570858,33.281341552734375,0.5542357243597508,12.173616518974304,33.210788078308106,0.00958770751953125,0.2726858520507813,,
148,0.0006804158612994797,0.000701631557312794,32.05132369995117,0.8778162622451782,0.009698207005858422,20.136563453674317,0.32226710945367815,75.48466220800765,4.679183083004318,80.16417025000555,11874.25227245799,6.623862190999623,10.68562591226864,13.858899970054626,11.637951078414916,0.008761268109083176,33.281341552734375,0.4487730213999748,10.101303205490112,33.08466812133789,0.01559783935546875,0.24716400146484374,,
149,0.0006580257134064596,0.0006984861646196805,32.07795883178711,0.8770820438861847,0.009698207005858422,20.136563453674317,0.32226710945367815,75.49837529199431,4.60833183300565,80.1070324589964,11954.419266124984,6.622659071353804,10.84991311647559,16.200530853271484,12.014539165496826,0.011501924134790897,33.281341552734375,0.4913424986600876,13.838867781162262,33.28014358520508,0.0149151611328125,0.3028900146484375,,
150,0.0006861688029689504,0.0007017309169168584,32.05982860565186,0.8787296271324158,0.009698207005858422,20.136563453674317,0.32226710945367815,75.24967716701212,4.711552541004494,79.9615510420117,12034.438302208,6.644546778457005,10.612213185537373,14.620452313423156,11.658085060119628,0.004292466677725315,33.281341552734375,0.4239395371824503,11.353822808265686,32.98675277709961,0.02179412841796875,0.2467840576171875,,
151,0.0006881204618775882,0.0006982560356846079,32.07521240234375,0.878431442975998,0.009698207005858422,20.136563453674317,0.32226710945367815,75.6034769580001,4.719453541008988,80.32325645801029,12114.816467458004,6.6134524511057124,10.59444691329885,13.689261031150817,11.316716766357422,0.011218484491109848,33.281341552734375,0.4793173922598362,9.96466013431549,32.66982990264893,0.01408721923828125,0.2220355224609375,,
152,0.000669682006669973,0.0006989679260004778,32.074305877685546,0.8768222618103028,0.009698207005858422,20.136563453674317,0.32226710945367815,75.23712220799644,4.729447375022573,79.9668861659884,12194.838958874985,6.645655566380215,10.572059700687833,14.92990484237671,11.605761909484864,0.008375730365514755,33.281341552734375,0.4931820820271969,11.717674045562744,33.14875205993653,0.01443145751953125,0.26122528076171875,,
153,0.0006789586309125752,0.0006969796543125995,32.0848583984375,0.878007138967514,0.009698207005858422,20.136563453674317,0.32226710945367815,75.18783195901779,4.687688959005754,79.87584504199913,12274.773595957988,6.650012202407063,10.666236697283955,13.73298370361328,11.128053889274597,0.010115783661603928,33.281341552734375,0.46758881464600566,10.190940170288085,32.76447525024414,0.0149835205078125,0.20324432373046875,,
154,0.0006928992878945337,0.0006992867893131915,32.07591514587402,0.8765869438648224,0.009698207005858422,20.136563453674317,0.32226710945367815,75.70621124998434,4.687349749990972,80.3938811669941,12355.277018041,6.604477911977182,10.667008579868892,14.703193740844727,11.466986751556396,0.008834559470415115,33.281341552734375,0.5258587934076786,11.41770926952362,33.13601493835449,0.013369140625,0.25053375244140624,,
155,0.00064263750844475,0.00069594741682522,32.09212383270264,0.8783554410934449,0.009698207005858422,20.136563453674317,0.32226710945367815,75.81063024999457,4.850061334000202,80.66103449999355,12435.99645162499,6.595381127306164,10.309147979116654,13.924080791473388,11.376872806549072,0.009342537261545658,33.281341552734375,0.4675642058253288,10.329731793403626,32.98790184020996,0.016627197265625,0.22805633544921874,,
156,0.0007032592705222669,0.0007016415509860963,32.05660541534424,0.8786996591091156,0.009698207005858422,20.136563453674317,0.32226710945367815,75.52389400001266,4.665028291987255,80.18925370901707,12516.291310875007,6.620421346387624,10.718048609883242,13.543278331756591,11.305020513534545,0.01096281036734581,33.281341552734375,0.43107090100646017,9.983753926753998,32.83976276397705,0.01788543701171875,0.21939178466796874,,
157,0.0006709638660859127,0.0006957044851151295,32.09397895812988,0.8783638286590576,0.009698207005858422,20.136563453674317,0.32226710945367815,75.44804162500077,4.662550041015493,80.1109223329986,12596.461389290984,6.62707724721536,10.723745495525044,14.530183534622193,11.456279735565186,0.009476283565163612,33.281341552734375,0.48227364450693133,11.260202617645264,33.10124366760254,0.016153564453125,0.21736053466796876,,
158,0.0006391111775271839,0.0006964123871875927,32.087747192382814,0.879248423576355,0.009698207005858422,20.136563453674317,0.32226710945367815,75.16862629100797,4.686913333978737,79.85586962499656,12676.426601124986,6.6517112879554166,10.668001824892894,14.559326224327087,11.8158597946167,0.009007347747683525,33.281341552734375,0.4216608862578869,11.067395558357239,32.99852352142334,0.01791015625,0.256907958984375,,
159,0.0006677803209274771,0.0006944161410501693,32.10270923614502,0.8787103056907654,0.009698207005858422,20.136563453674317,0.32226710945367815,75.11589254098362,4.691174667008454,79.80740587500622,12756.293726457981,6.656381001226836,10.658311307748605,14.543902158737183,11.586453561782838,0.010309265926480293,33.281341552734375,0.4808597405254841,11.201142978668212,33.044389419555664,0.016087646484375,0.2432073974609375,,
160,0.0006729577696269189,0.0007098923760349862,32.012086181640626,0.8792825806140899,0.009698207005858422,20.136563453674317,0.32226710945367815,75.36346362499171,4.694647416996304,80.05844666599296,12836.459566874983,6.634514603628065,10.650427084040881,13.522173128128053,11.336794581413269,0.007406138814985752,33.281341552734375,0.3809416460990906,9.980706622600556,32.733660507202146,0.0254498291015625,0.21294097900390624,,
161,0.0006793199458135177,0.000696083283110056,32.09124473571777,0.8782296204566955,0.009698207005858422,20.136563453674317,0.32226710945367815,75.18196937500034,4.703373750002356,79.88583941702382,12916.403177790984,6.650530760986704,10.63066697601375,15.15262809753418,12.106916189193726,0.007516379002481699,33.281341552734375,0.47008795037865636,11.655714402198791,33.25201042175293,0.0151483154296875,0.29633575439453125,,
162,0.0006776858916136917,0.0006955525258672423,32.097446250915525,0.8777799212932587,0.009698207005858422,20.136563453674317,0.32226710945367815,74.76066070899833,4.561085708002793,79.32207416699384,12995.779519957985,6.688009378973012,10.962302223847924,14.848249940872192,11.609727764129639,0.009232833981513977,33.281341552734375,0.48039970532059667,11.720111756324767,33.131340713500975,0.01454833984375,0.2544342041015625,,
163,0.000713275223291248,0.0006950203853193671,32.0946605682373,0.8790443646907806,0.009698207005858422,20.136563453674317,0.32226710945367815,75.1696142909932,4.688075374986511,79.85801233301754,13075.694632915984,6.6516238604660485,10.665357529611791,13.881845684051514,11.558721556663514,0.010093111544847488,33.281341552734375,0.4466952028870583,9.986357533931733,32.919139022827146,0.01626220703125,0.2270672607421875,,
164,0.0006676650639733452,0.0006953336131118703,32.095475578308104,0.8784161198139191,0.009698207005858422,20.136563453674317,0.32226710945367815,75.33680562500376,4.694700833002571,80.03183308400912,13155.784445458004,6.636862232901119,10.650305904161671,13.99233675956726,11.40820809364319,0.008721425198018551,33.281341552734375,0.4736518813669682,10.348679766654968,33.0797709274292,0.01542205810546875,0.23137908935546875,,
165,0.0006864028862737542,0.0006950539618264884,32.097473335266116,0.8794307470321655,0.009698207005858422,20.136563453674317,0.32226710945367815,75.65247612501844,4.679413208010374,80.33224666601745,13236.172073499998,6.609169000281392,10.68510041267746,14.5894176197052,11.798203964233398,0.007183257024735212,33.281341552734375,0.4533806881308556,11.149980397224427,33.11316833496094,0.0161968994140625,0.259954833984375,,
166,0.0006842302684244714,0.000695395270595327,32.096901435852054,0.8788567149639129,0.009698207005858422,20.136563453674317,0.32226710945367815,75.43939508299809,4.693008624977665,80.13274274999276,13316.361158415995,6.6278368145701885,10.654146198215853,14.506197152137757,11.616686935424804,0.013756368309259415,33.281341552734375,0.46768991187214853,11.112713272571563,33.09433525085449,0.01421234130859375,0.2408966064453125,,
167,0.0006513329385627458,0.0006942397903185337,32.104236907958985,0.8783971416950226,0.009698207005858422,20.136563453674317,0.32226710945367815,75.47362295800122,4.675068249984179,80.14902333298232,13396.567262915982,6.624831039027169,10.695031029797097,15.141426973342895,11.637760257720947,0.005590330809354782,33.281341552734375,0.4462111550569534,12.258654618263245,33.22230224609375,0.01776031494140625,0.25109375,,
168,0.0006844173406761911,0.0006943701366253663,32.10165271759033,0.8786274921894074,0.009698207005858422,20.136563453674317,0.32226710945367815,75.6521990839974,4.6981427499849815,80.35066424999968,13477.031348791003,6.609193203291354,10.642503359473238,14.428463506698609,11.646494207382203,0.010991130024194717,33.281341552734375,0.4607268238067627,10.87499365568161,33.16607585906982,0.01558441162109375,0.24955108642578125,,
169,0.0006736166085111108,0.0006936927908100188,32.10590942382812,0.8789124429225922,0.009698207005858422,20.136563453674317,0.32226710945367815,75.33516533402144,4.701877125015017,80.03739258402493,13557.125753832981,6.637006738925938,10.634050756875173,14.343825788497925,11.476356916427612,0.007744709029793739,33.281341552734375,0.4239369890093803,11.087414157390594,33.11747520446777,0.0178955078125,0.22391082763671874,,
170,0.000656454323064736,0.000694685819617007,32.10100032806397,0.8789834558963776,0.009698207005858422,20.136563453674317,0.32226710945367815,75.4281085410039,4.726083624991588,80.15451891600969,13637.387491041009,6.628828558364184,10.579584274725777,14.74204487323761,11.701706914901733,0.006826830096542835,33.281341552734375,0.4636222125589848,11.513953294754028,33.14740623474121,0.0179534912109375,0.26135101318359377,,
171,0.0006614553880958738,0.0006945012540381868,32.10043190002441,0.877350571155548,0.009698207005858422,20.136563453674317,0.32226710945367815,75.26307350001298,4.729062999977032,79.99246745900018,13717.435431207996,6.643364092750129,10.572918990557504,15.669988307952881,11.793294982910156,0.00940807443112135,33.281341552734375,0.4733582977950573,13.018728175163268,33.262385559082034,0.016337890625,0.26897705078125,,
172,0.0006703761799717541,0.0007070506102172658,32.03534309387207,0.874041656255722,0.009698207005858422,20.136563453674317,0.32226710945367815,75.43781200001831,4.6469759159954265,80.0851219590113,13797.575904124998,6.627975901526394,10.759685632949859,16.050534868240355,11.594788064956665,0.008329644799232483,33.281341552734375,0.5603617043793201,13.835750079154968,33.27626213073731,0.0113177490234375,0.2723529052734375,,
173,0.0006667312833436654,0.0006961826927727088,32.09377269744873,0.8770883083343506,0.009698207005858422,20.136563453674317,0.32226710945367815,75.15664599998854,4.733715291018598,79.89068970899098,13877.522908707993,6.6527715992019685,10.562527935481526,15.463633522987365,11.570023717880249,0.008489430882036686,33.281341552734375,0.4582009643316269,12.974807109832764,33.21172775268555,0.0154925537109375,0.25011962890625,,
174,0.0006696228475716453,0.0006935109698679298,32.10535312652588,0.8785781180858612,0.009698207005858422,20.136563453674317,0.32226710945367815,75.46314999999595,4.705178333999356,80.16867424998782,13957.751263165992,6.625750449060592,10.626589780604656,13.72528094291687,11.049297342300415,0.008959578350186348,33.281341552734375,0.4339468830823898,10.434555203914643,32.79732498168946,0.017479248046875,0.20541107177734375,,
175,0.0006645168231425487,0.0006942819959658664,32.10370471954346,0.8783946096897125,0.009698207005858422,20.136563453674317,0.32226710945367815,75.61885300002177,4.731849959003739,80.35103175000404,14038.158300874988,6.612107697532202,10.566691766052358,14.993293857574463,11.592893495559693,0.008117725141346455,33.281341552734375,0.45126250743865964,12.007222957611084,33.15370140075684,0.01792449951171875,0.2443017578125,,
176,0.0006600704613661036,0.0006967738913954235,32.08895622253418,0.8766691052913665,0.009698207005858422,20.136563453674317,0.32226710945367815,75.70254941700841,4.688587166980142,80.39146154202172,14118.605966040981,6.6047973793556665,10.664193331443244,15.869623165130616,11.929978790283203,0.007995378226041794,33.281341552734375,0.48535036310553553,13.312609784603119,33.2772998046875,0.0152984619140625,0.290328369140625,,
177,0.0006951940191302128,0.0006925015500746667,32.115514221191404,0.8788344514369965,0.009698207005858422,20.136563453674317,0.32226710945367815,75.4262930410041,4.737853541999357,80.16448320800555,14198.831677874987,6.62898811331195,10.553302156085682,14.990902853012084,11.8099516582489,0.006867824587970972,33.281341552734375,0.44658910006284713,11.911797137260438,33.10114784240723,0.0184442138671875,0.26603668212890624,,
178,0.000681120722689684,0.0006959470253787004,32.09637992858887,0.8776322102546692,0.009698207005858422,20.136563453674317,0.32226710945367815,75.53769774999819,4.52311887498945,80.06133937501,14279.009015916003,6.61921153137093,11.054319238982332,15.032960224151612,11.381796245574952,0.006485631223767996,33.281341552734375,0.5098636585474015,12.306636009216309,33.12889266967773,0.01287078857421875,0.23079864501953126,,
179,0.0006536995633032348,0.0006921082263579592,32.11494121551514,0.8795989787578583,0.009698207005858422,20.136563453674317,0.32226710945367815,75.04080970899668,4.732213625014992,79.77336616700632,14358.837833958009,6.663041109750376,10.565879726074622,14.363227734565735,11.660751695632934,0.005586835090070963,33.281341552734375,0.4141568569839001,10.926731877326965,32.992036209106445,0.01914703369140625,0.24169891357421874,,
180,0.0006622711431530775,0.0006929788018169347,32.11221645355224,0.8784269428253174,0.009698207005858422,20.136563453674317,0.32226710945367815,75.44445316697238,4.672650541993789,80.11743745897547,14439.012332249986,6.627392459103766,10.700564818756021,14.863845062255859,11.636290864944458,0.008587351068854332,33.281341552734375,0.47864706635475157,11.715597038269044,33.06566341400146,0.014635009765625,0.24465087890625,,
181,0.0006470842739486215,0.0006924244592664764,32.11466232299804,0.8788713359832764,0.009698207005858422,20.136563453674317,0.32226710945367815,75.54360841700691,4.700709124997957,80.24464062499464,14519.314068874985,6.618693632424321,10.63669303299462,14.510578136444092,11.454320468902587,0.005667536985129118,33.281341552734375,0.44903860077261926,11.255412600040437,33.120207443237305,0.01791259765625,0.22290283203125,,
182,0.0006652590939655738,0.0006919952672615182,32.11885368347168,0.8793800258636475,0.009698207005858422,20.136563453674317,0.32226710945367815,75.1557535000029,4.681829332985217,79.8379498750146,14599.212565666006,6.652850603114247,10.679586213818503,15.141231231689453,11.698038892745972,0.005844842176884413,33.281341552734375,0.41470950543880464,12.378114910125733,33.12339328765869,0.02066375732421875,0.2522674560546875,,
183,0.0006815594004303875,0.0006918574139126577,32.118389167785644,0.8790184688568116,0.009698207005858422,20.136563453674317,0.32226710945367815,75.44888062501559,4.713063875009539,80.16228120800224,14679.487137040996,6.627003553373084,10.608810176564562,14.533777551651001,11.474713821411132,0.005664108786731958,33.281341552734375,0.44137457370758054,11.409727029800415,33.02908889770508,0.01730987548828125,0.22457305908203126,,
184,0.0006764521292031986,0.0006926174717955292,32.113103218078614,0.8793180525302887,0.009698207005858422,20.136563453674317,0.32226710945367815,75.63253208299284,4.747133291006321,80.3802015419933,14759.925940582994,6.610911815716307,10.532672443541342,15.03378559589386,11.799958009719848,0.007555095013231039,33.281341552734375,0.4470361752808094,11.966053581237793,33.12708637237549,0.0171307373046875,0.2580157470703125,,
185,0.0006846070497349502,0.00069075499282917,32.12489013671875,0.879297102689743,0.009698207005858422,20.136563453674317,0.32226710945367815,75.39672870800132,4.723488166986499,80.12056612499873,14840.105902790994,6.631587451710469,10.585397535122674,15.239746065139771,11.827614822387694,0.0061916327103972435,33.281341552734375,0.4396740245819092,12.288898682594299,33.154883270263674,0.0185675048828125,0.26277618408203124,,
186,0.0006538887475326192,0.0006970438981079496,32.09061023712158,0.8765981650352478,0.009698207005858422,20.136563453674317,0.32226710945367815,75.39725750000798,4.728586749988608,80.12617708402104,14920.342115457985,6.631540941657554,10.573983865289234,15.63022629737854,11.575556640625,0.006538306828588247,33.281341552734375,0.5034076501429081,13.185292019844056,33.234733505249025,0.01431793212890625,0.252728271484375,,
187,0.0006766150201274286,0.0006983663578284904,32.08711761474609,0.8772257423400879,0.009698207005858422,20.136563453674317,0.32226710945367815,75.18797225001617,4.853335833991878,80.04163379099919,15000.44126641599,6.649999794347326,10.302192494038664,14.751060400009155,11.57583010673523,0.00792077835649252,33.281341552734375,0.49140585526824,11.569249472618104,33.06562255859375,0.0122015380859375,0.2404132080078125,,
188,0.0006460659869235314,0.0006920242053456605,32.118604850769046,0.8786698913574219,0.009698207005858422,20.136563453674317,0.32226710945367815,75.53957950000768,4.7190119169827085,80.25891175001743,15080.756773415982,6.619046641634393,10.595438384052551,15.416385135650636,11.888972558975219,0.008219433017075062,33.281341552734375,0.46543872699141503,12.525476803779602,33.228495063781736,0.016156005859375,0.26352508544921877,,
189,0.0006464422713215753,0.0006916964810807258,32.11936038970947,0.8791617178916931,0.009698207005858422,20.136563453674317,0.32226710945367815,75.53977654202026,4.73631325000315,80.27641945899813,15161.089008332987,6.619029376157429,10.556734185596095,15.13996389389038,11.734813003540038,0.006296087987720966,33.281341552734375,0.43178100764751437,12.234045560359954,33.07257362365723,0.01818695068359375,0.252603759765625,,
190,0.0006612893023802826,0.0006920496761449612,32.11708145141601,0.8792452204227448,0.009698207005858422,20.136563453674317,0.32226710945367815,75.57218745801947,4.856904500018572,80.4294127500034,15241.577817332989,6.616190649208761,10.294622840496206,14.702376737594605,11.564852514266967,0.007579174358397722,33.281341552734375,0.4259916055202484,11.58392416715622,33.01929107666015,0.017857666015625,0.23588653564453124,,
191,0.0006657649384210345,0.0006958971281710546,32.096932830810545,0.8769805610179902,0.009698207005858422,20.136563453674317,0.32226710945367815,75.58420475001913,4.684793458000058,80.26933095802087,15321.90354804101,6.615138727114457,10.672829111519686,14.72897961616516,11.434286775588989,0.005077971611171961,33.281341552734375,0.49358708783984184,11.684334578514099,33.20119762420654,0.01427978515625,0.231702880859375,,
192,0.0006462838111283418,0.0006924009797512554,32.11447311401367,0.878991745710373,0.009698207005858422,20.136563453674317,0.32226710945367815,75.74762916599866,4.702384207979776,80.450334166002,15402.409593999997,6.600866660846441,10.63290403092793,15.295526504516602,11.892012271881104,0.011185566894710064,33.281341552734375,0.460064185410738,12.418092103004456,33.220352478027344,0.01498504638671875,0.27014678955078125,,
193,0.0006459011096440009,0.0007000572670949623,32.07045650482178,0.8805048859119415,0.009698207005858422,20.136563453674317,0.32226710945367815,75.49429091697675,4.719866500003263,80.21450345800258,15482.684132916009,6.623017368953957,10.59351996501711,14.462797656059266,11.888171510696411,0.004873885307461023,33.281341552734375,0.3489421345293522,11.051694631576538,33.05794757843017,0.027322998046875,0.2531625366210937,,
194,0.0006701043282300816,0.0006921770548797213,32.114303741455075,0.8790809988975525,0.009698207005858422,20.136563453674317,0.32226710945367815,75.68705908401171,4.70527029200457,80.39267270898563,15563.138990707987,6.606149136340548,10.62638209859325,14.098012599945069,11.421112289428711,0.005992363207042217,33.281341552734375,0.45295849338173866,10.723471541404724,32.93835193634033,0.0161712646484375,0.21673797607421874,,
195,0.0006675338313148131,0.0006911158518050798,32.1199783706665,0.8800151669979095,0.009698207005858422,20.136563453674317,0.32226710945367815,75.48031837499002,4.719794500007993,80.20045549998758,15643.397575665993,6.6242433890643495,10.593681568109655,14.242512559890747,11.918094749450683,0.0038855953607708216,33.281341552734375,0.40613255217671396,10.474713277816772,33.10341705322266,0.019854736328125,0.24862396240234375,,
196,0.0006731245622754613,0.0006951578716689255,32.09937763214111,0.8769993805885314,0.009698207005858422,20.136563453674317,0.32226710945367815,75.221427957993,4.7383452499925625,79.96009350000531,15723.414713250007,6.647042120487559,10.55220701785681,15.37552191734314,11.608298902511597,0.004649112466722727,33.281341552734375,0.4926037085056305,12.708233437538148,33.20899085998535,0.01469146728515625,0.25039306640625,,
197,0.0007057106518777801,0.000690961790678557,32.12354072570801,0.8793779885768891,0.009698207005858422,20.136563453674317,0.32226710945367815,75.19667979198857,4.6972493340144865,79.8944584169949,15803.371747375,6.649229745024857,10.644527561679952,14.039113874435424,11.2159339427948,0.005025983788073063,33.281341552734375,0.4041500768810511,10.727799890041352,32.98494686126709,0.0219183349609375,0.20055145263671875,,
198,0.0006602358444267793,0.0006905288060079329,32.12485771179199,0.8801208591461182,0.009698207005858422,20.136563453674317,0.32226710945367815,74.92925137499697,4.707461332989624,79.63702624998405,15883.067114457983,6.672961371222832,10.621436154897932,14.446908073425293,11.727910642623902,0.005521815270185471,33.281341552734375,0.40163395427167414,11.04732589483261,33.20075950622559,0.02114532470703125,0.237161865234375,,
199,0.0006594358663235199,0.0006928467789839487,32.113648567199704,0.8779075074195862,0.009698207005858422,20.136563453674317,0.32226710945367815,75.06439029201283,4.685552374983672,79.75026566701126,15962.874602041004,6.66094799484706,10.671100437795072,15.920462379455566,11.938964977264405,0.007257774937897921,33.281341552734375,0.4644869799911976,13.493248391151429,33.260660324096676,0.01564422607421875,0.266856689453125,,
200,0.000626577508068749,0.0006918309978209435,32.11564510345459,0.8801052689552307,0.009698207005858422,20.136563453674317,0.32226710945367815,74.92587279202417,4.70745616700151,79.63366562500596,16042.561038290994,6.673262270669536,10.62144781091999,14.285045757293702,11.817229738235474,0.00811404176056385,33.281341552734375,0.4078958730399609,10.67834629058838,33.10668575286865,0.01948150634765625,0.2331585693359375,,
201,0.000667936762026784,0.0006902294552128297,32.12990726470947,0.8791752207279205,0.009698207005858422,20.136563453674317,0.32226710945367815,83.76217758300481,4.722808999998961,88.48532062501181,16131.046449749992,5.9692812964959145,10.586919775923821,14.808101873397828,11.634369430541993,0.006699414923787117,33.281341552734375,0.4464602805674076,11.679174737930298,33.14561382293701,0.016048583984375,0.22612579345703124,True,1000042.0
202,0.0006564842512125324,0.0006922411704726983,32.114235954284666,0.8792747712135315,0.009698207005858422,20.136563453674317,0.32226710945367815,83.59684454201488,4.700780874991324,88.29795779200504,16219.488274832984,5.981086998429771,10.636530680680215,14.242748107910156,11.639011144638062,0.008145921863615513,33.281341552734375,0.4346398767828941,10.664922595024109,33.056328010559085,0.01653839111328125,0.24135498046875,True,1000042.0
203,0.0006655316542893388,0.000691511196346255,32.121903038024904,0.8787872576713562,0.009698207005858422,20.136563453674317,0.32226710945367815,83.67281629197532,4.703243458003271,88.37657000002218,16307.928815750027,5.975656397834821,10.630961472963413,15.28775520324707,11.804248771667481,0.006288299802690744,33.281341552734375,0.4238926695287228,12.429983353614807,33.253854293823245,0.01790252685546875,0.245758056640625,True,1000042.0
204,0.0006657584672700523,0.0006911672193382401,32.12237071990967,0.8788227474689484,0.009698207005858422,20.136563453674317,0.32226710945367815,83.64114750002045,4.691004499967676,88.33248308399925,16396.32822812503,5.97791894234686,10.658697939928333,14.828441104888917,11.627741289138793,0.00781717337667942,33.281341552734375,0.4516765932738781,11.688698313236237,33.18689468383789,0.0171075439453125,0.24551910400390625,True,1000042.0
205,0.0006634669252198364,0.0006965764303458854,32.092717018127445,0.8762448513507843,0.009698207005858422,20.136563453674317,0.32226710945367815,83.61935283301864,4.732290874992032,88.35196795797674,16484.74373341599,5.979477035638642,10.565707248518233,15.309304513931274,11.522798099517821,0.004365450236946344,33.281341552734375,0.45396013021469117,12.55424813747406,33.210240516662594,0.0166107177734375,0.2324200439453125,True,1000042.0
206,0.0006539963236721747,0.0006913768011145294,32.11309085845947,0.8793159759044648,0.009698207005858422,20.136563453674317,0.32226710945367815,83.35182108299341,4.73452208400704,88.0866898749955,16572.89233129102,5.998669177271484,10.560728012843642,12.627256240844726,10.712165298461914,0.005261144135147333,33.281341552734375,0.3913741984963417,9.067567312717438,32.70710487365723,0.0202734375,0.1447052001953125,True,1000042.0
207,0.0006795956506166476,0.0006914636609144509,32.1210816192627,0.8780083513259888,0.009698207005858422,20.136563453674317,0.32226710945367815,83.92719120904803,4.686971958028153,88.61467391700717,16661.572285958013,5.957544781340138,10.667868390882246,15.670611734390258,11.719113903045654,0.004725691396743059,33.281341552734375,0.4024007494747639,13.26047513961792,33.22783016204834,0.02017669677734375,0.24135833740234375,True,1000042.0
208,0.0006319592841521171,0.0006900812807725743,32.12972240447998,0.8792030966281891,0.009698207005858422,20.136563453674317,0.32226710945367815,83.52722562500276,4.7094500419916585,88.23700145899784,16749.874557499978,5.986072161007245,10.616950929339227,14.940325479507447,11.489525718688965,0.004954908974468708,33.281341552734375,0.39375868506729605,12.19689845085144,33.06530235290527,0.02280517578125,0.21393951416015625,True,1000042.0
209,0.0006497338356812179,0.0006899431071360595,32.13091499328613,0.8787974810600281,0.009698207005858422,20.136563453674317,0.32226710945367815,83.5326390840346,4.674634583003353,88.2075997919892,16838.145395208005,5.985684224545993,10.696023210412324,15.308716440200806,11.895731954574584,0.002938596298918128,33.281341552734375,0.4204767461121082,12.430385050773621,33.215700340271,0.01901092529296875,0.2621356201171875,True,1000042.0
210,0.0006596370063974746,0.0006901522404223215,32.12641563415527,0.8797005045413971,0.009698207005858422,20.136563453674317,0.32226710945367815,83.31649379205192,4.658443707972765,87.975278042024,16926.241445083026,6.0012126920263915,10.733198281311575,14.14868655204773,11.56336085319519,0.006228224840015173,33.281341552734375,0.39897627010941505,10.615823316574097,33.011171188354496,0.02051788330078125,0.2155328369140625,True,1000042.0
211,0.0007061631197964288,0.0006907258767751046,32.126173973083496,0.8785480344295502,0.009698207005858422,20.136563453674317,0.32226710945367815,83.62212304095738,4.619149084028322,88.24160095799016,17014.546991332987,5.979278949364923,10.824504489990483,15.526644611358643,11.868365201950073,0.006518025416880846,33.281341552734375,0.44080868616700175,12.86654176235199,33.222999534606934,0.0172015380859375,0.2581793212890625,True,1000042.0
212,0.0006461852965819616,0.0006910229290951975,32.12401817321777,0.8785598957538605,0.009698207005858422,20.136563453674317,0.32226710945367815,83.66278224997222,4.8412792080198415,88.5043882500031,17103.117307583016,5.9763730843432,10.327848870433312,13.962542457580566,11.002663583755494,0.0047174859791994095,33.281341552734375,0.43759351953864095,10.833882503509521,32.81270057678223,0.0171185302734375,0.1795855712890625,True,1000042.0
213,0.0006832248431878725,0.0006907221904839389,32.12585159301758,0.8792974853515625,0.009698207005858422,20.136563453674317,0.32226710945367815,83.54496966698207,4.697472125000786,88.24277337495005,17191.424905916007,5.984800784452325,10.644022714662013,14.206513538360596,11.454846515655518,0.003879052586853504,33.281341552734375,0.40783149302005767,10.835407762527465,33.01451118469238,0.01916595458984375,0.20136260986328125,True,1000042.0
214,0.000647725216220806,0.0006888232790515758,32.13545291900635,0.8792315983772278,0.009698207005858422,20.136563453674317,0.32226710945367815,83.60460229200544,4.700017541996203,88.30494483397342,17279.794091833028,5.980532007719529,10.638258166748006,14.16099181175232,11.28674924850464,0.0059477039612829685,33.281341552734375,0.4195269814133644,10.996155414581299,33.10329471588135,0.01835784912109375,0.1733544921875,True,1000042.0
215,0.000653222101236679,0.0006985993948183022,32.078727912902835,0.8760746908187866,0.009698207005858422,20.136563453674317,0.32226710945367815,83.84755529201357,4.704300749988761,88.55218454200076,17368.47276587502,5.9632030803839635,10.628572163486668,16.061498975753786,11.705779571533203,0.004918478894978762,33.281341552734375,0.4945889338850975,13.826578838825226,33.209499740600585,0.01476715087890625,0.251669921875,True,1000042.0
216,0.0006610312810123559,0.0006912248974549584,32.122269020080566,0.8784993278980255,0.009698207005858422,20.136563453674317,0.32226710945367815,83.61740233300952,4.698694457998499,88.31644841696834,17456.855515665986,5.979616515814863,10.641253745470923,13.948849930763245,11.40933385848999,0.00207390240393579,33.281341552734375,0.3930463021248579,10.432365341186523,33.01650615692139,0.02020263671875,0.20371551513671876,True,1000042.0
217,0.0006569075110105587,0.0006918741235858761,32.11610481262207,0.8794479274749756,0.009698207005858422,20.136563453674317,0.32226710945367815,83.62908716703532,4.692019957990851,88.3214315000223,17545.24190587501,5.978781031070355,10.656391159386772,14.396670598983764,11.503108692169189,0.0027584731578826904,33.281341552734375,0.37272505834698677,11.213938627243042,33.06249034881592,0.02080902099609375,0.20652099609375,True,1000042.0
218,0.0006644372188732178,0.000689640496566426,32.13228237152099,0.8792345309257508,0.009698207005858422,20.136563453674317,0.32226710945367815,83.34724812500644,4.71167037502164,88.05923841695767,17633.365315665986,5.99899830226052,10.611947785029498,14.995464038848876,11.646534271240235,0.0034701877739280462,33.281341552734375,0.4295247483253479,12.03226764678955,33.11819149017334,0.017989501953125,0.22977294921875,True,1000042.0
219,0.0006953046205267128,0.0006897140349610708,32.13083114624023,0.8794361770153045,0.009698207005858422,20.136563453674317,0.32226710945367815,83.71676658297656,4.6744600419769995,88.39174045796972,17721.822437458002,5.972519250423042,10.69642259234142,14.416431245803834,11.360867643356324,0.004128139931708574,33.281341552734375,0.413199714794755,11.313758056163788,32.99600170135498,0.01872894287109375,0.17724761962890626,True,1000042.0
220,0.0006495623716589307,0.0006898549564357382,32.133456497192384,0.8803979647159577,0.009698207005858422,20.136563453674317,0.32226710945367815,83.54667212499771,4.701692583039403,88.24868987494847,17810.13590949998,5.984678830198393,10.634468144592637,14.609850964546204,11.690282020568848,0.0037596120964735746,33.281341552734375,0.38455800510942934,11.405741143226624,33.12270351409912,0.0225933837890625,0.2194732666015625,True,1000042.0
221,0.000682976386761311,0.0006919451929570642,32.11611534118652,0.8794597828388214,0.009698207005858422,20.136563453674317,0.32226710945367815,83.69998895801837,4.71651183400536,88.41683000000194,17898.617842000007,5.973716439207494,10.601054711557666,13.841236763000488,11.447012825012207,0.0047933668829500675,33.281341552734375,0.4357189744710922,10.229935369491578,33.00754062652588,0.0166131591796875,0.1796905517578125,True,1000042.0
222,0.0006954528463436418,0.0006930205653770826,32.11275310516358,0.8782721090316773,0.009698207005858422,20.136563453674317,0.32226710945367815,83.54133183299564,4.733830041950569,88.27550091600278,17986.96057658302,5.98506139451465,10.56227189335204,15.364603548049926,11.854396457672118,0.003970290534198284,33.281341552734375,0.4218624537438154,12.52806649684906,33.20419982910156,0.01857666015625,0.253848876953125,True,1000042.0
223,0.0006661583627028449,0.0006893171109550167,32.13214302062988,0.8800346279144287,0.009698207005858422,20.136563453674317,0.32226710945367815,83.63533800002187,4.687628458021209,88.32331841700943,18075.34865029101,5.978334182135657,10.666374361313297,14.367323474884033,11.523814096450806,0.004762779455631971,33.281341552734375,0.3758597551286221,11.054991106987,33.04389209747315,0.02177459716796875,0.20713104248046876,True,1000042.0
224,0.0006401581050533878,0.0006997474571107887,32.075436401367185,0.8754987728595733,0.009698207005858422,20.136563453674317,0.32226710945367815,83.79986654099775,4.68512679199921,88.48532245802926,18163.901697166002,5.96659661451111,10.672069768823544,16.02537356376648,11.75428557395935,0.0037365176249295473,33.281341552734375,0.4954838110506535,13.737021613121033,33.246719970703126,0.01501190185546875,0.2458062744140625,True,1000042.0
225,0.0006489455210712549,0.0006922795492573642,32.11174198150635,0.880073105096817,0.009698207005858422,20.136563453674317,0.32226710945367815,83.63942125003086,4.694845666002948,88.33461487502791,18252.300331999984,5.978042321757642,10.64997734900379,13.866171340942383,11.577108058929444,0.0025150487199425697,33.281341552734375,0.3611838760972023,10.188870816230773,33.02663436889648,0.02135833740234375,0.1914678955078125,True,1000042.0
226,0.0006689309321794781,0.0006970017821004149,32.093495559692386,0.8766951584815978,0.009698207005858422,20.136563453674317,0.32226710945367815,83.67676837503677,4.676265707996208,88.35337791702477,18340.71805245799,5.9753741654913695,10.692292337987169,15.422349700927734,11.541708641052246,0.006043197121471167,33.281341552734375,0.46845962330698965,12.812906889915466,33.20330871582031,0.01475830078125,0.20892913818359374,True,1000042.0
227,0.0006750875571306097,0.0006899226750829257,32.12607528686524,0.8798597943782807,0.009698207005858422,20.136563453674317,0.32226710945367815,83.43824995798059,4.701664082997013,88.14042070799042,18428.924276249978,5.992455501545148,10.634532607469517,14.061552295684814,11.542860660552979,0.0035417615436017513,33.281341552734375,0.38460165560245513,10.4839288854599,33.03410591125488,0.0194427490234375,0.21118377685546874,True,1000042.0
228,0.000645560221993378,0.0006886454168125056,32.136515350341796,0.8801110267639161,0.009698207005858422,20.136563453674317,0.32226710945367815,83.29825908399653,4.69838004198391,87.99698804196669,18516.98618441602,6.0025264092951645,10.641965859127756,14.948925204277039,11.878836402893066,0.003927621524780989,33.281341552734375,0.3673801863193512,11.842627449035644,33.189926300048825,0.02196685791015625,0.23630401611328125,True,1000042.0
229,0.0006480502996557221,0.0006887165139778517,32.13295104980469,0.8802906751632691,0.009698207005858422,20.136563453674317,0.32226710945367815,83.49515408300795,4.715674625011161,88.21118325000862,18605.32218941601,5.988371486840034,10.60293679610723,14.09045425415039,11.528168363571167,0.0032573495991528034,33.281341552734375,0.38782570540905,10.588904852867126,33.00985946655273,0.0211773681640625,0.20709716796875,True,1000042.0
230,0.0006674565898883884,0.0006886714101710823,32.13704669952393,0.8799607372283935,0.009698207005858422,20.136563453674317,0.32226710945367815,83.59616295795422,4.660026541969273,88.25651629199274,18693.64273337499,5.981135763988133,10.729552621575966,14.573526048660279,11.446636447906494,0.0036586099304258823,33.281341552734375,0.37028800196945666,11.583794417381286,33.101293601989745,0.0225592041015625,0.16751861572265625,True,1000042.0
231,0.0006613509656700671,0.0007049574388656765,32.03229892730713,0.8798948800563813,0.009698207005858422,20.136563453674317,0.32226710945367815,83.58533312496729,4.731599499995355,88.31726899999194,18782.082140499988,5.981910716949071,10.567251095543714,12.666579775810241,11.29605544090271,0.002375140553340316,33.281341552734375,0.2974584864079952,8.599158633947372,32.77898620605469,0.03201019287109375,0.1576910400390625,True,1000042.0
232,0.0006433784096242334,0.0006958838795253541,32.10001819610596,0.8772985434532166,0.009698207005858422,20.136563453674317,0.32226710945367815,82.65445870900294,4.7219339170260355,87.37672599998768,18869.519791458006,6.049280435799874,10.588881775687991,15.111070537567139,11.56336175918579,0.005888544488698244,33.281341552734375,0.4525129833817482,12.331681642532349,33.248310775756835,0.01498779296875,0.20590057373046874,True,1000042.0
233,0.0006459219547471093,0.0006966469103645067,32.08942024230957,0.8766748344898224,0.009698207005858422,20.136563453674317,0.32226710945367815,83.48723562498344,4.7009824169799685,88.18874250003137,18957.77320395797,5.988939461907105,10.636074668009773,15.396757030487061,11.653052577972412,0.004627855494618416,33.281341552734375,0.45490958899259565,12.692506453990937,33.20896244049072,0.01609588623046875,0.2118603515625,True,1000042.0
234,0.0006345627419023003,0.0006895332768908701,32.13214458465576,0.8803330111503601,0.009698207005858422,20.136563453674317,0.32226710945367815,83.54251383303199,4.6891829170053825,88.23202933301218,19046.07199604102,5.984976714960956,10.662838469933504,14.396218008995056,11.651258010864257,0.003655869048088789,33.281341552734375,0.3667005424201488,11.053211283683776,33.17859363555908,0.02212799072265625,0.1814453125,True,1000042.0
235,0.0006370053378997227,0.0006896404617873486,32.1273159790039,0.8805369114875794,0.009698207005858422,20.136563453674317,0.32226710945367815,83.61808841698803,4.691765000054147,88.31017383298604,19134.44882612498,5.97956745323562,10.656970244550388,13.267449150085449,11.127024545669556,0.0023069134913384914,33.281341552734375,0.3688938248157501,9.634836070537567,32.77903205871582,0.02280609130859375,0.16039093017578124,True,1000042.0
236,0.0006404699043807795,0.0006919602287234739,32.121171379089354,0.8790787136554719,0.009698207005858422,20.136563453674317,0.32226710945367815,83.09923837496899,4.730731291987468,87.83029741601786,19222.342984624993,6.016902317971294,10.569190451524056,14.617192001342774,11.651070699691772,0.004073146265000105,33.281341552734375,0.4115858140587807,11.380097954273223,33.14353771209717,0.01749481201171875,0.1939398193359375,True,1000042.0
237,0.0006760633295934895,0.0006900607587886043,32.12936443328857,0.8788661193847657,0.009698207005858422,20.136563453674317,0.32226710945367815,83.9230782079976,4.750889458984602,88.67429945798358,19311.084507415973,5.957836755710797,10.524345058259133,14.474767017364503,11.257828903198241,0.003083094721660018,33.281341552734375,0.40590675964951517,11.613690543174744,33.06641040802002,0.019002685546875,0.1577386474609375,True,1000042.0
238,0.0006525926581484782,0.0006922584515996278,32.11841217041015,0.8782155287265777,0.009698207005858422,20.136563453674317,0.32226710945367815,83.47574208397418,4.65362295799423,88.12968391698087,19399.281027207995,5.989764062199225,10.744316944308403,15.610162982940674,11.84694107055664,0.0027766407001763582,33.281341552734375,0.4243073529005051,12.978612504005433,33.18889465332031,0.01738006591796875,0.2447454833984375,True,1000042.0
239,0.000658030062348189,0.0006896353157935664,32.13043087005615,0.880319060087204,0.009698207005858422,20.136563453674317,0.32226710945367815,83.55643616698217,4.716499333968386,88.27326524996897,19487.61992883301,5.983979486640409,10.60108280730548,13.95157989025116,11.347047061920167,0.001971648307517171,33.281341552734375,0.3562903112918139,10.536711990833282,32.998957328796386,0.02359588623046875,0.1520843505859375,True,1000042.0
240,0.0006523710342576124,0.0006904127624875401,32.12815921783447,0.8783227300643921,0.009698207005858422,20.136563453674317,0.32226710945367815,83.84063416603021,4.702713583013974,88.54385291598737,19576.231987457984,5.963695348604429,10.632159309169525,15.16825478553772,11.490386114120483,0.002958867000415921,33.281341552734375,0.42017432510852815,12.559429891109467,33.13265529632568,0.02143707275390625,0.2094793701171875,True,1000042.0
241,0.000669948928731742,0.0006963398974039592,32.09627239227295,0.8771355879306794,0.009698207005858422,20.136563453674317,0.32226710945367815,83.46774983400246,4.731852374970913,88.19995370903052,19664.498656249983,5.990337597387989,10.566686370960031,15.107424545288087,11.53089500427246,0.0027240829076617956,33.281341552734375,0.4587521339952946,12.348535261154176,33.18754665374756,0.0147540283203125,0.18558258056640625,True,1000042.0
242,0.0006528381571705495,0.0006889087813033257,32.137614784240725,0.8797544491291046,0.009698207005858422,20.136563453674317,0.32226710945367815,83.53411108296132,4.674475209030788,88.20891154196579,19752.774191833014,5.985578747625967,10.69638788615312,14.529249963760376,11.565124540328979,0.0030186667572706938,33.281341552734375,0.37024413138628004,11.398963332176208,33.15942775726318,0.02130157470703125,0.166041259765625,True,1000042.0
243,0.0006345060423668656,0.0006891031793202273,32.13388389587402,0.8801047015190124,0.009698207005858422,20.136563453674317,0.32226710945367815,83.35463229200104,4.7221648750128224,88.07714341703104,19840.974353125,5.9984668668256065,10.58836388042555,13.739327750205995,11.417122707366943,0.0024431024212390184,33.281341552734375,0.3769028885662556,10.190517151355744,32.94938247680664,0.0205450439453125,0.16429534912109375,True,1000042.0
244,0.0006482941818438803,0.0006893752595351543,32.13660316467285,0.8797539293766021,0.009698207005858422,20.136563453674317,0.32226710945367815,83.39038779202383,4.672148916986771,88.06286700000055,19929.107453124976,5.995894889552537,10.701713684298984,14.565162391662598,11.628134365081786,0.0027302508242428303,33.281341552734375,0.3728904039412737,11.344285655021668,33.131650085449216,0.020098876953125,0.196348876953125,True,1000042.0
245,0.0006525588201661776,0.0006893793106428348,32.13421211242676,0.8799994671344757,0.009698207005858422,20.136563453674317,0.32226710945367815,83.3694782499806,4.703334166028071,88.07313645799877,20017.24606937499,5.997398694289133,10.630756445320705,13.863376846313477,11.240540418624878,0.0027753468602895737,33.281341552734375,0.37223105564713477,10.590617656707764,33.00169326782227,0.0212554931640625,0.14058013916015624,True,1000042.0
246,0.0006406006993174742,0.0006926193497201893,32.11297798156738,0.8781464719772338,0.009698207005858422,20.136563453674317,0.32226710945367815,83.63208641699748,4.6383772090193816,88.27079949999461,20105.58144012498,5.978566617445758,10.779632131421822,13.547192492485046,11.260328168869018,0.0016817629802972078,33.281341552734375,0.3873845124989748,10.088180103302001,33.000585594177245,0.0206329345703125,0.16813812255859376,True,1000042.0
247,0.0006689983141518496,0.0006898396619362757,32.13264484405518,0.8794164311885834,0.009698207005858422,20.136563453674317,0.32226710945367815,83.63847587496275,4.756688290974125,88.39548766700318,20194.045972333028,5.978109892240103,10.511514932537333,14.862594881057738,11.818539190292359,0.0016313432715833187,33.281341552734375,0.38572566851973533,11.712582855224609,33.15035705566406,0.019390869140625,0.20894805908203126,True,1000042.0
248,0.000665878101490307,0.000710598552977899,32.02129108428955,0.8748174631595611,0.009698207005858422,20.136563453674317,0.32226710945367815,83.62568529200507,4.685667459038086,88.31220212503104,20282.42317591599,5.979024246606705,10.670838346318419,15.506021032333374,11.681842203140258,0.004761748481541872,33.281341552734375,0.4986855101585388,12.822871799468993,33.21523246765137,0.01106536865234375,0.19736236572265625,True,1000042.0
249,0.0006577454049111111,0.0006879281377769075,32.14347557067871,0.8794585692882538,0.009698207005858422,20.136563453674317,0.32226710945367815,83.81722508301027,4.7296968750306405,88.54726062499685,20371.039610624983,5.965360932729684,10.57150200554366,14.18241353034973,11.384579200744628,0.0028667340520769358,33.281341552734375,0.37248554222285746,10.885346269607544,33.092041206359866,0.0218310546875,0.15778228759765625,True,1000042.0
250,0.0006484204334396964,0.0007066352279798593,32.03998874664307,0.8745542883872985,0.009698207005858422,20.136563453674317,0.32226710945367815,83.49648629198782,4.6868963339948095,88.18371979199583,20459.346121665993,5.9882759407563135,10.668040519126057,16.18905679702759,12.003905744552613,0.002577895298600197,33.281341552734375,0.4457093620300293,14.09984842300415,33.2695100402832,0.01393402099609375,0.2303466796875,True,1000042.0
251,0.0006379505849422458,0.0006960565671033692,32.099713249206545,0.8772576200962067,0.009698207005858422,20.136563453674317,0.32226710945367815,83.52843158401083,4.716455749992747,88.24520237499382,20547.655897750024,5.985985735852257,10.60118077013166,14.556039905548095,11.349609308242798,0.0026248462963849306,33.281341552734375,0.439418370872736,11.491239061355591,33.10422206878662,0.01550811767578125,0.166239013671875,True,1000042.0
252,0.0007164831050636166,0.0006887639092747122,32.13509994506836,0.879838011264801,0.009698207005858422,20.136563453674317,0.32226710945367815,83.72159491601633,4.72168341599172,88.44362541602459,20636.163458375,5.972174807486231,10.58944355114038,13.440157308578492,11.114176301956176,0.0024965095799416304,33.281341552734375,0.38280773974955085,9.904506258964538,32.839754524230955,0.02112396240234375,0.12704864501953125,True,1000042.0
253,0.0006419180028699429,0.0006922073036548682,32.11998733520508,0.8784533894062042,0.009698207005858422,20.136563453674317,0.32226710945367815,83.67324870900484,4.6959140410181135,88.36948770901654,20724.597530333005,5.9756255160938965,10.647554355394371,14.332788734436035,11.266870012283325,0.003257021540775895,33.281341552734375,0.3959320151805878,11.330375220775604,33.08584815979004,0.01915374755859375,0.1393988037109375,True,1000042.0
254,0.0006640368801511158,0.0006901794500299729,32.128583145141604,0.8793824088573455,0.009698207005858422,20.136563453674317,0.32226710945367815,83.57493541698204,4.72409420798067,88.29935045802267,20812.96168470799,5.9826549372170055,10.584039563718326,14.33086175918579,11.536850996017456,0.001701605855487287,33.281341552734375,0.3793265362083912,11.051453268527984,33.047212562561036,0.02108917236328125,0.179725341796875,True,1000042.0
255,0.000656640479055568,0.0006895768971298821,32.13276252746582,0.8791950178146363,0.009698207005858422,20.136563453674317,0.32226710945367815,83.66828716604505,4.724858707981184,88.39347116602585,20901.419914,5.975979871653379,10.58232702610567,13.710643768310547,11.08456392288208,0.002610994502902031,33.281341552734375,0.3916034385561943,10.379125475883484,33.03626117706299,0.0203851318359375,0.12125732421875,True,1000042.0
256,0.0006516048963212597,0.0006890930088411551,32.13901309967041,0.8785387635231018,0.009698207005858422,20.136563453674317,0.32226710945367815,83.31756799999857,4.735324417008087,88.05321837501833,20989.536434208014,6.001135318784252,10.558938648514271,14.336684694290161,11.34072974205017,0.00265035149641335,33.281341552734375,0.4152567559480667,11.196143264770507,33.0476155090332,0.01845306396484375,0.1682318115234375,True,1000042.0
257,0.0006692911196510067,0.0006897836740245111,32.1321337890625,0.8805273389816284,0.009698207005858422,20.136563453674317,0.32226710945367815,83.43998695799382,4.707544582954142,88.14803637500154,21077.75168091597,5.99233075445847,10.621248321481286,14.023586807250977,11.505498285293578,0.0021987350191920996,33.281341552734375,0.34389101423323154,10.541274077892304,33.074151611328126,0.0254473876953125,0.15362030029296875,True,1000042.0
258,0.0006404118909094905,0.0006905116322741378,32.13108379364014,0.8788058710098267,0.009698207005858422,20.136563453674317,0.32226710945367815,83.92001650005113,4.703624665969983,88.62397133302875,21166.446401833004,5.958054119301744,10.630099880575608,15.193875665664672,11.701807928085326,0.0009215967729687691,33.281341552734375,0.37372707888484,12.40956964969635,33.099076194763185,0.02149871826171875,0.197691650390625,True,1000042.0
259,0.0006139029404146186,0.0006911098011187278,32.126206436157226,0.878535453081131,0.009698207005858422,20.136563453674317,0.32226710945367815,83.84328562498558,4.852430334023666,88.69604774995241,21255.207042957976,5.963506752781624,10.304114960582996,14.862522115707398,11.510457601547241,0.003278926480561495,33.281341552734375,0.4128620155155659,11.978198606967926,33.15344875335693,0.01775848388671875,0.16922637939453125,True,1000042.0
260,0.0006434926296460617,0.000689795505895745,32.129640884399414,0.8804393005371094,0.009698207005858422,20.136563453674317,0.32226710945367815,83.67372325004544,4.71178091596812,88.38581850001356,21343.657406791026,5.97559162636794,10.611698822954844,13.461887583732604,11.335442934036255,0.002634323900565505,33.281341552734375,0.34076137229800224,9.756109476089478,33.014666900634765,0.0237652587890625,0.142545166015625,True,1000042.0
261,0.0006912482381906102,0.000690411182877142,32.130474700927735,0.8792839598655701,0.009698207005858422,20.136563453674317,0.32226710945367815,83.30695674999151,4.7395210830145516,88.04679608298466,21431.76870437499,6.001899715296597,10.549589109159045,14.168931713104248,11.298765077590943,0.0020929411984980106,33.281341552734375,0.3685153366625309,10.967331349849701,33.07620914459228,0.0210980224609375,0.1365496826171875,True,1000042.0
262,0.0006368146616187005,0.0006894988189742434,32.1348957824707,0.8798709428310394,0.009698207005858422,20.136563453674317,0.32226710945367815,83.45145058399066,4.7137145409942605,88.16549408400897,21520.005009958026,5.991507595146825,10.607345770550953,14.439092769622803,11.520642442703247,0.002842860296368599,33.281341552734375,0.3655533207952976,11.260709629058837,33.11962776184082,0.02215179443359375,0.16154876708984375,True,1000042.0
263,0.0006373800525107072,0.0006917911522032228,32.12014232635498,0.8797059631347657,0.009698207005858422,20.136563453674317,0.32226710945367815,83.87469116703141,4.6508695829543285,88.52587854204467,21608.599918124994,5.961273812672288,10.750677719119995,13.563280992507934,11.243691844940185,0.0020847837440669537,33.281341552734375,0.3628571569174528,10.066132907867432,33.0183330154419,0.02230010986328125,0.13144195556640625,True,1000042.0
264,0.000663136144229611,0.0006903576839249581,32.12704536437988,0.8803154790401458,0.009698207005858422,20.136563453674317,0.32226710945367815,83.89619124995079,4.720122499973513,88.61665549996542,21697.28298358302,5.959746116606852,10.592945416200655,13.861594820022583,11.466256771087647,0.0032628884073346853,33.281341552734375,0.35214272752404213,10.429177565574646,33.13737163543701,0.0220458984375,0.145731201171875,True,1000042.0
265,0.0006628528127830578,0.0006894922303035855,32.13401569366455,0.879601253271103,0.009698207005858422,20.136563453674317,0.32226710945367815,83.68374912498984,4.7372618750086986,88.42135241697542,21785.77018666602,5.974875710374797,10.554620225614652,13.60682487487793,11.20594596862793,0.003956909757107496,33.281341552734375,0.3574157206714153,10.160307102203369,32.99642570495605,0.02251220703125,0.12952880859375,True,1000042.0
266,0.0006258164069611212,0.0006900447786028962,32.129175338745114,0.8800578534603118,0.009698207005858422,20.136563453674317,0.32226710945367815,83.4600537919905,4.74415450001834,88.20471504202578,21874.044779791002,5.990889980087504,10.539285767317804,13.66026599407196,11.330377559661866,0.0015035453252494335,33.281341552734375,0.34351387426257135,10.111981964111328,33.060376930236814,0.02389984130859375,0.14053802490234374,True,1000042.0
267,0.0006238729525222198,0.0006901062597171404,32.12768920898438,0.8799100923538208,0.009698207005858422,20.136563453674317,0.32226710945367815,83.64321229199413,4.716517957975157,88.36006545898272,21962.472182458005,5.977771373181195,10.601040947051848,12.952283573150634,10.985776824951172,0.0021337331272661686,33.281341552734375,0.3496659106016159,9.270135412216186,32.902882766723636,0.0219219970703125,0.10890106201171874,True,1000042.0
268,0.0006366701754000133,0.0006910403040819802,32.12282367706299,0.8802834725379944,0.009698207005858422,20.136563453674317,0.32226710945367815,83.54601008398458,4.706295000039972,88.25263495900435,22050.792799958,5.984726254400123,10.624068401911765,13.680228052139283,11.623682804107666,0.003321407362818718,33.281341552734375,0.3382757008075714,9.786179542541504,33.01001953125,0.02229034423828125,0.17514678955078125,True,1000042.0
269,0.0006370800220457795,0.0007008610008051619,32.07385269165039,0.8768054449558258,0.009698207005858422,20.136563453674317,0.32226710945367815,83.47964712500107,4.725382875010837,88.20536445797188,22139.066559665982,5.989483870856667,10.581153172669703,14.998106861114502,11.485876731872558,0.003141345689073205,33.281341552734375,0.4297330966591835,12.2551801776886,33.17557956695557,0.01529571533203125,0.1571905517578125,True,1000042.0
270,0.0006725210059998971,0.0006906277040252462,32.12702903747559,0.8797073721885681,0.009698207005858422,20.136563453674317,0.32226710945367815,82.8848462079768,4.71107908396516,87.5965244579711,22226.728182500025,6.032465798939737,10.613279698526446,13.286228761672973,11.120350141525268,0.0029679243452847004,33.281341552734375,0.36364221319556234,9.744623982906342,32.96270496368408,0.02063873291015625,0.1272589111328125,True,1000042.0
271,0.0006434426174059809,0.0007172613158763852,31.97496513366699,0.8725212860107422,0.009698207005858422,20.136563453674317,0.32226710945367815,83.46611416700762,4.7196473340154625,88.18608795903856,22314.981557458028,5.9904549887101295,10.594011895685465,14.690520448684692,11.096220273971557,0.0016825791681185365,33.281341552734375,0.47098910570144653,11.996481285095214,33.18193244934082,0.0132928466796875,0.13034088134765626,True,1000042.0
272,0.0006665298307093508,0.0006896872207289562,32.13368751525879,0.8799003732204437,0.009698207005858422,20.136563453674317,0.32226710945367815,83.45666808402166,4.729177209024783,88.18618508399231,22403.233567165997,5.991133021229833,10.572663655864703,14.044503259658814,11.367341480255128,0.0014312375569716096,33.281341552734375,0.3649350104480982,10.71348026752472,33.07286277770996,0.0221112060546875,0.1394366455078125,True,1000042.0
273,0.000684557641709489,0.0006912556051975116,32.126764183044436,0.8794635653495788,0.009698207005858422,20.136563453674317,0.32226710945367815,83.60493562498596,4.6885192089830525,88.29377566697076,22491.59381141598,5.980508163331105,10.664347904174436,14.25201756477356,11.569635038375855,0.0030463705770671368,33.281341552734375,0.3627006581425667,10.915937280654907,33.10054027557373,0.020810546875,0.16548095703125,True,1000042.0
274,0.000662332422700274,0.0006944408669369295,32.1085400390625,0.8780471217632294,0.009698207005858422,20.136563453674317,0.32226710945367815,83.74677824997343,4.682536375010386,88.42965537495911,22580.087895249977,5.970378926190616,10.67797364412126,13.899716634750366,11.163987760543824,0.0015492156380787492,33.281341552734375,0.39025331363081933,10.647263298034668,33.122923851013184,0.01849456787109375,0.11513427734375,True,1000042.0
275,0.000642206199342354,0.0006916092147002928,32.12574275970459,0.8783969807624817,0.009698207005858422,20.136563453674317,0.32226710945367815,83.3274952499778,4.653741125017405,87.98156325001037,22668.135555166024,6.000420371451561,10.744044126393689,14.849342489242554,11.548749046325684,0.0018014487577602267,33.281341552734375,0.3785997238755226,11.906849985122681,33.157408485412596,0.0196636962890625,0.15736114501953125,True,1000042.0
276,0.0006769643515822281,0.0006985166014055722,32.07800395965576,0.8768141651153565,0.009698207005858422,20.136563453674317,0.32226710945367815,83.91611237503821,4.677854041045066,88.59430350002367,22756.79740404102,5.958331312649448,10.688661843931676,14.63197961807251,11.317217426300049,0.0015757245710119605,33.281341552734375,0.4067117327451706,11.862681436538697,33.18708927154541,0.0178887939453125,0.12449371337890625,True,1000042.0
277,0.0006555600367821626,0.0006890503171598539,32.1379965209961,0.8802690935134888,0.009698207005858422,20.136563453674317,0.32226710945367815,83.60589666600572,4.74038145900704,88.34659637499135,22845.210677708004,5.980439418016561,10.547674365951432,13.9461860370636,11.465324277877807,0.0018647594843059778,33.281341552734375,0.3283853375911713,10.519114003181457,33.07831920623779,0.023099365234375,0.14012481689453124,True,1000042.0
278,0.0006681769497176333,0.0006931788833753671,32.11295665740967,0.8784840428829193,0.009698207005858422,20.136563453674317,0.32226710945367815,83.31575295800576,4.71209624997573,88.02816983300727,22933.304372916027,6.001266054116064,10.61098868688379,15.050601148605347,12.006083116531372,0.002453430090099573,33.281341552734375,0.37845912858843805,11.855784740447998,33.26028015136719,0.020284423828125,0.239521484375,True,1000042.0
279,0.0006413269189073958,0.0006897954562737141,32.13263313293457,0.8799321913719177,0.009698207005858422,20.136563453674317,0.32226710945367815,83.31635345797986,4.710594083997421,88.0274497079663,23021.397100499977,6.001222800181386,10.614372435497538,14.68442445755005,11.631184492111206,0.0010005478980019689,33.281341552734375,0.3344343540072441,11.680840349197387,33.12033752441406,0.02474609375,0.16521636962890626,True,1000042.0
280,0.0006602296164676317,0.0006885589158628136,32.14112289428711,0.8799521040916443,0.009698207005858422,20.136563453674317,0.32226710945367815,83.71929325000383,4.746366375009529,88.46600270800991,23109.928887582995,5.972338998453945,10.534374308578236,13.990187349319458,11.419103775024414,0.0006606834358535707,33.281341552734375,0.323283074721694,10.646885185241699,33.11556076049805,0.02501617431640625,0.1486907958984375,True,1000042.0
281,0.0006411593388683059,0.0006932428310392425,32.113710746765136,0.8781120085716247,0.009698207005858422,20.136563453674317,0.32226710945367815,83.59378137497697,4.694327916018665,88.28843891597353,23198.28274324999,5.981306166270286,10.65115196349679,14.91378207206726,11.727034797668457,0.0010584829142317176,33.281341552734375,0.35963235385715964,11.939328999519349,33.25096351623535,0.02084869384765625,0.166025390625,True,1000042.0
282,0.0006533820026079411,0.0006937910582928453,32.11337718963623,0.8777627325057984,0.009698207005858422,20.136563453674317,0.32226710945367815,83.416204209032,4.69199691695394,88.10861054202542,23286.456782625028,5.994039224645777,10.656443489835063,14.343477811813354,11.277225770950317,0.0029784590005874634,33.281341552734375,0.3786671940237284,11.3116228723526,33.09963821411133,0.02034149169921875,0.13101104736328126,True,1000042.0
283,0.0006373001868014398,0.0006902950874064118,32.13392402648926,0.8796038234233856,0.009698207005858422,20.136563453674317,0.32226710945367815,83.8805031250231,4.768178540980443,88.64899691700703,23375.174569874973,5.960860764685147,10.486184518946073,14.371624832153321,11.568471488952637,0.0022047134116292,33.281341552734375,0.3260714657604694,11.151201701164245,33.13049209594727,0.02483306884765625,0.147584228515625,True,1000042.0
284,0.000609077330719856,0.0006934083192027174,32.11564853668213,0.8783710670471191,0.009698207005858422,20.136563453674317,0.32226710945367815,83.42596608295571,4.688051291042939,88.11433845799183,23463.35735508302,5.993337847629099,10.665412320793237,14.52313829421997,11.51375431060791,0.0019527060212567449,33.281341552734375,0.36804404854774475,11.436185383796692,33.14591510772705,0.0189898681640625,0.14315673828125,True,1000042.0
285,0.0006654872663593778,0.000690699350379873,32.13019142150879,0.8787615537643433,0.009698207005858422,20.136563453674317,0.32226710945367815,83.4784065830172,4.685396249988116,88.16428783303127,23551.589962750004,5.989572878379781,10.67145601615377,14.51417820930481,11.6269961643219,0.0009365507285110652,33.281341552734375,0.3288128899037838,11.380986409187317,33.180420837402345,0.02371856689453125,0.16337432861328124,True,1000042.0
286,0.0006553938226438732,0.0006913379053003155,32.12412586212158,0.8797074401378632,0.009698207005858422,20.136563453674317,0.32226710945367815,83.5462007499882,4.745142500032671,88.29168049996952,23639.947214874992,5.98471259628249,10.53709135176778,13.59334885597229,11.266061754226685,0.0018946443451568484,33.281341552734375,0.36304195523262023,10.087784399986267,33.085019226074216,0.02,0.1288134765625,True,1000042.0
287,0.0006705122840517106,0.0006945514029939658,32.108592109680174,0.8779704058170319,0.009698207005858422,20.136563453674317,0.32226710945367815,83.25766674999613,4.719206333043985,87.97719270800008,23727.992882708,6.00545294526913,10.595001886206779,14.917926902770995,11.6264919090271,0.0012434327509254217,33.281341552734375,0.36291324824094773,12.078889880180359,33.201134033203125,0.019569091796875,0.167933349609375,True,1000042.0
288,0.0006908757803192884,0.000708498585736379,32.02809967041016,0.8751372635364533,0.009698207005858422,20.136563453674317,0.32226710945367815,83.65561162499944,4.863039374991786,88.51915533299325,23816.578005165997,5.976885355178985,10.281635854549185,16.123595514297484,11.76077519416809,0.003345516277477145,33.281341552734375,0.4339145918190479,14.008719301223755,33.224125175476075,0.01572723388671875,0.20958740234375,True,1000042.0
289,0.0006121571383484934,0.0006946391001110896,32.1073299407959,0.878702563047409,0.009698207005858422,20.136563453674317,0.32226710945367815,83.27371799998218,4.726782582991291,88.00083954201546,23904.646609915973,6.004295376845153,10.578019852217968,14.072496509552002,11.45754599571228,0.0019345344044268131,33.281341552734375,0.3523901842534542,10.697124683856964,33.11561908721924,0.0200811767578125,0.13984466552734376,True,1000042.0
290,0.0006705726128861897,0.0006914833399059716,32.12514556884766,0.8797181832790375,0.009698207005858422,20.136563453674317,0.32226710945367815,83.29580716695637,4.723127708013635,88.01927408296615,23992.73175770798,6.002703101223457,10.586205389950818,13.956219062805175,11.47037070274353,0.0020451333839446306,33.281341552734375,0.33720597058534624,10.453326818943024,33.066535301208496,0.02243255615234375,0.14425323486328126,True,1000042.0
291,0.0006524132746681062,0.0006914647112716921,32.125684089660645,0.8796256017684937,0.009698207005858422,20.136563453674317,0.32226710945367815,83.35631337499944,4.6996408750419505,88.05627366702538,24080.853017708025,5.998345893137375,10.639110802174578,13.696717357635498,11.332429666519165,0.0023490628227591515,33.281341552734375,0.32984300434589386,10.194302883148193,33.0660514831543,0.0225335693359375,0.12975677490234375,True,1000042.0
292,0.0006384066630498637,0.0006916360033210367,32.12229621887207,0.8795451045036315,0.009698207005858422,20.136563453674317,0.32226710945367815,83.76073849998647,4.786262875015382,88.54733554099221,24169.465524999978,5.969383853988832,10.4465636981628,13.392816486358642,11.193274574279785,0.0027665700763463974,33.281341552734375,0.3323480044305325,9.895470809936523,33.086416702270505,0.02303192138671875,0.1077227783203125,True,1000042.0
293,0.0006508803122942481,0.000695142453914741,32.10586959838867,0.8782953524589538,0.009698207005858422,20.136563453674317,0.32226710945367815,83.53787895804271,4.7249736249796115,88.26319079200039,24257.795301125007,5.98530877532966,10.582069651281017,15.429525442123413,11.953237295150757,0.0012795692309737206,33.281341552734375,0.36437021687626836,12.668634610176086,33.249563751220705,0.0197271728515625,0.2033526611328125,True,1000042.0
294,0.0006447973606386768,0.0006989681825507432,32.09894092559814,0.8801326406002045,0.009698207005858422,20.136563453674317,0.32226710945367815,83.69762658403488,4.721204707981087,88.41916233400116,24346.279673333018,5.973885047958741,10.590517271042316,14.174697489738465,11.627545309066772,0.0005785351968370378,33.281341552734375,0.2789607524126768,10.82181690454483,33.19123096466065,0.03730499267578125,0.1522021484375,True,1000042.0
295,0.0006469130138154924,0.000693288486363599,32.11278224945068,0.8785190963745118,0.009698207005858422,20.136563453674317,0.32226710945367815,83.46351149998372,4.72992679203162,88.1939115410205,24434.540091707982,5.990641790815349,10.57098813542604,14.003353986740112,11.319625053405762,0.0008710165857337415,33.281341552734375,0.34295151978731153,10.817743248939514,33.12834247589112,0.0212078857421875,0.12071441650390625,True,1000042.0
296,0.0006687406489645582,0.0006894120472134091,32.13386299133301,0.8802611589431762,0.009698207005858422,20.136563453674317,0.32226710945367815,83.69720424996922,4.723297749995254,88.4208215829567,24523.029168624984,5.973915192038017,10.585824279244356,13.66461114883423,11.29055196762085,0.001125421840697527,33.281341552734375,0.3001140210032463,10.299642233848571,33.12853851318359,0.02788177490234375,0.11527008056640625,True,1000042.0
297,0.000654081935697377,0.0006924836745020002,32.11933753967285,0.8790230286121369,0.009698207005858422,20.136563453674317,0.32226710945367815,83.66627037501894,4.7360121659585275,88.40262808400439,24611.497566957987,5.976123923760918,10.557405312298313,14.289682865142822,11.675977573394775,0.0013060426572337747,33.281341552734375,0.3196960999071598,10.958108110427856,33.170028610229494,0.02274261474609375,0.159010009765625,True,1000042.0
298,0.000626618400352072,0.0006908645718067418,32.12293430328369,0.8807984137535095,0.009698207005858422,20.136563453674317,0.32226710945367815,83.53210141701857,4.755960749986116,88.28837850003038,24699.854633333016,5.9857227523086305,10.513122926875704,12.635726294517518,10.92915783882141,0.002500864677131176,33.281341552734375,0.29047015734016896,8.910320458412171,32.84618614196777,0.0279339599609375,0.09304962158203126,True,1000042.0
299,0.0006403622899674702,0.0006925681867869571,32.118365058898924,0.8796003794670105,0.009698207005858422,20.136563453674317,0.32226710945367815,83.82308441598434,4.765074375027325,88.58848729095189,24788.511595958,5.964943946928471,10.493015651977789,13.434744997024536,11.365845718383788,0.0013341865269467235,33.281341552734375,0.335201919823885,9.643835861682891,33.01896381378174,0.02061309814453125,0.14106109619140625,True,1000042.0
300,0.0006336459716408171,0.0006932351589784958,32.115823860168454,0.8781845700740815,0.009698207005858422,20.136563453674317,0.32226710945367815,83.20653745799791,4.724657583981752,87.93152350001037,24876.510307749995,6.009143214887371,10.58277750529849,14.304114189147949,11.461647243499756,0.0015041811857372522,33.281341552734375,0.339866082072258,11.149339437484741,33.18572086334228,0.0220465087890625,0.13503173828125,True,1000042.0
