epoch,train_mse,val_mse,val_psnr,val_ssim,noisy_mse,noisy_psnr,noisy_ssim,train_phase_time_sec,validation_time_sec,epoch_time_sec,total_time_sec,train_images_per_sec,validation_images_per_sec,val_lambda_mean,val_lambda_std,val_lambda_min,val_lambda_max,val_lambda_p01,val_lambda_median,val_lambda_p99,continuation_epoch,continuation_seed
1,0.0012385425224056236,0.0010791366372723133,30.33364761352539,0.8187628304958343,0.009698207005858422,20.136563453674317,0.32226710945367815,73.1983536669868,3.259801292006159,76.45851483399747,76.45866083301371,6.830754722636679,15.338358237544231,0.10528401672840118,0.002102460088208318,0.0841558501124382,0.11300533264875412,0.092624744027853,0.10554653003811837,0.10797098875045777,,
2,0.0011266962790177787,0.000924852034659125,30.848194618225097,0.8302989506721496,0.009698207005858422,20.136563453674317,0.32226710945367815,72.68735762502183,3.2689929580083117,75.95665383301093,152.53874254101538,6.878775296515669,15.29523025661803,0.06907505825161935,0.005454256185330451,0.061829544603824615,0.12818564474582672,0.06354429349303245,0.06738003000617027,0.0886308716237545,,
3,0.0009465238917764509,0.0009663474437547848,30.66846569061279,0.8239635336399078,0.009698207005858422,20.136563453674317,0.32226710945367815,72.71293704101117,3.2630426659889054,75.97629312501522,228.61191087501356,6.876355437519909,15.323121735782417,0.06913882449269294,0.009290593154728412,0.03963208571076393,0.1252221167087555,0.052690425887703896,0.06772480487823486,0.09564621821045875,,
4,0.0009013644673541421,0.0009599058021558448,30.634698371887207,0.816715943813324,0.009698207005858422,20.136563453674317,0.32226710945367815,72.72352695799782,3.268023041979177,75.99185908300569,304.65613791599753,6.875354110489991,15.299769725527716,0.06441521055996419,0.00938409878872335,0.029734238982200623,0.13787716627120972,0.04819382056593895,0.06288046397268772,0.09421584516763687,,
5,0.0008859418443571486,0.0009341427823528648,30.817406730651854,0.8303859496116638,0.009698207005858422,20.136563453674317,0.32226710945367815,72.71800708398223,3.2722420420031995,75.99056499998551,380.6966917910031,6.875876004447545,15.28004327252975,0.06986705020070076,0.007727530868723988,0.041984397917985916,0.13698916137218475,0.05541406556963921,0.06914963975548744,0.09457788050174713,,
6,0.0008759266481938539,0.0009803678959724492,30.726612281799316,0.8330865287780762,0.009698207005858422,20.136563453674317,0.32226710945367815,72.73864104200038,3.253888500010362,75.99283116697916,456.7398479160038,6.873925506957059,15.36623028104398,0.08335264548659324,0.01002632910385728,0.035539425909519196,0.15839062631130219,0.06171030804514885,0.08272278547286988,0.10863863199949264,,
7,0.0009239705059444532,0.0009324875636957585,30.77102714538574,0.8236916887760163,0.009698207005858422,20.136563453674317,0.32226710945367815,72.71354554200661,3.246604833024321,75.96046850000857,532.7485157500196,6.876297892957922,15.400703988179345,0.0658986683934927,0.008531277496367694,0.0274492297321558,0.15782737731933594,0.05018899887800217,0.06480385661125183,0.09476617366075515,,
8,0.0008785566504957387,0.0009390056831762195,30.783298263549806,0.8286404347419739,0.009698207005858422,20.136563453674317,0.32226710945367815,72.72283220800455,3.260644959023921,75.98378850001609,608.7840665830008,6.875419793468459,15.33438955431921,0.07054956868290901,0.008773969439789652,0.04289170727133751,0.16784267127513885,0.05603134609758854,0.06931286811828613,0.10108748853206634,,
9,0.0008659336854107096,0.0009275547962170095,30.8217280960083,0.8282082200050354,0.009698207005858422,20.136563453674317,0.32226710945367815,72.61440562500502,3.267648749984801,75.88235820800764,684.7178524580086,6.885686052187739,15.301522233756787,0.06917796507477761,0.009089366737753153,0.027639223262667656,0.1785009354352951,0.05187326945364475,0.0685740664601326,0.10152920424938201,,
10,0.0008837015403696569,0.0009220146856387146,30.918276901245118,0.8371507883071899,0.009698207005858422,20.136563453674317,0.32226710945367815,72.75295062499936,3.262376916973153,76.01581541699125,760.7854021250096,6.872573492960024,15.32624870531214,0.07552284151315689,0.006683479072526097,0.04438333958387375,0.1539728045463562,0.06356139078736306,0.0746652439236641,0.10134748265147209,,
11,0.0009289185515008284,0.000982320443727076,30.724174728393553,0.8330128788948059,0.009698207005858422,20.136563453674317,0.32226710945367815,72.72854037501384,3.2606015000201296,75.98943770799087,836.8718957910023,6.874880169763133,15.334593939091091,0.08848309978842735,0.008919492699205875,0.05080179125070572,0.18085196614265442,0.07313262857496738,0.08751824989914894,0.12105624124407768,,
12,0.0008500171034756932,0.0009719458915060386,30.40291084289551,0.7961740827560425,0.009698207005858422,20.136563453674317,0.32226710945367815,72.73525170900393,3.263074749993393,75.998630416987,912.9228036660061,6.874245819625104,15.322971072023783,0.056951996386051175,0.006832746816799045,0.026489540934562683,0.12241291999816895,0.0425467748939991,0.05647331148386001,0.08101294726133347,,
13,0.0008439257872159942,0.0009091652825009077,30.924328002929688,0.8334548687934875,0.009698207005858422,20.136563453674317,0.32226710945367815,72.74006849998841,3.2557952080096584,75.9961583330005,988.9743781250145,6.873790612392393,15.357231277014545,0.0706696705520153,0.009463956765830516,0.03225342556834221,0.1538311094045639,0.05216341219842434,0.06994470536708831,0.09889251366257668,,
14,0.0009240251379378605,0.0008879815175896511,31.02859573364258,0.837713086605072,0.009698207005858422,20.136563453674317,0.32226710945367815,72.69551158399554,3.2680702910001855,75.96388587498222,1065.0419209160027,6.878003732352559,15.299548524917931,0.07115489676594734,0.008553807027637958,0.03553880751132965,0.1713678240776062,0.05524601362645626,0.0702408142387867,0.10236103937029839,,
15,0.0008419836817774921,0.0008956803989713081,31.04597442626953,0.8409125018119812,0.009698207005858422,20.136563453674317,0.32226710945367815,72.72931545801111,3.2641537919989787,75.99377108301269,1141.1379469580133,6.874806903533493,15.317905707310388,0.0781741002202034,0.010034823892638087,0.02157014049589634,0.17065683007240295,0.0540011166036129,0.07788748726248741,0.10774387672543526,,
16,0.000798020320098658,0.0008774511946830899,31.07909652709961,0.840136970281601,0.009698207005858422,20.136563453674317,0.32226710945367815,72.69304270899738,3.2649776249891147,75.95831795901177,1217.195937875018,6.878237330105786,15.314040628430554,0.07128829017281532,0.00920558580197394,0.021615883335471153,0.15807054936885834,0.04926374040544033,0.07128962963819503,0.09793492019176483,,
17,0.0008283505711260659,0.0008695341658312828,31.110051727294923,0.8412830686569214,0.009698207005858422,20.136563453674317,0.32226710945367815,72.60259379199124,3.2446176670200657,75.84754258298199,1293.1407856250007,6.8868062955507625,15.410136148929126,0.07123129457235336,0.010817345790565014,0.018176244571805,0.18610507249832153,0.046974788419902325,0.07094291642308236,0.1064458766579628,,
18,0.0008395655981466916,0.000874527668056544,31.032691650390625,0.8376140630245209,0.009698207005858422,20.136563453674317,0.32226710945367815,72.66997283400269,3.2499295830202755,75.92022208397975,1369.1678771250008,6.880420901520513,15.384948726653091,0.06592222727835179,0.009830976771190762,0.015742676332592964,0.16071945428848267,0.04148516524583101,0.06635124780237675,0.09346688866615295,,
19,0.0007969413876162435,0.000860179727897048,31.19073066711426,0.8465512704849243,0.009698207005858422,20.136563453674317,0.32226710945367815,72.7373117080133,3.268890624982305,76.00650700001279,1445.2245197080192,6.874051133579579,15.29570907569618,0.07767419576644898,0.011340639628469944,0.015963751822710037,0.1911860704421997,0.04840742591768503,0.07844052523374558,0.10486868545413017,,
20,0.0008440004454878362,0.0008541779770166613,31.21446090698242,0.8482508325576782,0.009698207005858422,20.136563453674317,0.32226710945367815,72.73616108298302,3.2373302910127677,75.97379141699639,1521.2975228330179,6.87415987530001,15.444825058106128,0.07722791835665703,0.012961463611572981,0.01607472077012062,0.19227315485477448,0.04778486978262663,0.07710513085126877,0.1104136584699154,,
21,0.0007958763045298838,0.0008462265183334239,31.243598976135253,0.850384167432785,0.009698207005858422,20.136563453674317,0.32226710945367815,72.75999441597378,3.218643542000791,75.97893358298461,1597.3733613330114,6.871908168951559,15.53449437551532,0.07461367331445218,0.014677667729556561,0.010846688412129879,0.1946365088224411,0.042184358648955825,0.07463199704885483,0.10742953538894653,,
22,0.00076794707580666,0.000842645080992952,31.259968185424803,0.8514668655395508,0.009698207005858422,20.136563453674317,0.32226710945367815,72.71076641700347,3.228710208000848,75.93977266698494,1673.4134967080026,6.876560716365583,15.486059998849814,0.07659676641225815,0.015277843121439219,0.012889253906905651,0.1847119778394699,0.04483103983104229,0.07523504249751568,0.11525658294558525,,
23,0.0008000159711982633,0.0008510565522010438,31.244958839416505,0.8498656475543975,0.009698207005858422,20.136563453674317,0.32226710945367815,72.74116083301487,3.232047583005624,75.97349891602062,1749.4861050000181,6.873687390661851,15.470069272155575,0.08369547203183174,0.017015038914978506,0.01537168025970459,0.20750415325164795,0.048099585212767124,0.08290247678756714,0.12279087543487549,,
24,0.0008133344132957063,0.0008560296276118606,31.22856632232666,0.8494968950748444,0.009698207005858422,20.136563453674317,0.32226710945367815,72.7471890829911,3.2730912089755293,76.02058224999928,1825.556253458024,6.873117797439464,15.276079035893991,0.0888662452995777,0.020167064275592565,0.0221156794577837,0.2056378424167633,0.05258391872048378,0.08577354967594147,0.13644335076212882,,
25,0.0008025194804713464,0.0008329060542746447,31.315893440246583,0.8543391799926758,0.009698207005858422,20.136563453674317,0.32226710945367815,72.7270561659825,3.256063417007681,75.98358454098343,1901.5923276660033,6.8750204718704255,15.355966268602332,0.07712075382471084,0.01927846087142825,0.013099657371640205,0.22169528901576996,0.0441580219194293,0.07354092329740525,0.13032327502965926,,
26,0.0007882151079966206,0.0009172429284080863,30.83863368988037,0.8368520903587341,0.009698207005858422,20.136563453674317,0.32226710945367815,72.72987950002425,3.185552541981451,75.91577337501803,1977.6092119160166,6.874753587345532,15.69586416832397,0.061660138592123985,0.015418971786275507,0.008866752497851849,0.22677719593048096,0.03444481763988733,0.059566663950681685,0.10550527304410934,,
27,0.000810884348606578,0.0008322461848729291,31.327526626586913,0.8549411618709564,0.009698207005858422,20.136563453674317,0.32226710945367815,72.70451358301216,3.1984296669834293,75.90323962501134,2053.5652034160157,6.877152123837714,15.632671406264517,0.08895709052681923,0.02926915604621172,0.010913598351180553,0.2787400186061859,0.04187869548797608,0.08286907680332661,0.1594880872964859,,
28,0.0008020240349469531,0.0008272524981293827,31.356861343383787,0.8564609122276307,0.009698207005858422,20.136563453674317,0.32226710945367815,72.56532158399932,3.2431730839889497,75.80878637498245,2129.474762208003,6.890343611599872,15.417000173947658,0.08915487200021743,0.031030865274369716,0.014515458606183529,0.3112694323062897,0.04436746999621391,0.08084397375583649,0.17667970493435858,,
29,0.0007858984867452818,0.0008289735368452966,31.334202308654785,0.8570685172080994,0.009698207005858422,20.136563453674317,0.32226710945367815,72.73488137498498,3.2005712919926737,75.93577533299685,2205.5106349160196,6.874280820260749,15.622210986236158,0.0769889586418867,0.02245681744068861,0.01169952005147934,0.2704194188117981,0.039804369285702704,0.07285213522613049,0.13901185110211373,,
30,0.0007886150904614624,0.0008260486222570762,31.365114402770995,0.8555980372428894,0.009698207005858422,20.136563453674317,0.32226710945367815,72.76776987500489,3.2011340410099365,75.96920212500845,2281.533479250007,6.871173884521446,15.61946465204104,0.09110261753201485,0.029796695858240126,0.012404082342982292,0.31908974051475525,0.04523216027766466,0.08463183000683784,0.16977935820817946,,
31,0.0007731797214255493,0.0008317445800639689,31.33018684387207,0.8541320192813874,0.009698207005858422,20.136563453674317,0.32226710945367815,72.728751208022,3.1941212920064572,75.92317658301909,2357.555499500013,6.8748602402078625,15.653757459094926,0.09801837220788003,0.03764787655323744,0.00915098562836647,0.3534163534641266,0.04005814991891384,0.09033581987023354,0.19452927082777025,,
32,0.0007854061830507817,0.0008179178414866328,31.400190925598146,0.8583858597278595,0.009698207005858422,20.136563453674317,0.32226710945367815,72.74068925000029,3.2448468749935273,75.98585179197835,2433.593841958005,6.873731953261606,15.409047614950932,0.08785620093345642,0.03279765870422125,0.009726743213832378,0.3357022702693939,0.040925758816301824,0.07862005427479744,0.17821144193410873,,
33,0.0008169998577086517,0.0008154301726608537,31.41064037322998,0.8592707467079163,0.009698207005858422,20.136563453674317,0.32226710945367815,72.71320004199515,3.263853125012247,75.97736145899398,2509.6775052080047,6.876330565993897,15.319316796711673,0.08495738007128238,0.03210617270320654,0.0098176971077919,0.39367660880088806,0.04046494025737047,0.07615575887262821,0.17660934522747992,,
34,0.0007687770461207037,0.0008182527203462087,31.408889808654784,0.8575858569145203,0.009698207005858422,20.136563453674317,0.32226710945367815,72.76276670800871,3.2488297919917386,76.01191529099015,2585.7930067910056,6.871646346358171,15.390156826081933,0.08790930807590484,0.030357889980077744,0.01152209471911192,0.3507148325443268,0.04426558278501034,0.08015584960579872,0.17698409929871559,,
35,0.0008066162473560326,0.0008104435456334614,31.44064281463623,0.859827870130539,0.009698207005858422,20.136563453674317,0.32226710945367815,72.69509320799261,3.2451258749933913,75.94051245800802,2661.7850971660228,6.878043316753413,15.407722820644615,0.08827713899314403,0.03546422634273767,0.009844784624874592,0.41056379675865173,0.040159477181732656,0.07834076344966888,0.19259497314691543,,
36,0.0007630202356940571,0.0008368448173860088,31.321009902954103,0.8526691567897796,0.009698207005858422,20.136563453674317,0.32226710945367815,72.7515470419894,3.368693833006546,76.12069883398362,2738.005363541015,6.872706084331364,14.842548025617157,0.10333664670586586,0.0408921767398715,0.012868042103946209,0.41971802711486816,0.047561269253492355,0.09159271225333214,0.21191413432359696,,
37,0.0007808281048528443,0.0008060117188142613,31.463954696655275,0.860686502456665,0.009698207005858422,20.136563453674317,0.32226710945367815,74.15936908399453,3.2789663339790422,77.43866975000128,2815.507778750005,6.742236431834917,15.248707948557906,0.08989349514245987,0.03809889443218708,0.007334505207836628,0.42229682207107544,0.038697548769414426,0.07872912324965001,0.1979047939181328,,
38,0.0007722550430462433,0.0008096176575054415,31.448317794799806,0.8589149701595307,0.009698207005858422,20.136563453674317,0.32226710945367815,72.95209670902113,3.268525708990637,76.22096020900062,2891.829547250003,6.853812605199198,15.297416771869493,0.09114661991596222,0.036811783872544766,0.006964495871216059,0.3957546353340149,0.03906447999179363,0.08123091958463192,0.19393256455659866,,
39,0.0007748236045135855,0.0008040836805594154,31.47260513305664,0.8611978363990783,0.009698207005858422,20.136563453674317,0.32226710945367815,72.78726049998659,3.2676699580042623,76.05522970898892,2967.936048500007,6.869333954395661,15.301422922937306,0.08270478188991547,0.031310716085135935,0.005392877850681543,0.4143577218055725,0.03621495399624109,0.07578292079269885,0.17544040352106094,,
40,0.0007630969270194328,0.0007998654927359894,31.494188537597655,0.862797669172287,0.009698207005858422,20.136563453674317,0.32226710945367815,72.7895892499946,3.2768326250079554,76.06676083398634,3044.103318041016,6.869114184485346,15.258637141980547,0.08653634570538998,0.03931733202189207,0.006885286420583725,0.47602707147598267,0.03502281703054905,0.0748192934691906,0.20260120421648026,,
41,0.0007891546417413337,0.0007987327617593109,31.500748329162597,0.8615122294425964,0.009698207005858422,20.136563453674317,0.32226710945367815,72.70816729098442,3.261397249996662,75.96986187499715,3120.171459416015,6.876806535350512,15.330852443703744,0.08136545829474925,0.030914972797036172,0.006179011892527342,0.42687270045280457,0.036253036558628084,0.07428362227976322,0.17473159059882165,,
42,0.0007569255931757652,0.00079438874614425,31.526291999816895,0.8629027271270752,0.009698207005858422,20.136563453674317,0.32226710945367815,72.73852650000481,3.251747667003656,75.99057087500114,3196.2629337079998,6.873936331387837,15.376346851068192,0.09521756909787654,0.04740914836525917,0.007130841258913279,0.4846169650554657,0.03498979296535253,0.08028739675879479,0.22787986129522322,,
43,0.0007462731114555937,0.0007948915510496591,31.523433113098143,0.8620689380168914,0.009698207005858422,20.136563453674317,0.32226710945367815,72.56415179200121,3.2549482499889564,75.81942404201254,3272.1816544160247,6.890454689434064,15.361227325248457,0.09786040365695953,0.049083239883184436,0.00661246245726943,0.4674410820007324,0.0339215724915266,0.08270725347101689,0.23000676363706588,,
44,0.0007191880197824503,0.0007967554358765483,31.518119506835937,0.8610305106639862,0.009698207005858422,20.136563453674317,0.32226710945367815,72.56217529199785,3.2438914160011336,75.8063683329965,3348.040862499998,6.8906423765267135,15.413586211105942,0.0869438660889864,0.03758793290704489,0.006333476398140192,0.473431259393692,0.03534347329288721,0.07675645940005779,0.19980721533298493,,
45,0.0007732268482177461,0.0007898759891395457,31.540757141113282,0.8630877804756164,0.009698207005858422,20.136563453674317,0.32226710945367815,72.57401466698502,3.1871615420095623,75.76146949999384,3423.8515672910144,6.889518270338396,15.687940300783783,0.07347141467034816,0.029321426525712013,0.005722084082663059,0.4311893880367279,0.030722546204924584,0.06714554145932197,0.1645164729654789,,
46,0.0007474436700631486,0.000787089790974278,31.56743511199951,0.8635623848438263,0.009698207005858422,20.136563453674317,0.32226710945367815,72.55171987498761,3.2588312920124736,75.81085174999316,3499.7614855410066,6.8916353859224815,15.342923741573246,0.09745466090738773,0.054303465113043785,0.006335155107080936,0.5739419460296631,0.03254387278109789,0.07868176788091659,0.25141546189785,,
47,0.0007499527315276282,0.0007954803228494711,31.507154235839845,0.8631995689868927,0.009698207005858422,20.136563453674317,0.32226710945367815,72.53899120900314,3.2640162919997238,75.80332333399565,3575.662684458017,6.892844684858848,15.31855098963588,0.06986969769001007,0.028775266483426095,0.004372876137495041,0.47986719012260437,0.028295342661440372,0.06352005742490291,0.158063133507967,,
48,0.0007344606172036947,0.0007826025968824979,31.59054916381836,0.8654047060012817,0.009698207005858422,20.136563453674317,0.32226710945367815,72.58372437499929,3.2489712499955203,75.83299516700208,3651.54897420801,6.888596642089914,15.389486749096022,0.08638848155736924,0.04283501472324133,0.00512846140190959,0.44611549377441406,0.029153149724006653,0.07454001002013683,0.21271633267402648,,
49,0.000737411069114387,0.0007807894577854312,31.602838287353517,0.8646914386749267,0.009698207005858422,20.136563453674317,0.32226710945367815,72.55742854200071,3.2364440410165116,75.79417270899285,3727.4430745000136,6.891093166436697,15.449054383865032,0.0847481831163168,0.042959305942058566,0.005718931555747986,0.4796716272830963,0.030003725029528142,0.07195024937391281,0.21737323611974715,,
50,0.0007811323526457272,0.0008014659339096397,31.493066368103026,0.8582132303714752,0.009698207005858422,20.136563453674317,0.32226710945367815,72.62014866701793,3.2396882089960855,75.86018570899614,3803.404132541007,6.8851415093162185,15.433583966863898,0.10877062782645225,0.05852501191198826,0.006639506202191114,0.6068977117538452,0.034051213227212426,0.09131097495555877,0.2738491001725197,,
51,0.0007596621517732274,0.000781345465220511,31.595393714904784,0.864621695280075,0.009698207005858422,20.136563453674317,0.32226710945367815,72.54810954199638,3.247620625013951,75.79604558297433,3879.2521319160005,6.891978345907991,15.39588695024537,0.07591437533497811,0.03245546918362379,0.007178617175668478,0.4450588822364807,0.029816114418208597,0.06889830403029919,0.17688543125987052,,
52,0.0007580277033207494,0.0007889656510087662,31.556965408325194,0.8613177967071534,0.009698207005858422,20.136563453674317,0.32226710945367815,72.56807441700948,3.2582640000036918,75.82663954200689,3955.1311170000117,6.890082229917944,15.34559507760677,0.10265790835022927,0.05788558904081583,0.006534201558679342,0.5525386333465576,0.030361716523766517,0.08512916803359985,0.268409466445446,,
53,0.0007307540359183804,0.0007845035387435928,31.5803515625,0.8616557514667511,0.009698207005858422,20.136563453674317,0.32226710945367815,72.48866741699749,3.2029147499997634,75.69239379200735,4030.8758964580193,6.89762990294339,15.610780773982103,0.10922265514731407,0.06591807920485734,0.006073120515793562,0.5038583874702454,0.029052597545087336,0.087179756462574,0.28992956221103666,,
54,0.0007888738588926571,0.0007793605281040072,31.611519241333006,0.8638430142402649,0.009698207005858422,20.136563453674317,0.32226710945367815,72.5984236250224,3.255977124994388,75.85472150001442,4106.782516416017,6.887201884472677,15.356373242359982,0.07434392519295216,0.0324287286773324,0.005794682539999485,0.42903977632522583,0.027797427028417587,0.06769991576671601,0.17456569761037827,,
55,0.0007087807701318525,0.0007705119774618651,31.657792472839354,0.8674349856376647,0.009698207005858422,20.136563453674317,0.32226710945367815,72.57120616699103,3.2484735840116628,75.81999887499842,4182.702731416008,6.8897848941557855,15.391844417664345,0.085381293669343,0.04945120196789503,0.0055442978627979755,0.5201504230499268,0.025477358195930718,0.07025325924158096,0.23560700446367264,,
56,0.0007713866298236098,0.0007735244985087775,31.637641143798827,0.8648951590061188,0.009698207005858422,20.136563453674317,0.32226710945367815,72.54651712501072,3.2567449589842,75.80356687502353,4258.608575040998,6.892129626821504,15.352752711589465,0.10642739295959473,0.06764973178505898,0.0051163313910365105,0.5683407783508301,0.02551152663305402,0.08411028169095516,0.2946732798218727,,
57,0.0007266588815177784,0.0007683586425264366,31.669071083068847,0.8678337514400483,0.009698207005858422,20.136563453674317,0.32226710945367815,72.55451499999617,3.232122374989558,75.78694379198714,4334.44697166601,6.891369889248469,15.469711291535344,0.08302930474281311,0.04763405475765467,0.007527881767600775,0.49056950211524963,0.02493475940078497,0.06853558629751205,0.22829919934272766,,
58,0.0007546118824466248,0.00077283665566938,31.638096427917482,0.8687823987007142,0.009698207005858422,20.136563453674317,0.32226710945367815,72.6047483330185,3.2281487910076976,75.8331983750104,4410.380475208018,6.886601930036781,15.488753225774337,0.08704219996929169,0.05513260789215565,0.005399925634264946,0.5430447459220886,0.022384637352079153,0.06899998545646667,0.2542489016056061,,
59,0.0007282162507190151,0.0007699736414360814,31.66300849914551,0.867190043926239,0.009698207005858422,20.136563453674317,0.32226710945367815,72.55805516699911,3.263642291974975,75.82200133398874,4486.254648041009,6.891033653661244,15.320306432768641,0.09228067182004451,0.05574624635279179,0.005363404750823975,0.5746862888336182,0.02431190725415945,0.07519963271915912,0.2543834000825882,,
60,0.0007220573250606322,0.0007668085439945571,31.67757640838623,0.8673824214935303,0.009698207005858422,20.136563453674317,0.32226710945367815,72.58743579199654,3.2486790000111796,75.83640854197438,4562.142601,6.888244426112236,15.390871181741236,0.08290050096809864,0.04740894675254822,0.004942207131534815,0.48973485827445984,0.023920948337763547,0.06905804336071014,0.22696560263633728,,
61,0.0007321188866508236,0.0007683967231423594,31.66862503051758,0.8683176958560943,0.009698207005858422,20.136563453674317,0.32226710945367815,72.56456400000025,3.2437235419929493,75.80858312500641,4638.052796666016,6.890415547732062,15.414383917958654,0.08395267404615879,0.04916607093065977,0.0034441244788467884,0.6171336770057678,0.02144653895869851,0.07075660772621632,0.23291695952415467,,
62,0.0007638070381208308,0.0007649184051842894,31.685957374572755,0.8681591737270355,0.009698207005858422,20.136563453674317,0.32226710945367815,72.58673520802404,3.227581833023578,75.81461600001785,4713.919381208019,6.888310909246238,15.491473984769682,0.08421949990093708,0.05135191805660724,0.0046779136173427105,0.5102955102920532,0.02215613503009081,0.06894285589456559,0.2403604057431221,,
63,0.0007145360214622087,0.0007666169342701323,31.684539680480956,0.8663955008983613,0.009698207005858422,20.136563453674317,0.32226710945367815,72.56464741600212,3.22860174998641,75.79357616600464,4789.808862000005,6.890407626920253,15.486580220124845,0.08436844229698182,0.04610227175056934,0.005570256616920233,0.4568936824798584,0.024543225076049568,0.07201078079640866,0.2209995850920677,,
64,0.0007151086790581758,0.0007723454490769654,31.654968795776366,0.8643758523464203,0.009698207005858422,20.136563453674317,0.32226710945367815,72.60560574999545,3.2372133750177454,75.84311795799294,4865.704769375006,6.886520604506234,15.445382867209338,0.09516240306198596,0.05647569179534912,0.004499753005802631,0.5536140203475952,0.02545840721577406,0.078407893627882,0.26099407792091367,,
65,0.0007479543378885865,0.0007607409983756953,31.708824920654298,0.8680703938007355,0.009698207005858422,20.136563453674317,0.32226710945367815,72.53041549999034,3.2522210830065887,75.78310504200635,4941.540854000021,6.893659667509648,15.374108562686144,0.0800914353132248,0.04727975118905306,0.004470996093004942,0.5515459179878235,0.02214561192318797,0.06662837497889995,0.2240053628385067,,
66,0.0007412849369966353,0.0007612194333341904,31.710445594787597,0.8680753099918366,0.009698207005858422,20.136563453674317,0.32226710945367815,72.68475999997463,3.206850874994416,75.89190016599605,5017.537000250013,6.879021131804996,15.59161992529106,0.0745418682694435,0.0420953181758523,0.0049511585384607315,0.4850945472717285,0.021821328457444906,0.06329446941614152,0.20935630038380623,,
67,0.0007139583316570679,0.0007599846945959143,31.707754020690917,0.8690045094490051,0.009698207005858422,20.136563453674317,0.32226710945367815,72.65712191700004,3.1996783329814207,75.85709670899087,5093.495636000007,6.881637846475335,15.626570797637218,0.07242364749312401,0.041823318749666216,0.0034074813593178988,0.4947899878025055,0.02084321955218911,0.06110773928463459,0.20444448560476303,,
68,0.0007457642305657828,0.0007609768852125853,31.712574119567872,0.8668018877506256,0.009698207005858422,20.136563453674317,0.32226710945367815,72.7047615829797,3.269725624995772,75.9747943749826,5169.52526575001,6.87712866549102,15.291802962844828,0.08722028978168965,0.05257128577679396,0.003487777430564165,0.5357219576835632,0.022535237167030573,0.07211732655763627,0.24587983131408692,,
69,0.0007576310951335472,0.0007566168648190796,31.732202377319336,0.8700599896907807,0.009698207005858422,20.136563453674317,0.32226710945367815,72.69353454202064,3.266524250007933,75.96036683401326,5245.591424125014,6.87819079303365,15.306789778119226,0.07536180928349495,0.04520248930901289,0.003453948302194476,0.5312568545341492,0.01989698387682438,0.063288589194417,0.2205839005112648,,
70,0.0007408657167852652,0.0007565263468131888,31.73886344909668,0.8687199330329896,0.009698207005858422,20.136563453674317,0.32226710945367815,72.67069333401741,3.279555374989286,75.95054995900136,5321.645170625008,6.880352684979107,15.245969127800851,0.08868053697049617,0.05614761050790548,0.003707627998664975,0.5868870615959167,0.021420247983187438,0.072071350812912,0.2579789015650749,,
71,0.0007384433313272894,0.0007662741042440757,31.68680477142334,0.865798259973526,0.009698207005858422,20.136563453674317,0.32226710945367815,72.66557412498514,3.2623687910090666,75.92825274998904,5397.6740426250035,6.8808373981879996,15.326286880195036,0.0917302655428648,0.05694573599845171,0.0035879535134881735,0.502593994140625,0.02097167378291488,0.07534662656486034,0.2518452772498131,,
72,0.0007113235879296553,0.000755643016891554,31.741354370117186,0.8706493651866913,0.009698207005858422,20.136563453674317,0.32226710945367815,72.6438311660022,3.249819166987436,75.89395270802197,5473.621964416001,6.882896895366435,15.38547144650812,0.08487702317535878,0.05285861574113369,0.0023353875149041414,0.5673575401306152,0.018901945408433676,0.07066977068781853,0.24377382934093475,,
73,0.0006885918063435384,0.0007537238294025883,31.7531453704834,0.8691397428512573,0.009698207005858422,20.136563453674317,0.32226710945367815,72.64881362501183,3.2619551669922657,75.91106987500098,5549.634433583007,6.8824248470295455,15.328230291436913,0.08279785975813865,0.05184527773410082,0.003949516452848911,0.562425434589386,0.019896251056343316,0.0684012607485056,0.24209696054458618,,
74,0.0007189847402823943,0.0007540604565292597,31.745924491882324,0.8700838816165924,0.009698207005858422,20.136563453674317,0.32226710945367815,72.65009549999377,3.2675619579968043,75.9179557079915,5625.654806666018,6.882303410049102,15.301928668141539,0.07823956683278084,0.04932449355721474,0.00288857682608068,0.540054976940155,0.018419986460357904,0.06458516351878643,0.22953990250825881,,
75,0.0007277047953575675,0.0007641694243648089,31.696383934020997,0.8651109397411346,0.009698207005858422,20.136563453674317,0.32226710945367815,72.64276637497824,3.2681912090047263,75.91126549997716,5701.619247250026,6.8829977842394605,15.298982465357856,0.09965725272893905,0.06260295808315278,0.0039371284656226635,0.6297229528427124,0.02161833142861724,0.08212830007076263,0.2781032067537308,,
76,0.0007086176643597354,0.0007544537005014718,31.73581771850586,0.8707143795490265,0.009698207005858422,20.136563453674317,0.32226710945367815,72.68019650000497,3.2680283749941736,75.94852454200736,5777.622584958008,6.879453057064393,15.299744758210412,0.06942342475056648,0.04256043404340744,0.0029005513060837984,0.5847839117050171,0.01770028633996844,0.05875767506659031,0.2061900970339775,,
77,0.0007387244345982253,0.0007510328482021578,31.76185890197754,0.871447184085846,0.009698207005858422,20.136563453674317,0.32226710945367815,72.6805030409887,3.259407125005964,75.94021054098266,5853.615225665999,6.879424041933521,15.340213137660276,0.0733816870301962,0.046263426803052426,0.0024511259980499744,0.5900658369064331,0.01744594145566225,0.06146985575556755,0.22176782578229903,,
78,0.0007205487010369325,0.000750120573939057,31.769943771362303,0.8717380809783936,0.009698207005858422,20.136563453674317,0.32226710945367815,72.69421783401049,3.2691980420204345,75.96371412501321,5929.681947500008,6.878126141224833,15.294270753049554,0.08971207834780216,0.06444281134754419,0.001745083718560636,0.6538073420524597,0.01758171685039997,0.06871852606534957,0.286218686401844,,
79,0.0007359014444259628,0.0007496061958954669,31.77528804779053,0.8711906957626343,0.009698207005858422,20.136563453674317,0.32226710945367815,72.74919533301727,3.2698452080076095,76.01952483301284,6005.809050500015,6.872928253174433,15.291243719290959,0.07284797102212906,0.0436191289126873,0.0017937232041731477,0.5734022259712219,0.017533477880060672,0.06281459964811802,0.21344590216875076,,
80,0.0007021112012366757,0.0007557865165290422,31.74397117614746,0.8672418212890625,0.009698207005858422,20.136563453674317,0.32226710945367815,72.69814674998634,3.264126334019238,75.96257529099239,6081.875112291018,6.877754418135755,15.318034562232514,0.10318535692989826,0.07106235526502132,0.0030992308165878057,0.7074600458145142,0.020167352352291345,0.0803611259907484,0.3075585225224495,,
81,0.0007257069695833706,0.0007494726203731261,31.78138198852539,0.8700504505634308,0.009698207005858422,20.136563453674317,0.32226710945367815,72.68829229101539,3.2665844590228517,75.95517666600063,6157.884735166008,6.878686845444054,15.306507646508772,0.07894761465489865,0.04874005425721407,0.0028433525003492832,0.5667495727539062,0.01875084238126874,0.06654174841940402,0.22910573989152908,,
82,0.0007017802573500376,0.0007637016425724141,31.673009719848633,0.870229526758194,0.009698207005858422,20.136563453674317,0.32226710945367815,72.76006995901116,3.280186749994755,76.04056550000678,6234.031197500008,6.871901034202843,15.243034562004725,0.07086047045886516,0.047078823409974574,0.001925631775520742,0.5497825145721436,0.015276686083525419,0.057770831510424614,0.21769398733973502,,
83,0.0007502324541455892,0.0007497695747588296,31.778170471191405,0.8687531840801239,0.009698207005858422,20.136563453674317,0.32226710945367815,72.67367820898653,3.2553769999940414,75.92936491698492,6310.012304208009,6.8800700930831935,15.35920417207946,0.08680962271988392,0.0550443422794342,0.0020222326274961233,0.6782971024513245,0.01841075735166669,0.07251753725111484,0.2540019574761391,,
84,0.000693812816258287,0.0007488129497505724,31.77897891998291,0.8715399920940399,0.009698207005858422,20.136563453674317,0.32226710945367815,72.69726266601356,3.2675627079734113,75.96513679099735,6386.029866416007,6.877838059695654,15.30192515601658,0.07635228380560875,0.04691548191010952,0.001950804959051311,0.5853316187858582,0.016241952143609524,0.06518464639782906,0.22000210583209992,,
85,0.0007562028152524363,0.0007462683568883222,31.797406120300295,0.8707544302940369,0.009698207005858422,20.136563453674317,0.32226710945367815,72.67016187499394,3.2531260830000974,75.92359495800338,6462.0057401660015,6.880403003093513,15.369831578703831,0.0871464316546917,0.05875209927558899,0.001907762372866273,0.6356901526451111,0.017635794281959535,0.0702864921092987,0.268065570294857,,
86,0.0007200095926473295,0.000744136842986336,31.80595100402832,0.8719365072250366,0.009698207005858422,20.136563453674317,0.32226710945367815,72.69004016599501,3.270143041998381,75.9604888750182,6538.066753708001,6.878521443353171,15.289851042554107,0.07483184181153774,0.046443682052195075,0.0020126758608967066,0.6083877682685852,0.016411896366626023,0.06385672651231289,0.22014635175466538,,
87,0.0007099167484402642,0.000744718683854444,31.801920166015623,0.8717210853099823,0.009698207005858422,20.136563453674317,0.32226710945367815,72.72811304198694,3.2040060829895083,75.93244816700462,6614.107489750022,6.874920564917491,15.60546350565831,0.08216457784175873,0.05477080885320902,0.0015433172229677439,0.611725926399231,0.016448401529341936,0.06710336588323117,0.2497281351685524,,
88,0.0007284259384705365,0.0007452032406581565,31.80310501098633,0.8703248536586762,0.009698207005858422,20.136563453674317,0.32226710945367815,72.70539391701459,3.2774502920219675,75.98314462500275,6690.145857583004,6.877068853662995,15.255761505128227,0.07915351085364819,0.05004612278193235,0.0016108487034216523,0.6074957251548767,0.01723600097000599,0.06706950716674327,0.24069678723812105,,
89,0.0007099892840760731,0.0007448101211048197,31.807918243408203,0.8707866168022156,0.009698207005858422,20.136563453674317,0.32226710945367815,72.69765591699979,3.192890417005401,75.89085037499899,6766.094383415999,6.877800854691365,15.659792059789762,0.07743062049150468,0.04928959906101227,0.0016546406550332904,0.6786481738090515,0.016776214875280856,0.06562281236052513,0.23485130429267884,,
90,0.0007384568981774464,0.0007485864468617365,31.774747734069823,0.8716162860393524,0.009698207005858422,20.136563453674317,0.32226710945367815,72.69274983301875,3.2735115829855204,75.96656225001789,6842.168628790998,6.878265042229676,15.27411733011154,0.07438370078802109,0.05046467907726765,0.0014004650292918086,0.6268762946128845,0.015084608383476734,0.061240840181708334,0.23637954220175744,,
91,0.0006939486730689168,0.0007508104156295303,31.776947441101075,0.8693799221515656,0.009698207005858422,20.136563453674317,0.32226710945367815,72.70532587499474,3.257714000006672,75.96350124999299,6918.185118833004,6.877075289637936,15.348185875094497,0.08375954322516918,0.05309632755815983,0.002045185538008809,0.6727935671806335,0.017936608772724866,0.07079081177711487,0.2465500694513321,,
92,0.0007370361711227816,0.0007458479669003281,31.80061176300049,0.8704581618309021,0.009698207005858422,20.136563453674317,0.32226710945367815,72.68177562498022,3.2768372910213657,75.95890929197776,6994.198924166005,6.879303590213246,15.258615414626027,0.0735059468448162,0.04521533068269491,0.0017500038957223296,0.6151280403137207,0.016089884284883737,0.06374998956918716,0.21907296180725097,,
93,0.0006795919799474177,0.0007445416548580397,31.799085273742676,0.872488671541214,0.009698207005858422,20.136563453674317,0.32226710945367815,72.69663166601094,3.2812196669983678,75.9781821659999,7070.2300562910095,6.877897758690424,15.238236105581917,0.06924381420016289,0.04226430296897888,0.0008083485881797969,0.6133304834365845,0.014229933638125658,0.06096971705555916,0.19969124972820282,,
94,0.0006775222303976989,0.0007425220469303895,31.818170700073242,0.8727750957012177,0.009698207005858422,20.136563453674317,0.32226710945367815,72.67085912500625,3.276693042018451,75.94784858298954,7146.232487250003,6.880336988171764,15.259287140671523,0.07987939700484276,0.051326970644295214,0.0016368984943255782,0.6656407117843628,0.01470150268636644,0.06752725549042225,0.23239238768815995,,
95,0.0006792402394548844,0.0007437162908900064,31.814163932800295,0.8694933223724365,0.009698207005858422,20.136563453674317,0.32226710945367815,72.66512920800596,3.2804144579858985,75.94584783300525,7222.280131541018,6.880879528456298,15.24197647595386,0.09314270049333573,0.06202032901346684,0.0015235948376357555,0.6525832414627075,0.016798951737582682,0.07580352716147899,0.27667365163564683,,
96,0.0007116994821408297,0.0007394500682130456,31.835038261413573,0.8714534604549408,0.009698207005858422,20.136563453674317,0.32226710945367815,72.53580091698677,3.264561040996341,75.8006777499977,7298.133777083014,6.89314784808432,15.315994821999116,0.07844728834927082,0.04902859523892403,0.001693994621746242,0.6392008662223816,0.015575513429939746,0.06756513893604278,0.23259965986013412,,
97,0.0007201744354251786,0.0007418925102683716,31.819789237976075,0.8707537686824799,0.009698207005858422,20.136563453674317,0.32226710945367815,72.64930762498989,3.3150137499906123,75.96462829099619,7374.20274275,6.882378047991336,15.082893698447434,0.08150646381080151,0.05096484210342169,0.0015861646970734,0.7032092809677124,0.01627511726692319,0.07012051478028297,0.24007216721773147,,
98,0.0007419018147083989,0.0007427558224298991,31.81674125671387,0.8731728911399841,0.009698207005858422,20.136563453674317,0.32226710945367815,72.68095791700762,3.2509902080055326,75.9322505419841,7450.187560958002,6.879380986845773,15.379929437152862,0.0753998476266861,0.05009458545595408,0.0007274686358869076,0.6426758170127869,0.01371337671764195,0.06329635441303254,0.23221167504787446,,
99,0.000728896168708161,0.0007390182465314866,31.835744857788086,0.8723509907722473,0.009698207005858422,20.136563453674317,0.32226710945367815,72.65514454201912,3.263763541006483,75.91920991698862,7526.16081970802,6.881825136426944,15.319737282370935,0.07711686588823795,0.05049862608313561,0.0016408506780862808,0.6881665587425232,0.015311814248561859,0.06463950105011464,0.23524152636528015,,
100,0.0006871522287019616,0.0007418330467771738,31.81645107269287,0.8721708273887634,0.009698207005858422,20.136563453674317,0.32226710945367815,72.6329474169761,3.2632341670105234,75.89653891697526,7602.159365583037,6.883928269213233,15.322222507189984,0.07543941609561443,0.0488420170545578,0.0015592214185744524,0.6438785791397095,0.014478204548358917,0.06364600852131844,0.22821565628051757,,
101,0.0006830656843776524,0.0007378490202245302,31.842838745117188,0.8734042501449585,0.009698207005858422,20.136563453674317,0.32226710945367815,72.67108083300991,3.278420999995433,75.9498008749797,7678.163293583028,6.880315997348995,15.251244425310128,0.07476517759263515,0.04818381991237402,0.0011227995855733752,0.6093829274177551,0.01376611671410501,0.06359239861369133,0.22356511786580086,,
102,0.00071975568826565,0.0007709419936873019,31.664638290405275,0.8612860918045044,0.009698207005858422,20.136563453674317,0.32226710945367815,72.68768845900195,3.320169083948713,76.00817170896335,7754.27718491602,6.878743988151654,15.059474001406718,0.09225759439170361,0.052058529555797574,0.00144223403185606,0.6685011386871338,0.01923154653981328,0.08151521019637585,0.24674502730369569,,
103,0.00072466604321653,0.0007396404494647867,31.83349578857422,0.8735025703907013,0.009698207005858422,20.136563453674317,0.32226710945367815,73.01255504100118,3.2166455420083366,76.22953404096188,7830.571001625038,6.848137278844964,15.544143533073939,0.08536125406622887,0.05885344833135605,0.001168997143395245,0.7122885584831238,0.013577069900929929,0.0693761296570301,0.26139728754758834,,
104,0.0007414310687599937,0.0007440510619198904,31.79983554840088,0.8728069400787354,0.009698207005858422,20.136563453674317,0.32226710945367815,72.36400487500941,3.20450166601222,75.56880512501812,7906.195626708039,6.9095125520432985,15.603050087417033,0.06647752992808818,0.04092306461185217,0.0005628096405416727,0.621670126914978,0.012989341961219907,0.05828999347984791,0.19212689727544785,,
105,0.0007064298990298994,0.0007362834122614004,31.855267066955566,0.8725416028499603,0.009698207005858422,20.136563453674317,0.32226710945367815,72.75566854100907,3.212299249949865,75.96826508303639,7982.219224041037,6.872316755885112,15.565175006898986,0.07992507204413414,0.05294585235416889,0.0010366995120421052,0.715832531452179,0.014094363395124675,0.06699141636490821,0.24702385514974595,,
106,0.0007082805172658481,0.0007420150283724069,31.8230668258667,0.8695050811767578,0.009698207005858422,20.136563453674317,0.32226710945367815,72.6692619160167,3.2005821660277434,75.87016500002937,8058.195546208008,6.880488212166599,15.622157909495328,0.08289381057024002,0.05122126065194607,0.001100211520679295,0.653337836265564,0.015213445900008083,0.07146471418440342,0.23807696044445037,,
107,0.0007327858199269031,0.0007424931185960305,31.81949089050293,0.8695487070083618,0.009698207005858422,20.136563453674317,0.32226710945367815,72.73587108403444,3.2074520839960314,75.9436164170038,8134.195794125029,6.87418728267283,15.588697411718487,0.08745041891932487,0.05756923452019692,0.001069681253284216,0.7184118628501892,0.015427989680320024,0.07262996606528759,0.266412259042263,,
108,0.0007003562124987183,0.0007358091346395668,31.855287895202636,0.8737070882320404,0.009698207005858422,20.136563453674317,0.32226710945367815,72.71221487503499,3.1985275000333786,75.91104229202028,8210.163023666013,6.876423732371684,15.63219325126272,0.07708006799221039,0.0516927245259285,0.0011433318722993135,0.7202059626579285,0.012982035102322698,0.06493307754397393,0.2378311660885811,,
109,0.0007108054383616036,0.0007367927342420443,31.853576698303222,0.8720246577262878,0.009698207005858422,20.136563453674317,0.32226710945367815,72.68899758299813,3.2166441250010394,75.90593654103577,8286.174148250022,6.878620102431422,15.544150380634303,0.07488518878817559,0.046684489399194715,0.0011719544418156147,0.6889944076538086,0.013657101402059198,0.06526496663689613,0.21651626050472259,,
110,0.000714136536890237,0.0007352517396793701,31.862250213623046,0.8728536856174469,0.009698207005858422,20.136563453674317,0.32226710945367815,72.6930009170319,3.2694166249712,75.96288787497906,8362.193727250036,6.878241284476268,15.2932482260319,0.07820483595132828,0.05111794158816338,0.001575850765220821,0.725567638874054,0.014406792726367712,0.06646416567265988,0.2385741254687309,,
111,0.0007281244830658124,0.000738230963179376,31.842057456970213,0.8707655262947083,0.009698207005858422,20.136563453674317,0.32226710945367815,72.74851062498055,3.2583457910222933,76.00717208295828,8438.302507041022,6.872992941085846,15.345209872372905,0.08943412587046623,0.059393107667565344,0.001025915495119989,0.72206711769104,0.014764884198084473,0.07413388594985008,0.270491883456707,,
112,0.0007570199631290962,0.0007365331810433417,31.85608043670654,0.8718548858165741,0.009698207005858422,20.136563453674317,0.32226710945367815,72.64643424999667,3.272027375001926,75.9187636669958,8514.279416250007,6.882650265797772,15.281045746131806,0.07610451802611351,0.04804627604782581,0.001168702612631023,0.6976093649864197,0.014117285292595625,0.0658218266069889,0.22957052737474443,,
113,0.0006923188944381309,0.0007343988519278355,31.865363426208496,0.8731494784355164,0.009698207005858422,20.136563453674317,0.32226710945367815,72.76437154196901,3.2615024999831803,76.02618566696765,8590.365779958025,6.871494790711003,15.330357710980707,0.07916166044771672,0.054408252090215686,0.0011174005921930075,0.7453963160514832,0.01345364335924387,0.06531561359763145,0.2515465185046196,,
114,0.000730174115779846,0.0007449380232719704,31.78896110534668,0.8735877978801727,0.009698207005858422,20.136563453674317,0.32226710945367815,72.64127120899502,3.2601243749959394,75.90169591695303,8666.372969040996,6.883139456101452,15.336838184298498,0.07451932281255721,0.05351118326187134,0.0006268245633691549,0.7376245856285095,0.011829770682379604,0.06035265386104584,0.24728038400411606,,
115,0.0007120432036667808,0.000737062106927624,31.85615623474121,0.8722904694080352,0.009698207005858422,20.136563453674317,0.32226710945367815,72.67129608301912,3.266007791971788,75.9375998750329,8742.364626791037,6.880295618077376,15.309210260583452,0.08134309932589531,0.05470013398677111,0.0012431751238182187,0.8164836168289185,0.01361475870013237,0.06833394572138786,0.2526878345012665,,
116,0.0006640108947904083,0.0007347180471697357,31.866215209960938,0.8725271928310394,0.009698207005858422,20.136563453674317,0.32226710945367815,72.6910900840303,3.215543041995261,75.9069515420124,8818.326820750022,6.878422093024113,15.549473089613736,0.08107066325843335,0.05458270978182554,0.0008379183709621429,0.7600154876708984,0.013573510451242327,0.06743154376745224,0.25151795744895933,,
117,0.0006985970382756932,0.0007343432484776713,31.861167755126953,0.874131178855896,0.009698207005858422,20.136563453674317,0.32226710945367815,72.68859258299926,3.2094126250012778,75.89829904201906,8894.328795375011,6.87865842813061,15.57917470957169,0.0789865392446518,0.054132967367768285,0.0010059374617412686,0.7881832122802734,0.012308632554486394,0.06595626689493655,0.24504686206579207,,
118,0.0007203214537767053,0.0007359600835479796,31.85112045288086,0.8732057762145996,0.009698207005858422,20.136563453674317,0.32226710945367815,72.68744537502062,3.218549749988597,75.90629633300705,8970.290970915987,6.878766992295858,15.534947067441523,0.06764795400202274,0.04091617252677679,0.0008436280186288059,0.7236665487289429,0.012339147496968508,0.06077251255512237,0.19164857193827628,,
119,0.0007366068171791085,0.0007343711396970321,31.861645736694335,0.8743035638332367,0.009698207005858422,20.136563453674317,0.32226710945367815,72.62257254100405,3.2051113750203513,75.82798020803602,9046.173044291034,6.884911708652165,15.600081915931087,0.07812791518867016,0.05524985976517201,0.000862492190208286,0.8011518716812134,0.011600888418033719,0.06434302508831025,0.2570946368575096,,
120,0.0007143643549222816,0.000732588876853697,31.876218185424804,0.8731615281105042,0.009698207005858422,20.136563453674317,0.32226710945367815,72.64353954198305,3.275141792022623,75.91898095799843,9122.147724875016,6.88292452642721,15.26651460458498,0.07504493691027164,0.048067367859184744,0.0009122123010456562,0.7138885855674744,0.012887728968635201,0.06507126107811928,0.22405610710382462,,
121,0.0007327721369078973,0.0007312138976703864,31.882331314086915,0.8736956965923309,0.009698207005858422,20.136563453674317,0.32226710945367815,72.68314350000583,3.2070912499912083,75.89053029095521,9198.136337625037,6.879174123776855,15.590451316325055,0.07632424801588059,0.048931386508047583,0.0010250777704641223,0.7245482802391052,0.012745167342945934,0.0660486713796854,0.22895683139562606,,
122,0.0007254240702827701,0.0007328011843492277,31.873621406555177,0.8728273272514343,0.009698207005858422,20.136563453674317,0.32226710945367815,72.57853412500117,3.2459120839484967,75.82473787496565,9274.063205540995,6.889089260729016,15.403990837354225,0.07967212907969952,0.05391348227858543,0.0009858844568952918,0.7825098037719727,0.012957186242565512,0.06669995509088039,0.2502271753549576,,
123,0.0007259167855590931,0.0007343771876185201,31.8663565826416,0.8719994413852692,0.009698207005858422,20.136563453674317,0.32226710945367815,72.7062118750182,3.2806789579917677,75.98718466702849,9350.10597450001,6.876991485397407,15.240747613599765,0.08177861459553241,0.05594788283109665,0.0008413347532041371,0.7817487120628357,0.012920463075861335,0.06808222569525242,0.26409206598997115,,
124,0.0006764255167840929,0.0007337224259390496,31.86933826446533,0.8723470366001129,0.009698207005858422,20.136563453674317,0.32226710945367815,72.67307445802726,3.253403500013519,75.92677075002575,9426.085679957992,6.880127251101476,15.368520996486366,0.0856509517133236,0.06090620528906584,0.0008663567714393139,0.7829732894897461,0.012922190334647895,0.06879849560558796,0.27948076486587525,,
125,0.0006990361739467516,0.0007313461044395808,31.881137313842775,0.8731740391254426,0.009698207005858422,20.136563453674317,0.32226710945367815,72.68870620802045,3.290149166015908,75.97918754204875,9502.120067125012,6.878647675597645,15.196879374483123,0.08497190624475479,0.059561348296701906,0.0007161779212765396,0.851956307888031,0.012955486178398132,0.06975155368447304,0.27600227743387223,,
126,0.000699059785308009,0.000732529619417619,31.870645484924317,0.8734766948223114,0.009698207005858422,20.136563453674317,0.32226710945367815,72.70442470902344,3.2729329589637928,75.9778244170011,9578.15689033299,6.877160530477925,15.276817651599545,0.06875035531818867,0.04212907589972019,0.0008860556408762932,0.7544505000114441,0.012237319322302938,0.061417456045746804,0.19852728471159936,,
127,0.0006979546349118663,0.0007319243278470822,31.87593017578125,0.8746817457675934,0.009698207005858422,20.136563453674317,0.32226710945367815,72.77652387501439,3.2744884159765206,76.05132487497758,9654.265102291014,6.870347378210789,15.269560813238963,0.07220933973789215,0.047516723647713664,0.0007453963626176119,0.7371916770935059,0.011860540052875877,0.061932959854602815,0.22394605129957199,,
128,0.0006731300288784041,0.0007317171516478993,31.879011611938477,0.8737469959259033,0.009698207005858422,20.136563453674317,0.32226710945367815,72.7295884580235,3.2680723749799654,75.9979525830131,9730.31850350002,6.874781098047588,15.29953876872342,0.07134714722633362,0.04536036740988493,0.000518430199008435,0.7058385014533997,0.011746020559221505,0.06244607597589493,0.21530643746256828,,
129,0.0006988926883620933,0.0007320514100138099,31.8784582901001,0.8731711554527283,0.009698207005858422,20.136563453674317,0.32226710945367815,72.67588037496898,3.260641624976415,75.93683412502287,9806.310379125003,6.879861618741532,15.334405233927436,0.08143672831356526,0.05594358030706644,0.0005312847788445652,0.7852503657341003,0.01189675685018301,0.06761316180229188,0.2540280693769455,,
130,0.0006944378939351736,0.0007306453021010384,31.887294921875,0.8731694841384887,0.009698207005858422,20.136563453674317,0.32226710945367815,72.70896924997214,3.2720633749850094,75.98135708301561,9882.351233333,6.8767306861552235,15.280877620602036,0.07216720104217529,0.04600658662617207,0.0004874726291745901,0.7541570067405701,0.01193682847544551,0.06333930283784867,0.21190650790929794,,
131,0.0007185444814554103,0.0007330345847003628,31.874728813171387,0.8725524413585662,0.009698207005858422,20.136563453674317,0.32226710945367815,72.66800845804391,3.27902829204686,75.94734700000845,9958.404885250027,6.880606894417415,15.248419820369595,0.07337432824075223,0.04505824118852615,0.0009696763008832932,0.7294964790344238,0.012916984828189015,0.06454342983663082,0.21048746675252913,,
132,0.0007246183094080152,0.0007438928550982382,31.821911811828613,0.8686939573287964,0.009698207005858422,20.136563453674317,0.32226710945367815,72.67910237499746,3.266825416998472,75.94622795796022,10034.406064708019,6.87955662165699,15.305378652875648,0.0859848591685295,0.054634340889751914,0.0009421884315088391,0.7639710307121277,0.013894842769950629,0.07413766697049141,0.25215355038642884,,
133,0.0007070999680599925,0.000730328724021092,31.887206802368166,0.87336958527565,0.009698207005858422,20.136563453674317,0.32226710945367815,72.71130366699072,3.2688771249959245,75.980475999997,10110.439417916,6.876509906766926,15.295772244746685,0.08044906482100486,0.05351498547941446,0.0005940045812167227,0.7655448913574219,0.012459983751177788,0.06805835336446762,0.2467256098985672,,
134,0.0007044067813162656,0.0007334029891353566,31.876703338623045,0.8717728579044342,0.009698207005858422,20.136563453674317,0.32226710945367815,72.74476583400974,3.2462837920174934,75.99134187499294,10186.485495665984,6.87334675240977,15.402227039714882,0.07821251578629017,0.04870630856603384,0.0004947918350808322,0.7492513060569763,0.013318319329991937,0.06808696784079075,0.22621452510356904,,
135,0.0007133133255911162,0.0007534554362064228,31.775577850341797,0.8670775187015534,0.009698207005858422,20.136563453674317,0.32226710945367815,72.73706883302657,3.288197832996957,76.02557195798727,10262.569335166016,6.8740740865952095,15.20589774077814,0.07688818752765655,0.04631968826055527,0.0008970554918050766,0.6789998412132263,0.014127392712980509,0.06831829316914081,0.2244507148861885,,
136,0.0006937345835722227,0.0007294077146798372,31.890880966186522,0.874659744501114,0.009698207005858422,20.136563453674317,0.32226710945367815,72.74534683302045,3.278126708988566,76.02380558301229,10338.647774833022,6.873291856697023,15.25261359266586,0.07694723129272461,0.05211632832884788,0.0005516425590030849,0.7899171710014343,0.011215892443433404,0.06512924127280711,0.24005135878920555,,
137,0.0006862378855666975,0.0007288322299427818,31.897430381774903,0.8734290015697479,0.009698207005858422,20.136563453674317,0.32226710945367815,72.8685957909911,3.2816081669880077,76.15050616598455,10414.906507125008,6.861666463755517,15.236432095393038,0.08148671127855778,0.05568153839558363,0.0006114941206760705,0.8102437257766724,0.012099647307768463,0.06797528952360153,0.2552503436803818,,
138,0.0007125930426587956,0.0007296989219321404,31.894200172424316,0.873573225736618,0.009698207005858422,20.136563453674317,0.32226710945367815,72.71495845803292,3.269453333981801,75.98490362503799,10490.994094958005,6.876164280401432,15.293076515365343,0.07671825341880321,0.0505595625564456,0.000491731334477663,0.7512979507446289,0.01182848404161632,0.06575274407863617,0.2330704540014267,,
139,0.000685541322384779,0.0007298844815522898,31.890146484375,0.8727806997299195,0.009698207005858422,20.136563453674317,0.32226710945367815,72.71615229197778,3.2685347080114298,75.98498262499925,10567.033718541032,6.8760513894127095,15.297374654595577,0.07663143821060657,0.05038777865469456,0.00035069414298050106,0.7242643237113953,0.01186835739761591,0.06565985657274723,0.23712966918945313,,
140,0.0007002490740483153,0.0007298604484822135,31.886576042175292,0.874283241033554,0.009698207005858422,20.136563453674317,0.32226710945367815,72.69308395800181,3.2673168330220506,75.96074000000954,10643.052724040987,6.878233427114928,15.303076669719028,0.07840946018695831,0.05683600179851055,0.0006995826843194664,0.7510724663734436,0.011168992398306727,0.06319248333573341,0.26369616195559503,,
141,0.0006922545633005939,0.0007289148359268438,31.89555236816406,0.8729345726966858,0.009698207005858422,20.136563453674317,0.32226710945367815,72.70589554100297,3.2603720420156606,75.96655920799822,10719.073169958021,6.877021406304275,15.33567315498402,0.08076024979352951,0.0541260851547122,0.00025035961880348623,0.7478082180023193,0.011419460577890277,0.06868010461330414,0.2493921673297882,,
142,0.0007195796720347971,0.0007276263501262292,31.902774848937987,0.8743415808677674,0.009698207005858422,20.136563453674317,0.32226710945367815,72.68811175000155,3.2757142919581383,75.96412454196252,10795.092461000022,6.878703930563849,15.263846460220826,0.0811509957909584,0.05680255319923162,0.0006339203682728112,0.7775613069534302,0.011669542444869875,0.06673862472176552,0.2629205134510994,,
143,0.0006906906220219753,0.0007267145892546978,31.910337104797364,0.8739905679225921,0.009698207005858422,20.136563453674317,0.32226710945367815,72.69166387501173,3.262839665985666,75.95480287499959,10871.150450290996,6.878367798262471,15.324075075229164,0.07692294977605343,0.05213506188243627,0.0005393714527599514,0.7390682101249695,0.011156773082911969,0.0650574368238449,0.24346869096159934,,
144,0.0006976222062988882,0.0007324600451102015,31.877519569396974,0.871178674697876,0.009698207005858422,20.136563453674317,0.32226710945367815,72.729530334007,3.275867833988741,76.00570833403617,10947.25973220804,6.874786592238025,15.263131033927985,0.0842088857293129,0.0560787296295166,0.0006291701574809849,0.7917324304580688,0.013252611868083478,0.0711719924211502,0.2644791603088379,,
145,0.0006977218831812024,0.0007314108120044694,31.885249061584474,0.8719645941257477,0.009698207005858422,20.136563453674317,0.32226710945367815,72.68094416696113,3.279295083018951,75.96053829195444,11023.278121832991,6.879382288312196,15.247179266944624,0.08085146874189376,0.05441592328250408,0.0005166750052012503,0.7195082902908325,0.011677732300013304,0.0681176970154047,0.2549027255177498,,
146,0.0007194591943652994,0.0007278609702188987,31.901802520751954,0.8734565591812133,0.009698207005858422,20.136563453674317,0.32226710945367815,72.7630916670314,3.2587245000177063,76.02212066703942,11099.357411957986,6.871615657674804,15.343426546100575,0.08564052946865558,0.06047964137047529,0.00025628122966736555,0.8011938333511353,0.011261490965262055,0.06993143059313298,0.2790171229839325,,
147,0.0006790111921943662,0.0007298741291742772,31.893561248779296,0.8736017322540284,0.009698207005858422,20.136563453674317,0.32226710945367815,72.7136166249984,3.277696000004653,75.99179958296008,11175.405643541017,6.876291170863089,15.25461787790235,0.07646358214318752,0.05006018318235874,0.00032763395574875176,0.6876729130744934,0.011209120573475957,0.06565936617553234,0.23453714191913605,,
148,0.0007038748219920308,0.0007300881785340607,31.88528709411621,0.8749964344501495,0.009698207005858422,20.136563453674317,0.32226710945367815,72.76907041599043,3.2734921670053154,76.04287079098867,11251.504680374986,6.87105108175367,15.274207925092252,0.07424032285809518,0.052724263332784176,0.0003365093725733459,0.7911535501480103,0.010481063658371568,0.06139245837926865,0.2437537604570389,,
149,0.0006815588125837166,0.0007318276446312666,31.878559951782226,0.8714146268367767,0.009698207005858422,20.136563453674317,0.32226710945367815,72.69739649997791,3.2659530420205556,75.96364899998298,11327.521242499992,6.877825397779574,15.30946690190817,0.1027496487647295,0.0784427847713232,0.0005805654218420386,0.8218294382095337,0.012442790484055877,0.07796918086707592,0.34840333461761475,,
150,0.0007106882340858646,0.0007284075253119227,31.90131622314453,0.874329332113266,0.009698207005858422,20.136563453674317,0.32226710945367815,72.70298829098465,3.271742250013631,75.97502408298897,11403.551238041022,6.877296404912716,15.282377454945202,0.08695582956075669,0.0633678774908185,0.0002548900374677032,0.8092257380485535,0.010559521475806832,0.0695264108479023,0.28338846772909165,,
151,0.0007115060046780855,0.0007268067858240101,31.909278755187987,0.874139631986618,0.009698207005858422,20.136563453674317,0.32226710945367815,72.7047412910033,3.26706970797386,75.97212095803116,11479.57804295799,6.877130584905492,15.304234212684895,0.07625838465988637,0.05208634994924068,0.0003071711689699441,0.7212023138999939,0.01061204118654132,0.06449531979858875,0.2434432601928711,,
152,0.0006932328327411597,0.0007278557724202983,31.903113822937012,0.8733354616165161,0.009698207005858422,20.136563453674317,0.32226710945367815,72.71162091597216,3.276878916018177,75.98878837499069,11555.623082874983,6.876479903780659,15.2584215900038,0.08244714073836804,0.057370562739670276,0.0003014427493326366,0.7495059967041016,0.011089463494718075,0.06851063810288906,0.2652070981264114,,
153,0.0007026429593929607,0.0007269163071759976,31.912899742126466,0.8731708264350891,0.009698207005858422,20.136563453674317,0.32226710945367815,72.72426129202358,3.270412917016074,75.994976166985,11631.676537833002,6.875284686526477,15.288589321503787,0.0777687980979681,0.05258337814360857,0.00023338955361396074,0.7731068730354309,0.011160001745447517,0.06576625771820545,0.24839194476604462,,
154,0.0007178229332412229,0.0007426430220948533,31.831182060241698,0.868631843328476,0.009698207005858422,20.136563453674317,0.32226710945367815,72.67731891700532,3.259948709048331,75.937586791988,11707.719592207985,6.879725441866954,15.337664626814446,0.09279392525553704,0.06626119263470173,0.00025764861493371427,0.8419286012649536,0.011667777886614203,0.07529524743556976,0.29977663040161134,,
155,0.0006673777937662635,0.000725180386507418,31.917732009887697,0.8742197513580322,0.009698207005858422,20.136563453674317,0.32226710945367815,72.70958929101471,3.2691728330100887,75.97907016600948,11783.752135040995,6.876672043886637,15.294388689129823,0.07107186578214168,0.04624442715197802,0.0002466257428750396,0.7461302280426025,0.010825057672336698,0.062040089443325994,0.21894948184490204,,
156,0.0007284259784166807,0.0007347076910082251,31.855734214782714,0.875165890455246,0.009698207005858422,20.136563453674317,0.32226710945367815,72.73259816598147,3.269692040979862,76.00260104099289,11859.860478666029,6.8744966164822126,15.291960029671781,0.07107357650995255,0.050775654092431066,0.00021440631826408207,0.7968039512634277,0.009074050867930054,0.05988425090909004,0.23227843329310416,,
157,0.0006940503631685715,0.000725707754609175,31.91496726989746,0.8739242768287658,0.009698207005858422,20.136563453674317,0.32226710945367815,72.70105591701576,3.2858676250325516,75.98721337504685,11935.90258879104,6.877479201550007,15.21668116484293,0.08338891364634037,0.06170566294342279,0.0003699365770444274,0.7964579463005066,0.01070335429161787,0.06632118597626686,0.2834412029385567,,
158,0.0006610454072829271,0.0007280897944292519,31.896510696411134,0.8756488585472106,0.009698207005858422,20.136563453674317,0.32226710945367815,72.67008454102324,3.293064499972388,75.96344508300535,12011.918963666016,6.8804103250732185,15.183425651219174,0.07579683974385261,0.05488181844353676,0.00027555375709198415,0.8124953508377075,0.00967391973361373,0.06211177468299866,0.25145709574222563,,
159,0.000693691444563683,0.0007256943924585358,31.914743156433104,0.8755127215385436,0.009698207005858422,20.136563453674317,0.32226710945367815,72.68142124998849,3.240509417024441,75.92223404196557,12087.895403208036,6.879337131840679,15.429672796912252,0.07570618793368339,0.05504103474318981,0.0002087320463033393,0.8214357495307922,0.009693133002147079,0.062362209036946295,0.25532136887311935,,
160,0.0006960087881743675,0.0007250381866469979,31.91980697631836,0.875413293838501,0.009698207005858422,20.136563453674317,0.32226710945367815,72.71216920897132,3.276970209029969,75.98943912499817,12163.940744541003,6.87642805103261,15.257996506108224,0.07541675738990307,0.050907143987715245,0.0002155482507077977,0.739508330821991,0.010206692116335035,0.06447655305266381,0.23604565545916556,,
161,0.0007028055943385425,0.0007269148682826199,31.91183868408203,0.8732824766635895,0.009698207005858422,20.136563453674317,0.32226710945367815,72.81612870795652,3.302007958001923,76.11843820795184,12240.166468458017,6.8666105830117505,15.14230148320281,0.08510462969541549,0.061970534212887285,0.00022774015087634325,0.8045884966850281,0.011159622967243195,0.06865101158618928,0.28671340227127073,,
162,0.0007015748302951579,0.0007267827572650276,31.912505073547365,0.8732912158966064,0.009698207005858422,20.136563453674317,0.32226710945367815,72.81801537499996,3.2731934579787776,76.09151283401297,12316.31231345801,6.866432673632865,15.275601837135342,0.0841434109210968,0.059173005260527135,0.0002586355258245021,0.7532193064689636,0.011223065443336963,0.06944205231964588,0.2761253499984741,,
163,0.0007385803250740537,0.0007263383246026933,31.908194694519043,0.8757792890071869,0.009698207005858422,20.136563453674317,0.32226710945367815,72.70016620901879,3.2668572920374572,75.96736925002187,12392.33471491601,6.877563368458609,15.305229316832586,0.07696783199906349,0.056451273635029796,0.0002884871792048216,0.7382692694664001,0.009425577046349644,0.062426029443740844,0.262916676402092,,
164,0.0006921121524642331,0.0007268415312864818,31.90628105163574,0.8756378400325775,0.009698207005858422,20.136563453674317,0.32226710945367815,72.73554616695037,3.261045707971789,75.99690179195022,12468.386433708016,6.874217990366729,15.332505115697245,0.07060963913798332,0.04967711217701435,0.0002691220724955201,0.7868571281433105,0.009670873209834098,0.05957318335771561,0.23473781123757362,,
165,0.0007102896476960722,0.000724185482977191,31.923507690429688,0.8756928443908691,0.009698207005858422,20.136563453674317,0.32226710945367815,72.79230737499893,3.27121979201911,76.0638245420414,12544.506444291037,6.8688576860764385,15.2848182570876,0.0814331267774105,0.05984885945916176,0.00025341560831293464,0.8280019760131836,0.009858640087768435,0.0660669343918562,0.28016230791807173,,
166,0.0007081723712863095,0.0007264701396343298,31.90306625366211,0.8755903959274292,0.009698207005858422,20.136563453674317,0.32226710945367815,72.7469426249736,3.2720918750273995,76.01935970800696,12620.631928290997,6.8731410827477575,15.280744523587472,0.0684731800109148,0.046561004035174845,0.00022537326731253415,0.7223988175392151,0.009294583518058062,0.05896707825362682,0.220488987416029,,
167,0.0006755826000182879,0.000724756892741425,31.922069206237794,0.8742023801803589,0.009698207005858422,20.136563453674317,0.32226710945367815,72.83716299996013,3.2911081669735722,76.12876950000646,12696.819839957985,6.864627607753939,15.192451132950412,0.08389996014535427,0.06060216296464205,0.00014909115270711482,0.8202672004699707,0.01013740876223892,0.0682706169039011,0.2817911386489868,,
168,0.0007097982414725265,0.0007235081377439201,31.929679718017578,0.8742604351043701,0.009698207005858422,20.136563453674317,0.32226710945367815,72.70611275004921,3.257592707988806,75.96399625000777,12772.843140790996,6.877000861246863,15.348757343845273,0.08094905979931355,0.05901609666645527,0.00023259271983988583,0.8218652606010437,0.010842983601614833,0.06602277331054211,0.2805157047510147,,
169,0.0006976764517557968,0.0007235231177764945,31.928515434265137,0.875545254945755,0.009698207005858422,20.136563453674317,0.32226710945367815,72.71750404196791,3.2546552079729736,75.97245062497677,12848.922215375002,6.875923570086122,15.362610416462646,0.0855755604058504,0.06588867243379354,0.00026285642525181174,0.8457021713256836,0.009536455376073718,0.06677421301603317,0.30753459364175795,,
170,0.0006799653162030381,0.0007244264709879645,31.92225196838379,0.8751224279403687,0.009698207005858422,20.136563453674317,0.32226710945367815,72.82758941699285,3.2980543340090662,76.1259448750061,12925.100641208002,6.865530000411288,15.160453690652433,0.07820734016597271,0.05839244045317173,0.0002156672126147896,0.8559142351150513,0.009814709946513176,0.063480004966259,0.27933966875076294,,
171,0.0006853002739323984,0.0007248310738941654,31.9198295211792,0.8733573675155639,0.009698207005858422,20.136563453674317,0.32226710945367815,72.82608695799718,3.2791376669774763,76.10552737500984,13001.260286582983,6.865671641651948,15.247911212610715,0.1028596643358469,0.08607752226293088,0.0002126219915226102,0.9393219351768494,0.010331748761236667,0.07479200460016727,0.3970568040013313,,
172,0.0006934106444391546,0.0007320669577165973,31.8847900390625,0.8711645841598511,0.009698207005858422,20.136563453674317,0.32226710945367815,72.77471495902864,3.2183110420010053,75.99332762503764,13077.309820500028,6.870518150177496,15.536099322740473,0.08883552975952626,0.06607521872967481,0.00022360103321261704,0.8671571612358093,0.011252522291615606,0.07106676124036312,0.32132284373044967,,
173,0.0006892233156963811,0.0007290408429980744,31.899931640625,0.8727991914749146,0.009698207005858422,20.136563453674317,0.32226710945367815,72.75359012500849,3.2217050829785876,75.9755965420045,13153.341574874998,6.872513083421417,15.519732164240533,0.07815765105187893,0.05738018866628408,0.00023241432791110128,0.8884316682815552,0.011346023138612509,0.0639608809351921,0.2860906273126602,,
174,0.0006927971686877754,0.0007258675497723744,31.91326030731201,0.8751598823070527,0.009698207005858422,20.136563453674317,0.32226710945367815,72.82631074998062,3.21295866597211,76.0395684579853,13229.43760045804,6.865650543751223,15.561980466646322,0.07557176649570466,0.056527947671711445,0.0001078619752661325,0.8498062491416931,0.009299196298234164,0.061279729306697846,0.27290818631649016,,
175,0.0006885110978691955,0.0007238017427152955,31.928354606628417,0.8742729234695434,0.009698207005858422,20.136563453674317,0.32226710945367815,72.73993275000248,3.2126679999637417,75.95290749997366,13305.44708958303,6.8738034405177935,15.56338843620452,0.08288702599704266,0.06398782067000866,0.00013146099809091538,0.8695299029350281,0.010567979058250784,0.06597548671066761,0.31187502831220626,,
176,0.0006839207096581959,0.0007352159277070314,31.864898529052734,0.8705231976509095,0.009698207005858422,20.136563453674317,0.32226710945367815,72.7524871249916,3.267174792010337,76.01995574997272,13381.522456958017,6.87261727755067,15.30374197372964,0.09724752768874169,0.07898624360561371,0.00026034770417027175,0.9190508127212524,0.012087034275755287,0.07320171274244786,0.38289547443389893,,
177,0.000719509772693982,0.0007236286517581902,31.928553924560546,0.8755011713504791,0.009698207005858422,20.136563453674317,0.32226710945367815,72.82684599998174,3.2808605000027455,76.10799391602632,13457.690477000026,6.865600083794997,15.239904287292362,0.0959617492556572,0.08515786077827216,0.0001900891656987369,1.052950382232666,0.009350163927301765,0.0683740220963955,0.4061003655195236,,
178,0.0007045397669287468,0.0007270052285457496,31.914414367675782,0.8734863781929016,0.009698207005858422,20.136563453674317,0.32226710945367815,72.74615279200953,3.270720250031445,76.01716945896624,13533.767069333,6.873215707084379,15.287152730203475,0.08735594466328621,0.06962339792400599,0.0001898868940770626,0.9524475932121277,0.010823260126635433,0.06790632411837577,0.34216776221990586,,
179,0.0006762569343786709,0.0007224165239313151,31.933439979553224,0.8756842911243439,0.009698207005858422,20.136563453674317,0.32226710945367815,72.73158975003753,3.277820041985251,76.00970979203703,13609.83660220803,6.874591930664378,15.254040600019305,0.08572307147085667,0.07827526673674584,0.0001233770017279312,1.0712350606918335,0.009067429527640343,0.061647887602448465,0.38610324889421466,,
180,0.0006883666144398148,0.0007276617060415447,31.912190437316895,0.8730193722248077,0.009698207005858422,20.136563453674317,0.32226710945367815,72.80374687496806,3.288428500003647,76.09246937499847,13686.036368041008,6.8677783968823976,15.204831122204586,0.1062082789093256,0.0995024586096406,0.00016702762513887137,1.0397919416427612,0.011026171883568168,0.0715418118238449,0.47499243646860123,,
181,0.0006693601214765295,0.0007225163557450287,31.934764518737794,0.8757252538204193,0.009698207005858422,20.136563453674317,0.32226710945367815,72.74874633300351,3.275484666984994,76.02454170800047,13762.116157416021,6.87297067239175,15.264916518758678,0.08720471814274788,0.07725370828062296,0.00011466125579318032,0.9165868759155273,0.009600950963795185,0.0636037439852953,0.3789514294266701,,
182,0.0006892921451799338,0.0007219251387869008,31.937294540405272,0.8749517524242401,0.009698207005858422,20.136563453674317,0.32226710945367815,72.74204487499082,3.291117916989606,76.03366583300522,13838.258642333036,6.873603853992056,15.192406124948306,0.10350237026810646,0.09683915235102176,0.00011088658357039094,1.0158921480178833,0.009357314007356763,0.07127807356417179,0.4673480781912804,,
183,0.0007055964105670683,0.0007218074111733586,31.937715492248536,0.875689834356308,0.009698207005858422,20.136563453674317,0.32226710945367815,72.73873195797205,3.3035031250328757,76.04253545799293,13914.410669540986,6.873916915253577,15.135448070600027,0.09324981339275837,0.08672782592475414,0.00014556775568053126,1.0014163255691528,0.009007882406003774,0.06525752492249012,0.4234366983175278,,
184,0.0007009674658834228,0.000722882802656386,31.932816200256347,0.8746333193778991,0.009698207005858422,20.136563453674317,0.32226710945367815,72.71238849998917,3.270377541950438,75.98306412500096,13990.501170166011,6.876407312628363,15.288754695331056,0.10235388025641441,0.09356462828814983,0.00020311694242991507,0.97833651304245,0.0103092382568866,0.0705026438832283,0.44537659615278247,,
185,0.0007085884146060834,0.0007208058529067784,31.94654945373535,0.8758310747146606,0.009698207005858422,20.136563453674317,0.32226710945367815,72.68282262497814,3.257997874985449,75.94114345801063,14066.502812416002,6.879204493472303,15.346848561165286,0.0960338694602251,0.08963299080729485,0.00010147905413759872,0.9953651428222656,0.0092951169796288,0.06606543436646461,0.43168858259916304,,
186,0.0006763451325397228,0.0007236351526807994,31.931586418151856,0.8738959813117981,0.009698207005858422,20.136563453674317,0.32226710945367815,72.70065987500129,3.2699426250183024,75.97090704197763,14142.57963625004,6.87751666710702,15.290788167795496,0.08723370127379894,0.07484194830060005,0.00014917447697371244,0.9846291542053223,0.009689115434885025,0.06529302068054676,0.3728096544742584,,
187,0.0007000083596594777,0.0007233072408416774,31.932027206420898,0.8749685013294219,0.009698207005858422,20.136563453674317,0.32226710945367815,72.65361958299764,3.2647987920208834,75.91871595801786,14218.554690916033,6.8819695821047535,15.314879471959868,0.08789631120860576,0.07700988221913577,7.065422687446699e-05,0.9702903032302856,0.009264239277690649,0.06410028114914894,0.37481288641691207,,
188,0.0006695443315496732,0.00072325907254708,31.935447921752928,0.8745630514621735,0.009698207005858422,20.136563453674317,0.32226710945367815,72.66188683296787,3.2275355419842526,75.8897399159614,14294.49846224999,6.881186572396327,15.491696171767193,0.10492660671472549,0.10215489812195301,0.00017621480219531804,1.1224106550216675,0.009921879265457392,0.06960228979587554,0.49074853003025054,,
189,0.0006697033056984765,0.0007221709060831927,31.937892417907715,0.8757015132904052,0.009698207005858422,20.136563453674317,0.32226710945367815,72.66990099998657,3.2505044160061516,75.92070612497628,14370.47459508304,6.880427702799436,15.382227987074783,0.09446192480623722,0.08603834878653288,0.00016569469880778342,0.9672490358352661,0.009142573550343513,0.06628176309168339,0.41655452966690065,,
190,0.000684764719485429,0.000721368542581331,31.942654266357422,0.8752368366718293,0.009698207005858422,20.136563453674317,0.32226710945367815,72.71116845798679,3.2714268330018967,75.98289116699016,14446.513914624986,6.876522693881681,15.283850916549296,0.09364495985209942,0.08475289545953274,0.00012090047675883397,1.008069396018982,0.009302690625190735,0.06636309057474137,0.40867245733737945,,
191,0.0006898683183030698,0.0007250163820572197,31.927674026489257,0.8735249626636505,0.009698207005858422,20.136563453674317,0.32226710945367815,72.69179387501208,3.279301167000085,75.97139833297115,14522.541238500038,6.8783554971791085,15.247150979347271,0.09463240154087543,0.08699860118329525,6.946296343812719e-05,1.1235281229019165,0.009602643316611648,0.06655196718871594,0.43058969259262087,,
192,0.0006688528711838444,0.0007220219116425142,31.938750114440918,0.8753268718719482,0.009698207005858422,20.136563453674317,0.32226710945367815,72.69055379199563,3.2646567079937086,75.95550583297154,14598.552838083007,6.878472840236607,15.315546004445732,0.10284513331949711,0.0976759835332632,0.00014297272718977183,1.061403751373291,0.009692989150062203,0.06874953255057335,0.46081354409456254,,
193,0.0006694296221692184,0.0007294173190894071,31.8949405670166,0.8766780543327332,0.009698207005858422,20.136563453674317,0.32226710945367815,72.47217224998167,3.263491833000444,75.73614070797339,14674.344234874996,6.899199851155648,15.321012755233452,0.09304076209664344,0.09348149858415127,9.098681039176881e-05,1.0951130390167236,0.00821835638023913,0.06117723889648914,0.45783752858638765,,
194,0.0006933922580230955,0.0007207407083478757,31.945930976867675,0.8758994972705841,0.009698207005858422,20.136563453674317,0.32226710945367815,72.66114962496795,3.2596431670244783,75.92115516698686,14750.320235208026,6.881256387776572,15.339102299851376,0.08185291685163974,0.0728014263138175,0.00012118623271817341,0.9677309989929199,0.009312429744750262,0.05987297236919403,0.36855745553970337,,
195,0.0006905593675019191,0.00072041754698148,31.947914924621582,0.8757229053974152,0.009698207005858422,20.136563453674317,0.32226710945367815,72.76984124997398,3.257287084008567,76.0274538329686,14826.406074291037,6.8709782983095185,15.350197483504495,0.09864398442208767,0.09776856251060963,0.00014724614447914064,1.0930068492889404,0.008609416307881474,0.0647828097641468,0.470871644616127,,
196,0.0006975464751099025,0.0007291896911920049,31.903030586242675,0.8721570062637329,0.009698207005858422,20.136563453674317,0.32226710945367815,72.7279242919758,3.2135713750030845,75.94182091701077,14902.453304166032,6.874938407325972,15.559013373384934,0.10348920308053494,0.10021636925637722,0.000140556221595034,1.0249799489974976,0.010505288979038597,0.06879822723567486,0.4814816111326218,,
197,0.0007297934879379682,0.0007194859962328337,31.95327434539795,0.8753637933731079,0.009698207005858422,20.136563453674317,0.32226710945367815,72.66250845801551,3.26230216602562,75.92512175004231,14978.435730458004,6.88112770410205,15.326599884189678,0.0991735427081585,0.09357335641980172,0.00010396796278655529,0.9865447282791138,0.00912083377595991,0.06723828740417957,0.449773975610733,,
198,0.0006840443530045377,0.0007200693569029682,31.948387031555175,0.8760289335250855,0.009698207005858422,20.136563453674317,0.32226710945367815,72.7261127079837,3.2696824579616077,75.99610383302206,15054.538114875031,6.8751096598225185,15.292004848437516,0.09403057619929314,0.0900028708577156,0.00014068715972825885,1.0176178216934204,0.008679540758021177,0.0638907078653574,0.43907315701246263,,
199,0.0006821984714770224,0.0007262015889864415,31.914694213867186,0.8724009227752686,0.009698207005858422,20.136563453674317,0.32226710945367815,72.68683749996126,3.25838804198429,75.94554670801153,15130.540396750032,6.87882451895457,15.345010893653738,0.10875146068632603,0.10181809909641742,0.0001835567964008078,1.0761802196502686,0.010483174994587898,0.07291830115020276,0.48482272058725356,,
200,0.0006485400491706059,0.0007210204403963872,31.943435668945312,0.8764097201824188,0.009698207005858422,20.136563453674317,0.32226710945367815,72.71136537502753,3.271470083971508,75.98314137500711,15206.578649375006,6.876504070871475,15.283648854065286,0.08869682982563973,0.08273479059338569,0.00014272275438997895,1.0120142698287964,0.008605649257078766,0.06177175670862198,0.40293640494346616,,
201,0.0006921394061594128,0.0007204777593142353,31.949335975646974,0.8758511638641358,0.009698207005858422,20.136563453674317,0.32226710945367815,85.81027341698064,3.256314292026218,89.06800937501248,15295.646752292057,5.826808144175626,15.354783204568335,0.09286333762109279,0.08914226233959198,0.00014890071179252118,1.0345195531845093,0.00941858126781881,0.06274908043444156,0.4363595327734947,True,1000042.0
202,0.0006796044164775595,0.0007238974611391314,31.930246200561523,0.8746773481369019,0.009698207005858422,20.136563453674317,0.32226710945367815,81.67733424995095,3.2845196669804864,84.96270379197085,15380.688218708034,6.121649348519235,15.222926049934673,0.0883598916977644,0.0787648480758071,0.00014230611850507557,1.0700480937957764,0.010078791808336974,0.06333587117493153,0.3900699117779732,True,1000042.0
203,0.000690158373191025,0.0007219254095980432,31.941913566589356,0.8745763683319092,0.009698207005858422,20.136563453674317,0.32226710945367815,80.45225100003881,3.26398395904107,83.71654941700399,15464.469589833054,6.214866505099513,15.318702734890143,0.09513710491359234,0.08887230806052684,0.0001880545460153371,1.0672215223312378,0.009359818510711193,0.06563591420650482,0.432040248811245,True,1000042.0
204,0.00068836514196596,0.0007202624896308407,31.949698829650877,0.8751809239387512,0.009698207005858422,20.136563453674317,0.32226710945367815,80.44832312501967,3.2658546669990756,83.71449820901034,15548.245398750005,6.215169944847471,15.309928058110417,0.09614906542003154,0.09314128771424293,0.00010159813245991245,1.1357362270355225,0.009230288947001099,0.06477577723562718,0.4519977116584778,True,1000042.0
205,0.0006881150966191853,0.0007301642466336489,31.9009147644043,0.8712121391296387,0.009698207005858422,20.136563453674317,0.32226710945367815,80.42517208302161,3.276817750011105,83.70229887502501,15632.009323917038,6.216959032227598,15.25870640801752,0.09542315170168876,0.08897582307457924,9.878761193249375e-05,1.017638087272644,0.009610485094599426,0.06611079163849354,0.4396405118703842,True,1000042.0
206,0.0006767544421535376,0.0007209599085035733,31.936298141479494,0.8755951392650604,0.009698207005858422,20.136563453674317,0.32226710945367815,80.5718434159644,3.263954832975287,83.83613974996842,15715.907247458003,6.205641807382685,15.3188394321076,0.07278960429131985,0.06488294929265975,0.00014696046127937734,0.8819352388381958,0.008800921617075802,0.05354253612458706,0.3244823670387268,True,1000042.0
207,0.000703491345032944,0.0007238408652483486,31.93123302459717,0.8731854164600372,0.009698207005858422,20.136563453674317,0.32226710945367815,80.5352566249785,3.257149125041906,83.79271491599502,15799.76135491702,6.208461001475495,15.350847652502466,0.10986745573580264,0.10985910929739476,0.00012527007493190467,1.2374521493911743,0.009746800092980266,0.07065855942666531,0.5299742904305458,True,1000042.0
208,0.0006550065828100742,0.000719433092745021,31.956224060058595,0.8753987777233124,0.009698207005858422,20.136563453674317,0.32226710945367815,80.5708656659699,3.26963708398398,83.84081012499519,15883.666539708036,6.205717114582041,15.29221706131254,0.09187706232070923,0.08548064567148686,7.937379996292293e-05,1.083526849746704,0.008974882042966783,0.06372169524431229,0.41681929647922517,True,1000042.0
209,0.0006720265019130238,0.0007195037527708336,31.95663246154785,0.8751716566085815,0.009698207005858422,20.136563453674317,0.32226710945367815,80.59315099997912,3.265079333970789,83.85853112500627,15967.644468083046,6.204001131561782,15.313563587808163,0.09487674474716186,0.0925015951693058,3.0763185350224376e-05,1.145180106163025,0.00876135983504355,0.06362833797931672,0.44838484257459643,True,1000042.0
210,0.0006838698977096556,0.0007193487207405269,31.95632381439209,0.8759072291851043,0.009698207005858422,20.136563453674317,0.32226710945367815,80.5548650410492,3.2805805829702877,83.83574704104103,16051.599837417016,6.206949757102935,15.241204639067039,0.0854110635817051,0.08091820500791073,7.19288582331501e-05,1.0638407468795776,0.008491061930544674,0.05881210133433342,0.39735896944999693,True,1000042.0
211,0.000730674925768426,0.0007210543620749377,31.948479690551757,0.8742213344573975,0.009698207005858422,20.136563453674317,0.32226710945367815,80.48319229099434,3.200034500041511,83.68353033298627,16135.347162958002,6.212477236143967,15.624831544582221,0.10332294680178165,0.10521384999155999,8.194664405891672e-05,1.3258497714996338,0.009441307126544417,0.06589447848498821,0.5086562046408654,True,1000042.0
212,0.0006695590140056993,0.0007192590838531033,31.95753402709961,0.8752650034427643,0.009698207005858422,20.136563453674317,0.32226710945367815,80.31902745802654,3.2597322919755243,83.5790737500065,16218.986025208025,6.225174978136932,15.338682910582838,0.0782373844832182,0.06800719451159239,9.951406536856666e-05,0.951423168182373,0.008989176959730685,0.058218461945652965,0.3446549701690674,True,1000042.0
213,0.0007070158376868676,0.0007206173229496926,31.950434036254883,0.8754799461364746,0.009698207005858422,20.136563453674317,0.32226710945367815,80.64301575004356,3.266266624967102,83.90958470804617,16303.014799333003,6.20016495352519,15.307997093012455,0.09969963930547238,0.10550678752362729,8.316157618537545e-05,1.3756307363510132,0.008702062130905687,0.06269359238445758,0.52155267983675,True,1000042.0
214,0.0006702069224766092,0.0007215524137427565,31.94879554748535,0.8745851492881775,0.009698207005858422,20.136563453674317,0.32226710945367815,80.58057579200249,3.2606314579606988,83.84151329199085,16386.91985341703,6.204969312835616,15.33445304832812,0.09297737531363964,0.09210087098181248,0.00011333954898873344,1.023450493812561,0.009540534969419241,0.061486714482307435,0.45233343958854677,True,1000042.0
215,0.0006756373554480888,0.0007236151810502634,31.93240882873535,0.8734867668151856,0.009698207005858422,20.136563453674317,0.32226710945367815,80.55475858401041,3.264495417010039,83.81956041703233,16470.800633708015,6.206957959889494,15.316302709285205,0.09888062670826912,0.0955732760578394,0.00011998366244370118,1.1217145919799805,0.009291856647469104,0.0668798629194498,0.46899799078702925,True,1000042.0
216,0.0006842631882566366,0.0007224314063205384,31.94209587097168,0.873569085597992,0.009698207005858422,20.136563453674317,0.32226710945367815,80.54961237497628,3.2638298330130056,83.81375495897373,16554.677532875037,6.207354514288527,15.319426121502936,0.10370989143848419,0.10391036905348301,9.871615475276485e-05,1.2143667936325073,0.009296894017606973,0.06709755532443523,0.5044522628188133,True,1000042.0
217,0.0006802102410802035,0.0007194601200171746,31.954941749572754,0.8755578422546386,0.009698207005858422,20.136563453674317,0.32226710945367815,80.5208771249745,3.257419708999805,83.778606457985,16638.517914792057,6.209569714745681,15.34957250422991,0.09335959158837795,0.0897789440304041,9.514334669802338e-05,1.0573939085006714,0.008557516136206686,0.06347509786486626,0.4405746978521347,True,1000042.0
218,0.0006880245968064855,0.0007203157737967559,31.951968536376953,0.8745752620697022,0.009698207005858422,20.136563453674317,0.32226710945367815,80.57100237498526,3.266490292036906,83.83779304195195,16722.418581417005,6.205706585018659,15.306948905340596,0.09203747063875198,0.08627756178379059,9.135602158494294e-05,1.0603187084197998,0.009164920607581735,0.06375906005501747,0.4258206930756569,True,1000042.0
219,0.0007184841199141375,0.0007183009909931571,31.96260238647461,0.8755296576023102,0.009698207005858422,20.136563453674317,0.32226710945367815,80.63711608300218,3.25452816701727,83.89197654195596,16806.37387791701,6.200618577248411,15.363210098078305,0.08219087488949299,0.07260423325002194,8.647278446005657e-05,0.9293642044067383,0.008780305995605886,0.059470339491963384,0.3547497010231018,True,1000042.0
220,0.0006710765257721505,0.0007201707107014954,31.953889961242677,0.8752760398387909,0.009698207005858422,20.136563453674317,0.32226710945367815,80.54983158299001,3.2698705830262043,83.82000629103277,16890.315614875057,6.207337621616912,15.291125055391621,0.08792596772313117,0.08092901222407818,7.334641850320622e-05,1.0098429918289185,0.008848525583744049,0.06182066552340984,0.39921810895204546,True,1000042.0
221,0.0007060071684425111,0.0007194753926887642,31.95771732330322,0.8755478370189667,0.009698207005858422,20.136563453674317,0.32226710945367815,80.63541741599329,3.273354917007964,83.90921824995894,16974.287936708017,6.200749199579757,15.274848364351183,0.08167209595441818,0.07215616635978223,8.719933248357847e-05,1.0221614837646484,0.008587159044109284,0.05972112290561199,0.3548088249564171,True,1000042.0
222,0.0007187587328046448,0.000725076935486868,31.92245880126953,0.8722781264781951,0.009698207005858422,20.136563453674317,0.32226710945367815,80.42868541699136,3.2587367920204997,83.68774195900187,17058.039010750013,6.216687459302549,15.343368670471458,0.0935180787742138,0.08688568577170372,6.70565859763883e-05,0.9922539591789246,0.009415658242069185,0.06543209977447986,0.4330835059285164,True,1000042.0
223,0.0006899843525220604,0.0007186373302829451,31.960799407958984,0.8756670928001404,0.009698207005858422,20.136563453674317,0.32226710945367815,80.439688457991,3.2807312079821713,83.72072191699408,17141.82225312502,6.215837102118081,15.240504884504917,0.08544470801949501,0.07683099865913391,8.011230966076255e-05,0.9953336119651794,0.008623096873052419,0.061158674508333205,0.37978787392377855,True,1000042.0
224,0.0006613593096898285,0.0007321049424353987,31.886751823425293,0.8702396941184998,0.009698207005858422,20.136563453674317,0.32226710945367815,80.71419229201274,3.28939900000114,84.00389191700378,17225.889066833013,6.194697435502661,15.20034510863008,0.08984841629862786,0.0786006822437048,8.200620504794642e-05,0.9697896242141724,0.010721299247816205,0.06522398583590984,0.3923015695810318,True,1000042.0
225,0.0006708128072577893,0.0007227343053091318,31.929863510131835,0.8763500046730042,0.009698207005858422,20.136563453674317,0.32226710945367815,80.66714475001208,3.279329332988709,83.94677541602869,17309.896702042024,6.198310372202991,15.24702002236265,0.07159993208944798,0.05867394700646401,6.67944987071678e-05,0.8270254135131836,0.008303290395997465,0.05487380422651768,0.29426721602678296,True,1000042.0
226,0.0006907673494997653,0.0007213596304063686,31.948533172607423,0.8740607345104218,0.009698207005858422,20.136563453674317,0.32226710945367815,80.64753912499873,3.2684142089565285,83.91626112500671,17393.87444754201,6.1998171974600575,15.297938634272112,0.08854723520576954,0.07864121697843075,5.123494702274911e-05,0.9715098738670349,0.009351381827145814,0.06364208646118641,0.3884901016950607,True,1000042.0
227,0.0006986043373926804,0.0007220552151557058,31.931140632629393,0.8763082110881806,0.009698207005858422,20.136563453674317,0.32226710945367815,80.6478795420262,3.280821416003164,83.9290112919989,17477.863635125046,6.199791027852708,15.240085838293547,0.07112912088632584,0.06311113312840462,9.018883429234847e-05,0.9160944819450378,0.007764481320045888,0.052735274583101274,0.31416381657123565,True,1000042.0
228,0.0006673006689966314,0.0007180319831240922,31.9675199508667,0.8750487661361694,0.009698207005858422,20.136563453674317,0.32226710945367815,80.69628579198616,3.279351083037909,83.97593862499343,17561.899983875046,6.196072038419076,15.246918897650094,0.08177438750863075,0.07245418846607209,8.335214806720614e-05,0.9758291244506836,0.008685308387503027,0.05931620597839356,0.3597942763566971,True,1000042.0
229,0.0006694238101847532,0.0007178589959221426,31.965444259643554,0.8758895921707154,0.009698207005858422,20.136563453674317,0.32226710945367815,80.69903941598022,3.2902079590130597,83.98954816599144,17646.00470429205,6.195860615175907,15.19660782019327,0.08163825318217277,0.07401710495352745,3.14663011522498e-05,1.0664145946502686,0.007877548118121922,0.05873816035687923,0.37160436242818834,True,1000042.0
230,0.000689610159498443,0.0007183655966946389,31.9623787689209,0.8766409409046173,0.009698207005858422,20.136563453674317,0.32226710945367815,80.78546208300395,3.2806135829887353,84.0663822920178,17730.133257042035,6.189232407760065,15.241051326273096,0.08024381279945374,0.07353940207511186,6.436421972466633e-05,1.0266742706298828,0.00779619890730828,0.057480187490582466,0.3708237314224243,True,1000042.0
231,0.0006843220700028497,0.0007315479486715049,31.883183479309082,0.8766770112514496,0.009698207005858422,20.136563453674317,0.32226710945367815,80.69821504096035,3.3116653339820914,84.01018424995709,17814.20450387505,6.1959239091746054,15.098143972137972,0.0698736371845007,0.06183165363967419,6.739014497725293e-05,0.8095616698265076,0.006605812190100551,0.051749043464660645,0.30891312181949615,True,1000042.0
232,0.0006650750911885552,0.0007370230264496058,31.86185619354248,0.8705416178703308,0.009698207005858422,20.136563453674317,0.32226710945367815,80.73920866695698,3.2800276670022868,84.01954924996244,17898.288132708054,6.192778059820496,15.243773856851782,0.09147690780460835,0.0800325845181942,0.00010539697541389614,0.9201714396476746,0.0099797429330647,0.06656652368605137,0.3989372655749321,True,1000042.0
233,0.0006676384976378813,0.0007321061581023969,31.88472400665283,0.8709058177471161,0.009698207005858422,20.136563453674317,0.32226710945367815,80.55017449997831,3.23896029102616,83.78943574998993,17982.138513125014,6.207311195832786,15.437052482097307,0.09038347490131855,0.08414157517254353,7.269124034792185e-05,0.9784088134765625,0.009127414561808109,0.06365421243011951,0.4213748651742935,True,1000042.0
234,0.0006564335001180553,0.0007175475696567446,31.96727809906006,0.8760862064361572,0.009698207005858422,20.136563453674317,0.32226710945367815,80.59323712502373,3.2843861669534817,83.87794579198817,18066.079047542007,6.203994501726658,15.223544814274629,0.07996549554169179,0.06945396311581135,7.474012818420306e-05,0.868590772151947,0.008019666522741317,0.059367129504680635,0.34934411585330966,True,1000042.0
235,0.0006578933084096832,0.0007179931594873778,31.964655838012696,0.8770559513568879,0.009698207005858422,20.136563453674317,0.32226710945367815,80.68136670801323,3.2761064170044847,83.95778587501263,18150.098974708002,6.197217776559309,15.262019493773836,0.07126574620604514,0.06037903923541307,8.041009277803823e-05,0.84150630235672,0.007038460257463157,0.0543944251537323,0.3056850999593735,True,1000042.0
236,0.0006612891519916957,0.0007208342142985203,31.953634300231933,0.8754010784626007,0.009698207005858422,20.136563453674317,0.32226710945367815,80.61070849996759,3.266386584029533,83.8773973339703,18234.038346958056,6.202649862582477,15.307434902061772,0.08246929936110974,0.0791195023804903,9.228500130120665e-05,0.9092891812324524,0.007688105977140367,0.05744084395468235,0.4016287097334862,True,1000042.0
237,0.0006986024911357163,0.0007171454024501144,31.97235137939453,0.8759320950508118,0.009698207005858422,20.136563453674317,0.32226710945367815,80.73264858295443,3.284010124974884,84.01698441698682,18318.11866925005,6.193281265710488,15.225288015938256,0.07508231073617935,0.06243983693420887,9.915680129779503e-05,0.9594731330871582,0.007989272391423583,0.057377314120531084,0.3150737252831459,True,1000042.0
238,0.0006735142984020967,0.0007198855736351106,31.954053421020507,0.8761357533931732,0.009698207005858422,20.136563453674317,0.32226710945367815,80.78176520799752,3.2907479170244187,84.0729858330451,18402.314111542015,6.189515650129656,15.194114304936283,0.08047694340348244,0.07054336585104465,7.244108564918861e-05,1.018188714981079,0.007626887294463813,0.059009846746921536,0.34959150046110155,True,1000042.0
239,0.000681712724286399,0.0007168841395468917,31.9722709274292,0.8764337873458863,0.009698207005858422,20.136563453674317,0.32226710945367815,80.65241625002818,3.295112124993466,83.94782950001536,18486.323771792057,6.1994422888703635,15.173990475392138,0.0712017497420311,0.058376266546547415,4.4776905269827694e-05,0.8985034227371216,0.007589184301905334,0.055255097523331645,0.2908476522564888,True,1000042.0
240,0.0006746411665826599,0.000721373203850817,31.94884834289551,0.8737233579158783,0.009698207005858422,20.136563453674317,0.32226710945367815,80.74056033301167,3.2944214579765685,84.0352839170373,18570.421680750034,6.192674387417763,15.177171663612818,0.07950901806354523,0.06679572239518165,3.7758374674012884e-05,0.7924428582191467,0.008637153166346253,0.06039092689752579,0.34142940908670427,True,1000042.0
241,0.0006925646742258777,0.000725231604592409,31.92856029510498,0.8733283185958862,0.009698207005858422,20.136563453674317,0.32226710945367815,80.67253133398481,3.27441125002224,83.94725104200188,18654.43323312502,6.1978965049453665,15.26992066120601,0.08553548313677312,0.07339058808982372,6.345880683511496e-05,0.927219569683075,0.008950486481189728,0.0633836628496647,0.3688579294085503,True,1000042.0
242,0.0006738908280653959,0.000717714976053685,31.96807716369629,0.8760436177253723,0.009698207005858422,20.136563453674317,0.32226710945367815,80.67836675001308,3.2842454169876873,83.96291254099924,18738.458159083035,6.19744821495062,15.224197236106686,0.07926402173936367,0.07007785975933074,4.145240018260665e-05,0.895193874835968,0.00785470362752676,0.0584566667675972,0.3564403733611107,True,1000042.0
243,0.0006552227921947634,0.0007170916644099635,31.972031555175782,0.8761398732662201,0.009698207005858422,20.136563453674317,0.32226710945367815,80.75231133302441,3.278640916047152,84.03125429101055,18822.554085792042,6.191773235294633,15.250221442451162,0.07490534141659737,0.06401939418166876,0.00012151960982009768,0.8060820698738098,0.008032673066481947,0.05630296133458614,0.32651037216186524,True,1000042.0
244,0.0006709508856531556,0.0007186225042096339,31.966959114074708,0.875583713054657,0.009698207005858422,20.136563453674317,0.32226710945367815,80.68465716700302,3.27717641700292,83.96213458298007,18906.578617958003,6.196965043367391,15.25703643556869,0.07514109455049038,0.062189288213849066,8.635367703391239e-05,0.8607017397880554,0.00791808458045125,0.05732103697955608,0.3133939382433891,True,1000042.0
245,0.0006734954535722864,0.0007205753847665619,31.95505386352539,0.8751467514038086,0.009698207005858422,20.136563453674317,0.32226710945367815,80.11157937499229,3.2564379580435343,83.3683289589826,18990.014985833026,6.241295002555904,15.354200093540234,0.08240718364715577,0.07408073499798774,6.561510235769674e-05,0.9671692848205566,0.00820103321224451,0.06029876574873924,0.3771858763694763,True,1000042.0
246,0.0006616538795565247,0.0007186279335292057,31.963096771240235,0.8764896500110626,0.009698207005858422,20.136563453674317,0.32226710945367815,80.313062332978,3.242912375018932,83.55632299999706,19073.634560875013,6.225637343113623,15.418239600047196,0.07328718230128288,0.06397309519350529,4.655231168726459e-05,0.7581102252006531,0.00696930299513042,0.054620562866330144,0.32558399200439453,True,1000042.0
247,0.0006908727004422417,0.0007162624929333106,31.978831634521484,0.876168987751007,0.009698207005858422,20.136563453674317,0.32226710945367815,80.20401924999896,3.365348167018965,83.56969450000906,19157.26598825003,6.234101540989873,14.857303767262257,0.07700318947434426,0.06653944954276085,3.82111975341104e-05,0.882411003112793,0.007849502046592533,0.05746836550533772,0.33820245176553726,True,1000042.0
248,0.000687916343893903,0.0007438264542724937,31.836342697143554,0.8698119294643402,0.009698207005858422,20.136563453674317,0.32226710945367815,80.37525387504138,3.1951182080083527,83.57081712502986,19240.957729375048,6.220820164093604,15.64887329510323,0.08615520760416985,0.0729561448842287,7.110690057743341e-05,0.9960830807685852,0.009356450289487839,0.06488053165376187,0.37153554916381837,True,1000042.0
249,0.0006801088294109832,0.0007170163451519329,31.975535202026368,0.8755720853805542,0.009698207005858422,20.136563453674317,0.32226710945367815,80.08570258400869,3.1821862080250867,83.26820441696327,19324.286537042004,6.243311650734507,15.712468325676882,0.07594479948282241,0.06478812523186207,5.446380964713171e-05,0.8781638145446777,0.008345684399828315,0.057367450147867205,0.33229839622974394,True,1000042.0
250,0.0006704419204415899,0.0007254685382940807,31.930486068725585,0.8741127681732178,0.009698207005858422,20.136563453674317,0.32226710945367815,80.03832037502434,3.240078040980734,83.2787047920283,19407.626356250024,6.247007654048962,15.431727065705362,0.08180445782840252,0.07068679183721542,2.2408834411180578e-05,0.872978687286377,0.008351572039537132,0.06087819270789623,0.3586583736538887,True,1000042.0
251,0.0006601059237618756,0.0007273526294738986,31.918755531311035,0.8722160804271698,0.009698207005858422,20.136563453674317,0.32226710945367815,80.13913383398904,3.2389217920135707,83.37834991700947,19491.06634250004,6.239149040913858,15.437235972566054,0.08210780642926693,0.06730239979922771,4.004629954579286e-05,0.8041448593139648,0.008859837395139038,0.062391971200704575,0.33378941506147386,True,1000042.0
252,0.0007408597532744352,0.0007167847006348893,31.9743159866333,0.8761670625209809,0.009698207005858422,20.136563453674317,0.32226710945367815,80.32116883294657,3.2295856249984354,83.55107341695111,19574.678183333017,6.225009013998652,15.48186232096702,0.07219554521143437,0.05936079189181328,4.801789327757433e-05,0.757588267326355,0.007734595155343413,0.055607870221138,0.29997782826423647,True,1000042.0
253,0.0006637058033899166,0.0007170663740544114,31.974468688964844,0.8754330623149872,0.009698207005858422,20.136563453674317,0.32226710945367815,80.31538554100553,3.2439705000142567,83.55965479102451,19658.298710125033,6.225457259925894,15.413210446821344,0.07435774922370911,0.06254884533584118,6.342306733131409e-05,0.8487873077392578,0.007868987084366381,0.05697724871337414,0.3225192987918854,True,1000042.0
254,0.000685331422661875,0.0007195750802929979,31.95777603149414,0.8757726883888245,0.009698207005858422,20.136563453674317,0.32226710945367815,80.29615758301225,3.247965084039606,83.54442666599061,19741.90458387503,6.226948026536476,15.394254157995219,0.07729463659226894,0.06562462486326695,3.942666080547497e-05,0.8092700242996216,0.007730302135460079,0.05791573852300644,0.329169060587883,True,1000042.0
255,0.000678106624418433,0.0007176842793705873,31.969540252685547,0.8752438580989838,0.009698207005858422,20.136563453674317,0.32226710945367815,80.28906154196011,3.246657708019484,83.53602112497902,19825.503081833012,6.227498371477334,15.400453172657011,0.07624175950884819,0.06728769935667515,5.604841862805188e-05,0.9771143794059753,0.007212901269085705,0.05657568961381912,0.3402055186033249,True,1000042.0
256,0.0006732143843660197,0.0007195203522860538,31.9614839553833,0.874276123046875,0.009698207005858422,20.136563453674317,0.32226710945367815,80.35016716603423,3.244161750015337,83.59464375005336,19909.159320042003,6.22276241151818,15.412301806395325,0.0708753813803196,0.05635252632200718,5.840741141582839e-05,0.8157835006713867,0.007831034162081777,0.05593194730579853,0.2799020192027092,True,1000042.0
257,0.0006905378871965695,0.0007167271088110283,31.972362518310547,0.8770782363414764,0.009698207005858422,20.136563453674317,0.32226710945367815,80.36250537500018,3.2421660420368426,83.6049635419622,19992.82507316704,6.221807018917855,15.421788813933862,0.07512097306549549,0.06601100340485573,3.296785507700406e-05,0.8174054026603699,0.006980672366917133,0.05584613755345345,0.3347119268774986,True,1000042.0
258,0.0006617955804013036,0.0007191168906865641,31.96512336730957,0.8746336507797241,0.009698207005858422,20.136563453674317,0.32226710945367815,80.06252245901851,3.222176916024182,83.28499637497589,20076.172653875023,6.2451192473474,15.517459563236706,0.08033902816474438,0.06829262681305409,3.501755782053806e-05,0.9058128595352173,0.00770190498791635,0.06062022276222706,0.3452006793022156,True,1000042.0
259,0.000635712608729591,0.0007241543094278313,31.93615135192871,0.8734823322296142,0.009698207005858422,20.136563453674317,0.32226710945367815,80.33488929201849,3.252703291014768,83.58789050002815,20159.825046500016,6.223945839801842,15.371829375928462,0.08189220763742924,0.06928654298186303,4.634975266526453e-05,0.8682010769844055,0.008628707216121256,0.061604591533541676,0.3491577365994453,True,1000042.0
260,0.0006640630492049695,0.0007195800662157125,31.950890045166016,0.8770397114753723,0.009698207005858422,20.136563453674317,0.32226710945367815,80.33072974998504,3.249049166974146,83.58008754096227,20243.46922458301,6.224268117022715,15.389117686564658,0.06968368589878082,0.06098735019564629,4.094000905752182e-05,0.8784273266792297,0.00643072472885251,0.05251862667500973,0.3125047197937965,True,1000042.0
261,0.0007129945457504619,0.0007177328996476717,31.9725643157959,0.8756359267234802,0.009698207005858422,20.136563453674317,0.32226710945367815,80.34451550000813,3.2398572920355946,83.58466545800911,20327.116441375052,6.223200138657248,15.432778512471183,0.07421200200915337,0.060953225493431094,2.7223697543377057e-05,0.9584900140762329,0.007666469565592706,0.05727301627397537,0.30859401255846025,True,1000042.0
262,0.0006567975720231516,0.0007164607355662156,31.978172340393066,0.876140502691269,0.009698207005858422,20.136563453674317,0.32226710945367815,80.37381045799702,3.2576804159907624,83.6318062079954,20410.81349387503,6.220931882547707,15.34834410231534,0.07370715692639351,0.06169263042509556,4.82681134599261e-05,0.7995781302452087,0.007307102903723717,0.056583105996251104,0.3115954080224037,True,1000042.0
263,0.0006577341573465674,0.0007212725373392459,31.9524764251709,0.8747967970371247,0.009698207005858422,20.136563453674317,0.32226710945367815,80.41735429200344,3.2458906669635326,83.66358416696312,20494.541872750036,6.217563415285339,15.404092475725323,0.07455198250710965,0.06171282522380352,3.003622987307608e-05,0.900784432888031,0.0077614002954214814,0.05752614095807076,0.31364225924015043,True,1000042.0
264,0.0006858695899527447,0.0007164148121955805,31.977182731628417,0.8768739295005799,0.009698207005858422,20.136563453674317,0.32226710945367815,80.37385983299464,3.2436202079989016,83.61778283299645,20578.21988550003,6.220928060925882,15.414874983420665,0.07232897646725178,0.061164207458496093,3.191915311617777e-05,0.8685882687568665,0.007391088628210128,0.054900359138846395,0.30831437319517135,True,1000042.0
265,0.0006842581401747339,0.0007161969879234675,31.980078315734865,0.8761318910121918,0.009698207005858422,20.136563453674317,0.32226710945367815,80.27673483302351,3.223577667027712,83.50061583303614,20661.78418754204,6.228454620632061,15.510716714358653,0.07553124696016311,0.06853425823152065,2.6127263481612317e-05,1.129019856452942,0.007443680390715599,0.055621248707175254,0.35341051787137984,True,1000042.0
266,0.0006472305605882411,0.0007160536857554689,31.979159774780275,0.8765451848506928,0.009698207005858422,20.136563453674317,0.32226710945367815,80.38330549997045,3.293986707984004,83.67817245796323,20745.57868050004,6.22019705323245,15.17917479108504,0.07227201022207737,0.06245466973632574,2.087136817863211e-05,0.986805260181427,0.006692020618356764,0.05485775917768478,0.31881683588027954,True,1000042.0
267,0.0006450109844918188,0.0007181889147614129,31.96929470062256,0.8762535774707794,0.009698207005858422,20.136563453674317,0.32226710945367815,80.3008460830315,3.223764750000555,83.52493120799772,20829.169986333058,6.226584455697981,15.509816589436742,0.06902739904820919,0.055191720873117446,1.902399344544392e-05,0.8590683937072754,0.0070303780864924195,0.05433220848441124,0.27243426114320757,True,1000042.0
268,0.0006576560306402826,0.0007168342173099518,31.975583000183107,0.8770107138156891,0.009698207005858422,20.136563453674317,0.32226710945367815,80.547744957963,3.2834918750450015,83.8315437079873,20913.066566417052,6.207498425448715,15.227691099224886,0.07169759742915631,0.06038409452885389,2.7009178666048683e-05,0.877593994140625,0.006975506530143321,0.055045152530074117,0.30384365528821944,True,1000042.0
269,0.0006580154295875218,0.0007300305049284361,31.906432456970215,0.8723336350917816,0.009698207005858422,20.136563453674317,0.32226710945367815,80.75338258297415,3.304722166969441,84.05840325000463,20997.192139333056,6.1916910971035755,15.129864924727379,0.07956964418292045,0.06483736157417297,4.534885010798462e-05,0.8578241467475891,0.00883033248130232,0.06147601835429668,0.3272726279497147,True,1000042.0
270,0.0006946182088166779,0.0007241627205803524,31.93681251525879,0.8749479961395263,0.009698207005858422,20.136563453674317,0.32226710945367815,80.64286466600606,3.2756053329794668,83.91876074997708,21081.174390875036,6.2001765695058255,15.264354193281388,0.07069606781005859,0.057208086177706716,7.879423719714396e-06,1.0385804176330566,0.007219346556812525,0.055540447384119035,0.28743057668209077,True,1000042.0
271,0.0006648934575855492,0.000741267661069287,31.83829532623291,0.8687596130371094,0.009698207005858422,20.136563453674317,0.32226710945367815,80.70861874998081,3.3023240420152433,84.0112372500007,21165.250443125027,6.195125226326821,15.140852128335503,0.08006538964807987,0.0632477181404829,3.346836820128374e-05,0.8509988784790039,0.008754911287687718,0.062667096555233,0.3119245597720146,True,1000042.0
272,0.000688279496256655,0.0007184525318734813,31.967220611572266,0.8756196367740631,0.009698207005858422,20.136563453674317,0.32226710945367815,80.71995312499348,3.2823559580137953,84.00260762503603,21249.31879070803,6.194255331463814,15.232960909655812,0.07583513498306274,0.06328540459275246,3.002431185450405e-05,0.9124488234519958,0.007990362970158458,0.057812973707914356,0.31354129523038865,True,1000042.0
273,0.0007065189796221602,0.0007187979042646475,31.96628879547119,0.8757329082489014,0.009698207005858422,20.136563453674317,0.32226710945367815,80.73429279203992,3.26334374997532,83.99794079200365,21333.38133420801,6.1931551353020335,15.32170798751377,0.07530186757445335,0.06455564148724079,2.0430385120562278e-05,0.9020375609397888,0.007002107095904648,0.05648019827902317,0.3197634878754616,True,1000042.0
274,0.0006836702255004638,0.0007205383873952087,31.958783531188963,0.8749971842765808,0.009698207005858422,20.136563453674317,0.32226710945367815,80.72652216698043,3.281523959012702,84.00833520898595,21417.45741570805,6.193751279979146,15.236823081140411,0.07202632650732994,0.05842803105711937,2.889215829782188e-05,0.7905606627464294,0.007542881057597697,0.056318041309714316,0.29392442256212237,True,1000042.0
275,0.0006640639214031126,0.0007266875257482753,31.92604595184326,0.8728471004962921,0.009698207005858422,20.136563453674317,0.32226710945367815,80.69400154100731,3.2865405830089003,83.98084541596472,21501.502057250007,6.196247434152941,15.213565369767593,0.07652046360075473,0.06132435113191605,2.2408834411180578e-05,0.8558902740478516,0.007835473450832069,0.059697219282388685,0.30319800317287443,True,1000042.0
276,0.000700003521967119,0.0007323395842104219,31.879420700073243,0.870503157377243,0.009698207005858422,20.136563453674317,0.32226710945367815,80.68527537496993,3.278597707976587,83.96416674996726,21585.53420575004,6.19691756242192,15.250422422474607,0.0838673049211502,0.07043826885521412,2.2802136300015263e-05,0.926522433757782,0.008229378489777445,0.06385944671928882,0.3543215411901474,True,1000042.0
277,0.0006762445404032178,0.0007154076828737743,31.984628829956055,0.8768203854560852,0.009698207005858422,20.136563453674317,0.32226710945367815,80.70160299999407,3.2925239159958437,83.99442283296958,21669.595141750004,6.195663796170651,15.18591854628251,0.07163124069571496,0.060003714114427564,1.6330339349224232e-05,0.7827403545379639,0.007045908723957836,0.05464770056307316,0.30072917878627775,True,1000042.0
278,0.0006890550464729586,0.0007211434803321026,31.95250026702881,0.8740023577213287,0.009698207005858422,20.136563453674317,0.32226710945367815,80.67815208400134,3.2930249579949304,83.97147562500322,21753.692069958022,6.1974647049352924,15.183607970722514,0.07901678964495659,0.06505991272628307,3.0953862733440474e-05,0.9362427592277527,0.007563149812631309,0.06058329232037067,0.32334641575813294,True,1000042.0
279,0.0006623839240978668,0.0007183557069220114,31.968725471496583,0.875426971912384,0.009698207005858422,20.136563453674317,0.32226710945367815,80.74318233301165,3.295464708004147,84.03895841701888,21837.79564004205,6.192473290659195,15.172367004434351,0.07777250565588474,0.06395654782652854,2.7855332518811338e-05,0.7897736430168152,0.007113798982463777,0.05968916565179825,0.31682972073554994,True,1000042.0
280,0.0006818351730821633,0.0007164813877898269,31.978163833618165,0.876420465707779,0.009698207005858422,20.136563453674317,0.32226710945367815,80.67919083399465,3.2951509580016136,83.97464037500322,21921.83469400002,6.197384912161539,15.1738116515072,0.07085507988929748,0.05897634048014879,1.1848701433336828e-05,0.8419024348258972,0.006734588048420847,0.05444568961858749,0.2965128514170647,True,1000042.0
281,0.0006624593679531472,0.0007180183702439535,31.968961753845214,0.875634013414383,0.009698207005858422,20.136563453674317,0.32226710945367815,80.6980994999758,3.2974457920063287,83.99584879097529,22005.895307625004,6.195932780302341,15.163251544941254,0.07237664453685283,0.05980800017714501,1.716466613288503e-05,0.8480310440063477,0.006789042879827321,0.055819683521986005,0.29467081546783447,True,1000042.0
282,0.0006739022295600989,0.000728053339116741,31.917680892944336,0.8719275212287902,0.009698207005858422,20.136563453674317,0.32226710945367815,80.67270104098134,3.2862122919759713,83.95921545801684,22089.91928708303,6.197883466750449,15.215085197656366,0.07925048358738422,0.06613764427602291,1.8821376215782948e-05,0.9556432962417603,0.007727763880975545,0.06052034050226211,0.3337893348932266,True,1000042.0
283,0.0006588649259811064,0.0007172104578057769,31.975244674682617,0.8766456818580628,0.009698207005858422,20.136563453674317,0.32226710945367815,80.70475562504726,3.27953795902431,83.98458870901959,22173.969326875056,6.195421770719316,15.246050091420628,0.07047763310372829,0.056175898537039755,7.819823622412514e-06,0.8830397725105286,0.00658702824730426,0.05566526107490063,0.27772382378578186,True,1000042.0
284,0.0006292113885469916,0.000719918291142676,31.96243492126465,0.8749087965488433,0.009698207005858422,20.136563453674317,0.32226710945367815,80.61832162499195,3.2580534589942545,83.87688291701488,22257.91332058306,6.202064120434359,15.346586736313025,0.07118455849587918,0.05597607098519802,1.935771433636546e-05,0.8489755988121033,0.006863712128251791,0.05661276556551456,0.27630595535039904,True,1000042.0
285,0.0006871700464980676,0.0007173097028862685,31.975926055908204,0.8756625187397004,0.009698207005858422,20.136563453674317,0.32226710945367815,80.58730554202339,3.291007665975485,83.87882741697831,22341.861472708057,6.204451143229599,15.192915080974004,0.07179023295640946,0.05638550713658333,4.577531854010886e-06,0.8341168761253357,0.006815418992191553,0.056931637600064276,0.27821832776069644,True,1000042.0
286,0.0006763212860137173,0.0007207074982579797,31.958146858215333,0.8754277241230011,0.009698207005858422,20.136563453674317,0.32226710945367815,80.66295912500937,3.2892803750000894,83.95255887502572,22425.88128387503,6.1986320043765435,15.200893295695002,0.06926159083843231,0.05338896691799164,2.252801823487971e-05,0.8857467770576477,0.007497255019843579,0.05567862056195736,0.26805016815662386,True,1000042.0
287,0.0006924105483490167,0.0007231052582210395,31.944625549316406,0.8747999548912049,0.009698207005858422,20.136563453674317,0.32226710945367815,80.65001683396986,3.269216625019908,83.91953029198339,22509.865973542037,6.199626728278618,15.294183816802144,0.0749244424700737,0.06053334817290306,2.414888695057016e-05,0.8030460476875305,0.006730651408433914,0.058376557305455205,0.298873952627182,True,1000042.0
288,0.000714572976714635,0.0007286848158400971,31.91431354522705,0.8735643756389618,0.009698207005858422,20.136563453674317,0.32226710945367815,80.46893700002693,3.285017082991544,83.75425166700734,22593.684683167026,6.21357779337675,15.220621000383609,0.07673844978213311,0.06070202574133873,2.356490040256176e-05,0.9552555084228516,0.00784678218420595,0.06024575054645538,0.3033826315402985,True,1000042.0
289,0.0006322780687160048,0.0007207712886156514,31.94385612487793,0.8766023325920105,0.009698207005858422,20.136563453674317,0.32226710945367815,80.58288112498121,3.2791302080149762,83.86231137497816,22677.612876500003,6.204791799694002,15.247945896685675,0.06605912640690803,0.05312844101339578,7.009260571066989e-06,0.8873562812805176,0.006334981918334961,0.05184007540345192,0.26255707800388334,True,1000042.0
290,0.0006917544382865799,0.0007221742314868606,31.950078392028807,0.8754328942298889,0.009698207005858422,20.136563453674317,0.32226710945367815,80.59365391696338,3.271852832986042,83.8658019999857,22761.544226208003,6.203962417626034,15.28186093699322,0.07316928125917911,0.05638489656150341,1.345782402495388e-05,0.8789183497428894,0.007133317873813212,0.05861885614693165,0.2753169932961464,True,1000042.0
291,0.0006730351359192355,0.000716830151504837,31.977310256958006,0.8767645823955535,0.009698207005858422,20.136563453674317,0.32226710945367815,80.65700745797949,3.2867782080429606,83.94411945802858,22845.552481458057,6.199089400390771,15.212465470790436,0.06709728583693504,0.05327050320804119,1.580590287630912e-05,0.928357720375061,0.006506289858371019,0.05339393839240074,0.26245362728834154,True,1000042.0
292,0.0006589132770159267,0.0007199801671958994,31.961543350219728,0.8759381759166718,0.009698207005858422,20.136563453674317,0.32226710945367815,80.68034108297434,3.2923403340391815,83.9729844169924,22929.589223875024,6.197296556862389,15.186765317988222,0.06901372373104095,0.05548481620848179,1.5019242709968239e-05,0.833528459072113,0.006555160172283649,0.05455944538116455,0.2733227723836899,True,1000042.0
293,0.0006734109076369351,0.0007237799590802752,31.93850284576416,0.8738666450977326,0.009698207005858422,20.136563453674317,0.32226710945367815,80.59667408303358,3.2922622920013964,83.88924541603774,23013.543318500044,6.203729939090069,15.187125315463412,0.08222382567822933,0.0665829337388277,1.7069314708351158e-05,0.8603115081787109,0.007281456515192986,0.06328248530626297,0.31937694162130353,True,1000042.0
294,0.0006657511481289475,0.0007219437707681208,31.953061790466307,0.8755092072486877,0.009698207005858422,20.136563453674317,0.32226710945367815,80.62350958294701,3.265513624995947,83.8893299579504,23097.501594875008,6.201665030292317,15.311526988365287,0.07242288790643216,0.05771886453032494,9.28597273741616e-06,0.7733771800994873,0.006491528507322073,0.05665299348533154,0.2789151296019554,True,1000042.0
295,0.0006684024985056567,0.0007192757743177936,31.961717224121095,0.8755774796009064,0.009698207005858422,20.136563453674317,0.32226710945367815,80.63186629099073,3.3085562919732183,83.94072179100476,23181.50599266705,6.201022288080993,15.112331659976102,0.07528038449585438,0.0604182044416666,9.619727279641666e-06,0.7128252983093262,0.006741928928531707,0.05854500904679298,0.2950166946649551,True,1000042.0
296,0.0006904321920951588,0.0007169351220363751,31.972887573242186,0.8774581706523895,0.009698207005858422,20.136563453674317,0.32226710945367815,80.61438437498873,3.286701124976389,83.90139787498629,23265.472234167042,6.202367032590391,15.212822249044379,0.07207373514771462,0.058638219982385636,9.572047929395922e-06,0.7674095034599304,0.005800150649156422,0.055939129069447514,0.28417288094758986,True,1000042.0
297,0.000675264056911601,0.0007205065763264428,31.959596633911133,0.8750503373146057,0.009698207005858422,20.136563453674317,0.32226710945367815,80.76402062503621,3.282999249990098,84.04732237500139,23349.58437162504,6.1908755424813995,15.22997606537705,0.07482191137969493,0.05939496211707592,1.7975145965465344e-05,0.7617847919464111,0.006772155300714075,0.058808688446879386,0.28867849737405776,True,1000042.0
298,0.0006494142687556632,0.0007162758022604976,31.97806179046631,0.8769830811023712,0.009698207005858422,20.136563453674317,0.32226710945367815,80.63243687502109,3.2919849589816295,83.92472495901166,23433.577556917036,6.200978407424193,15.188404753667959,0.06646948873996734,0.05147827185690403,1.051370691129705e-05,0.6976771354675293,0.006075793127529323,0.05350451201200485,0.24971099615097045,True,1000042.0
299,0.0006610158544190198,0.0007214661969919689,31.955131912231444,0.8757556712627411,0.009698207005858422,20.136563453674317,0.32226710945367815,80.66610591701465,3.2847805420169607,83.95118849998107,23517.596303917002,6.1983901951877485,15.221717055501795,0.07295578464865685,0.05683908186852932,7.819823622412514e-06,0.7923181056976318,0.006918692030012608,0.05759841613471508,0.2742543137073517,True,1000042.0
300,0.0006542524777236736,0.0007185354051762261,31.9701118850708,0.875071052312851,0.009698207005858422,20.136563453674317,0.32226710945367815,80.67948254203657,3.282256625010632,83.96206866699504,23601.62333541701,6.19736250464279,15.23342191436297,0.07058264337480068,0.054500566497445106,9.071415661310311e-06,0.8413512110710144,0.006789435227401555,0.056497335731983185,0.26369004875421526,True,1000042.0
