benchmark_index,sample_id,dataset,image_name,path,base_idx,sigma,noise_seed,clean_sha256,noisy_sha256
0,div2k/0801.png/sigma_0.050,div2k,0801.png,/Users/kyrillguba/Documents/Data Analytics MSc/Thesis/Python/First Try/data/DIV2K/DIV2K_valid_HR/0801.png,0,0.05000000074505806,20000,9ca598cce3296c3968a2f8f7685477f637dbdbbb9d4efb1cd418ca185bd31eef,23816f670e12ef763ffa26e17d479c22563b12b91b944922e6e872ff0e91ddd9
1,div2k/0802.png/sigma_0.050,div2k,0802.png,/Users/kyrillguba/Documents/Data Analytics MSc/Thesis/Python/First Try/data/DIV2K/DIV2K_valid_HR/0802.png,1,0.05000000074505806,20001,3177c80331fb32ceee70ac3ef64d2e56a1bce05ea8a9c0b664e2592552554742,d7445e9bbede99adf4b19b227f2355615e482ee7cff23a13638b786e6b30c394
2,div2k/0803.png/sigma_0.050,div2k,0803.png,/Users/kyrillguba/Documents/Data Analytics MSc/Thesis/Python/First Try/data/DIV2K/DIV2K_valid_HR/0803.png,2,0.05000000074505806,20002,671a4205d217354c075117f716a83d9a5ef2b4c921475de333f15ac8882c9356,b5a7166a3bd623d88ad5e32920e020aa9881a7f9602b957908661d9ad5911f05
3,div2k/0804.png/sigma_0.050,div2k,0804.png,/Users/kyrillguba/Documents/Data Analytics MSc/Thesis/Python/First Try/data/DIV2K/DIV2K_valid_HR/0804.png,3,0.05000000074505806,20003,f95563d4b6e58b102c165eeec7f7e1ba2608e12c3a331510949f0cce842149ea,8156d77cd656fb19dfebf51512b4d5696d40aeafb0bde5085e54bd36695252c2
4,div2k/0805.png/sigma_0.050,div2k,0805.png,/Users/kyrillguba/Documents/Data Analytics MSc/Thesis/Python/First Try/data/DIV2K/DIV2K_valid_HR/0805.png,4,0.05000000074505806,20004,bac34b49da4033070da28c152ece5c527c7274eafed4e320f3e7258274a93177,d733ca341fa83d639b60a0d5d843dcd82077f7873c9129c0080f5cd10352a039
5,div2k/0806.png/sigma_0.050,div2k,0806.png,/Users/kyrillguba/Documents/Data Analytics MSc/Thesis/Python/First Try/data/DIV2K/DIV2K_valid_HR/0806.png,5,0.05000000074505806,20005,befc31ea0c7663db0351a7238adfea3153639f5dfa13cb7cacfd757a46539d49,f1db7de87fc069e24df1302f21e8934d1fe35cda4374b9a2915d579081ffa22f
6,div2k/0807.png/sigma_0.050,div2k,0807.png,/Users/kyrillguba/Documents/Data Analytics MSc/Thesis/Python/First Try/data/DIV2K/DIV2K_valid_HR/0807.png,6,0.05000000074505806,20006,1e941eaeed69e78250491fe2c5b2f458f2f36301b8aa701227bd408f852fa572,1472dc7dc1cc2319794d51c25542091f03a175962d768447565a84affad77cfd
7,div2k/0808.png/sigma_0.050,div2k,0808.png,/Users/kyrillguba/Documents/Data Analytics MSc/Thesis/Python/First Try/data/DIV2K/DIV2K_valid_HR/0808.png,7,0.05000000074505806,20007,9666b1dba93f470d95570471f38f195acafae585deefb8498b5ebb625df94e78,d66335dc80e7b4534f5e2fb398b20473ab46ef15dfb587f54f4af7a3bb09f04b
8,div2k/0809.png/sigma_0.050,div2k,0809.png,/Users/kyrillguba/Documents/Data Analytics MSc/Thesis/Python/First Try/data/DIV2K/DIV2K_valid_HR/0809.png,8,0.05000000074505806,20008,f57d7f591d2770efb0162e925acaaef8e4ce467e58b7a54d53de058959be9978,8903d3b02e67898ce2ed33bc80a2e01b939b43396cb49d7dd57604d18f78a597
9,div2k/0810.png/sigma_0.050,div2k,0810.png,/Users/kyrillguba/Documents/Data Analytics MSc/Thesis/Python/First Try/data/DIV2K/DIV2K_valid_HR/0810.png,9,0.05000000074505806,20009,50cf8d799292c4a6f6c23b4a8f1d0c08015da9c6e74d9109a31efdb1eb5d9df3,dcf29b2f5a250c88dd457f9bb2447b76c18db7a9927223d0768af7ff6648da6b
10,div2k/0811.png/sigma_0.050,div2k,0811.png,/Users/kyrillguba/Documents/Data Analytics MSc/Thesis/Python/First Try/data/DIV2K/DIV2K_valid_HR/0811.png,10,0.05000000074505806,20010,ceab700e5944238d72f4ec94852a5ee6b9c353c54281c96ee7c6e9b9f2a16308,f3793a053731a43e46584eff4ba09ac27005d714369da0431660236cc1f7603d
11,div2k/0812.png/sigma_0.050,div2k,0812.png,/Users/kyrillguba/Documents/Data Analytics MSc/Thesis/Python/First Try/data/DIV2K/DIV2K_valid_HR/0812.png,11,0.05000000074505806,20011,5f26939fc07611061a96f2a386a77ffd9251b83abf26ac7ecb5a44dcae97187b,919cc1a5d8a61b4c91c622ef576f74f9f44f8fb13fda2e0dfc41f0b357ad5295
12,div2k/0813.png/sigma_0.050,div2k,0813.png,/Users/kyrillguba/Documents/Data Analytics MSc/Thesis/Python/First Try/data/DIV2K/DIV2K_valid_HR/0813.png,12,0.05000000074505806,20012,c34023db0a8b05fd8269a4d5afeb83670d5b08e7bce8d6c8cfe221a95b0e0b2f,09da1827ff8433374734cdb652e7754e505be3746d2bd8f568a47a328f217e48
13,div2k/0814.png/sigma_0.050,div2k,0814.png,/Users/kyrillguba/Documents/Data Analytics MSc/Thesis/Python/First Try/data/DIV2K/DIV2K_valid_HR/0814.png,13,0.05000000074505806,20013,9f544177fb7f24fc86ba1b0d9b9d0e664f093ce144600099ca215fbf1a3e3c25,5f24b789d2ca6124203a1a40f9b48b68594a011b101d6af1d89f4192185d3880
14,div2k/0815.png/sigma_0.050,div2k,0815.png,/Users/kyrillguba/Documents/Data Analytics MSc/Thesis/Python/First Try/data/DIV2K/DIV2K_valid_HR/0815.png,14,0.05000000074505806,20014,d8f2b2b3496e52c1ec43e3c5e28732516b24990b8a2361d1876240ad562db395,4bc908074575a440446f8cf3cf4b30d18b358574fd90c38c20b3cb36ffacc0a7
15,div2k/0816.png/sigma_0.050,div2k,0816.png,/Users/kyrillguba/Documents/Data Analytics MSc/Thesis/Python/First Try/data/DIV2K/DIV2K_valid_HR/0816.png,15,0.05000000074505806,20015,f457e7c932a8730df29263aaf8e3c3a2e54e7e68e543a34cdbc085f7c21edf50,26270b5dfe84c0e73a8ff05bef9d9a014fb181dc56a27ac120957e965c51768f
16,div2k/0817.png/sigma_0.050,div2k,0817.png,/Users/kyrillguba/Documents/Data Analytics MSc/Thesis/Python/First Try/data/DIV2K/DIV2K_valid_HR/0817.png,16,0.05000000074505806,20016,b14c93dc0fd3fb833a2c04431c6af818313c8c6f744eb433dd1817a932b015cf,b801fc201be5316a38d52e45e3242185be6cfea63e2a2d06ec988398e7d15831
17,div2k/0818.png/sigma_0.050,div2k,0818.png,/Users/kyrillguba/Documents/Data Analytics MSc/Thesis/Python/First Try/data/DIV2K/DIV2K_valid_HR/0818.png,17,0.05000000074505806,20017,00f18d236ddc7fe3a937cdcb41ce31082a90c94b9370fc202c7dce18dd80ab2a,6e25b7b315cedeaf3b1345e37bb839678533ea4830e744337c069aa4068ebb47
18,div2k/0819.png/sigma_0.050,div2k,0819.png,/Users/kyrillguba/Documents/Data Analytics MSc/Thesis/Python/First Try/data/DIV2K/DIV2K_valid_HR/0819.png,18,0.05000000074505806,20018,f7450c40d5c0aabdc2bd2a562302ca3993841849efca05e281ec4059186e528c,e2c9e38db76f472ef79bf0589b00d844dc99f0b0ae8f2b1ca50660bb265b55f3
19,div2k/0820.png/sigma_0.050,div2k,0820.png,/Users/kyrillguba/Documents/Data Analytics MSc/Thesis/Python/First Try/data/DIV2K/DIV2K_valid_HR/0820.png,19,0.05000000074505806,20019,ab2cf6ba20cc18bafee4976e8be3cbf4a6db4afea570ef888fdebb8c8e0616f2,a89f9759efbd13f1463a714dee8f0c3be158bc9ea3ee9998e63b5873af574aba
20,div2k/0821.png/sigma_0.050,div2k,0821.png,/Users/kyrillguba/Documents/Data Analytics MSc/Thesis/Python/First Try/data/DIV2K/DIV2K_valid_HR/0821.png,20,0.05000000074505806,20020,ebd02fa51f1a3ee91b6ca90bb58a444e53385dd1193938609708b71bca4504a0,3a232b4dd1b631ac0900a77b50cf182680b0cbe53c61bcbf44525f847a188d37
21,div2k/0822.png/sigma_0.050,div2k,0822.png,/Users/kyrillguba/Documents/Data Analytics MSc/Thesis/Python/First Try/data/DIV2K/DIV2K_valid_HR/0822.png,21,0.05000000074505806,20021,86c801c8390b132b94a9efaeb7a9bad9acdd1212e41d91d44b44811708142963,0abc4f2e4adb5c790e30b77f7a3bc5fd1c970677069733ba10dea91d014706c6
22,div2k/0823.png/sigma_0.050,div2k,0823.png,/Users/kyrillguba/Documents/Data Analytics MSc/Thesis/Python/First Try/data/DIV2K/DIV2K_valid_HR/0823.png,22,0.05000000074505806,20022,ec11d2cf0a95684902842094c84e0956a3cd35920ef85f25ba677348927a365c,ecc7e76080791daa092510c6d95769995451494bc6f21cdd23927f4c4d05ff61
23,div2k/0824.png/sigma_0.050,div2k,0824.png,/Users/kyrillguba/Documents/Data Analytics MSc/Thesis/Python/First Try/data/DIV2K/DIV2K_valid_HR/0824.png,23,0.05000000074505806,20023,5ce7bdee523a1299c6a42c3adbb96d0e62c2f40266823753b8c042edb8b10495,5485e4487caf59442732dd248ecdc0446d1a6a3cea2e30f31057a1f1d926dfda
24,div2k/0825.png/sigma_0.050,div2k,0825.png,/Users/kyrillguba/Documents/Data Analytics MSc/Thesis/Python/First Try/data/DIV2K/DIV2K_valid_HR/0825.png,24,0.05000000074505806,20024,0403db62808d832f7764170e8df2b8c78ad826e2a93d809f8cf6d018258b011a,bc6e5a307dbe58a3621972b9537080fd5f3d2199cb2f68c5d046aa5060925204
25,div2k/0826.png/sigma_0.050,div2k,0826.png,/Users/kyrillguba/Documents/Data Analytics MSc/Thesis/Python/First Try/data/DIV2K/DIV2K_valid_HR/0826.png,25,0.05000000074505806,20025,b7fba61bcca359e5581b44283bbc34696cae71321e031969411ada23b17e2199,e4bbce3def7d8405d4344ccbb87a3e3514d162c19ded7bdc83423dff8e63a86f
26,div2k/0827.png/sigma_0.050,div2k,0827.png,/Users/kyrillguba/Documents/Data Analytics MSc/Thesis/Python/First Try/data/DIV2K/DIV2K_valid_HR/0827.png,26,0.05000000074505806,20026,1a1d5ffbd89d79d7803cf86e2d8f6c75cd146872fd61e387fec71a904e384317,1496c25e0335fbb79b8ec66d7b213d8f9234cac6e48041bba99e2e5d80e935e7
27,div2k/0828.png/sigma_0.050,div2k,0828.png,/Users/kyrillguba/Documents/Data Analytics MSc/Thesis/Python/First Try/data/DIV2K/DIV2K_valid_HR/0828.png,27,0.05000000074505806,20027,3b7551ae7f737167932c3230707f7075368102b6732eb16bfe514fd471223ea4,7013204f2c9f35f44744aaf82ea3ca5f9bf7e7dd407635e6aaf84ccf14ef53ec
28,div2k/0829.png/sigma_0.050,div2k,0829.png,/Users/kyrillguba/Documents/Data Analytics MSc/Thesis/Python/First Try/data/DIV2K/DIV2K_valid_HR/0829.png,28,0.05000000074505806,20028,7fef744df96a3f5b2077c74a59929852deb533e35d4804c7c745471471543ed7,8dd35903bf87baf7f5d0c90ed7a0cac8466aafd566d5b31b5cc24ba8dcbe1932
29,div2k/0830.png/sigma_0.050,div2k,0830.png,/Users/kyrillguba/Documents/Data Analytics MSc/Thesis/Python/First Try/data/DIV2K/DIV2K_valid_HR/0830.png,29,0.05000000074505806,20029,33405798eea5a2bbd23d383a107f9127b4f5d220ad2d443bdb05db6049757a90,8b55cf2a7df2326b1fa79cbd98f9e02a3cb8714c7a9b4b166d2b7b5745e86e0f
30,div2k/0831.png/sigma_0.050,div2k,0831.png,/Users/kyrillguba/Documents/Data Analytics MSc/Thesis/Python/First Try/data/DIV2K/DIV2K_valid_HR/0831.png,30,0.05000000074505806,20030,37f625cf3b90622b2047f8f9b3e488dcb450cde9c639eb5f94e082ec5148792e,ed393efe56b6e94d5303c71ffa8d1c570e7f6ec97a04942870be360ce991e261
31,div2k/0832.png/sigma_0.050,div2k,0832.png,/Users/kyrillguba/Documents/Data Analytics MSc/Thesis/Python/First Try/data/DIV2K/DIV2K_valid_HR/0832.png,31,0.05000000074505806,20031,678db3c6c13225750b6bb2ae62b3e9ffdbdb3491d462fa2451e73fea851ed64c,47467aa6d888ca85dda510d65c606bd0aa4cf5af67585f34ee3df773785323c9
32,div2k/0833.png/sigma_0.050,div2k,0833.png,/Users/kyrillguba/Documents/Data Analytics MSc/Thesis/Python/First Try/data/DIV2K/DIV2K_valid_HR/0833.png,32,0.05000000074505806,20032,196e9aedca5a8ddb4904ed57c8a1a32e080164df130d093fbc86da6222f32553,3a714a2b62205ca61f3147b1676b945f820fff3acefe2f1e55754483d340f161
33,div2k/0834.png/sigma_0.050,div2k,0834.png,/Users/kyrillguba/Documents/Data Analytics MSc/Thesis/Python/First Try/data/DIV2K/DIV2K_valid_HR/0834.png,33,0.05000000074505806,20033,43cd5d3407a2ec5d9396c0ba9f3595990830fe17adfb5b3d69777dc489012502,61622438cf56b44c080308b60b9dbca7cbeb3de3d5186d8c7b7611b2a68bca64
34,div2k/0835.png/sigma_0.050,div2k,0835.png,/Users/kyrillguba/Documents/Data Analytics MSc/Thesis/Python/First Try/data/DIV2K/DIV2K_valid_HR/0835.png,34,0.05000000074505806,20034,80084574e021b9b385517a807fa4f62735358952d97592c2b192db98626e086c,ac0456d334a23b93ce7076b589a2ce6ca09ccd6153ea523a2500c6640e4c869d
35,div2k/0836.png/sigma_0.050,div2k,0836.png,/Users/kyrillguba/Documents/Data Analytics MSc/Thesis/Python/First Try/data/DIV2K/DIV2K_valid_HR/0836.png,35,0.05000000074505806,20035,d774c40f160da761b384b399f5636cb3cfecf88e2cc5d41c78f575c3bea500af,284ad2931c3bc6507b40bf59c3b64e8f4f92a43ba361f4c4bcc52deb37a25042
36,div2k/0837.png/sigma_0.050,div2k,0837.png,/Users/kyrillguba/Documents/Data Analytics MSc/Thesis/Python/First Try/data/DIV2K/DIV2K_valid_HR/0837.png,36,0.05000000074505806,20036,af3a3f14f10fd37d750995ae36a4d7d4e23e7343e1fc6fb8ddf8342f79d68d35,6cc924ebeb60b7d740054d877327520def456c30af4fa1f4e8498d79a786a6b0
37,div2k/0838.png/sigma_0.050,div2k,0838.png,/Users/kyrillguba/Documents/Data Analytics MSc/Thesis/Python/First Try/data/DIV2K/DIV2K_valid_HR/0838.png,37,0.05000000074505806,20037,a419adae2a9bbcb7b328e0e98815224877487f12f01cec7bd572e3a61b346f36,6aab86b91d97f60d52dbd058e8e6d9e47d5ff5cd6bf8b95911b13477fdda9a69
38,div2k/0839.png/sigma_0.050,div2k,0839.png,/Users/kyrillguba/Documents/Data Analytics MSc/Thesis/Python/First Try/data/DIV2K/DIV2K_valid_HR/0839.png,38,0.05000000074505806,20038,9ed3b7789f4dcc0b1bfd3a6e2391350b33a63a89353a3bd50f5bde4b89d2f647,03311d059cb2afa72a656566e0b5ec099e92358e9b13a7c9c37e17bee9ec6340
39,div2k/0840.png/sigma_0.050,div2k,0840.png,/Users/kyrillguba/Documents/Data Analytics MSc/Thesis/Python/First Try/data/DIV2K/DIV2K_valid_HR/0840.png,39,0.05000000074505806,20039,df4e88246e2af519b1c29adccc7944ac0f8568e6a1ef7d65c39dc4fcd2a3dd5b,7c59d425d11ee77210f9205919da2169594e2a28ce6661dc2350be70d12d18a0
40,div2k/0841.png/sigma_0.050,div2k,0841.png,/Users/kyrillguba/Documents/Data Analytics MSc/Thesis/Python/First Try/data/DIV2K/DIV2K_valid_HR/0841.png,40,0.05000000074505806,20040,b85a5c827a7d17dab432c8f79abc120715b867e00f3bcbe182f90d6c23ecff6f,8fe200eca4b5b5242df4bc0de21335521f30c97ede9eb74fc53a2b7d9f56c88e
41,div2k/0842.png/sigma_0.050,div2k,0842.png,/Users/kyrillguba/Documents/Data Analytics MSc/Thesis/Python/First Try/data/DIV2K/DIV2K_valid_HR/0842.png,41,0.05000000074505806,20041,e0fe2755785538efb2ac1c7a4fc4e854d8206a8f09b68ac1931f0544c3e7cc53,beda00ff8db42d4b589f7378d3e25b21007f8885570daf4c565c0337c785048a
42,div2k/0843.png/sigma_0.050,div2k,0843.png,/Users/kyrillguba/Documents/Data Analytics MSc/Thesis/Python/First Try/data/DIV2K/DIV2K_valid_HR/0843.png,42,0.05000000074505806,20042,8d4db85adca20e5911d117b4bb54fdfb3f22b2a02cceb14242bb7540955f6140,35d05bad930e78acf4ef2cb816eca7463834e674af53f848c7dbaadb73084f68
43,div2k/0844.png/sigma_0.050,div2k,0844.png,/Users/kyrillguba/Documents/Data Analytics MSc/Thesis/Python/First Try/data/DIV2K/DIV2K_valid_HR/0844.png,43,0.05000000074505806,20043,15c2150d7c67049e1e35243bac1a1a68c6f0e57215592b78ed9b74e130ed1370,54e704e5fefca2dce105a38946c8722391d376a9b4bda2d175503937d9443db5
44,div2k/0845.png/sigma_0.050,div2k,0845.png,/Users/kyrillguba/Documents/Data Analytics MSc/Thesis/Python/First Try/data/DIV2K/DIV2K_valid_HR/0845.png,44,0.05000000074505806,20044,3afec5a048f16903b44498719256567f9874b218bd408f06ae16848d5bfd4779,787c55ff16cedc70877931e779b270a9714da1b1ff66e29c8b238f45f9089a82
45,div2k/0846.png/sigma_0.050,div2k,0846.png,/Users/kyrillguba/Documents/Data Analytics MSc/Thesis/Python/First Try/data/DIV2K/DIV2K_valid_HR/0846.png,45,0.05000000074505806,20045,bfa025022780e8b45b7d8ca41bf0c1aa0ef062e997a3e07e7b0b4766072a0c65,0adbf774efd417a8fd418e7c5104d799b1f00bb3095edb86e4e8ab2dfa026b37
46,div2k/0847.png/sigma_0.050,div2k,0847.png,/Users/kyrillguba/Documents/Data Analytics MSc/Thesis/Python/First Try/data/DIV2K/DIV2K_valid_HR/0847.png,46,0.05000000074505806,20046,a03ac31eb9aa42c51d2ec103e996158d3f7890d32752d0e5a0bece66c7f0a096,f7a15c06ecc295897dcb2e920759c7d2b39e632ddbc05f39f62443e6f2d07c47
47,div2k/0848.png/sigma_0.050,div2k,0848.png,/Users/kyrillguba/Documents/Data Analytics MSc/Thesis/Python/First Try/data/DIV2K/DIV2K_valid_HR/0848.png,47,0.05000000074505806,20047,226e619ed1295a7c7b4eb9d622c6124c81ba03e21362bb8eee67e67dced25224,efa2172a3a1dd6cd91b1b9a07f06d0811453ba7dedba5ff3c724a98f91ceee0f
48,div2k/0849.png/sigma_0.050,div2k,0849.png,/Users/kyrillguba/Documents/Data Analytics MSc/Thesis/Python/First Try/data/DIV2K/DIV2K_valid_HR/0849.png,48,0.05000000074505806,20048,2c70dd5654b23e4a9ab11865c6c70e3077823c4972ad389deddc84dd9edc36b8,812c07076778f64508761453798502e38c6faad3cecffd799395e10f24d49b2e
49,div2k/0850.png/sigma_0.050,div2k,0850.png,/Users/kyrillguba/Documents/Data Analytics MSc/Thesis/Python/First Try/data/DIV2K/DIV2K_valid_HR/0850.png,49,0.05000000074505806,20049,b0e8b344c318dfae08640e56c0b52ec6df0909ea2a5c7128b8b44308511dabe7,c58c027afbe1f7160eae9abc4d0d74aea25e91e356b752d3e1e2acb9dd2b25b1
50,div2k/0851.png/sigma_0.050,div2k,0851.png,/Users/kyrillguba/Documents/Data Analytics MSc/Thesis/Python/First Try/data/DIV2K/DIV2K_valid_HR/0851.png,50,0.05000000074505806,20050,6cd623610d71351bd69a4193263bc448cd15272dcfd17f66224ecc57d176c5d0,3c106b758572323bd824bc5a7c10ef69bf0bb6f2d4c116d1984d1ba198b915d8
51,div2k/0852.png/sigma_0.050,div2k,0852.png,/Users/kyrillguba/Documents/Data Analytics MSc/Thesis/Python/First Try/data/DIV2K/DIV2K_valid_HR/0852.png,51,0.05000000074505806,20051,73b3c50a05a0fcb1a26fb8f3d88ebc57fe34409f6e6d0d125e46c18d90cca3a1,4ce54e8621ce4f5257ecb630b4daea9067dfad4a58b54393e8e18482ffa73ce6
52,div2k/0853.png/sigma_0.050,div2k,0853.png,/Users/kyrillguba/Documents/Data Analytics MSc/Thesis/Python/First Try/data/DIV2K/DIV2K_valid_HR/0853.png,52,0.05000000074505806,20052,e9eb55fc2bc1bcfd2fad63122c380357a672f2b9f14b61a7547da796324e10c2,c4ddc83133c81f82df55fcd98380e6d24f8bab15fb2b858671b54562d377c806
53,div2k/0854.png/sigma_0.050,div2k,0854.png,/Users/kyrillguba/Documents/Data Analytics MSc/Thesis/Python/First Try/data/DIV2K/DIV2K_valid_HR/0854.png,53,0.05000000074505806,20053,dbefb08aac7a5ad65da8e59ab21cbb0e921c9ad6da4d670be4cb2a982a3e2ffe,ee82022d69ec65f113006151c0964c1ce0401ec3b9c05faa531c924cc453f28e
54,div2k/0855.png/sigma_0.050,div2k,0855.png,/Users/kyrillguba/Documents/Data Analytics MSc/Thesis/Python/First Try/data/DIV2K/DIV2K_valid_HR/0855.png,54,0.05000000074505806,20054,9e2b3caa326eef35864ca6323728491aaf77f5232b3a1b7435275b7a4b5bc314,224e93d4c6e4499718b0c65e9f9dc75bfff8c9849e40711398f500fcb0e1344c
55,div2k/0856.png/sigma_0.050,div2k,0856.png,/Users/kyrillguba/Documents/Data Analytics MSc/Thesis/Python/First Try/data/DIV2K/DIV2K_valid_HR/0856.png,55,0.05000000074505806,20055,66cf31de43a337537e663db0aecf5dd0004e87a0fbe2bd2cdc7ed9a8b4a93ece,62ea9274995afc0d0ba793d444a4eca4cd474404f25acb13a3902506fcfc2ec5
56,div2k/0857.png/sigma_0.050,div2k,0857.png,/Users/kyrillguba/Documents/Data Analytics MSc/Thesis/Python/First Try/data/DIV2K/DIV2K_valid_HR/0857.png,56,0.05000000074505806,20056,ab895c24c3f27bd01daebb297e1995e3f7eaba3372e5cc7e32fb98edb3dfd93b,673be55e35caf9556009ef5b290c84ca55946414b7437036ce7a684e731ab7d2
57,div2k/0858.png/sigma_0.050,div2k,0858.png,/Users/kyrillguba/Documents/Data Analytics MSc/Thesis/Python/First Try/data/DIV2K/DIV2K_valid_HR/0858.png,57,0.05000000074505806,20057,69c3c9a846793f1dd2cda90db3fba707412671412126cd1eaad1496e784f7c0e,9a3fedb0e7da6c4cb13c4aa3be8292d1decc9118fb09e54e5d4f940963c19b8a
58,div2k/0859.png/sigma_0.050,div2k,0859.png,/Users/kyrillguba/Documents/Data Analytics MSc/Thesis/Python/First Try/data/DIV2K/DIV2K_valid_HR/0859.png,58,0.05000000074505806,20058,0783919bca182fbd4ec27a809e6b7e6c58e89fddb3d3ef3d1bd5c807651c9a53,fcf822cfa8424f9b9c84b5035a72e071539cb531dffee6d54e3f00d3c550a601
59,div2k/0860.png/sigma_0.050,div2k,0860.png,/Users/kyrillguba/Documents/Data Analytics MSc/Thesis/Python/First Try/data/DIV2K/DIV2K_valid_HR/0860.png,59,0.05000000074505806,20059,6323c40a5d11f381b901e87cf8f54d9578bc32be44b9350ac5386eb44224de4a,c71c04fcfb6b74e55325e34a45c1c3ca5d8a987657eb8863649b82696952b358
60,div2k/0861.png/sigma_0.050,div2k,0861.png,/Users/kyrillguba/Documents/Data Analytics MSc/Thesis/Python/First Try/data/DIV2K/DIV2K_valid_HR/0861.png,60,0.05000000074505806,20060,c3df240f2bf2bcdcdc9060b4ba3b0dd6324594f485ce3ee2d407f0b5364d72d7,8839bdd16fcb8d9dc749ec4fba288f25ca0dc583156fc136316fb9ae87610e10
61,div2k/0862.png/sigma_0.050,div2k,0862.png,/Users/kyrillguba/Documents/Data Analytics MSc/Thesis/Python/First Try/data/DIV2K/DIV2K_valid_HR/0862.png,61,0.05000000074505806,20061,b28039f4ed1566ad4bef028589288dfa1cf33c4b676694010eb5d0d9f228ef50,978a7b813eafffc3aa259f7f1d4c268f8c390f58f7b2ffe9b6706c1a191e7bda
62,div2k/0863.png/sigma_0.050,div2k,0863.png,/Users/kyrillguba/Documents/Data Analytics MSc/Thesis/Python/First Try/data/DIV2K/DIV2K_valid_HR/0863.png,62,0.05000000074505806,20062,69a9aeec52e386294dc8c778c0d11c7f842f0960ca488aa898c25c50220c823a,c5b360385124b0b9db466d8df7c65a52c9f7b40b24ea0989ea1251fe9b9e974c
63,div2k/0864.png/sigma_0.050,div2k,0864.png,/Users/kyrillguba/Documents/Data Analytics MSc/Thesis/Python/First Try/data/DIV2K/DIV2K_valid_HR/0864.png,63,0.05000000074505806,20063,fb786dffb18452c590dd1e18bebeea18d1c1bec24fd9d36d75ba35ad6c8a81d3,f18d1da23718072040022a8b39a5ed0e4862a23ffc29a83502f4179a0f193a89
64,div2k/0865.png/sigma_0.050,div2k,0865.png,/Users/kyrillguba/Documents/Data Analytics MSc/Thesis/Python/First Try/data/DIV2K/DIV2K_valid_HR/0865.png,64,0.05000000074505806,20064,f92af3991be3de305c0efcfbe87ac07586eb280db7c47c56bbf8452a9b10010c,acd0fc3cccb5e4827e28374fc235054efe5f2b26adc84330573534bc9727fece
65,div2k/0866.png/sigma_0.050,div2k,0866.png,/Users/kyrillguba/Documents/Data Analytics MSc/Thesis/Python/First Try/data/DIV2K/DIV2K_valid_HR/0866.png,65,0.05000000074505806,20065,64fe1cb87ea16bd47a4af52b635bd686b87a3bb0bb006aa875e7090e7f4f1b09,9afe981f615137ba03acacaf176e2c98a40692fb9b988590634da93828007e30
66,div2k/0867.png/sigma_0.050,div2k,0867.png,/Users/kyrillguba/Documents/Data Analytics MSc/Thesis/Python/First Try/data/DIV2K/DIV2K_valid_HR/0867.png,66,0.05000000074505806,20066,a1b0a4eea55a3cc398df9e911e7db0ecbec9938d8ca0f96d3252df65b6daed62,66b0a986b08c5cd25291d21eeaacbef5e8726ec5e502a875560f78802f9bd7de
67,div2k/0868.png/sigma_0.050,div2k,0868.png,/Users/kyrillguba/Documents/Data Analytics MSc/Thesis/Python/First Try/data/DIV2K/DIV2K_valid_HR/0868.png,67,0.05000000074505806,20067,a5806164ffd45d6b14c4f40b199c062ca7d2855351fd99291a948b57f15212f1,a068c0fafc52686b9b284c602856e7d72b97994c0d20c34e82fde7b9e37cf00c
68,div2k/0869.png/sigma_0.050,div2k,0869.png,/Users/kyrillguba/Documents/Data Analytics MSc/Thesis/Python/First Try/data/DIV2K/DIV2K_valid_HR/0869.png,68,0.05000000074505806,20068,bc61ffc14754a4c0e306111ec7946ec828ebc05b363e7717d8c2f300d7750e5c,92faf7d14463503cc56675c98f92d562b015bd906d1db31c8f3cc235521aefff
69,div2k/0870.png/sigma_0.050,div2k,0870.png,/Users/kyrillguba/Documents/Data Analytics MSc/Thesis/Python/First Try/data/DIV2K/DIV2K_valid_HR/0870.png,69,0.05000000074505806,20069,23fb86d88c32c580e802edb1ef9cd9aecf3ca74c79ecdde14ada63f7050ad410,b6f5585f87becf8c8892e5f8ff9ae9085e0882cccd1e98b84ad068e6c2fd5d7f
70,div2k/0871.png/sigma_0.050,div2k,0871.png,/Users/kyrillguba/Documents/Data Analytics MSc/Thesis/Python/First Try/data/DIV2K/DIV2K_valid_HR/0871.png,70,0.05000000074505806,20070,755675f2824bd9535075c3a3649ecad82608dffc5b28d5b6777c999ce5ac8feb,9b545bb8a7867d96b3d1fecda24e03809067ef977387c4a9184f2aae6fcbc8c8
71,div2k/0872.png/sigma_0.050,div2k,0872.png,/Users/kyrillguba/Documents/Data Analytics MSc/Thesis/Python/First Try/data/DIV2K/DIV2K_valid_HR/0872.png,71,0.05000000074505806,20071,a3051017ca8c7da3a6c7830c9bb928ecf2b81dc2add6c092a6aecfa321376f6b,131358219de1a92c883f7aabb6f73c5887153fa67393bfc249b3c44637410397
72,div2k/0873.png/sigma_0.050,div2k,0873.png,/Users/kyrillguba/Documents/Data Analytics MSc/Thesis/Python/First Try/data/DIV2K/DIV2K_valid_HR/0873.png,72,0.05000000074505806,20072,98eca5a763607b677cf4da90c4112b7bd27d325edaf99023f29c46b2af95740e,7ed996e83d7c85129cf42e7e77d6ee12ca7058197ed761629f556c4526a743be
73,div2k/0874.png/sigma_0.050,div2k,0874.png,/Users/kyrillguba/Documents/Data Analytics MSc/Thesis/Python/First Try/data/DIV2K/DIV2K_valid_HR/0874.png,73,0.05000000074505806,20073,c1b141701b55a15db0c8d9d38d28131d0c6935abc941c0cf5a1b8e17483ce6db,b19bfca99d856a1b2097f69aab2e36d4fedf6c4a2af0992eda02c4f131e8329d
74,div2k/0875.png/sigma_0.050,div2k,0875.png,/Users/kyrillguba/Documents/Data Analytics MSc/Thesis/Python/First Try/data/DIV2K/DIV2K_valid_HR/0875.png,74,0.05000000074505806,20074,9efdc0057bb6e53db148019bb4a13192254fce5f31a016a4924e85fc6ee62a16,5dec522d5e1137adce5d49d502dfa608677341edee3f6ccf586c6fc3ae9ffa96
75,div2k/0876.png/sigma_0.050,div2k,0876.png,/Users/kyrillguba/Documents/Data Analytics MSc/Thesis/Python/First Try/data/DIV2K/DIV2K_valid_HR/0876.png,75,0.05000000074505806,20075,84df379a2b4a7b995296e31b3954bfb9a7731d5e2d0b8650405a416a53e11125,80e9a18961ffcbf9cc0f8ac5206060e646fa8d3dbbd54ed03acd91720a2d69e9
76,div2k/0877.png/sigma_0.050,div2k,0877.png,/Users/kyrillguba/Documents/Data Analytics MSc/Thesis/Python/First Try/data/DIV2K/DIV2K_valid_HR/0877.png,76,0.05000000074505806,20076,a7be10c02736c3557926612d053466a395f1f8df83ddeeff7027d05bb769b33a,78441016e6cfc95c22e8029585e0135aee252e64b13e409b0421ab423ad3bc5b
77,div2k/0878.png/sigma_0.050,div2k,0878.png,/Users/kyrillguba/Documents/Data Analytics MSc/Thesis/Python/First Try/data/DIV2K/DIV2K_valid_HR/0878.png,77,0.05000000074505806,20077,f1e61ee7f615bf40fc0cc24a3750fc6413019d89281f32d061c3bfb42fdf3082,6f9cb19221b164fd1c4793e9119d414b2937b5fe464e8b30b5d536fc88349f47
78,div2k/0879.png/sigma_0.050,div2k,0879.png,/Users/kyrillguba/Documents/Data Analytics MSc/Thesis/Python/First Try/data/DIV2K/DIV2K_valid_HR/0879.png,78,0.05000000074505806,20078,f7a72db70e5d13cc9ce0514ee1b317f98a5b43e5671f68071037416761ac50bb,3af6e6931292a54a400c5fe7933c9aac4afecb5836dd41e2e23a0d722688892b
79,div2k/0880.png/sigma_0.050,div2k,0880.png,/Users/kyrillguba/Documents/Data Analytics MSc/Thesis/Python/First Try/data/DIV2K/DIV2K_valid_HR/0880.png,79,0.05000000074505806,20079,2464ffab9474f65f91c41e6231fc7c3907d471b36d493192c28dd9a9c9ac3c4c,ffecafd44bf8d629abfc24db08cb713e2747a47b22d9ed9ed9bc9660924349a3
80,div2k/0881.png/sigma_0.050,div2k,0881.png,/Users/kyrillguba/Documents/Data Analytics MSc/Thesis/Python/First Try/data/DIV2K/DIV2K_valid_HR/0881.png,80,0.05000000074505806,20080,b4be0560c87adf38d8561ec3fb5a8e3e0e5d0b43501194ff1ff77f1511e89119,ff995967a741339364d17f41dcd807bccd4353b0c9d14e5fc9125b4bed8e3b9b
81,div2k/0882.png/sigma_0.050,div2k,0882.png,/Users/kyrillguba/Documents/Data Analytics MSc/Thesis/Python/First Try/data/DIV2K/DIV2K_valid_HR/0882.png,81,0.05000000074505806,20081,aac379d4eb1f7ffb4575e0fcca3a6836e85643267b9f537632bdfd3422ae2a6d,150dcca981b1c1e3158f4d57fa0cfc7d25c1e39ecdd9e084f83d47d137d9624c
82,div2k/0883.png/sigma_0.050,div2k,0883.png,/Users/kyrillguba/Documents/Data Analytics MSc/Thesis/Python/First Try/data/DIV2K/DIV2K_valid_HR/0883.png,82,0.05000000074505806,20082,dc84aa16cb279e020e6bb4a512b74aeb161e2c3b612b40cfe834b4ea44c4dbd4,8be593f4169e0006fed354c03aa94d24561d05cf205aa1ab1135d7f0ccfb3662
83,div2k/0884.png/sigma_0.050,div2k,0884.png,/Users/kyrillguba/Documents/Data Analytics MSc/Thesis/Python/First Try/data/DIV2K/DIV2K_valid_HR/0884.png,83,0.05000000074505806,20083,c3e792b1483d91371c9eeedd1d20a4f45de1d748d7f261794ce740fbc3ea3016,644712dffe27a59f790cd1353bc32632a684ecb9a493f14d431d028de199b4ab
84,div2k/0885.png/sigma_0.050,div2k,0885.png,/Users/kyrillguba/Documents/Data Analytics MSc/Thesis/Python/First Try/data/DIV2K/DIV2K_valid_HR/0885.png,84,0.05000000074505806,20084,d1b12f5bdff73a004166bc26bfd68ed924612ba4dfeb5ee46ef886fec9606402,54e95c1f904f700786fe9b0020834c1adb1474c7f7d7015fed754fcbbac1cb68
85,div2k/0886.png/sigma_0.050,div2k,0886.png,/Users/kyrillguba/Documents/Data Analytics MSc/Thesis/Python/First Try/data/DIV2K/DIV2K_valid_HR/0886.png,85,0.05000000074505806,20085,8269830c494c50f2ca58c9fe1491092884eabccc73e5d87438dd2282f32843ab,644f721c45f511f04e3e4dfe1984679ca45a76abef26cb112dfa7c13004f0451
86,div2k/0887.png/sigma_0.050,div2k,0887.png,/Users/kyrillguba/Documents/Data Analytics MSc/Thesis/Python/First Try/data/DIV2K/DIV2K_valid_HR/0887.png,86,0.05000000074505806,20086,9674e5076ec8c005bce7e3450e6bf09deb82df9952eaff58c7717b3a16e90f3e,2099d8648cfc0604200e781860cc79588ad1d7d189a7db04e8d8409a476fba77
87,div2k/0888.png/sigma_0.050,div2k,0888.png,/Users/kyrillguba/Documents/Data Analytics MSc/Thesis/Python/First Try/data/DIV2K/DIV2K_valid_HR/0888.png,87,0.05000000074505806,20087,0b12dfb6e7a24bf393f0f61b8c12a04a0e14c82f6eb77cce3a6d2ed989cadb40,6107146e9b7375749f1106b6bae5ce13f26b5e35a344ca566beaecbb6d21d742
88,div2k/0889.png/sigma_0.050,div2k,0889.png,/Users/kyrillguba/Documents/Data Analytics MSc/Thesis/Python/First Try/data/DIV2K/DIV2K_valid_HR/0889.png,88,0.05000000074505806,20088,65b588cd7d91eb7ab3ad2ee297b48e2bcd71468e6f3fd4cedd22296161fcf0b3,82afed0bd0dc99b05f58a686bfb502c07791b318fc31c5955e5141844cdde637
89,div2k/0890.png/sigma_0.050,div2k,0890.png,/Users/kyrillguba/Documents/Data Analytics MSc/Thesis/Python/First Try/data/DIV2K/DIV2K_valid_HR/0890.png,89,0.05000000074505806,20089,641726511e5ab55ecb5dccce15a53a64473d43e0a2be22d51e522b22644d2891,d34d9e3cd9ebcd2cf3d6c1b9f064df56bda984f844f8bcf06e3af73c3e659c5c
90,div2k/0891.png/sigma_0.050,div2k,0891.png,/Users/kyrillguba/Documents/Data Analytics MSc/Thesis/Python/First Try/data/DIV2K/DIV2K_valid_HR/0891.png,90,0.05000000074505806,20090,df25cc2cba32c4a350c4749f690c8d6acb73d96d359ca40b6fee4071dbf564d0,421e905729a92cab4f659e1ddb1bf1d771c753c1d167652bf852b8a13e934671
91,div2k/0892.png/sigma_0.050,div2k,0892.png,/Users/kyrillguba/Documents/Data Analytics MSc/Thesis/Python/First Try/data/DIV2K/DIV2K_valid_HR/0892.png,91,0.05000000074505806,20091,cf51693d41de71e034484154f59145fbffeb5a48fb250085472f21ef15bc44ee,3cafed2fde4b57bf1807633e19dc80bea402b14e9c3980876c0f7c9215b861dc
92,div2k/0893.png/sigma_0.050,div2k,0893.png,/Users/kyrillguba/Documents/Data Analytics MSc/Thesis/Python/First Try/data/DIV2K/DIV2K_valid_HR/0893.png,92,0.05000000074505806,20092,e38a2d9fc2bb1bfe2d7f4ac7ac04be6e3b640472049753a9ec509cb5b184dfae,a878a4f9219f30bc2ec3940c274d4b9a2a25ebe0a3266e469e0181b37c892a73
93,div2k/0894.png/sigma_0.050,div2k,0894.png,/Users/kyrillguba/Documents/Data Analytics MSc/Thesis/Python/First Try/data/DIV2K/DIV2K_valid_HR/0894.png,93,0.05000000074505806,20093,f7c053db8ff81bb3c056ed342eb0bfb9ba890e8adb30617f79d560f11e941c73,3d463b3e7a884a106cc74b530c35a6335045088c1b51b2e80c59951856a4b3e1
94,div2k/0895.png/sigma_0.050,div2k,0895.png,/Users/kyrillguba/Documents/Data Analytics MSc/Thesis/Python/First Try/data/DIV2K/DIV2K_valid_HR/0895.png,94,0.05000000074505806,20094,abdbc9e5dd323d44902bb35948460b514a4fe27d53aa9bc4f2072e0a425a5902,5d40f5addb18cb3d1e51dee5d67c4528bf69f82e268864b4ac85abbc858bcee8
95,div2k/0896.png/sigma_0.050,div2k,0896.png,/Users/kyrillguba/Documents/Data Analytics MSc/Thesis/Python/First Try/data/DIV2K/DIV2K_valid_HR/0896.png,95,0.05000000074505806,20095,857388cd8fc429b194bc7374762cee70b099ddf090a6495b03d92edc4c8c7b8d,27af2283b2ab076eaa81356ab561d313279ce0d569c2e4877fdddf0ef320a479
96,div2k/0897.png/sigma_0.050,div2k,0897.png,/Users/kyrillguba/Documents/Data Analytics MSc/Thesis/Python/First Try/data/DIV2K/DIV2K_valid_HR/0897.png,96,0.05000000074505806,20096,a75baf8d323b01687486bd536ce524304bab0a20ffcaf0d6d19c9abe9c8bef57,da79c380ada110768713c99a2ad422a7857a64ecbf57984e4d67ce6e8c4d3c70
97,div2k/0898.png/sigma_0.050,div2k,0898.png,/Users/kyrillguba/Documents/Data Analytics MSc/Thesis/Python/First Try/data/DIV2K/DIV2K_valid_HR/0898.png,97,0.05000000074505806,20097,0f9b0c2f1793b1dd0ac81be97181b9e904a39fcf108cd39194842f26678085f7,22948b1ef3fcd8302fe9b4dd4d4aac4714e185a35570b7da3b68fe57b56fdad1
98,div2k/0899.png/sigma_0.050,div2k,0899.png,/Users/kyrillguba/Documents/Data Analytics MSc/Thesis/Python/First Try/data/DIV2K/DIV2K_valid_HR/0899.png,98,0.05000000074505806,20098,bea5ead4e165747f9c0e6d434cc536abdd4760b1a8da09c78f705024684bff65,f4921620b91b54ab8ae8f39e871106445b45f261f242a9fbf6d33d5e9cc3e9fe
99,div2k/0900.png/sigma_0.050,div2k,0900.png,/Users/kyrillguba/Documents/Data Analytics MSc/Thesis/Python/First Try/data/DIV2K/DIV2K_valid_HR/0900.png,99,0.05000000074505806,20099,72e06d86758e25d0f39e87b43b4ed00325b96cc08c65fc1809df35beee23e59c,05f111db00088713f2eb648ca109d3ed2f2cd730a89df2e3e70279429de302e6
100,div2k/0801.png/sigma_0.100,div2k,0801.png,/Users/kyrillguba/Documents/Data Analytics MSc/Thesis/Python/First Try/data/DIV2K/DIV2K_valid_HR/0801.png,0,0.10000000149011612,20000,9ca598cce3296c3968a2f8f7685477f637dbdbbb9d4efb1cd418ca185bd31eef,5bc70c556c439e3ad16a0612b017823488632d8ab9075eafd042b541e95a3d8e
101,div2k/0802.png/sigma_0.100,div2k,0802.png,/Users/kyrillguba/Documents/Data Analytics MSc/Thesis/Python/First Try/data/DIV2K/DIV2K_valid_HR/0802.png,1,0.10000000149011612,20001,3177c80331fb32ceee70ac3ef64d2e56a1bce05ea8a9c0b664e2592552554742,56b8614a91a95a3f5c5153bfe0e4e4bb5c87995c268e14381c075da55031ed9b
102,div2k/0803.png/sigma_0.100,div2k,0803.png,/Users/kyrillguba/Documents/Data Analytics MSc/Thesis/Python/First Try/data/DIV2K/DIV2K_valid_HR/0803.png,2,0.10000000149011612,20002,671a4205d217354c075117f716a83d9a5ef2b4c921475de333f15ac8882c9356,3897d20fbdaef314d3797b206677a444b48f34a7def0e96c690f0eb0f03b6f64
103,div2k/0804.png/sigma_0.100,div2k,0804.png,/Users/kyrillguba/Documents/Data Analytics MSc/Thesis/Python/First Try/data/DIV2K/DIV2K_valid_HR/0804.png,3,0.10000000149011612,20003,f95563d4b6e58b102c165eeec7f7e1ba2608e12c3a331510949f0cce842149ea,8ec4d7a591e0cdca2c9f0cc073f4a813bcd8abdcbf7339dae68d831f04184902
104,div2k/0805.png/sigma_0.100,div2k,0805.png,/Users/kyrillguba/Documents/Data Analytics MSc/Thesis/Python/First Try/data/DIV2K/DIV2K_valid_HR/0805.png,4,0.10000000149011612,20004,bac34b49da4033070da28c152ece5c527c7274eafed4e320f3e7258274a93177,13e3f2a30b326ea1e6c557f2be7e313b9b3c4b3b25ea07381fb0d37e68a78c08
105,div2k/0806.png/sigma_0.100,div2k,0806.png,/Users/kyrillguba/Documents/Data Analytics MSc/Thesis/Python/First Try/data/DIV2K/DIV2K_valid_HR/0806.png,5,0.10000000149011612,20005,befc31ea0c7663db0351a7238adfea3153639f5dfa13cb7cacfd757a46539d49,70e25b70b1321615425e839c3e1d5b1d601eeb586b1c727a49b68e8ee2d34f55
106,div2k/0807.png/sigma_0.100,div2k,0807.png,/Users/kyrillguba/Documents/Data Analytics MSc/Thesis/Python/First Try/data/DIV2K/DIV2K_valid_HR/0807.png,6,0.10000000149011612,20006,1e941eaeed69e78250491fe2c5b2f458f2f36301b8aa701227bd408f852fa572,ccec587e120d7723c88396ce26dcde7cf593f2f4f919248e97955334cd4fcbce
107,div2k/0808.png/sigma_0.100,div2k,0808.png,/Users/kyrillguba/Documents/Data Analytics MSc/Thesis/Python/First Try/data/DIV2K/DIV2K_valid_HR/0808.png,7,0.10000000149011612,20007,9666b1dba93f470d95570471f38f195acafae585deefb8498b5ebb625df94e78,520a6fe374d3ebb9df485fa61fbd573478f2ac6c5ce693201f28b97916c70c3f
108,div2k/0809.png/sigma_0.100,div2k,0809.png,/Users/kyrillguba/Documents/Data Analytics MSc/Thesis/Python/First Try/data/DIV2K/DIV2K_valid_HR/0809.png,8,0.10000000149011612,20008,f57d7f591d2770efb0162e925acaaef8e4ce467e58b7a54d53de058959be9978,02cc395d33e53480f9673f1a6497892c249607082301fedb6df6e6e3fc146458
109,div2k/0810.png/sigma_0.100,div2k,0810.png,/Users/kyrillguba/Documents/Data Analytics MSc/Thesis/Python/First Try/data/DIV2K/DIV2K_valid_HR/0810.png,9,0.10000000149011612,20009,50cf8d799292c4a6f6c23b4a8f1d0c08015da9c6e74d9109a31efdb1eb5d9df3,2b57d2dfcd12991aeb7ab9faf01a2d8f8bd96314f078c0bf5e52692b94518773
110,div2k/0811.png/sigma_0.100,div2k,0811.png,/Users/kyrillguba/Documents/Data Analytics MSc/Thesis/Python/First Try/data/DIV2K/DIV2K_valid_HR/0811.png,10,0.10000000149011612,20010,ceab700e5944238d72f4ec94852a5ee6b9c353c54281c96ee7c6e9b9f2a16308,2a5be0e4fb830aa880a3ae425de9935ae5a11f956c4be2e5ce3f17fc8933ec02
111,div2k/0812.png/sigma_0.100,div2k,0812.png,/Users/kyrillguba/Documents/Data Analytics MSc/Thesis/Python/First Try/data/DIV2K/DIV2K_valid_HR/0812.png,11,0.10000000149011612,20011,5f26939fc07611061a96f2a386a77ffd9251b83abf26ac7ecb5a44dcae97187b,f40eed7a4b5ba87ef7b157195200148072925c57c9d9370720b2d06685869aca
112,div2k/0813.png/sigma_0.100,div2k,0813.png,/Users/kyrillguba/Documents/Data Analytics MSc/Thesis/Python/First Try/data/DIV2K/DIV2K_valid_HR/0813.png,12,0.10000000149011612,20012,c34023db0a8b05fd8269a4d5afeb83670d5b08e7bce8d6c8cfe221a95b0e0b2f,5610545bcb496fb9dd55249cdcd93bb7631b13659b4b32682e9ab285276783f6
113,div2k/0814.png/sigma_0.100,div2k,0814.png,/Users/kyrillguba/Documents/Data Analytics MSc/Thesis/Python/First Try/data/DIV2K/DIV2K_valid_HR/0814.png,13,0.10000000149011612,20013,9f544177fb7f24fc86ba1b0d9b9d0e664f093ce144600099ca215fbf1a3e3c25,1450de033911c1593b75144c18a82d91fc6a9e50ee5ff3ad69e7420652936412
114,div2k/0815.png/sigma_0.100,div2k,0815.png,/Users/kyrillguba/Documents/Data Analytics MSc/Thesis/Python/First Try/data/DIV2K/DIV2K_valid_HR/0815.png,14,0.10000000149011612,20014,d8f2b2b3496e52c1ec43e3c5e28732516b24990b8a2361d1876240ad562db395,3600382f647ec23f968eaeb10ed0adc9dd235d82ae9cbc330c368d9cdb511f0b
115,div2k/0816.png/sigma_0.100,div2k,0816.png,/Users/kyrillguba/Documents/Data Analytics MSc/Thesis/Python/First Try/data/DIV2K/DIV2K_valid_HR/0816.png,15,0.10000000149011612,20015,f457e7c932a8730df29263aaf8e3c3a2e54e7e68e543a34cdbc085f7c21edf50,e5764cbdd758b4b453d67d749eba293ac7ecf98e8ab17c442aced76fa7664a18
116,div2k/0817.png/sigma_0.100,div2k,0817.png,/Users/kyrillguba/Documents/Data Analytics MSc/Thesis/Python/First Try/data/DIV2K/DIV2K_valid_HR/0817.png,16,0.10000000149011612,20016,b14c93dc0fd3fb833a2c04431c6af818313c8c6f744eb433dd1817a932b015cf,f779324f1135afcd06dffb24c876a93bd37dc07be9eb49a5c4e69a16ccda998e
117,div2k/0818.png/sigma_0.100,div2k,0818.png,/Users/kyrillguba/Documents/Data Analytics MSc/Thesis/Python/First Try/data/DIV2K/DIV2K_valid_HR/0818.png,17,0.10000000149011612,20017,00f18d236ddc7fe3a937cdcb41ce31082a90c94b9370fc202c7dce18dd80ab2a,ac917a4137abdf4235fde443eee93d4182e6c45809001bd79d91d2a6e4d80b8e
118,div2k/0819.png/sigma_0.100,div2k,0819.png,/Users/kyrillguba/Documents/Data Analytics MSc/Thesis/Python/First Try/data/DIV2K/DIV2K_valid_HR/0819.png,18,0.10000000149011612,20018,f7450c40d5c0aabdc2bd2a562302ca3993841849efca05e281ec4059186e528c,3f047b3b735aab1a28db9024b683c3bfd7ada2476ebfcd8a8700e3d65b8c98aa
119,div2k/0820.png/sigma_0.100,div2k,0820.png,/Users/kyrillguba/Documents/Data Analytics MSc/Thesis/Python/First Try/data/DIV2K/DIV2K_valid_HR/0820.png,19,0.10000000149011612,20019,ab2cf6ba20cc18bafee4976e8be3cbf4a6db4afea570ef888fdebb8c8e0616f2,d521d8856defce4134d85fa271f2c5bb89b3390471c4c04cb629a9062250d448
120,div2k/0821.png/sigma_0.100,div2k,0821.png,/Users/kyrillguba/Documents/Data Analytics MSc/Thesis/Python/First Try/data/DIV2K/DIV2K_valid_HR/0821.png,20,0.10000000149011612,20020,ebd02fa51f1a3ee91b6ca90bb58a444e53385dd1193938609708b71bca4504a0,e0988bb88b8bc2155de87d46209371667886a4284b490d1bdfb61ea477cac4d9
121,div2k/0822.png/sigma_0.100,div2k,0822.png,/Users/kyrillguba/Documents/Data Analytics MSc/Thesis/Python/First Try/data/DIV2K/DIV2K_valid_HR/0822.png,21,0.10000000149011612,20021,86c801c8390b132b94a9efaeb7a9bad9acdd1212e41d91d44b44811708142963,975ab59b0504a5784d99c6e6515c4acf76a3deafabe0121f6e53f9a556b98532
122,div2k/0823.png/sigma_0.100,div2k,0823.png,/Users/kyrillguba/Documents/Data Analytics MSc/Thesis/Python/First Try/data/DIV2K/DIV2K_valid_HR/0823.png,22,0.10000000149011612,20022,ec11d2cf0a95684902842094c84e0956a3cd35920ef85f25ba677348927a365c,4503f7bbd1222d220571fc5c93203bfa86d087def3acc2d7bb67ae703823efa6
123,div2k/0824.png/sigma_0.100,div2k,0824.png,/Users/kyrillguba/Documents/Data Analytics MSc/Thesis/Python/First Try/data/DIV2K/DIV2K_valid_HR/0824.png,23,0.10000000149011612,20023,5ce7bdee523a1299c6a42c3adbb96d0e62c2f40266823753b8c042edb8b10495,acafba4d8d7abdf9c503d2411b57067900f637d58d43430028f67091dda5217d
124,div2k/0825.png/sigma_0.100,div2k,0825.png,/Users/kyrillguba/Documents/Data Analytics MSc/Thesis/Python/First Try/data/DIV2K/DIV2K_valid_HR/0825.png,24,0.10000000149011612,20024,0403db62808d832f7764170e8df2b8c78ad826e2a93d809f8cf6d018258b011a,7f05494aeb0b319f0df043dbf58299edb7909cbe999f75f65fe7cf7048083af8
125,div2k/0826.png/sigma_0.100,div2k,0826.png,/Users/kyrillguba/Documents/Data Analytics MSc/Thesis/Python/First Try/data/DIV2K/DIV2K_valid_HR/0826.png,25,0.10000000149011612,20025,b7fba61bcca359e5581b44283bbc34696cae71321e031969411ada23b17e2199,d523abbc1a0f6f18846ff748511683e4a250528af1dacd10bdd6ad2f705652bf
126,div2k/0827.png/sigma_0.100,div2k,0827.png,/Users/kyrillguba/Documents/Data Analytics MSc/Thesis/Python/First Try/data/DIV2K/DIV2K_valid_HR/0827.png,26,0.10000000149011612,20026,1a1d5ffbd89d79d7803cf86e2d8f6c75cd146872fd61e387fec71a904e384317,6c2a443ebd48754c66912251716b30634e9f21ec2dc9744b3ae16d87ef839488
127,div2k/0828.png/sigma_0.100,div2k,0828.png,/Users/kyrillguba/Documents/Data Analytics MSc/Thesis/Python/First Try/data/DIV2K/DIV2K_valid_HR/0828.png,27,0.10000000149011612,20027,3b7551ae7f737167932c3230707f7075368102b6732eb16bfe514fd471223ea4,68b5b7984a2989eceb239eea152db17338e26b26dc24cd4f9a47806c4dcfcad2
128,div2k/0829.png/sigma_0.100,div2k,0829.png,/Users/kyrillguba/Documents/Data Analytics MSc/Thesis/Python/First Try/data/DIV2K/DIV2K_valid_HR/0829.png,28,0.10000000149011612,20028,7fef744df96a3f5b2077c74a59929852deb533e35d4804c7c745471471543ed7,45d3447b0e35c11922bd6dfc03759afbce56fdfa1ab4374e4025d0a67c08b63b
129,div2k/0830.png/sigma_0.100,div2k,0830.png,/Users/kyrillguba/Documents/Data Analytics MSc/Thesis/Python/First Try/data/DIV2K/DIV2K_valid_HR/0830.png,29,0.10000000149011612,20029,33405798eea5a2bbd23d383a107f9127b4f5d220ad2d443bdb05db6049757a90,fa1014a253f03e5c0689587282002a607b21e2fcf591210d45c4b4aec93ac54e
130,div2k/0831.png/sigma_0.100,div2k,0831.png,/Users/kyrillguba/Documents/Data Analytics MSc/Thesis/Python/First Try/data/DIV2K/DIV2K_valid_HR/0831.png,30,0.10000000149011612,20030,37f625cf3b90622b2047f8f9b3e488dcb450cde9c639eb5f94e082ec5148792e,d94e7500ff5e3743622762dfca7994da5fa7af5c20dcfab0e032d469201ae55b
131,div2k/0832.png/sigma_0.100,div2k,0832.png,/Users/kyrillguba/Documents/Data Analytics MSc/Thesis/Python/First Try/data/DIV2K/DIV2K_valid_HR/0832.png,31,0.10000000149011612,20031,678db3c6c13225750b6bb2ae62b3e9ffdbdb3491d462fa2451e73fea851ed64c,8cd5b24dfa77b72b1d7c53f473790d526f36b09838e6e9103ef576f83ee81242
132,div2k/0833.png/sigma_0.100,div2k,0833.png,/Users/kyrillguba/Documents/Data Analytics MSc/Thesis/Python/First Try/data/DIV2K/DIV2K_valid_HR/0833.png,32,0.10000000149011612,20032,196e9aedca5a8ddb4904ed57c8a1a32e080164df130d093fbc86da6222f32553,76c3607abc2d73c2bf54a006ea8bbe5b91d123cda9e61617327c7e4f5bcb29de
133,div2k/0834.png/sigma_0.100,div2k,0834.png,/Users/kyrillguba/Documents/Data Analytics MSc/Thesis/Python/First Try/data/DIV2K/DIV2K_valid_HR/0834.png,33,0.10000000149011612,20033,43cd5d3407a2ec5d9396c0ba9f3595990830fe17adfb5b3d69777dc489012502,6f85001147428e5fa8b8832a9e83c274ddf4415e8b52081c47e5381113f4aecf
134,div2k/0835.png/sigma_0.100,div2k,0835.png,/Users/kyrillguba/Documents/Data Analytics MSc/Thesis/Python/First Try/data/DIV2K/DIV2K_valid_HR/0835.png,34,0.10000000149011612,20034,80084574e021b9b385517a807fa4f62735358952d97592c2b192db98626e086c,66799b661073557f2d3380525a876b741faef7fa369c895525cf350830f20820
135,div2k/0836.png/sigma_0.100,div2k,0836.png,/Users/kyrillguba/Documents/Data Analytics MSc/Thesis/Python/First Try/data/DIV2K/DIV2K_valid_HR/0836.png,35,0.10000000149011612,20035,d774c40f160da761b384b399f5636cb3cfecf88e2cc5d41c78f575c3bea500af,3d619a1af2b6657712679994d89ef15d0975d3c7c5b026fa848857951fff72f5
136,div2k/0837.png/sigma_0.100,div2k,0837.png,/Users/kyrillguba/Documents/Data Analytics MSc/Thesis/Python/First Try/data/DIV2K/DIV2K_valid_HR/0837.png,36,0.10000000149011612,20036,af3a3f14f10fd37d750995ae36a4d7d4e23e7343e1fc6fb8ddf8342f79d68d35,a004e4dcc378ed000b11429c85db08b896894bbcc0e8a8e467cacb0c8face975
137,div2k/0838.png/sigma_0.100,div2k,0838.png,/Users/kyrillguba/Documents/Data Analytics MSc/Thesis/Python/First Try/data/DIV2K/DIV2K_valid_HR/0838.png,37,0.10000000149011612,20037,a419adae2a9bbcb7b328e0e98815224877487f12f01cec7bd572e3a61b346f36,73c2c92e98f5548121634934b7f8b396da2f106fa5edff6fa4406bcb5bb7bb07
138,div2k/0839.png/sigma_0.100,div2k,0839.png,/Users/kyrillguba/Documents/Data Analytics MSc/Thesis/Python/First Try/data/DIV2K/DIV2K_valid_HR/0839.png,38,0.10000000149011612,20038,9ed3b7789f4dcc0b1bfd3a6e2391350b33a63a89353a3bd50f5bde4b89d2f647,3b2839787a4e994067fee71a5a1c8fb78033e5cbc93482ea5970729be4a87066
139,div2k/0840.png/sigma_0.100,div2k,0840.png,/Users/kyrillguba/Documents/Data Analytics MSc/Thesis/Python/First Try/data/DIV2K/DIV2K_valid_HR/0840.png,39,0.10000000149011612,20039,df4e88246e2af519b1c29adccc7944ac0f8568e6a1ef7d65c39dc4fcd2a3dd5b,1f17b191a1cb4c7983a7c9b878a8cd852a388158dbaf91a28f09e346d483a71e
140,div2k/0841.png/sigma_0.100,div2k,0841.png,/Users/kyrillguba/Documents/Data Analytics MSc/Thesis/Python/First Try/data/DIV2K/DIV2K_valid_HR/0841.png,40,0.10000000149011612,20040,b85a5c827a7d17dab432c8f79abc120715b867e00f3bcbe182f90d6c23ecff6f,8c1ee2b2fc094e7d06b937c0217e04765d471915ef200473146ecd3282885518
141,div2k/0842.png/sigma_0.100,div2k,0842.png,/Users/kyrillguba/Documents/Data Analytics MSc/Thesis/Python/First Try/data/DIV2K/DIV2K_valid_HR/0842.png,41,0.10000000149011612,20041,e0fe2755785538efb2ac1c7a4fc4e854d8206a8f09b68ac1931f0544c3e7cc53,35fce4372c911a0760c19a4858630bf39e9be9413b3d00e9529bb3c55d6fb672
142,div2k/0843.png/sigma_0.100,div2k,0843.png,/Users/kyrillguba/Documents/Data Analytics MSc/Thesis/Python/First Try/data/DIV2K/DIV2K_valid_HR/0843.png,42,0.10000000149011612,20042,8d4db85adca20e5911d117b4bb54fdfb3f22b2a02cceb14242bb7540955f6140,4396acf5db3292779c648b276f459c5db8e2d2d60f75764d3d5013efb9ad0c61
143,div2k/0844.png/sigma_0.100,div2k,0844.png,/Users/kyrillguba/Documents/Data Analytics MSc/Thesis/Python/First Try/data/DIV2K/DIV2K_valid_HR/0844.png,43,0.10000000149011612,20043,15c2150d7c67049e1e35243bac1a1a68c6f0e57215592b78ed9b74e130ed1370,81716fb24e15948d4c559e010784e178d010208e374b3fa77390bf2e1119561b
144,div2k/0845.png/sigma_0.100,div2k,0845.png,/Users/kyrillguba/Documents/Data Analytics MSc/Thesis/Python/First Try/data/DIV2K/DIV2K_valid_HR/0845.png,44,0.10000000149011612,20044,3afec5a048f16903b44498719256567f9874b218bd408f06ae16848d5bfd4779,4bcb3c23daecdc254d579c8d39d68436083c954664b8c7bcd4f3074845db63a0
145,div2k/0846.png/sigma_0.100,div2k,0846.png,/Users/kyrillguba/Documents/Data Analytics MSc/Thesis/Python/First Try/data/DIV2K/DIV2K_valid_HR/0846.png,45,0.10000000149011612,20045,bfa025022780e8b45b7d8ca41bf0c1aa0ef062e997a3e07e7b0b4766072a0c65,ef61b57813715c2a4ca032b455913e793bcd3b4bae6d56a574377a98fad4b983
146,div2k/0847.png/sigma_0.100,div2k,0847.png,/Users/kyrillguba/Documents/Data Analytics MSc/Thesis/Python/First Try/data/DIV2K/DIV2K_valid_HR/0847.png,46,0.10000000149011612,20046,a03ac31eb9aa42c51d2ec103e996158d3f7890d32752d0e5a0bece66c7f0a096,22c960d9b264401c4af7b57ae07d03f7ae02355432012f2738b9cc5b52f13e67
147,div2k/0848.png/sigma_0.100,div2k,0848.png,/Users/kyrillguba/Documents/Data Analytics MSc/Thesis/Python/First Try/data/DIV2K/DIV2K_valid_HR/0848.png,47,0.10000000149011612,20047,226e619ed1295a7c7b4eb9d622c6124c81ba03e21362bb8eee67e67dced25224,29141bb4c48bd018ea9e6e7e5bcf7acbd1ec089db3974cea22deaa532db4e025
148,div2k/0849.png/sigma_0.100,div2k,0849.png,/Users/kyrillguba/Documents/Data Analytics MSc/Thesis/Python/First Try/data/DIV2K/DIV2K_valid_HR/0849.png,48,0.10000000149011612,20048,2c70dd5654b23e4a9ab11865c6c70e3077823c4972ad389deddc84dd9edc36b8,67496b41386bc3c88e9e83ee22b8d3a57f6f0a4ba1269ebd2b1c5bc752d1a3bc
149,div2k/0850.png/sigma_0.100,div2k,0850.png,/Users/kyrillguba/Documents/Data Analytics MSc/Thesis/Python/First Try/data/DIV2K/DIV2K_valid_HR/0850.png,49,0.10000000149011612,20049,b0e8b344c318dfae08640e56c0b52ec6df0909ea2a5c7128b8b44308511dabe7,e5eed9b98168c320aae9491f2de893ed92ccc53e0d6c387e72f8d2e90f262460
150,div2k/0851.png/sigma_0.100,div2k,0851.png,/Users/kyrillguba/Documents/Data Analytics MSc/Thesis/Python/First Try/data/DIV2K/DIV2K_valid_HR/0851.png,50,0.10000000149011612,20050,6cd623610d71351bd69a4193263bc448cd15272dcfd17f66224ecc57d176c5d0,04b876fb5e620624fb5a789176b565a5f47cf999cd2769f1f04b3699cd551808
151,div2k/0852.png/sigma_0.100,div2k,0852.png,/Users/kyrillguba/Documents/Data Analytics MSc/Thesis/Python/First Try/data/DIV2K/DIV2K_valid_HR/0852.png,51,0.10000000149011612,20051,73b3c50a05a0fcb1a26fb8f3d88ebc57fe34409f6e6d0d125e46c18d90cca3a1,17353f211f92fc85c89c297f06876badb25b6456c6b233a1a98aee22ee086d70
152,div2k/0853.png/sigma_0.100,div2k,0853.png,/Users/kyrillguba/Documents/Data Analytics MSc/Thesis/Python/First Try/data/DIV2K/DIV2K_valid_HR/0853.png,52,0.10000000149011612,20052,e9eb55fc2bc1bcfd2fad63122c380357a672f2b9f14b61a7547da796324e10c2,2a4a46f0eaf5d1fadc00d4ef05bf92a9fe627ad832048c6055af87d61f360962
153,div2k/0854.png/sigma_0.100,div2k,0854.png,/Users/kyrillguba/Documents/Data Analytics MSc/Thesis/Python/First Try/data/DIV2K/DIV2K_valid_HR/0854.png,53,0.10000000149011612,20053,dbefb08aac7a5ad65da8e59ab21cbb0e921c9ad6da4d670be4cb2a982a3e2ffe,bd525848244c4016e4998c6599de8de721f2e9eb73659da056c41adcf5624910
154,div2k/0855.png/sigma_0.100,div2k,0855.png,/Users/kyrillguba/Documents/Data Analytics MSc/Thesis/Python/First Try/data/DIV2K/DIV2K_valid_HR/0855.png,54,0.10000000149011612,20054,9e2b3caa326eef35864ca6323728491aaf77f5232b3a1b7435275b7a4b5bc314,9c884a4c1264511665220097ef6455b848e483cc451c7b09ba79a3bc39982fef
155,div2k/0856.png/sigma_0.100,div2k,0856.png,/Users/kyrillguba/Documents/Data Analytics MSc/Thesis/Python/First Try/data/DIV2K/DIV2K_valid_HR/0856.png,55,0.10000000149011612,20055,66cf31de43a337537e663db0aecf5dd0004e87a0fbe2bd2cdc7ed9a8b4a93ece,8db0d4fb635c06647b3d027ad817c93618ff33a3591a9b57db124c192372aa52
156,div2k/0857.png/sigma_0.100,div2k,0857.png,/Users/kyrillguba/Documents/Data Analytics MSc/Thesis/Python/First Try/data/DIV2K/DIV2K_valid_HR/0857.png,56,0.10000000149011612,20056,ab895c24c3f27bd01daebb297e1995e3f7eaba3372e5cc7e32fb98edb3dfd93b,476bbdf273fdcd9ae475898c6ecc7ce6e5edaf3d4d08218db00d7bed56909036
157,div2k/0858.png/sigma_0.100,div2k,0858.png,/Users/kyrillguba/Documents/Data Analytics MSc/Thesis/Python/First Try/data/DIV2K/DIV2K_valid_HR/0858.png,57,0.10000000149011612,20057,69c3c9a846793f1dd2cda90db3fba707412671412126cd1eaad1496e784f7c0e,0995b1952cfd847384835bae14f9a97cce530f1e88cfd5c392481a0c5c30bbd1
158,div2k/0859.png/sigma_0.100,div2k,0859.png,/Users/kyrillguba/Documents/Data Analytics MSc/Thesis/Python/First Try/data/DIV2K/DIV2K_valid_HR/0859.png,58,0.10000000149011612,20058,0783919bca182fbd4ec27a809e6b7e6c58e89fddb3d3ef3d1bd5c807651c9a53,9e180ea026a3eef1371dab91bcf0d927754d8dee60a9b4becb90165ef4632c49
159,div2k/0860.png/sigma_0.100,div2k,0860.png,/Users/kyrillguba/Documents/Data Analytics MSc/Thesis/Python/First Try/data/DIV2K/DIV2K_valid_HR/0860.png,59,0.10000000149011612,20059,6323c40a5d11f381b901e87cf8f54d9578bc32be44b9350ac5386eb44224de4a,63ead1cd4b82fcf5bffae114e0fb4ca2e4246029d73f8633a1acde2e19613fe0
160,div2k/0861.png/sigma_0.100,div2k,0861.png,/Users/kyrillguba/Documents/Data Analytics MSc/Thesis/Python/First Try/data/DIV2K/DIV2K_valid_HR/0861.png,60,0.10000000149011612,20060,c3df240f2bf2bcdcdc9060b4ba3b0dd6324594f485ce3ee2d407f0b5364d72d7,a9a12e0aaefddc591199232f1d5f742e9109541608c31ecf59629e223d529eec
161,div2k/0862.png/sigma_0.100,div2k,0862.png,/Users/kyrillguba/Documents/Data Analytics MSc/Thesis/Python/First Try/data/DIV2K/DIV2K_valid_HR/0862.png,61,0.10000000149011612,20061,b28039f4ed1566ad4bef028589288dfa1cf33c4b676694010eb5d0d9f228ef50,959ccc78623b336d62f55a6a714d36d189c961c063e3dadc6f1f2acbc6c70a2a
162,div2k/0863.png/sigma_0.100,div2k,0863.png,/Users/kyrillguba/Documents/Data Analytics MSc/Thesis/Python/First Try/data/DIV2K/DIV2K_valid_HR/0863.png,62,0.10000000149011612,20062,69a9aeec52e386294dc8c778c0d11c7f842f0960ca488aa898c25c50220c823a,5618043d9d3bf03908250b939c6297cb19642235a3c4b3af94b85798507b799b
163,div2k/0864.png/sigma_0.100,div2k,0864.png,/Users/kyrillguba/Documents/Data Analytics MSc/Thesis/Python/First Try/data/DIV2K/DIV2K_valid_HR/0864.png,63,0.10000000149011612,20063,fb786dffb18452c590dd1e18bebeea18d1c1bec24fd9d36d75ba35ad6c8a81d3,12fb470b3d46c90d01b555ae70f59db0f7bfbf9cd2bcdc6fd3ea0b8ed76202d2
164,div2k/0865.png/sigma_0.100,div2k,0865.png,/Users/kyrillguba/Documents/Data Analytics MSc/Thesis/Python/First Try/data/DIV2K/DIV2K_valid_HR/0865.png,64,0.10000000149011612,20064,f92af3991be3de305c0efcfbe87ac07586eb280db7c47c56bbf8452a9b10010c,f67e280d87d20f1c266f6b5b05d10e674034d6352756e35108aee9a2fa9286bd
165,div2k/0866.png/sigma_0.100,div2k,0866.png,/Users/kyrillguba/Documents/Data Analytics MSc/Thesis/Python/First Try/data/DIV2K/DIV2K_valid_HR/0866.png,65,0.10000000149011612,20065,64fe1cb87ea16bd47a4af52b635bd686b87a3bb0bb006aa875e7090e7f4f1b09,5a433ea275e536aa640c70b64ed3189144c7b9d55b564f7b9a573197f2c2105b
166,div2k/0867.png/sigma_0.100,div2k,0867.png,/Users/kyrillguba/Documents/Data Analytics MSc/Thesis/Python/First Try/data/DIV2K/DIV2K_valid_HR/0867.png,66,0.10000000149011612,20066,a1b0a4eea55a3cc398df9e911e7db0ecbec9938d8ca0f96d3252df65b6daed62,d3596bfffab130a8252c78644bb26e7ffe06ec9cd2771644261183d83a4e1cc0
167,div2k/0868.png/sigma_0.100,div2k,0868.png,/Users/kyrillguba/Documents/Data Analytics MSc/Thesis/Python/First Try/data/DIV2K/DIV2K_valid_HR/0868.png,67,0.10000000149011612,20067,a5806164ffd45d6b14c4f40b199c062ca7d2855351fd99291a948b57f15212f1,0229669bb41b80ad700535d241feed15e7d28bdc8b353e408b18259398dabef5
168,div2k/0869.png/sigma_0.100,div2k,0869.png,/Users/kyrillguba/Documents/Data Analytics MSc/Thesis/Python/First Try/data/DIV2K/DIV2K_valid_HR/0869.png,68,0.10000000149011612,20068,bc61ffc14754a4c0e306111ec7946ec828ebc05b363e7717d8c2f300d7750e5c,cd2f3f08c7c3efb7473bd4c81fe4156eb9060582b568b86be9e4b9d59169846f
169,div2k/0870.png/sigma_0.100,div2k,0870.png,/Users/kyrillguba/Documents/Data Analytics MSc/Thesis/Python/First Try/data/DIV2K/DIV2K_valid_HR/0870.png,69,0.10000000149011612,20069,23fb86d88c32c580e802edb1ef9cd9aecf3ca74c79ecdde14ada63f7050ad410,f16e67fd6cd51d4bb157dd3956e6fdd4376c93344ca114a093849f9ff793dfa9
170,div2k/0871.png/sigma_0.100,div2k,0871.png,/Users/kyrillguba/Documents/Data Analytics MSc/Thesis/Python/First Try/data/DIV2K/DIV2K_valid_HR/0871.png,70,0.10000000149011612,20070,755675f2824bd9535075c3a3649ecad82608dffc5b28d5b6777c999ce5ac8feb,6a0cebe551232da5a94575252472c29db0b5793607ab75f371852670a8ddf197
171,div2k/0872.png/sigma_0.100,div2k,0872.png,/Users/kyrillguba/Documents/Data Analytics MSc/Thesis/Python/First Try/data/DIV2K/DIV2K_valid_HR/0872.png,71,0.10000000149011612,20071,a3051017ca8c7da3a6c7830c9bb928ecf2b81dc2add6c092a6aecfa321376f6b,529213461c041abaf5ea0a860118362802927a015fbbc359c49100f32f8b9878
172,div2k/0873.png/sigma_0.100,div2k,0873.png,/Users/kyrillguba/Documents/Data Analytics MSc/Thesis/Python/First Try/data/DIV2K/DIV2K_valid_HR/0873.png,72,0.10000000149011612,20072,98eca5a763607b677cf4da90c4112b7bd27d325edaf99023f29c46b2af95740e,f8e45952713a11ce9a6004c66c8d9a0fe657b02b641945445f43a990b67068b6
173,div2k/0874.png/sigma_0.100,div2k,0874.png,/Users/kyrillguba/Documents/Data Analytics MSc/Thesis/Python/First Try/data/DIV2K/DIV2K_valid_HR/0874.png,73,0.10000000149011612,20073,c1b141701b55a15db0c8d9d38d28131d0c6935abc941c0cf5a1b8e17483ce6db,8714757c7cefeaf51668906df37cd9bc4f339497a1ad81057cb9dcf4f3c9aba7
174,div2k/0875.png/sigma_0.100,div2k,0875.png,/Users/kyrillguba/Documents/Data Analytics MSc/Thesis/Python/First Try/data/DIV2K/DIV2K_valid_HR/0875.png,74,0.10000000149011612,20074,9efdc0057bb6e53db148019bb4a13192254fce5f31a016a4924e85fc6ee62a16,79c7871fdc92244fc03b37776af2dac4f07ffad0f5f0634b08ac5cbe41808f67
175,div2k/0876.png/sigma_0.100,div2k,0876.png,/Users/kyrillguba/Documents/Data Analytics MSc/Thesis/Python/First Try/data/DIV2K/DIV2K_valid_HR/0876.png,75,0.10000000149011612,20075,84df379a2b4a7b995296e31b3954bfb9a7731d5e2d0b8650405a416a53e11125,654e45defe491a2f2df43d9ff8de2d0759c17fdba0de1195702d52ede68f4196
176,div2k/0877.png/sigma_0.100,div2k,0877.png,/Users/kyrillguba/Documents/Data Analytics MSc/Thesis/Python/First Try/data/DIV2K/DIV2K_valid_HR/0877.png,76,0.10000000149011612,20076,a7be10c02736c3557926612d053466a395f1f8df83ddeeff7027d05bb769b33a,e77ce1907bd4a2412344169304caffc1f0f6da79cf0cd08dd9b995a703ba7e60
177,div2k/0878.png/sigma_0.100,div2k,0878.png,/Users/kyrillguba/Documents/Data Analytics MSc/Thesis/Python/First Try/data/DIV2K/DIV2K_valid_HR/0878.png,77,0.10000000149011612,20077,f1e61ee7f615bf40fc0cc24a3750fc6413019d89281f32d061c3bfb42fdf3082,ba873ad736f651359d212e7fda5be93795141f25d29a8c56fae1a1999c1c56ee
178,div2k/0879.png/sigma_0.100,div2k,0879.png,/Users/kyrillguba/Documents/Data Analytics MSc/Thesis/Python/First Try/data/DIV2K/DIV2K_valid_HR/0879.png,78,0.10000000149011612,20078,f7a72db70e5d13cc9ce0514ee1b317f98a5b43e5671f68071037416761ac50bb,54ff8a6000defd60f55faf992ce3e7b31f2a2f52b7d0ed78cafd6f60df3244b7
179,div2k/0880.png/sigma_0.100,div2k,0880.png,/Users/kyrillguba/Documents/Data Analytics MSc/Thesis/Python/First Try/data/DIV2K/DIV2K_valid_HR/0880.png,79,0.10000000149011612,20079,2464ffab9474f65f91c41e6231fc7c3907d471b36d493192c28dd9a9c9ac3c4c,6068708c32342e6b6df9bf4e2fb546a318c0074608c8af565def68d4f73d8038
180,div2k/0881.png/sigma_0.100,div2k,0881.png,/Users/kyrillguba/Documents/Data Analytics MSc/Thesis/Python/First Try/data/DIV2K/DIV2K_valid_HR/0881.png,80,0.10000000149011612,20080,b4be0560c87adf38d8561ec3fb5a8e3e0e5d0b43501194ff1ff77f1511e89119,326d7851cc92f94124419908819bc1c797ee5e04dccc6fbc9f366ead957337e1
181,div2k/0882.png/sigma_0.100,div2k,0882.png,/Users/kyrillguba/Documents/Data Analytics MSc/Thesis/Python/First Try/data/DIV2K/DIV2K_valid_HR/0882.png,81,0.10000000149011612,20081,aac379d4eb1f7ffb4575e0fcca3a6836e85643267b9f537632bdfd3422ae2a6d,c4cb2770f469a6b1db185a8e62a3ae0dac421972588881c4405ed2425a64ec4a
182,div2k/0883.png/sigma_0.100,div2k,0883.png,/Users/kyrillguba/Documents/Data Analytics MSc/Thesis/Python/First Try/data/DIV2K/DIV2K_valid_HR/0883.png,82,0.10000000149011612,20082,dc84aa16cb279e020e6bb4a512b74aeb161e2c3b612b40cfe834b4ea44c4dbd4,02c3fc747fc31008a2c17231bb7d372b96a3ca9aa91b9441fbeea959251bf6d8
183,div2k/0884.png/sigma_0.100,div2k,0884.png,/Users/kyrillguba/Documents/Data Analytics MSc/Thesis/Python/First Try/data/DIV2K/DIV2K_valid_HR/0884.png,83,0.10000000149011612,20083,c3e792b1483d91371c9eeedd1d20a4f45de1d748d7f261794ce740fbc3ea3016,47bfb1ceb4930ad7db921bc4c4f0a64a5e360b7a4bb4649088a048628bbd573d
184,div2k/0885.png/sigma_0.100,div2k,0885.png,/Users/kyrillguba/Documents/Data Analytics MSc/Thesis/Python/First Try/data/DIV2K/DIV2K_valid_HR/0885.png,84,0.10000000149011612,20084,d1b12f5bdff73a004166bc26bfd68ed924612ba4dfeb5ee46ef886fec9606402,3f47b63087f24ce76d1021060b4556c275768dd06d8953d703f453fec8d2e216
185,div2k/0886.png/sigma_0.100,div2k,0886.png,/Users/kyrillguba/Documents/Data Analytics MSc/Thesis/Python/First Try/data/DIV2K/DIV2K_valid_HR/0886.png,85,0.10000000149011612,20085,8269830c494c50f2ca58c9fe1491092884eabccc73e5d87438dd2282f32843ab,485afdc014678bde03cdff386abafda609af75925c86830d2cabdbadf5ed02ff
186,div2k/0887.png/sigma_0.100,div2k,0887.png,/Users/kyrillguba/Documents/Data Analytics MSc/Thesis/Python/First Try/data/DIV2K/DIV2K_valid_HR/0887.png,86,0.10000000149011612,20086,9674e5076ec8c005bce7e3450e6bf09deb82df9952eaff58c7717b3a16e90f3e,912790f90dbdea56174c1e034cc1efe7964335dc4c73269389d494ba9a6ee783
187,div2k/0888.png/sigma_0.100,div2k,0888.png,/Users/kyrillguba/Documents/Data Analytics MSc/Thesis/Python/First Try/data/DIV2K/DIV2K_valid_HR/0888.png,87,0.10000000149011612,20087,0b12dfb6e7a24bf393f0f61b8c12a04a0e14c82f6eb77cce3a6d2ed989cadb40,50da035f692a0c49935f5534c311abaf4ca5fa4726eef5315ef1ef857e255215
188,div2k/0889.png/sigma_0.100,div2k,0889.png,/Users/kyrillguba/Documents/Data Analytics MSc/Thesis/Python/First Try/data/DIV2K/DIV2K_valid_HR/0889.png,88,0.10000000149011612,20088,65b588cd7d91eb7ab3ad2ee297b48e2bcd71468e6f3fd4cedd22296161fcf0b3,8d34660f2e0e3dead603cd5577a99ac1f81bbaae7c55ec67e99bb5ee455c50c3
189,div2k/0890.png/sigma_0.100,div2k,0890.png,/Users/kyrillguba/Documents/Data Analytics MSc/Thesis/Python/First Try/data/DIV2K/DIV2K_valid_HR/0890.png,89,0.10000000149011612,20089,641726511e5ab55ecb5dccce15a53a64473d43e0a2be22d51e522b22644d2891,5294647d295a4c15f8ff3644c7c6ab9c2641a556b4e4ebfbc42142ab0afd93cb
190,div2k/0891.png/sigma_0.100,div2k,0891.png,/Users/kyrillguba/Documents/Data Analytics MSc/Thesis/Python/First Try/data/DIV2K/DIV2K_valid_HR/0891.png,90,0.10000000149011612,20090,df25cc2cba32c4a350c4749f690c8d6acb73d96d359ca40b6fee4071dbf564d0,1c639feebc304672531393e36b576a7cb6187280cabf665a36fe0267182ffa86
191,div2k/0892.png/sigma_0.100,div2k,0892.png,/Users/kyrillguba/Documents/Data Analytics MSc/Thesis/Python/First Try/data/DIV2K/DIV2K_valid_HR/0892.png,91,0.10000000149011612,20091,cf51693d41de71e034484154f59145fbffeb5a48fb250085472f21ef15bc44ee,debeac3caf7ff3565507b8abfcf135fdfa7bf4a9f1ee974f8c206be47bb39e6d
192,div2k/0893.png/sigma_0.100,div2k,0893.png,/Users/kyrillguba/Documents/Data Analytics MSc/Thesis/Python/First Try/data/DIV2K/DIV2K_valid_HR/0893.png,92,0.10000000149011612,20092,e38a2d9fc2bb1bfe2d7f4ac7ac04be6e3b640472049753a9ec509cb5b184dfae,6f93afe0e7861fbf77343fdd8197e031c4a4a0407b5baef5fb7ec34d855dae05
193,div2k/0894.png/sigma_0.100,div2k,0894.png,/Users/kyrillguba/Documents/Data Analytics MSc/Thesis/Python/First Try/data/DIV2K/DIV2K_valid_HR/0894.png,93,0.10000000149011612,20093,f7c053db8ff81bb3c056ed342eb0bfb9ba890e8adb30617f79d560f11e941c73,30a5c1ca16d27861e24190dad9b2a384d6b05534a67be7cf1ca5df6366b72468
194,div2k/0895.png/sigma_0.100,div2k,0895.png,/Users/kyrillguba/Documents/Data Analytics MSc/Thesis/Python/First Try/data/DIV2K/DIV2K_valid_HR/0895.png,94,0.10000000149011612,20094,abdbc9e5dd323d44902bb35948460b514a4fe27d53aa9bc4f2072e0a425a5902,bddbad9742942691890fe566cd88956421165dccbedae11959432a2c90d113bd
195,div2k/0896.png/sigma_0.100,div2k,0896.png,/Users/kyrillguba/Documents/Data Analytics MSc/Thesis/Python/First Try/data/DIV2K/DIV2K_valid_HR/0896.png,95,0.10000000149011612,20095,857388cd8fc429b194bc7374762cee70b099ddf090a6495b03d92edc4c8c7b8d,ed8237e9328164f9c35a110fc106be33a51d883c93ee1d77f37ca46616c18030
196,div2k/0897.png/sigma_0.100,div2k,0897.png,/Users/kyrillguba/Documents/Data Analytics MSc/Thesis/Python/First Try/data/DIV2K/DIV2K_valid_HR/0897.png,96,0.10000000149011612,20096,a75baf8d323b01687486bd536ce524304bab0a20ffcaf0d6d19c9abe9c8bef57,a63b8fa197b05d8e5bf0fa82b2563e29a9049e5ae0abc4d2dc179b824f659cf9
197,div2k/0898.png/sigma_0.100,div2k,0898.png,/Users/kyrillguba/Documents/Data Analytics MSc/Thesis/Python/First Try/data/DIV2K/DIV2K_valid_HR/0898.png,97,0.10000000149011612,20097,0f9b0c2f1793b1dd0ac81be97181b9e904a39fcf108cd39194842f26678085f7,e0a00bd945760a3bff4ac1a1889aa48c29afd08da89393df7aabc94d1aae0963
198,div2k/0899.png/sigma_0.100,div2k,0899.png,/Users/kyrillguba/Documents/Data Analytics MSc/Thesis/Python/First Try/data/DIV2K/DIV2K_valid_HR/0899.png,98,0.10000000149011612,20098,bea5ead4e165747f9c0e6d434cc536abdd4760b1a8da09c78f705024684bff65,f8ddb6007ee4b3bf4bb6863456ce88ffeac95b4725250836ce5cd61ab3369432
199,div2k/0900.png/sigma_0.100,div2k,0900.png,/Users/kyrillguba/Documents/Data Analytics MSc/Thesis/Python/First Try/data/DIV2K/DIV2K_valid_HR/0900.png,99,0.10000000149011612,20099,72e06d86758e25d0f39e87b43b4ed00325b96cc08c65fc1809df35beee23e59c,fbb26720cddc77fd7187fc33a24bbfce8155a7b9d419edd08a4aafc36f870bd2
200,div2k/0801.png/sigma_0.150,div2k,0801.png,/Users/kyrillguba/Documents/Data Analytics MSc/Thesis/Python/First Try/data/DIV2K/DIV2K_valid_HR/0801.png,0,0.15000000596046448,20000,9ca598cce3296c3968a2f8f7685477f637dbdbbb9d4efb1cd418ca185bd31eef,4b7352fb67bcc3e88bb5e359e82b3b5fdb9f00ac8f42dfb7539be9cc8b460d75
201,div2k/0802.png/sigma_0.150,div2k,0802.png,/Users/kyrillguba/Documents/Data Analytics MSc/Thesis/Python/First Try/data/DIV2K/DIV2K_valid_HR/0802.png,1,0.15000000596046448,20001,3177c80331fb32ceee70ac3ef64d2e56a1bce05ea8a9c0b664e2592552554742,65c4ff1bd6749268fa09bf363143cdec2946b4a9d800cc553d3f598273b13817
202,div2k/0803.png/sigma_0.150,div2k,0803.png,/Users/kyrillguba/Documents/Data Analytics MSc/Thesis/Python/First Try/data/DIV2K/DIV2K_valid_HR/0803.png,2,0.15000000596046448,20002,671a4205d217354c075117f716a83d9a5ef2b4c921475de333f15ac8882c9356,a291f40ec169c0be79b8e6be0ff2848f8a2daae221de95153691b55f52d50b5c
203,div2k/0804.png/sigma_0.150,div2k,0804.png,/Users/kyrillguba/Documents/Data Analytics MSc/Thesis/Python/First Try/data/DIV2K/DIV2K_valid_HR/0804.png,3,0.15000000596046448,20003,f95563d4b6e58b102c165eeec7f7e1ba2608e12c3a331510949f0cce842149ea,54be341d94c05d1c226f972092f09c8c5518d6e72d52eb89e0cb63cc16c56ffb
204,div2k/0805.png/sigma_0.150,div2k,0805.png,/Users/kyrillguba/Documents/Data Analytics MSc/Thesis/Python/First Try/data/DIV2K/DIV2K_valid_HR/0805.png,4,0.15000000596046448,20004,bac34b49da4033070da28c152ece5c527c7274eafed4e320f3e7258274a93177,7af59fbcde523e1be67496e447aa765225963c5dbbbe7262ee092085d79778aa
205,div2k/0806.png/sigma_0.150,div2k,0806.png,/Users/kyrillguba/Documents/Data Analytics MSc/Thesis/Python/First Try/data/DIV2K/DIV2K_valid_HR/0806.png,5,0.15000000596046448,20005,befc31ea0c7663db0351a7238adfea3153639f5dfa13cb7cacfd757a46539d49,614267b59f56fd4aa8acd70577a4ee760fd3a072722c6809f51d90052060d060
206,div2k/0807.png/sigma_0.150,div2k,0807.png,/Users/kyrillguba/Documents/Data Analytics MSc/Thesis/Python/First Try/data/DIV2K/DIV2K_valid_HR/0807.png,6,0.15000000596046448,20006,1e941eaeed69e78250491fe2c5b2f458f2f36301b8aa701227bd408f852fa572,799c1351c205ab26eb11b6cd506f7acbca9a6255d8feed7800e330e07110dc31
207,div2k/0808.png/sigma_0.150,div2k,0808.png,/Users/kyrillguba/Documents/Data Analytics MSc/Thesis/Python/First Try/data/DIV2K/DIV2K_valid_HR/0808.png,7,0.15000000596046448,20007,9666b1dba93f470d95570471f38f195acafae585deefb8498b5ebb625df94e78,c1a1446a8ad1d13d1fa7d5ea1070bad52071465b636eab9c535493b14f20e41e
208,div2k/0809.png/sigma_0.150,div2k,0809.png,/Users/kyrillguba/Documents/Data Analytics MSc/Thesis/Python/First Try/data/DIV2K/DIV2K_valid_HR/0809.png,8,0.15000000596046448,20008,f57d7f591d2770efb0162e925acaaef8e4ce467e58b7a54d53de058959be9978,bf3bf82631f980bbe89a9531d5a653d7ad9232d0f6ee29a2edc485537b7bddd3
209,div2k/0810.png/sigma_0.150,div2k,0810.png,/Users/kyrillguba/Documents/Data Analytics MSc/Thesis/Python/First Try/data/DIV2K/DIV2K_valid_HR/0810.png,9,0.15000000596046448,20009,50cf8d799292c4a6f6c23b4a8f1d0c08015da9c6e74d9109a31efdb1eb5d9df3,4d98c505d3ad90a8a965c5ed951a1f06dbd3e22d741a122faefa61e63df95fe0
210,div2k/0811.png/sigma_0.150,div2k,0811.png,/Users/kyrillguba/Documents/Data Analytics MSc/Thesis/Python/First Try/data/DIV2K/DIV2K_valid_HR/0811.png,10,0.15000000596046448,20010,ceab700e5944238d72f4ec94852a5ee6b9c353c54281c96ee7c6e9b9f2a16308,81836de794c0f5700dc4d657f73ed8e4e7034c987aff36ba58c55ff67a6da53e
211,div2k/0812.png/sigma_0.150,div2k,0812.png,/Users/kyrillguba/Documents/Data Analytics MSc/Thesis/Python/First Try/data/DIV2K/DIV2K_valid_HR/0812.png,11,0.15000000596046448,20011,5f26939fc07611061a96f2a386a77ffd9251b83abf26ac7ecb5a44dcae97187b,1ef24a9df7bed52eae49bbc44edeef2ec7787eb9f1157dea87b93117688d6ea2
212,div2k/0813.png/sigma_0.150,div2k,0813.png,/Users/kyrillguba/Documents/Data Analytics MSc/Thesis/Python/First Try/data/DIV2K/DIV2K_valid_HR/0813.png,12,0.15000000596046448,20012,c34023db0a8b05fd8269a4d5afeb83670d5b08e7bce8d6c8cfe221a95b0e0b2f,f0fff969cffa4e09aa7664916fbd34f90b80dc848e7308d291caca88f358337d
213,div2k/0814.png/sigma_0.150,div2k,0814.png,/Users/kyrillguba/Documents/Data Analytics MSc/Thesis/Python/First Try/data/DIV2K/DIV2K_valid_HR/0814.png,13,0.15000000596046448,20013,9f544177fb7f24fc86ba1b0d9b9d0e664f093ce144600099ca215fbf1a3e3c25,ba3a6bdbf9dcc9e2a02ba98d59b5ab83102439be99ab8274a2208a8cda268efb
214,div2k/0815.png/sigma_0.150,div2k,0815.png,/Users/kyrillguba/Documents/Data Analytics MSc/Thesis/Python/First Try/data/DIV2K/DIV2K_valid_HR/0815.png,14,0.15000000596046448,20014,d8f2b2b3496e52c1ec43e3c5e28732516b24990b8a2361d1876240ad562db395,3e323e4b560890ed4a1f943e340d8beaa6c268f61e2ceda2e8185391d7d5a3af
215,div2k/0816.png/sigma_0.150,div2k,0816.png,/Users/kyrillguba/Documents/Data Analytics MSc/Thesis/Python/First Try/data/DIV2K/DIV2K_valid_HR/0816.png,15,0.15000000596046448,20015,f457e7c932a8730df29263aaf8e3c3a2e54e7e68e543a34cdbc085f7c21edf50,ebf556858addf02580c13b4579baea64b263c53852f87bd36c7bc01f55477648
216,div2k/0817.png/sigma_0.150,div2k,0817.png,/Users/kyrillguba/Documents/Data Analytics MSc/Thesis/Python/First Try/data/DIV2K/DIV2K_valid_HR/0817.png,16,0.15000000596046448,20016,b14c93dc0fd3fb833a2c04431c6af818313c8c6f744eb433dd1817a932b015cf,5879d7300f732d613dcb0284a1fba92fefed740df0ef08c03bf51fee87c83891
217,div2k/0818.png/sigma_0.150,div2k,0818.png,/Users/kyrillguba/Documents/Data Analytics MSc/Thesis/Python/First Try/data/DIV2K/DIV2K_valid_HR/0818.png,17,0.15000000596046448,20017,00f18d236ddc7fe3a937cdcb41ce31082a90c94b9370fc202c7dce18dd80ab2a,2c05a7fb6ef03f6e1021ebd4479dce05ab8384c789e6ac48a4a3294dbe0994c5
218,div2k/0819.png/sigma_0.150,div2k,0819.png,/Users/kyrillguba/Documents/Data Analytics MSc/Thesis/Python/First Try/data/DIV2K/DIV2K_valid_HR/0819.png,18,0.15000000596046448,20018,f7450c40d5c0aabdc2bd2a562302ca3993841849efca05e281ec4059186e528c,53011dd04b2a2fe9a011f3a8a1114f622d1aacfc7a78fb5d29f8e3999ed6b64c
219,div2k/0820.png/sigma_0.150,div2k,0820.png,/Users/kyrillguba/Documents/Data Analytics MSc/Thesis/Python/First Try/data/DIV2K/DIV2K_valid_HR/0820.png,19,0.15000000596046448,20019,ab2cf6ba20cc18bafee4976e8be3cbf4a6db4afea570ef888fdebb8c8e0616f2,cbbea537bbc6509d1871abd454cddbc46c401ec44e46a7217a3caa40d7033607
220,div2k/0821.png/sigma_0.150,div2k,0821.png,/Users/kyrillguba/Documents/Data Analytics MSc/Thesis/Python/First Try/data/DIV2K/DIV2K_valid_HR/0821.png,20,0.15000000596046448,20020,ebd02fa51f1a3ee91b6ca90bb58a444e53385dd1193938609708b71bca4504a0,8d798cfae4f7ca4cd5f7da4e61ff5bdb352a90b9f9691e8489c0b439e7ba299d
221,div2k/0822.png/sigma_0.150,div2k,0822.png,/Users/kyrillguba/Documents/Data Analytics MSc/Thesis/Python/First Try/data/DIV2K/DIV2K_valid_HR/0822.png,21,0.15000000596046448,20021,86c801c8390b132b94a9efaeb7a9bad9acdd1212e41d91d44b44811708142963,77c9b6b134bf76cd7a70b193571a2cf6af86598939c58d7016edfc70dac5019b
222,div2k/0823.png/sigma_0.150,div2k,0823.png,/Users/kyrillguba/Documents/Data Analytics MSc/Thesis/Python/First Try/data/DIV2K/DIV2K_valid_HR/0823.png,22,0.15000000596046448,20022,ec11d2cf0a95684902842094c84e0956a3cd35920ef85f25ba677348927a365c,67070520dd998a5b7b9ef65538cc96f01ad3e7bfac4cde1d0838447a17b47c1b
223,div2k/0824.png/sigma_0.150,div2k,0824.png,/Users/kyrillguba/Documents/Data Analytics MSc/Thesis/Python/First Try/data/DIV2K/DIV2K_valid_HR/0824.png,23,0.15000000596046448,20023,5ce7bdee523a1299c6a42c3adbb96d0e62c2f40266823753b8c042edb8b10495,afb72718334acc0720966c607b2fc4baa79ad0db78ed46dd87b6bf1bbb06b0a3
224,div2k/0825.png/sigma_0.150,div2k,0825.png,/Users/kyrillguba/Documents/Data Analytics MSc/Thesis/Python/First Try/data/DIV2K/DIV2K_valid_HR/0825.png,24,0.15000000596046448,20024,0403db62808d832f7764170e8df2b8c78ad826e2a93d809f8cf6d018258b011a,bb87a888197d2fce569092cd2f72666d00f18bf8f222c3d8daa5bed85d54bae9
225,div2k/0826.png/sigma_0.150,div2k,0826.png,/Users/kyrillguba/Documents/Data Analytics MSc/Thesis/Python/First Try/data/DIV2K/DIV2K_valid_HR/0826.png,25,0.15000000596046448,20025,b7fba61bcca359e5581b44283bbc34696cae71321e031969411ada23b17e2199,5db92ff465249724833a49e32d0008b2037e9d35bdf84592654b2085eb4adfc5
226,div2k/0827.png/sigma_0.150,div2k,0827.png,/Users/kyrillguba/Documents/Data Analytics MSc/Thesis/Python/First Try/data/DIV2K/DIV2K_valid_HR/0827.png,26,0.15000000596046448,20026,1a1d5ffbd89d79d7803cf86e2d8f6c75cd146872fd61e387fec71a904e384317,f59332e4b60d7ff6549e2c60978c31c7198229269eb71dec33fdc7f0352ebde5
227,div2k/0828.png/sigma_0.150,div2k,0828.png,/Users/kyrillguba/Documents/Data Analytics MSc/Thesis/Python/First Try/data/DIV2K/DIV2K_valid_HR/0828.png,27,0.15000000596046448,20027,3b7551ae7f737167932c3230707f7075368102b6732eb16bfe514fd471223ea4,b38ce987813490427c3b8f49610fb9181768478eda3803abc2ebc48b5d869ebd
228,div2k/0829.png/sigma_0.150,div2k,0829.png,/Users/kyrillguba/Documents/Data Analytics MSc/Thesis/Python/First Try/data/DIV2K/DIV2K_valid_HR/0829.png,28,0.15000000596046448,20028,7fef744df96a3f5b2077c74a59929852deb533e35d4804c7c745471471543ed7,c7f8edd07cd3f82444130f0d467feef0306354c76feb8e8db1b78bd89efac7cb
229,div2k/0830.png/sigma_0.150,div2k,0830.png,/Users/kyrillguba/Documents/Data Analytics MSc/Thesis/Python/First Try/data/DIV2K/DIV2K_valid_HR/0830.png,29,0.15000000596046448,20029,33405798eea5a2bbd23d383a107f9127b4f5d220ad2d443bdb05db6049757a90,0c3e288e0233ba82a1b80f37b1dd013c79e0ceeac914c5611c4f6efd47dc9bc6
230,div2k/0831.png/sigma_0.150,div2k,0831.png,/Users/kyrillguba/Documents/Data Analytics MSc/Thesis/Python/First Try/data/DIV2K/DIV2K_valid_HR/0831.png,30,0.15000000596046448,20030,37f625cf3b90622b2047f8f9b3e488dcb450cde9c639eb5f94e082ec5148792e,d618210b81b578405550bebb237c0315f6c39cfe2fd110224f2a03dfa59731af
231,div2k/0832.png/sigma_0.150,div2k,0832.png,/Users/kyrillguba/Documents/Data Analytics MSc/Thesis/Python/First Try/data/DIV2K/DIV2K_valid_HR/0832.png,31,0.15000000596046448,20031,678db3c6c13225750b6bb2ae62b3e9ffdbdb3491d462fa2451e73fea851ed64c,16a0776f6420182f152763ddf32d0b82495e58df3f646d68d7d9592e533d98d3
232,div2k/0833.png/sigma_0.150,div2k,0833.png,/Users/kyrillguba/Documents/Data Analytics MSc/Thesis/Python/First Try/data/DIV2K/DIV2K_valid_HR/0833.png,32,0.15000000596046448,20032,196e9aedca5a8ddb4904ed57c8a1a32e080164df130d093fbc86da6222f32553,445a726490e0ec40b46bbcb80f82cecae6fde39bee2c79c3a6bd2407536df1ea
233,div2k/0834.png/sigma_0.150,div2k,0834.png,/Users/kyrillguba/Documents/Data Analytics MSc/Thesis/Python/First Try/data/DIV2K/DIV2K_valid_HR/0834.png,33,0.15000000596046448,20033,43cd5d3407a2ec5d9396c0ba9f3595990830fe17adfb5b3d69777dc489012502,383ed9b44b8d726884074df518205a748332932f3f81c8a3b55981e8dcf290b6
234,div2k/0835.png/sigma_0.150,div2k,0835.png,/Users/kyrillguba/Documents/Data Analytics MSc/Thesis/Python/First Try/data/DIV2K/DIV2K_valid_HR/0835.png,34,0.15000000596046448,20034,80084574e021b9b385517a807fa4f62735358952d97592c2b192db98626e086c,ab88cfe1c91119849a14c68e0ced4f7a68f55c22247fb36262dcfca192946ea7
235,div2k/0836.png/sigma_0.150,div2k,0836.png,/Users/kyrillguba/Documents/Data Analytics MSc/Thesis/Python/First Try/data/DIV2K/DIV2K_valid_HR/0836.png,35,0.15000000596046448,20035,d774c40f160da761b384b399f5636cb3cfecf88e2cc5d41c78f575c3bea500af,a698b263decf677f0e83bfaa60d0c6b225d770b4a25b8e5cf099370baa3508ff
236,div2k/0837.png/sigma_0.150,div2k,0837.png,/Users/kyrillguba/Documents/Data Analytics MSc/Thesis/Python/First Try/data/DIV2K/DIV2K_valid_HR/0837.png,36,0.15000000596046448,20036,af3a3f14f10fd37d750995ae36a4d7d4e23e7343e1fc6fb8ddf8342f79d68d35,2ea0bd15768afa04c60f467c0f7d25e2bb6af344870f5c8a2359b94b3e30da09
237,div2k/0838.png/sigma_0.150,div2k,0838.png,/Users/kyrillguba/Documents/Data Analytics MSc/Thesis/Python/First Try/data/DIV2K/DIV2K_valid_HR/0838.png,37,0.15000000596046448,20037,a419adae2a9bbcb7b328e0e98815224877487f12f01cec7bd572e3a61b346f36,6bf8541a9f1618f7c3acdace08aff0b5000015d98529360e64ba9507d413a64e
238,div2k/0839.png/sigma_0.150,div2k,0839.png,/Users/kyrillguba/Documents/Data Analytics MSc/Thesis/Python/First Try/data/DIV2K/DIV2K_valid_HR/0839.png,38,0.15000000596046448,20038,9ed3b7789f4dcc0b1bfd3a6e2391350b33a63a89353a3bd50f5bde4b89d2f647,f9130853dbbfa07bf1c14db4797ef5ab8c72ef9cf2cdc9de6f0b03f7f16c474b
239,div2k/0840.png/sigma_0.150,div2k,0840.png,/Users/kyrillguba/Documents/Data Analytics MSc/Thesis/Python/First Try/data/DIV2K/DIV2K_valid_HR/0840.png,39,0.15000000596046448,20039,df4e88246e2af519b1c29adccc7944ac0f8568e6a1ef7d65c39dc4fcd2a3dd5b,82c282ba3fb8658837bc2e38ced0b95c689e4eee60cf80dea72fdddcf53f55c8
240,div2k/0841.png/sigma_0.150,div2k,0841.png,/Users/kyrillguba/Documents/Data Analytics MSc/Thesis/Python/First Try/data/DIV2K/DIV2K_valid_HR/0841.png,40,0.15000000596046448,20040,b85a5c827a7d17dab432c8f79abc120715b867e00f3bcbe182f90d6c23ecff6f,4b87dfde340932f131f43a8188c38cd9652bddda88ba5ef47c03ed00594d0f59
241,div2k/0842.png/sigma_0.150,div2k,0842.png,/Users/kyrillguba/Documents/Data Analytics MSc/Thesis/Python/First Try/data/DIV2K/DIV2K_valid_HR/0842.png,41,0.15000000596046448,20041,e0fe2755785538efb2ac1c7a4fc4e854d8206a8f09b68ac1931f0544c3e7cc53,71c8afa6e0febe0920a1d7eef7e0befbdc15d57b91334dc60e6d3d3100e38330
242,div2k/0843.png/sigma_0.150,div2k,0843.png,/Users/kyrillguba/Documents/Data Analytics MSc/Thesis/Python/First Try/data/DIV2K/DIV2K_valid_HR/0843.png,42,0.15000000596046448,20042,8d4db85adca20e5911d117b4bb54fdfb3f22b2a02cceb14242bb7540955f6140,f77c7967c75a1fd7198d9e3a70d46bb0d78e15bc51efc599984bebb7a40dbd2b
243,div2k/0844.png/sigma_0.150,div2k,0844.png,/Users/kyrillguba/Documents/Data Analytics MSc/Thesis/Python/First Try/data/DIV2K/DIV2K_valid_HR/0844.png,43,0.15000000596046448,20043,15c2150d7c67049e1e35243bac1a1a68c6f0e57215592b78ed9b74e130ed1370,3eb74552493cd014838d225d671ae8e239c060f5a8e98176f678e5ed10ece2ec
244,div2k/0845.png/sigma_0.150,div2k,0845.png,/Users/kyrillguba/Documents/Data Analytics MSc/Thesis/Python/First Try/data/DIV2K/DIV2K_valid_HR/0845.png,44,0.15000000596046448,20044,3afec5a048f16903b44498719256567f9874b218bd408f06ae16848d5bfd4779,c02348e296cd7a2c1fcdce5f2b6d93d1f6c189f1048cfaceeafa41dcba6caa82
245,div2k/0846.png/sigma_0.150,div2k,0846.png,/Users/kyrillguba/Documents/Data Analytics MSc/Thesis/Python/First Try/data/DIV2K/DIV2K_valid_HR/0846.png,45,0.15000000596046448,20045,bfa025022780e8b45b7d8ca41bf0c1aa0ef062e997a3e07e7b0b4766072a0c65,95a2095d29a9fdfa24f0613b8723268a2a2caae5f67b27db38561d008406c53c
246,div2k/0847.png/sigma_0.150,div2k,0847.png,/Users/kyrillguba/Documents/Data Analytics MSc/Thesis/Python/First Try/data/DIV2K/DIV2K_valid_HR/0847.png,46,0.15000000596046448,20046,a03ac31eb9aa42c51d2ec103e996158d3f7890d32752d0e5a0bece66c7f0a096,ffd99bfca4cf39d6a3a221cdbcde9231b9badb23a2ecb48ceea70490a6362b3f
247,div2k/0848.png/sigma_0.150,div2k,0848.png,/Users/kyrillguba/Documents/Data Analytics MSc/Thesis/Python/First Try/data/DIV2K/DIV2K_valid_HR/0848.png,47,0.15000000596046448,20047,226e619ed1295a7c7b4eb9d622c6124c81ba03e21362bb8eee67e67dced25224,0f55315d00e487e8421b8e5d2c162cb63209d10bcb08fccfa3eac51f4826cb1f
248,div2k/0849.png/sigma_0.150,div2k,0849.png,/Users/kyrillguba/Documents/Data Analytics MSc/Thesis/Python/First Try/data/DIV2K/DIV2K_valid_HR/0849.png,48,0.15000000596046448,20048,2c70dd5654b23e4a9ab11865c6c70e3077823c4972ad389deddc84dd9edc36b8,94c10ff56b792083e069c1e13db449dc146a1968abec94149f0e068c287de8df
249,div2k/0850.png/sigma_0.150,div2k,0850.png,/Users/kyrillguba/Documents/Data Analytics MSc/Thesis/Python/First Try/data/DIV2K/DIV2K_valid_HR/0850.png,49,0.15000000596046448,20049,b0e8b344c318dfae08640e56c0b52ec6df0909ea2a5c7128b8b44308511dabe7,e4407e793da2eed5c71c154409f5734e76b4e485ef9eeda54befb82b601876ca
250,div2k/0851.png/sigma_0.150,div2k,0851.png,/Users/kyrillguba/Documents/Data Analytics MSc/Thesis/Python/First Try/data/DIV2K/DIV2K_valid_HR/0851.png,50,0.15000000596046448,20050,6cd623610d71351bd69a4193263bc448cd15272dcfd17f66224ecc57d176c5d0,45914f5a99cf40c07b4a548bad8f33cacd4f86d0cd8f9e83c690ade33316958a
251,div2k/0852.png/sigma_0.150,div2k,0852.png,/Users/kyrillguba/Documents/Data Analytics MSc/Thesis/Python/First Try/data/DIV2K/DIV2K_valid_HR/0852.png,51,0.15000000596046448,20051,73b3c50a05a0fcb1a26fb8f3d88ebc57fe34409f6e6d0d125e46c18d90cca3a1,850f26009109573b2f69a347f1af5baa9fe2d024153abbbe3b3b5e06b5b1b12a
252,div2k/0853.png/sigma_0.150,div2k,0853.png,/Users/kyrillguba/Documents/Data Analytics MSc/Thesis/Python/First Try/data/DIV2K/DIV2K_valid_HR/0853.png,52,0.15000000596046448,20052,e9eb55fc2bc1bcfd2fad63122c380357a672f2b9f14b61a7547da796324e10c2,22c69d70ebed1d7f51a2bf3dfbcb3e01295dfc1f80c11012554d831fd273cfdd
253,div2k/0854.png/sigma_0.150,div2k,0854.png,/Users/kyrillguba/Documents/Data Analytics MSc/Thesis/Python/First Try/data/DIV2K/DIV2K_valid_HR/0854.png,53,0.15000000596046448,20053,dbefb08aac7a5ad65da8e59ab21cbb0e921c9ad6da4d670be4cb2a982a3e2ffe,c5453e1ba744ca7546c6114bacc70691e12f92dcf033afe98e5c8518a9587471
254,div2k/0855.png/sigma_0.150,div2k,0855.png,/Users/kyrillguba/Documents/Data Analytics MSc/Thesis/Python/First Try/data/DIV2K/DIV2K_valid_HR/0855.png,54,0.15000000596046448,20054,9e2b3caa326eef35864ca6323728491aaf77f5232b3a1b7435275b7a4b5bc314,8f500d00c6e0901077bb3fd55ffc20316938959f775ccab9c775f3f0787ae211
255,div2k/0856.png/sigma_0.150,div2k,0856.png,/Users/kyrillguba/Documents/Data Analytics MSc/Thesis/Python/First Try/data/DIV2K/DIV2K_valid_HR/0856.png,55,0.15000000596046448,20055,66cf31de43a337537e663db0aecf5dd0004e87a0fbe2bd2cdc7ed9a8b4a93ece,2cf5d7c980e13f9eeb854391e0f07db5ddf11178c1271985069d37533454f77d
256,div2k/0857.png/sigma_0.150,div2k,0857.png,/Users/kyrillguba/Documents/Data Analytics MSc/Thesis/Python/First Try/data/DIV2K/DIV2K_valid_HR/0857.png,56,0.15000000596046448,20056,ab895c24c3f27bd01daebb297e1995e3f7eaba3372e5cc7e32fb98edb3dfd93b,f67638c593248821293ef1506d42b3ed14b803a843a564bb9ac370b8c89934b8
257,div2k/0858.png/sigma_0.150,div2k,0858.png,/Users/kyrillguba/Documents/Data Analytics MSc/Thesis/Python/First Try/data/DIV2K/DIV2K_valid_HR/0858.png,57,0.15000000596046448,20057,69c3c9a846793f1dd2cda90db3fba707412671412126cd1eaad1496e784f7c0e,3646e942c385c6ac9176f7fb2b36cf82ee5ed2b6ccd522f45ed58a56732cc4f3
258,div2k/0859.png/sigma_0.150,div2k,0859.png,/Users/kyrillguba/Documents/Data Analytics MSc/Thesis/Python/First Try/data/DIV2K/DIV2K_valid_HR/0859.png,58,0.15000000596046448,20058,0783919bca182fbd4ec27a809e6b7e6c58e89fddb3d3ef3d1bd5c807651c9a53,5650be64cced5f0cbbcbc473282d33c297129c1defd53cc10aadbd72c3bcde5c
259,div2k/0860.png/sigma_0.150,div2k,0860.png,/Users/kyrillguba/Documents/Data Analytics MSc/Thesis/Python/First Try/data/DIV2K/DIV2K_valid_HR/0860.png,59,0.15000000596046448,20059,6323c40a5d11f381b901e87cf8f54d9578bc32be44b9350ac5386eb44224de4a,4ae6cbf3c12fe9daeb79b1547020b09831115ceb1657ff734c708457e8417976
260,div2k/0861.png/sigma_0.150,div2k,0861.png,/Users/kyrillguba/Documents/Data Analytics MSc/Thesis/Python/First Try/data/DIV2K/DIV2K_valid_HR/0861.png,60,0.15000000596046448,20060,c3df240f2bf2bcdcdc9060b4ba3b0dd6324594f485ce3ee2d407f0b5364d72d7,7814b5aa3f0318c16ff9dbb233da254f4b00b36d5d84e2a1c13de7a34e28fa1d
261,div2k/0862.png/sigma_0.150,div2k,0862.png,/Users/kyrillguba/Documents/Data Analytics MSc/Thesis/Python/First Try/data/DIV2K/DIV2K_valid_HR/0862.png,61,0.15000000596046448,20061,b28039f4ed1566ad4bef028589288dfa1cf33c4b676694010eb5d0d9f228ef50,a6f0e8fb9e75c16d43cf99ebdd0c942dd78b095450a4871e0a5cf81fce0234b4
262,div2k/0863.png/sigma_0.150,div2k,0863.png,/Users/kyrillguba/Documents/Data Analytics MSc/Thesis/Python/First Try/data/DIV2K/DIV2K_valid_HR/0863.png,62,0.15000000596046448,20062,69a9aeec52e386294dc8c778c0d11c7f842f0960ca488aa898c25c50220c823a,1eceb9ec8ba500196990568abaa4d8c71397ac395afdea051040f4d78418ae66
263,div2k/0864.png/sigma_0.150,div2k,0864.png,/Users/kyrillguba/Documents/Data Analytics MSc/Thesis/Python/First Try/data/DIV2K/DIV2K_valid_HR/0864.png,63,0.15000000596046448,20063,fb786dffb18452c590dd1e18bebeea18d1c1bec24fd9d36d75ba35ad6c8a81d3,14cffd14a8cdb618aec05880897bfc6c29c8d375852b2585bd01a6574849c211
264,div2k/0865.png/sigma_0.150,div2k,0865.png,/Users/kyrillguba/Documents/Data Analytics MSc/Thesis/Python/First Try/data/DIV2K/DIV2K_valid_HR/0865.png,64,0.15000000596046448,20064,f92af3991be3de305c0efcfbe87ac07586eb280db7c47c56bbf8452a9b10010c,54490d712106fb9f4d4544bf2014dc7c04c031acb65fad0ba99bb13bcb9b1d35
265,div2k/0866.png/sigma_0.150,div2k,0866.png,/Users/kyrillguba/Documents/Data Analytics MSc/Thesis/Python/First Try/data/DIV2K/DIV2K_valid_HR/0866.png,65,0.15000000596046448,20065,64fe1cb87ea16bd47a4af52b635bd686b87a3bb0bb006aa875e7090e7f4f1b09,ca77f14d69c48e6b845cd10b55983d1368652fc41953eedc50872b962a0edd5c
266,div2k/0867.png/sigma_0.150,div2k,0867.png,/Users/kyrillguba/Documents/Data Analytics MSc/Thesis/Python/First Try/data/DIV2K/DIV2K_valid_HR/0867.png,66,0.15000000596046448,20066,a1b0a4eea55a3cc398df9e911e7db0ecbec9938d8ca0f96d3252df65b6daed62,489082987d893b9111ff8cc461523e9cf259a89d3eae6060586e438615394bf3
267,div2k/0868.png/sigma_0.150,div2k,0868.png,/Users/kyrillguba/Documents/Data Analytics MSc/Thesis/Python/First Try/data/DIV2K/DIV2K_valid_HR/0868.png,67,0.15000000596046448,20067,a5806164ffd45d6b14c4f40b199c062ca7d2855351fd99291a948b57f15212f1,3f900618571625c340ba45e51bd1e3d128f7f3550c63988d124a936fd88fcd70
268,div2k/0869.png/sigma_0.150,div2k,0869.png,/Users/kyrillguba/Documents/Data Analytics MSc/Thesis/Python/First Try/data/DIV2K/DIV2K_valid_HR/0869.png,68,0.15000000596046448,20068,bc61ffc14754a4c0e306111ec7946ec828ebc05b363e7717d8c2f300d7750e5c,202aa48ccc3b279a766daa719a87aec876ccb1f9e1834eb4dc7a517266822579
269,div2k/0870.png/sigma_0.150,div2k,0870.png,/Users/kyrillguba/Documents/Data Analytics MSc/Thesis/Python/First Try/data/DIV2K/DIV2K_valid_HR/0870.png,69,0.15000000596046448,20069,23fb86d88c32c580e802edb1ef9cd9aecf3ca74c79ecdde14ada63f7050ad410,6321e9cf1562ebed88776a69961ee1c5c8cc0c1983af1fc62b68e2aa77eb14a7
270,div2k/0871.png/sigma_0.150,div2k,0871.png,/Users/kyrillguba/Documents/Data Analytics MSc/Thesis/Python/First Try/data/DIV2K/DIV2K_valid_HR/0871.png,70,0.15000000596046448,20070,755675f2824bd9535075c3a3649ecad82608dffc5b28d5b6777c999ce5ac8feb,10125e5a8e11f33c76c1b1bed7595bdfd36ccd859da9d715e162a1351d92a580
271,div2k/0872.png/sigma_0.150,div2k,0872.png,/Users/kyrillguba/Documents/Data Analytics MSc/Thesis/Python/First Try/data/DIV2K/DIV2K_valid_HR/0872.png,71,0.15000000596046448,20071,a3051017ca8c7da3a6c7830c9bb928ecf2b81dc2add6c092a6aecfa321376f6b,c460690477aa730ba52b6f070f23b6a80e95359dd83e0d659d013b8e096f919b
272,div2k/0873.png/sigma_0.150,div2k,0873.png,/Users/kyrillguba/Documents/Data Analytics MSc/Thesis/Python/First Try/data/DIV2K/DIV2K_valid_HR/0873.png,72,0.15000000596046448,20072,98eca5a763607b677cf4da90c4112b7bd27d325edaf99023f29c46b2af95740e,b1a58c6fdd9a17716a53afc24b211241e38bebda099604f4de03ec4b8a65d0c0
273,div2k/0874.png/sigma_0.150,div2k,0874.png,/Users/kyrillguba/Documents/Data Analytics MSc/Thesis/Python/First Try/data/DIV2K/DIV2K_valid_HR/0874.png,73,0.15000000596046448,20073,c1b141701b55a15db0c8d9d38d28131d0c6935abc941c0cf5a1b8e17483ce6db,f7a960b00896cbbdc6ccf512afa721f386e45066e678fb4dac90081e17444d92
274,div2k/0875.png/sigma_0.150,div2k,0875.png,/Users/kyrillguba/Documents/Data Analytics MSc/Thesis/Python/First Try/data/DIV2K/DIV2K_valid_HR/0875.png,74,0.15000000596046448,20074,9efdc0057bb6e53db148019bb4a13192254fce5f31a016a4924e85fc6ee62a16,e753a30c362a6d3eb9c45706aecc08c68a7ea7f6628d8db66366787c20355c9f
275,div2k/0876.png/sigma_0.150,div2k,0876.png,/Users/kyrillguba/Documents/Data Analytics MSc/Thesis/Python/First Try/data/DIV2K/DIV2K_valid_HR/0876.png,75,0.15000000596046448,20075,84df379a2b4a7b995296e31b3954bfb9a7731d5e2d0b8650405a416a53e11125,04f67a9594d48093a6e08a0e38642e6eee5be4f8b3ade5dfae2084bc980881d8
276,div2k/0877.png/sigma_0.150,div2k,0877.png,/Users/kyrillguba/Documents/Data Analytics MSc/Thesis/Python/First Try/data/DIV2K/DIV2K_valid_HR/0877.png,76,0.15000000596046448,20076,a7be10c02736c3557926612d053466a395f1f8df83ddeeff7027d05bb769b33a,7a218ead6d4c2d3dbb899303596e94d43e2c5a54ec8912d5cb7240b959b4d20a
277,div2k/0878.png/sigma_0.150,div2k,0878.png,/Users/kyrillguba/Documents/Data Analytics MSc/Thesis/Python/First Try/data/DIV2K/DIV2K_valid_HR/0878.png,77,0.15000000596046448,20077,f1e61ee7f615bf40fc0cc24a3750fc6413019d89281f32d061c3bfb42fdf3082,523e861cf9811cfce774e032f43234955e18c0379b5dd121e8c3aa12cc8d019b
278,div2k/0879.png/sigma_0.150,div2k,0879.png,/Users/kyrillguba/Documents/Data Analytics MSc/Thesis/Python/First Try/data/DIV2K/DIV2K_valid_HR/0879.png,78,0.15000000596046448,20078,f7a72db70e5d13cc9ce0514ee1b317f98a5b43e5671f68071037416761ac50bb,d5918c03e5907d4cf17c7a3b8fdf798cfd715c7e2c42e5b086c8db22e0140197
279,div2k/0880.png/sigma_0.150,div2k,0880.png,/Users/kyrillguba/Documents/Data Analytics MSc/Thesis/Python/First Try/data/DIV2K/DIV2K_valid_HR/0880.png,79,0.15000000596046448,20079,2464ffab9474f65f91c41e6231fc7c3907d471b36d493192c28dd9a9c9ac3c4c,dbdea1106cd8958916fc9772a53d3f6877bb9eb6f6bf76523991d5764d8fdd36
280,div2k/0881.png/sigma_0.150,div2k,0881.png,/Users/kyrillguba/Documents/Data Analytics MSc/Thesis/Python/First Try/data/DIV2K/DIV2K_valid_HR/0881.png,80,0.15000000596046448,20080,b4be0560c87adf38d8561ec3fb5a8e3e0e5d0b43501194ff1ff77f1511e89119,12545213925ff49318f4eb85bc9d7708644215a2b6f920b8b43a35070b88ddef
281,div2k/0882.png/sigma_0.150,div2k,0882.png,/Users/kyrillguba/Documents/Data Analytics MSc/Thesis/Python/First Try/data/DIV2K/DIV2K_valid_HR/0882.png,81,0.15000000596046448,20081,aac379d4eb1f7ffb4575e0fcca3a6836e85643267b9f537632bdfd3422ae2a6d,6ea62831d84b83768a283f19ded8038b94cdc02a1803dc9d4be062a1010c652b
282,div2k/0883.png/sigma_0.150,div2k,0883.png,/Users/kyrillguba/Documents/Data Analytics MSc/Thesis/Python/First Try/data/DIV2K/DIV2K_valid_HR/0883.png,82,0.15000000596046448,20082,dc84aa16cb279e020e6bb4a512b74aeb161e2c3b612b40cfe834b4ea44c4dbd4,d6ca2ad6f8222cacc85ba5acfe3731812141fffa89abd8381baa251a186ba402
283,div2k/0884.png/sigma_0.150,div2k,0884.png,/Users/kyrillguba/Documents/Data Analytics MSc/Thesis/Python/First Try/data/DIV2K/DIV2K_valid_HR/0884.png,83,0.15000000596046448,20083,c3e792b1483d91371c9eeedd1d20a4f45de1d748d7f261794ce740fbc3ea3016,67d70f20a1d4f66cac28d02ab11cd81f739a1071d066579730d2624fe56ba85d
284,div2k/0885.png/sigma_0.150,div2k,0885.png,/Users/kyrillguba/Documents/Data Analytics MSc/Thesis/Python/First Try/data/DIV2K/DIV2K_valid_HR/0885.png,84,0.15000000596046448,20084,d1b12f5bdff73a004166bc26bfd68ed924612ba4dfeb5ee46ef886fec9606402,9eeb98b0c07f0b7b290d584d5a9e68577a79b851fc5d78184fc7550490c240de
285,div2k/0886.png/sigma_0.150,div2k,0886.png,/Users/kyrillguba/Documents/Data Analytics MSc/Thesis/Python/First Try/data/DIV2K/DIV2K_valid_HR/0886.png,85,0.15000000596046448,20085,8269830c494c50f2ca58c9fe1491092884eabccc73e5d87438dd2282f32843ab,9571b600fa26fa5e78211a52aba99b7f6cdab0485832901faed8cd24db7c030f
286,div2k/0887.png/sigma_0.150,div2k,0887.png,/Users/kyrillguba/Documents/Data Analytics MSc/Thesis/Python/First Try/data/DIV2K/DIV2K_valid_HR/0887.png,86,0.15000000596046448,20086,9674e5076ec8c005bce7e3450e6bf09deb82df9952eaff58c7717b3a16e90f3e,6d7b91947c5834877dcbcfb879c4555b794c0e30342063eb757e5d1cd377f564
287,div2k/0888.png/sigma_0.150,div2k,0888.png,/Users/kyrillguba/Documents/Data Analytics MSc/Thesis/Python/First Try/data/DIV2K/DIV2K_valid_HR/0888.png,87,0.15000000596046448,20087,0b12dfb6e7a24bf393f0f61b8c12a04a0e14c82f6eb77cce3a6d2ed989cadb40,da1f4ebeae57366ccd911abc2e91442211f58aa2208b08a5e5e0641bb5b15b3f
288,div2k/0889.png/sigma_0.150,div2k,0889.png,/Users/kyrillguba/Documents/Data Analytics MSc/Thesis/Python/First Try/data/DIV2K/DIV2K_valid_HR/0889.png,88,0.15000000596046448,20088,65b588cd7d91eb7ab3ad2ee297b48e2bcd71468e6f3fd4cedd22296161fcf0b3,4d47a099f8c03527f178a93d20ec6021009f2bf007699ffbf4d49b9ee0a18bac
289,div2k/0890.png/sigma_0.150,div2k,0890.png,/Users/kyrillguba/Documents/Data Analytics MSc/Thesis/Python/First Try/data/DIV2K/DIV2K_valid_HR/0890.png,89,0.15000000596046448,20089,641726511e5ab55ecb5dccce15a53a64473d43e0a2be22d51e522b22644d2891,090cde7116e024b2ec602eebacab490050c1b660e998f53dd4720b5b72685506
290,div2k/0891.png/sigma_0.150,div2k,0891.png,/Users/kyrillguba/Documents/Data Analytics MSc/Thesis/Python/First Try/data/DIV2K/DIV2K_valid_HR/0891.png,90,0.15000000596046448,20090,df25cc2cba32c4a350c4749f690c8d6acb73d96d359ca40b6fee4071dbf564d0,7dff3a0867a76ac2a36a0195af44b2d5f502d8da1a0aff1f9a5753df36f19149
291,div2k/0892.png/sigma_0.150,div2k,0892.png,/Users/kyrillguba/Documents/Data Analytics MSc/Thesis/Python/First Try/data/DIV2K/DIV2K_valid_HR/0892.png,91,0.15000000596046448,20091,cf51693d41de71e034484154f59145fbffeb5a48fb250085472f21ef15bc44ee,a59e46b09cbe29e3ebc2d1e171a0a0ff3bf91fc8647f369b99fa62754e807e66
292,div2k/0893.png/sigma_0.150,div2k,0893.png,/Users/kyrillguba/Documents/Data Analytics MSc/Thesis/Python/First Try/data/DIV2K/DIV2K_valid_HR/0893.png,92,0.15000000596046448,20092,e38a2d9fc2bb1bfe2d7f4ac7ac04be6e3b640472049753a9ec509cb5b184dfae,05609a5b3db9d0ebbee04566382b115babbaf65d1f71365a2d3b0c1021529ba3
293,div2k/0894.png/sigma_0.150,div2k,0894.png,/Users/kyrillguba/Documents/Data Analytics MSc/Thesis/Python/First Try/data/DIV2K/DIV2K_valid_HR/0894.png,93,0.15000000596046448,20093,f7c053db8ff81bb3c056ed342eb0bfb9ba890e8adb30617f79d560f11e941c73,3fccd8843bb8ab2352f2c3dca1f0041b3201bbadd09121217f0bbca35f20ea40
294,div2k/0895.png/sigma_0.150,div2k,0895.png,/Users/kyrillguba/Documents/Data Analytics MSc/Thesis/Python/First Try/data/DIV2K/DIV2K_valid_HR/0895.png,94,0.15000000596046448,20094,abdbc9e5dd323d44902bb35948460b514a4fe27d53aa9bc4f2072e0a425a5902,6aa3aa753ea7ad02049ba7f7f3c2a098d40cd8ab63418c08e09883f61b4ac7a0
295,div2k/0896.png/sigma_0.150,div2k,0896.png,/Users/kyrillguba/Documents/Data Analytics MSc/Thesis/Python/First Try/data/DIV2K/DIV2K_valid_HR/0896.png,95,0.15000000596046448,20095,857388cd8fc429b194bc7374762cee70b099ddf090a6495b03d92edc4c8c7b8d,4e5ec91ba09447954d9184006b86d6c8a4d2e9762c0d802b7acc3e30a003fe99
296,div2k/0897.png/sigma_0.150,div2k,0897.png,/Users/kyrillguba/Documents/Data Analytics MSc/Thesis/Python/First Try/data/DIV2K/DIV2K_valid_HR/0897.png,96,0.15000000596046448,20096,a75baf8d323b01687486bd536ce524304bab0a20ffcaf0d6d19c9abe9c8bef57,e2fdff6e4bfb56efb51be82da3f6818d38e92ea4b89c06426ff672fb11ab9cea
297,div2k/0898.png/sigma_0.150,div2k,0898.png,/Users/kyrillguba/Documents/Data Analytics MSc/Thesis/Python/First Try/data/DIV2K/DIV2K_valid_HR/0898.png,97,0.15000000596046448,20097,0f9b0c2f1793b1dd0ac81be97181b9e904a39fcf108cd39194842f26678085f7,02c50d40179ae73f11237da6f9918d44c299b7ab614e0896018584e491c28614
298,div2k/0899.png/sigma_0.150,div2k,0899.png,/Users/kyrillguba/Documents/Data Analytics MSc/Thesis/Python/First Try/data/DIV2K/DIV2K_valid_HR/0899.png,98,0.15000000596046448,20098,bea5ead4e165747f9c0e6d434cc536abdd4760b1a8da09c78f705024684bff65,cf88b3a38e6d7cc9cd1a08f9cc3127392ccd44bf3b7be67da5653df76ed6db73
299,div2k/0900.png/sigma_0.150,div2k,0900.png,/Users/kyrillguba/Documents/Data Analytics MSc/Thesis/Python/First Try/data/DIV2K/DIV2K_valid_HR/0900.png,99,0.15000000596046448,20099,72e06d86758e25d0f39e87b43b4ed00325b96cc08c65fc1809df35beee23e59c,8675b721ca7e8956cf02bb1a0098b9439a3aff7c56577ec1f3ac2a00b63625c9
300,div2k/0801.png/sigma_0.200,div2k,0801.png,/Users/kyrillguba/Documents/Data Analytics MSc/Thesis/Python/First Try/data/DIV2K/DIV2K_valid_HR/0801.png,0,0.20000000298023224,20000,9ca598cce3296c3968a2f8f7685477f637dbdbbb9d4efb1cd418ca185bd31eef,a9365f4e0c16669b5077b4e9432d32a1601ddf16ec48ed5bc58b26305bb2dfd6
301,div2k/0802.png/sigma_0.200,div2k,0802.png,/Users/kyrillguba/Documents/Data Analytics MSc/Thesis/Python/First Try/data/DIV2K/DIV2K_valid_HR/0802.png,1,0.20000000298023224,20001,3177c80331fb32ceee70ac3ef64d2e56a1bce05ea8a9c0b664e2592552554742,36060dd2d8d24324286c1b18f2ecc8777c2ec20e379eefda3e35ac636d9b3f94
302,div2k/0803.png/sigma_0.200,div2k,0803.png,/Users/kyrillguba/Documents/Data Analytics MSc/Thesis/Python/First Try/data/DIV2K/DIV2K_valid_HR/0803.png,2,0.20000000298023224,20002,671a4205d217354c075117f716a83d9a5ef2b4c921475de333f15ac8882c9356,0407f8277a603861b050d3fca105d13640f58fd1f088543fac352d20d4ee0d6d
303,div2k/0804.png/sigma_0.200,div2k,0804.png,/Users/kyrillguba/Documents/Data Analytics MSc/Thesis/Python/First Try/data/DIV2K/DIV2K_valid_HR/0804.png,3,0.20000000298023224,20003,f95563d4b6e58b102c165eeec7f7e1ba2608e12c3a331510949f0cce842149ea,5091347d676ff4495f51148d24623d7797e9d157213b7378f4e24a70453e7c75
304,div2k/0805.png/sigma_0.200,div2k,0805.png,/Users/kyrillguba/Documents/Data Analytics MSc/Thesis/Python/First Try/data/DIV2K/DIV2K_valid_HR/0805.png,4,0.20000000298023224,20004,bac34b49da4033070da28c152ece5c527c7274eafed4e320f3e7258274a93177,6cf8931033545531e65b45cd0193f8f35f03ca064e6aeb6884f862feae04a2a9
305,div2k/0806.png/sigma_0.200,div2k,0806.png,/Users/kyrillguba/Documents/Data Analytics MSc/Thesis/Python/First Try/data/DIV2K/DIV2K_valid_HR/0806.png,5,0.20000000298023224,20005,befc31ea0c7663db0351a7238adfea3153639f5dfa13cb7cacfd757a46539d49,42ca3f83fbb588f1d98a5db8125804044c1d5568bed89b9c5c17685aab2e52a1
306,div2k/0807.png/sigma_0.200,div2k,0807.png,/Users/kyrillguba/Documents/Data Analytics MSc/Thesis/Python/First Try/data/DIV2K/DIV2K_valid_HR/0807.png,6,0.20000000298023224,20006,1e941eaeed69e78250491fe2c5b2f458f2f36301b8aa701227bd408f852fa572,7577e075b9407964bd3c045c44f49e9eed4cd36144880344a401029a52f84239
307,div2k/0808.png/sigma_0.200,div2k,0808.png,/Users/kyrillguba/Documents/Data Analytics MSc/Thesis/Python/First Try/data/DIV2K/DIV2K_valid_HR/0808.png,7,0.20000000298023224,20007,9666b1dba93f470d95570471f38f195acafae585deefb8498b5ebb625df94e78,593a46ec02aafa29eda0f31d7bc829966f052ea8bcfac6fd931cb7aafef5c478
308,div2k/0809.png/sigma_0.200,div2k,0809.png,/Users/kyrillguba/Documents/Data Analytics MSc/Thesis/Python/First Try/data/DIV2K/DIV2K_valid_HR/0809.png,8,0.20000000298023224,20008,f57d7f591d2770efb0162e925acaaef8e4ce467e58b7a54d53de058959be9978,7c562f910f22a6bbc5b8b1863098a4cc05a6fb6bfda81f9b8b157feccff608ae
309,div2k/0810.png/sigma_0.200,div2k,0810.png,/Users/kyrillguba/Documents/Data Analytics MSc/Thesis/Python/First Try/data/DIV2K/DIV2K_valid_HR/0810.png,9,0.20000000298023224,20009,50cf8d799292c4a6f6c23b4a8f1d0c08015da9c6e74d9109a31efdb1eb5d9df3,ba7b2bf6f8dbef7b1540f43046cdf692e30fb9075a4c929eaa71a46d1b2a973a
310,div2k/0811.png/sigma_0.200,div2k,0811.png,/Users/kyrillguba/Documents/Data Analytics MSc/Thesis/Python/First Try/data/DIV2K/DIV2K_valid_HR/0811.png,10,0.20000000298023224,20010,ceab700e5944238d72f4ec94852a5ee6b9c353c54281c96ee7c6e9b9f2a16308,66b078cc01d92864043643094c99ce46de0fc392c329670aea72faa0081b61ef
311,div2k/0812.png/sigma_0.200,div2k,0812.png,/Users/kyrillguba/Documents/Data Analytics MSc/Thesis/Python/First Try/data/DIV2K/DIV2K_valid_HR/0812.png,11,0.20000000298023224,20011,5f26939fc07611061a96f2a386a77ffd9251b83abf26ac7ecb5a44dcae97187b,7b8e9a311c180f17e7a36e7c0f870bbdac4a5ec65c94e366e0e96e16577873ee
312,div2k/0813.png/sigma_0.200,div2k,0813.png,/Users/kyrillguba/Documents/Data Analytics MSc/Thesis/Python/First Try/data/DIV2K/DIV2K_valid_HR/0813.png,12,0.20000000298023224,20012,c34023db0a8b05fd8269a4d5afeb83670d5b08e7bce8d6c8cfe221a95b0e0b2f,86c1ff20a5aa336ba94861bc2334494a860c894bc88a7435aa3806678e7ad8b3
313,div2k/0814.png/sigma_0.200,div2k,0814.png,/Users/kyrillguba/Documents/Data Analytics MSc/Thesis/Python/First Try/data/DIV2K/DIV2K_valid_HR/0814.png,13,0.20000000298023224,20013,9f544177fb7f24fc86ba1b0d9b9d0e664f093ce144600099ca215fbf1a3e3c25,f19bbc6781dd3503c77ca7892fbf75631b7770a251002b21caa79b16139c91b3
314,div2k/0815.png/sigma_0.200,div2k,0815.png,/Users/kyrillguba/Documents/Data Analytics MSc/Thesis/Python/First Try/data/DIV2K/DIV2K_valid_HR/0815.png,14,0.20000000298023224,20014,d8f2b2b3496e52c1ec43e3c5e28732516b24990b8a2361d1876240ad562db395,44f7ec206d35f890114f56d53d033f150d8d97ec4412917428f012ddb457eb5a
315,div2k/0816.png/sigma_0.200,div2k,0816.png,/Users/kyrillguba/Documents/Data Analytics MSc/Thesis/Python/First Try/data/DIV2K/DIV2K_valid_HR/0816.png,15,0.20000000298023224,20015,f457e7c932a8730df29263aaf8e3c3a2e54e7e68e543a34cdbc085f7c21edf50,bb47f91d9ab8fadad3de18398885eddd3433d68f18b7cd263a390ab4f7a0012d
316,div2k/0817.png/sigma_0.200,div2k,0817.png,/Users/kyrillguba/Documents/Data Analytics MSc/Thesis/Python/First Try/data/DIV2K/DIV2K_valid_HR/0817.png,16,0.20000000298023224,20016,b14c93dc0fd3fb833a2c04431c6af818313c8c6f744eb433dd1817a932b015cf,c5c8010eaa417191ce2153ff0df530b99d094ff249f993067347a3076d276a20
317,div2k/0818.png/sigma_0.200,div2k,0818.png,/Users/kyrillguba/Documents/Data Analytics MSc/Thesis/Python/First Try/data/DIV2K/DIV2K_valid_HR/0818.png,17,0.20000000298023224,20017,00f18d236ddc7fe3a937cdcb41ce31082a90c94b9370fc202c7dce18dd80ab2a,966998599e0b596e14f5382b54adf0f2cdc760eefec4f2b25bad3bb854bca0a1
318,div2k/0819.png/sigma_0.200,div2k,0819.png,/Users/kyrillguba/Documents/Data Analytics MSc/Thesis/Python/First Try/data/DIV2K/DIV2K_valid_HR/0819.png,18,0.20000000298023224,20018,f7450c40d5c0aabdc2bd2a562302ca3993841849efca05e281ec4059186e528c,a0e07558f84759a954d5c6387b083fb4e6ef737af47ace3e552687dde95f156d
319,div2k/0820.png/sigma_0.200,div2k,0820.png,/Users/kyrillguba/Documents/Data Analytics MSc/Thesis/Python/First Try/data/DIV2K/DIV2K_valid_HR/0820.png,19,0.20000000298023224,20019,ab2cf6ba20cc18bafee4976e8be3cbf4a6db4afea570ef888fdebb8c8e0616f2,45ba48f9466d9540d93960a6902a771be58eaf93359722184f499b62a29a620c
320,div2k/0821.png/sigma_0.200,div2k,0821.png,/Users/kyrillguba/Documents/Data Analytics MSc/Thesis/Python/First Try/data/DIV2K/DIV2K_valid_HR/0821.png,20,0.20000000298023224,20020,ebd02fa51f1a3ee91b6ca90bb58a444e53385dd1193938609708b71bca4504a0,98ad8d0b3c93b65fa7efcb2135dab5fc0366f195db1b1ef8a290e23e8f536ed2
321,div2k/0822.png/sigma_0.200,div2k,0822.png,/Users/kyrillguba/Documents/Data Analytics MSc/Thesis/Python/First Try/data/DIV2K/DIV2K_valid_HR/0822.png,21,0.20000000298023224,20021,86c801c8390b132b94a9efaeb7a9bad9acdd1212e41d91d44b44811708142963,ca7d852bc8b16c6278f1bc45ae4c07890003ad72054615c02927480762cf2df5
322,div2k/0823.png/sigma_0.200,div2k,0823.png,/Users/kyrillguba/Documents/Data Analytics MSc/Thesis/Python/First Try/data/DIV2K/DIV2K_valid_HR/0823.png,22,0.20000000298023224,20022,ec11d2cf0a95684902842094c84e0956a3cd35920ef85f25ba677348927a365c,26bf1ed80d68d5c6eabb4686e90308ffc3cf19921e78000f4d382c56b6b91895
323,div2k/0824.png/sigma_0.200,div2k,0824.png,/Users/kyrillguba/Documents/Data Analytics MSc/Thesis/Python/First Try/data/DIV2K/DIV2K_valid_HR/0824.png,23,0.20000000298023224,20023,5ce7bdee523a1299c6a42c3adbb96d0e62c2f40266823753b8c042edb8b10495,f485578de09a4665de67af912511c0ee3ffa2d202728851d682353d17a0a971e
324,div2k/0825.png/sigma_0.200,div2k,0825.png,/Users/kyrillguba/Documents/Data Analytics MSc/Thesis/Python/First Try/data/DIV2K/DIV2K_valid_HR/0825.png,24,0.20000000298023224,20024,0403db62808d832f7764170e8df2b8c78ad826e2a93d809f8cf6d018258b011a,61e6b9f60ba16552facccb9e47e0ca7141ad08ea8a4a223d1f2af0c84fc2a013
325,div2k/0826.png/sigma_0.200,div2k,0826.png,/Users/kyrillguba/Documents/Data Analytics MSc/Thesis/Python/First Try/data/DIV2K/DIV2K_valid_HR/0826.png,25,0.20000000298023224,20025,b7fba61bcca359e5581b44283bbc34696cae71321e031969411ada23b17e2199,e5b36e49ab70c13ddec8ad18f0123685ffe4741ae10c8796387deccf900f867e
326,div2k/0827.png/sigma_0.200,div2k,0827.png,/Users/kyrillguba/Documents/Data Analytics MSc/Thesis/Python/First Try/data/DIV2K/DIV2K_valid_HR/0827.png,26,0.20000000298023224,20026,1a1d5ffbd89d79d7803cf86e2d8f6c75cd146872fd61e387fec71a904e384317,19e103ed562e6af6dc3c79b137828a005900ef232d338de260add904c5386d11
327,div2k/0828.png/sigma_0.200,div2k,0828.png,/Users/kyrillguba/Documents/Data Analytics MSc/Thesis/Python/First Try/data/DIV2K/DIV2K_valid_HR/0828.png,27,0.20000000298023224,20027,3b7551ae7f737167932c3230707f7075368102b6732eb16bfe514fd471223ea4,9e18af74f560ebed7fdda10932468c5ae614d2c5f11049fad4ebdc85c873d139
328,div2k/0829.png/sigma_0.200,div2k,0829.png,/Users/kyrillguba/Documents/Data Analytics MSc/Thesis/Python/First Try/data/DIV2K/DIV2K_valid_HR/0829.png,28,0.20000000298023224,20028,7fef744df96a3f5b2077c74a59929852deb533e35d4804c7c745471471543ed7,ac896f879188a2a361bafad02222820a1ed560380db764eb4a4dde59e31c7cf6
329,div2k/0830.png/sigma_0.200,div2k,0830.png,/Users/kyrillguba/Documents/Data Analytics MSc/Thesis/Python/First Try/data/DIV2K/DIV2K_valid_HR/0830.png,29,0.20000000298023224,20029,33405798eea5a2bbd23d383a107f9127b4f5d220ad2d443bdb05db6049757a90,16f1b388f30fbc8ec53e6463179734c4971edf12466826f7064b09cdc0cf5f4e
330,div2k/0831.png/sigma_0.200,div2k,0831.png,/Users/kyrillguba/Documents/Data Analytics MSc/Thesis/Python/First Try/data/DIV2K/DIV2K_valid_HR/0831.png,30,0.20000000298023224,20030,37f625cf3b90622b2047f8f9b3e488dcb450cde9c639eb5f94e082ec5148792e,23831d833313857b5e695b9441aafacb1f03391ca87ac2678e98aad19fa20928
331,div2k/0832.png/sigma_0.200,div2k,0832.png,/Users/kyrillguba/Documents/Data Analytics MSc/Thesis/Python/First Try/data/DIV2K/DIV2K_valid_HR/0832.png,31,0.20000000298023224,20031,678db3c6c13225750b6bb2ae62b3e9ffdbdb3491d462fa2451e73fea851ed64c,4c157337022f3b1bbfd7f253c0c3946911618c6badf8404413075b607985800a
332,div2k/0833.png/sigma_0.200,div2k,0833.png,/Users/kyrillguba/Documents/Data Analytics MSc/Thesis/Python/First Try/data/DIV2K/DIV2K_valid_HR/0833.png,32,0.20000000298023224,20032,196e9aedca5a8ddb4904ed57c8a1a32e080164df130d093fbc86da6222f32553,e3942347313bdc570018037b7ffaf54bfe4df7ade08538b6bf1373b1fe597fff
333,div2k/0834.png/sigma_0.200,div2k,0834.png,/Users/kyrillguba/Documents/Data Analytics MSc/Thesis/Python/First Try/data/DIV2K/DIV2K_valid_HR/0834.png,33,0.20000000298023224,20033,43cd5d3407a2ec5d9396c0ba9f3595990830fe17adfb5b3d69777dc489012502,e836c0332f3c7a2dbcb18f4fb733d71574f3900de16341ba258cc549001c8da5
334,div2k/0835.png/sigma_0.200,div2k,0835.png,/Users/kyrillguba/Documents/Data Analytics MSc/Thesis/Python/First Try/data/DIV2K/DIV2K_valid_HR/0835.png,34,0.20000000298023224,20034,80084574e021b9b385517a807fa4f62735358952d97592c2b192db98626e086c,e8129ea807959129b452dbbc8a2522c68676a92258a791bc7a96c5daf96a2256
335,div2k/0836.png/sigma_0.200,div2k,0836.png,/Users/kyrillguba/Documents/Data Analytics MSc/Thesis/Python/First Try/data/DIV2K/DIV2K_valid_HR/0836.png,35,0.20000000298023224,20035,d774c40f160da761b384b399f5636cb3cfecf88e2cc5d41c78f575c3bea500af,943eb024790a46f5fcc808cd90fe24940c68f27cbf4404faac6866f5d1bdc79b
336,div2k/0837.png/sigma_0.200,div2k,0837.png,/Users/kyrillguba/Documents/Data Analytics MSc/Thesis/Python/First Try/data/DIV2K/DIV2K_valid_HR/0837.png,36,0.20000000298023224,20036,af3a3f14f10fd37d750995ae36a4d7d4e23e7343e1fc6fb8ddf8342f79d68d35,54d66b352296a3d522f33fdf30b251a11f1668f7bd94281cfec74349d504dd06
337,div2k/0838.png/sigma_0.200,div2k,0838.png,/Users/kyrillguba/Documents/Data Analytics MSc/Thesis/Python/First Try/data/DIV2K/DIV2K_valid_HR/0838.png,37,0.20000000298023224,20037,a419adae2a9bbcb7b328e0e98815224877487f12f01cec7bd572e3a61b346f36,587bae3edda2f80303be812c13c6569d43885f47ff9d26b37a0d45fc50bd26d2
338,div2k/0839.png/sigma_0.200,div2k,0839.png,/Users/kyrillguba/Documents/Data Analytics MSc/Thesis/Python/First Try/data/DIV2K/DIV2K_valid_HR/0839.png,38,0.20000000298023224,20038,9ed3b7789f4dcc0b1bfd3a6e2391350b33a63a89353a3bd50f5bde4b89d2f647,968d78d40170e0686e6ef1ea793d9732eeb173b8a85698fff727674ae132b9b1
339,div2k/0840.png/sigma_0.200,div2k,0840.png,/Users/kyrillguba/Documents/Data Analytics MSc/Thesis/Python/First Try/data/DIV2K/DIV2K_valid_HR/0840.png,39,0.20000000298023224,20039,df4e88246e2af519b1c29adccc7944ac0f8568e6a1ef7d65c39dc4fcd2a3dd5b,99a007adbf3760346ab2284f3a0f35a861cfe4c0dc807c3d1fa117e4be816d5e
340,div2k/0841.png/sigma_0.200,div2k,0841.png,/Users/kyrillguba/Documents/Data Analytics MSc/Thesis/Python/First Try/data/DIV2K/DIV2K_valid_HR/0841.png,40,0.20000000298023224,20040,b85a5c827a7d17dab432c8f79abc120715b867e00f3bcbe182f90d6c23ecff6f,21fdfd07fb50a0d9479158a17cfd820306fa779e4323e5c38ad567fb22a36e2b
341,div2k/0842.png/sigma_0.200,div2k,0842.png,/Users/kyrillguba/Documents/Data Analytics MSc/Thesis/Python/First Try/data/DIV2K/DIV2K_valid_HR/0842.png,41,0.20000000298023224,20041,e0fe2755785538efb2ac1c7a4fc4e854d8206a8f09b68ac1931f0544c3e7cc53,0cbfa03f7090e0f045959a2fbf7f0a91aded078b48203c20beb02ef545409f00
342,div2k/0843.png/sigma_0.200,div2k,0843.png,/Users/kyrillguba/Documents/Data Analytics MSc/Thesis/Python/First Try/data/DIV2K/DIV2K_valid_HR/0843.png,42,0.20000000298023224,20042,8d4db85adca20e5911d117b4bb54fdfb3f22b2a02cceb14242bb7540955f6140,d7c10404dba9aee82e150b5302fd33161f6f190788b8a1f3401e6015580df91c
343,div2k/0844.png/sigma_0.200,div2k,0844.png,/Users/kyrillguba/Documents/Data Analytics MSc/Thesis/Python/First Try/data/DIV2K/DIV2K_valid_HR/0844.png,43,0.20000000298023224,20043,15c2150d7c67049e1e35243bac1a1a68c6f0e57215592b78ed9b74e130ed1370,75bbb54a87ece3a1849fb5bbd948facf882cf686638be3b9134f12b282e56520
344,div2k/0845.png/sigma_0.200,div2k,0845.png,/Users/kyrillguba/Documents/Data Analytics MSc/Thesis/Python/First Try/data/DIV2K/DIV2K_valid_HR/0845.png,44,0.20000000298023224,20044,3afec5a048f16903b44498719256567f9874b218bd408f06ae16848d5bfd4779,5ea61d42ae77a7c31d7e9f85b06e8fd923dacc98bd191f7f7c0c157fb001cc20
345,div2k/0846.png/sigma_0.200,div2k,0846.png,/Users/kyrillguba/Documents/Data Analytics MSc/Thesis/Python/First Try/data/DIV2K/DIV2K_valid_HR/0846.png,45,0.20000000298023224,20045,bfa025022780e8b45b7d8ca41bf0c1aa0ef062e997a3e07e7b0b4766072a0c65,961fa12be8135eff308390381baf8b6e0e3dfdf1f31d38d0781dc83d58d29185
346,div2k/0847.png/sigma_0.200,div2k,0847.png,/Users/kyrillguba/Documents/Data Analytics MSc/Thesis/Python/First Try/data/DIV2K/DIV2K_valid_HR/0847.png,46,0.20000000298023224,20046,a03ac31eb9aa42c51d2ec103e996158d3f7890d32752d0e5a0bece66c7f0a096,76a86fbc7941b3a3eddd0c7986eb6019d5097aaeccabfa81d9345d2c8a965ee4
347,div2k/0848.png/sigma_0.200,div2k,0848.png,/Users/kyrillguba/Documents/Data Analytics MSc/Thesis/Python/First Try/data/DIV2K/DIV2K_valid_HR/0848.png,47,0.20000000298023224,20047,226e619ed1295a7c7b4eb9d622c6124c81ba03e21362bb8eee67e67dced25224,9d4c38d4e7cb58e280431d271057c6d194b96f1bfad38c9ce97696f8ea6a5048
348,div2k/0849.png/sigma_0.200,div2k,0849.png,/Users/kyrillguba/Documents/Data Analytics MSc/Thesis/Python/First Try/data/DIV2K/DIV2K_valid_HR/0849.png,48,0.20000000298023224,20048,2c70dd5654b23e4a9ab11865c6c70e3077823c4972ad389deddc84dd9edc36b8,99c8670cef1d5f65cb8a3ee07f90eb29424df53dbdb436b4082f844b2e3f9a61
349,div2k/0850.png/sigma_0.200,div2k,0850.png,/Users/kyrillguba/Documents/Data Analytics MSc/Thesis/Python/First Try/data/DIV2K/DIV2K_valid_HR/0850.png,49,0.20000000298023224,20049,b0e8b344c318dfae08640e56c0b52ec6df0909ea2a5c7128b8b44308511dabe7,eb29dc9639070da2e13f07ae930eb28bdf69a115f7d0c1f61e0de0c5511d51d3
350,div2k/0851.png/sigma_0.200,div2k,0851.png,/Users/kyrillguba/Documents/Data Analytics MSc/Thesis/Python/First Try/data/DIV2K/DIV2K_valid_HR/0851.png,50,0.20000000298023224,20050,6cd623610d71351bd69a4193263bc448cd15272dcfd17f66224ecc57d176c5d0,e083e050185c763e865cae2ce76a1dbeb5d749d4376a879850b5b4a1282b15ca
351,div2k/0852.png/sigma_0.200,div2k,0852.png,/Users/kyrillguba/Documents/Data Analytics MSc/Thesis/Python/First Try/data/DIV2K/DIV2K_valid_HR/0852.png,51,0.20000000298023224,20051,73b3c50a05a0fcb1a26fb8f3d88ebc57fe34409f6e6d0d125e46c18d90cca3a1,dbef7cf6c1c3c9f68c358d22f817b763ffaeaf9f323de2facd65346774f66e1b
352,div2k/0853.png/sigma_0.200,div2k,0853.png,/Users/kyrillguba/Documents/Data Analytics MSc/Thesis/Python/First Try/data/DIV2K/DIV2K_valid_HR/0853.png,52,0.20000000298023224,20052,e9eb55fc2bc1bcfd2fad63122c380357a672f2b9f14b61a7547da796324e10c2,f1f7573eeabe411fcccd1724bc76d6ed111cd22aebac64343867acd9d2d71947
353,div2k/0854.png/sigma_0.200,div2k,0854.png,/Users/kyrillguba/Documents/Data Analytics MSc/Thesis/Python/First Try/data/DIV2K/DIV2K_valid_HR/0854.png,53,0.20000000298023224,20053,dbefb08aac7a5ad65da8e59ab21cbb0e921c9ad6da4d670be4cb2a982a3e2ffe,40e3bca8f53daf0c2825c0357fbf90f88382f66edc93cefcd8c4918184aa3351
354,div2k/0855.png/sigma_0.200,div2k,0855.png,/Users/kyrillguba/Documents/Data Analytics MSc/Thesis/Python/First Try/data/DIV2K/DIV2K_valid_HR/0855.png,54,0.20000000298023224,20054,9e2b3caa326eef35864ca6323728491aaf77f5232b3a1b7435275b7a4b5bc314,75e4815e9dedf2e534b319670a157d0445f1e187a35107ab521c1df61d25d55d
355,div2k/0856.png/sigma_0.200,div2k,0856.png,/Users/kyrillguba/Documents/Data Analytics MSc/Thesis/Python/First Try/data/DIV2K/DIV2K_valid_HR/0856.png,55,0.20000000298023224,20055,66cf31de43a337537e663db0aecf5dd0004e87a0fbe2bd2cdc7ed9a8b4a93ece,9aa62b036ebea62b20e6ab6828c145c58b19e8e108f32193b6835f7b2a26bca9
356,div2k/0857.png/sigma_0.200,div2k,0857.png,/Users/kyrillguba/Documents/Data Analytics MSc/Thesis/Python/First Try/data/DIV2K/DIV2K_valid_HR/0857.png,56,0.20000000298023224,20056,ab895c24c3f27bd01daebb297e1995e3f7eaba3372e5cc7e32fb98edb3dfd93b,b1b98831a55014fea5636125d62e705b87f1fa42041221c701cae52f571bf74a
357,div2k/0858.png/sigma_0.200,div2k,0858.png,/Users/kyrillguba/Documents/Data Analytics MSc/Thesis/Python/First Try/data/DIV2K/DIV2K_valid_HR/0858.png,57,0.20000000298023224,20057,69c3c9a846793f1dd2cda90db3fba707412671412126cd1eaad1496e784f7c0e,ecfc124fe16811a34a7651f0649e3c785fde21cea7732b01ba6b00f41d5955d7
358,div2k/0859.png/sigma_0.200,div2k,0859.png,/Users/kyrillguba/Documents/Data Analytics MSc/Thesis/Python/First Try/data/DIV2K/DIV2K_valid_HR/0859.png,58,0.20000000298023224,20058,0783919bca182fbd4ec27a809e6b7e6c58e89fddb3d3ef3d1bd5c807651c9a53,152bac79735eb68447682716b90fc80c192f333fa2a84b0c1c88254819ffd5ca
359,div2k/0860.png/sigma_0.200,div2k,0860.png,/Users/kyrillguba/Documents/Data Analytics MSc/Thesis/Python/First Try/data/DIV2K/DIV2K_valid_HR/0860.png,59,0.20000000298023224,20059,6323c40a5d11f381b901e87cf8f54d9578bc32be44b9350ac5386eb44224de4a,d4f91ab6cc8f374fb4c6bac90b2c7ba29162c274abe67d719a3c51235caa6afb
360,div2k/0861.png/sigma_0.200,div2k,0861.png,/Users/kyrillguba/Documents/Data Analytics MSc/Thesis/Python/First Try/data/DIV2K/DIV2K_valid_HR/0861.png,60,0.20000000298023224,20060,c3df240f2bf2bcdcdc9060b4ba3b0dd6324594f485ce3ee2d407f0b5364d72d7,e3aa7d2ec813a35e69e1f22752b688505dacc8af4321861a2fa8f2dfe79ee127
361,div2k/0862.png/sigma_0.200,div2k,0862.png,/Users/kyrillguba/Documents/Data Analytics MSc/Thesis/Python/First Try/data/DIV2K/DIV2K_valid_HR/0862.png,61,0.20000000298023224,20061,b28039f4ed1566ad4bef028589288dfa1cf33c4b676694010eb5d0d9f228ef50,4820261adc58f9a6bea33c5479ff019705b3da7499d34b6542d9ba13b9b5f99c
362,div2k/0863.png/sigma_0.200,div2k,0863.png,/Users/kyrillguba/Documents/Data Analytics MSc/Thesis/Python/First Try/data/DIV2K/DIV2K_valid_HR/0863.png,62,0.20000000298023224,20062,69a9aeec52e386294dc8c778c0d11c7f842f0960ca488aa898c25c50220c823a,d780733bdf706552225d6106d455668cbfbe8d92034d18f631d56834b15227e7
363,div2k/0864.png/sigma_0.200,div2k,0864.png,/Users/kyrillguba/Documents/Data Analytics MSc/Thesis/Python/First Try/data/DIV2K/DIV2K_valid_HR/0864.png,63,0.20000000298023224,20063,fb786dffb18452c590dd1e18bebeea18d1c1bec24fd9d36d75ba35ad6c8a81d3,7091c6bf8715f2aa50554dd09088bda7b30f1bc28f9fc3664aa30eb204067fe8
364,div2k/0865.png/sigma_0.200,div2k,0865.png,/Users/kyrillguba/Documents/Data Analytics MSc/Thesis/Python/First Try/data/DIV2K/DIV2K_valid_HR/0865.png,64,0.20000000298023224,20064,f92af3991be3de305c0efcfbe87ac07586eb280db7c47c56bbf8452a9b10010c,90d1393c3ddd7e8ffcba157a5a01da7164b0df76e78c26361f7aecad53d92456
365,div2k/0866.png/sigma_0.200,div2k,0866.png,/Users/kyrillguba/Documents/Data Analytics MSc/Thesis/Python/First Try/data/DIV2K/DIV2K_valid_HR/0866.png,65,0.20000000298023224,20065,64fe1cb87ea16bd47a4af52b635bd686b87a3bb0bb006aa875e7090e7f4f1b09,2954fcac34dc5bd3a33b7df711f1be5ceae9d1821524cbd414e6dfb3156fc9ce
366,div2k/0867.png/sigma_0.200,div2k,0867.png,/Users/kyrillguba/Documents/Data Analytics MSc/Thesis/Python/First Try/data/DIV2K/DIV2K_valid_HR/0867.png,66,0.20000000298023224,20066,a1b0a4eea55a3cc398df9e911e7db0ecbec9938d8ca0f96d3252df65b6daed62,5964f2890f1408ba86d314e1c9c42f670a8edece377d58e3d3958934d38b8893
367,div2k/0868.png/sigma_0.200,div2k,0868.png,/Users/kyrillguba/Documents/Data Analytics MSc/Thesis/Python/First Try/data/DIV2K/DIV2K_valid_HR/0868.png,67,0.20000000298023224,20067,a5806164ffd45d6b14c4f40b199c062ca7d2855351fd99291a948b57f15212f1,465c26b1cbdfae3ecb59dd6e0d09f74792f22c393fbb749303a03ec426ebbf03
368,div2k/0869.png/sigma_0.200,div2k,0869.png,/Users/kyrillguba/Documents/Data Analytics MSc/Thesis/Python/First Try/data/DIV2K/DIV2K_valid_HR/0869.png,68,0.20000000298023224,20068,bc61ffc14754a4c0e306111ec7946ec828ebc05b363e7717d8c2f300d7750e5c,36f206402b78ad5ab0880a6b592711e7c885becdc90eef7fe621d4ab62b398ec
369,div2k/0870.png/sigma_0.200,div2k,0870.png,/Users/kyrillguba/Documents/Data Analytics MSc/Thesis/Python/First Try/data/DIV2K/DIV2K_valid_HR/0870.png,69,0.20000000298023224,20069,23fb86d88c32c580e802edb1ef9cd9aecf3ca74c79ecdde14ada63f7050ad410,219e0a4de36ff22468460598ca62afa4d15793b89619335984211ee3820ae7ef
370,div2k/0871.png/sigma_0.200,div2k,0871.png,/Users/kyrillguba/Documents/Data Analytics MSc/Thesis/Python/First Try/data/DIV2K/DIV2K_valid_HR/0871.png,70,0.20000000298023224,20070,755675f2824bd9535075c3a3649ecad82608dffc5b28d5b6777c999ce5ac8feb,a79bf595f2c35f73db39ff8464a46ed80dec925a442f059004d20a97e85a0c8e
371,div2k/0872.png/sigma_0.200,div2k,0872.png,/Users/kyrillguba/Documents/Data Analytics MSc/Thesis/Python/First Try/data/DIV2K/DIV2K_valid_HR/0872.png,71,0.20000000298023224,20071,a3051017ca8c7da3a6c7830c9bb928ecf2b81dc2add6c092a6aecfa321376f6b,88e68177068cbd31ad772278e816e19225d0663ce834533f13771150b6b57cf5
372,div2k/0873.png/sigma_0.200,div2k,0873.png,/Users/kyrillguba/Documents/Data Analytics MSc/Thesis/Python/First Try/data/DIV2K/DIV2K_valid_HR/0873.png,72,0.20000000298023224,20072,98eca5a763607b677cf4da90c4112b7bd27d325edaf99023f29c46b2af95740e,7df1704bbe1322c04c0d2b26bd0241e4897670f342768c095d593e3c06d37bf4
373,div2k/0874.png/sigma_0.200,div2k,0874.png,/Users/kyrillguba/Documents/Data Analytics MSc/Thesis/Python/First Try/data/DIV2K/DIV2K_valid_HR/0874.png,73,0.20000000298023224,20073,c1b141701b55a15db0c8d9d38d28131d0c6935abc941c0cf5a1b8e17483ce6db,35c4abcf48cf7524a711d976d8e03b77f49dc1e4c68c058a0528cabd24b2cacd
374,div2k/0875.png/sigma_0.200,div2k,0875.png,/Users/kyrillguba/Documents/Data Analytics MSc/Thesis/Python/First Try/data/DIV2K/DIV2K_valid_HR/0875.png,74,0.20000000298023224,20074,9efdc0057bb6e53db148019bb4a13192254fce5f31a016a4924e85fc6ee62a16,9877db0a1376db91dbf497f2477bde886751f7dea26f5ac13b9032971be347e6
375,div2k/0876.png/sigma_0.200,div2k,0876.png,/Users/kyrillguba/Documents/Data Analytics MSc/Thesis/Python/First Try/data/DIV2K/DIV2K_valid_HR/0876.png,75,0.20000000298023224,20075,84df379a2b4a7b995296e31b3954bfb9a7731d5e2d0b8650405a416a53e11125,65c02e218168eb9c271e94d5d0dd57a6b0be70fe214cd357fb1ff42a1844853f
376,div2k/0877.png/sigma_0.200,div2k,0877.png,/Users/kyrillguba/Documents/Data Analytics MSc/Thesis/Python/First Try/data/DIV2K/DIV2K_valid_HR/0877.png,76,0.20000000298023224,20076,a7be10c02736c3557926612d053466a395f1f8df83ddeeff7027d05bb769b33a,ea9825c0949f3cd8c6b4d480e6112272c42e2be6f4ac56184829b0b07e52fd9c
377,div2k/0878.png/sigma_0.200,div2k,0878.png,/Users/kyrillguba/Documents/Data Analytics MSc/Thesis/Python/First Try/data/DIV2K/DIV2K_valid_HR/0878.png,77,0.20000000298023224,20077,f1e61ee7f615bf40fc0cc24a3750fc6413019d89281f32d061c3bfb42fdf3082,dca2e358e577b53bd2c62533026388c36d3b10131e48cdffac6527851e5667cd
378,div2k/0879.png/sigma_0.200,div2k,0879.png,/Users/kyrillguba/Documents/Data Analytics MSc/Thesis/Python/First Try/data/DIV2K/DIV2K_valid_HR/0879.png,78,0.20000000298023224,20078,f7a72db70e5d13cc9ce0514ee1b317f98a5b43e5671f68071037416761ac50bb,78780c6a8abb79c1f6560c35bebe1eac0ff11d296dd876d2b0fedc6451025a5d
379,div2k/0880.png/sigma_0.200,div2k,0880.png,/Users/kyrillguba/Documents/Data Analytics MSc/Thesis/Python/First Try/data/DIV2K/DIV2K_valid_HR/0880.png,79,0.20000000298023224,20079,2464ffab9474f65f91c41e6231fc7c3907d471b36d493192c28dd9a9c9ac3c4c,e603ea3706046d50c09932ba798b1ee339b5ce8ffc1b0ac2e4a0b80507cfaeab
380,div2k/0881.png/sigma_0.200,div2k,0881.png,/Users/kyrillguba/Documents/Data Analytics MSc/Thesis/Python/First Try/data/DIV2K/DIV2K_valid_HR/0881.png,80,0.20000000298023224,20080,b4be0560c87adf38d8561ec3fb5a8e3e0e5d0b43501194ff1ff77f1511e89119,7166e21de0ec4a3a0a60c18bb3c6bdbdaedb3781df9daf2f32001a600eb4d00e
381,div2k/0882.png/sigma_0.200,div2k,0882.png,/Users/kyrillguba/Documents/Data Analytics MSc/Thesis/Python/First Try/data/DIV2K/DIV2K_valid_HR/0882.png,81,0.20000000298023224,20081,aac379d4eb1f7ffb4575e0fcca3a6836e85643267b9f537632bdfd3422ae2a6d,4a8a91d1eb131143047ce2053b13f35b5261dfa487572d9505294a2307ca301a
382,div2k/0883.png/sigma_0.200,div2k,0883.png,/Users/kyrillguba/Documents/Data Analytics MSc/Thesis/Python/First Try/data/DIV2K/DIV2K_valid_HR/0883.png,82,0.20000000298023224,20082,dc84aa16cb279e020e6bb4a512b74aeb161e2c3b612b40cfe834b4ea44c4dbd4,f968f97cdcb300ed5453d17866c644abc15ea8e64b3eaa6d9476a7d3fb39e361
383,div2k/0884.png/sigma_0.200,div2k,0884.png,/Users/kyrillguba/Documents/Data Analytics MSc/Thesis/Python/First Try/data/DIV2K/DIV2K_valid_HR/0884.png,83,0.20000000298023224,20083,c3e792b1483d91371c9eeedd1d20a4f45de1d748d7f261794ce740fbc3ea3016,b3e68d1de2a920804b91791c0d677aa24728939fd14d310e26800d225ab4be9b
384,div2k/0885.png/sigma_0.200,div2k,0885.png,/Users/kyrillguba/Documents/Data Analytics MSc/Thesis/Python/First Try/data/DIV2K/DIV2K_valid_HR/0885.png,84,0.20000000298023224,20084,d1b12f5bdff73a004166bc26bfd68ed924612ba4dfeb5ee46ef886fec9606402,31f004729c830620ca1ba9f6fe596a4b6f250d8744af4ac80a64d06220e699a7
385,div2k/0886.png/sigma_0.200,div2k,0886.png,/Users/kyrillguba/Documents/Data Analytics MSc/Thesis/Python/First Try/data/DIV2K/DIV2K_valid_HR/0886.png,85,0.20000000298023224,20085,8269830c494c50f2ca58c9fe1491092884eabccc73e5d87438dd2282f32843ab,5090a794b23aed4ff2a947070aca2f5086a41b055a575c092c8c2d29c1fbb480
386,div2k/0887.png/sigma_0.200,div2k,0887.png,/Users/kyrillguba/Documents/Data Analytics MSc/Thesis/Python/First Try/data/DIV2K/DIV2K_valid_HR/0887.png,86,0.20000000298023224,20086,9674e5076ec8c005bce7e3450e6bf09deb82df9952eaff58c7717b3a16e90f3e,cb6dc7d80b36eebb807ed61bfaab5fe993781416d78a74541f85ebfd66f013a2
387,div2k/0888.png/sigma_0.200,div2k,0888.png,/Users/kyrillguba/Documents/Data Analytics MSc/Thesis/Python/First Try/data/DIV2K/DIV2K_valid_HR/0888.png,87,0.20000000298023224,20087,0b12dfb6e7a24bf393f0f61b8c12a04a0e14c82f6eb77cce3a6d2ed989cadb40,989434f28b0788a40100a8ddf47b22f95f46695a227160402fe452a33a1ef18a
388,div2k/0889.png/sigma_0.200,div2k,0889.png,/Users/kyrillguba/Documents/Data Analytics MSc/Thesis/Python/First Try/data/DIV2K/DIV2K_valid_HR/0889.png,88,0.20000000298023224,20088,65b588cd7d91eb7ab3ad2ee297b48e2bcd71468e6f3fd4cedd22296161fcf0b3,be54b7f435b3b199ad7e6c9cc6b6a0fecaadffa375c554b9a64cff2706771179
389,div2k/0890.png/sigma_0.200,div2k,0890.png,/Users/kyrillguba/Documents/Data Analytics MSc/Thesis/Python/First Try/data/DIV2K/DIV2K_valid_HR/0890.png,89,0.20000000298023224,20089,641726511e5ab55ecb5dccce15a53a64473d43e0a2be22d51e522b22644d2891,fd5743f5954bbc815efe4ebf196325a88b1e7dd8a4b25e5e387781090eb033d4
390,div2k/0891.png/sigma_0.200,div2k,0891.png,/Users/kyrillguba/Documents/Data Analytics MSc/Thesis/Python/First Try/data/DIV2K/DIV2K_valid_HR/0891.png,90,0.20000000298023224,20090,df25cc2cba32c4a350c4749f690c8d6acb73d96d359ca40b6fee4071dbf564d0,3da8a8b352a17c343a23cea35666e8373cf8d98256eb66e4d032cd01077be443
391,div2k/0892.png/sigma_0.200,div2k,0892.png,/Users/kyrillguba/Documents/Data Analytics MSc/Thesis/Python/First Try/data/DIV2K/DIV2K_valid_HR/0892.png,91,0.20000000298023224,20091,cf51693d41de71e034484154f59145fbffeb5a48fb250085472f21ef15bc44ee,c9de2d7ce3d4c96763d50b0da313f0a35a996901edf7b82e802884bc9754c897
392,div2k/0893.png/sigma_0.200,div2k,0893.png,/Users/kyrillguba/Documents/Data Analytics MSc/Thesis/Python/First Try/data/DIV2K/DIV2K_valid_HR/0893.png,92,0.20000000298023224,20092,e38a2d9fc2bb1bfe2d7f4ac7ac04be6e3b640472049753a9ec509cb5b184dfae,1aeb39a7c057f8c0c11548e1a0a3c52df0a20992fc3d2fb9a355dfdb4d0cfe85
393,div2k/0894.png/sigma_0.200,div2k,0894.png,/Users/kyrillguba/Documents/Data Analytics MSc/Thesis/Python/First Try/data/DIV2K/DIV2K_valid_HR/0894.png,93,0.20000000298023224,20093,f7c053db8ff81bb3c056ed342eb0bfb9ba890e8adb30617f79d560f11e941c73,588cfbc0eeddb212fa887a3b3b5ba21fdf249c31a0afb25accd33ccf2bc539ce
394,div2k/0895.png/sigma_0.200,div2k,0895.png,/Users/kyrillguba/Documents/Data Analytics MSc/Thesis/Python/First Try/data/DIV2K/DIV2K_valid_HR/0895.png,94,0.20000000298023224,20094,abdbc9e5dd323d44902bb35948460b514a4fe27d53aa9bc4f2072e0a425a5902,ead625aa75c30e3d4b40f35d04e20fa2647ef475e67985bae05522942553d84b
395,div2k/0896.png/sigma_0.200,div2k,0896.png,/Users/kyrillguba/Documents/Data Analytics MSc/Thesis/Python/First Try/data/DIV2K/DIV2K_valid_HR/0896.png,95,0.20000000298023224,20095,857388cd8fc429b194bc7374762cee70b099ddf090a6495b03d92edc4c8c7b8d,9b629a54edfc26f48b21efba1d63d626798c57e0f95abf896ac44ae88e20ffe2
396,div2k/0897.png/sigma_0.200,div2k,0897.png,/Users/kyrillguba/Documents/Data Analytics MSc/Thesis/Python/First Try/data/DIV2K/DIV2K_valid_HR/0897.png,96,0.20000000298023224,20096,a75baf8d323b01687486bd536ce524304bab0a20ffcaf0d6d19c9abe9c8bef57,749e175ee734d35a8d9a556aaaed8c0fe69b7b2d6326aa99454b7e75db9cd220
397,div2k/0898.png/sigma_0.200,div2k,0898.png,/Users/kyrillguba/Documents/Data Analytics MSc/Thesis/Python/First Try/data/DIV2K/DIV2K_valid_HR/0898.png,97,0.20000000298023224,20097,0f9b0c2f1793b1dd0ac81be97181b9e904a39fcf108cd39194842f26678085f7,32ff9e5e74cfb1b5ed2be6075c4c5b4dcefea89df61a3c0ec15b091d9e701f3e
398,div2k/0899.png/sigma_0.200,div2k,0899.png,/Users/kyrillguba/Documents/Data Analytics MSc/Thesis/Python/First Try/data/DIV2K/DIV2K_valid_HR/0899.png,98,0.20000000298023224,20098,bea5ead4e165747f9c0e6d434cc536abdd4760b1a8da09c78f705024684bff65,df36f4c23d3ac270a772e4754c97257661ffdcd353a277fd025a945e06c8e707
399,div2k/0900.png/sigma_0.200,div2k,0900.png,/Users/kyrillguba/Documents/Data Analytics MSc/Thesis/Python/First Try/data/DIV2K/DIV2K_valid_HR/0900.png,99,0.20000000298023224,20099,72e06d86758e25d0f39e87b43b4ed00325b96cc08c65fc1809df35beee23e59c,6596346c0ac3601c2d477f0860e483184b47e376159b28c27fa46ac692f4f34b
0,geometry/square_gradient.png/sigma_0.050,geometry,square_gradient.png,synthetic://square_gradient,0,0.05000000074505806,120000,69d638ce9b8ea492be887d3cca9e04628775de3ace35db2af3b2a354abce36b9,381b98e00bdf325786b1f79a03300427cfc8e587f6149e40fda93880781b996a
1,geometry/step_edge.png/sigma_0.050,geometry,step_edge.png,synthetic://step_edge,1,0.05000000074505806,120001,46a0cfb6b125b4908cb2a16970e2041b41c21563e053b7790f33acb54949ff36,d77f90b4a6b9090ea0d8321449c706c5ac5a02cbbd48fd8f34bddcc4c639301e
2,geometry/disk.png/sigma_0.050,geometry,disk.png,synthetic://disk,2,0.05000000074505806,120002,7857258e5183d682d876f68736683f6df789e0b9689292b104d2856a4b91b6a2,ef72398c75f633bf77d9a5e391e7829448a1bfb4fc1838d7d92e1ba20979ffaa
3,geometry/triangle.png/sigma_0.050,geometry,triangle.png,synthetic://triangle,3,0.05000000074505806,120003,049531080ddc88147f5d85141fa42f562e23ea28cb9cec98167ea9aee093e1b5,4f39de21ac476e75cd2db88bd8233c2fc6dbc683ec3005ced5809bc873c5edc5
4,geometry/nested_rectangles.png/sigma_0.050,geometry,nested_rectangles.png,synthetic://nested_rectangles,4,0.05000000074505806,120004,13e7d9eb3793d137ce5fc6e419e2980ccaa68520dcbf0649f7388a0716d7318a,c4443e66cb39eff77c9a57450116e0a489029ed3eceacfd3fe04d58634eae44b
5,geometry/square_gradient.png/sigma_0.100,geometry,square_gradient.png,synthetic://square_gradient,0,0.10000000149011612,120000,69d638ce9b8ea492be887d3cca9e04628775de3ace35db2af3b2a354abce36b9,9f3b3a4a4f4cf655fc8ed1e09d76f9a667adf4ea5498eb48f2ef924ca6aa5155
6,geometry/step_edge.png/sigma_0.100,geometry,step_edge.png,synthetic://step_edge,1,0.10000000149011612,120001,46a0cfb6b125b4908cb2a16970e2041b41c21563e053b7790f33acb54949ff36,d0aef4c0460fd06e1bb6e313e8b8f5de94f72301b64af00ff7bb6763c0440678
7,geometry/disk.png/sigma_0.100,geometry,disk.png,synthetic://disk,2,0.10000000149011612,120002,7857258e5183d682d876f68736683f6df789e0b9689292b104d2856a4b91b6a2,7b7ed0f631c1d323c2081212843b2826a439529f438efff117b8de247ad56d42
8,geometry/triangle.png/sigma_0.100,geometry,triangle.png,synthetic://triangle,3,0.10000000149011612,120003,049531080ddc88147f5d85141fa42f562e23ea28cb9cec98167ea9aee093e1b5,54fe3cc0fdd5a963a314993d1e51ba8c601da833471b47687b7d46d3fa7c98e7
9,geometry/nested_rectangles.png/sigma_0.100,geometry,nested_rectangles.png,synthetic://nested_rectangles,4,0.10000000149011612,120004,13e7d9eb3793d137ce5fc6e419e2980ccaa68520dcbf0649f7388a0716d7318a,63c46101e9cb6c7a22eb3666525ac6d60cacf949d7844593bd48ffffda510631
10,geometry/square_gradient.png/sigma_0.150,geometry,square_gradient.png,synthetic://square_gradient,0,0.15000000596046448,120000,69d638ce9b8ea492be887d3cca9e04628775de3ace35db2af3b2a354abce36b9,31649acb9ccd1b270549ad2f0bf0cde096c2a0c68d047e1df9c9016482e68dd7
11,geometry/step_edge.png/sigma_0.150,geometry,step_edge.png,synthetic://step_edge,1,0.15000000596046448,120001,46a0cfb6b125b4908cb2a16970e2041b41c21563e053b7790f33acb54949ff36,e1f5fc79ee11e8dd490daa7cc75825b0db7f1914235dee41718bd32ed3f688db
12,geometry/disk.png/sigma_0.150,geometry,disk.png,synthetic://disk,2,0.15000000596046448,120002,7857258e5183d682d876f68736683f6df789e0b9689292b104d2856a4b91b6a2,47fffa27443301825a14fd63a941e06c1bcbbe986a4ab7bbf4d7b91fffc28f42
13,geometry/triangle.png/sigma_0.150,geometry,triangle.png,synthetic://triangle,3,0.15000000596046448,120003,049531080ddc88147f5d85141fa42f562e23ea28cb9cec98167ea9aee093e1b5,7be1efc673471b6b66f81e23031bc7cbdd4963507dbf8c10370aa4309e8c227a
14,geometry/nested_rectangles.png/sigma_0.150,geometry,nested_rectangles.png,synthetic://nested_rectangles,4,0.15000000596046448,120004,13e7d9eb3793d137ce5fc6e419e2980ccaa68520dcbf0649f7388a0716d7318a,fe8c01635e7d659b7dd135a85da5df81aec8409768c9644930c5b337072bc087
15,geometry/square_gradient.png/sigma_0.200,geometry,square_gradient.png,synthetic://square_gradient,0,0.20000000298023224,120000,69d638ce9b8ea492be887d3cca9e04628775de3ace35db2af3b2a354abce36b9,329df26359bf779167ff14a2dec36b89a44c5a1449c11c0323a6aa51a375279e
16,geometry/step_edge.png/sigma_0.200,geometry,step_edge.png,synthetic://step_edge,1,0.20000000298023224,120001,46a0cfb6b125b4908cb2a16970e2041b41c21563e053b7790f33acb54949ff36,c94cf39f857f2f46b7bdaff4587302ab90239752e9e38b7f84df736fdda2d5e0
17,geometry/disk.png/sigma_0.200,geometry,disk.png,synthetic://disk,2,0.20000000298023224,120002,7857258e5183d682d876f68736683f6df789e0b9689292b104d2856a4b91b6a2,38dc9ed108b589e0540c4e888aa04be5a5fd5f3fd6b5ae7b8bab0602def23739
18,geometry/triangle.png/sigma_0.200,geometry,triangle.png,synthetic://triangle,3,0.20000000298023224,120003,049531080ddc88147f5d85141fa42f562e23ea28cb9cec98167ea9aee093e1b5,0acec794972311f6454e696cae572737706efa7bd1ac6f91794029caa85bcda3
19,geometry/nested_rectangles.png/sigma_0.200,geometry,nested_rectangles.png,synthetic://nested_rectangles,4,0.20000000298023224,120004,13e7d9eb3793d137ce5fc6e419e2980ccaa68520dcbf0649f7388a0716d7318a,8e637de2ea898bbce96d192755b1499cd1bc08c9e6b7c764cf6b1265f3e10095
