sample_id,dataset,image_name,sigma,solver_outer_iterations,solver_last_inner_iterations,solver_total_inner_iterations,solver_outer_relative_residual,deal_lambda,attention_mean_mean,attention_mean_std,attention_mean_min,attention_mean_max,attention_mean_p01,attention_mean_median,attention_mean_p99,effective_weight_mean,effective_weight_std,effective_weight_min,effective_weight_max,effective_weight_p01,effective_weight_median,effective_weight_p99
div2k/0801.png/sigma_0.050,div2k,0801.png,0.05000000074505806,27,1,238,0.0,17.871837615966797,0.19552965462207794,0.1056109145283699,0.025402545928955078,0.7740069627761841,0.06487669050693512,0.1739385426044464,0.6824442148208618,2.6752023696899414,1.8022300004959106,0.10572868585586548,12.95264720916748,0.5981817841529846,2.288158416748047,11.267560958862305
div2k/0802.png/sigma_0.050,div2k,0802.png,0.05000000074505806,20,1,177,0.0,17.871837615966797,0.2800270915031433,0.0946982130408287,0.027838677167892456,0.765866756439209,0.08394695073366165,0.2787013053894043,0.5305129289627075,4.205490589141846,1.6225224733352661,0.18216407299041748,12.969141960144043,0.9123090505599976,4.180243015289307,8.518820762634277
div2k/0803.png/sigma_0.050,div2k,0803.png,0.05000000074505806,21,1,186,0.0,17.871837615966797,0.38969096541404724,0.18130189180374146,0.01412737462669611,0.8180913925170898,0.06911575049161911,0.4106527864933014,0.7107416391372681,6.10157585144043,3.1702446937561035,0.034967418760061264,13.921158790588379,0.6905120015144348,6.400211334228516,11.741021156311035
div2k/0804.png/sigma_0.050,div2k,0804.png,0.05000000074505806,39,1,292,0.0,17.871837615966797,0.21930211782455444,0.15389478206634521,0.018532298505306244,0.9496516585350037,0.05228342115879059,0.17685404419898987,0.8405184745788574,3.101222038269043,2.647606611251831,0.04264466091990471,16.6256103515625,0.41628164052963257,2.363943338394165,14.023624420166016
div2k/0805.png/sigma_0.050,div2k,0805.png,0.05000000074505806,44,1,304,0.0,17.871837615966797,0.28214436769485474,0.11349385231733322,0.02690162882208824,0.887296199798584,0.06807714700698853,0.2748008966445923,0.6022177338600159,4.160270690917969,1.9424262046813965,0.10355556756258011,15.10745906829834,0.6724082827568054,4.03425407409668,9.791059494018555
div2k/0806.png/sigma_0.050,div2k,0806.png,0.05000000074505806,29,1,241,0.0,17.871837615966797,0.39784935116767883,0.20286931097507477,0.020587265491485596,0.9445210695266724,0.0579056516289711,0.3842938244342804,0.8381513953208923,6.200103759765625,3.5320913791656494,0.04524883255362511,16.442737579345703,0.5092531442642212,5.900191783905029,13.891042709350586
div2k/0807.png/sigma_0.050,div2k,0807.png,0.05000000074505806,31,1,263,0.0,17.871837615966797,0.24721720814704895,0.18075479567050934,0.014456132426857948,0.8904051780700684,0.052658140659332275,0.17974203824996948,0.801270604133606,3.534858226776123,3.106722354888916,0.012777907773852348,15.144172668457031,0.4100363552570343,2.343322992324829,13.159711837768555
div2k/0808.png/sigma_0.050,div2k,0808.png,0.05000000074505806,28,1,236,0.0,17.871837615966797,0.5139203071594238,0.30877435207366943,0.011752570047974586,0.9745465517044067,0.04439295828342438,0.619371771812439,0.9277142882347107,8.278471946716309,5.444685459136963,0.008800721727311611,17.16649055480957,0.326406329870224,9.943878173828125,16.02655601501465
div2k/0809.png/sigma_0.050,div2k,0809.png,0.05000000074505806,42,1,302,0.0,17.871837615966797,0.2784026563167572,0.09874071925878525,0.01979958638548851,0.7238790988922119,0.08749450743198395,0.26614534854888916,0.547874391078949,4.048000812530518,1.6656668186187744,0.04418712109327316,11.846126556396484,0.896753191947937,3.849048614501953,8.684874534606934
div2k/0810.png/sigma_0.050,div2k,0810.png,0.05000000074505806,36,1,286,0.0,17.871837615966797,0.351711243391037,0.19305241107940674,0.03706742823123932,0.8448325991630554,0.08595969527959824,0.2778933048248291,0.7053954005241394,5.373995780944824,3.409968614578247,0.19529642164707184,13.954513549804688,0.8934841752052307,4.011444091796875,11.672904014587402
div2k/0811.png/sigma_0.050,div2k,0811.png,0.05000000074505806,39,1,291,0.0,17.871837615966797,0.2826022803783417,0.15576031804084778,0.02653573825955391,0.9484395384788513,0.08090990781784058,0.2407350242137909,0.9110994935035706,4.11371374130249,2.683943271636963,0.09598536789417267,16.559326171875,0.8235523700714111,3.385394334793091,15.530614852905273
div2k/0812.png/sigma_0.050,div2k,0812.png,0.05000000074505806,27,1,240,0.0,17.871837615966797,0.3417813181877136,0.25027042627334595,0.012654153630137444,0.9587349891662598,0.04626810550689697,0.23727145791053772,0.9249807000160217,5.256053924560547,4.384493350982666,0.010384870693087578,16.822437286376953,0.3613969385623932,3.387881278991699,15.956308364868164
div2k/0813.png/sigma_0.050,div2k,0813.png,0.05000000074505806,26,1,227,0.0,17.871837615966797,0.3336440920829773,0.24054744839668274,0.011699730530381203,0.9503569006919861,0.04802514240145683,0.2505912184715271,0.9120129942893982,5.093014717102051,4.174471855163574,0.005164582282304764,16.634973526000977,0.3697015345096588,3.590944766998291,15.650551795959473
div2k/0814.png/sigma_0.050,div2k,0814.png,0.05000000074505806,32,1,247,0.0,17.871837615966797,0.6190917491912842,0.3456445336341858,0.018127869814634323,0.9618151187896729,0.05782607942819595,0.8154141902923584,0.9494108557701111,10.310955047607422,6.257370471954346,0.03677021712064743,16.884464263916016,0.49371421337127686,13.611848831176758,16.576974868774414
div2k/0815.png/sigma_0.050,div2k,0815.png,0.05000000074505806,31,1,243,0.0,17.871837615966797,0.28159260749816895,0.11725901067256927,0.022925132885575294,0.7480611205101013,0.06525631248950958,0.2734966278076172,0.6005652546882629,4.191266059875488,2.0167236328125,0.09277485311031342,12.327744483947754,0.6077632904052734,4.034554481506348,9.806944847106934
div2k/0816.png/sigma_0.050,div2k,0816.png,0.05000000074505806,31,1,255,0.0,17.871837615966797,0.36848270893096924,0.2244451940059662,0.015110197477042675,0.9509474039077759,0.0817268043756485,0.28116118907928467,0.9208151698112488,5.657483100891113,3.946561336517334,0.022603007033467293,16.663623809814453,0.8468641638755798,4.064214706420898,15.83390998840332
div2k/0817.png/sigma_0.050,div2k,0817.png,0.05000000074505806,27,1,238,0.0,17.871837615966797,0.33092746138572693,0.25396886467933655,0.01949889212846756,0.962418258190155,0.06751635670661926,0.2268008589744568,0.9396195411682129,5.056221008300781,4.521137237548828,0.047392673790454865,16.932172775268555,0.6406977772712708,3.1721019744873047,16.330873489379883
div2k/0818.png/sigma_0.050,div2k,0818.png,0.05000000074505806,36,1,270,0.0,17.871837615966797,0.3542443513870239,0.27204635739326477,0.013363576494157314,0.9456242322921753,0.046255532652139664,0.21630196273326874,0.8715173602104187,5.493780136108398,4.725405693054199,0.011242629960179329,16.485183715820312,0.3440651297569275,3.015779495239258,14.668688774108887
div2k/0819.png/sigma_0.050,div2k,0819.png,0.05000000074505806,32,1,270,0.0,17.871837615966797,0.2339647114276886,0.13647283613681793,0.019275326281785965,0.9464038610458374,0.06505049020051956,0.19973637163639069,0.8038238883018494,3.304323673248291,2.338353157043457,0.04643239453434944,16.50753402709961,0.5858204960823059,2.690541982650757,13.15158748626709
div2k/0820.png/sigma_0.050,div2k,0820.png,0.05000000074505806,45,1,312,0.0,17.871837615966797,0.16034084558486938,0.10411996394395828,0.012552140280604362,0.7855883836746216,0.029451102018356323,0.13627560436725616,0.5823675394058228,2.1078836917877197,1.6940487623214722,0.008457747288048267,13.156792640686035,0.1459350287914276,1.6966116428375244,9.227124214172363
div2k/0821.png/sigma_0.050,div2k,0821.png,0.05000000074505806,23,1,191,0.0,17.871837615966797,0.10073547065258026,0.07823488116264343,0.011859307065606117,0.7967255711555481,0.02291797287762165,0.08225029706954956,0.512618899345398,1.2178643941879272,1.2623841762542725,0.006461150012910366,12.995372772216797,0.0804305449128151,0.8996611833572388,7.785002708435059
div2k/0822.png/sigma_0.050,div2k,0822.png,0.05000000074505806,29,1,239,0.0,17.871837615966797,0.174491286277771,0.06906348466873169,0.019246812909841537,0.9105980396270752,0.06458167731761932,0.1629934310913086,0.4163671135902405,2.305779457092285,1.1373871564865112,0.048607006669044495,15.599453926086426,0.5821436643600464,2.0938029289245605,6.361202716827393
div2k/0823.png/sigma_0.050,div2k,0823.png,0.05000000074505806,25,1,226,0.0,17.871837615966797,0.4355306029319763,0.34641706943511963,0.0167239923030138,0.9596603512763977,0.05375249683856964,0.2397044599056244,0.94183748960495,6.9801740646362305,6.155886650085449,0.03014935553073883,16.884933471679688,0.4223680794239044,3.4079556465148926,16.38090705871582
div2k/0824.png/sigma_0.050,div2k,0824.png,0.05000000074505806,32,1,249,0.0,17.871837615966797,0.34169089794158936,0.23168021440505981,0.017126411199569702,0.928143322467804,0.04309798404574394,0.2741934061050415,0.8471238613128662,5.237208843231201,3.9530248641967773,0.02864851988852024,16.06427574157715,0.2996998429298401,4.0356950759887695,14.142884254455566
div2k/0825.png/sigma_0.050,div2k,0825.png,0.05000000074505806,49,1,347,0.0,17.871837615966797,0.20090824365615845,0.1238740012049675,0.016691874712705612,0.8148947954177856,0.044229064136743546,0.17030613124370575,0.657961368560791,2.778999090194702,2.0441203117370605,0.028193751350045204,13.75975513458252,0.3073723316192627,2.2810745239257812,10.621231079101562
div2k/0826.png/sigma_0.050,div2k,0826.png,0.05000000074505806,32,1,263,0.0,17.871837615966797,0.3753002882003784,0.2747285068035126,0.011556722223758698,0.9618353843688965,0.038156237453222275,0.25961974263191223,0.9292134642601013,5.828277111053467,4.830611705780029,0.004257332533597946,16.878398895263672,0.2523103952407837,3.7359910011291504,16.047134399414062
div2k/0827.png/sigma_0.050,div2k,0827.png,0.05000000074505806,41,1,282,0.0,17.871837615966797,0.5253481864929199,0.22216954827308655,0.011756259948015213,0.9883764982223511,0.0689096748828888,0.5568001866340637,0.9313520789146423,8.388711929321289,3.940462350845337,0.004794302396476269,17.516984939575195,0.6682797074317932,8.859780311584473,16.110612869262695
div2k/0828.png/sigma_0.050,div2k,0828.png,0.05000000074505806,28,1,205,0.0,17.871837615966797,0.2526951730251312,0.23777173459529877,0.011231520213186741,0.9559162259101868,0.04500193148851395,0.165785014629364,0.9441640973091125,3.820277452468872,4.225335121154785,0.003923873417079449,16.742084503173828,0.32911059260368347,2.287491798400879,16.46607780456543
div2k/0829.png/sigma_0.050,div2k,0829.png,0.05000000074505806,36,1,271,0.0,17.871837615966797,0.38843414187431335,0.22701334953308105,0.011287210509181023,0.9617292881011963,0.04337236285209656,0.34951284527778625,0.9250166416168213,6.028018951416016,3.9569311141967773,0.00538999168202281,16.859516143798828,0.318320631980896,5.221839904785156,15.931151390075684
div2k/0830.png/sigma_0.050,div2k,0830.png,0.05000000074505806,63,1,376,0.0,17.871837615966797,0.3942521810531616,0.2461569756269455,0.02115299180150032,0.9442653656005859,0.0656704232096672,0.31330180168151855,0.8527987599372864,6.075263977050781,4.2965312004089355,0.062280941754579544,16.44574737548828,0.5865057110786438,4.518119812011719,14.21399211883545
div2k/0831.png/sigma_0.050,div2k,0831.png,0.05000000074505806,30,1,254,0.0,17.871837615966797,0.23213094472885132,0.13595309853553772,0.012492218054831028,0.947149932384491,0.04121262580156326,0.20005065202713013,0.6629968285560608,3.31174635887146,2.293198823928833,0.008599239401519299,16.556716918945312,0.27706989645957947,2.7431349754333496,10.836503028869629
div2k/0832.png/sigma_0.050,div2k,0832.png,0.05000000074505806,35,1,266,0.0,17.871837615966797,0.24874567985534668,0.18935607373714447,0.013814873993396759,0.9526429176330566,0.03885993734002113,0.18945229053497314,0.8762277364730835,3.6176300048828125,3.2396278381347656,0.012423601001501083,16.58242416381836,0.2642984688282013,2.5768680572509766,14.760896682739258
div2k/0833.png/sigma_0.050,div2k,0833.png,0.05000000074505806,24,1,204,0.0,17.871837615966797,0.4983051121234894,0.30940425395965576,0.020334873348474503,0.961510181427002,0.061432670801877975,0.4359399676322937,0.940842866897583,8.068526268005371,5.5071210861206055,0.04479994252324104,16.875200271606445,0.5501558184623718,6.673975944519043,16.35992431640625
div2k/0834.png/sigma_0.050,div2k,0834.png,0.05000000074505806,37,1,282,0.0,17.871837615966797,0.3919975757598877,0.2809680700302124,0.012857569381594658,0.9568151235580444,0.05381684750318527,0.26898056268692017,0.9423543214797974,6.159771919250488,4.9850873947143555,0.013288144022226334,16.78032684326172,0.4438658654689789,3.894427537918091,16.42497444152832
div2k/0835.png/sigma_0.050,div2k,0835.png,0.05000000074505806,42,1,308,0.0,17.871837615966797,0.24259714782238007,0.12186850607395172,0.029759272933006287,0.8068912029266357,0.07212953269481659,0.2090393602848053,0.6036801934242249,3.4209890365600586,2.0337109565734863,0.12392522394657135,13.425067901611328,0.6928837895393372,2.8452115058898926,9.624370574951172
div2k/0836.png/sigma_0.050,div2k,0836.png,0.05000000074505806,34,1,262,0.0,17.871837615966797,0.3201256990432739,0.2789236009120941,0.012027793563902378,0.9587000608444214,0.04341251775622368,0.20373789966106415,0.9449034929275513,4.9356608390808105,4.9854416847229,0.010112591087818146,16.79753303527832,0.289012610912323,2.824568033218384,16.473501205444336
div2k/0837.png/sigma_0.050,div2k,0837.png,0.05000000074505806,34,1,262,0.0,17.871837615966797,0.17558255791664124,0.10563760250806808,0.014214210212230682,0.8727937936782837,0.04468327388167381,0.14835987985134125,0.5944504737854004,2.3625271320343018,1.7548731565475464,0.018988624215126038,14.690934181213379,0.3244836628437042,1.8906033039093018,9.493905067443848
div2k/0838.png/sigma_0.050,div2k,0838.png,0.05000000074505806,31,1,220,0.0,17.871837615966797,0.4851626753807068,0.2022257298231125,0.026040563359856606,0.9589657783508301,0.11623183637857437,0.4474017918109894,0.9405942559242249,7.788394927978516,3.6248531341552734,0.09510698914527893,16.838388442993164,1.4422011375427246,7.049569129943848,16.356918334960938
div2k/0839.png/sigma_0.050,div2k,0839.png,0.05000000074505806,43,1,315,0.0,17.871837615966797,0.47163495421409607,0.3355805277824402,0.019149405881762505,0.9706577658653259,0.08390259742736816,0.2761981189250946,0.9471692442893982,7.681460857391357,6.163137435913086,0.040263641625642776,17.04704475402832,0.9095838665962219,3.9912068843841553,16.54852867126465
div2k/0840.png/sigma_0.050,div2k,0840.png,0.05000000074505806,33,1,271,0.0,17.871837615966797,0.19632285833358765,0.06969434022903442,0.022834718227386475,0.8415992259979248,0.06936090439558029,0.1882130205631256,0.402697890996933,2.6699156761169434,1.1600593328475952,0.06834491342306137,14.313881874084473,0.650161862373352,2.5252256393432617,6.132452964782715
div2k/0841.png/sigma_0.050,div2k,0841.png,0.05000000074505806,36,1,283,0.0,17.871837615966797,0.35767945647239685,0.2366495579481125,0.02363298088312149,0.9545748233795166,0.05470540374517441,0.28908833861351013,0.930576503276825,5.4820146560668945,4.132118225097656,0.0708460733294487,16.735702514648438,0.4568282663822174,4.192539215087891,16.093852996826172
div2k/0842.png/sigma_0.050,div2k,0842.png,0.05000000074505806,32,1,252,0.0,17.871837615966797,0.36266887187957764,0.2048400640487671,0.011363615281879902,0.925093948841095,0.06152988225221634,0.31716683506965637,0.7968130111694336,5.592857360839844,3.5697600841522217,0.0033917645923793316,15.962565422058105,0.5462939143180847,4.728023529052734,13.192363739013672
div2k/0843.png/sigma_0.050,div2k,0843.png,0.05000000074505806,16,1,145,0.0,17.871837615966797,0.7768909931182861,0.28480881452560425,0.02046937309205532,0.9803375005722046,0.07936424016952515,0.9349234700202942,0.9527285695075989,13.294639587402344,5.207793712615967,0.054633766412734985,17.292898178100586,0.8523440957069397,16.20712661743164,16.66898536682129
div2k/0844.png/sigma_0.050,div2k,0844.png,0.05000000074505806,30,1,219,0.0,17.871837615966797,0.5796928405761719,0.25746580958366394,0.010753493756055832,0.9588011503219604,0.06222992017865181,0.5710766315460205,0.9465712904930115,9.475540161132812,4.663280487060547,0.002777187619358301,16.844343185424805,0.6120570302009583,9.137655258178711,16.5126953125
div2k/0845.png/sigma_0.050,div2k,0845.png,0.05000000074505806,42,1,339,0.0,17.871837615966797,0.4067467451095581,0.3358894884586334,0.012493502348661423,0.9907505512237549,0.040355801582336426,0.23725327849388123,0.9470610618591309,6.534494876861572,6.026312828063965,0.009320284239947796,17.61036491394043,0.27007704973220825,3.411937713623047,16.532323837280273
div2k/0846.png/sigma_0.050,div2k,0846.png,0.05000000074505806,29,1,246,0.0,17.871837615966797,0.35938742756843567,0.3191413879394531,0.011112808249890804,0.9646307229995728,0.031731851398944855,0.20961564779281616,0.9456471800804138,5.679012775421143,5.7299041748046875,0.004875869955867529,16.865955352783203,0.1634126752614975,2.8987529277801514,16.509050369262695
div2k/0847.png/sigma_0.050,div2k,0847.png,0.05000000074505806,36,1,273,0.0,17.871837615966797,0.28013092279434204,0.24283267557621002,0.013632240705192089,0.9542169570922852,0.04003927856683731,0.18149973452091217,0.9416702389717102,4.222949028015137,4.2608160972595215,0.016591431573033333,16.72904396057129,0.26545292139053345,2.481243371963501,16.412057876586914
div2k/0848.png/sigma_0.050,div2k,0848.png,0.05000000074505806,26,1,225,0.0,17.871837615966797,0.26370567083358765,0.17912806570529938,0.009999999776482582,0.955743134021759,0.04290276765823364,0.21264779567718506,0.9134314060211182,3.9030070304870605,3.087075710296631,0.001787183340638876,16.745315551757812,0.31073853373527527,2.9885101318359375,15.64951229095459
div2k/0849.png/sigma_0.050,div2k,0849.png,0.05000000074505806,22,1,202,0.0,17.871837615966797,0.10279335081577301,0.05245865508913994,0.010451257228851318,0.6402589082717896,0.02671666070818901,0.09193284809589386,0.26588988304138184,1.1847939491271973,0.8037446737289429,0.0024143101181834936,10.000936508178711,0.11515158414840698,0.9927819967269897,3.788120746612549
div2k/0850.png/sigma_0.050,div2k,0850.png,0.05000000074505806,31,1,253,0.0,17.871837615966797,0.3060579299926758,0.19811096787452698,0.018458660691976547,0.9513831734657288,0.05963294580578804,0.24086767435073853,0.8875159025192261,4.585755348205566,3.428755760192871,0.02990816719830036,16.629566192626953,0.5216978192329407,3.4189605712890625,15.00615406036377
div2k/0851.png/sigma_0.050,div2k,0851.png,0.05000000074505806,21,1,196,0.0,17.871837615966797,0.5000609755516052,0.3346429467201233,0.019817352294921875,0.9627504348754883,0.042391058057546616,0.4473823606967926,0.9365631341934204,8.097345352172852,5.902781009674072,0.06193094700574875,16.80143928527832,0.309499591588974,6.847045421600342,16.251270294189453
div2k/0852.png/sigma_0.050,div2k,0852.png,0.05000000074505806,36,1,273,0.0,17.871837615966797,0.5626186728477478,0.2570725679397583,0.023861482739448547,0.9776910543441772,0.12725874781608582,0.5348641872406006,0.9449858665466309,9.132854461669922,4.714982032775879,0.07058672606945038,17.242107391357422,1.518139123916626,8.436038970947266,16.485000610351562
div2k/0853.png/sigma_0.050,div2k,0853.png,0.05000000074505806,34,1,262,0.0,17.871837615966797,0.5554481148719788,0.32431328296661377,0.016987424343824387,0.9775457382202148,0.06505141407251358,0.6150263547897339,0.9462341666221619,9.108381271362305,5.8677263259887695,0.029504401609301567,17.198204040527344,0.6129806041717529,9.797008514404297,16.505170822143555
div2k/0854.png/sigma_0.050,div2k,0854.png,0.05000000074505806,31,1,260,0.0,17.871837615966797,0.3130754232406616,0.2827382981777191,0.01428203471004963,0.9209215641021729,0.04411495104432106,0.18213221430778503,0.8947895169258118,4.752039909362793,4.952197551727295,0.016463227570056915,15.912458419799805,0.31315404176712036,2.40578031539917,15.247858047485352
div2k/0855.png/sigma_0.050,div2k,0855.png,0.05000000074505806,32,1,263,0.0,17.871837615966797,0.39213037490844727,0.2100820094347,0.02297898754477501,0.9482710957527161,0.06894814223051071,0.36549681425094604,0.8819849491119385,6.087203025817871,3.6891911029815674,0.07020287215709686,16.52131462097168,0.617113471031189,5.540820598602295,14.88035774230957
div2k/0856.png/sigma_0.050,div2k,0856.png,0.05000000074505806,51,1,349,0.0,17.871837615966797,0.3498208224773407,0.21014590561389923,0.032996490597724915,0.9559065699577332,0.09554531425237656,0.2799859642982483,0.9139111042022705,5.235351085662842,3.70818829536438,0.16775226593017578,16.75038719177246,0.9985523223876953,3.960296869277954,15.678362846374512
div2k/0857.png/sigma_0.050,div2k,0857.png,0.05000000074505806,26,1,205,0.0,17.871837615966797,0.4771851599216461,0.1691713035106659,0.0264436025172472,0.8299918174743652,0.0817820355296135,0.5170449018478394,0.7586863040924072,7.583125591278076,2.9579198360443115,0.09828588366508484,13.742816925048828,0.8491944670677185,8.228874206542969,12.563098907470703
div2k/0858.png/sigma_0.050,div2k,0858.png,0.05000000074505806,35,1,280,0.0,17.871837615966797,0.30421122908592224,0.19488409161567688,0.017153356224298477,0.9548245668411255,0.06252137571573257,0.24731695652008057,0.9381221532821655,4.520829677581787,3.433006763458252,0.03330909460783005,16.724550247192383,0.5606485605239868,3.4891443252563477,16.307296752929688
div2k/0859.png/sigma_0.050,div2k,0859.png,0.05000000074505806,30,1,258,0.0,17.871837615966797,0.2191588282585144,0.14323361217975616,0.01825028285384178,0.8430660963058472,0.053757231682538986,0.1728072464466095,0.7009900212287903,3.051398515701294,2.4108145236968994,0.06878876686096191,14.047924995422363,0.44459569454193115,2.2369158267974854,11.485214233398438
div2k/0860.png/sigma_0.050,div2k,0860.png,0.05000000074505806,31,1,255,0.0,17.871837615966797,0.14850464463233948,0.0690276026725769,0.012554310262203217,0.9055385589599609,0.04529876261949539,0.138421893119812,0.4094143211841583,1.8758800029754639,1.1234058141708374,0.008074045181274414,15.444737434387207,0.3275033235549927,1.6888079643249512,6.193582534790039
div2k/0861.png/sigma_0.050,div2k,0861.png,0.05000000074505806,51,1,359,0.0,17.871837615966797,0.32317662239074707,0.27888014912605286,0.011770157143473625,0.9854974746704102,0.03905733302235603,0.1930238902568817,0.9437138438224792,4.912420272827148,4.906800746917725,0.005874956957995892,17.43949317932129,0.25159382820129395,2.5823404788970947,16.444578170776367
div2k/0862.png/sigma_0.050,div2k,0862.png,0.05000000074505806,37,1,269,0.0,17.871837615966797,0.5884225368499756,0.2354838252067566,0.03288927674293518,0.9603074193000793,0.1484687477350235,0.6083083152770996,0.924992024898529,9.547035217285156,4.2186055183410645,0.11823423951864243,16.84722137451172,1.892081379890442,9.881327629089355,15.932369232177734
div2k/0863.png/sigma_0.050,div2k,0863.png,0.05000000074505806,23,1,207,0.0,17.871837615966797,0.44568121433258057,0.2882101833820343,0.02111339010298252,0.9550212025642395,0.08666818588972092,0.32201820611953735,0.9342061877250671,7.1377763748168945,5.110013484954834,0.06997010111808777,16.681427001953125,0.923284113407135,4.8898701667785645,16.183549880981445
div2k/0864.png/sigma_0.050,div2k,0864.png,0.05000000074505806,34,1,268,0.0,17.871837615966797,0.29346609115600586,0.12506791949272156,0.021135959774255753,0.8525664806365967,0.10042490065097809,0.26980993151664734,0.753001868724823,4.304636478424072,2.1522393226623535,0.046820610761642456,14.300002098083496,1.1333143711090088,3.874164342880249,12.458027839660645
div2k/0865.png/sigma_0.050,div2k,0865.png,0.05000000074505806,32,1,251,0.0,17.871837615966797,0.3325980305671692,0.1849444955587387,0.02585674822330475,0.9080984592437744,0.07928694784641266,0.2733256220817566,0.7746742367744446,5.038033485412598,3.2053589820861816,0.12050165981054306,15.427330017089844,0.7965428829193115,3.9668846130371094,12.703450202941895
div2k/0866.png/sigma_0.050,div2k,0866.png,0.05000000074505806,27,1,235,0.0,17.871837615966797,0.2204001396894455,0.14492568373680115,0.025663891807198524,0.8627386093139648,0.07578083872795105,0.18075953423976898,0.7817633748054504,3.119044303894043,2.5107362270355225,0.06914214044809341,14.464791297912598,0.7404181957244873,2.4248127937316895,12.881548881530762
div2k/0867.png/sigma_0.050,div2k,0867.png,0.05000000074505806,30,1,247,0.0,17.871837615966797,0.2267763316631317,0.1255025714635849,0.01630854606628418,0.8989250063896179,0.06280279159545898,0.19790787994861603,0.7114556431770325,3.230659008026123,2.1337778568267822,0.034939005970954895,15.293532371520996,0.541759729385376,2.7361836433410645,11.73153018951416
div2k/0868.png/sigma_0.050,div2k,0868.png,0.05000000074505806,22,2,186,8.486340448143892e-06,17.871837615966797,0.7141887545585632,0.33122774958610535,0.013430153951048851,0.9639438986778259,0.04924111068248749,0.9262807369232178,0.9522250294685364,12.120620727539062,6.006237983703613,0.015935316681861877,16.939659118652344,0.39118778705596924,15.957962036132812,16.647546768188477
div2k/0869.png/sigma_0.050,div2k,0869.png,0.05000000074505806,38,1,322,0.0,17.871837615966797,0.3790498673915863,0.262561172246933,0.027267200872302055,0.9537836313247681,0.0832563191652298,0.2578737139701843,0.9184021949768066,5.8756513595581055,4.60667610168457,0.14537057280540466,16.68061065673828,0.8594276309013367,3.7301340103149414,15.761491775512695
div2k/0870.png/sigma_0.050,div2k,0870.png,0.05000000074505806,28,1,235,0.0,17.871837615966797,0.16086247563362122,0.05461708828806877,0.024528756737709045,0.597794234752655,0.06585308164358139,0.15315228700637817,0.34112322330474854,2.08565354347229,0.8810975551605225,0.06620941311120987,9.310128211975098,0.6085541248321533,1.9408782720565796,5.0107035636901855
div2k/0871.png/sigma_0.050,div2k,0871.png,0.05000000074505806,29,1,240,0.0,17.871837615966797,0.2529088258743286,0.14672349393367767,0.025639843195676804,0.8707888126373291,0.06882800161838531,0.21143153309822083,0.7407897710800171,3.6684818267822266,2.5094330310821533,0.09102737903594971,14.811562538146973,0.6541558504104614,2.9413046836853027,12.237269401550293
div2k/0872.png/sigma_0.050,div2k,0872.png,0.05000000074505806,41,1,310,0.0,17.871837615966797,0.18926239013671875,0.12159503996372223,0.016126202419400215,0.854560375213623,0.04529337212443352,0.15168699622154236,0.6027122735977173,2.560399055480957,2.001272439956665,0.02411181479692459,14.604266166687012,0.3287353515625,1.92043137550354,9.607251167297363
div2k/0873.png/sigma_0.050,div2k,0873.png,0.05000000074505806,30,1,259,0.0,17.871837615966797,0.27788713574409485,0.2452487200498581,0.01777561381459236,0.934675931930542,0.05258853733539581,0.1753961443901062,0.8878552913665771,4.109165668487549,4.293483734130859,0.044041190296411514,16.20136070251465,0.42660433053970337,2.278940200805664,15.047516822814941
div2k/0874.png/sigma_0.050,div2k,0874.png,0.05000000074505806,36,1,272,0.0,17.871837615966797,0.34932762384414673,0.19564300775527954,0.014376731589436531,0.9568113088607788,0.07604879140853882,0.3048686981201172,0.9418237209320068,5.288989067077637,3.4837698936462402,0.016752660274505615,16.79865837097168,0.7586359977722168,4.433911323547363,16.40912437438965
div2k/0875.png/sigma_0.050,div2k,0875.png,0.05000000074505806,28,1,232,0.0,17.871837615966797,0.15498659014701843,0.05868299677968025,0.014787202700972557,0.606050968170166,0.04907800629734993,0.14824900031089783,0.3183591067790985,1.9926633834838867,0.9459708333015442,0.01896131969988346,9.669398307800293,0.3580673336982727,1.8682414293289185,4.664169788360596
div2k/0876.png/sigma_0.050,div2k,0876.png,0.05000000074505806,33,1,273,0.0,17.871837615966797,0.24528717994689941,0.11167330294847488,0.019733985885977745,0.9730550050735474,0.07264727354049683,0.2217923104763031,0.5873643755912781,3.4796440601348877,1.8726298809051514,0.03805146738886833,17.074907302856445,0.7010612487792969,3.0710315704345703,9.313023567199707
div2k/0877.png/sigma_0.050,div2k,0877.png,0.05000000074505806,25,1,216,0.0,17.871837615966797,0.3845953941345215,0.16867578029632568,0.014789920300245285,0.9465759992599487,0.06720191240310669,0.37584835290908813,0.8581547737121582,5.905040740966797,2.897033214569092,0.029576703906059265,16.498998641967773,0.6527995467185974,5.706315994262695,14.240222930908203
div2k/0878.png/sigma_0.050,div2k,0878.png,0.05000000074505806,25,1,229,0.0,17.871837615966797,0.23957784473896027,0.159092977643013,0.013145283795893192,0.8761414289474487,0.053896162658929825,0.18698549270629883,0.7607144117355347,3.4306859970092773,2.7078046798706055,0.014319905079901218,14.660961151123047,0.444802463054657,2.5089988708496094,12.589922904968262
div2k/0879.png/sigma_0.050,div2k,0879.png,0.05000000074505806,33,1,259,0.0,17.871837615966797,0.49922409653663635,0.36059731245040894,0.018707426264882088,0.9636557102203369,0.04798891767859459,0.37776756286621094,0.9423632621765137,8.128447532653809,6.422565460205078,0.04192591831088066,16.924468994140625,0.35726550221443176,5.59210205078125,16.397424697875977
div2k/0880.png/sigma_0.050,div2k,0880.png,0.05000000074505806,55,1,388,0.0,17.871837615966797,0.5024977922439575,0.30936744809150696,0.032935939729213715,0.9577728509902954,0.08220235258340836,0.5481524467468262,0.9382774829864502,8.092578887939453,5.48737907409668,0.15173645317554474,16.745750427246094,0.8512373566627502,8.608747482299805,16.295433044433594
div2k/0881.png/sigma_0.050,div2k,0881.png,0.05000000074505806,36,1,276,0.0,17.871837615966797,0.4391099810600281,0.24330922961235046,0.016106683760881424,0.9464326500892639,0.0656811073422432,0.45997393131256104,0.9024801254272461,6.924812316894531,4.274782657623291,0.02248913235962391,16.52310562133789,0.600785493850708,7.216332912445068,15.390908241271973
div2k/0882.png/sigma_0.050,div2k,0882.png,0.05000000074505806,20,1,184,0.0,17.871837615966797,0.32402339577674866,0.1805233210325241,0.012533176690340042,0.8830751180648804,0.03769770264625549,0.30438685417175293,0.792589545249939,4.981635093688965,3.0837066173553467,0.011566508561372757,14.812031745910645,0.25552937388420105,4.6380615234375,13.014805793762207
div2k/0883.png/sigma_0.050,div2k,0883.png,0.05000000074505806,31,1,269,0.0,17.871837615966797,0.2444978505373001,0.19238924980163574,0.020956821739673615,0.9473173022270203,0.06433401256799698,0.18063822388648987,0.8847732543945312,3.5314395427703857,3.35671329498291,0.06219760328531265,16.500375747680664,0.5695289373397827,2.4006781578063965,14.96215534210205
div2k/0884.png/sigma_0.050,div2k,0884.png,0.05000000074505806,32,1,259,0.0,17.871837615966797,0.20482990145683289,0.0986517146229744,0.019646447151899338,0.7710380554199219,0.05517774820327759,0.18604212999343872,0.5554397702217102,2.8319053649902344,1.637366771697998,0.04646145552396774,12.992659568786621,0.475862592458725,2.499504804611206,8.796379089355469
div2k/0885.png/sigma_0.050,div2k,0885.png,0.05000000074505806,30,1,250,0.0,17.871837615966797,0.28535687923431396,0.15927354991436005,0.020571604371070862,0.945189356803894,0.08086832612752914,0.24338865280151367,0.851016640663147,4.178377151489258,2.768434524536133,0.06975798308849335,16.3759822845459,0.784388542175293,3.4390625953674316,14.286368370056152
div2k/0886.png/sigma_0.050,div2k,0886.png,0.05000000074505806,26,1,207,0.0,17.871837615966797,0.45827996730804443,0.2005111128091812,0.013813615776598454,0.9477252960205078,0.060430560261011124,0.5191754698753357,0.8144782185554504,7.308120250701904,3.502387523651123,0.01707429252564907,16.545522689819336,0.5467542409896851,8.340389251708984,13.543829917907715
div2k/0887.png/sigma_0.050,div2k,0887.png,0.05000000074505806,33,1,269,0.0,17.871837615966797,0.37800687551498413,0.27780500054359436,0.012560823000967503,0.9291161894798279,0.04604429379105568,0.24706828594207764,0.8786978125572205,5.857010841369629,4.8716840744018555,0.011293447576463223,16.085092544555664,0.3461868464946747,3.453904628753662,14.873068809509277
div2k/0888.png/sigma_0.050,div2k,0888.png,0.05000000074505806,28,1,241,0.0,17.871837615966797,0.19837686419487,0.12235763669013977,0.014033716171979904,0.8765885829925537,0.04192550852894783,0.1706818789243698,0.6977529525756836,2.7566022872924805,2.0453269481658936,0.013388260267674923,14.61998462677002,0.2942264974117279,2.277876853942871,11.440199851989746
div2k/0889.png/sigma_0.050,div2k,0889.png,0.05000000074505806,29,1,245,0.0,17.871837615966797,0.16204306483268738,0.08829274028539658,0.014873320236802101,0.7852655649185181,0.04916176572442055,0.14372971653938293,0.5388073325157166,2.14674973487854,1.4532454013824463,0.026279188692569733,12.895573616027832,0.38341024518013,1.828815221786499,8.46957778930664
div2k/0890.png/sigma_0.050,div2k,0890.png,0.05000000074505806,31,1,256,0.0,17.871837615966797,0.49260038137435913,0.3246005177497864,0.022415991872549057,0.9545522928237915,0.08487346023321152,0.33696746826171875,0.935504138469696,7.932662010192871,5.852743148803711,0.08413395285606384,16.665170669555664,0.8665390014648438,4.97409725189209,16.232044219970703
div2k/0891.png/sigma_0.050,div2k,0891.png,0.05000000074505806,39,1,274,0.0,17.871837615966797,0.19580188393592834,0.12460301071405411,0.01278991624712944,0.9872733354568481,0.04539606720209122,0.16570234298706055,0.7094736099243164,2.7221784591674805,2.093226432800293,0.009277133271098137,17.479185104370117,0.3172382414340973,2.220615863800049,11.598380088806152
div2k/0892.png/sigma_0.050,div2k,0892.png,0.05000000074505806,21,1,195,0.0,17.871837615966797,0.16408678889274597,0.08730489015579224,0.01828860118985176,0.7967720031738281,0.04859672859311104,0.14683404564857483,0.47494420409202576,2.2005345821380615,1.4167616367340088,0.03801511600613594,13.128063201904297,0.37516114115715027,1.9075907468795776,7.255274772644043
div2k/0893.png/sigma_0.050,div2k,0893.png,0.05000000074505806,45,1,279,0.0,17.871837615966797,0.3259395956993103,0.20424222946166992,0.01523502916097641,0.951594889163971,0.052947115153074265,0.2719525098800659,0.8634023666381836,4.929230690002441,3.496469020843506,0.014190561138093472,16.649890899658203,0.4345306158065796,3.955054521560669,14.377388000488281
div2k/0894.png/sigma_0.050,div2k,0894.png,0.05000000074505806,50,1,357,0.0,17.871837615966797,0.39934617280960083,0.23100702464580536,0.010333536192774773,0.9366405606269836,0.058793310075998306,0.32659777998924255,0.8504191637039185,6.174941062927246,4.031745910644531,0.0020861232187598944,16.138673782348633,0.5210939645767212,4.7919158935546875,14.23476505279541
div2k/0895.png/sigma_0.050,div2k,0895.png,0.05000000074505806,41,1,292,0.0,17.871837615966797,0.20409438014030457,0.14121407270431519,0.012404607608914375,0.8312873840332031,0.05306081846356392,0.14720138907432556,0.6619719862937927,2.802154064178467,2.357369899749756,0.006965957581996918,13.673137664794922,0.42596861720085144,1.8285974264144897,10.6744966506958
div2k/0896.png/sigma_0.050,div2k,0896.png,0.05000000074505806,28,1,208,0.0,17.871837615966797,0.6096035242080688,0.3305584192276001,0.009999999776482582,0.9565204381942749,0.031934965401887894,0.7754661440849304,0.9428005814552307,10.102521896362305,5.878389358520508,0.001787183340638876,16.726932525634766,0.181574746966362,12.840958595275879,16.42319107055664
div2k/0897.png/sigma_0.050,div2k,0897.png,0.05000000074505806,27,1,211,0.0,17.871837615966797,0.11729136109352112,0.035116661339998245,0.019858386367559433,0.579879641532898,0.05207055062055588,0.11266088485717773,0.22691459953784943,1.4811762571334839,0.5800395607948303,0.037980370223522186,8.91357135772705,0.3747553527355194,1.4026930332183838,3.289479970932007
div2k/0898.png/sigma_0.050,div2k,0898.png,0.05000000074505806,23,1,200,0.0,17.871837615966797,0.653003454208374,0.32843104004859924,0.0169936865568161,0.9569312334060669,0.056251078844070435,0.8522049188613892,0.9422265291213989,10.874605178833008,5.8828277587890625,0.04043023660778999,16.771997451782227,0.47315964102745056,14.191061973571777,16.392105102539062
div2k/0899.png/sigma_0.050,div2k,0899.png,0.05000000074505806,24,1,213,0.0,17.871837615966797,0.21929919719696045,0.13768960535526276,0.010995755903422832,0.9305724501609802,0.03821858763694763,0.1890898048877716,0.6875556111335754,3.132833957672119,2.292741060256958,0.003984728828072548,16.052467346191406,0.25223836302757263,2.6099729537963867,11.160124778747559
div2k/0900.png/sigma_0.050,div2k,0900.png,0.05000000074505806,27,1,238,0.0,17.871837615966797,0.26614606380462646,0.19295434653759003,0.013054648414254189,0.9709491729736328,0.04139518365263939,0.20914584398269653,0.921582818031311,3.9230093955993652,3.3485770225524902,0.011989204213023186,17.0667667388916,0.28716593980789185,2.9029107093811035,15.874296188354492
div2k/0801.png/sigma_0.100,div2k,0801.png,0.10000000149011612,46,1,431,0.0,29.641082763671875,0.2963331341743469,0.12200991064310074,0.03059050440788269,0.858021080493927,0.10845346003770828,0.27456045150756836,0.7593013644218445,7.045404434204102,3.5400888919830322,0.35614126920700073,23.777481079101562,1.941726803779602,6.352129936218262,21.049768447875977
div2k/0802.png/sigma_0.100,div2k,0802.png,0.10000000149011612,26,1,266,0.0,29.641082763671875,0.3509005904197693,0.10155675560235977,0.03835429251194,0.8481888771057129,0.12327224761247635,0.35107657313346863,0.6124669313430786,8.870414733886719,2.9385719299316406,0.4454561471939087,23.611753463745117,2.431159257888794,8.872978210449219,16.514978408813477
div2k/0803.png/sigma_0.100,div2k,0803.png,0.10000000149011612,33,1,335,0.0,29.641082763671875,0.460757851600647,0.18295952677726746,0.025335747748613358,0.8737590312957764,0.10348833352327347,0.48595088720321655,0.7884975075721741,12.056602478027344,5.41931676864624,0.17937882244586945,24.609987258911133,1.9438358545303345,12.71064567565918,21.804258346557617
div2k/0804.png/sigma_0.100,div2k,0804.png,0.10000000149011612,49,1,472,0.0,29.641082763671875,0.3111344873905182,0.17764461040496826,0.030330073088407516,0.983792245388031,0.08352259546518326,0.2609315514564514,0.9435179233551025,7.537321090698242,5.221499443054199,0.18508002161979675,28.867813110351562,1.3040497303009033,5.99563455581665,26.987030029296875
div2k/0805.png/sigma_0.100,div2k,0805.png,0.10000000149011612,53,1,446,0.0,29.641082763671875,0.40901076793670654,0.1504717320203781,0.05951479822397232,0.9794816970825195,0.11574710160493851,0.38886842131614685,0.7858885526657104,10.450738906860352,4.459808349609375,0.6272776126861572,28.674217224121094,2.146383762359619,9.810701370239258,21.704574584960938
div2k/0806.png/sigma_0.100,div2k,0806.png,0.10000000149011612,45,1,404,0.0,29.641082763671875,0.49174001812934875,0.20422160625457764,0.0378764383494854,0.9852076172828674,0.10072292387485504,0.49404799938201904,0.9178889989852905,12.921258926391602,6.063126087188721,0.3240393102169037,28.935894012451172,1.7258867025375366,12.845821380615234,25.928953170776367
div2k/0807.png/sigma_0.100,div2k,0807.png,0.10000000149011612,72,1,556,0.0,29.641082763671875,0.35672467947006226,0.18400664627552032,0.02250835672020912,0.9580869078636169,0.09810972958803177,0.2989313006401062,0.892145574092865,8.7474365234375,5.425348281860352,0.13437849283218384,27.796850204467773,1.5493218898773193,6.977376461029053,24.93533706665039
div2k/0808.png/sigma_0.100,div2k,0808.png,0.10000000149011612,42,1,400,0.0,29.641082763671875,0.5973035097122192,0.301914244890213,0.01875409297645092,0.9934177398681641,0.0735415369272232,0.712165117263794,0.9767060875892639,16.161182403564453,9.134292602539062,0.06882365047931671,29.283981323242188,1.1054985523223877,19.226802825927734,28.531429290771484
div2k/0809.png/sigma_0.100,div2k,0809.png,0.10000000149011612,56,1,475,0.0,29.641082763671875,0.4073764979839325,0.14657840132713318,0.04413047432899475,0.941016435623169,0.1475791335105896,0.37512773275375366,0.8145550489425659,10.280823707580566,4.351431846618652,0.4150347113609314,26.905088424682617,2.854010820388794,9.279655456542969,22.39806365966797
div2k/0810.png/sigma_0.100,div2k,0810.png,0.10000000149011612,73,1,569,0.0,29.641082763671875,0.45655158162117004,0.1828618347644806,0.05023537948727608,0.9000722765922546,0.1434820294380188,0.41355884075164795,0.7992148995399475,11.777695655822754,5.5022196769714355,0.6707866787910461,25.26437759399414,2.743543863296509,10.386617660522461,22.015914916992188
div2k/0811.png/sigma_0.100,div2k,0811.png,0.10000000149011612,77,1,587,0.0,29.641082763671875,0.45086410641670227,0.21693186461925507,0.03847216069698334,0.987472653388977,0.1374913603067398,0.38461053371429443,0.9773766994476318,11.600513458251953,6.594882011413574,0.2650064527988434,29.07357406616211,2.594576835632324,9.506185531616211,28.554370880126953
div2k/0812.png/sigma_0.100,div2k,0812.png,0.10000000149011612,46,1,417,0.0,29.641082763671875,0.4332021176815033,0.25415754318237305,0.019401678815484047,0.9864638447761536,0.07506341487169266,0.3457292914390564,0.9686481952667236,11.211532592773438,7.578622817993164,0.060732632875442505,28.98612403869629,1.1162272691726685,8.344367980957031,28.121139526367188
div2k/0813.png/sigma_0.100,div2k,0813.png,0.10000000149011612,44,1,418,0.0,29.641082763671875,0.4250166714191437,0.25557437539100647,0.016788098961114883,0.9875170588493347,0.07383314520120621,0.3572465777397156,0.9713354110717773,10.97557258605957,7.631979465484619,0.04051053896546364,29.059341430664062,1.113686203956604,8.741519927978516,28.271360397338867
div2k/0814.png/sigma_0.100,div2k,0814.png,0.10000000149011612,43,1,394,0.0,29.641082763671875,0.686545193195343,0.3274103105068207,0.029599325731396675,0.9908584952354431,0.1003543883562088,0.881759524345398,0.9841070175170898,19.115812301635742,10.164899826049805,0.17795054614543915,29.206872940063477,1.666635513305664,24.640920639038086,28.888429641723633
div2k/0815.png/sigma_0.100,div2k,0815.png,0.10000000149011612,38,1,380,0.0,29.641082763671875,0.37530630826950073,0.13552425801753998,0.039762940257787704,0.9193273782730103,0.10768979787826538,0.3688600957393646,0.7333755493164062,9.451614379882812,3.973586320877075,0.37466979026794434,26.172786712646484,1.9011815786361694,9.204233169555664,20.135177612304688
div2k/0816.png/sigma_0.100,div2k,0816.png,0.10000000149011612,55,1,455,0.0,29.641082763671875,0.47006526589393616,0.221804678440094,0.0305749773979187,0.9886581897735596,0.12618690729141235,0.4084896743297577,0.9717187881469727,12.205878257751465,6.6992621421813965,0.2315259873867035,29.084918975830078,2.4218363761901855,10.172812461853027,28.26263427734375
div2k/0817.png/sigma_0.100,div2k,0817.png,0.10000000149011612,47,1,430,0.0,29.641082763671875,0.4274630546569824,0.24628080427646637,0.037070538848638535,0.9890570044517517,0.11762306094169617,0.3362242579460144,0.9770273566246033,11.000417709350586,7.484626293182373,0.25474271178245544,29.1373348236084,2.141059398651123,8.095820426940918,28.532649993896484
div2k/0818.png/sigma_0.100,div2k,0818.png,0.10000000149011612,46,1,421,0.0,29.641082763671875,0.44102102518081665,0.28153401613235474,0.029706960543990135,0.9860471487045288,0.08412140607833862,0.3228912055492401,0.9591963887214661,11.492189407348633,8.38090705871582,0.207182377576828,28.94969367980957,1.3252124786376953,7.779641628265381,27.712390899658203
div2k/0819.png/sigma_0.100,div2k,0819.png,0.10000000149011612,56,1,481,0.0,29.641082763671875,0.3476916253566742,0.16063715517520905,0.03478044271469116,0.986710786819458,0.10805589705705643,0.31467103958129883,0.969115674495697,8.536981582641602,4.781846046447754,0.24004018306732178,29.017662048339844,1.9044386148452759,7.462890625,28.142210006713867
div2k/0820.png/sigma_0.100,div2k,0820.png,0.10000000149011612,56,1,524,0.0,29.641082763671875,0.2504015564918518,0.1538943350315094,0.01894335076212883,0.923559308052063,0.05039367824792862,0.21058395504951477,0.7669920921325684,5.781337738037109,4.303821086883545,0.07175066322088242,26.20974349975586,0.5750550627708435,4.616024971008301,21.032093048095703
div2k/0821.png/sigma_0.100,div2k,0821.png,0.10000000149011612,33,1,332,0.0,29.641082763671875,0.14575856924057007,0.11073631793260574,0.01863391511142254,0.9866259098052979,0.03774750605225563,0.12109128385782242,0.8085710406303406,3.022965431213379,3.1141228675842285,0.07268840074539185,29.033531188964844,0.3447049558162689,2.3188672065734863,21.60306739807129
div2k/0822.png/sigma_0.100,div2k,0822.png,0.10000000149011612,63,1,494,0.0,29.641082763671875,0.27697640657424927,0.09744248539209366,0.027356332167983055,0.9541326761245728,0.1060880571603775,0.26510289311408997,0.5901583433151245,6.444634914398193,2.7681021690368652,0.17470301687717438,27.59551239013672,1.8482495546340942,6.048651695251465,15.539056777954102
div2k/0823.png/sigma_0.100,div2k,0823.png,0.10000000149011612,42,1,405,0.0,29.641082763671875,0.5157286524772644,0.3374340236186981,0.0399588868021965,0.9882296323776245,0.09947977215051651,0.35441139340400696,0.9809644818305969,13.843218803405762,10.282563209533691,0.3422888517379761,29.094539642333984,1.6455488204956055,8.609931945800781,28.730398178100586
div2k/0824.png/sigma_0.100,div2k,0824.png,0.10000000149011612,105,1,557,0.0,29.641082763671875,0.44047945737838745,0.27028030157089233,0.023284055292606354,0.9843616485595703,0.07150045782327652,0.36440309882164,0.9576402902603149,11.444656372070312,7.920734882354736,0.08299774676561356,28.8677978515625,1.0277762413024902,9.01161003112793,27.61161994934082
div2k/0825.png/sigma_0.100,div2k,0825.png,0.10000000149011612,106,1,686,0.0,29.641082763671875,0.28667664527893066,0.16076362133026123,0.021663513034582138,0.9654749631881714,0.07364045828580856,0.24599714577198029,0.8383857011795044,6.801708221435547,4.562064170837402,0.09840522706508636,27.95915412902832,1.0756628513336182,5.6111602783203125,23.09988784790039
div2k/0826.png/sigma_0.100,div2k,0826.png,0.10000000149011612,60,1,472,0.0,29.641082763671875,0.47152259945869446,0.27767419815063477,0.016531627625226974,0.9903724193572998,0.06446729600429535,0.374802827835083,0.9728036522865295,12.345745086669922,8.333210945129395,0.04478922486305237,29.185678482055664,0.8831151723861694,9.158884048461914,28.321971893310547
div2k/0827.png/sigma_0.100,div2k,0827.png,0.10000000149011612,38,1,351,0.0,29.641082763671875,0.6919318437576294,0.2509321868419647,0.01793261058628559,0.9962680339813232,0.11397264897823334,0.7436323761940002,0.9810135364532471,19.044292449951172,7.818782329559326,0.08889002352952957,29.444883346557617,2.0346908569335938,20.397022247314453,28.740943908691406
div2k/0828.png/sigma_0.100,div2k,0828.png,0.10000000149011612,28,1,299,0.0,29.641082763671875,0.3186979591846466,0.25402286648750305,0.01502678170800209,0.9891387224197388,0.080221988260746,0.22150318324565887,0.9820926189422607,8.115739822387695,7.707888603210449,0.025692928582429886,29.14946174621582,1.1987650394439697,5.1913886070251465,28.79505157470703
div2k/0829.png/sigma_0.100,div2k,0829.png,0.10000000149011612,46,1,406,0.0,29.641082763671875,0.4830191731452942,0.24820749461650848,0.02273418940603733,0.9884179830551147,0.06671970337629318,0.46627283096313477,0.9728557467460632,12.690157890319824,7.382967472076416,0.09171056747436523,29.080554962158203,0.9531386494636536,11.832258224487305,28.327985763549805
div2k/0830.png/sigma_0.100,div2k,0830.png,0.10000000149011612,75,1,587,0.0,29.641082763671875,0.5118533968925476,0.2618925869464874,0.03217540681362152,0.9849341511726379,0.11034702509641647,0.46703946590423584,0.9619417786598206,13.402767181396484,7.870787620544434,0.23045186698436737,28.931169509887695,1.8873686790466309,11.69588851928711,27.79482078552246
div2k/0831.png/sigma_0.100,div2k,0831.png,0.10000000149011612,46,1,438,0.0,29.641082763671875,0.3349376916885376,0.1681084781885147,0.022323761135339737,0.9835280179977417,0.0696575790643692,0.3036144971847534,0.8423474431037903,8.225669860839844,4.8762593269348145,0.1094394251704216,28.849851608276367,0.9906653165817261,7.1988525390625,23.23588752746582
div2k/0832.png/sigma_0.100,div2k,0832.png,0.10000000149011612,51,1,443,0.0,29.641082763671875,0.33927157521247864,0.21163056790828705,0.027122780680656433,0.9909648299217224,0.06419916450977325,0.27803701162338257,0.9508828520774841,8.402400016784668,6.182281494140625,0.17141364514827728,29.22028350830078,0.9149079918861389,6.510371208190918,27.303207397460938
div2k/0833.png/sigma_0.100,div2k,0833.png,0.10000000149011612,35,1,331,0.0,29.641082763671875,0.572272002696991,0.3044363558292389,0.02203858271241188,0.9907578825950623,0.10133183002471924,0.5541975498199463,0.980475902557373,15.533777236938477,9.284951210021973,0.15923014283180237,29.220632553100586,1.7637208700180054,14.533832550048828,28.70704460144043
div2k/0834.png/sigma_0.100,div2k,0834.png,0.10000000149011612,42,1,403,0.0,29.641082763671875,0.49875521659851074,0.2982628643512726,0.014924676157534122,0.9884063601493835,0.08538022637367249,0.3803436756134033,0.9811619520187378,13.280515670776367,9.086814880371094,0.031677957624197006,29.111570358276367,1.4325628280639648,9.412713050842285,28.749460220336914
div2k/0835.png/sigma_0.100,div2k,0835.png,0.10000000149011612,62,1,516,0.0,29.641082763671875,0.3702419698238373,0.16502101719379425,0.05608770623803139,0.9738277196884155,0.12183166295289993,0.3277699947357178,0.8450934290885925,9.179388046264648,4.845873832702637,0.7084441781044006,28.309158325195312,2.2027764320373535,7.844651699066162,23.176071166992188
div2k/0836.png/sigma_0.100,div2k,0836.png,0.10000000149011612,49,1,455,0.0,29.641082763671875,0.3957676887512207,0.27915218472480774,0.019182834774255753,0.9885467886924744,0.07239826023578644,0.2865319848060608,0.9829224348068237,10.17104434967041,8.532929420471191,0.059111207723617554,29.099546432495117,0.9962543249130249,6.681328773498535,28.833555221557617
div2k/0837.png/sigma_0.100,div2k,0837.png,0.10000000149011612,44,1,421,0.0,29.641082763671875,0.26359522342681885,0.132466122508049,0.026913151144981384,0.9675400257110596,0.07631303369998932,0.2334592640399933,0.7524296045303345,6.146055221557617,3.768195152282715,0.16161827743053436,28.06244659423828,1.144391655921936,5.243636131286621,20.59237289428711
div2k/0838.png/sigma_0.100,div2k,0838.png,0.10000000149011612,29,1,279,0.0,29.641082763671875,0.5637573599815369,0.20401713252067566,0.039089884608983994,0.988865852355957,0.15507833659648895,0.5403332710266113,0.9794101119041443,15.191743850708008,6.222408294677734,0.39995265007019043,29.129779815673828,3.302537679672241,14.371804237365723,28.654752731323242
div2k/0839.png/sigma_0.100,div2k,0839.png,0.10000000149011612,112,1,838,0.0,29.641082763671875,0.560818076133728,0.3085964620113373,0.04215194284915924,0.9980143308639526,0.13213108479976654,0.4151696562767029,0.9843275547027588,15.292947769165039,9.707667350769043,0.3492105007171631,29.529495239257812,2.765986442565918,10.426471710205078,28.899572372436523
div2k/0840.png/sigma_0.100,div2k,0840.png,0.10000000149011612,52,1,481,0.0,29.641082763671875,0.3100960850715637,0.09845548868179321,0.0306254830211401,0.9076915979385376,0.11826437711715698,0.301247775554657,0.6057666540145874,7.438241958618164,2.8334405422210693,0.20115509629249573,26.007080078125,2.1417291164398193,7.128686904907227,16.15357208251953
div2k/0841.png/sigma_0.100,div2k,0841.png,0.10000000149011612,49,1,451,0.0,29.641082763671875,0.48761916160583496,0.26807472109794617,0.038829222321510315,0.9879471063613892,0.09904687851667404,0.43844160437583923,0.979437530040741,12.785879135131836,8.088768005371094,0.36246857047080994,29.099843978881836,1.6560685634613037,11.037545204162598,28.663619995117188
div2k/0842.png/sigma_0.100,div2k,0842.png,0.10000000149011612,73,2,498,9.918677278619725e-06,29.641082763671875,0.46642690896987915,0.2247667908668518,0.02099168859422207,0.9802658557891846,0.09902021288871765,0.43535512685775757,0.9365279078483582,12.183856964111328,6.679462432861328,0.07698483765125275,28.702415466308594,1.7120708227157593,11.065292358398438,26.739971160888672
div2k/0843.png/sigma_0.100,div2k,0843.png,0.10000000149011612,22,1,244,0.0,29.641082763671875,0.8256229758262634,0.2765558958053589,0.03348090127110481,0.9903819561004639,0.11449875682592392,0.9765661358833313,0.9863886833190918,23.74121856689453,8.6491060256958,0.2363748550415039,29.19942855834961,2.2240302562713623,28.518062591552734,29.005905151367188
div2k/0844.png/sigma_0.100,div2k,0844.png,0.10000000149011612,60,2,405,9.393781510880217e-06,29.641082763671875,0.6946003437042236,0.2518054246902466,0.017034735530614853,0.9892781972885132,0.08758468925952911,0.7319953441619873,0.9842885136604309,19.23883628845215,7.801581859588623,0.049137841910123825,29.14653205871582,1.5548747777938843,20.070249557495117,28.9018611907959
div2k/0845.png/sigma_0.100,div2k,0845.png,0.10000000149011612,75,1,627,0.0,29.641082763671875,0.4871886968612671,0.3382891118526459,0.02009671926498413,0.9982878565788269,0.07149086892604828,0.33439701795578003,0.9837631583213806,13.149511337280273,10.359657287597656,0.07111009210348129,29.54351234436035,1.0214760303497314,8.153402328491211,28.8763484954834
div2k/0846.png/sigma_0.100,div2k,0846.png,0.10000000149011612,42,1,442,0.0,29.641082763671875,0.4536653757095337,0.3277588486671448,0.017673105001449585,0.9886327981948853,0.054536230862140656,0.3186286687850952,0.9830415844917297,12.04792594909668,10.04634952545166,0.066640205681324,29.1156063079834,0.6398767232894897,7.583878993988037,28.83721160888672
div2k/0847.png/sigma_0.100,div2k,0847.png,0.10000000149011612,36,1,369,0.0,29.641082763671875,0.35793131589889526,0.2538626790046692,0.017696596682071686,0.9877612590789795,0.06465823948383331,0.26052266359329224,0.9797347187995911,9.060945510864258,7.574886322021484,0.08922196924686432,29.06656837463379,0.904708743095398,6.038087844848633,28.676172256469727
div2k/0848.png/sigma_0.100,div2k,0848.png,0.10000000149011612,50,1,446,0.0,29.641082763671875,0.34180760383605957,0.19725994765758514,0.027168573811650276,0.9913831353187561,0.06704217195510864,0.29338276386260986,0.9720422029495239,8.529828071594238,5.78640604019165,0.14687523245811462,29.172643661499023,0.9827549457550049,6.959897994995117,28.295015335083008
div2k/0849.png/sigma_0.100,div2k,0849.png,0.10000000149011612,43,1,425,0.0,29.641082763671875,0.168784037232399,0.07911946624517441,0.0157524012029171,0.764636754989624,0.04693198949098587,0.15511570870876312,0.4223131239414215,3.5090842247009277,2.0846452713012695,0.02743915095925331,19.945053100585938,0.521977961063385,3.098539352416992,10.357479095458984
div2k/0850.png/sigma_0.100,div2k,0850.png,0.10000000149011612,56,1,478,0.0,29.641082763671875,0.40344977378845215,0.2086276262998581,0.028493084013462067,0.9872930645942688,0.10145436972379684,0.3492000699043274,0.9682724475860596,10.255232810974121,6.201679706573486,0.15753771364688873,29.04380989074707,1.7254973649978638,8.50147819519043,28.091270446777344
div2k/0851.png/sigma_0.100,div2k,0851.png,0.10000000149011612,37,1,360,0.0,29.641082763671875,0.5679502487182617,0.33040931820869446,0.017511896789073944,0.9889453649520874,0.06936661899089813,0.5640024542808533,0.9813528060913086,15.417569160461426,9.983022689819336,0.042924851179122925,29.124530792236328,1.035177230834961,14.713654518127441,28.75457191467285
div2k/0852.png/sigma_0.100,div2k,0852.png,0.10000000149011612,83,1,506,0.0,29.641082763671875,0.7490485310554504,0.23269875347614288,0.05964674800634384,0.9982128143310547,0.2421378791332245,0.8202961683273315,0.9835029244422913,20.96432876586914,7.384749889373779,0.7827065587043762,29.53965950012207,5.444960117340088,22.73293685913086,28.855619430541992
div2k/0853.png/sigma_0.100,div2k,0853.png,0.10000000149011612,44,1,411,0.0,29.641082763671875,0.639891505241394,0.30999302864074707,0.022749457508325577,0.9906944036483765,0.10275711864233017,0.7246503829956055,0.9845667481422424,17.68056869506836,9.65768814086914,0.11711310595273972,29.159770965576172,1.8174638748168945,19.793903350830078,28.91554832458496
div2k/0854.png/sigma_0.100,div2k,0854.png,0.10000000149011612,49,1,462,0.0,29.641082763671875,0.39995113015174866,0.2780573070049286,0.02921447344124317,0.9764991402626038,0.07920748740434647,0.28379106521606445,0.9446908831596375,10.192517280578613,8.330567359924316,0.17836420238018036,28.5297908782959,1.178590178489685,6.549935340881348,27.227663040161133
div2k/0855.png/sigma_0.100,div2k,0855.png,0.10000000149011612,69,1,520,0.0,29.641082763671875,0.5064723491668701,0.22170495986938477,0.04805251955986023,0.9864066243171692,0.12400195747613907,0.5033564567565918,0.9633339643478394,13.323457717895508,6.6681599617004395,0.4087071418762207,29.00946044921875,2.218874454498291,13.083395957946777,27.862340927124023
div2k/0856.png/sigma_0.100,div2k,0856.png,0.10000000149011612,81,1,560,0.0,29.641082763671875,0.5188478231430054,0.2286108434200287,0.08452633768320084,0.9882783889770508,0.1924237608909607,0.4483669698238373,0.9748694896697998,13.562030792236328,7.034309387207031,1.327601671218872,29.081222534179688,3.9038617610931396,11.253787994384766,28.42807388305664
div2k/0857.png/sigma_0.100,div2k,0857.png,0.10000000149011612,44,1,363,0.0,29.641082763671875,0.5608062148094177,0.17465341091156006,0.05393453687429428,0.9532002210617065,0.1374335139989853,0.5988110303878784,0.8588849902153015,14.968856811523438,5.209728240966797,0.5186803936958313,27.365156173706055,2.6995084285736084,16.066604614257812,23.88178253173828
div2k/0858.png/sigma_0.100,div2k,0858.png,0.10000000149011612,74,1,510,0.0,29.641082763671875,0.4880516529083252,0.2583937346935272,0.030492741614580154,0.9878367781639099,0.09833978861570358,0.4138563871383667,0.9812740087509155,12.836677551269531,7.937534332275391,0.183017760515213,29.075511932373047,1.6582380533218384,10.37440299987793,28.750125885009766
div2k/0859.png/sigma_0.100,div2k,0859.png,0.10000000149011612,46,1,445,0.0,29.641082763671875,0.32670748233795166,0.16543544828891754,0.02954409085214138,0.9390125870704651,0.09112671762704849,0.28024864196777344,0.8008536100387573,7.877214431762695,4.799394607543945,0.25069913268089294,26.680810928344727,1.4951521158218384,6.441962242126465,21.903852462768555
div2k/0860.png/sigma_0.100,div2k,0860.png,0.10000000149011612,49,1,456,0.0,29.641082763671875,0.2499346286058426,0.10057731717824936,0.01873782090842724,0.9741165041923523,0.07892578840255737,0.23830187320709229,0.618102490901947,5.661039352416992,2.835836410522461,0.11996933072805405,28.375322341918945,1.1970163583755493,5.26532506942749,16.31473731994629
div2k/0861.png/sigma_0.100,div2k,0861.png,0.10000000149011612,48,1,449,0.0,29.641082763671875,0.4913533329963684,0.33541688323020935,0.01931741088628769,0.9974185228347778,0.06978967785835266,0.34224438667297363,0.9833648204803467,13.114484786987305,10.26926326751709,0.07235514372587204,29.5011043548584,0.9653610587120056,8.241987228393555,28.852022171020508
div2k/0862.png/sigma_0.100,div2k,0862.png,0.10000000149011612,69,1,488,0.0,29.641082763671875,0.682549238204956,0.21500778198242188,0.08533331751823425,0.9874236583709717,0.22093527019023895,0.7141295671463013,0.9716434478759766,18.69414710998535,6.628854751586914,1.3390024900436401,29.064952850341797,4.972385406494141,19.57434844970703,28.266584396362305
div2k/0863.png/sigma_0.100,div2k,0863.png,0.10000000149011612,42,1,378,0.0,29.641082763671875,0.5244405269622803,0.2876718044281006,0.029577363282442093,0.9886676073074341,0.13046181201934814,0.4135662019252777,0.9794492125511169,14.109891891479492,8.799530029296875,0.2122882455587387,29.09543800354004,2.5833330154418945,10.548050880432129,28.66064453125
div2k/0864.png/sigma_0.100,div2k,0864.png,0.10000000149011612,59,1,488,0.0,29.641082763671875,0.414345920085907,0.13955867290496826,0.030210822820663452,0.9151387810707092,0.16283737123012543,0.39464253187179565,0.8257131576538086,10.478917121887207,4.143232822418213,0.16560634970664978,26.149391174316406,3.313791036605835,9.816793441772461,22.99579620361328
div2k/0865.png/sigma_0.100,div2k,0865.png,0.10000000149011612,47,1,419,0.0,29.641082763671875,0.43308189511299133,0.20243199169635773,0.04435601085424423,0.9849600791931152,0.12431531399488449,0.3804129362106323,0.9317433834075928,11.099796295166016,6.011541843414307,0.44782426953315735,28.911495208740234,2.3029799461364746,9.446698188781738,26.35222625732422
div2k/0866.png/sigma_0.100,div2k,0866.png,0.10000000149011612,47,1,445,0.0,29.641082763671875,0.31095391511917114,0.15741580724716187,0.051002614200115204,0.9715971350669861,0.12110684812068939,0.26969054341316223,0.8869025707244873,7.507744312286377,4.632678508758545,0.4526347517967224,28.253190994262695,2.2366719245910645,6.233236312866211,24.83083152770996
div2k/0867.png/sigma_0.100,div2k,0867.png,0.10000000149011612,61,1,470,0.0,29.641082763671875,0.30841198563575745,0.14018841087818146,0.026928603649139404,0.9406023025512695,0.10206526517868042,0.27709370851516724,0.7917367219924927,7.442519187927246,4.0552568435668945,0.18441663682460785,26.971885681152344,1.7262382507324219,6.519369125366211,21.875818252563477
div2k/0868.png/sigma_0.100,div2k,0868.png,0.10000000149011612,32,1,329,0.0,29.641082763671875,0.7688264846801758,0.32070639729499817,0.0228621494024992,0.9930233359336853,0.08248261362314224,0.9707050323486328,0.9863214492797852,21.913597106933594,9.95645523071289,0.10908633470535278,29.30780792236328,1.3185378313064575,28.21755599975586,28.99764633178711
div2k/0869.png/sigma_0.100,div2k,0869.png,0.10000000149011612,44,1,437,0.0,29.641082763671875,0.5001224279403687,0.2766861021518707,0.06103108078241348,0.9907707571983337,0.14177337288856506,0.3788725733757019,0.9743671417236328,13.250045776367188,8.370505332946777,0.9927548766136169,29.191938400268555,2.783857822418213,9.485685348510742,28.404876708984375
div2k/0870.png/sigma_0.100,div2k,0870.png,0.10000000149011612,45,1,439,0.0,29.641082763671875,0.25269848108291626,0.07664759457111359,0.03772946074604988,0.734798014163971,0.10949254781007767,0.24490028619766235,0.5170218348503113,5.73616886138916,2.1321234703063965,0.3016677796840668,19.733081817626953,1.9329164028167725,5.48490047454834,13.248908042907715
div2k/0871.png/sigma_0.100,div2k,0871.png,0.10000000149011612,45,1,418,0.0,29.641082763671875,0.34473881125450134,0.1604025512933731,0.043148696422576904,0.9434010982513428,0.11025713384151459,0.30644458532333374,0.8233133554458618,8.509645462036133,4.67807149887085,0.3716707229614258,26.945253372192383,1.985958456993103,7.322396278381348,22.83169174194336
div2k/0872.png/sigma_0.100,div2k,0872.png,0.10000000149011612,54,1,493,0.0,29.641082763671875,0.2849053144454956,0.15382634103298187,0.0278642475605011,0.9117218255996704,0.0791238322854042,0.24110017716884613,0.7444022297859192,6.769167423248291,4.386627674102783,0.1877324879169464,25.990516662597656,1.234130620956421,5.4453325271606445,20.181350708007812
div2k/0873.png/sigma_0.100,div2k,0873.png,0.10000000149011612,53,1,475,0.0,29.641082763671875,0.37631678581237793,0.2371445745229721,0.025571782141923904,0.9742677211761475,0.09704222530126572,0.2878573536872864,0.9466434121131897,9.39210319519043,7.1164350509643555,0.17463773488998413,28.390371322631836,1.5613583326339722,6.655824661254883,27.159908294677734
div2k/0874.png/sigma_0.100,div2k,0874.png,0.10000000149011612,67,1,531,0.0,29.641082763671875,0.4657732844352722,0.19912639260292053,0.028786148875951767,0.9882579445838928,0.123984195291996,0.436398446559906,0.9805837869644165,12.023823738098145,6.065922260284424,0.16628825664520264,29.086565017700195,2.3769969940185547,10.953826904296875,28.717947006225586
div2k/0875.png/sigma_0.100,div2k,0875.png,0.10000000149011612,45,1,420,0.0,29.641082763671875,0.24363557994365692,0.08556318283081055,0.026345958933234215,0.7420748472213745,0.08574134111404419,0.23368802666664124,0.5028349757194519,5.5066118240356445,2.3648808002471924,0.13845860958099365,20.295751571655273,1.316826343536377,5.1814727783203125,12.889280319213867
div2k/0876.png/sigma_0.100,div2k,0876.png,0.10000000149011612,45,1,421,0.0,29.641082763671875,0.39781105518341064,0.15971890091896057,0.0391089990735054,0.9808184504508972,0.12825800478458405,0.3687289357185364,0.8574151396751404,10.015778541564941,4.678469181060791,0.321236252784729,28.72464370727539,2.4462149143218994,9.072124481201172,23.697383880615234
div2k/0877.png/sigma_0.100,div2k,0877.png,0.10000000149011612,40,1,374,0.0,29.641082763671875,0.5130170583724976,0.19765013456344604,0.02237890288233757,0.9872206449508667,0.10199402272701263,0.5165702104568481,0.9700233936309814,13.47991943359375,5.8743157386779785,0.1009150892496109,29.042999267578125,1.7760971784591675,13.473918914794922,28.18360137939453
div2k/0878.png/sigma_0.100,div2k,0878.png,0.10000000149011612,44,1,427,0.0,29.641082763671875,0.32557520270347595,0.17102143168449402,0.0243767648935318,0.9472127556800842,0.0880189836025238,0.27819687128067017,0.8402487635612488,7.904646396636963,4.975154399871826,0.12758547067642212,27.108253479003906,1.4485077857971191,6.440727233886719,23.37105941772461
div2k/0879.png/sigma_0.100,div2k,0879.png,0.10000000149011612,42,1,396,0.0,29.641082763671875,0.5719239115715027,0.3503310978412628,0.021748153492808342,0.9888495802879333,0.08479201048612595,0.5669559240341187,0.9802030324935913,15.575338363647461,10.65388011932373,0.14671316742897034,29.113489151000977,1.325049877166748,14.576684951782227,28.692398071289062
div2k/0880.png/sigma_0.100,div2k,0880.png,0.10000000149011612,48,1,407,0.0,29.641082763671875,0.5873211622238159,0.2934814393520355,0.052106767892837524,0.9887418746948242,0.1321144849061966,0.6395738124847412,0.9773925542831421,15.885257720947266,8.905941009521484,0.49555298686027527,29.121871948242188,2.5328099727630615,17.140522003173828,28.553953170776367
div2k/0881.png/sigma_0.100,div2k,0881.png,0.10000000149011612,125,1,631,0.0,29.641082763671875,0.5321202874183655,0.24177703261375427,0.024525806307792664,0.9852764010429382,0.11036944389343262,0.5597115159034729,0.9587690234184265,14.103364944458008,7.251674175262451,0.1237252950668335,28.92838478088379,1.9772390127182007,14.7984619140625,27.666637420654297
div2k/0882.png/sigma_0.100,div2k,0882.png,0.10000000149011612,38,1,351,0.0,29.641082763671875,0.3936573565006256,0.2016202062368393,0.017096903175115585,0.9833289384841919,0.05863725766539574,0.37050914764404297,0.9188938140869141,10.116422653198242,5.8548102378845215,0.05965714529156685,28.854774475097656,0.8038842082023621,9.37420654296875,25.829858779907227
div2k/0883.png/sigma_0.100,div2k,0883.png,0.10000000149011612,49,1,447,0.0,29.641082763671875,0.34642890095710754,0.1959269940853119,0.05382542684674263,0.9856622219085693,0.11397883296012878,0.28315290808677673,0.9487258791923523,8.568441390991211,5.836073875427246,0.4596608877182007,28.977954864501953,2.006650924682617,6.618818283081055,27.21044921875
div2k/0884.png/sigma_0.100,div2k,0884.png,0.10000000149011612,43,1,419,0.0,29.641082763671875,0.2992098331451416,0.12806370854377747,0.03142998740077019,0.9126420021057129,0.08303947001695633,0.277391254901886,0.706235408782959,7.142599105834961,3.6499602794647217,0.19028006494045258,25.75201416015625,1.3425893783569336,6.440180778503418,19.198755264282227
div2k/0885.png/sigma_0.100,div2k,0885.png,0.10000000149011612,78,1,541,0.0,29.641082763671875,0.38116908073425293,0.17311546206474304,0.03260035067796707,0.9858744144439697,0.13057692348957062,0.33910253643989563,0.9521982073783875,9.474831581115723,5.197481632232666,0.24076928198337555,28.944997787475586,2.369316339492798,8.099653244018555,27.334739685058594
div2k/0886.png/sigma_0.100,div2k,0886.png,0.10000000149011612,36,1,342,0.0,29.641082763671875,0.5365526080131531,0.20915479958057404,0.024705253541469574,0.9798427820205688,0.09291037172079086,0.5915712714195251,0.9172802567481995,14.306682586669922,6.196465015411377,0.15055856108665466,28.700998306274414,1.6064094305038452,15.915771484375,26.07283592224121
div2k/0887.png/sigma_0.100,div2k,0887.png,0.10000000149011612,58,1,477,0.0,29.641082763671875,0.4890836477279663,0.2750980854034424,0.020291917026042938,0.9796933531761169,0.07925784587860107,0.4087623655796051,0.9361214637756348,12.832488059997559,8.229354858398438,0.11936275660991669,28.67069435119629,1.1998465061187744,10.188790321350098,26.773361206054688
div2k/0888.png/sigma_0.100,div2k,0888.png,0.10000000149011612,47,1,443,0.0,29.641082763671875,0.2814157009124756,0.15056318044662476,0.0192179586738348,0.9631713628768921,0.0668673887848854,0.2487647384405136,0.8048256635665894,6.716517448425293,4.295443058013916,0.07474164664745331,27.855361938476562,0.9820763468742371,5.712649822235107,22.23464012145996
div2k/0889.png/sigma_0.100,div2k,0889.png,0.10000000149011612,40,1,403,0.0,29.641082763671875,0.24735127389431,0.12345637381076813,0.02121628448367119,0.9242875576019287,0.08153164386749268,0.2200983166694641,0.7439155578613281,5.715113639831543,3.5111446380615234,0.08940333127975464,26.37539291381836,1.274680733680725,4.916186332702637,20.248931884765625
div2k/0890.png/sigma_0.100,div2k,0890.png,0.10000000149011612,59,1,480,0.0,29.641082763671875,0.5803268551826477,0.29761993885040283,0.04309689626097679,0.9878917336463928,0.15287868678569794,0.4672549366950989,0.9762434959411621,15.651222229003906,9.224246978759766,0.44001588225364685,29.068098068237305,2.968271493911743,11.85302734375,28.500911712646484
div2k/0891.png/sigma_0.100,div2k,0891.png,0.10000000149011612,45,1,417,0.0,29.641082763671875,0.2703050673007965,0.14093193411827087,0.01672373339533806,0.9902315735816956,0.07862596213817596,0.23657140135765076,0.7984625101089478,6.360707759857178,4.030513286590576,0.04928268492221832,29.17889404296875,1.1648662090301514,5.380894660949707,21.920141220092773
div2k/0892.png/sigma_0.100,div2k,0892.png,0.10000000149011612,41,1,400,0.0,29.641082763671875,0.23721954226493835,0.11599937081336975,0.03071414679288864,0.8894490003585815,0.08010733127593994,0.21387872099876404,0.6360945701599121,5.423325538635254,3.2040646076202393,0.21378405392169952,25.243223190307617,1.2324388027191162,4.74615478515625,16.772308349609375
div2k/0893.png/sigma_0.100,div2k,0893.png,0.10000000149011612,61,1,473,0.0,29.641082763671875,0.4239192008972168,0.24543121457099915,0.018352609127759933,0.9886871576309204,0.07936234027147293,0.3649517595767975,0.9773573279380798,10.911635398864746,7.297516822814941,0.06386201828718185,29.10474395751953,1.220481038093567,8.955442428588867,28.55193519592285
div2k/0894.png/sigma_0.100,div2k,0894.png,0.10000000149011612,81,1,673,0.0,29.641082763671875,0.5387191772460938,0.25346508622169495,0.023512179031968117,0.9888887405395508,0.09508486837148666,0.5272914171218872,0.977331817150116,14.283453941345215,7.58253812789917,0.1257738620042801,29.123926162719727,1.668884038925171,13.638811111450195,28.553359985351562
div2k/0895.png/sigma_0.100,div2k,0895.png,0.10000000149011612,46,1,449,0.0,29.641082763671875,0.32754018902778625,0.1978297084569931,0.026174908503890038,0.9550093412399292,0.09353920072317123,0.25025612115859985,0.8789361715316772,7.89423131942749,5.837501049041748,0.14308974146842957,27.508920669555664,1.5892901420593262,5.526514053344727,24.61788558959961
div2k/0896.png/sigma_0.100,div2k,0896.png,0.10000000149011612,40,2,326,8.506532140017953e-06,29.641082763671875,0.6749881505966187,0.33677253127098083,0.0156613290309906,0.9886659383773804,0.04873160645365715,0.8555998802185059,0.9833957552909851,18.874469757080078,10.254924774169922,0.027631476521492004,29.125038146972656,0.5958428978919983,23.859657287597656,28.859296798706055
div2k/0897.png/sigma_0.100,div2k,0897.png,0.10000000149011612,33,1,324,0.0,29.641082763671875,0.1764529049396515,0.043948911130428314,0.04694802314043045,0.7642711400985718,0.09598204493522644,0.16926667094230652,0.31218820810317993,3.958970785140991,1.250195860862732,0.3654806315898895,20.07215118408203,1.593869686126709,3.7803006172180176,7.784038543701172
div2k/0898.png/sigma_0.100,div2k,0898.png,0.10000000149011612,36,1,346,0.0,29.641082763671875,0.7157120108604431,0.31054767966270447,0.02859177067875862,0.9887356162071228,0.09806536883115768,0.9050086736679077,0.9805061221122742,19.973615646362305,9.52980899810791,0.21588386595249176,29.13539695739746,1.656819224357605,25.387136459350586,28.706830978393555
div2k/0899.png/sigma_0.100,div2k,0899.png,0.10000000149011612,44,1,416,0.0,29.641082763671875,0.29632216691970825,0.18070748448371887,0.02003328688442707,0.9835194945335388,0.05886923149228096,0.25217077136039734,0.8968901634216309,7.207350730895996,5.152650833129883,0.07296160608530045,28.886451721191406,0.7881165742874146,5.8750128746032715,25.106063842773438
div2k/0900.png/sigma_0.100,div2k,0900.png,0.10000000149011612,40,1,397,0.0,29.641082763671875,0.370827853679657,0.21783332526683807,0.02024294063448906,0.9957467317581177,0.06830801069736481,0.3162517547607422,0.9743202924728394,9.3167085647583,6.480663776397705,0.08113516867160797,29.413362503051758,0.9818353056907654,7.5524702072143555,28.40833854675293
div2k/0801.png/sigma_0.150,div2k,0801.png,0.15000000596046448,55,1,566,0.0,41.215824127197266,0.383011132478714,0.14281761646270752,0.04141416400671005,0.9296374320983887,0.14355579018592834,0.3573288321495056,0.8204106092453003,13.216543197631836,5.902242660522461,0.6417391896247864,36.74844741821289,3.8672194480895996,12.047628402709961,31.734954833984375
div2k/0802.png/sigma_0.150,div2k,0802.png,0.15000000596046448,29,1,352,0.0,41.215824127197266,0.3959171175956726,0.10412570834159851,0.04998689889907837,0.942156195640564,0.15548491477966309,0.39652782678604126,0.6675851941108704,14.058633804321289,4.258774757385254,0.809739351272583,37.61594772338867,4.440270900726318,14.081074714660645,25.247089385986328
div2k/0803.png/sigma_0.150,div2k,0803.png,0.15000000596046448,45,1,487,0.0,41.215824127197266,0.5038625597953796,0.17868837714195251,0.030741704627871513,0.9632522463798523,0.1284862458705902,0.5247788429260254,0.8419539928436279,18.436620712280273,7.445890426635742,0.3379778265953064,38.73731994628906,3.554194688796997,19.26984405517578,32.66455841064453
div2k/0804.png/sigma_0.150,div2k,0804.png,0.15000000596046448,71,1,677,0.0,41.215824127197266,0.3828396797180176,0.19365602731704712,0.03548334538936615,0.9944002628326416,0.11317119747400284,0.3290320634841919,0.9775927066802979,13.248228073120117,8.0936279296875,0.35194656252861023,40.81534194946289,2.6982548236846924,10.842497825622559,39.6525764465332
div2k/0805.png/sigma_0.150,div2k,0805.png,0.15000000596046448,62,1,592,0.0,41.215824127197266,0.48933547735214233,0.16489043831825256,0.08205917477607727,0.9927791357040405,0.15856708586215973,0.4682721793651581,0.9278284907341003,17.79888153076172,6.9611992835998535,1.7903296947479248,40.718318939208984,4.408204555511475,16.858890533447266,36.651912689208984
div2k/0806.png/sigma_0.150,div2k,0806.png,0.15000000596046448,76,1,581,0.0,41.215824127197266,0.551173985004425,0.19786153733730316,0.05071885883808136,0.9933454990386963,0.14308582246303558,0.5626870393753052,0.9513223171234131,20.38275146484375,8.326125144958496,0.6894508600234985,40.780948638916016,3.812513828277588,20.717182159423828,38.01232147216797
div2k/0807.png/sigma_0.150,div2k,0807.png,0.15000000596046448,76,1,698,0.0,41.215824127197266,0.44859302043914795,0.1821577548980713,0.03326437622308731,0.9843231439590454,0.15003851056098938,0.40101850032806396,0.9251302480697632,15.86141586303711,7.641235828399658,0.3863889276981354,40.13768005371094,3.7401316165924072,13.780427932739258,36.509498596191406
div2k/0808.png/sigma_0.150,div2k,0808.png,0.15000000596046448,60,1,584,0.0,41.215824127197266,0.6540257930755615,0.28543606400489807,0.028387947008013725,0.9943807125091553,0.10318807512521744,0.7764012813568115,0.9891843199729919,24.88953399658203,12.275054931640625,0.2405913919210434,40.83968734741211,2.4776172637939453,29.595561981201172,40.47787857055664
div2k/0809.png/sigma_0.150,div2k,0809.png,0.15000000596046448,81,1,703,0.0,41.215824127197266,0.49929702281951904,0.16770261526107788,0.0590401217341423,0.9899541139602661,0.20157857239246368,0.4603107273578644,0.9305772185325623,18.05457878112793,7.099710941314697,0.8886752724647522,40.520172119140625,5.907589912414551,16.34807777404785,36.74740982055664
div2k/0810.png/sigma_0.150,div2k,0810.png,0.15000000596046448,86,1,678,0.0,41.215824127197266,0.5329846739768982,0.16850906610488892,0.06691235303878784,0.95572429895401,0.1929725706577301,0.5204249024391174,0.8578534126281738,19.491069793701172,7.1263628005981445,1.2348129749298096,38.20252227783203,5.596728801727295,18.872947692871094,33.13466262817383
div2k/0811.png/sigma_0.150,div2k,0811.png,0.15000000596046448,71,1,682,0.0,41.215824127197266,0.5819331407546997,0.23399318754673004,0.06728506088256836,0.9947928190231323,0.19069060683250427,0.5248115062713623,0.9907361268997192,21.755809783935547,10.252607345581055,0.9560896754264832,40.870521545410156,5.418937683105469,19.107540130615234,40.58763122558594
div2k/0812.png/sigma_0.150,div2k,0812.png,0.15000000596046448,56,1,584,0.0,41.215824127197266,0.49829307198524475,0.2531006336212158,0.027974281460046768,0.9938433170318604,0.10445529222488403,0.43846720457077026,0.979763925075531,18.169612884521484,10.673678398132324,0.24031776189804077,40.79576873779297,2.3929953575134277,15.218143463134766,39.80976867675781
div2k/0813.png/sigma_0.150,div2k,0813.png,0.15000000596046448,67,1,593,0.0,41.215824127197266,0.4992046654224396,0.26448503136634827,0.021769776940345764,0.9952602386474609,0.10054841637611389,0.4424705505371094,0.9873279333114624,18.29720115661621,11.270703315734863,0.12486658990383148,40.89516067504883,2.310601234436035,15.440008163452148,40.34453582763672
div2k/0814.png/sigma_0.150,div2k,0814.png,0.15000000596046448,109,1,721,0.0,41.215824127197266,0.7261906862258911,0.30498960614204407,0.04744699224829674,0.9959373474121094,0.13730907440185547,0.9121950268745422,0.9918675422668457,28.295127868652344,13.460012435913086,0.5739667415618896,40.95665740966797,3.447000503540039,35.78126525878906,40.66804885864258
div2k/0815.png/sigma_0.150,div2k,0815.png,0.15000000596046448,61,1,572,0.0,41.215824127197266,0.4462537169456482,0.14936770498752594,0.0727507695555687,0.985702395439148,0.14870811998844147,0.4396347105503082,0.8359121680259705,15.940654754638672,6.222321033477783,1.3404083251953125,40.207298278808594,3.9575812816619873,15.5993070602417,32.23452377319336
div2k/0816.png/sigma_0.150,div2k,0816.png,0.15000000596046448,83,1,645,0.0,41.215824127197266,0.5379178524017334,0.21120405197143555,0.05484854429960251,0.995302677154541,0.16909445822238922,0.49619260430336,0.9864569902420044,19.73562240600586,9.066481590270996,0.7091507911682129,40.90286636352539,4.7400431632995605,17.7143497467041,40.27396774291992
div2k/0817.png/sigma_0.150,div2k,0817.png,0.15000000596046448,61,1,604,0.0,41.215824127197266,0.49552831053733826,0.23177072405815125,0.0659685730934143,0.995036244392395,0.1602029949426651,0.4228013753890991,0.9867364168167114,18.013843536376953,9.957257270812988,0.9583395719528198,40.8934211730957,4.450165748596191,14.644168853759766,40.30131912231445
div2k/0818.png/sigma_0.150,div2k,0818.png,0.15000000596046448,67,1,615,0.0,41.215824127197266,0.502234160900116,0.27433526515960693,0.04499252885580063,0.9945523738861084,0.12538741528987885,0.401671826839447,0.9849163889884949,18.427413940429688,11.659981727600098,0.582345187664032,40.84990692138672,3.131373643875122,13.824342727661133,40.16694259643555
div2k/0819.png/sigma_0.150,div2k,0819.png,0.15000000596046448,67,1,654,0.0,41.215824127197266,0.43187591433525085,0.17345024645328522,0.055882398039102554,0.9945014119148254,0.14518070220947266,0.3987572193145752,0.986876368522644,15.229541778564453,7.331150054931641,0.8223913908004761,40.84283447265625,3.852182626724243,13.704748153686523,40.31718826293945
div2k/0820.png/sigma_0.150,div2k,0820.png,0.15000000596046448,67,1,729,0.0,41.215824127197266,0.3337259292602539,0.19856496155261993,0.024555984884500504,0.9898497462272644,0.07481388747692108,0.2770119607448578,0.9083451628684998,11.230325698852539,8.046979904174805,0.2078370898962021,40.49820327758789,1.3925862312316895,8.800931930541992,35.51491165161133
div2k/0821.png/sigma_0.150,div2k,0821.png,0.15000000596046448,53,1,537,0.0,41.215824127197266,0.18815474212169647,0.12569263577461243,0.0260170828551054,0.9935783743858337,0.05414021015167236,0.15925389528274536,0.898747444152832,5.589111328125,5.0172834396362305,0.19090837240219116,40.77783203125,0.8465247750282288,4.400090217590332,34.855220794677734
div2k/0822.png/sigma_0.150,div2k,0822.png,0.15000000596046448,79,1,738,0.0,41.215824127197266,0.37513044476509094,0.12397301197052002,0.04373053461313248,0.9653050303459167,0.14104115962982178,0.36382222175598145,0.7242946028709412,12.8263521194458,5.08695650100708,0.5754741430282593,38.880706787109375,3.7289443016052246,12.280508995056152,27.380767822265625
div2k/0823.png/sigma_0.150,div2k,0823.png,0.15000000596046448,48,1,524,0.0,41.215824127197266,0.5734453201293945,0.3193652331829071,0.04731583595275879,0.9951646327972412,0.14316138625144958,0.4541906714439392,0.9905998110771179,21.64447593688965,13.86625862121582,0.5984460115432739,40.9095344543457,3.662688970565796,15.915592193603516,40.578304290771484
div2k/0824.png/sigma_0.150,div2k,0824.png,0.15000000596046448,50,1,524,0.0,41.215824127197266,0.5076500773429871,0.2844281792640686,0.03642858564853668,0.9940434694290161,0.09824784845113754,0.43920308351516724,0.9843661785125732,18.682174682617188,11.949748992919922,0.3101033866405487,40.80758285522461,2.2561047077178955,15.355958938598633,40.133445739746094
div2k/0825.png/sigma_0.150,div2k,0825.png,0.15000000596046448,95,1,730,0.0,41.215824127197266,0.35022836923599243,0.17874597012996674,0.032178863883018494,0.9882539510726929,0.09979601949453354,0.3069508671760559,0.9387151002883911,11.85657024383545,7.28931188583374,0.34477466344833374,40.399871826171875,2.2774837017059326,9.979438781738281,37.17713928222656
div2k/0826.png/sigma_0.150,div2k,0826.png,0.15000000596046448,51,1,552,0.0,41.215824127197266,0.5314149856567383,0.26808008551597595,0.022779911756515503,0.9956913590431213,0.09019575268030167,0.46435093879699707,0.9874767065048218,19.596778869628906,11.443435668945312,0.1328752487897873,40.93844985961914,1.9649707078933716,16.296648025512695,40.351749420166016
div2k/0827.png/sigma_0.150,div2k,0827.png,0.15000000596046448,62,1,538,0.0,41.215824127197266,0.7858233451843262,0.23666222393512726,0.024380959570407867,0.9958215355873108,0.1692408174276352,0.9018014669418335,0.9918466806411743,30.77756118774414,10.607370376586914,0.22459714114665985,40.924964904785156,4.702208518981934,35.32212829589844,40.665855407714844
div2k/0828.png/sigma_0.150,div2k,0828.png,0.15000000596046448,52,1,618,0.0,41.215824127197266,0.36812347173690796,0.2540009021759033,0.019821099936962128,0.994343638420105,0.11245574057102203,0.26877763867378235,0.9911270141601562,13.117979049682617,10.870749473571777,0.13898923993110657,40.84537887573242,2.632930040359497,8.85117244720459,40.60938262939453
div2k/0829.png/sigma_0.150,div2k,0829.png,0.15000000596046448,54,1,533,0.0,41.215824127197266,0.5425966382026672,0.2556098699569702,0.029949380084872246,0.9942144155502319,0.08801902830600739,0.5379425883293152,0.9848797917366028,20.06838035583496,10.782631874084473,0.2522455155849457,40.83938980102539,1.9222204685211182,19.40460205078125,40.17403793334961
div2k/0830.png/sigma_0.150,div2k,0830.png,0.15000000596046448,136,1,926,0.0,41.215824127197266,0.5800305604934692,0.2515612542629242,0.03937184065580368,0.9938706755638123,0.1516389399766922,0.5635240077972412,0.9834176898002625,21.48349380493164,10.807271957397461,0.5060991048812866,40.81437301635742,3.929826259613037,20.439594268798828,40.062469482421875
div2k/0831.png/sigma_0.150,div2k,0831.png,0.15000000596046448,73,1,624,0.0,41.215824127197266,0.4153933525085449,0.1839318573474884,0.042163874953985214,0.992584228515625,0.09934373944997787,0.39193156361579895,0.9402486085891724,14.622900009155273,7.636355400085449,0.43741679191589355,40.71453094482422,2.221493721008301,13.434497833251953,37.37281799316406
div2k/0832.png/sigma_0.150,div2k,0832.png,0.15000000596046448,47,1,531,0.0,41.215824127197266,0.4125975966453552,0.22573818266391754,0.03279862552881241,0.9931631088256836,0.0898212343454361,0.35450127720832825,0.9791879653930664,14.55969524383545,9.392616271972656,0.30911877751350403,40.75174331665039,1.9764304161071777,11.93161392211914,39.772422790527344
div2k/0833.png/sigma_0.150,div2k,0833.png,0.15000000596046448,37,2,417,9.283125109504908e-06,41.215824127197266,0.6198322772979736,0.29370659589767456,0.025424271821975708,0.9953868389129639,0.13129295408725739,0.6271025538444519,0.9904722571372986,23.61310577392578,12.740583419799805,0.26889991760253906,40.94775390625,3.44926381111145,23.38908576965332,40.568668365478516
div2k/0834.png/sigma_0.150,div2k,0834.png,0.15000000596046448,54,1,534,0.0,41.215824127197266,0.5686365962028503,0.29672494530677795,0.018568433821201324,0.9944189786911011,0.10878422856330872,0.47393298149108887,0.9907910823822021,21.417518615722656,12.878030776977539,0.0818236768245697,40.84321594238281,2.7571861743927,16.796245574951172,40.58859634399414
div2k/0835.png/sigma_0.150,div2k,0835.png,0.15000000596046448,77,1,682,0.0,41.215824127197266,0.46625226736068726,0.18950040638446808,0.06828422844409943,0.9934340715408325,0.16867369413375854,0.4211810529232025,0.9663313627243042,16.688243865966797,8.011534690856934,1.3978081941604614,40.77822494506836,4.5452351570129395,14.637351036071777,38.939414978027344
div2k/0836.png/sigma_0.150,div2k,0836.png,0.15000000596046448,77,2,638,9.858707926468924e-06,41.215824127197266,0.45230644941329956,0.2687036693096161,0.02714173123240471,0.9950237274169922,0.10173741728067398,0.3579998016357422,0.9916048049926758,16.30429458618164,11.654448509216309,0.20742487907409668,40.87900161743164,2.2133913040161133,11.88703727722168,40.644718170166016
div2k/0837.png/sigma_0.150,div2k,0837.png,0.15000000596046448,53,1,575,0.0,41.215824127197266,0.3390330970287323,0.15046556293964386,0.03670413792133331,0.9929291009902954,0.1088189110159874,0.3079299330711365,0.8737661242485046,11.423921585083008,6.1460041999816895,0.4626050293445587,40.73434066772461,2.5441782474517822,10.052114486694336,33.934574127197266
div2k/0838.png/sigma_0.150,div2k,0838.png,0.15000000596046448,34,1,372,0.0,41.215824127197266,0.6125383377075195,0.20622968673706055,0.04924129694700241,0.9941889047622681,0.178007572889328,0.5930542349815369,0.9900652170181274,23.154632568359375,8.906872749328613,0.7923091650009155,40.838653564453125,5.198620796203613,22.182910919189453,40.540870666503906
div2k/0839.png/sigma_0.150,div2k,0839.png,0.15000000596046448,85,1,713,0.0,41.215824127197266,0.6371642351150513,0.27815914154052734,0.06833136081695557,0.9982331395149231,0.16009767353534698,0.5838300585746765,0.9921875,24.468399047851562,12.346037864685059,1.1202869415283203,41.07577896118164,4.921287536621094,21.595619201660156,40.67919158935547
div2k/0840.png/sigma_0.150,div2k,0840.png,0.15000000596046448,67,1,637,0.0,41.215824127197266,0.40607303380966187,0.12347911298274994,0.0393759049475193,0.9304704666137695,0.16091346740722656,0.39539527893066406,0.7482874989509583,14.201345443725586,5.105727195739746,0.3870742619037628,37.31751251220703,4.488077640533447,13.683021545410156,28.457578659057617
div2k/0841.png/sigma_0.150,div2k,0841.png,0.15000000596046448,57,1,584,0.0,41.215824127197266,0.574531078338623,0.27082353830337524,0.060526903718709946,0.9947760105133057,0.14417704939842224,0.5743843913078308,0.9906038641929626,21.470314025878906,11.729508399963379,0.8035799860954285,40.85093688964844,3.7553775310516357,21.118820190429688,40.57720184326172
div2k/0842.png/sigma_0.150,div2k,0842.png,0.15000000596046448,52,1,511,0.0,41.215824127197266,0.5426520109176636,0.2365342080593109,0.04276595264673233,0.9951644539833069,0.12934203445911407,0.5280475616455078,0.9818556904792786,20.079235076904297,9.984561920166016,0.4180879294872284,40.8748664855957,3.352536201477051,19.173336029052734,39.95231628417969
div2k/0843.png/sigma_0.150,div2k,0843.png,0.15000000596046448,31,1,344,0.0,41.215824127197266,0.8448998332023621,0.26357513666152954,0.050330065190792084,0.9959147572517395,0.1424546092748642,0.9880529642105103,0.9932486414909363,33.95189666748047,11.656497955322266,0.6635207533836365,40.94668960571289,3.96686053276062,40.39680099487305,40.7572135925293
div2k/0844.png/sigma_0.150,div2k,0844.png,0.15000000596046448,44,1,420,0.0,41.215824127197266,0.7925933003425598,0.24463732540607452,0.02338138036429882,0.9953532218933105,0.1077609434723854,0.8962796330451965,0.9924697875976562,31.20216941833496,10.740083694458008,0.16689693927764893,40.91303253173828,2.751999616622925,35.004608154296875,40.70426940917969
div2k/0845.png/sigma_0.150,div2k,0845.png,0.15000000596046448,103,1,862,0.0,41.215824127197266,0.5459818840026855,0.3313550651073456,0.027379535138607025,0.9950987100601196,0.10134056955575943,0.4180617332458496,0.9919065237045288,20.704837799072266,14.342799186706543,0.25494086742401123,40.8924446105957,2.332095146179199,14.523185729980469,40.66413116455078
div2k/0846.png/sigma_0.150,div2k,0846.png,0.15000000596046448,62,1,708,0.0,41.215824127197266,0.5304511785507202,0.3187433183193207,0.0267074815928936,0.9955446720123291,0.08207757771015167,0.43863746523857117,0.9918030500411987,19.83502960205078,13.868319511413574,0.234820157289505,40.901702880859375,1.6138226985931396,15.228302001953125,40.65394592285156
div2k/0847.png/sigma_0.150,div2k,0847.png,0.15000000596046448,49,1,538,0.0,41.215824127197266,0.4135458469390869,0.2534010708332062,0.022382540628314018,0.9942162036895752,0.08575356006622314,0.32690292596817017,0.9898724555969238,14.712797164916992,10.7007474899292,0.194106787443161,40.82252502441406,1.8731307983398438,10.801088333129883,40.52035903930664
div2k/0848.png/sigma_0.150,div2k,0848.png,0.15000000596046448,51,1,526,0.0,41.215824127197266,0.3999252915382385,0.2007712721824646,0.03170408308506012,0.9950567483901978,0.08845536410808563,0.3610606789588928,0.985573947429657,14.08827018737793,8.326157569885254,0.48283877968788147,40.881649017333984,2.0658326148986816,12.238323211669922,40.201515197753906
div2k/0849.png/sigma_0.150,div2k,0849.png,0.15000000596046448,60,1,602,0.0,41.215824127197266,0.23253048956394196,0.10600121319293976,0.027950076386332512,0.9105841517448425,0.06874825805425644,0.2139643430709839,0.5795250535011292,7.145420074462891,4.0717244148254395,0.16579675674438477,36.01456069946289,1.3110947608947754,6.364008903503418,20.86802864074707
div2k/0850.png/sigma_0.150,div2k,0850.png,0.15000000596046448,70,1,639,0.0,41.215824127197266,0.4774091839790344,0.205721914768219,0.033599939197301865,0.9945601224899292,0.143608957529068,0.4442768096923828,0.9861189126968384,17.244800567626953,8.692221641540527,0.3144634962081909,40.836524963378906,3.833845376968384,15.560137748718262,40.245361328125
div2k/0851.png/sigma_0.150,div2k,0851.png,0.15000000596046448,49,1,530,0.0,41.215824127197266,0.6142562627792358,0.31361812353134155,0.025876469910144806,0.9952249526977539,0.09794820845127106,0.6383388638496399,0.9913903474807739,23.358909606933594,13.492534637451172,0.15567395091056824,40.91240692138672,2.2222957611083984,23.67368507385254,40.63485336303711
div2k/0852.png/sigma_0.150,div2k,0852.png,0.15000000596046448,48,1,418,0.0,41.215824127197266,0.8316142559051514,0.19480092823505402,0.08688540756702423,0.9981391429901123,0.31588196754455566,0.9475309252738953,0.99214768409729,32.95774459838867,8.846589088439941,1.6377471685409546,41.072120666503906,10.507650375366211,37.82805252075195,40.67741012573242
div2k/0853.png/sigma_0.150,div2k,0853.png,0.15000000596046448,58,1,552,0.0,41.215824127197266,0.6919423341751099,0.28631144762039185,0.03192448988556862,0.9960875511169434,0.13343767821788788,0.7823078632354736,0.9924294352531433,26.81289291381836,12.652383804321289,0.2645682692527771,40.95743179321289,3.505997657775879,30.086870193481445,40.70079803466797
div2k/0854.png/sigma_0.150,div2k,0854.png,0.15000000596046448,77,1,692,0.0,41.215824127197266,0.47035348415374756,0.26804351806640625,0.04721394181251526,0.9916266798973083,0.116425521671772,0.37095731496810913,0.9637503623962402,16.938589096069336,11.400851249694824,0.6017257571220398,40.66230010986328,2.7974953651428223,12.412715911865234,38.91081237792969
div2k/0855.png/sigma_0.150,div2k,0855.png,0.15000000596046448,100,1,738,0.0,41.215824127197266,0.5833255052566528,0.22081691026687622,0.07807578146457672,0.9934473633766174,0.16952192783355713,0.5907063484191895,0.9846155047416687,21.735000610351562,9.470847129821777,1.5578504800796509,40.79716491699219,4.657599449157715,21.921329498291016,40.14522933959961
div2k/0856.png/sigma_0.150,div2k,0856.png,0.15000000596046448,104,1,812,0.0,41.215824127197266,0.6697617769241333,0.22099564969539642,0.14677190780639648,0.9947468042373657,0.28287720680236816,0.6538519263267517,0.9893792271614075,25.414539337158203,9.789362907409668,3.453381299972534,40.86880874633789,8.846087455749512,24.38922691345215,40.48946762084961
div2k/0857.png/sigma_0.150,div2k,0857.png,0.15000000596046448,55,1,467,0.0,41.215824127197266,0.6091279983520508,0.17085283994674683,0.07682473212480545,0.9802758097648621,0.1814955621957779,0.6403589248657227,0.897688090801239,22.796279907226562,7.207109451293945,1.1253063678741455,39.91655349731445,5.28155517578125,24.1005859375,35.17884063720703
div2k/0858.png/sigma_0.150,div2k,0858.png,0.15000000596046448,69,1,674,0.0,41.215824127197266,0.5990890860557556,0.25478842854499817,0.032748743891716,0.9939911365509033,0.13104091584682465,0.556789755821228,0.99102783203125,22.527908325195312,11.135846138000488,0.28679510951042175,40.82194519042969,3.3564698696136475,20.352476119995117,40.60860061645508
div2k/0859.png/sigma_0.150,div2k,0859.png,0.15000000596046448,63,1,672,0.0,41.215824127197266,0.4213961958885193,0.1937795877456665,0.04658515006303787,0.9824604392051697,0.12135996669530869,0.36866122484207153,0.9169143438339233,14.724508285522461,8.062540054321289,0.6232474446296692,40.03553009033203,2.9768946170806885,12.360420227050781,35.998226165771484
div2k/0860.png/sigma_0.150,div2k,0860.png,0.15000000596046448,63,1,644,0.0,41.215824127197266,0.3389616310596466,0.12944887578487396,0.037424299865961075,0.9731243848800659,0.11471984535455704,0.32310813665390015,0.850029706954956,11.318124771118164,5.28900671005249,0.4318886995315552,39.44248962402344,2.7174153327941895,10.542677879333496,32.89393615722656
div2k/0861.png/sigma_0.150,div2k,0861.png,0.15000000596046448,63,1,653,0.0,41.215824127197266,0.5707612037658691,0.3248039186000824,0.024397069588303566,0.9954298734664917,0.10093094408512115,0.48253846168518066,0.9918527007102966,21.548662185668945,14.189751625061035,0.21779684722423553,40.90385055541992,2.213459014892578,16.843393325805664,40.66042709350586
div2k/0862.png/sigma_0.150,div2k,0862.png,0.15000000596046448,117,1,777,0.0,41.215824127197266,0.7309684753417969,0.1991637945175171,0.10207368433475494,0.9946568012237549,0.264244943857193,0.7710322141647339,0.9845179915428162,28.125120162963867,8.7131929397583,2.1024370193481445,40.86601257324219,8.371935844421387,29.542160034179688,40.145503997802734
div2k/0863.png/sigma_0.150,div2k,0863.png,0.15000000596046448,46,1,488,0.0,41.215824127197266,0.5766958594322205,0.2735554277896881,0.04519900679588318,0.9950799942016602,0.16807261109352112,0.4776785373687744,0.9907593131065369,21.789077758789062,11.956840515136719,0.5953230857849121,40.902191162109375,4.92106819152832,17.190185546875,40.586116790771484
div2k/0864.png/sigma_0.150,div2k,0864.png,0.15000000596046448,53,1,538,0.0,41.215824127197266,0.5014550685882568,0.14339368045330048,0.04335496202111244,0.965450644493103,0.21052804589271545,0.4888441562652588,0.8683039546012878,18.140804290771484,6.050784587860107,0.44871985912323,38.841766357421875,6.278280258178711,17.52448272705078,33.83888626098633
div2k/0865.png/sigma_0.150,div2k,0865.png,0.15000000596046448,77,1,661,0.0,41.215824127197266,0.5016182661056519,0.20401902496814728,0.06749797612428665,0.992171049118042,0.167567640542984,0.4577587842941284,0.9698492288589478,18.181625366210938,8.609746932983398,1.352786660194397,40.685157775878906,4.611675262451172,16.25250244140625,39.134674072265625
div2k/0866.png/sigma_0.150,div2k,0866.png,0.15000000596046448,75,1,675,0.0,41.215824127197266,0.38290977478027344,0.17033545672893524,0.07707605510950089,0.988921582698822,0.1557255983352661,0.3376092314720154,0.936195433139801,13.244812965393066,7.12362813949585,1.3680793046951294,40.48624801635742,4.277677059173584,11.248916625976562,37.155189514160156
div2k/0867.png/sigma_0.150,div2k,0867.png,0.15000000596046448,56,1,539,0.0,41.215824127197266,0.3675921559333801,0.14686019718647003,0.05060655623674393,0.9423368573188782,0.13584397733211517,0.3375382721424103,0.8343937993049622,12.552031517028809,6.025835990905762,0.650723397731781,37.641448974609375,3.448960781097412,11.222087860107422,32.38263702392578
div2k/0868.png/sigma_0.150,div2k,0868.png,0.15000000596046448,38,1,436,0.0,41.215824127197266,0.80023193359375,0.3005419671535492,0.03816148266196251,0.9964799284934998,0.11672695726156235,0.9851810932159424,0.9934537410736084,31.908554077148438,13.234749794006348,0.45965108275413513,40.98410415649414,2.850093364715576,40.190521240234375,40.77669906616211
div2k/0869.png/sigma_0.150,div2k,0869.png,0.15000000596046448,55,1,566,0.0,41.215824127197266,0.5581314563751221,0.2603369653224945,0.07165811955928802,0.9960688352584839,0.185776486992836,0.4624035060405731,0.9890531897544861,20.80854034423828,11.191320419311523,1.6099647283554077,40.95395278930664,5.401222229003906,16.543792724609375,40.465904235839844
div2k/0870.png/sigma_0.150,div2k,0870.png,0.15000000596046448,76,1,678,0.0,41.215824127197266,0.3292500376701355,0.09728854894638062,0.04826352000236511,0.8793491125106812,0.14589056372642517,0.31932535767555237,0.6788579225540161,10.892078399658203,3.9332692623138428,0.6443101167678833,34.87441635131836,3.841493606567383,10.43583869934082,25.374387741088867
div2k/0871.png/sigma_0.150,div2k,0871.png,0.15000000596046448,50,1,543,0.0,41.215824127197266,0.40912172198295593,0.16314654052257538,0.06495911628007889,0.9878751039505005,0.14505250751972198,0.3741776645183563,0.8788127899169922,14.350425720214844,6.761861801147461,0.924330472946167,40.39320755004883,3.917980909347534,12.806221008300781,34.31549072265625
div2k/0872.png/sigma_0.150,div2k,0872.png,0.15000000596046448,104,1,763,0.0,41.215824127197266,0.3594571352005005,0.17842695116996765,0.04296540468931198,0.9803668260574341,0.10943382978439331,0.3114781677722931,0.8617960810661316,12.340944290161133,7.305874347686768,0.5198296308517456,39.846893310546875,2.653780460357666,10.220563888549805,33.43718719482422
div2k/0873.png/sigma_0.150,div2k,0873.png,0.15000000596046448,88,1,729,0.0,41.215824127197266,0.4581162631511688,0.22211405634880066,0.042311832308769226,0.990837574005127,0.14585179090499878,0.3867354691028595,0.969618022441864,16.32516860961914,9.48440170288086,0.5106375217437744,40.57297134399414,3.6771814823150635,13.182353973388672,39.16140365600586
div2k/0874.png/sigma_0.150,div2k,0874.png,0.15000000596046448,70,1,648,0.0,41.215824127197266,0.5464136600494385,0.20077943801879883,0.04207814484834671,0.9943946599960327,0.16900759935379028,0.5247913599014282,0.9904513359069824,20.042367935180664,8.658285140991211,0.48216360807418823,40.827857971191406,4.849116325378418,18.896804809570312,40.5599365234375
div2k/0875.png/sigma_0.150,div2k,0875.png,0.15000000596046448,58,1,548,0.0,41.215824127197266,0.3203873634338379,0.10906054079532623,0.04194795712828636,0.8759302496910095,0.1217183992266655,0.3054502606391907,0.6709798574447632,10.565038681030273,4.3894734382629395,0.48924878239631653,34.45627212524414,2.947330951690674,9.855119705200195,25.1396541595459
div2k/0876.png/sigma_0.150,div2k,0876.png,0.15000000596046448,54,1,550,0.0,41.215824127197266,0.5188661813735962,0.19527415931224823,0.057088300585746765,0.9940342903137207,0.16937294602394104,0.493865966796875,0.975873589515686,18.959468841552734,8.246918678283691,0.9461298584938049,40.803680419921875,4.974696636199951,17.70087242126465,39.55925369262695
div2k/0877.png/sigma_0.150,div2k,0877.png,0.15000000596046448,54,1,562,0.0,41.215824127197266,0.6261679530143738,0.2201763242483139,0.02813594602048397,0.9945985078811646,0.13043752312660217,0.6438478231430054,0.9892556667327881,23.55037498474121,9.411067962646484,0.23421227931976318,40.87260818481445,3.3473939895629883,24.106487274169922,40.47937774658203
div2k/0878.png/sigma_0.150,div2k,0878.png,0.15000000596046448,77,1,667,0.0,41.215824127197266,0.3947710394859314,0.17686277627944946,0.03644637018442154,0.9870337843894958,0.11937130987644196,0.3548062741756439,0.8863351345062256,13.673340797424316,7.31361198425293,0.49072322249412537,40.311370849609375,2.944948673248291,11.84439468383789,34.5840950012207
div2k/0879.png/sigma_0.150,div2k,0879.png,0.15000000596046448,53,1,533,0.0,41.215824127197266,0.6155421733856201,0.3332003057003021,0.033378228545188904,0.9946833848953247,0.11388134956359863,0.673197865486145,0.9896558523178101,23.48211669921875,14.389235496520996,0.41105136275291443,40.85197448730469,2.7054197788238525,24.96221160888672,40.508663177490234
div2k/0880.png/sigma_0.150,div2k,0880.png,0.15000000596046448,60,1,563,0.0,41.215824127197266,0.6315850019454956,0.2762977182865143,0.0798766165971756,0.9940060377120972,0.17739486694335938,0.6885749101638794,0.9875500202178955,23.94287109375,11.899157524108887,1.7495338916778564,40.815452575683594,5.151683330535889,25.952335357666016,40.35918426513672
div2k/0881.png/sigma_0.150,div2k,0881.png,0.15000000596046448,123,1,756,0.0,41.215824127197266,0.6000175476074219,0.23286190629005432,0.031081318855285645,0.9935357570648193,0.14767755568027496,0.6303421258926392,0.9796704649925232,22.43191146850586,9.898298263549805,0.28030744194984436,40.779640197753906,4.048845291137695,23.622356414794922,39.789493560791016
div2k/0882.png/sigma_0.150,div2k,0882.png,0.15000000596046448,45,1,475,0.0,41.215824127197266,0.4432021379470825,0.21398672461509705,0.022491438314318657,0.9931939840316772,0.07934428751468658,0.41772758960723877,0.9821094274520874,16.01592254638672,8.88949203491211,0.13124291598796844,40.74895477294922,1.6790663003921509,14.819149017333984,39.96670150756836
div2k/0883.png/sigma_0.150,div2k,0883.png,0.15000000596046448,58,1,584,0.0,41.215824127197266,0.4188101291656494,0.19371040165424347,0.06565860658884048,0.9928341507911682,0.15343019366264343,0.3613022565841675,0.9672334790229797,14.767082214355469,8.194704055786133,1.0245996713638306,40.71452331542969,4.167728424072266,12.229989051818848,38.96228790283203
div2k/0884.png/sigma_0.150,div2k,0884.png,0.15000000596046448,81,1,680,0.0,41.215824127197266,0.37208229303359985,0.147012859582901,0.0410858616232872,0.9701964855194092,0.10588397830724716,0.34955599904060364,0.7875211238861084,12.739171981811523,6.001142501831055,0.3744162619113922,39.16455841064453,2.5608484745025635,11.63641357421875,30.16217041015625
div2k/0885.png/sigma_0.150,div2k,0885.png,0.15000000596046448,73,1,764,0.0,41.215824127197266,0.4582592248916626,0.18557894229888916,0.04445440322160721,0.9941421747207642,0.17135047912597656,0.4131402373313904,0.9806751608848572,16.229511260986328,7.946842193603516,0.46148476004600525,40.823211669921875,4.607505798339844,14.10037899017334,39.8572883605957
div2k/0886.png/sigma_0.150,div2k,0886.png,0.15000000596046448,63,1,504,0.0,41.215824127197266,0.5898019671440125,0.2130178064107895,0.028253093361854553,0.9900065064430237,0.12284335494041443,0.6336288452148438,0.9614999890327454,22.04685401916504,8.931015968322754,0.32487213611602783,40.52318572998047,3.2099030017852783,23.813316345214844,38.71084976196289
div2k/0887.png/sigma_0.150,div2k,0887.png,0.15000000596046448,59,1,576,0.0,41.215824127197266,0.5729895830154419,0.27112698554992676,0.02828553505241871,0.9932867288589478,0.10884059965610504,0.548026442527771,0.9611269235610962,21.31999969482422,11.503235816955566,0.28122732043266296,40.754905700683594,2.5606930255889893,19.997528076171875,38.66097640991211
div2k/0888.png/sigma_0.150,div2k,0888.png,0.15000000596046448,75,1,680,0.0,41.215824127197266,0.34652793407440186,0.16900835931301117,0.027902211993932724,0.9917438626289368,0.08935786038637161,0.3131641447544098,0.8904887437820435,11.815671920776367,6.886794090270996,0.24209526181221008,40.644474029541016,2.018723487854004,10.309785842895508,34.66947937011719
div2k/0889.png/sigma_0.150,div2k,0889.png,0.15000000596046448,64,1,609,0.0,41.215824127197266,0.3173311650753021,0.1411605030298233,0.02977563440799713,0.960229754447937,0.11491552740335464,0.2840092182159424,0.8203541040420532,10.577788352966309,5.739721298217773,0.23732633888721466,38.737369537353516,2.728620767593384,9.171634674072266,31.60946273803711
div2k/0890.png/sigma_0.150,div2k,0890.png,0.15000000596046448,82,1,676,0.0,41.215824127197266,0.6362572908401489,0.26710250973701477,0.07112668454647064,0.9937131404876709,0.2147323042154312,0.5578811168670654,0.9863418340682983,24.111600875854492,11.739593505859375,1.3007409572601318,40.82172393798828,6.31210470199585,20.314523696899414,40.27532958984375
div2k/0891.png/sigma_0.150,div2k,0891.png,0.15000000596046448,69,1,664,0.0,41.215824127197266,0.3297691345214844,0.14699973165988922,0.02559058368206024,0.9921329021453857,0.1129763126373291,0.2973565459251404,0.8571738600730896,11.045146942138672,5.9888739585876465,0.1846761256456375,40.66400146484375,2.6239988803863525,9.654106140136719,33.135990142822266
div2k/0892.png/sigma_0.150,div2k,0892.png,0.15000000596046448,68,1,625,0.0,41.215824127197266,0.30655333399772644,0.14860357344150543,0.04648042842745781,0.9703951478004456,0.11249953508377075,0.2709169387817383,0.8200322985649109,10.111621856689453,5.9809770584106445,0.605547308921814,39.170997619628906,2.6992411613464355,8.624491691589355,31.60442543029785
div2k/0893.png/sigma_0.150,div2k,0893.png,0.15000000596046448,52,1,516,0.0,41.215824127197266,0.5026021003723145,0.2670562267303467,0.022725798189640045,0.9951658248901367,0.1003274992108345,0.4515513479709625,0.9894720315933228,18.378372192382812,11.323043823242188,0.13816910982131958,40.898216247558594,2.282163381576538,15.757323265075684,40.4979362487793
div2k/0894.png/sigma_0.150,div2k,0894.png,0.15000000596046448,51,1,496,0.0,41.215824127197266,0.6407985687255859,0.25422391295433044,0.03448314219713211,0.9949002265930176,0.12285692989826202,0.6934691667556763,0.990015983581543,24.232643127441406,10.80821418762207,0.31997427344322205,40.87995147705078,3.2752418518066406,26.196025848388672,40.535274505615234
div2k/0895.png/sigma_0.150,div2k,0895.png,0.15000000596046448,78,1,708,0.0,41.215824127197266,0.41756293177604675,0.20775429904460907,0.035832442343235016,0.9914463758468628,0.12556809186935425,0.3427160978317261,0.9453096389770508,14.54965591430664,8.793313980102539,0.38695165514945984,40.62250900268555,3.3414084911346436,11.186281204223633,37.83122253417969
div2k/0896.png/sigma_0.150,div2k,0896.png,0.15000000596046448,37,1,406,0.0,41.215824127197266,0.7078675627708435,0.3301169276237488,0.01910407282412052,0.9954124093055725,0.0650976225733757,0.8973187208175659,0.9920443296432495,27.748430252075195,14.244731903076172,0.12413770705461502,40.942256927490234,1.2495862245559692,35.175804138183594,40.67534255981445
div2k/0897.png/sigma_0.150,div2k,0897.png,0.15000000596046448,52,1,498,0.0,41.215824127197266,0.21233564615249634,0.05100471153855324,0.06369394063949585,0.8443576097488403,0.1296556293964386,0.2020454704761505,0.38145288825035095,6.774025917053223,2.0131330490112305,0.773222804069519,32.366615295410156,3.2401933670043945,6.3876142501831055,13.221983909606934
div2k/0898.png/sigma_0.150,div2k,0898.png,0.15000000596046448,58,1,521,0.0,41.215824127197266,0.7481844425201416,0.2867356538772583,0.04285590350627899,0.9949079155921936,0.14055345952510834,0.9241243600845337,0.989323616027832,29.192665100097656,12.475714683532715,0.6652480959892273,40.89026641845703,3.6819450855255127,36.34778594970703,40.485939025878906
div2k/0899.png/sigma_0.150,div2k,0899.png,0.15000000596046448,76,1,717,0.0,41.215824127197266,0.35531851649284363,0.20575429499149323,0.027909312397241592,0.9933152198791504,0.0773933157324791,0.29833298921585083,0.9553919434547424,12.251492500305176,8.351471900939941,0.23062258958816528,40.75129699707031,1.6195725202560425,9.809934616088867,38.228599548339844
div2k/0900.png/sigma_0.150,div2k,0900.png,0.15000000596046448,75,1,647,0.0,41.215824127197266,0.4585035741329193,0.22899621725082397,0.026500925421714783,0.9943608045578003,0.09153734147548676,0.4127561151981354,0.9870105385780334,16.437320709228516,9.678640365600586,0.2113928645849228,40.837562561035156,2.0584640502929688,14.12979507446289,40.32340621948242
div2k/0801.png/sigma_0.200,div2k,0801.png,0.20000000298023224,69,1,693,0.0,52.318904876708984,0.4628956913948059,0.15815453231334686,0.0675341933965683,0.9791762828826904,0.1750778704881668,0.43647176027297974,0.8965661525726318,20.970121383666992,8.438552856445312,1.5554039478302002,50.57107162475586,6.413904666900635,19.46796417236328,44.718231201171875
div2k/0802.png/sigma_0.200,div2k,0802.png,0.20000000298023224,32,1,421,0.0,52.318904876708984,0.43296018242836,0.10474315285682678,0.06364903599023819,0.9643588066101074,0.18495061993598938,0.4327363669872284,0.7064505219459534,19.69814109802246,5.510045051574707,1.3107572793960571,49.38916015625,6.968280792236328,19.688796997070312,34.224239349365234
div2k/0803.png/sigma_0.200,div2k,0803.png,0.20000000298023224,51,1,574,0.0,52.318904876708984,0.5459502339363098,0.17262138426303864,0.04098152741789818,0.9910127520561218,0.15729963779449463,0.5617656707763672,0.8879562616348267,25.577077865600586,9.221803665161133,0.6415469646453857,51.525970458984375,5.758900165557861,26.40325164794922,44.243412017822266
div2k/0804.png/sigma_0.200,div2k,0804.png,0.20000000298023224,85,1,767,0.0,52.318904876708984,0.4485321044921875,0.20124214887619019,0.05413607507944107,0.9969639778137207,0.15184076130390167,0.3962041735649109,0.9893252849578857,20.224071502685547,10.89466667175293,0.9125444293022156,52.0532112121582,5.113412857055664,17.156757354736328,51.35693359375
div2k/0805.png/sigma_0.200,div2k,0805.png,0.20000000298023224,56,1,610,0.0,52.318904876708984,0.5565227270126343,0.16785743832588196,0.10431510210037231,0.9960883855819702,0.2103032022714615,0.5424635410308838,0.9689475297927856,26.161869049072266,9.113497734069824,3.192760467529297,51.99766159057617,7.858521461486816,25.33220672607422,49.66254425048828
div2k/0806.png/sigma_0.200,div2k,0806.png,0.20000000298023224,60,1,611,0.0,52.318904876708984,0.6035031080245972,0.1905437409877777,0.08245044946670532,0.9960968494415283,0.194427952170372,0.6198806762695312,0.9730386734008789,28.675708770751953,10.33329963684082,2.033869981765747,52.0106201171875,7.255260944366455,29.453874588012695,49.94212341308594
div2k/0807.png/sigma_0.200,div2k,0807.png,0.20000000298023224,106,1,880,0.0,52.318904876708984,0.5326917767524719,0.1789851188659668,0.056940577924251556,0.9947704076766968,0.21741163730621338,0.4957337975502014,0.9565121531486511,24.626663208007812,9.689175605773926,1.0962328910827637,51.891666412353516,8.008903503417969,22.571727752685547,48.653987884521484
div2k/0808.png/sigma_0.200,div2k,0808.png,0.20000000298023224,65,1,644,0.0,52.318904876708984,0.7040660381317139,0.26374509930610657,0.03854567930102348,0.9968376159667969,0.13580487668514252,0.8276833295822144,0.994392454624176,34.39613342285156,14.619424819946289,0.5211728811264038,52.05497360229492,4.544954299926758,40.46477508544922,51.840084075927734
div2k/0809.png/sigma_0.200,div2k,0809.png,0.20000000298023224,77,1,754,0.0,52.318904876708984,0.5807125568389893,0.16896900534629822,0.07419874519109726,0.9961934089660645,0.24683624505996704,0.5522048473358154,0.9763502478599548,27.338394165039062,9.24858570098877,1.4657093286514282,52.01763153076172,9.634048461914062,25.738140106201172,50.2706413269043
div2k/0810.png/sigma_0.200,div2k,0810.png,0.20000000298023224,119,1,768,0.0,52.318904876708984,0.5968739986419678,0.1570265293121338,0.09230116009712219,0.9851529598236084,0.24424080550670624,0.598096489906311,0.9030423164367676,28.159984588623047,8.494925498962402,2.289365768432617,50.98354721069336,9.450627326965332,28.19232940673828,44.90382385253906
div2k/0811.png/sigma_0.200,div2k,0811.png,0.20000000298023224,78,1,726,0.0,52.318904876708984,0.6735715270042419,0.21816548705101013,0.12312131375074387,0.996833860874176,0.24895283579826355,0.6432052850723267,0.9953706860542297,32.7198486328125,12.375784873962402,2.953681468963623,52.052024841308594,9.615517616271973,30.687246322631836,51.9311408996582
div2k/0812.png/sigma_0.200,div2k,0812.png,0.20000000298023224,58,1,628,0.0,52.318904876708984,0.5582282543182373,0.2515401542186737,0.03587767481803894,0.9962781667709351,0.13893233239650726,0.5273409485816956,0.9890349507331848,26.22335433959961,13.703132629394531,0.6421464085578918,52.0131950378418,4.483468055725098,23.99738311767578,51.34251022338867
div2k/0813.png/sigma_0.200,div2k,0813.png,0.20000000298023224,58,1,629,0.0,52.318904876708984,0.5609655380249023,0.25554126501083374,0.03136832267045975,0.9969431161880493,0.13642868399620056,0.5238920450210571,0.9937713146209717,26.50377082824707,14.050801277160645,0.3304848074913025,52.058712005615234,4.46121883392334,23.972827911376953,51.77671432495117
div2k/0814.png/sigma_0.200,div2k,0814.png,0.20000000298023224,69,1,726,0.0,52.318904876708984,0.7631446123123169,0.27829957008361816,0.06432956457138062,0.9970651865005493,0.18079790472984314,0.9367818236351013,0.9954290390014648,38.00392150878906,15.866387367248535,1.1229888200759888,52.06925964355469,6.221829414367676,47.24565887451172,51.944393157958984
div2k/0815.png/sigma_0.200,div2k,0815.png,0.20000000298023224,70,1,709,0.0,52.318904876708984,0.5149690508842468,0.1577124297618866,0.08477798104286194,0.9940201044082642,0.18987853825092316,0.5105657577514648,0.9021556377410889,23.82276153564453,8.4500150680542,1.9129773378372192,51.809059143066406,6.944085121154785,23.50510025024414,44.96904754638672
div2k/0816.png/sigma_0.200,div2k,0816.png,0.20000000298023224,56,1,596,0.0,52.318904876708984,0.5979100465774536,0.19488388299942017,0.08894037455320358,0.9971436858177185,0.21885977685451508,0.5729223489761353,0.9927910566329956,28.267810821533203,10.779939651489258,1.7190450429916382,52.06856918334961,8.260923385620117,26.709041595458984,51.68931198120117
div2k/0817.png/sigma_0.200,div2k,0817.png,0.20000000298023224,80,1,806,0.0,52.318904876708984,0.5601308345794678,0.21867118775844574,0.08459128439426422,0.9963855147361755,0.19721706211566925,0.5055161118507385,0.9910057187080383,26.304492950439453,12.04994010925293,1.89586341381073,52.02818298339844,7.397582054138184,23.003414154052734,51.530941009521484
div2k/0818.png/sigma_0.200,div2k,0818.png,0.20000000298023224,102,1,803,0.0,52.318904876708984,0.557658851146698,0.25714606046676636,0.060066722333431244,0.9970293045043945,0.17308658361434937,0.48245105147361755,0.9933214783668518,26.3336181640625,14.134099006652832,1.1421101093292236,52.063209533691406,6.125007152557373,21.75155258178711,51.73777389526367
div2k/0819.png/sigma_0.200,div2k,0819.png,0.20000000298023224,88,1,834,0.0,52.318904876708984,0.5162937641143799,0.18217846751213074,0.07010360807180405,0.996916651725769,0.1862165778875351,0.48866528272628784,0.9930633902549744,23.823810577392578,9.90985107421875,1.1208930015563965,52.05423355102539,6.761848449707031,22.14852523803711,51.71406936645508
div2k/0820.png/sigma_0.200,div2k,0820.png,0.20000000298023224,83,1,904,0.0,52.318904876708984,0.4140028953552246,0.2214737981557846,0.03365490585565567,0.9960373640060425,0.10635534673929214,0.3532457947731018,0.9730536937713623,18.379478454589844,11.758952140808105,0.4438660442829132,51.97654724121094,2.921459197998047,14.89126205444336,49.929298400878906
div2k/0821.png/sigma_0.200,div2k,0821.png,0.20000000298023224,47,1,640,0.0,52.318904876708984,0.24094004929065704,0.13988520205020905,0.03131243586540222,0.9969429969787598,0.07862505316734314,0.20765942335128784,0.9298847913742065,9.480644226074219,7.2284955978393555,0.4419178366661072,52.05829620361328,1.8861746788024902,7.675023078918457,46.6385498046875
div2k/0822.png/sigma_0.200,div2k,0822.png,0.20000000298023224,128,1,1088,0.0,52.318904876708984,0.4874502420425415,0.16110989451408386,0.07445213198661804,0.9920042753219604,0.18013669550418854,0.47272342443466187,0.9249127507209778,22.2491455078125,8.636247634887695,1.8861299753189087,51.60089111328125,6.531453609466553,21.360172271728516,46.34207534790039
div2k/0823.png/sigma_0.200,div2k,0823.png,0.20000000298023224,48,1,588,0.0,52.318904876708984,0.6218312382698059,0.29478007555007935,0.05538512021303177,0.9966624975204468,0.19310902059078217,0.5470343232154846,0.9949147701263428,30.09815216064453,16.53324317932129,1.031116008758545,52.04427719116211,6.921119689941406,25.179920196533203,51.89435958862305
div2k/0824.png/sigma_0.200,div2k,0824.png,0.20000000298023224,68,1,711,0.0,52.318904876708984,0.557927131652832,0.281232088804245,0.05794902890920639,0.9967514276504517,0.12821388244628906,0.5094688534736633,0.9926465749740601,26.382421493530273,15.296323776245117,1.067246913909912,52.041236877441406,4.099889278411865,23.053028106689453,51.67987060546875
div2k/0825.png/sigma_0.200,div2k,0825.png,0.20000000298023224,58,1,649,0.0,52.318904876708984,0.41028445959091187,0.18333567678928375,0.04528402164578438,0.9942496418952942,0.13127495348453522,0.36979395151138306,0.9657251238822937,18.09170913696289,9.701889991760254,0.8080121278762817,51.84067916870117,4.236171722412109,15.725382804870605,49.33465576171875
div2k/0826.png/sigma_0.200,div2k,0826.png,0.20000000298023224,74,1,739,0.0,52.318904876708984,0.5877696871757507,0.25121381878852844,0.029729878529906273,0.9967005848884583,0.12918058037757874,0.554639458656311,0.9936839938163757,27.876140594482422,13.856030464172363,0.29865601658821106,52.046566009521484,4.142251491546631,25.590787887573242,51.77782440185547
div2k/0827.png/sigma_0.200,div2k,0827.png,0.20000000298023224,53,1,571,0.0,52.318904876708984,0.8428119421005249,0.2126152068376541,0.03879386931657791,0.9973413348197937,0.23199929296970367,0.969997763633728,0.9959246516227722,42.550743103027344,12.367881774902344,0.6201444864273071,52.088043212890625,8.83315372467041,49.801536560058594,51.979061126708984
div2k/0828.png/sigma_0.200,div2k,0828.png,0.20000000298023224,95,1,986,0.0,52.318904876708984,0.4397329092025757,0.2674548327922821,0.04239141196012497,0.9973134994506836,0.14687201380729675,0.32802528142929077,0.9953428506851196,20.247180938720703,14.701089859008789,0.5698226094245911,52.08613204956055,4.968464374542236,13.868456840515137,51.91790008544922
div2k/0829.png/sigma_0.200,div2k,0829.png,0.20000000298023224,60,1,672,0.0,52.318904876708984,0.5950530767440796,0.2551466226577759,0.04415634647011757,0.9962490797042847,0.11623413115739822,0.6031993627548218,0.9908513426780701,28.300518035888672,13.917844772338867,0.7348538041114807,52.02063751220703,3.520348310470581,28.20986557006836,51.519229888916016
div2k/0830.png/sigma_0.200,div2k,0830.png,0.20000000298023224,75,1,705,0.0,52.318904876708984,0.6449246406555176,0.23438923060894012,0.04506918787956238,0.9965207576751709,0.1988409012556076,0.6569940447807312,0.9914212822914124,30.85547637939453,13.029166221618652,0.8978077173233032,52.03590774536133,7.10407829284668,31.250703811645508,51.56809616088867
div2k/0831.png/sigma_0.200,div2k,0831.png,0.20000000298023224,74,1,779,0.0,52.318904876708984,0.4890998601913452,0.18565283715724945,0.05297427251935005,0.9965370893478394,0.13843144476413727,0.48198214173316956,0.9609944224357605,22.44028091430664,9.939469337463379,0.9592140913009644,52.01957702636719,4.58380126953125,21.77093505859375,49.00631332397461
div2k/0832.png/sigma_0.200,div2k,0832.png,0.20000000298023224,73,1,753,0.0,52.318904876708984,0.47726571559906006,0.22606590390205383,0.043090783059597015,0.996938943862915,0.12310030311346054,0.430861234664917,0.9892842173576355,21.82881736755371,12.168159484863281,0.7280030846595764,52.06135177612305,3.8283350467681885,18.97278594970703,51.36450958251953
div2k/0833.png/sigma_0.200,div2k,0833.png,0.20000000298023224,46,1,535,0.0,52.318904876708984,0.6577951312065125,0.2796753942966461,0.03504651039838791,0.9973102807998657,0.16380010545253754,0.679736852645874,0.994979977607727,32.04854965209961,15.650429725646973,0.638106644153595,52.084999084472656,5.8130011558532715,32.653472900390625,51.89610290527344
div2k/0834.png/sigma_0.200,div2k,0834.png,0.20000000298023224,62,1,649,0.0,52.318904876708984,0.6220366358757019,0.2836883068084717,0.026621028780937195,0.9973709583282471,0.13326793909072876,0.5538424253463745,0.9953150749206543,30.117063522338867,15.890254020690918,0.21309395134449005,52.0900993347168,4.552499771118164,25.650455474853516,51.91632843017578
div2k/0835.png/sigma_0.200,div2k,0835.png,0.20000000298023224,70,1,706,0.0,52.318904876708984,0.55711829662323,0.20136763155460358,0.0925849974155426,0.9961591958999634,0.22166520357131958,0.5202587246894836,0.9842389822006226,26.092987060546875,11.00312328338623,2.526383638381958,51.9998779296875,8.318076133728027,23.917699813842773,50.9295539855957
div2k/0836.png/sigma_0.200,div2k,0836.png,0.20000000298023224,65,1,710,0.0,52.318904876708984,0.5058804154396057,0.25300461053848267,0.03838740289211273,0.9974250793457031,0.1381453275680542,0.42917507886886597,0.9955593347549438,23.44037437438965,14.13110065460205,0.4776199460029602,52.08868408203125,4.2860541343688965,18.708616256713867,51.94062423706055
div2k/0837.png/sigma_0.200,div2k,0837.png,0.20000000298023224,65,1,731,0.0,52.318904876708984,0.41231662034988403,0.1585281938314438,0.05462587624788284,0.9963526129722595,0.1521337479352951,0.37995249032974243,0.9153372049331665,18.26504135131836,8.420886039733887,1.147842288017273,52.02129364013672,5.0890655517578125,16.444580078125,45.7072868347168
div2k/0838.png/sigma_0.200,div2k,0838.png,0.20000000298023224,62,1,592,0.0,52.318904876708984,0.6531491279602051,0.2084788829088211,0.05273810401558876,0.9971771240234375,0.20182499289512634,0.6345711946487427,0.9947140216827393,31.603866577148438,11.597206115722656,1.258462905883789,52.07612609863281,7.6574578285217285,30.403900146484375,51.87178421020508
div2k/0839.png/sigma_0.200,div2k,0839.png,0.20000000298023224,59,1,614,0.0,52.318904876708984,0.6905182600021362,0.2541084885597229,0.08104865252971649,0.9973360896110535,0.18737907707691193,0.6681175827980042,0.9959992170333862,33.9600944519043,14.463497161865234,2.537767171859741,52.087684631347656,7.353391647338867,32.0822639465332,51.975223541259766
div2k/0840.png/sigma_0.200,div2k,0840.png,0.20000000298023224,92,1,818,0.0,52.318904876708984,0.4873957931995392,0.14983831346035004,0.0557263046503067,0.9963301420211792,0.19433744251728058,0.47250425815582275,0.9345582723617554,22.337684631347656,8.045774459838867,0.8598587512969971,52.0088996887207,7.260025501251221,21.50375747680664,46.989139556884766
div2k/0841.png/sigma_0.200,div2k,0841.png,0.20000000298023224,64,1,704,0.0,52.318904876708984,0.6340140104293823,0.25397050380706787,0.07702115923166275,0.9973466396331787,0.19290179014205933,0.6462755799293518,0.9950824975967407,30.499422073364258,14.205028533935547,1.505218267440796,52.081787109375,7.006219863891602,30.780881881713867,51.901161193847656
div2k/0842.png/sigma_0.200,div2k,0842.png,0.20000000298023224,61,1,622,0.0,52.318904876708984,0.6054437160491943,0.24426016211509705,0.05334404855966568,0.9974342584609985,0.1610051542520523,0.6048609018325806,0.9929940104484558,28.928627014160156,13.385558128356934,0.9754956364631653,52.094512939453125,5.676564693450928,28.497177124023438,51.70163345336914
div2k/0843.png/sigma_0.200,div2k,0843.png,0.20000000298023224,36,1,415,0.0,52.318904876708984,0.858293890953064,0.2495187520980835,0.06598015874624252,0.9972989559173584,0.1737249791622162,0.9931703805923462,0.9964077472686768,43.90032958984375,14.174260139465332,1.2675285339355469,52.08513259887695,6.429843902587891,51.72034454345703,52.018978118896484
div2k/0844.png/sigma_0.200,div2k,0844.png,0.20000000298023224,54,2,485,8.672454896441195e-06,52.318904876708984,0.8377095460891724,0.23113998770713806,0.03208203986287117,0.9975036382675171,0.13430581986904144,0.9584203362464905,0.9959918260574341,42.30695724487305,13.053277969360352,0.40200018882751465,52.09942626953125,4.553886413574219,48.8228759765625,51.986175537109375
div2k/0845.png/sigma_0.200,div2k,0845.png,0.20000000298023224,63,1,758,0.0,52.318904876708984,0.5899842381477356,0.3147929012775421,0.03701176866889,0.9972485899925232,0.13196778297424316,0.5054846405982971,0.9957625269889832,28.576404571533203,17.509252548217773,0.7130852937698364,52.080665588378906,4.392892360687256,22.78052520751953,51.959754943847656
div2k/0846.png/sigma_0.200,div2k,0846.png,0.20000000298023224,69,1,776,0.0,52.318904876708984,0.6065809726715088,0.3017290532588959,0.03722178936004639,0.9978157877922058,0.11940644681453705,0.5850340723991394,0.9958903193473816,29.223377227783203,16.921003341674805,0.5287339091300964,52.12126159667969,3.572364568710327,27.227397918701172,51.96550369262695
div2k/0847.png/sigma_0.200,div2k,0847.png,0.20000000298023224,66,1,725,0.0,52.318904876708984,0.46936100721359253,0.246635302901268,0.03266196697950363,0.9972604513168335,0.10987883061170578,0.3989211320877075,0.9945918321609497,21.507080078125,13.410374641418457,0.36269816756248474,52.081668853759766,3.3825151920318604,17.24392318725586,51.84474182128906
div2k/0848.png/sigma_0.200,div2k,0848.png,0.20000000298023224,55,1,623,0.0,52.318904876708984,0.45247501134872437,0.1990547478199005,0.03839048370718956,0.9970502853393555,0.11220851540565491,0.4255577027797699,0.9910615086555481,20.557828903198242,10.61600399017334,0.7320413589477539,52.068519592285156,3.6267099380493164,18.786739349365234,51.51127243041992
div2k/0849.png/sigma_0.200,div2k,0849.png,0.20000000298023224,55,1,676,0.0,52.318904876708984,0.3057090640068054,0.13191142678260803,0.040306732058525085,0.9421231746673584,0.10231513530015945,0.2781892716884613,0.7237060070037842,12.649543762207031,6.698910713195801,0.5105841755867004,47.78776550292969,2.917900562286377,11.131013870239258,34.611358642578125
div2k/0850.png/sigma_0.200,div2k,0850.png,0.20000000298023224,80,1,720,0.0,52.318904876708984,0.5493814945220947,0.2024007886648178,0.07309019565582275,0.9971193075180054,0.1871485561132431,0.5306276082992554,0.992773711681366,25.718786239624023,11.005772590637207,1.788675308227539,52.07305145263672,7.038965702056885,24.4564266204834,51.6786994934082
div2k/0851.png/sigma_0.200,div2k,0851.png,0.20000000298023224,48,1,614,0.0,52.318904876708984,0.6578978300094604,0.2890288829803467,0.04313201084733009,0.9969915747642517,0.14272423088550568,0.6890179514884949,0.9954628944396973,31.99626922607422,16.081214904785156,0.7416396141052246,52.06266403198242,4.6219706535339355,33.053802490234375,51.9402961730957
div2k/0852.png/sigma_0.200,div2k,0852.png,0.20000000298023224,42,1,457,0.0,52.318904876708984,0.8728705644607544,0.16273260116577148,0.19426730275154114,0.9973883628845215,0.39042606949806213,0.9695878028869629,0.9960007071495056,44.260765075683594,9.57670783996582,6.711176872253418,52.09130096435547,17.030210494995117,49.72441101074219,51.98012924194336
div2k/0853.png/sigma_0.200,div2k,0853.png,0.20000000298023224,65,1,644,0.0,52.318904876708984,0.7311715483665466,0.2617381811141968,0.05008663609623909,0.9971650242805481,0.1695164144039154,0.8125399351119995,0.9960327744483948,36.186561584472656,14.8848237991333,0.7115493416786194,52.076080322265625,5.978758811950684,39.908973693847656,51.986331939697266
div2k/0854.png/sigma_0.200,div2k,0854.png,0.20000000298023224,69,1,776,0.0,52.318904876708984,0.5424314141273499,0.2557774484157562,0.05446877330541611,0.9949066638946533,0.1561574637889862,0.46165210008621216,0.9759692549705505,25.32036590576172,14.040324211120605,1.1597732305526733,51.88438034057617,5.264435768127441,20.508941650390625,50.28847885131836
div2k/0855.png/sigma_0.200,div2k,0855.png,0.20000000298023224,154,1,1076,0.0,52.318904876708984,0.6451195478439331,0.2109229862689972,0.09983507543802261,0.9962295293807983,0.22145295143127441,0.6502202749252319,0.9922571778297424,30.98533058166504,11.691947937011719,2.701909303665161,52.00731658935547,8.474279403686523,31.07815170288086,51.638465881347656
div2k/0856.png/sigma_0.200,div2k,0856.png,0.20000000298023224,104,1,808,0.0,52.318904876708984,0.7969248294830322,0.18680498003959656,0.14890184998512268,0.9968171715736389,0.3746251165866852,0.8601973056793213,0.9949960112571716,39.530189514160156,10.793183326721191,4.345703125,52.05370330810547,15.833029747009277,42.310157775878906,51.89747619628906
div2k/0857.png/sigma_0.200,div2k,0857.png,0.20000000298023224,74,1,586,0.0,52.318904876708984,0.6470213532447815,0.16477113962173462,0.11091923713684082,0.9872524738311768,0.22267872095108032,0.672756016254425,0.9235773682594299,30.955284118652344,8.920368194580078,2.3191356658935547,51.229454040527344,8.655467987060547,32.38938903808594,46.40690612792969
div2k/0858.png/sigma_0.200,div2k,0858.png,0.20000000298023224,79,1,826,0.0,52.318904876708984,0.7053115367889404,0.24805450439453125,0.05792439728975296,0.9973435997962952,0.1769440919160843,0.7188409566879272,0.9954097867012024,34.59294128417969,14.046029090881348,0.9220293164253235,52.08612060546875,6.430181503295898,34.69869613647461,51.92850112915039
div2k/0859.png/sigma_0.200,div2k,0859.png,0.20000000298023224,97,2,881,9.98413179331692e-06,52.318904876708984,0.513390839099884,0.20823945105075836,0.06651338934898376,0.995442271232605,0.1608491986989975,0.46780091524124146,0.980554461479187,23.64519500732422,11.310257911682129,1.4543697834014893,51.931861877441406,5.504429817199707,20.926816940307617,50.58652114868164
div2k/0860.png/sigma_0.200,div2k,0860.png,0.20000000298023224,95,1,846,0.0,52.318904876708984,0.434581458568573,0.15436188876628876,0.0496712327003479,0.9817931056022644,0.16123318672180176,0.41255706548690796,0.9250820279121399,19.39105987548828,8.228689193725586,0.8362084031105042,50.66573715209961,5.540613174438477,18.084957122802734,46.64754867553711
div2k/0861.png/sigma_0.200,div2k,0861.png,0.20000000298023224,78,1,835,0.0,52.318904876708984,0.6348710656166077,0.3018750250339508,0.04172958433628082,0.9972437620162964,0.1480732411146164,0.6043711304664612,0.9957844614982605,30.827796936035156,17.027795791625977,0.6002902984619141,52.07552719116211,4.749345302581787,28.15353775024414,51.960811614990234
div2k/0862.png/sigma_0.200,div2k,0862.png,0.20000000298023224,73,1,622,0.0,52.318904876708984,0.787351667881012,0.17395758628845215,0.12249799072742462,0.9967306852340698,0.32126539945602417,0.8328902721405029,0.9916167855262756,38.89604187011719,9.814651489257812,3.455423593521118,52.047264099121094,13.392972946166992,40.953216552734375,51.58559799194336
div2k/0863.png/sigma_0.200,div2k,0863.png,0.20000000298023224,54,1,614,0.0,52.318904876708984,0.6259195804595947,0.25337013602256775,0.06004975363612175,0.9971655607223511,0.20371101796627045,0.5469051599502563,0.9953019022941589,30.287731170654297,14.281835556030273,1.2397290468215942,52.076114654541016,7.881388187408447,25.447254180908203,51.9223518371582
div2k/0864.png/sigma_0.200,div2k,0864.png,0.20000000298023224,79,1,699,0.0,52.318904876708984,0.5778576135635376,0.15083453059196472,0.06517215073108673,0.9941823482513428,0.2531609535217285,0.5674900412559509,0.9585923552513123,27.14906883239746,8.231741905212402,1.2518310546875,51.82237243652344,9.940317153930664,26.53327178955078,48.752784729003906
div2k/0865.png/sigma_0.200,div2k,0865.png,0.20000000298023224,63,1,631,0.0,52.318904876708984,0.5719468593597412,0.20242491364479065,0.09401719272136688,0.9957194924354553,0.21339641511440277,0.5415141582489014,0.9863450527191162,26.85793113708496,11.0399169921875,2.399838447570801,51.9805908203125,7.916322708129883,25.144676208496094,51.11166763305664
div2k/0866.png/sigma_0.200,div2k,0866.png,0.20000000298023224,104,1,872,0.0,52.318904876708984,0.44956761598587036,0.17787596583366394,0.09516924619674683,0.9948217868804932,0.19356116652488708,0.4033834934234619,0.961637020111084,20.28350067138672,9.63050365447998,2.385533332824707,51.89308166503906,7.2065277099609375,17.655330657958984,49.12171173095703
div2k/0867.png/sigma_0.200,div2k,0867.png,0.20000000298023224,75,1,714,0.0,52.318904876708984,0.4248592257499695,0.14977245032787323,0.05984954535961151,0.9789892435073853,0.17139661312103271,0.3986758589744568,0.8726270794868469,18.80466651916504,7.957088470458984,1.3249000310897827,50.552978515625,5.919064521789551,17.258499145507812,43.345184326171875
div2k/0868.png/sigma_0.200,div2k,0868.png,0.20000000298023224,61,2,656,9.781538210518192e-06,52.318904876708984,0.8261553049087524,0.2754513919353485,0.060970064252614975,0.9976629614830017,0.16594907641410828,0.9915033578872681,0.9963077902793884,41.988529205322266,15.631734848022461,0.9703450202941895,52.10685729980469,5.749695301055908,51.57222366333008,52.01475143432617
div2k/0869.png/sigma_0.200,div2k,0869.png,0.20000000298023224,62,1,667,0.0,52.318904876708984,0.606752872467041,0.24095739424228668,0.08888251334428787,0.9971349835395813,0.22877982258796692,0.5356844663619995,0.9944072365760803,29.022010803222656,13.327710151672363,2.4340085983276367,52.0740852355957,8.935245513916016,24.92679214477539,51.84190368652344
div2k/0870.png/sigma_0.200,div2k,0870.png,0.20000000298023224,90,1,815,0.0,52.318904876708984,0.4059288501739502,0.10847368091344833,0.058164745569229126,0.9410640001296997,0.19049769639968872,0.3958776593208313,0.7688730359077454,17.796180725097656,5.70994234085083,1.1159157752990723,47.3806037902832,6.934765815734863,17.224742889404297,37.187904357910156
div2k/0871.png/sigma_0.200,div2k,0871.png,0.20000000298023224,56,1,620,0.0,52.318904876708984,0.4700058102607727,0.16458161175251007,0.09708203375339508,0.9962694644927979,0.1848587989807129,0.4367360770702362,0.917347252368927,21.395456314086914,8.806163787841797,2.622600555419922,52.018524169921875,6.846593856811523,19.484691619873047,46.20167541503906
div2k/0872.png/sigma_0.200,div2k,0872.png,0.20000000298023224,82,1,770,0.0,52.318904876708984,0.42625731229782104,0.19238653779029846,0.05604572966694832,0.9941859245300293,0.1416189819574356,0.3770844042301178,0.9388173222541809,19.14987564086914,10.247318267822266,1.1884709596633911,51.84013748168945,4.817264080047607,16.380661010742188,47.50490188598633
div2k/0873.png/sigma_0.200,div2k,0873.png,0.20000000298023224,74,1,778,0.0,52.318904876708984,0.5423809289932251,0.20732155442237854,0.08598746359348297,0.9966050386428833,0.20070943236351013,0.49260401725769043,0.9829452037811279,25.22182273864746,11.41494083404541,2.1511549949645996,52.02293395996094,7.226946830749512,22.390304565429688,50.83348846435547
div2k/0874.png/sigma_0.200,div2k,0874.png,0.20000000298023224,91,1,825,0.0,52.318904876708984,0.6206373572349548,0.2010156214237213,0.05838629975914955,0.9972820281982422,0.2102271020412445,0.604288637638092,0.9949443936347961,29.492624282836914,11.154670715332031,1.0256978273391724,52.077423095703125,8.04399585723877,28.36688995361328,51.87860870361328
div2k/0875.png/sigma_0.200,div2k,0875.png,0.20000000298023224,68,1,705,0.0,52.318904876708984,0.3913406729698181,0.12314587086439133,0.05349355936050415,0.9705184698104858,0.16144472360610962,0.3743355870246887,0.7812535166740417,17.030954360961914,6.485472679138184,0.918361246585846,50.02334213256836,5.474296569824219,16.03054428100586,38.01542663574219
div2k/0876.png/sigma_0.200,div2k,0876.png,0.20000000298023224,100,1,921,0.0,52.318904876708984,0.617343544960022,0.2042091339826584,0.09421999752521515,0.9968529939651489,0.19962604343891144,0.6156209111213684,0.9935457110404968,29.436250686645508,11.195259094238281,2.090460777282715,52.055931091308594,7.970658302307129,29.070655822753906,51.7529182434082
div2k/0877.png/sigma_0.200,div2k,0877.png,0.20000000298023224,99,1,803,0.0,52.318904876708984,0.7510519027709961,0.24120058119297028,0.036848098039627075,0.9973756670951843,0.17045721411705017,0.8105727434158325,0.9953891634941101,37.16841506958008,13.620936393737793,0.471126526594162,52.0847053527832,6.062830924987793,39.5399169921875,51.93283462524414
div2k/0878.png/sigma_0.200,div2k,0878.png,0.20000000298023224,63,1,693,0.0,52.318904876708984,0.4642587900161743,0.1811622679233551,0.03880535811185837,0.994702935218811,0.15417693555355072,0.42915433645248413,0.9214202761650085,20.979829788208008,9.691265106201172,0.5884503722190857,51.884239196777344,5.283198833465576,18.94729232788086,46.20226287841797
div2k/0879.png/sigma_0.200,div2k,0879.png,0.20000000298023224,59,1,654,0.0,52.318904876708984,0.6534454822540283,0.3128295838832855,0.06202277913689613,0.9969815015792847,0.15075437724590302,0.7359234094619751,0.9943636059761047,31.871225357055664,17.43642234802246,1.305299162864685,52.06308364868164,4.974270820617676,35.2849235534668,51.84568786621094
div2k/0880.png/sigma_0.200,div2k,0880.png,0.20000000298023224,85,1,739,0.0,52.318904876708984,0.6700007915496826,0.25732529163360596,0.10811006277799606,0.9964142441749573,0.2193460613489151,0.721154510974884,0.9926612377166748,32.49742126464844,14.271286010742188,2.948970317840576,52.02980422973633,8.547062873840332,34.79151153564453,51.6844367980957
div2k/0881.png/sigma_0.200,div2k,0881.png,0.20000000298023224,69,1,646,0.0,52.318904876708984,0.6592172980308533,0.22317077219486237,0.037275899201631546,0.9961739778518677,0.18220867216587067,0.6873795986175537,0.99006187915802,31.732868194580078,12.23577880859375,0.46284326910972595,52.0079345703125,6.7411274909973145,33.12728500366211,51.44239044189453
div2k/0882.png/sigma_0.200,div2k,0882.png,0.20000000298023224,74,1,692,0.0,52.318904876708984,0.4875014126300812,0.21398308873176575,0.038550034165382385,0.9962714314460754,0.10710164159536362,0.4635581076145172,0.9892611503601074,22.594240188598633,11.460975646972656,0.6016553044319153,51.998355865478516,3.209803819656372,21.176467895507812,51.36397933959961
div2k/0883.png/sigma_0.200,div2k,0883.png,0.20000000298023224,57,1,625,0.0,52.318904876708984,0.482555627822876,0.18623636662960052,0.0844208151102066,0.9959197044372559,0.1889338344335556,0.4341409504413605,0.9776374101638794,22.091331481933594,10.142592430114746,1.9763095378875732,51.97981262207031,7.059948444366455,19.322368621826172,50.336483001708984
div2k/0884.png/sigma_0.200,div2k,0884.png,0.20000000298023224,56,1,638,0.0,52.318904876708984,0.4419111907482147,0.15798944234848022,0.0585751011967659,0.9902839660644531,0.13554413616657257,0.42587026953697205,0.8661407232284546,19.779949188232422,8.372139930725098,0.9528465270996094,51.46286392211914,4.528244972229004,18.70609474182129,42.77769088745117
div2k/0885.png/sigma_0.200,div2k,0885.png,0.20000000298023224,97,1,942,0.0,52.318904876708984,0.5465067625045776,0.1950051486492157,0.06693714112043381,0.9965991973876953,0.21572847664356232,0.5027804374694824,0.9901419878005981,25.302326202392578,10.780837059020996,1.1712108850479126,52.03115463256836,7.946461200714111,22.72179412841797,51.44309997558594
div2k/0886.png/sigma_0.200,div2k,0886.png,0.20000000298023224,71,1,633,0.0,52.318904876708984,0.6364378929138184,0.213226780295372,0.037203751504421234,0.995351254940033,0.15561790764331818,0.6673910021781921,0.9806554317474365,30.500011444091797,11.552353858947754,0.6697683930397034,51.92579650878906,5.499373912811279,32.01741027832031,50.652191162109375
div2k/0887.png/sigma_0.200,div2k,0887.png,0.20000000298023224,68,1,672,0.0,52.318904876708984,0.6449736952781677,0.26676374673843384,0.052033379673957825,0.9960778951644897,0.145447239279747,0.6676144599914551,0.9794920086860657,30.98126220703125,14.623526573181152,0.9338058233261108,52.01152420043945,4.781716823577881,31.83429718017578,50.52357482910156
div2k/0888.png/sigma_0.200,div2k,0888.png,0.20000000298023224,62,1,668,0.0,52.318904876708984,0.408388614654541,0.17635007202625275,0.0452272966504097,0.996101438999176,0.11961553245782852,0.3785555064678192,0.9388298988342285,18.15511703491211,9.306282997131348,0.8248279094696045,51.97601318359375,3.8122735023498535,16.38494873046875,47.39982986450195
div2k/0889.png/sigma_0.200,div2k,0889.png,0.20000000298023224,59,1,659,0.0,52.318904876708984,0.38820934295654297,0.15406166017055511,0.038674719631671906,0.9742829203605652,0.1555633544921875,0.3489542603492737,0.8730354905128479,17.0252685546875,8.133408546447754,0.4542895257472992,50.18550109863281,5.223206520080566,14.882497787475586,43.137001037597656
div2k/0890.png/sigma_0.200,div2k,0890.png,0.20000000298023224,69,1,662,0.0,52.318904876708984,0.6918151378631592,0.2387562394142151,0.08029434084892273,0.9964709281921387,0.2683783769607544,0.6535762548446655,0.9909981489181519,33.688594818115234,13.485939025878906,1.87839937210083,52.0292854309082,10.580293655395508,31.076541900634766,51.52967071533203
div2k/0891.png/sigma_0.200,div2k,0891.png,0.20000000298023224,67,1,742,0.0,52.318904876708984,0.3916083574295044,0.15226717293262482,0.04185492917895317,0.9972707629203796,0.15383119881153107,0.3610670566558838,0.9016308188438416,17.15005874633789,8.043989181518555,0.6309706568717957,52.07999801635742,5.082361221313477,15.439437866210938,44.74014663696289
div2k/0892.png/sigma_0.200,div2k,0892.png,0.20000000298023224,91,1,894,0.0,52.318904876708984,0.38043609261512756,0.17481373250484467,0.06552830338478088,0.9838582277297974,0.15099741518497467,0.3328734040260315,0.9186352491378784,16.54842185974121,9.1940336227417,1.2065831422805786,50.84423828125,5.021197319030762,13.965177536010742,45.95695495605469
div2k/0893.png/sigma_0.200,div2k,0893.png,0.20000000298023224,66,1,684,0.0,52.318904876708984,0.571968138217926,0.27527332305908203,0.029354341328144073,0.9969020485877991,0.12707562744617462,0.5405140519142151,0.994502604007721,27.079959869384766,15.144882202148438,0.3068021833896637,52.056034088134766,3.9405100345611572,24.63697052001953,51.85078048706055
div2k/0894.png/sigma_0.200,div2k,0894.png,0.20000000298023224,83,2,739,9.991178558266256e-06,52.318904876708984,0.7013980150222778,0.24680796265602112,0.04411568492650986,0.9967432022094727,0.1514900177717209,0.7792734503746033,0.994723379611969,34.190773010253906,13.571200370788574,0.640886127948761,52.04915237426758,5.465171813964844,37.96221923828125,51.86951446533203
div2k/0895.png/sigma_0.200,div2k,0895.png,0.20000000298023224,99,1,895,0.0,52.318904876708984,0.5061771869659424,0.20546387135982513,0.04584984481334686,0.9968253374099731,0.15272736549377441,0.44687896966934204,0.988756000995636,23.247652053833008,11.248470306396484,0.7410005927085876,52.04808807373047,5.660735130310059,19.73151397705078,51.31275939941406
div2k/0896.png/sigma_0.200,div2k,0896.png,0.20000000298023224,29,2,434,8.087669812084641e-06,52.318904876708984,0.7308911085128784,0.31874942779541016,0.02220631204545498,0.9973815679550171,0.08710280805826187,0.9210803508758545,0.9959096312522888,36.52351760864258,17.697086334228516,0.22683240473270416,52.0908317565918,2.3770012855529785,46.237022399902344,51.97627639770508
div2k/0897.png/sigma_0.200,div2k,0897.png,0.20000000298023224,43,1,521,0.0,52.318904876708984,0.24423159658908844,0.06490599364042282,0.07900814712047577,0.9072588682174683,0.16053065657615662,0.22947034239768982,0.4714016914367676,10.058643341064453,3.272041082382202,1.302304983139038,45.381954193115234,5.554530143737793,9.326152801513672,21.16905975341797
div2k/0898.png/sigma_0.200,div2k,0898.png,0.20000000298023224,50,1,533,0.0,52.318904876708984,0.7746018171310425,0.2602245807647705,0.06964151561260223,0.9967195987701416,0.20053893327713013,0.9346265196800232,0.9931597113609314,38.546627044677734,14.555561065673828,1.765804409980774,52.0477180480957,7.416031837463379,46.9135627746582,51.73493957519531
div2k/0899.png/sigma_0.200,div2k,0899.png,0.20000000298023224,109,1,1034,0.0,52.318904876708984,0.42761021852493286,0.24022458493709564,0.038087982684373856,0.9966751933097839,0.10234101116657257,0.35222405195236206,0.9907525777816772,19.27605438232422,12.767645835876465,0.5324244499206543,52.04493713378906,2.9716668128967285,15.042680740356445,51.49468994140625
div2k/0900.png/sigma_0.200,div2k,0900.png,0.20000000298023224,78,1,819,0.0,52.318904876708984,0.5358245372772217,0.23344862461090088,0.035225123167037964,0.9967097640037537,0.12242062389850616,0.5108617544174194,0.9932300448417664,24.93172836303711,12.750215530395508,0.4429357349872589,52.04231262207031,3.830977201461792,23.062992095947266,51.723209381103516
geometry/square_gradient.png/sigma_0.050,geometry,square_gradient.png,0.05000000074505806,11,1,98,0.0,17.871837615966797,0.7673117518424988,0.15901874005794525,0.01244768314063549,0.9710051417350769,0.16847047209739685,0.8307567834854126,0.8730661273002625,12.791642189025879,2.8471202850341797,0.010599315166473389,17.012887954711914,2.382331609725952,13.878055572509766,14.824955940246582
geometry/step_edge.png/sigma_0.050,geometry,step_edge.png,0.05000000074505806,9,1,73,0.0,17.871837615966797,0.888664960861206,0.14289233088493347,0.023768113926053047,0.9695601463317871,0.2129327654838562,0.9355019330978394,0.9532671570777893,15.308027267456055,2.679114818572998,0.15272210538387299,17.08010482788086,3.089219808578491,16.214187622070312,16.678630828857422
geometry/disk.png/sigma_0.050,geometry,disk.png,0.05000000074505806,14,1,136,0.0,17.871837615966797,0.8258534669876099,0.2418917715549469,0.009999999776482582,0.9635608196258545,0.03207685425877571,0.9321470260620117,0.9526791572570801,14.129833221435547,4.411337375640869,0.001787183340638876,16.93999671936035,0.22461438179016113,16.11801528930664,16.660228729248047
geometry/triangle.png/sigma_0.050,geometry,triangle.png,0.05000000074505806,15,1,140,0.0,17.871837615966797,0.8327327370643616,0.2295593023300171,0.009999999776482582,0.9683202505111694,0.046394139528274536,0.9326909184455872,0.9527395963668823,14.253528594970703,4.210170269012451,0.001787183340638876,17.064525604248047,0.4384104609489441,16.13397979736328,16.66341209411621
geometry/nested_rectangles.png/sigma_0.050,geometry,nested_rectangles.png,0.05000000074505806,9,1,82,0.0,17.871837615966797,0.7791262865066528,0.26115354895591736,0.010097016580402851,0.9662275910377502,0.13885433971881866,0.9266542792320251,0.9522952437400818,13.263900756835938,4.773841381072998,0.0018433919176459312,16.983694076538086,1.9414019584655762,15.968639373779297,16.651622772216797
geometry/square_gradient.png/sigma_0.100,geometry,square_gradient.png,0.10000000149011612,18,1,156,0.0,29.641082763671875,0.8252747058868408,0.15737640857696533,0.015720728784799576,0.9903421998023987,0.2039434015750885,0.8864353895187378,0.9317554831504822,23.189701080322266,4.858536720275879,0.049573540687561035,29.162837982177734,4.801724910736084,25.027122497558594,26.79775619506836
geometry/step_edge.png/sigma_0.100,geometry,step_edge.png,0.10000000149011612,9,2,102,9.543169653625228e-06,29.641082763671875,0.9309213161468506,0.13694706559181213,0.03153642266988754,0.9912875890731812,0.24972954392433167,0.9744943976402283,0.9863324165344238,26.941444396972656,4.404576778411865,0.35148361325263977,29.2134952545166,6.077738285064697,28.40412712097168,28.998624801635742
geometry/disk.png/sigma_0.100,geometry,disk.png,0.10000000149011612,21,1,213,0.0,29.641082763671875,0.8758305311203003,0.22840578854084015,0.014116890728473663,0.9905946254730225,0.07148712873458862,0.9718660116195679,0.9859530329704285,25.187253952026367,7.0944623947143555,0.021827159449458122,29.18561553955078,1.178137183189392,28.26816177368164,28.982023239135742
geometry/triangle.png/sigma_0.100,geometry,triangle.png,0.10000000149011612,17,1,182,0.0,29.641082763671875,0.880942702293396,0.2165621817111969,0.011741208843886852,0.9911832809448242,0.09219333529472351,0.9721097946166992,0.9859877824783325,25.3428897857666,6.751064777374268,0.012178069911897182,29.239133834838867,1.8201690912246704,28.281356811523438,28.98403549194336
geometry/nested_rectangles.png/sigma_0.100,geometry,nested_rectangles.png,0.10000000149011612,10,1,123,0.0,29.641082763671875,0.8242062926292419,0.2580042779445648,0.01327582634985447,0.99161297082901,0.16043639183044434,0.9666565656661987,0.9857462644577026,23.531654357910156,8.033440589904785,0.019926300272345543,29.240461349487305,3.7615342140197754,28.00725555419922,28.96819305419922
geometry/square_gradient.png/sigma_0.150,geometry,square_gradient.png,0.15000000596046448,20,1,199,0.0,41.215824127197266,0.8515369296073914,0.1533634513616562,0.019556447863578796,0.9876681566238403,0.22943297028541565,0.9077208042144775,0.9584155678749084,33.537757873535156,6.746519565582275,0.13172630965709686,40.40114212036133,7.447093486785889,35.957096099853516,38.71076965332031
geometry/step_edge.png/sigma_0.150,geometry,step_edge.png,0.15000000596046448,8,1,122,0.0,41.215824127197266,0.9462908506393433,0.12999318540096283,0.04169430583715439,0.9964792728424072,0.2841966450214386,0.9868628978729248,0.9934203624725342,38.35232162475586,5.946572303771973,0.6204039454460144,40.988677978515625,9.42476749420166,40.31204605102539,40.77538299560547
geometry/disk.png/sigma_0.150,geometry,disk.png,0.15000000596046448,18,1,214,0.0,41.215824127197266,0.8977981805801392,0.21325083076953888,0.02706390619277954,0.9963821768760681,0.11365984380245209,0.9854789972305298,0.9931294918060303,36.1917839050293,9.369302749633789,0.1614658534526825,40.98665237426758,3.1972599029541016,40.21202850341797,40.75741958618164
geometry/triangle.png/sigma_0.150,geometry,triangle.png,0.15000000596046448,17,1,204,0.0,41.215824127197266,0.9006372094154358,0.2059827744960785,0.015710074454545975,0.9964417219161987,0.11818806827068329,0.9855318069458008,0.9932132363319397,36.3116569519043,9.061820030212402,0.09646814316511154,40.98930740356445,3.5195844173431396,40.21574783325195,40.761756896972656
geometry/nested_rectangles.png/sigma_0.150,geometry,nested_rectangles.png,0.15000000596046448,10,1,156,0.0,41.215824127197266,0.8442287445068359,0.2507886290550232,0.0154368681833148,0.9959937334060669,0.17726817727088928,0.9824134111404419,0.9930697679519653,33.740699768066406,11.06381893157959,0.06961578130722046,40.9664192199707,5.681889057159424,39.987815856933594,40.75121307373047
geometry/square_gradient.png/sigma_0.200,geometry,square_gradient.png,0.20000000298023224,21,1,237,0.0,52.318904876708984,0.8691847324371338,0.14881105720996857,0.02476685307919979,0.9951428771018982,0.2539615035057068,0.9222245812416077,0.974138081073761,43.66327667236328,8.451193809509277,0.2859414517879486,51.889007568359375,10.399109840393066,46.56930160522461,50.22367477416992
geometry/step_edge.png/sigma_0.200,geometry,step_edge.png,0.20000000298023224,9,1,148,0.0,52.318904876708984,0.9545382261276245,0.12372740358114243,0.04968765377998352,0.9972556829452515,0.31340736150741577,0.9925491809844971,0.9962262511253357,49.296844482421875,7.298020839691162,0.9584991931915283,52.082183837890625,13.164281845092773,51.67286682128906,52.012001037597656
geometry/disk.png/sigma_0.200,geometry,disk.png,0.20000000298023224,15,1,220,0.0,52.318904876708984,0.9099085330963135,0.20217296481132507,0.06759971380233765,0.9971857070922852,0.1419074833393097,0.991659939289093,0.9961159229278564,46.761756896972656,11.39847469329834,1.2306126356124878,52.07582473754883,5.396155834197998,51.590267181396484,52.00315475463867
geometry/triangle.png/sigma_0.200,geometry,triangle.png,0.20000000298023224,14,1,219,0.0,52.318904876708984,0.9119530320167542,0.1967853158712387,0.019529670476913452,0.9974390268325806,0.138993039727211,0.9917251467704773,0.9961556792259216,46.86960220336914,11.104843139648438,0.17926746606826782,52.0948486328125,5.403386116027832,51.59490203857422,52.00590515136719
geometry/nested_rectangles.png/sigma_0.200,geometry,nested_rectangles.png,0.20000000298023224,12,1,203,0.0,52.318904876708984,0.8571918606758118,0.24184605479240417,0.01794649288058281,0.9972615838050842,0.19542557001113892,0.9897661805152893,0.9960917830467224,43.640113830566406,13.737414360046387,0.14871852099895477,52.07966613769531,7.88099479675293,51.41124725341797,52.000125885009766
