method,idx,base_idx,crop_id,path,sample_id,dataset,image_name,noise_seed,clean_sha256,noisy_sha256,sigma,noisy_mse,noisy_psnr,noisy_ssim,recon_mse,recon_psnr,recon_ssim,solver_outer_iterations,solver_last_inner_iterations,solver_total_inner_iterations,solver_outer_relative_residual,deal_lambda,attention_mean_mean,attention_mean_std,attention_mean_min,attention_mean_max,attention_mean_p01,attention_mean_median,attention_mean_p99,effective_weight_mean,effective_weight_std,effective_weight_min,effective_weight_max,effective_weight_p01,effective_weight_median,effective_weight_p99
DEAL (official pretrained),0,0,0,/Users/kyrillguba/Documents/Data Analytics MSc/Thesis/Python/First Try/data/DIV2K/DIV2K_valid_HR/0801.png,div2k/0801.png/sigma_0.050,div2k,0801.png,20000,9ca598cce3296c3968a2f8f7685477f637dbdbbb9d4efb1cd418ca185bd31eef,23816f670e12ef763ffa26e17d479c22563b12b91b944922e6e872ff0e91ddd9,0.05000000074505806,0.002490886254236102,26.036462783813477,0.8823994398117065,0.0011314849834889174,29.463512420654297,0.9436362981796265,27,1,238,0.0,17.871837615966797,0.19552965462207794,0.1056109145283699,0.025402545928955078,0.7740069627761841,0.06487669050693512,0.1739385426044464,0.6824442148208618,2.6752023696899414,1.8022300004959106,0.10572868585586548,12.95264720916748,0.5981817841529846,2.288158416748047,11.267560958862305
DEAL (official pretrained),1,1,0,/Users/kyrillguba/Documents/Data Analytics MSc/Thesis/Python/First Try/data/DIV2K/DIV2K_valid_HR/0802.png,div2k/0802.png/sigma_0.050,div2k,0802.png,20001,3177c80331fb32ceee70ac3ef64d2e56a1bce05ea8a9c0b664e2592552554742,d7445e9bbede99adf4b19b227f2355615e482ee7cff23a13638b786e6b30c394,0.05000000074505806,0.002405831590294838,26.187347412109375,0.9328572154045105,0.0005424833507277071,32.65613555908203,0.9841583967208862,20,1,177,0.0,17.871837615966797,0.2800270915031433,0.0946982130408287,0.027838677167892456,0.765866756439209,0.08394695073366165,0.2787013053894043,0.5305129289627075,4.205490589141846,1.6225224733352661,0.18216407299041748,12.969141960144043,0.9123090505599976,4.180243015289307,8.518820762634277
DEAL (official pretrained),2,2,0,/Users/kyrillguba/Documents/Data Analytics MSc/Thesis/Python/First Try/data/DIV2K/DIV2K_valid_HR/0803.png,div2k/0803.png/sigma_0.050,div2k,0803.png,20002,671a4205d217354c075117f716a83d9a5ef2b4c921475de333f15ac8882c9356,b5a7166a3bd623d88ad5e32920e020aa9881a7f9602b957908661d9ad5911f05,0.05000000074505806,0.002532033249735832,25.965307235717773,0.7820858955383301,0.0003219623176846653,34.92194747924805,0.9727422595024109,21,1,186,0.0,17.871837615966797,0.38969096541404724,0.18130189180374146,0.01412737462669611,0.8180913925170898,0.06911575049161911,0.4106527864933014,0.7107416391372681,6.10157585144043,3.1702446937561035,0.034967418760061264,13.921158790588379,0.6905120015144348,6.400211334228516,11.741021156311035
DEAL (official pretrained),3,3,0,/Users/kyrillguba/Documents/Data Analytics MSc/Thesis/Python/First Try/data/DIV2K/DIV2K_valid_HR/0804.png,div2k/0804.png/sigma_0.050,div2k,0804.png,20003,f95563d4b6e58b102c165eeec7f7e1ba2608e12c3a331510949f0cce842149ea,8156d77cd656fb19dfebf51512b4d5696d40aeafb0bde5085e54bd36695252c2,0.05000000074505806,0.00246782717294991,26.076852798461914,0.8910704851150513,0.0008698971942067146,30.60531997680664,0.962355375289917,39,1,292,0.0,17.871837615966797,0.21930211782455444,0.15389478206634521,0.018532298505306244,0.9496516585350037,0.05228342115879059,0.17685404419898987,0.8405184745788574,3.101222038269043,2.647606611251831,0.04264466091990471,16.6256103515625,0.41628164052963257,2.363943338394165,14.023624420166016
DEAL (official pretrained),4,4,0,/Users/kyrillguba/Documents/Data Analytics MSc/Thesis/Python/First Try/data/DIV2K/DIV2K_valid_HR/0805.png,div2k/0805.png/sigma_0.050,div2k,0805.png,20004,bac34b49da4033070da28c152ece5c527c7274eafed4e320f3e7258274a93177,d733ca341fa83d639b60a0d5d843dcd82077f7873c9129c0080f5cd10352a039,0.05000000074505806,0.002380685182288289,26.232982635498047,0.8473595976829529,0.0008569012279622257,30.670692443847656,0.9324080348014832,44,1,304,0.0,17.871837615966797,0.28214436769485474,0.11349385231733322,0.02690162882208824,0.887296199798584,0.06807714700698853,0.2748008966445923,0.6022177338600159,4.160270690917969,1.9424262046813965,0.10355556756258011,15.10745906829834,0.6724082827568054,4.03425407409668,9.791059494018555
DEAL (official pretrained),5,5,0,/Users/kyrillguba/Documents/Data Analytics MSc/Thesis/Python/First Try/data/DIV2K/DIV2K_valid_HR/0806.png,div2k/0806.png/sigma_0.050,div2k,0806.png,20005,befc31ea0c7663db0351a7238adfea3153639f5dfa13cb7cacfd757a46539d49,f1db7de87fc069e24df1302f21e8934d1fe35cda4374b9a2915d579081ffa22f,0.05000000074505806,0.002493798965588212,26.031387329101562,0.7556111812591553,0.0005230734823271632,32.81437301635742,0.9538145661354065,29,1,241,0.0,17.871837615966797,0.39784935116767883,0.20286931097507477,0.020587265491485596,0.9445210695266724,0.0579056516289711,0.3842938244342804,0.8381513953208923,6.200103759765625,3.5320913791656494,0.04524883255362511,16.442737579345703,0.5092531442642212,5.900191783905029,13.891042709350586
DEAL (official pretrained),6,6,0,/Users/kyrillguba/Documents/Data Analytics MSc/Thesis/Python/First Try/data/DIV2K/DIV2K_valid_HR/0807.png,div2k/0807.png/sigma_0.050,div2k,0807.png,20006,1e941eaeed69e78250491fe2c5b2f458f2f36301b8aa701227bd408f852fa572,1472dc7dc1cc2319794d51c25542091f03a175962d768447565a84affad77cfd,0.05000000074505806,0.002496341709047556,26.026958465576172,0.8193234205245972,0.0010690484195947647,29.710025787353516,0.930593729019165,31,1,263,0.0,17.871837615966797,0.24721720814704895,0.18075479567050934,0.014456132426857948,0.8904051780700684,0.052658140659332275,0.17974203824996948,0.801270604133606,3.534858226776123,3.106722354888916,0.012777907773852348,15.144172668457031,0.4100363552570343,2.343322992324829,13.159711837768555
DEAL (official pretrained),7,7,0,/Users/kyrillguba/Documents/Data Analytics MSc/Thesis/Python/First Try/data/DIV2K/DIV2K_valid_HR/0808.png,div2k/0808.png/sigma_0.050,div2k,0808.png,20007,9666b1dba93f470d95570471f38f195acafae585deefb8498b5ebb625df94e78,d66335dc80e7b4534f5e2fb398b20473ab46ef15dfb587f54f4af7a3bb09f04b,0.05000000074505806,0.002448369050398469,26.111230850219727,0.619567334651947,0.0004719714052043855,33.26084518432617,0.9603006839752197,28,1,236,0.0,17.871837615966797,0.5139203071594238,0.30877435207366943,0.011752570047974586,0.9745465517044067,0.04439295828342438,0.619371771812439,0.9277142882347107,8.278471946716309,5.444685459136963,0.008800721727311611,17.16649055480957,0.326406329870224,9.943878173828125,16.02655601501465
DEAL (official pretrained),8,8,0,/Users/kyrillguba/Documents/Data Analytics MSc/Thesis/Python/First Try/data/DIV2K/DIV2K_valid_HR/0809.png,div2k/0809.png/sigma_0.050,div2k,0809.png,20008,f57d7f591d2770efb0162e925acaaef8e4ce467e58b7a54d53de058959be9978,8903d3b02e67898ce2ed33bc80a2e01b939b43396cb49d7dd57604d18f78a597,0.05000000074505806,0.002490770537406206,26.036663055419922,0.8125088214874268,0.0008373466553166509,30.77094841003418,0.9125621318817139,42,1,302,0.0,17.871837615966797,0.2784026563167572,0.09874071925878525,0.01979958638548851,0.7238790988922119,0.08749450743198395,0.26614534854888916,0.547874391078949,4.048000812530518,1.6656668186187744,0.04418712109327316,11.846126556396484,0.896753191947937,3.849048614501953,8.684874534606934
DEAL (official pretrained),9,9,0,/Users/kyrillguba/Documents/Data Analytics MSc/Thesis/Python/First Try/data/DIV2K/DIV2K_valid_HR/0810.png,div2k/0810.png/sigma_0.050,div2k,0810.png,20009,50cf8d799292c4a6f6c23b4a8f1d0c08015da9c6e74d9109a31efdb1eb5d9df3,dcf29b2f5a250c88dd457f9bb2447b76c18db7a9927223d0768af7ff6648da6b,0.05000000074505806,0.002494839718565345,26.02957534790039,0.753049373626709,0.0007038011681288481,31.52549934387207,0.9355000257492065,36,1,286,0.0,17.871837615966797,0.351711243391037,0.19305241107940674,0.03706742823123932,0.8448325991630554,0.08595969527959824,0.2778933048248291,0.7053954005241394,5.373995780944824,3.409968614578247,0.19529642164707184,13.954513549804688,0.8934841752052307,4.011444091796875,11.672904014587402
DEAL (official pretrained),10,10,0,/Users/kyrillguba/Documents/Data Analytics MSc/Thesis/Python/First Try/data/DIV2K/DIV2K_valid_HR/0811.png,div2k/0811.png/sigma_0.050,div2k,0811.png,20010,ceab700e5944238d72f4ec94852a5ee6b9c353c54281c96ee7c6e9b9f2a16308,f3793a053731a43e46584eff4ba09ac27005d714369da0431660236cc1f7603d,0.05000000074505806,0.0023965993896126747,26.204044342041016,0.7875660061836243,0.000883770699147135,30.536603927612305,0.9080885648727417,39,1,291,0.0,17.871837615966797,0.2826022803783417,0.15576031804084778,0.02653573825955391,0.9484395384788513,0.08090990781784058,0.2407350242137909,0.9110994935035706,4.11371374130249,2.683943271636963,0.09598536789417267,16.559326171875,0.8235523700714111,3.385394334793091,15.530614852905273
DEAL (official pretrained),11,11,0,/Users/kyrillguba/Documents/Data Analytics MSc/Thesis/Python/First Try/data/DIV2K/DIV2K_valid_HR/0812.png,div2k/0812.png/sigma_0.050,div2k,0812.png,20011,5f26939fc07611061a96f2a386a77ffd9251b83abf26ac7ecb5a44dcae97187b,919cc1a5d8a61b4c91c622ef576f74f9f44f8fb13fda2e0dfc41f0b357ad5295,0.05000000074505806,0.0024693645536899567,26.07415008544922,0.7905488014221191,0.0005848091095685959,32.32986068725586,0.9631509184837341,27,1,240,0.0,17.871837615966797,0.3417813181877136,0.25027042627334595,0.012654153630137444,0.9587349891662598,0.04626810550689697,0.23727145791053772,0.9249807000160217,5.256053924560547,4.384493350982666,0.010384870693087578,16.822437286376953,0.3613969385623932,3.387881278991699,15.956308364868164
DEAL (official pretrained),12,12,0,/Users/kyrillguba/Documents/Data Analytics MSc/Thesis/Python/First Try/data/DIV2K/DIV2K_valid_HR/0813.png,div2k/0813.png/sigma_0.050,div2k,0813.png,20012,c34023db0a8b05fd8269a4d5afeb83670d5b08e7bce8d6c8cfe221a95b0e0b2f,09da1827ff8433374734cdb652e7754e505be3746d2bd8f568a47a328f217e48,0.05000000074505806,0.0023902326356619596,26.215599060058594,0.78742915391922,0.0005942403804510832,32.2603759765625,0.9651860594749451,26,1,227,0.0,17.871837615966797,0.3336440920829773,0.24054744839668274,0.011699730530381203,0.9503569006919861,0.04802514240145683,0.2505912184715271,0.9120129942893982,5.093014717102051,4.174471855163574,0.005164582282304764,16.634973526000977,0.3697015345096588,3.590944766998291,15.650551795959473
DEAL (official pretrained),13,13,0,/Users/kyrillguba/Documents/Data Analytics MSc/Thesis/Python/First Try/data/DIV2K/DIV2K_valid_HR/0814.png,div2k/0814.png/sigma_0.050,div2k,0814.png,20013,9f544177fb7f24fc86ba1b0d9b9d0e664f093ce144600099ca215fbf1a3e3c25,5f24b789d2ca6124203a1a40f9b48b68594a011b101d6af1d89f4192185d3880,0.05000000074505806,0.0025069008115679026,26.008628845214844,0.5397735834121704,0.0003766699810512364,34.240386962890625,0.9698241949081421,32,1,247,0.0,17.871837615966797,0.6190917491912842,0.3456445336341858,0.018127869814634323,0.9618151187896729,0.05782607942819595,0.8154141902923584,0.9494108557701111,10.310955047607422,6.257370471954346,0.03677021712064743,16.884464263916016,0.49371421337127686,13.611848831176758,16.576974868774414
DEAL (official pretrained),14,14,0,/Users/kyrillguba/Documents/Data Analytics MSc/Thesis/Python/First Try/data/DIV2K/DIV2K_valid_HR/0815.png,div2k/0815.png/sigma_0.050,div2k,0815.png,20014,d8f2b2b3496e52c1ec43e3c5e28732516b24990b8a2361d1876240ad562db395,4bc908074575a440446f8cf3cf4b30d18b358574fd90c38c20b3cb36ffacc0a7,0.05000000074505806,0.0024913474917411804,26.035659790039062,0.8415508270263672,0.0006809097249060869,31.669105529785156,0.954401969909668,31,1,243,0.0,17.871837615966797,0.28159260749816895,0.11725901067256927,0.022925132885575294,0.7480611205101013,0.06525631248950958,0.2734966278076172,0.6005652546882629,4.191266059875488,2.0167236328125,0.09277485311031342,12.327744483947754,0.6077632904052734,4.034554481506348,9.806944847106934
DEAL (official pretrained),15,15,0,/Users/kyrillguba/Documents/Data Analytics MSc/Thesis/Python/First Try/data/DIV2K/DIV2K_valid_HR/0816.png,div2k/0816.png/sigma_0.050,div2k,0816.png,20015,f457e7c932a8730df29263aaf8e3c3a2e54e7e68e543a34cdbc085f7c21edf50,26270b5dfe84c0e73a8ff05bef9d9a014fb181dc56a27ac120957e965c51768f,0.05000000074505806,0.002437438815832138,26.130664825439453,0.7617701888084412,0.0005440876120701432,32.643314361572266,0.9500923156738281,31,1,255,0.0,17.871837615966797,0.36848270893096924,0.2244451940059662,0.015110197477042675,0.9509474039077759,0.0817268043756485,0.28116118907928467,0.9208151698112488,5.657483100891113,3.946561336517334,0.022603007033467293,16.663623809814453,0.8468641638755798,4.064214706420898,15.83390998840332
DEAL (official pretrained),16,16,0,/Users/kyrillguba/Documents/Data Analytics MSc/Thesis/Python/First Try/data/DIV2K/DIV2K_valid_HR/0817.png,div2k/0817.png/sigma_0.050,div2k,0817.png,20016,b14c93dc0fd3fb833a2c04431c6af818313c8c6f744eb433dd1817a932b015cf,b801fc201be5316a38d52e45e3242185be6cfea63e2a2d06ec988398e7d15831,0.05000000074505806,0.0024598061572760344,26.090991973876953,0.7724976539611816,0.0007054071174934506,31.515600204467773,0.9488750696182251,27,1,238,0.0,17.871837615966797,0.33092746138572693,0.25396886467933655,0.01949889212846756,0.962418258190155,0.06751635670661926,0.2268008589744568,0.9396195411682129,5.056221008300781,4.521137237548828,0.047392673790454865,16.932172775268555,0.6406977772712708,3.1721019744873047,16.330873489379883
DEAL (official pretrained),17,17,0,/Users/kyrillguba/Documents/Data Analytics MSc/Thesis/Python/First Try/data/DIV2K/DIV2K_valid_HR/0818.png,div2k/0818.png/sigma_0.050,div2k,0818.png,20017,00f18d236ddc7fe3a937cdcb41ce31082a90c94b9370fc202c7dce18dd80ab2a,6e25b7b315cedeaf3b1345e37bb839678533ea4830e744337c069aa4068ebb47,0.05000000074505806,0.002381330356001854,26.23180389404297,0.7704674005508423,0.0007236670353449881,31.404611587524414,0.9634425640106201,36,1,270,0.0,17.871837615966797,0.3542443513870239,0.27204635739326477,0.013363576494157314,0.9456242322921753,0.046255532652139664,0.21630196273326874,0.8715173602104187,5.493780136108398,4.725405693054199,0.011242629960179329,16.485183715820312,0.3440651297569275,3.015779495239258,14.668688774108887
DEAL (official pretrained),18,18,0,/Users/kyrillguba/Documents/Data Analytics MSc/Thesis/Python/First Try/data/DIV2K/DIV2K_valid_HR/0819.png,div2k/0819.png/sigma_0.050,div2k,0819.png,20018,f7450c40d5c0aabdc2bd2a562302ca3993841849efca05e281ec4059186e528c,e2c9e38db76f472ef79bf0589b00d844dc99f0b0ae8f2b1ca50660bb265b55f3,0.05000000074505806,0.002463102340698242,26.085176467895508,0.8513132333755493,0.0009741403628140688,30.113784790039062,0.9332957863807678,32,1,270,0.0,17.871837615966797,0.2339647114276886,0.13647283613681793,0.019275326281785965,0.9464038610458374,0.06505049020051956,0.19973637163639069,0.8038238883018494,3.304323673248291,2.338353157043457,0.04643239453434944,16.50753402709961,0.5858204960823059,2.690541982650757,13.15158748626709
DEAL (official pretrained),19,19,0,/Users/kyrillguba/Documents/Data Analytics MSc/Thesis/Python/First Try/data/DIV2K/DIV2K_valid_HR/0820.png,div2k/0820.png/sigma_0.050,div2k,0820.png,20019,ab2cf6ba20cc18bafee4976e8be3cbf4a6db4afea570ef888fdebb8c8e0616f2,a89f9759efbd13f1463a714dee8f0c3be158bc9ea3ee9998e63b5873af574aba,0.05000000074505806,0.002383555518463254,26.22774887084961,0.9048423767089844,0.0010582150425761938,29.75425910949707,0.9568078517913818,45,1,312,0.0,17.871837615966797,0.16034084558486938,0.10411996394395828,0.012552140280604362,0.7855883836746216,0.029451102018356323,0.13627560436725616,0.5823675394058228,2.1078836917877197,1.6940487623214722,0.008457747288048267,13.156792640686035,0.1459350287914276,1.6966116428375244,9.227124214172363
DEAL (official pretrained),20,20,0,/Users/kyrillguba/Documents/Data Analytics MSc/Thesis/Python/First Try/data/DIV2K/DIV2K_valid_HR/0821.png,div2k/0821.png/sigma_0.050,div2k,0821.png,20020,ebd02fa51f1a3ee91b6ca90bb58a444e53385dd1193938609708b71bca4504a0,3a232b4dd1b631ac0900a77b50cf182680b0cbe53c61bcbf44525f847a188d37,0.05000000074505806,0.0023471133317798376,26.294660568237305,0.960415780544281,0.0008847446297295392,30.531822204589844,0.9835401773452759,23,1,191,0.0,17.871837615966797,0.10073547065258026,0.07823488116264343,0.011859307065606117,0.7967255711555481,0.02291797287762165,0.08225029706954956,0.512618899345398,1.2178643941879272,1.2623841762542725,0.006461150012910366,12.995372772216797,0.0804305449128151,0.8996611833572388,7.785002708435059
DEAL (official pretrained),21,21,0,/Users/kyrillguba/Documents/Data Analytics MSc/Thesis/Python/First Try/data/DIV2K/DIV2K_valid_HR/0822.png,div2k/0822.png/sigma_0.050,div2k,0822.png,20021,86c801c8390b132b94a9efaeb7a9bad9acdd1212e41d91d44b44811708142963,0abc4f2e4adb5c790e30b77f7a3bc5fd1c970677069733ba10dea91d014706c6,0.05000000074505806,0.0024247164838016033,26.153392791748047,0.8965033292770386,0.0010815761052072048,29.65943145751953,0.946344792842865,29,1,239,0.0,17.871837615966797,0.174491286277771,0.06906348466873169,0.019246812909841537,0.9105980396270752,0.06458167731761932,0.1629934310913086,0.4163671135902405,2.305779457092285,1.1373871564865112,0.048607006669044495,15.599453926086426,0.5821436643600464,2.0938029289245605,6.361202716827393
DEAL (official pretrained),22,22,0,/Users/kyrillguba/Documents/Data Analytics MSc/Thesis/Python/First Try/data/DIV2K/DIV2K_valid_HR/0823.png,div2k/0823.png/sigma_0.050,div2k,0823.png,20022,ec11d2cf0a95684902842094c84e0956a3cd35920ef85f25ba677348927a365c,ecc7e76080791daa092510c6d95769995451494bc6f21cdd23927f4c4d05ff61,0.05000000074505806,0.002477123634889722,26.060523986816406,0.6903771758079529,0.0006971141556277871,31.56696128845215,0.965204656124115,25,1,226,0.0,17.871837615966797,0.4355306029319763,0.34641706943511963,0.0167239923030138,0.9596603512763977,0.05375249683856964,0.2397044599056244,0.94183748960495,6.9801740646362305,6.155886650085449,0.03014935553073883,16.884933471679688,0.4223680794239044,3.4079556465148926,16.38090705871582
DEAL (official pretrained),23,23,0,/Users/kyrillguba/Documents/Data Analytics MSc/Thesis/Python/First Try/data/DIV2K/DIV2K_valid_HR/0824.png,div2k/0824.png/sigma_0.050,div2k,0824.png,20023,5ce7bdee523a1299c6a42c3adbb96d0e62c2f40266823753b8c042edb8b10495,5485e4487caf59442732dd248ecdc0446d1a6a3cea2e30f31057a1f1d926dfda,0.05000000074505806,0.0024936094414442778,26.031719207763672,0.7650009393692017,0.0005339853814803064,32.724708557128906,0.9596257209777832,32,1,249,0.0,17.871837615966797,0.34169089794158936,0.23168021440505981,0.017126411199569702,0.928143322467804,0.04309798404574394,0.2741934061050415,0.8471238613128662,5.237208843231201,3.9530248641967773,0.02864851988852024,16.06427574157715,0.2996998429298401,4.0356950759887695,14.142884254455566
DEAL (official pretrained),24,24,0,/Users/kyrillguba/Documents/Data Analytics MSc/Thesis/Python/First Try/data/DIV2K/DIV2K_valid_HR/0825.png,div2k/0825.png/sigma_0.050,div2k,0825.png,20024,0403db62808d832f7764170e8df2b8c78ad826e2a93d809f8cf6d018258b011a,bc6e5a307dbe58a3621972b9537080fd5f3d2199cb2f68c5d046aa5060925204,0.05000000074505806,0.002457178197801113,26.09563636779785,0.8984700441360474,0.0008934217621572316,30.489437103271484,0.9654989838600159,49,1,347,0.0,17.871837615966797,0.20090824365615845,0.1238740012049675,0.016691874712705612,0.8148947954177856,0.044229064136743546,0.17030613124370575,0.657961368560791,2.778999090194702,2.0441203117370605,0.028193751350045204,13.75975513458252,0.3073723316192627,2.2810745239257812,10.621231079101562
DEAL (official pretrained),25,25,0,/Users/kyrillguba/Documents/Data Analytics MSc/Thesis/Python/First Try/data/DIV2K/DIV2K_valid_HR/0826.png,div2k/0826.png/sigma_0.050,div2k,0826.png,20025,b7fba61bcca359e5581b44283bbc34696cae71321e031969411ada23b17e2199,e4bbce3def7d8405d4344ccbb87a3e3514d162c19ded7bdc83423dff8e63a86f,0.05000000074505806,0.0024615353904664516,26.087940216064453,0.7617788314819336,0.0006354750948958099,31.969013214111328,0.9552221298217773,32,1,263,0.0,17.871837615966797,0.3753002882003784,0.2747285068035126,0.011556722223758698,0.9618353843688965,0.038156237453222275,0.25961974263191223,0.9292134642601013,5.828277111053467,4.830611705780029,0.004257332533597946,16.878398895263672,0.2523103952407837,3.7359910011291504,16.047134399414062
DEAL (official pretrained),26,26,0,/Users/kyrillguba/Documents/Data Analytics MSc/Thesis/Python/First Try/data/DIV2K/DIV2K_valid_HR/0827.png,div2k/0827.png/sigma_0.050,div2k,0827.png,20026,1a1d5ffbd89d79d7803cf86e2d8f6c75cd146872fd61e387fec71a904e384317,1496c25e0335fbb79b8ec66d7b213d8f9234cac6e48041bba99e2e5d80e935e7,0.05000000074505806,0.0023136702366173267,26.356985092163086,0.5827498435974121,0.00031282921554520726,35.04692459106445,0.9111000299453735,41,1,282,0.0,17.871837615966797,0.5253481864929199,0.22216954827308655,0.011756259948015213,0.9883764982223511,0.0689096748828888,0.5568001866340637,0.9313520789146423,8.388711929321289,3.940462350845337,0.004794302396476269,17.516984939575195,0.6682797074317932,8.859780311584473,16.110612869262695
DEAL (official pretrained),27,27,0,/Users/kyrillguba/Documents/Data Analytics MSc/Thesis/Python/First Try/data/DIV2K/DIV2K_valid_HR/0828.png,div2k/0828.png/sigma_0.050,div2k,0828.png,20027,3b7551ae7f737167932c3230707f7075368102b6732eb16bfe514fd471223ea4,7013204f2c9f35f44744aaf82ea3ca5f9bf7e7dd407635e6aaf84ccf14ef53ec,0.05000000074505806,0.0021302225068211555,26.71575164794922,0.8599305152893066,0.0005438796943053603,32.64496994018555,0.962195634841919,28,1,205,0.0,17.871837615966797,0.2526951730251312,0.23777173459529877,0.011231520213186741,0.9559162259101868,0.04500193148851395,0.165785014629364,0.9441640973091125,3.820277452468872,4.225335121154785,0.003923873417079449,16.742084503173828,0.32911059260368347,2.287491798400879,16.46607780456543
DEAL (official pretrained),28,28,0,/Users/kyrillguba/Documents/Data Analytics MSc/Thesis/Python/First Try/data/DIV2K/DIV2K_valid_HR/0829.png,div2k/0829.png/sigma_0.050,div2k,0829.png,20028,7fef744df96a3f5b2077c74a59929852deb533e35d4804c7c745471471543ed7,8dd35903bf87baf7f5d0c90ed7a0cac8466aafd566d5b31b5cc24ba8dcbe1932,0.05000000074505806,0.0024739063810557127,26.0661678314209,0.724089503288269,0.00044788949890062213,33.4882926940918,0.9445360898971558,36,1,271,0.0,17.871837615966797,0.38843414187431335,0.22701334953308105,0.011287210509181023,0.9617292881011963,0.04337236285209656,0.34951284527778625,0.9250166416168213,6.028018951416016,3.9569311141967773,0.00538999168202281,16.859516143798828,0.318320631980896,5.221839904785156,15.931151390075684
DEAL (official pretrained),29,29,0,/Users/kyrillguba/Documents/Data Analytics MSc/Thesis/Python/First Try/data/DIV2K/DIV2K_valid_HR/0830.png,div2k/0830.png/sigma_0.050,div2k,0830.png,20029,33405798eea5a2bbd23d383a107f9127b4f5d220ad2d443bdb05db6049757a90,8b55cf2a7df2326b1fa79cbd98f9e02a3cb8714c7a9b4b166d2b7b5745e86e0f,0.05000000074505806,0.00250443397089839,26.01290512084961,0.6986998319625854,0.0006147841922938824,32.11277389526367,0.9321999549865723,63,1,376,0.0,17.871837615966797,0.3942521810531616,0.2461569756269455,0.02115299180150032,0.9442653656005859,0.0656704232096672,0.31330180168151855,0.8527987599372864,6.075263977050781,4.2965312004089355,0.062280941754579544,16.44574737548828,0.5865057110786438,4.518119812011719,14.21399211883545
DEAL (official pretrained),30,30,0,/Users/kyrillguba/Documents/Data Analytics MSc/Thesis/Python/First Try/data/DIV2K/DIV2K_valid_HR/0831.png,div2k/0831.png/sigma_0.050,div2k,0831.png,20030,37f625cf3b90622b2047f8f9b3e488dcb450cde9c639eb5f94e082ec5148792e,ed393efe56b6e94d5303c71ffa8d1c570e7f6ec97a04942870be360ce991e261,0.05000000074505806,0.002373534720391035,26.246044158935547,0.8587419986724854,0.0007859688485041261,31.045948028564453,0.9524276852607727,30,1,254,0.0,17.871837615966797,0.23213094472885132,0.13595309853553772,0.012492218054831028,0.947149932384491,0.04121262580156326,0.20005065202713013,0.6629968285560608,3.31174635887146,2.293198823928833,0.008599239401519299,16.556716918945312,0.27706989645957947,2.7431349754333496,10.836503028869629
DEAL (official pretrained),31,31,0,/Users/kyrillguba/Documents/Data Analytics MSc/Thesis/Python/First Try/data/DIV2K/DIV2K_valid_HR/0832.png,div2k/0832.png/sigma_0.050,div2k,0832.png,20031,678db3c6c13225750b6bb2ae62b3e9ffdbdb3491d462fa2451e73fea851ed64c,47467aa6d888ca85dda510d65c606bd0aa4cf5af67585f34ee3df773785323c9,0.05000000074505806,0.0023926645517349243,26.211181640625,0.8460536003112793,0.0007908141706138849,31.019256591796875,0.9569143652915955,35,1,266,0.0,17.871837615966797,0.24874567985534668,0.18935607373714447,0.013814873993396759,0.9526429176330566,0.03885993734002113,0.18945229053497314,0.8762277364730835,3.6176300048828125,3.2396278381347656,0.012423601001501083,16.58242416381836,0.2642984688282013,2.5768680572509766,14.760896682739258
DEAL (official pretrained),32,32,0,/Users/kyrillguba/Documents/Data Analytics MSc/Thesis/Python/First Try/data/DIV2K/DIV2K_valid_HR/0833.png,div2k/0833.png/sigma_0.050,div2k,0833.png,20032,196e9aedca5a8ddb4904ed57c8a1a32e080164df130d093fbc86da6222f32553,3a714a2b62205ca61f3147b1676b945f820fff3acefe2f1e55754483d340f161,0.05000000074505806,0.00242267781868577,26.157045364379883,0.6686140298843384,0.0002929457987193018,35.33212661743164,0.9806304574012756,24,1,204,0.0,17.871837615966797,0.4983051121234894,0.30940425395965576,0.020334873348474503,0.961510181427002,0.061432670801877975,0.4359399676322937,0.940842866897583,8.068526268005371,5.5071210861206055,0.04479994252324104,16.875200271606445,0.5501558184623718,6.673975944519043,16.35992431640625
DEAL (official pretrained),33,33,0,/Users/kyrillguba/Documents/Data Analytics MSc/Thesis/Python/First Try/data/DIV2K/DIV2K_valid_HR/0834.png,div2k/0834.png/sigma_0.050,div2k,0834.png,20033,43cd5d3407a2ec5d9396c0ba9f3595990830fe17adfb5b3d69777dc489012502,61622438cf56b44c080308b60b9dbca7cbeb3de3d5186d8c7b7611b2a68bca64,0.05000000074505806,0.002312642754986882,26.358917236328125,0.7481876611709595,0.0006693386239930987,31.743541717529297,0.9478338956832886,37,1,282,0.0,17.871837615966797,0.3919975757598877,0.2809680700302124,0.012857569381594658,0.9568151235580444,0.05381684750318527,0.26898056268692017,0.9423543214797974,6.159771919250488,4.9850873947143555,0.013288144022226334,16.78032684326172,0.4438658654689789,3.894427537918091,16.42497444152832
DEAL (official pretrained),34,34,0,/Users/kyrillguba/Documents/Data Analytics MSc/Thesis/Python/First Try/data/DIV2K/DIV2K_valid_HR/0835.png,div2k/0835.png/sigma_0.050,div2k,0835.png,20034,80084574e021b9b385517a807fa4f62735358952d97592c2b192db98626e086c,ac0456d334a23b93ce7076b589a2ce6ca09ccd6153ea523a2500c6640e4c869d,0.05000000074505806,0.002499223919585347,26.021947860717773,0.8371410369873047,0.0010323869064450264,29.861576080322266,0.9224668741226196,42,1,308,0.0,17.871837615966797,0.24259714782238007,0.12186850607395172,0.029759272933006287,0.8068912029266357,0.07212953269481659,0.2090393602848053,0.6036801934242249,3.4209890365600586,2.0337109565734863,0.12392522394657135,13.425067901611328,0.6928837895393372,2.8452115058898926,9.624370574951172
DEAL (official pretrained),35,35,0,/Users/kyrillguba/Documents/Data Analytics MSc/Thesis/Python/First Try/data/DIV2K/DIV2K_valid_HR/0836.png,div2k/0836.png/sigma_0.050,div2k,0836.png,20035,d774c40f160da761b384b399f5636cb3cfecf88e2cc5d41c78f575c3bea500af,284ad2931c3bc6507b40bf59c3b64e8f4f92a43ba361f4c4bcc52deb37a25042,0.05000000074505806,0.0023897746577858925,26.2164306640625,0.8066840171813965,0.0005982338916510344,32.23128890991211,0.9717586636543274,34,1,262,0.0,17.871837615966797,0.3201256990432739,0.2789236009120941,0.012027793563902378,0.9587000608444214,0.04341251775622368,0.20373789966106415,0.9449034929275513,4.9356608390808105,4.9854416847229,0.010112591087818146,16.79753303527832,0.289012610912323,2.824568033218384,16.473501205444336
DEAL (official pretrained),36,36,0,/Users/kyrillguba/Documents/Data Analytics MSc/Thesis/Python/First Try/data/DIV2K/DIV2K_valid_HR/0837.png,div2k/0837.png/sigma_0.050,div2k,0837.png,20036,af3a3f14f10fd37d750995ae36a4d7d4e23e7343e1fc6fb8ddf8342f79d68d35,6cc924ebeb60b7d740054d877327520def456c30af4fa1f4e8498d79a786a6b0,0.05000000074505806,0.0024176565930247307,26.16605567932129,0.9131945371627808,0.0010017931926995516,29.992219924926758,0.9652119874954224,34,1,262,0.0,17.871837615966797,0.17558255791664124,0.10563760250806808,0.014214210212230682,0.8727937936782837,0.04468327388167381,0.14835987985134125,0.5944504737854004,2.3625271320343018,1.7548731565475464,0.018988624215126038,14.690934181213379,0.3244836628437042,1.8906033039093018,9.493905067443848
DEAL (official pretrained),37,37,0,/Users/kyrillguba/Documents/Data Analytics MSc/Thesis/Python/First Try/data/DIV2K/DIV2K_valid_HR/0838.png,div2k/0838.png/sigma_0.050,div2k,0838.png,20037,a419adae2a9bbcb7b328e0e98815224877487f12f01cec7bd572e3a61b346f36,6aab86b91d97f60d52dbd058e8e6d9e47d5ff5cd6bf8b95911b13477fdda9a69,0.05000000074505806,0.002457757480442524,26.0946102142334,0.7100621461868286,0.0002686261141207069,35.708518981933594,0.9693655371665955,31,1,220,0.0,17.871837615966797,0.4851626753807068,0.2022257298231125,0.026040563359856606,0.9589657783508301,0.11623183637857437,0.4474017918109894,0.9405942559242249,7.788394927978516,3.6248531341552734,0.09510698914527893,16.838388442993164,1.4422011375427246,7.049569129943848,16.356918334960938
DEAL (official pretrained),38,38,0,/Users/kyrillguba/Documents/Data Analytics MSc/Thesis/Python/First Try/data/DIV2K/DIV2K_valid_HR/0839.png,div2k/0839.png/sigma_0.050,div2k,0839.png,20038,9ed3b7789f4dcc0b1bfd3a6e2391350b33a63a89353a3bd50f5bde4b89d2f647,03311d059cb2afa72a656566e0b5ec099e92358e9b13a7c9c37e17bee9ec6340,0.05000000074505806,0.0019779247231781483,27.03790283203125,0.6088687181472778,0.0007501296931877732,31.24863624572754,0.6853575110435486,43,1,315,0.0,17.871837615966797,0.47163495421409607,0.3355805277824402,0.019149405881762505,0.9706577658653259,0.08390259742736816,0.2761981189250946,0.9471692442893982,7.681460857391357,6.163137435913086,0.040263641625642776,17.04704475402832,0.9095838665962219,3.9912068843841553,16.54852867126465
DEAL (official pretrained),39,39,0,/Users/kyrillguba/Documents/Data Analytics MSc/Thesis/Python/First Try/data/DIV2K/DIV2K_valid_HR/0840.png,div2k/0840.png/sigma_0.050,div2k,0840.png,20039,df4e88246e2af519b1c29adccc7944ac0f8568e6a1ef7d65c39dc4fcd2a3dd5b,7c59d425d11ee77210f9205919da2169594e2a28ce6661dc2350be70d12d18a0,0.05000000074505806,0.0024346939753741026,26.135557174682617,0.8944105505943298,0.0010332094971090555,29.858116149902344,0.949644923210144,33,1,271,0.0,17.871837615966797,0.19632285833358765,0.06969434022903442,0.022834718227386475,0.8415992259979248,0.06936090439558029,0.1882130205631256,0.402697890996933,2.6699156761169434,1.1600593328475952,0.06834491342306137,14.313881874084473,0.650161862373352,2.5252256393432617,6.132452964782715
DEAL (official pretrained),40,40,0,/Users/kyrillguba/Documents/Data Analytics MSc/Thesis/Python/First Try/data/DIV2K/DIV2K_valid_HR/0841.png,div2k/0841.png/sigma_0.050,div2k,0841.png,20040,b85a5c827a7d17dab432c8f79abc120715b867e00f3bcbe182f90d6c23ecff6f,8fe200eca4b5b5242df4bc0de21335521f30c97ede9eb74fc53a2b7d9f56c88e,0.05000000074505806,0.002478003269061446,26.05898094177246,0.7327069044113159,0.0006789281032979488,31.6817626953125,0.9359153509140015,36,1,283,0.0,17.871837615966797,0.35767945647239685,0.2366495579481125,0.02363298088312149,0.9545748233795166,0.05470540374517441,0.28908833861351013,0.930576503276825,5.4820146560668945,4.132118225097656,0.0708460733294487,16.735702514648438,0.4568282663822174,4.192539215087891,16.093852996826172
DEAL (official pretrained),41,41,0,/Users/kyrillguba/Documents/Data Analytics MSc/Thesis/Python/First Try/data/DIV2K/DIV2K_valid_HR/0842.png,div2k/0842.png/sigma_0.050,div2k,0842.png,20041,e0fe2755785538efb2ac1c7a4fc4e854d8206a8f09b68ac1931f0544c3e7cc53,beda00ff8db42d4b589f7378d3e25b21007f8885570daf4c565c0337c785048a,0.05000000074505806,0.00240309233777225,26.19229507446289,0.7688649892807007,0.0006108360248617828,32.14075469970703,0.9448516368865967,32,1,252,0.0,17.871837615966797,0.36266887187957764,0.2048400640487671,0.011363615281879902,0.925093948841095,0.06152988225221634,0.31716683506965637,0.7968130111694336,5.592857360839844,3.5697600841522217,0.0033917645923793316,15.962565422058105,0.5462939143180847,4.728023529052734,13.192363739013672
DEAL (official pretrained),42,42,0,/Users/kyrillguba/Documents/Data Analytics MSc/Thesis/Python/First Try/data/DIV2K/DIV2K_valid_HR/0843.png,div2k/0843.png/sigma_0.050,div2k,0843.png,20042,8d4db85adca20e5911d117b4bb54fdfb3f22b2a02cceb14242bb7540955f6140,35d05bad930e78acf4ef2cb816eca7463834e674af53f848c7dbaadb73084f68,0.05000000074505806,0.0021504508331418037,26.674707412719727,0.4611368179321289,0.00010814789857249707,39.659820556640625,0.9899293184280396,16,1,145,0.0,17.871837615966797,0.7768909931182861,0.28480881452560425,0.02046937309205532,0.9803375005722046,0.07936424016952515,0.9349234700202942,0.9527285695075989,13.294639587402344,5.207793712615967,0.054633766412734985,17.292898178100586,0.8523440957069397,16.20712661743164,16.66898536682129
DEAL (official pretrained),43,43,0,/Users/kyrillguba/Documents/Data Analytics MSc/Thesis/Python/First Try/data/DIV2K/DIV2K_valid_HR/0844.png,div2k/0844.png/sigma_0.050,div2k,0844.png,20043,15c2150d7c67049e1e35243bac1a1a68c6f0e57215592b78ed9b74e130ed1370,54e704e5fefca2dce105a38946c8722391d376a9b4bda2d175503937d9443db5,0.05000000074505806,0.00241699512116611,26.16724395751953,0.5474591255187988,0.0002329591807210818,36.32720184326172,0.9481128454208374,30,1,219,0.0,17.871837615966797,0.5796928405761719,0.25746580958366394,0.010753493756055832,0.9588011503219604,0.06222992017865181,0.5710766315460205,0.9465712904930115,9.475540161132812,4.663280487060547,0.002777187619358301,16.844343185424805,0.6120570302009583,9.137655258178711,16.5126953125
DEAL (official pretrained),44,44,0,/Users/kyrillguba/Documents/Data Analytics MSc/Thesis/Python/First Try/data/DIV2K/DIV2K_valid_HR/0845.png,div2k/0845.png/sigma_0.050,div2k,0845.png,20044,3afec5a048f16903b44498719256567f9874b218bd408f06ae16848d5bfd4779,787c55ff16cedc70877931e779b270a9714da1b1ff66e29c8b238f45f9089a82,0.05000000074505806,0.002203594194725156,26.568683624267578,0.7407160401344299,0.0005942756542935967,32.26012420654297,0.9624254703521729,42,1,339,0.0,17.871837615966797,0.4067467451095581,0.3358894884586334,0.012493502348661423,0.9907505512237549,0.040355801582336426,0.23725327849388123,0.9470610618591309,6.534494876861572,6.026312828063965,0.009320284239947796,17.61036491394043,0.27007704973220825,3.411937713623047,16.532323837280273
DEAL (official pretrained),45,45,0,/Users/kyrillguba/Documents/Data Analytics MSc/Thesis/Python/First Try/data/DIV2K/DIV2K_valid_HR/0846.png,div2k/0846.png/sigma_0.050,div2k,0846.png,20045,bfa025022780e8b45b7d8ca41bf0c1aa0ef062e997a3e07e7b0b4766072a0c65,0adbf774efd417a8fd418e7c5104d799b1f00bb3095edb86e4e8ab2dfa026b37,0.05000000074505806,0.002105560153722763,26.76632308959961,0.8011387586593628,0.0007700462592765689,31.13483238220215,0.9562692642211914,29,1,246,0.0,17.871837615966797,0.35938742756843567,0.3191413879394531,0.011112808249890804,0.9646307229995728,0.031731851398944855,0.20961564779281616,0.9456471800804138,5.679012775421143,5.7299041748046875,0.004875869955867529,16.865955352783203,0.1634126752614975,2.8987529277801514,16.509050369262695
DEAL (official pretrained),46,46,0,/Users/kyrillguba/Documents/Data Analytics MSc/Thesis/Python/First Try/data/DIV2K/DIV2K_valid_HR/0847.png,div2k/0847.png/sigma_0.050,div2k,0847.png,20046,a03ac31eb9aa42c51d2ec103e996158d3f7890d32752d0e5a0bece66c7f0a096,f7a15c06ecc295897dcb2e920759c7d2b39e632ddbc05f39f62443e6f2d07c47,0.05000000074505806,0.0023024985566735268,26.378005981445312,0.8615671396255493,0.0007591086905449629,31.196958541870117,0.9670875072479248,36,1,273,0.0,17.871837615966797,0.28013092279434204,0.24283267557621002,0.013632240705192089,0.9542169570922852,0.04003927856683731,0.18149973452091217,0.9416702389717102,4.222949028015137,4.2608160972595215,0.016591431573033333,16.72904396057129,0.26545292139053345,2.481243371963501,16.412057876586914
DEAL (official pretrained),47,47,0,/Users/kyrillguba/Documents/Data Analytics MSc/Thesis/Python/First Try/data/DIV2K/DIV2K_valid_HR/0848.png,div2k/0848.png/sigma_0.050,div2k,0848.png,20047,226e619ed1295a7c7b4eb9d622c6124c81ba03e21362bb8eee67e67dced25224,efa2172a3a1dd6cd91b1b9a07f06d0811453ba7dedba5ff3c724a98f91ceee0f,0.05000000074505806,0.002366595435887575,26.258758544921875,0.8601237535476685,0.0006232088198885322,32.05366516113281,0.9659265875816345,26,1,225,0.0,17.871837615966797,0.26370567083358765,0.17912806570529938,0.009999999776482582,0.955743134021759,0.04290276765823364,0.21264779567718506,0.9134314060211182,3.9030070304870605,3.087075710296631,0.001787183340638876,16.745315551757812,0.31073853373527527,2.9885101318359375,15.64951229095459
DEAL (official pretrained),48,48,0,/Users/kyrillguba/Documents/Data Analytics MSc/Thesis/Python/First Try/data/DIV2K/DIV2K_valid_HR/0849.png,div2k/0849.png/sigma_0.050,div2k,0849.png,20048,2c70dd5654b23e4a9ab11865c6c70e3077823c4972ad389deddc84dd9edc36b8,812c07076778f64508761453798502e38c6faad3cecffd799395e10f24d49b2e,0.05000000074505806,0.0024144914932549,26.171743392944336,0.9492175579071045,0.0014767195098102093,28.30702018737793,0.9691652059555054,22,1,202,0.0,17.871837615966797,0.10279335081577301,0.05245865508913994,0.010451257228851318,0.6402589082717896,0.02671666070818901,0.09193284809589386,0.26588988304138184,1.1847939491271973,0.8037446737289429,0.0024143101181834936,10.000936508178711,0.11515158414840698,0.9927819967269897,3.788120746612549
DEAL (official pretrained),49,49,0,/Users/kyrillguba/Documents/Data Analytics MSc/Thesis/Python/First Try/data/DIV2K/DIV2K_valid_HR/0850.png,div2k/0850.png/sigma_0.050,div2k,0850.png,20049,b0e8b344c318dfae08640e56c0b52ec6df0909ea2a5c7128b8b44308511dabe7,c58c027afbe1f7160eae9abc4d0d74aea25e91e356b752d3e1e2acb9dd2b25b1,0.05000000074505806,0.0024805485736578703,26.054523468017578,0.8018345832824707,0.000634404830634594,31.976337432861328,0.9483027458190918,31,1,253,0.0,17.871837615966797,0.3060579299926758,0.19811096787452698,0.018458660691976547,0.9513831734657288,0.05963294580578804,0.24086767435073853,0.8875159025192261,4.585755348205566,3.428755760192871,0.02990816719830036,16.629566192626953,0.5216978192329407,3.4189605712890625,15.00615406036377
DEAL (official pretrained),50,50,0,/Users/kyrillguba/Documents/Data Analytics MSc/Thesis/Python/First Try/data/DIV2K/DIV2K_valid_HR/0851.png,div2k/0851.png/sigma_0.050,div2k,0851.png,20050,6cd623610d71351bd69a4193263bc448cd15272dcfd17f66224ecc57d176c5d0,3c106b758572323bd824bc5a7c10ef69bf0bb6f2d4c116d1984d1ba198b915d8,0.05000000074505806,0.002428226638585329,26.14710807800293,0.6372339129447937,0.00042218860471621156,33.74493408203125,0.9767235517501831,21,1,196,0.0,17.871837615966797,0.5000609755516052,0.3346429467201233,0.019817352294921875,0.9627504348754883,0.042391058057546616,0.4473823606967926,0.9365631341934204,8.097345352172852,5.902781009674072,0.06193094700574875,16.80143928527832,0.309499591588974,6.847045421600342,16.251270294189453
DEAL (official pretrained),51,51,0,/Users/kyrillguba/Documents/Data Analytics MSc/Thesis/Python/First Try/data/DIV2K/DIV2K_valid_HR/0852.png,div2k/0852.png/sigma_0.050,div2k,0852.png,20051,73b3c50a05a0fcb1a26fb8f3d88ebc57fe34409f6e6d0d125e46c18d90cca3a1,4ce54e8621ce4f5257ecb630b4daea9067dfad4a58b54393e8e18482ffa73ce6,0.05000000074505806,0.0017825127579271793,27.489673614501953,0.5970467329025269,0.0006148775573819876,32.11211395263672,0.7471432685852051,36,1,273,0.0,17.871837615966797,0.5626186728477478,0.2570725679397583,0.023861482739448547,0.9776910543441772,0.12725874781608582,0.5348641872406006,0.9449858665466309,9.132854461669922,4.714982032775879,0.07058672606945038,17.242107391357422,1.518139123916626,8.436038970947266,16.485000610351562
DEAL (official pretrained),52,52,0,/Users/kyrillguba/Documents/Data Analytics MSc/Thesis/Python/First Try/data/DIV2K/DIV2K_valid_HR/0853.png,div2k/0853.png/sigma_0.050,div2k,0853.png,20052,e9eb55fc2bc1bcfd2fad63122c380357a672f2b9f14b61a7547da796324e10c2,c4ddc83133c81f82df55fcd98380e6d24f8bab15fb2b858671b54562d377c806,0.05000000074505806,0.002295798622071743,26.390663146972656,0.6024793386459351,0.00036184521741233766,34.414772033691406,0.9622393846511841,34,1,262,0.0,17.871837615966797,0.5554481148719788,0.32431328296661377,0.016987424343824387,0.9775457382202148,0.06505141407251358,0.6150263547897339,0.9462341666221619,9.108381271362305,5.8677263259887695,0.029504401609301567,17.198204040527344,0.6129806041717529,9.797008514404297,16.505170822143555
DEAL (official pretrained),53,53,0,/Users/kyrillguba/Documents/Data Analytics MSc/Thesis/Python/First Try/data/DIV2K/DIV2K_valid_HR/0854.png,div2k/0854.png/sigma_0.050,div2k,0854.png,20053,dbefb08aac7a5ad65da8e59ab21cbb0e921c9ad6da4d670be4cb2a982a3e2ffe,ee82022d69ec65f113006151c0964c1ce0401ec3b9c05faa531c924cc453f28e,0.05000000074505806,0.0024929214268922806,26.032915115356445,0.7780815362930298,0.0008282370981760323,30.818452835083008,0.9564448595046997,31,1,260,0.0,17.871837615966797,0.3130754232406616,0.2827382981777191,0.01428203471004963,0.9209215641021729,0.04411495104432106,0.18213221430778503,0.8947895169258118,4.752039909362793,4.952197551727295,0.016463227570056915,15.912458419799805,0.31315404176712036,2.40578031539917,15.247858047485352
DEAL (official pretrained),54,54,0,/Users/kyrillguba/Documents/Data Analytics MSc/Thesis/Python/First Try/data/DIV2K/DIV2K_valid_HR/0855.png,div2k/0855.png/sigma_0.050,div2k,0855.png,20054,9e2b3caa326eef35864ca6323728491aaf77f5232b3a1b7435275b7a4b5bc314,224e93d4c6e4499718b0c65e9f9dc75bfff8c9849e40711398f500fcb0e1344c,0.05000000074505806,0.0024242037907242775,26.154308319091797,0.7343929409980774,0.0005581346340477467,32.53261184692383,0.9407737255096436,32,1,263,0.0,17.871837615966797,0.39213037490844727,0.2100820094347,0.02297898754477501,0.9482710957527161,0.06894814223051071,0.36549681425094604,0.8819849491119385,6.087203025817871,3.6891911029815674,0.07020287215709686,16.52131462097168,0.617113471031189,5.540820598602295,14.88035774230957
DEAL (official pretrained),55,55,0,/Users/kyrillguba/Documents/Data Analytics MSc/Thesis/Python/First Try/data/DIV2K/DIV2K_valid_HR/0856.png,div2k/0856.png/sigma_0.050,div2k,0856.png,20055,66cf31de43a337537e663db0aecf5dd0004e87a0fbe2bd2cdc7ed9a8b4a93ece,62ea9274995afc0d0ba793d444a4eca4cd474404f25acb13a3902506fcfc2ec5,0.05000000074505806,0.0024465948808938265,26.1143798828125,0.7071712613105774,0.0007937827613204718,31.00298309326172,0.8862959146499634,51,1,349,0.0,17.871837615966797,0.3498208224773407,0.21014590561389923,0.032996490597724915,0.9559065699577332,0.09554531425237656,0.2799859642982483,0.9139111042022705,5.235351085662842,3.70818829536438,0.16775226593017578,16.75038719177246,0.9985523223876953,3.960296869277954,15.678362846374512
DEAL (official pretrained),56,56,0,/Users/kyrillguba/Documents/Data Analytics MSc/Thesis/Python/First Try/data/DIV2K/DIV2K_valid_HR/0857.png,div2k/0857.png/sigma_0.050,div2k,0857.png,20056,ab895c24c3f27bd01daebb297e1995e3f7eaba3372e5cc7e32fb98edb3dfd93b,673be55e35caf9556009ef5b290c84ca55946414b7437036ce7a684e731ab7d2,0.05000000074505806,0.002511989325284958,25.99982261657715,0.6884675025939941,0.00022668846941087395,36.44570541381836,0.9647923707962036,26,1,205,0.0,17.871837615966797,0.4771851599216461,0.1691713035106659,0.0264436025172472,0.8299918174743652,0.0817820355296135,0.5170449018478394,0.7586863040924072,7.583125591278076,2.9579198360443115,0.09828588366508484,13.742816925048828,0.8491944670677185,8.228874206542969,12.563098907470703
DEAL (official pretrained),57,57,0,/Users/kyrillguba/Documents/Data Analytics MSc/Thesis/Python/First Try/data/DIV2K/DIV2K_valid_HR/0858.png,div2k/0858.png/sigma_0.050,div2k,0858.png,20057,69c3c9a846793f1dd2cda90db3fba707412671412126cd1eaad1496e784f7c0e,9a3fedb0e7da6c4cb13c4aa3be8292d1decc9118fb09e54e5d4f940963c19b8a,0.05000000074505806,0.002182303462177515,26.610849380493164,0.7960816621780396,0.0009186399402096868,30.368547439575195,0.8830474019050598,35,1,280,0.0,17.871837615966797,0.30421122908592224,0.19488409161567688,0.017153356224298477,0.9548245668411255,0.06252137571573257,0.24731695652008057,0.9381221532821655,4.520829677581787,3.433006763458252,0.03330909460783005,16.724550247192383,0.5606485605239868,3.4891443252563477,16.307296752929688
DEAL (official pretrained),58,58,0,/Users/kyrillguba/Documents/Data Analytics MSc/Thesis/Python/First Try/data/DIV2K/DIV2K_valid_HR/0859.png,div2k/0859.png/sigma_0.050,div2k,0859.png,20058,0783919bca182fbd4ec27a809e6b7e6c58e89fddb3d3ef3d1bd5c807651c9a53,fcf822cfa8424f9b9c84b5035a72e071539cb531dffee6d54e3f00d3c550a601,0.05000000074505806,0.0025279473047703505,25.972320556640625,0.8422619104385376,0.0010424768552184105,29.8193359375,0.9333875775337219,30,1,258,0.0,17.871837615966797,0.2191588282585144,0.14323361217975616,0.01825028285384178,0.8430660963058472,0.053757231682538986,0.1728072464466095,0.7009900212287903,3.051398515701294,2.4108145236968994,0.06878876686096191,14.047924995422363,0.44459569454193115,2.2369158267974854,11.485214233398438
DEAL (official pretrained),59,59,0,/Users/kyrillguba/Documents/Data Analytics MSc/Thesis/Python/First Try/data/DIV2K/DIV2K_valid_HR/0860.png,div2k/0860.png/sigma_0.050,div2k,0860.png,20059,6323c40a5d11f381b901e87cf8f54d9578bc32be44b9350ac5386eb44224de4a,c71c04fcfb6b74e55325e34a45c1c3ca5d8a987657eb8863649b82696952b358,0.05000000074505806,0.0024339123629033566,26.136951446533203,0.9106051325798035,0.0013832279946655035,28.591062545776367,0.9423505663871765,31,1,255,0.0,17.871837615966797,0.14850464463233948,0.0690276026725769,0.012554310262203217,0.9055385589599609,0.04529876261949539,0.138421893119812,0.4094143211841583,1.8758800029754639,1.1234058141708374,0.008074045181274414,15.444737434387207,0.3275033235549927,1.6888079643249512,6.193582534790039
DEAL (official pretrained),60,60,0,/Users/kyrillguba/Documents/Data Analytics MSc/Thesis/Python/First Try/data/DIV2K/DIV2K_valid_HR/0861.png,div2k/0861.png/sigma_0.050,div2k,0861.png,20060,c3df240f2bf2bcdcdc9060b4ba3b0dd6324594f485ce3ee2d407f0b5364d72d7,8839bdd16fcb8d9dc749ec4fba288f25ca0dc583156fc136316fb9ae87610e10,0.05000000074505806,0.0020175748504698277,26.951704025268555,0.8055756092071533,0.0009746601572260261,30.111467361450195,0.8823217153549194,51,1,359,0.0,17.871837615966797,0.32317662239074707,0.27888014912605286,0.011770157143473625,0.9854974746704102,0.03905733302235603,0.1930238902568817,0.9437138438224792,4.912420272827148,4.906800746917725,0.005874956957995892,17.43949317932129,0.25159382820129395,2.5823404788970947,16.444578170776367
DEAL (official pretrained),61,61,0,/Users/kyrillguba/Documents/Data Analytics MSc/Thesis/Python/First Try/data/DIV2K/DIV2K_valid_HR/0862.png,div2k/0862.png/sigma_0.050,div2k,0862.png,20061,b28039f4ed1566ad4bef028589288dfa1cf33c4b676694010eb5d0d9f228ef50,978a7b813eafffc3aa259f7f1d4c268f8c390f58f7b2ffe9b6706c1a191e7bda,0.05000000074505806,0.0025069513358175755,26.008541107177734,0.5648969411849976,0.0002874666533898562,35.414127349853516,0.9451883435249329,37,1,269,0.0,17.871837615966797,0.5884225368499756,0.2354838252067566,0.03288927674293518,0.9603074193000793,0.1484687477350235,0.6083083152770996,0.924992024898529,9.547035217285156,4.2186055183410645,0.11823423951864243,16.84722137451172,1.892081379890442,9.881327629089355,15.932369232177734
DEAL (official pretrained),62,62,0,/Users/kyrillguba/Documents/Data Analytics MSc/Thesis/Python/First Try/data/DIV2K/DIV2K_valid_HR/0863.png,div2k/0863.png/sigma_0.050,div2k,0863.png,20062,69a9aeec52e386294dc8c778c0d11c7f842f0960ca488aa898c25c50220c823a,c5b360385124b0b9db466d8df7c65a52c9f7b40b24ea0989ea1251fe9b9e974c,0.05000000074505806,0.0024539162404835224,26.101402282714844,0.7052394151687622,0.0004726084298454225,33.25498580932617,0.96766597032547,23,1,207,0.0,17.871837615966797,0.44568121433258057,0.2882101833820343,0.02111339010298252,0.9550212025642395,0.08666818588972092,0.32201820611953735,0.9342061877250671,7.1377763748168945,5.110013484954834,0.06997010111808777,16.681427001953125,0.923284113407135,4.8898701667785645,16.183549880981445
DEAL (official pretrained),63,63,0,/Users/kyrillguba/Documents/Data Analytics MSc/Thesis/Python/First Try/data/DIV2K/DIV2K_valid_HR/0864.png,div2k/0864.png/sigma_0.050,div2k,0864.png,20063,fb786dffb18452c590dd1e18bebeea18d1c1bec24fd9d36d75ba35ad6c8a81d3,f18d1da23718072040022a8b39a5ed0e4862a23ffc29a83502f4179a0f193a89,0.05000000074505806,0.0024664667434990406,26.079246520996094,0.8392430543899536,0.0007121390081010759,31.47435188293457,0.9450559020042419,34,1,268,0.0,17.871837615966797,0.29346609115600586,0.12506791949272156,0.021135959774255753,0.8525664806365967,0.10042490065097809,0.26980993151664734,0.753001868724823,4.304636478424072,2.1522393226623535,0.046820610761642456,14.300002098083496,1.1333143711090088,3.874164342880249,12.458027839660645
DEAL (official pretrained),64,64,0,/Users/kyrillguba/Documents/Data Analytics MSc/Thesis/Python/First Try/data/DIV2K/DIV2K_valid_HR/0865.png,div2k/0865.png/sigma_0.050,div2k,0865.png,20064,f92af3991be3de305c0efcfbe87ac07586eb280db7c47c56bbf8452a9b10010c,acd0fc3cccb5e4827e28374fc235054efe5f2b26adc84330573534bc9727fece,0.05000000074505806,0.002491431077942252,26.035511016845703,0.780320405960083,0.0006478571449406445,31.885208129882812,0.9428679943084717,32,1,251,0.0,17.871837615966797,0.3325980305671692,0.1849444955587387,0.02585674822330475,0.9080984592437744,0.07928694784641266,0.2733256220817566,0.7746742367744446,5.038033485412598,3.2053589820861816,0.12050165981054306,15.427330017089844,0.7965428829193115,3.9668846130371094,12.703450202941895
DEAL (official pretrained),65,65,0,/Users/kyrillguba/Documents/Data Analytics MSc/Thesis/Python/First Try/data/DIV2K/DIV2K_valid_HR/0866.png,div2k/0866.png/sigma_0.050,div2k,0866.png,20065,64fe1cb87ea16bd47a4af52b635bd686b87a3bb0bb006aa875e7090e7f4f1b09,9afe981f615137ba03acacaf176e2c98a40692fb9b988590634da93828007e30,0.05000000074505806,0.0024913714732974768,26.035615921020508,0.8772956132888794,0.0010151556925848126,29.934673309326172,0.9516989588737488,27,1,235,0.0,17.871837615966797,0.2204001396894455,0.14492568373680115,0.025663891807198524,0.8627386093139648,0.07578083872795105,0.18075953423976898,0.7817633748054504,3.119044303894043,2.5107362270355225,0.06914214044809341,14.464791297912598,0.7404181957244873,2.4248127937316895,12.881548881530762
DEAL (official pretrained),66,66,0,/Users/kyrillguba/Documents/Data Analytics MSc/Thesis/Python/First Try/data/DIV2K/DIV2K_valid_HR/0867.png,div2k/0867.png/sigma_0.050,div2k,0867.png,20066,a1b0a4eea55a3cc398df9e911e7db0ecbec9938d8ca0f96d3252df65b6daed62,66b0a986b08c5cd25291d21eeaacbef5e8726ec5e502a875560f78802f9bd7de,0.05000000074505806,0.0024518349673599005,26.10508918762207,0.904789924621582,0.0007301155128516257,31.3660831451416,0.971474826335907,30,1,247,0.0,17.871837615966797,0.2267763316631317,0.1255025714635849,0.01630854606628418,0.8989250063896179,0.06280279159545898,0.19790787994861603,0.7114556431770325,3.230659008026123,2.1337778568267822,0.034939005970954895,15.293532371520996,0.541759729385376,2.7361836433410645,11.73153018951416
DEAL (official pretrained),67,67,0,/Users/kyrillguba/Documents/Data Analytics MSc/Thesis/Python/First Try/data/DIV2K/DIV2K_valid_HR/0868.png,div2k/0868.png/sigma_0.050,div2k,0868.png,20067,a5806164ffd45d6b14c4f40b199c062ca7d2855351fd99291a948b57f15212f1,a068c0fafc52686b9b284c602856e7d72b97994c0d20c34e82fde7b9e37cf00c,0.05000000074505806,0.002463496755808592,26.08448028564453,0.4806396961212158,0.00021335133351385593,36.70904541015625,0.9867995977401733,22,2,186,8.486340448143892e-06,17.871837615966797,0.7141887545585632,0.33122774958610535,0.013430153951048851,0.9639438986778259,0.04924111068248749,0.9262807369232178,0.9522250294685364,12.120620727539062,6.006237983703613,0.015935316681861877,16.939659118652344,0.39118778705596924,15.957962036132812,16.647546768188477
DEAL (official pretrained),68,68,0,/Users/kyrillguba/Documents/Data Analytics MSc/Thesis/Python/First Try/data/DIV2K/DIV2K_valid_HR/0869.png,div2k/0869.png/sigma_0.050,div2k,0869.png,20068,bc61ffc14754a4c0e306111ec7946ec828ebc05b363e7717d8c2f300d7750e5c,92faf7d14463503cc56675c98f92d562b015bd906d1db31c8f3cc235521aefff,0.05000000074505806,0.002459372393786907,26.091758728027344,0.7520028352737427,0.000707048166077584,31.505510330200195,0.9586899876594543,38,1,322,0.0,17.871837615966797,0.3790498673915863,0.262561172246933,0.027267200872302055,0.9537836313247681,0.0832563191652298,0.2578737139701843,0.9184021949768066,5.8756513595581055,4.60667610168457,0.14537057280540466,16.68061065673828,0.8594276309013367,3.7301340103149414,15.761491775512695
DEAL (official pretrained),69,69,0,/Users/kyrillguba/Documents/Data Analytics MSc/Thesis/Python/First Try/data/DIV2K/DIV2K_valid_HR/0870.png,div2k/0870.png/sigma_0.050,div2k,0870.png,20069,23fb86d88c32c580e802edb1ef9cd9aecf3ca74c79ecdde14ada63f7050ad410,b6f5585f87becf8c8892e5f8ff9ae9085e0882cccd1e98b84ad068e6c2fd5d7f,0.05000000074505806,0.00249586277641356,26.027793884277344,0.9074313640594482,0.0012469976209104061,29.041345596313477,0.9477124810218811,28,1,235,0.0,17.871837615966797,0.16086247563362122,0.05461708828806877,0.024528756737709045,0.597794234752655,0.06585308164358139,0.15315228700637817,0.34112322330474854,2.08565354347229,0.8810975551605225,0.06620941311120987,9.310128211975098,0.6085541248321533,1.9408782720565796,5.0107035636901855
DEAL (official pretrained),70,70,0,/Users/kyrillguba/Documents/Data Analytics MSc/Thesis/Python/First Try/data/DIV2K/DIV2K_valid_HR/0871.png,div2k/0871.png/sigma_0.050,div2k,0871.png,20070,755675f2824bd9535075c3a3649ecad82608dffc5b28d5b6777c999ce5ac8feb,9b545bb8a7867d96b3d1fecda24e03809067ef977387c4a9184f2aae6fcbc8c8,0.05000000074505806,0.002481108531355858,26.053543090820312,0.857539176940918,0.0007178394007496536,31.439725875854492,0.9629567861557007,29,1,240,0.0,17.871837615966797,0.2529088258743286,0.14672349393367767,0.025639843195676804,0.8707888126373291,0.06882800161838531,0.21143153309822083,0.7407897710800171,3.6684818267822266,2.5094330310821533,0.09102737903594971,14.811562538146973,0.6541558504104614,2.9413046836853027,12.237269401550293
DEAL (official pretrained),71,71,0,/Users/kyrillguba/Documents/Data Analytics MSc/Thesis/Python/First Try/data/DIV2K/DIV2K_valid_HR/0872.png,div2k/0872.png/sigma_0.050,div2k,0872.png,20071,a3051017ca8c7da3a6c7830c9bb928ecf2b81dc2add6c092a6aecfa321376f6b,131358219de1a92c883f7aabb6f73c5887153fa67393bfc249b3c44637410397,0.05000000074505806,0.002477589063346386,26.05970573425293,0.902247965335846,0.0010559647344052792,29.763507843017578,0.9571876525878906,41,1,310,0.0,17.871837615966797,0.18926239013671875,0.12159503996372223,0.016126202419400215,0.854560375213623,0.04529337212443352,0.15168699622154236,0.6027122735977173,2.560399055480957,2.001272439956665,0.02411181479692459,14.604266166687012,0.3287353515625,1.92043137550354,9.607251167297363
DEAL (official pretrained),72,72,0,/Users/kyrillguba/Documents/Data Analytics MSc/Thesis/Python/First Try/data/DIV2K/DIV2K_valid_HR/0873.png,div2k/0873.png/sigma_0.050,div2k,0873.png,20072,98eca5a763607b677cf4da90c4112b7bd27d325edaf99023f29c46b2af95740e,7ed996e83d7c85129cf42e7e77d6ee12ca7058197ed761629f556c4526a743be,0.05000000074505806,0.002525132382288575,25.977157592773438,0.801446795463562,0.0009595842566341162,30.179168701171875,0.9481534361839294,30,1,259,0.0,17.871837615966797,0.27788713574409485,0.2452487200498581,0.01777561381459236,0.934675931930542,0.05258853733539581,0.1753961443901062,0.8878552913665771,4.109165668487549,4.293483734130859,0.044041190296411514,16.20136070251465,0.42660433053970337,2.278940200805664,15.047516822814941
DEAL (official pretrained),73,73,0,/Users/kyrillguba/Documents/Data Analytics MSc/Thesis/Python/First Try/data/DIV2K/DIV2K_valid_HR/0874.png,div2k/0874.png/sigma_0.050,div2k,0874.png,20073,c1b141701b55a15db0c8d9d38d28131d0c6935abc941c0cf5a1b8e17483ce6db,b19bfca99d856a1b2097f69aab2e36d4fedf6c4a2af0992eda02c4f131e8329d,0.05000000074505806,0.002378856297582388,26.236316680908203,0.7668249011039734,0.0006222259253263474,32.06052017211914,0.9275548458099365,36,1,272,0.0,17.871837615966797,0.34932762384414673,0.19564300775527954,0.014376731589436531,0.9568113088607788,0.07604879140853882,0.3048686981201172,0.9418237209320068,5.288989067077637,3.4837698936462402,0.016752660274505615,16.79865837097168,0.7586359977722168,4.433911323547363,16.40912437438965
DEAL (official pretrained),74,74,0,/Users/kyrillguba/Documents/Data Analytics MSc/Thesis/Python/First Try/data/DIV2K/DIV2K_valid_HR/0875.png,div2k/0875.png/sigma_0.050,div2k,0875.png,20074,9efdc0057bb6e53db148019bb4a13192254fce5f31a016a4924e85fc6ee62a16,5dec522d5e1137adce5d49d502dfa608677341edee3f6ccf586c6fc3ae9ffa96,0.05000000074505806,0.0024223660584539175,26.157604217529297,0.9346641302108765,0.0010747318156063557,29.687000274658203,0.9673182368278503,28,1,232,0.0,17.871837615966797,0.15498659014701843,0.05868299677968025,0.014787202700972557,0.606050968170166,0.04907800629734993,0.14824900031089783,0.3183591067790985,1.9926633834838867,0.9459708333015442,0.01896131969988346,9.669398307800293,0.3580673336982727,1.8682414293289185,4.664169788360596
DEAL (official pretrained),75,75,0,/Users/kyrillguba/Documents/Data Analytics MSc/Thesis/Python/First Try/data/DIV2K/DIV2K_valid_HR/0876.png,div2k/0876.png/sigma_0.050,div2k,0876.png,20075,84df379a2b4a7b995296e31b3954bfb9a7731d5e2d0b8650405a416a53e11125,80e9a18961ffcbf9cc0f8ac5206060e646fa8d3dbbd54ed03acd91720a2d69e9,0.05000000074505806,0.0022386491764336824,26.500139236450195,0.8460820913314819,0.0009744995622895658,30.112186431884766,0.9134783744812012,33,1,273,0.0,17.871837615966797,0.24528717994689941,0.11167330294847488,0.019733985885977745,0.9730550050735474,0.07264727354049683,0.2217923104763031,0.5873643755912781,3.4796440601348877,1.8726298809051514,0.03805146738886833,17.074907302856445,0.7010612487792969,3.0710315704345703,9.313023567199707
DEAL (official pretrained),76,76,0,/Users/kyrillguba/Documents/Data Analytics MSc/Thesis/Python/First Try/data/DIV2K/DIV2K_valid_HR/0877.png,div2k/0877.png/sigma_0.050,div2k,0877.png,20076,a7be10c02736c3557926612d053466a395f1f8df83ddeeff7027d05bb769b33a,78441016e6cfc95c22e8029585e0135aee252e64b13e409b0421ab423ad3bc5b,0.05000000074505806,0.002484759083017707,26.047157287597656,0.6783108115196228,0.0003526108921505511,34.527042388916016,0.9422034025192261,25,1,216,0.0,17.871837615966797,0.3845953941345215,0.16867578029632568,0.014789920300245285,0.9465759992599487,0.06720191240310669,0.37584835290908813,0.8581547737121582,5.905040740966797,2.897033214569092,0.029576703906059265,16.498998641967773,0.6527995467185974,5.706315994262695,14.240222930908203
DEAL (official pretrained),77,77,0,/Users/kyrillguba/Documents/Data Analytics MSc/Thesis/Python/First Try/data/DIV2K/DIV2K_valid_HR/0878.png,div2k/0878.png/sigma_0.050,div2k,0878.png,20077,f1e61ee7f615bf40fc0cc24a3750fc6413019d89281f32d061c3bfb42fdf3082,6f9cb19221b164fd1c4793e9119d414b2937b5fe464e8b30b5d536fc88349f47,0.05000000074505806,0.002496751956641674,26.026247024536133,0.8696799278259277,0.0007914891466498375,31.01555061340332,0.960565447807312,25,1,229,0.0,17.871837615966797,0.23957784473896027,0.159092977643013,0.013145283795893192,0.8761414289474487,0.053896162658929825,0.18698549270629883,0.7607144117355347,3.4306859970092773,2.7078046798706055,0.014319905079901218,14.660961151123047,0.444802463054657,2.5089988708496094,12.589922904968262
DEAL (official pretrained),78,78,0,/Users/kyrillguba/Documents/Data Analytics MSc/Thesis/Python/First Try/data/DIV2K/DIV2K_valid_HR/0879.png,div2k/0879.png/sigma_0.050,div2k,0879.png,20078,f7a72db70e5d13cc9ce0514ee1b317f98a5b43e5671f68071037416761ac50bb,3af6e6931292a54a400c5fe7933c9aac4afecb5836dd41e2e23a0d722688892b,0.05000000074505806,0.0025101255159825087,26.0030460357666,0.6462010145187378,0.0005015202332288027,32.99711608886719,0.9759995937347412,33,1,259,0.0,17.871837615966797,0.49922409653663635,0.36059731245040894,0.018707426264882088,0.9636557102203369,0.04798891767859459,0.37776756286621094,0.9423632621765137,8.128447532653809,6.422565460205078,0.04192591831088066,16.924468994140625,0.35726550221443176,5.59210205078125,16.397424697875977
DEAL (official pretrained),79,79,0,/Users/kyrillguba/Documents/Data Analytics MSc/Thesis/Python/First Try/data/DIV2K/DIV2K_valid_HR/0880.png,div2k/0880.png/sigma_0.050,div2k,0880.png,20079,2464ffab9474f65f91c41e6231fc7c3907d471b36d493192c28dd9a9c9ac3c4c,ffecafd44bf8d629abfc24db08cb713e2747a47b22d9ed9ed9bc9660924349a3,0.05000000074505806,0.0025037077721208334,26.014163970947266,0.6307056546211243,0.0005106836324557662,32.918479919433594,0.9614448547363281,55,1,388,0.0,17.871837615966797,0.5024977922439575,0.30936744809150696,0.032935939729213715,0.9577728509902954,0.08220235258340836,0.5481524467468262,0.9382774829864502,8.092578887939453,5.48737907409668,0.15173645317554474,16.745750427246094,0.8512373566627502,8.608747482299805,16.295433044433594
DEAL (official pretrained),80,80,0,/Users/kyrillguba/Documents/Data Analytics MSc/Thesis/Python/First Try/data/DIV2K/DIV2K_valid_HR/0881.png,div2k/0881.png/sigma_0.050,div2k,0881.png,20080,b4be0560c87adf38d8561ec3fb5a8e3e0e5d0b43501194ff1ff77f1511e89119,ff995967a741339364d17f41dcd807bccd4353b0c9d14e5fc9125b4bed8e3b9b,0.05000000074505806,0.002498085843399167,26.02392578125,0.6853863000869751,0.0005155284306965768,32.87747573852539,0.9458014965057373,36,1,276,0.0,17.871837615966797,0.4391099810600281,0.24330922961235046,0.016106683760881424,0.9464326500892639,0.0656811073422432,0.45997393131256104,0.9024801254272461,6.924812316894531,4.274782657623291,0.02248913235962391,16.52310562133789,0.600785493850708,7.216332912445068,15.390908241271973
DEAL (official pretrained),81,81,0,/Users/kyrillguba/Documents/Data Analytics MSc/Thesis/Python/First Try/data/DIV2K/DIV2K_valid_HR/0882.png,div2k/0882.png/sigma_0.050,div2k,0882.png,20081,aac379d4eb1f7ffb4575e0fcca3a6836e85643267b9f537632bdfd3422ae2a6d,150dcca981b1c1e3158f4d57fa0cfc7d25c1e39ecdd9e084f83d47d137d9624c,0.05000000074505806,0.0024375757202506065,26.13041877746582,0.8196840286254883,0.0004788036167155951,33.19842529296875,0.9729867577552795,20,1,184,0.0,17.871837615966797,0.32402339577674866,0.1805233210325241,0.012533176690340042,0.8830751180648804,0.03769770264625549,0.30438685417175293,0.792589545249939,4.981635093688965,3.0837066173553467,0.011566508561372757,14.812031745910645,0.25552937388420105,4.6380615234375,13.014805793762207
DEAL (official pretrained),82,82,0,/Users/kyrillguba/Documents/Data Analytics MSc/Thesis/Python/First Try/data/DIV2K/DIV2K_valid_HR/0883.png,div2k/0883.png/sigma_0.050,div2k,0883.png,20082,dc84aa16cb279e020e6bb4a512b74aeb161e2c3b612b40cfe834b4ea44c4dbd4,8be593f4169e0006fed354c03aa94d24561d05cf205aa1ab1135d7f0ccfb3662,0.05000000074505806,0.002462737960740924,26.085817337036133,0.8668558597564697,0.0010549500584602356,29.767683029174805,0.9538428783416748,31,1,269,0.0,17.871837615966797,0.2444978505373001,0.19238924980163574,0.020956821739673615,0.9473173022270203,0.06433401256799698,0.18063822388648987,0.8847732543945312,3.5314395427703857,3.35671329498291,0.06219760328531265,16.500375747680664,0.5695289373397827,2.4006781578063965,14.96215534210205
DEAL (official pretrained),83,83,0,/Users/kyrillguba/Documents/Data Analytics MSc/Thesis/Python/First Try/data/DIV2K/DIV2K_valid_HR/0884.png,div2k/0884.png/sigma_0.050,div2k,0884.png,20083,c3e792b1483d91371c9eeedd1d20a4f45de1d748d7f261794ce740fbc3ea3016,644712dffe27a59f790cd1353bc32632a684ecb9a493f14d431d028de199b4ab,0.05000000074505806,0.002447187900543213,26.113327026367188,0.892356276512146,0.0008941157720983028,30.486064910888672,0.9592089056968689,32,1,259,0.0,17.871837615966797,0.20482990145683289,0.0986517146229744,0.019646447151899338,0.7710380554199219,0.05517774820327759,0.18604212999343872,0.5554397702217102,2.8319053649902344,1.637366771697998,0.04646145552396774,12.992659568786621,0.475862592458725,2.499504804611206,8.796379089355469
DEAL (official pretrained),84,84,0,/Users/kyrillguba/Documents/Data Analytics MSc/Thesis/Python/First Try/data/DIV2K/DIV2K_valid_HR/0885.png,div2k/0885.png/sigma_0.050,div2k,0885.png,20084,d1b12f5bdff73a004166bc26bfd68ed924612ba4dfeb5ee46ef886fec9606402,54e95c1f904f700786fe9b0020834c1adb1474c7f7d7015fed754fcbbac1cb68,0.05000000074505806,0.002510383725166321,26.00259780883789,0.8224970102310181,0.0007471023709513247,31.26620101928711,0.9405444860458374,30,1,250,0.0,17.871837615966797,0.28535687923431396,0.15927354991436005,0.020571604371070862,0.945189356803894,0.08086832612752914,0.24338865280151367,0.851016640663147,4.178377151489258,2.768434524536133,0.06975798308849335,16.3759822845459,0.784388542175293,3.4390625953674316,14.286368370056152
DEAL (official pretrained),85,85,0,/Users/kyrillguba/Documents/Data Analytics MSc/Thesis/Python/First Try/data/DIV2K/DIV2K_valid_HR/0886.png,div2k/0886.png/sigma_0.050,div2k,0886.png,20085,8269830c494c50f2ca58c9fe1491092884eabccc73e5d87438dd2282f32843ab,644f721c45f511f04e3e4dfe1984679ca45a76abef26cb112dfa7c13004f0451,0.05000000074505806,0.002460349118337035,26.09003257751465,0.6926786303520203,0.00032692711101844907,34.855491638183594,0.9669057130813599,26,1,207,0.0,17.871837615966797,0.45827996730804443,0.2005111128091812,0.013813615776598454,0.9477252960205078,0.060430560261011124,0.5191754698753357,0.8144782185554504,7.308120250701904,3.502387523651123,0.01707429252564907,16.545522689819336,0.5467542409896851,8.340389251708984,13.543829917907715
DEAL (official pretrained),86,86,0,/Users/kyrillguba/Documents/Data Analytics MSc/Thesis/Python/First Try/data/DIV2K/DIV2K_valid_HR/0887.png,div2k/0887.png/sigma_0.050,div2k,0887.png,20086,9674e5076ec8c005bce7e3450e6bf09deb82df9952eaff58c7717b3a16e90f3e,2099d8648cfc0604200e781860cc79588ad1d7d189a7db04e8d8409a476fba77,0.05000000074505806,0.002473687520250678,26.066551208496094,0.7209355235099792,0.0007680022390559316,31.14637565612793,0.9407200813293457,33,1,269,0.0,17.871837615966797,0.37800687551498413,0.27780500054359436,0.012560823000967503,0.9291161894798279,0.04604429379105568,0.24706828594207764,0.8786978125572205,5.857010841369629,4.8716840744018555,0.011293447576463223,16.085092544555664,0.3461868464946747,3.453904628753662,14.873068809509277
DEAL (official pretrained),87,87,0,/Users/kyrillguba/Documents/Data Analytics MSc/Thesis/Python/First Try/data/DIV2K/DIV2K_valid_HR/0888.png,div2k/0888.png/sigma_0.050,div2k,0888.png,20087,0b12dfb6e7a24bf393f0f61b8c12a04a0e14c82f6eb77cce3a6d2ed989cadb40,6107146e9b7375749f1106b6bae5ce13f26b5e35a344ca566beaecbb6d21d742,0.05000000074505806,0.0024025437887758017,26.193286895751953,0.8998664021492004,0.0007900470518507063,31.02347183227539,0.9704830050468445,28,1,241,0.0,17.871837615966797,0.19837686419487,0.12235763669013977,0.014033716171979904,0.8765885829925537,0.04192550852894783,0.1706818789243698,0.6977529525756836,2.7566022872924805,2.0453269481658936,0.013388260267674923,14.61998462677002,0.2942264974117279,2.277876853942871,11.440199851989746
DEAL (official pretrained),88,88,0,/Users/kyrillguba/Documents/Data Analytics MSc/Thesis/Python/First Try/data/DIV2K/DIV2K_valid_HR/0889.png,div2k/0889.png/sigma_0.050,div2k,0889.png,20088,65b588cd7d91eb7ab3ad2ee297b48e2bcd71468e6f3fd4cedd22296161fcf0b3,82afed0bd0dc99b05f58a686bfb502c07791b318fc31c5955e5141844cdde637,0.05000000074505806,0.0024099466390907764,26.1799259185791,0.9300921559333801,0.0011831480078399181,29.269611358642578,0.9630891680717468,29,1,245,0.0,17.871837615966797,0.16204306483268738,0.08829274028539658,0.014873320236802101,0.7852655649185181,0.04916176572442055,0.14372971653938293,0.5388073325157166,2.14674973487854,1.4532454013824463,0.026279188692569733,12.895573616027832,0.38341024518013,1.828815221786499,8.46957778930664
DEAL (official pretrained),89,89,0,/Users/kyrillguba/Documents/Data Analytics MSc/Thesis/Python/First Try/data/DIV2K/DIV2K_valid_HR/0890.png,div2k/0890.png/sigma_0.050,div2k,0890.png,20089,641726511e5ab55ecb5dccce15a53a64473d43e0a2be22d51e522b22644d2891,d34d9e3cd9ebcd2cf3d6c1b9f064df56bda984f844f8bcf06e3af73c3e659c5c,0.05000000074505806,0.0025088931433856487,26.00518035888672,0.638018012046814,0.0005347476107999682,32.71851348876953,0.9557671546936035,31,1,256,0.0,17.871837615966797,0.49260038137435913,0.3246005177497864,0.022415991872549057,0.9545522928237915,0.08487346023321152,0.33696746826171875,0.935504138469696,7.932662010192871,5.852743148803711,0.08413395285606384,16.665170669555664,0.8665390014648438,4.97409725189209,16.232044219970703
DEAL (official pretrained),90,90,0,/Users/kyrillguba/Documents/Data Analytics MSc/Thesis/Python/First Try/data/DIV2K/DIV2K_valid_HR/0891.png,div2k/0891.png/sigma_0.050,div2k,0891.png,20090,df25cc2cba32c4a350c4749f690c8d6acb73d96d359ca40b6fee4071dbf564d0,421e905729a92cab4f659e1ddb1bf1d771c753c1d167652bf852b8a13e934671,0.05000000074505806,0.002452274551615119,26.10430908203125,0.9113262891769409,0.0007344339974224567,31.34047508239746,0.9750525951385498,39,1,274,0.0,17.871837615966797,0.19580188393592834,0.12460301071405411,0.01278991624712944,0.9872733354568481,0.04539606720209122,0.16570234298706055,0.7094736099243164,2.7221784591674805,2.093226432800293,0.009277133271098137,17.479185104370117,0.3172382414340973,2.220615863800049,11.598380088806152
DEAL (official pretrained),91,91,0,/Users/kyrillguba/Documents/Data Analytics MSc/Thesis/Python/First Try/data/DIV2K/DIV2K_valid_HR/0892.png,div2k/0892.png/sigma_0.050,div2k,0892.png,20091,cf51693d41de71e034484154f59145fbffeb5a48fb250085472f21ef15bc44ee,3cafed2fde4b57bf1807633e19dc80bea402b14e9c3980876c0f7c9215b861dc,0.05000000074505806,0.002447811421006918,26.112220764160156,0.9193196296691895,0.0008976564276963472,30.468900680541992,0.9705706834793091,21,1,195,0.0,17.871837615966797,0.16408678889274597,0.08730489015579224,0.01828860118985176,0.7967720031738281,0.04859672859311104,0.14683404564857483,0.47494420409202576,2.2005345821380615,1.4167616367340088,0.03801511600613594,13.128063201904297,0.37516114115715027,1.9075907468795776,7.255274772644043
DEAL (official pretrained),92,92,0,/Users/kyrillguba/Documents/Data Analytics MSc/Thesis/Python/First Try/data/DIV2K/DIV2K_valid_HR/0893.png,div2k/0893.png/sigma_0.050,div2k,0893.png,20092,e38a2d9fc2bb1bfe2d7f4ac7ac04be6e3b640472049753a9ec509cb5b184dfae,a878a4f9219f30bc2ec3940c274d4b9a2a25ebe0a3266e469e0181b37c892a73,0.05000000074505806,0.0025149087887257338,25.99477767944336,0.7572695016860962,0.00046389532508328557,33.3358039855957,0.9552289247512817,45,1,279,0.0,17.871837615966797,0.3259395956993103,0.20424222946166992,0.01523502916097641,0.951594889163971,0.052947115153074265,0.2719525098800659,0.8634023666381836,4.929230690002441,3.496469020843506,0.014190561138093472,16.649890899658203,0.4345306158065796,3.955054521560669,14.377388000488281
DEAL (official pretrained),93,93,0,/Users/kyrillguba/Documents/Data Analytics MSc/Thesis/Python/First Try/data/DIV2K/DIV2K_valid_HR/0894.png,div2k/0894.png/sigma_0.050,div2k,0894.png,20093,f7c053db8ff81bb3c056ed342eb0bfb9ba890e8adb30617f79d560f11e941c73,3d463b3e7a884a106cc74b530c35a6335045088c1b51b2e80c59951856a4b3e1,0.05000000074505806,0.0024041011929512024,26.190471649169922,0.702221155166626,0.0004990388406440616,33.01865768432617,0.9299730062484741,50,1,357,0.0,17.871837615966797,0.39934617280960083,0.23100702464580536,0.010333536192774773,0.9366405606269836,0.058793310075998306,0.32659777998924255,0.8504191637039185,6.174941062927246,4.031745910644531,0.0020861232187598944,16.138673782348633,0.5210939645767212,4.7919158935546875,14.23476505279541
DEAL (official pretrained),94,94,0,/Users/kyrillguba/Documents/Data Analytics MSc/Thesis/Python/First Try/data/DIV2K/DIV2K_valid_HR/0895.png,div2k/0895.png/sigma_0.050,div2k,0895.png,20094,abdbc9e5dd323d44902bb35948460b514a4fe27d53aa9bc4f2072e0a425a5902,5d40f5addb18cb3d1e51dee5d67c4528bf69f82e268864b4ac85abbc858bcee8,0.05000000074505806,0.0024713503662496805,26.070659637451172,0.8485620021820068,0.0012571398401632905,29.00616455078125,0.9199322462081909,41,1,292,0.0,17.871837615966797,0.20409438014030457,0.14121407270431519,0.012404607608914375,0.8312873840332031,0.05306081846356392,0.14720138907432556,0.6619719862937927,2.802154064178467,2.357369899749756,0.006965957581996918,13.673137664794922,0.42596861720085144,1.8285974264144897,10.6744966506958
DEAL (official pretrained),95,95,0,/Users/kyrillguba/Documents/Data Analytics MSc/Thesis/Python/First Try/data/DIV2K/DIV2K_valid_HR/0896.png,div2k/0896.png/sigma_0.050,div2k,0896.png,20095,857388cd8fc429b194bc7374762cee70b099ddf090a6495b03d92edc4c8c7b8d,27af2283b2ab076eaa81356ab561d313279ce0d569c2e4877fdddf0ef320a479,0.05000000074505806,0.0022726221941411495,26.434728622436523,0.5752899050712585,0.0002230316458735615,36.516334533691406,0.9828000068664551,28,1,208,0.0,17.871837615966797,0.6096035242080688,0.3305584192276001,0.009999999776482582,0.9565204381942749,0.031934965401887894,0.7754661440849304,0.9428005814552307,10.102521896362305,5.878389358520508,0.001787183340638876,16.726932525634766,0.181574746966362,12.840958595275879,16.42319107055664
DEAL (official pretrained),96,96,0,/Users/kyrillguba/Documents/Data Analytics MSc/Thesis/Python/First Try/data/DIV2K/DIV2K_valid_HR/0897.png,div2k/0897.png/sigma_0.050,div2k,0897.png,20096,a75baf8d323b01687486bd536ce524304bab0a20ffcaf0d6d19c9abe9c8bef57,da79c380ada110768713c99a2ad422a7857a64ecbf57984e4d67ce6e8c4d3c70,0.05000000074505806,0.002324646105989814,26.3364315032959,0.9741009473800659,0.0016767826164141297,27.755233764648438,0.9804043173789978,27,1,211,0.0,17.871837615966797,0.11729136109352112,0.035116661339998245,0.019858386367559433,0.579879641532898,0.05207055062055588,0.11266088485717773,0.22691459953784943,1.4811762571334839,0.5800395607948303,0.037980370223522186,8.91357135772705,0.3747553527355194,1.4026930332183838,3.289479970932007
DEAL (official pretrained),97,97,0,/Users/kyrillguba/Documents/Data Analytics MSc/Thesis/Python/First Try/data/DIV2K/DIV2K_valid_HR/0898.png,div2k/0898.png/sigma_0.050,div2k,0898.png,20097,0f9b0c2f1793b1dd0ac81be97181b9e904a39fcf108cd39194842f26678085f7,22948b1ef3fcd8302fe9b4dd4d4aac4714e185a35570b7da3b68fe57b56fdad1,0.05000000074505806,0.002482225652784109,26.05158805847168,0.5179792046546936,0.0003254007897339761,34.875816345214844,0.9779422879219055,23,1,200,0.0,17.871837615966797,0.653003454208374,0.32843104004859924,0.0169936865568161,0.9569312334060669,0.056251078844070435,0.8522049188613892,0.9422265291213989,10.874605178833008,5.8828277587890625,0.04043023660778999,16.771997451782227,0.47315964102745056,14.191061973571777,16.392105102539062
DEAL (official pretrained),98,98,0,/Users/kyrillguba/Documents/Data Analytics MSc/Thesis/Python/First Try/data/DIV2K/DIV2K_valid_HR/0899.png,div2k/0899.png/sigma_0.050,div2k,0899.png,20098,bea5ead4e165747f9c0e6d434cc536abdd4760b1a8da09c78f705024684bff65,f4921620b91b54ab8ae8f39e871106445b45f261f242a9fbf6d33d5e9cc3e9fe,0.05000000074505806,0.002485462464392185,26.045928955078125,0.8564862012863159,0.0006114619318395853,32.13630676269531,0.9658153057098389,24,1,213,0.0,17.871837615966797,0.21929919719696045,0.13768960535526276,0.010995755903422832,0.9305724501609802,0.03821858763694763,0.1890898048877716,0.6875556111335754,3.132833957672119,2.292741060256958,0.003984728828072548,16.052467346191406,0.25223836302757263,2.6099729537963867,11.160124778747559
DEAL (official pretrained),99,99,0,/Users/kyrillguba/Documents/Data Analytics MSc/Thesis/Python/First Try/data/DIV2K/DIV2K_valid_HR/0900.png,div2k/0900.png/sigma_0.050,div2k,0900.png,20099,72e06d86758e25d0f39e87b43b4ed00325b96cc08c65fc1809df35beee23e59c,05f111db00088713f2eb648ca109d3ed2f2cd730a89df2e3e70279429de302e6,0.05000000074505806,0.0021633352153003216,26.648761749267578,0.852595329284668,0.0007375251152552664,31.32223129272461,0.9395387172698975,27,1,238,0.0,17.871837615966797,0.26614606380462646,0.19295434653759003,0.013054648414254189,0.9709491729736328,0.04139518365263939,0.20914584398269653,0.921582818031311,3.9230093955993652,3.3485770225524902,0.011989204213023186,17.0667667388916,0.28716593980789185,2.9029107093811035,15.874296188354492
DEAL (official pretrained),100,0,0,/Users/kyrillguba/Documents/Data Analytics MSc/Thesis/Python/First Try/data/DIV2K/DIV2K_valid_HR/0801.png,div2k/0801.png/sigma_0.100,div2k,0801.png,20000,9ca598cce3296c3968a2f8f7685477f637dbdbbb9d4efb1cd418ca185bd31eef,5bc70c556c439e3ad16a0612b017823488632d8ab9075eafd042b541e95a3d8e,0.10000000149011612,0.0096769779920578,20.142602920532227,0.69742351770401,0.002612725365906954,25.829063415527344,0.8695100545883179,46,1,431,0.0,29.641082763671875,0.2963331341743469,0.12200991064310074,0.03059050440788269,0.858021080493927,0.10845346003770828,0.27456045150756836,0.7593013644218445,7.045404434204102,3.5400888919830322,0.35614126920700073,23.777481079101562,1.941726803779602,6.352129936218262,21.049768447875977
DEAL (official pretrained),101,1,0,/Users/kyrillguba/Documents/Data Analytics MSc/Thesis/Python/First Try/data/DIV2K/DIV2K_valid_HR/0802.png,div2k/0802.png/sigma_0.100,div2k,0802.png,20001,3177c80331fb32ceee70ac3ef64d2e56a1bce05ea8a9c0b664e2592552554742,56b8614a91a95a3f5c5153bfe0e4e4bb5c87995c268e14381c075da55031ed9b,0.10000000149011612,0.009191468358039856,20.366153717041016,0.799968957901001,0.0013841416221112013,28.58819580078125,0.9609032869338989,26,1,266,0.0,29.641082763671875,0.3509005904197693,0.10155675560235977,0.03835429251194,0.8481888771057129,0.12327224761247635,0.35107657313346863,0.6124669313430786,8.870414733886719,2.9385719299316406,0.4454561471939087,23.611753463745117,2.431159257888794,8.872978210449219,16.514978408813477
DEAL (official pretrained),102,2,0,/Users/kyrillguba/Documents/Data Analytics MSc/Thesis/Python/First Try/data/DIV2K/DIV2K_valid_HR/0803.png,div2k/0803.png/sigma_0.100,div2k,0803.png,20002,671a4205d217354c075117f716a83d9a5ef2b4c921475de333f15ac8882c9356,3897d20fbdaef314d3797b206677a444b48f34a7def0e96c690f0eb0f03b6f64,0.10000000149011612,0.010020711459219456,19.99101448059082,0.5532242655754089,0.0008214267436414957,30.854312896728516,0.9367685914039612,33,1,335,0.0,29.641082763671875,0.460757851600647,0.18295952677726746,0.025335747748613358,0.8737590312957764,0.10348833352327347,0.48595088720321655,0.7884975075721741,12.056602478027344,5.41931676864624,0.17937882244586945,24.609987258911133,1.9438358545303345,12.71064567565918,21.804258346557617
DEAL (official pretrained),103,3,0,/Users/kyrillguba/Documents/Data Analytics MSc/Thesis/Python/First Try/data/DIV2K/DIV2K_valid_HR/0804.png,div2k/0804.png/sigma_0.100,div2k,0804.png,20003,f95563d4b6e58b102c165eeec7f7e1ba2608e12c3a331510949f0cce842149ea,8ec4d7a591e0cdca2c9f0cc073f4a813bcd8abdcbf7339dae68d831f04184902,0.10000000149011612,0.009451879188418388,20.24481773376465,0.742481529712677,0.002039473969489336,26.90481948852539,0.915067732334137,49,1,472,0.0,29.641082763671875,0.3111344873905182,0.17764461040496826,0.030330073088407516,0.983792245388031,0.08352259546518326,0.2609315514564514,0.9435179233551025,7.537321090698242,5.221499443054199,0.18508002161979675,28.867813110351562,1.3040497303009033,5.99563455581665,26.987030029296875
DEAL (official pretrained),104,4,0,/Users/kyrillguba/Documents/Data Analytics MSc/Thesis/Python/First Try/data/DIV2K/DIV2K_valid_HR/0805.png,div2k/0805.png/sigma_0.100,div2k,0805.png,20004,bac34b49da4033070da28c152ece5c527c7274eafed4e320f3e7258274a93177,13e3f2a30b326ea1e6c557f2be7e313b9b3c4b3b25ea07381fb0d37e68a78c08,0.10000000149011612,0.009218410588800907,20.353439331054688,0.6337673664093018,0.0019978140480816364,26.994449615478516,0.8496217727661133,53,1,446,0.0,29.641082763671875,0.40901076793670654,0.1504717320203781,0.05951479822397232,0.9794816970825195,0.11574710160493851,0.38886842131614685,0.7858885526657104,10.450738906860352,4.459808349609375,0.6272776126861572,28.674217224121094,2.146383762359619,9.810701370239258,21.704574584960938
DEAL (official pretrained),105,5,0,/Users/kyrillguba/Documents/Data Analytics MSc/Thesis/Python/First Try/data/DIV2K/DIV2K_valid_HR/0806.png,div2k/0806.png/sigma_0.100,div2k,0806.png,20005,befc31ea0c7663db0351a7238adfea3153639f5dfa13cb7cacfd757a46539d49,70e25b70b1321615425e839c3e1d5b1d601eeb586b1c727a49b68e8ee2d34f55,0.10000000149011612,0.00968242809176445,20.140155792236328,0.5367704629898071,0.0011770662385970354,29.291990280151367,0.9092859029769897,45,1,404,0.0,29.641082763671875,0.49174001812934875,0.20422160625457764,0.0378764383494854,0.9852076172828674,0.10072292387485504,0.49404799938201904,0.9178889989852905,12.921258926391602,6.063126087188721,0.3240393102169037,28.935894012451172,1.7258867025375366,12.845821380615234,25.928953170776367
DEAL (official pretrained),106,6,0,/Users/kyrillguba/Documents/Data Analytics MSc/Thesis/Python/First Try/data/DIV2K/DIV2K_valid_HR/0807.png,div2k/0807.png/sigma_0.100,div2k,0807.png,20006,1e941eaeed69e78250491fe2c5b2f458f2f36301b8aa701227bd408f852fa572,ccec587e120d7723c88396ce26dcde7cf593f2f4f919248e97955334cd4fcbce,0.10000000149011612,0.009644688107073307,20.15711784362793,0.6150097846984863,0.002451513893902302,26.10565948486328,0.8471834659576416,72,1,556,0.0,29.641082763671875,0.35672467947006226,0.18400664627552032,0.02250835672020912,0.9580869078636169,0.09810972958803177,0.2989313006401062,0.892145574092865,8.7474365234375,5.425348281860352,0.13437849283218384,27.796850204467773,1.5493218898773193,6.977376461029053,24.93533706665039
DEAL (official pretrained),107,7,0,/Users/kyrillguba/Documents/Data Analytics MSc/Thesis/Python/First Try/data/DIV2K/DIV2K_valid_HR/0808.png,div2k/0808.png/sigma_0.100,div2k,0808.png,20007,9666b1dba93f470d95570471f38f195acafae585deefb8498b5ebb625df94e78,520a6fe374d3ebb9df485fa61fbd573478f2ac6c5ce693201f28b97916c70c3f,0.10000000149011612,0.009302692487835884,20.313913345336914,0.41364091634750366,0.0011114745866507292,29.541006088256836,0.9191820025444031,42,1,400,0.0,29.641082763671875,0.5973035097122192,0.301914244890213,0.01875409297645092,0.9934177398681641,0.0735415369272232,0.712165117263794,0.9767060875892639,16.161182403564453,9.134292602539062,0.06882365047931671,29.283981323242188,1.1054985523223877,19.226802825927734,28.531429290771484
DEAL (official pretrained),108,8,0,/Users/kyrillguba/Documents/Data Analytics MSc/Thesis/Python/First Try/data/DIV2K/DIV2K_valid_HR/0809.png,div2k/0809.png/sigma_0.100,div2k,0809.png,20008,f57d7f591d2770efb0162e925acaaef8e4ce467e58b7a54d53de058959be9978,02cc395d33e53480f9673f1a6497892c249607082301fedb6df6e6e3fc146458,0.10000000149011612,0.009794967249035835,20.089969635009766,0.5681920051574707,0.0017726030200719833,27.513885498046875,0.8163930177688599,56,1,475,0.0,29.641082763671875,0.4073764979839325,0.14657840132713318,0.04413047432899475,0.941016435623169,0.1475791335105896,0.37512773275375366,0.8145550489425659,10.280823707580566,4.351431846618652,0.4150347113609314,26.905088424682617,2.854010820388794,9.279655456542969,22.39806365966797
DEAL (official pretrained),109,9,0,/Users/kyrillguba/Documents/Data Analytics MSc/Thesis/Python/First Try/data/DIV2K/DIV2K_valid_HR/0810.png,div2k/0810.png/sigma_0.100,div2k,0810.png,20009,50cf8d799292c4a6f6c23b4a8f1d0c08015da9c6e74d9109a31efdb1eb5d9df3,2b57d2dfcd12991aeb7ab9faf01a2d8f8bd96314f078c0bf5e52692b94518773,0.10000000149011612,0.009871197864413261,20.056303024291992,0.5139862298965454,0.0015378370881080627,28.130897521972656,0.8593419790267944,73,1,569,0.0,29.641082763671875,0.45655158162117004,0.1828618347644806,0.05023537948727608,0.9000722765922546,0.1434820294380188,0.41355884075164795,0.7992148995399475,11.777695655822754,5.5022196769714355,0.6707866787910461,25.26437759399414,2.743543863296509,10.386617660522461,22.015914916992188
DEAL (official pretrained),110,10,0,/Users/kyrillguba/Documents/Data Analytics MSc/Thesis/Python/First Try/data/DIV2K/DIV2K_valid_HR/0811.png,div2k/0811.png/sigma_0.100,div2k,0811.png,20010,ceab700e5944238d72f4ec94852a5ee6b9c353c54281c96ee7c6e9b9f2a16308,2a5be0e4fb830aa880a3ae425de9935ae5a11f956c4be2e5ce3f17fc8933ec02,0.10000000149011612,0.008832404389977455,20.53921127319336,0.5509722828865051,0.0020288806408643723,26.92743492126465,0.7828976511955261,77,1,587,0.0,29.641082763671875,0.45086410641670227,0.21693186461925507,0.03847216069698334,0.987472653388977,0.1374913603067398,0.38461053371429443,0.9773766994476318,11.600513458251953,6.594882011413574,0.2650064527988434,29.07357406616211,2.594576835632324,9.506185531616211,28.554370880126953
DEAL (official pretrained),111,11,0,/Users/kyrillguba/Documents/Data Analytics MSc/Thesis/Python/First Try/data/DIV2K/DIV2K_valid_HR/0812.png,div2k/0812.png/sigma_0.100,div2k,0812.png,20011,5f26939fc07611061a96f2a386a77ffd9251b83abf26ac7ecb5a44dcae97187b,f40eed7a4b5ba87ef7b157195200148072925c57c9d9370720b2d06685869aca,0.10000000149011612,0.009534102864563465,20.207202911376953,0.6157577633857727,0.0013982865493744612,28.54404067993164,0.9161890745162964,46,1,417,0.0,29.641082763671875,0.4332021176815033,0.25415754318237305,0.019401678815484047,0.9864638447761536,0.07506341487169266,0.3457292914390564,0.9686481952667236,11.211532592773438,7.578622817993164,0.060732632875442505,28.98612403869629,1.1162272691726685,8.344367980957031,28.121139526367188
DEAL (official pretrained),112,12,0,/Users/kyrillguba/Documents/Data Analytics MSc/Thesis/Python/First Try/data/DIV2K/DIV2K_valid_HR/0813.png,div2k/0813.png/sigma_0.100,div2k,0813.png,20012,c34023db0a8b05fd8269a4d5afeb83670d5b08e7bce8d6c8cfe221a95b0e0b2f,5610545bcb496fb9dd55249cdcd93bb7631b13659b4b32682e9ab285276783f6,0.10000000149011612,0.008836835622787476,20.537033081054688,0.6159494519233704,0.001524700433947146,28.168153762817383,0.9191016554832458,44,1,418,0.0,29.641082763671875,0.4250166714191437,0.25557437539100647,0.016788098961114883,0.9875170588493347,0.07383314520120621,0.3572465777397156,0.9713354110717773,10.97557258605957,7.631979465484619,0.04051053896546364,29.059341430664062,1.113686203956604,8.741519927978516,28.271360397338867
DEAL (official pretrained),113,13,0,/Users/kyrillguba/Documents/Data Analytics MSc/Thesis/Python/First Try/data/DIV2K/DIV2K_valid_HR/0814.png,div2k/0814.png/sigma_0.100,div2k,0814.png,20013,9f544177fb7f24fc86ba1b0d9b9d0e664f093ce144600099ca215fbf1a3e3c25,1450de033911c1593b75144c18a82d91fc6a9e50ee5ff3ad69e7420652936412,0.10000000149011612,0.009942586533725262,20.025007247924805,0.3495311141014099,0.0009316276991739869,30.30757713317871,0.935513436794281,43,1,394,0.0,29.641082763671875,0.686545193195343,0.3274103105068207,0.029599325731396675,0.9908584952354431,0.1003543883562088,0.881759524345398,0.9841070175170898,19.115812301635742,10.164899826049805,0.17795054614543915,29.206872940063477,1.666635513305664,24.640920639038086,28.888429641723633
DEAL (official pretrained),114,14,0,/Users/kyrillguba/Documents/Data Analytics MSc/Thesis/Python/First Try/data/DIV2K/DIV2K_valid_HR/0815.png,div2k/0815.png/sigma_0.100,div2k,0815.png,20014,d8f2b2b3496e52c1ec43e3c5e28732516b24990b8a2361d1876240ad562db395,3600382f647ec23f968eaeb10ed0adc9dd235d82ae9cbc330c368d9cdb511f0b,0.10000000149011612,0.00968572311103344,20.13867950439453,0.6248074769973755,0.0016356594860553741,27.86307144165039,0.8921160697937012,38,1,380,0.0,29.641082763671875,0.37530630826950073,0.13552425801753998,0.039762940257787704,0.9193273782730103,0.10768979787826538,0.3688600957393646,0.7333755493164062,9.451614379882812,3.973586320877075,0.37466979026794434,26.172786712646484,1.9011815786361694,9.204233169555664,20.135177612304688
DEAL (official pretrained),115,15,0,/Users/kyrillguba/Documents/Data Analytics MSc/Thesis/Python/First Try/data/DIV2K/DIV2K_valid_HR/0816.png,div2k/0816.png/sigma_0.100,div2k,0816.png,20015,f457e7c932a8730df29263aaf8e3c3a2e54e7e68e543a34cdbc085f7c21edf50,e5764cbdd758b4b453d67d749eba293ac7ecf98e8ab17c442aced76fa7664a18,0.10000000149011612,0.009482970461249352,20.23055648803711,0.544446587562561,0.001229064422659576,29.1042537689209,0.8962312936782837,55,1,455,0.0,29.641082763671875,0.47006526589393616,0.221804678440094,0.0305749773979187,0.9886581897735596,0.12618690729141235,0.4084896743297577,0.9717187881469727,12.205878257751465,6.6992621421813965,0.2315259873867035,29.084918975830078,2.4218363761901855,10.172812461853027,28.26263427734375
DEAL (official pretrained),116,16,0,/Users/kyrillguba/Documents/Data Analytics MSc/Thesis/Python/First Try/data/DIV2K/DIV2K_valid_HR/0817.png,div2k/0817.png/sigma_0.100,div2k,0817.png,20016,b14c93dc0fd3fb833a2c04431c6af818313c8c6f744eb433dd1817a932b015cf,f779324f1135afcd06dffb24c876a93bd37dc07be9eb49a5c4e69a16ccda998e,0.10000000149011612,0.009596263989806175,20.178977966308594,0.5705644488334656,0.0016917794710025191,27.716562271118164,0.8805944919586182,47,1,430,0.0,29.641082763671875,0.4274630546569824,0.24628080427646637,0.037070538848638535,0.9890570044517517,0.11762306094169617,0.3362242579460144,0.9770273566246033,11.000417709350586,7.484626293182373,0.25474271178245544,29.1373348236084,2.141059398651123,8.095820426940918,28.532649993896484
DEAL (official pretrained),117,17,0,/Users/kyrillguba/Documents/Data Analytics MSc/Thesis/Python/First Try/data/DIV2K/DIV2K_valid_HR/0818.png,div2k/0818.png/sigma_0.100,div2k,0818.png,20017,00f18d236ddc7fe3a937cdcb41ce31082a90c94b9370fc202c7dce18dd80ab2a,ac917a4137abdf4235fde443eee93d4182e6c45809001bd79d91d2a6e4d80b8e,0.10000000149011612,0.00906631350517273,20.425691604614258,0.6061022877693176,0.0019056086894124746,27.199665069580078,0.9172108173370361,46,1,421,0.0,29.641082763671875,0.44102102518081665,0.28153401613235474,0.029706960543990135,0.9860471487045288,0.08412140607833862,0.3228912055492401,0.9591963887214661,11.492189407348633,8.38090705871582,0.207182377576828,28.94969367980957,1.3252124786376953,7.779641628265381,27.712390899658203
DEAL (official pretrained),118,18,0,/Users/kyrillguba/Documents/Data Analytics MSc/Thesis/Python/First Try/data/DIV2K/DIV2K_valid_HR/0819.png,div2k/0819.png/sigma_0.100,div2k,0819.png,20018,f7450c40d5c0aabdc2bd2a562302ca3993841849efca05e281ec4059186e528c,3f047b3b735aab1a28db9024b683c3bfd7ada2476ebfcd8a8700e3d65b8c98aa,0.10000000149011612,0.009486023336648941,20.229158401489258,0.6530311107635498,0.002225802280008793,26.525135040283203,0.8506708145141602,56,1,481,0.0,29.641082763671875,0.3476916253566742,0.16063715517520905,0.03478044271469116,0.986710786819458,0.10805589705705643,0.31467103958129883,0.969115674495697,8.536981582641602,4.781846046447754,0.24004018306732178,29.017662048339844,1.9044386148452759,7.462890625,28.142210006713867
DEAL (official pretrained),119,19,0,/Users/kyrillguba/Documents/Data Analytics MSc/Thesis/Python/First Try/data/DIV2K/DIV2K_valid_HR/0820.png,div2k/0820.png/sigma_0.100,div2k,0820.png,20019,ab2cf6ba20cc18bafee4976e8be3cbf4a6db4afea570ef888fdebb8c8e0616f2,d521d8856defce4134d85fa271f2c5bb89b3390471c4c04cb629a9062250d448,0.10000000149011612,0.008936306461691856,20.488418579101562,0.7622074484825134,0.0027216500602662563,25.65167999267578,0.8955578804016113,56,1,524,0.0,29.641082763671875,0.2504015564918518,0.1538943350315094,0.01894335076212883,0.923559308052063,0.05039367824792862,0.21058395504951477,0.7669920921325684,5.781337738037109,4.303821086883545,0.07175066322088242,26.20974349975586,0.5750550627708435,4.616024971008301,21.032093048095703
DEAL (official pretrained),120,20,0,/Users/kyrillguba/Documents/Data Analytics MSc/Thesis/Python/First Try/data/DIV2K/DIV2K_valid_HR/0821.png,div2k/0821.png/sigma_0.100,div2k,0821.png,20020,ebd02fa51f1a3ee91b6ca90bb58a444e53385dd1193938609708b71bca4504a0,e0988bb88b8bc2155de87d46209371667886a4284b490d1bdfb61ea477cac4d9,0.10000000149011612,0.008856703527271748,20.527278900146484,0.8821395039558411,0.00256339437328279,25.911846160888672,0.9551199674606323,33,1,332,0.0,29.641082763671875,0.14575856924057007,0.11073631793260574,0.01863391511142254,0.9866259098052979,0.03774750605225563,0.12109128385782242,0.8085710406303406,3.022965431213379,3.1141228675842285,0.07268840074539185,29.033531188964844,0.3447049558162689,2.3188672065734863,21.60306739807129
DEAL (official pretrained),121,21,0,/Users/kyrillguba/Documents/Data Analytics MSc/Thesis/Python/First Try/data/DIV2K/DIV2K_valid_HR/0822.png,div2k/0822.png/sigma_0.100,div2k,0822.png,20021,86c801c8390b132b94a9efaeb7a9bad9acdd1212e41d91d44b44811708142963,975ab59b0504a5784d99c6e6515c4acf76a3deafabe0121f6e53f9a556b98532,0.10000000149011612,0.009146437048912048,20.387479782104492,0.7088755965232849,0.0026382417418062687,25.786855697631836,0.8619101047515869,63,1,494,0.0,29.641082763671875,0.27697640657424927,0.09744248539209366,0.027356332167983055,0.9541326761245728,0.1060880571603775,0.26510289311408997,0.5901583433151245,6.444634914398193,2.7681021690368652,0.17470301687717438,27.59551239013672,1.8482495546340942,6.048651695251465,15.539056777954102
DEAL (official pretrained),122,22,0,/Users/kyrillguba/Documents/Data Analytics MSc/Thesis/Python/First Try/data/DIV2K/DIV2K_valid_HR/0823.png,div2k/0823.png/sigma_0.100,div2k,0823.png,20022,ec11d2cf0a95684902842094c84e0956a3cd35920ef85f25ba677348927a365c,4503f7bbd1222d220571fc5c93203bfa86d087def3acc2d7bb67ae703823efa6,0.10000000149011612,0.009676441550254822,20.14284324645996,0.5243744850158691,0.0018032693769782782,27.439393997192383,0.9262367486953735,42,1,405,0.0,29.641082763671875,0.5157286524772644,0.3374340236186981,0.0399588868021965,0.9882296323776245,0.09947977215051651,0.35441139340400696,0.9809644818305969,13.843218803405762,10.282563209533691,0.3422888517379761,29.094539642333984,1.6455488204956055,8.609931945800781,28.730398178100586
DEAL (official pretrained),123,23,0,/Users/kyrillguba/Documents/Data Analytics MSc/Thesis/Python/First Try/data/DIV2K/DIV2K_valid_HR/0824.png,div2k/0824.png/sigma_0.100,div2k,0824.png,20023,5ce7bdee523a1299c6a42c3adbb96d0e62c2f40266823753b8c042edb8b10495,acafba4d8d7abdf9c503d2411b57067900f637d58d43430028f67091dda5217d,0.10000000149011612,0.009483656845986843,20.230243682861328,0.5942830443382263,0.00128091499209404,28.92479705810547,0.916043758392334,105,1,557,0.0,29.641082763671875,0.44047945737838745,0.27028030157089233,0.023284055292606354,0.9843616485595703,0.07150045782327652,0.36440309882164,0.9576402902603149,11.444656372070312,7.920734882354736,0.08299774676561356,28.8677978515625,1.0277762413024902,9.01161003112793,27.61161994934082
DEAL (official pretrained),124,24,0,/Users/kyrillguba/Documents/Data Analytics MSc/Thesis/Python/First Try/data/DIV2K/DIV2K_valid_HR/0825.png,div2k/0825.png/sigma_0.100,div2k,0825.png,20024,0403db62808d832f7764170e8df2b8c78ad826e2a93d809f8cf6d018258b011a,7f05494aeb0b319f0df043dbf58299edb7909cbe999f75f65fe7cf7048083af8,0.10000000149011612,0.009548486210405827,20.200654983520508,0.7481750249862671,0.0022197344806045294,26.536991119384766,0.9158287048339844,106,1,686,0.0,29.641082763671875,0.28667664527893066,0.16076362133026123,0.021663513034582138,0.9654749631881714,0.07364045828580856,0.24599714577198029,0.8383857011795044,6.801708221435547,4.562064170837402,0.09840522706508636,27.95915412902832,1.0756628513336182,5.6111602783203125,23.09988784790039
DEAL (official pretrained),125,25,0,/Users/kyrillguba/Documents/Data Analytics MSc/Thesis/Python/First Try/data/DIV2K/DIV2K_valid_HR/0826.png,div2k/0826.png/sigma_0.100,div2k,0826.png,20025,b7fba61bcca359e5581b44283bbc34696cae71321e031969411ada23b17e2199,d523abbc1a0f6f18846ff748511683e4a250528af1dacd10bdd6ad2f705652bf,0.10000000149011612,0.009350886568427086,20.291471481323242,0.582999587059021,0.001430779229849577,28.44427490234375,0.9120833873748779,60,1,472,0.0,29.641082763671875,0.47152259945869446,0.27767419815063477,0.016531627625226974,0.9903724193572998,0.06446729600429535,0.374802827835083,0.9728036522865295,12.345745086669922,8.333210945129395,0.04478922486305237,29.185678482055664,0.8831151723861694,9.158884048461914,28.321971893310547
DEAL (official pretrained),126,26,0,/Users/kyrillguba/Documents/Data Analytics MSc/Thesis/Python/First Try/data/DIV2K/DIV2K_valid_HR/0827.png,div2k/0827.png/sigma_0.100,div2k,0827.png,20026,1a1d5ffbd89d79d7803cf86e2d8f6c75cd146872fd61e387fec71a904e384317,6c2a443ebd48754c66912251716b30634e9f21ec2dc9744b3ae16d87ef839488,0.10000000149011612,0.007821217179298401,21.067256927490234,0.3391401767730713,0.0007785152411088347,31.087329864501953,0.8181775212287903,38,1,351,0.0,29.641082763671875,0.6919318437576294,0.2509321868419647,0.01793261058628559,0.9962680339813232,0.11397264897823334,0.7436323761940002,0.9810135364532471,19.044292449951172,7.818782329559326,0.08889002352952957,29.444883346557617,2.0346908569335938,20.397022247314453,28.740943908691406
DEAL (official pretrained),127,27,0,/Users/kyrillguba/Documents/Data Analytics MSc/Thesis/Python/First Try/data/DIV2K/DIV2K_valid_HR/0828.png,div2k/0828.png/sigma_0.100,div2k,0828.png,20027,3b7551ae7f737167932c3230707f7075368102b6732eb16bfe514fd471223ea4,68b5b7984a2989eceb239eea152db17338e26b26dc24cd4f9a47806c4dcfcad2,0.10000000149011612,0.007739588618278503,21.112821578979492,0.6974624395370483,0.001616455614566803,27.91436195373535,0.8953049182891846,28,1,299,0.0,29.641082763671875,0.3186979591846466,0.25402286648750305,0.01502678170800209,0.9891387224197388,0.080221988260746,0.22150318324565887,0.9820926189422607,8.115739822387695,7.707888603210449,0.025692928582429886,29.14946174621582,1.1987650394439697,5.1913886070251465,28.79505157470703
DEAL (official pretrained),128,28,0,/Users/kyrillguba/Documents/Data Analytics MSc/Thesis/Python/First Try/data/DIV2K/DIV2K_valid_HR/0829.png,div2k/0829.png/sigma_0.100,div2k,0829.png,20028,7fef744df96a3f5b2077c74a59929852deb533e35d4804c7c745471471543ed7,45d3447b0e35c11922bd6dfc03759afbce56fdfa1ab4374e4025d0a67c08b63b,0.10000000149011612,0.009670507162809372,20.145509719848633,0.5172064304351807,0.0009540371247567236,30.204345703125,0.8960680365562439,46,1,406,0.0,29.641082763671875,0.4830191731452942,0.24820749461650848,0.02273418940603733,0.9884179830551147,0.06671970337629318,0.46627283096313477,0.9728557467460632,12.690157890319824,7.382967472076416,0.09171056747436523,29.080554962158203,0.9531386494636536,11.832258224487305,28.327985763549805
DEAL (official pretrained),129,29,0,/Users/kyrillguba/Documents/Data Analytics MSc/Thesis/Python/First Try/data/DIV2K/DIV2K_valid_HR/0830.png,div2k/0830.png/sigma_0.100,div2k,0830.png,20029,33405798eea5a2bbd23d383a107f9127b4f5d220ad2d443bdb05db6049757a90,fa1014a253f03e5c0689587282002a607b21e2fcf591210d45c4b4aec93ac54e,0.10000000149011612,0.009921448305249214,20.03424835205078,0.484535276889801,0.0013616477372124791,28.659353256225586,0.8698403239250183,75,1,587,0.0,29.641082763671875,0.5118533968925476,0.2618925869464874,0.03217540681362152,0.9849341511726379,0.11034702509641647,0.46703946590423584,0.9619417786598206,13.402767181396484,7.870787620544434,0.23045186698436737,28.931169509887695,1.8873686790466309,11.69588851928711,27.79482078552246
DEAL (official pretrained),130,30,0,/Users/kyrillguba/Documents/Data Analytics MSc/Thesis/Python/First Try/data/DIV2K/DIV2K_valid_HR/0831.png,div2k/0831.png/sigma_0.100,div2k,0831.png,20030,37f625cf3b90622b2047f8f9b3e488dcb450cde9c639eb5f94e082ec5148792e,d94e7500ff5e3743622762dfca7994da5fa7af5c20dcfab0e032d469201ae55b,0.10000000149011612,0.009035764262080193,20.440351486206055,0.6673297882080078,0.0020190500654280186,26.948530197143555,0.8813263177871704,46,1,438,0.0,29.641082763671875,0.3349376916885376,0.1681084781885147,0.022323761135339737,0.9835280179977417,0.0696575790643692,0.3036144971847534,0.8423474431037903,8.225669860839844,4.8762593269348145,0.1094394251704216,28.849851608276367,0.9906653165817261,7.1988525390625,23.23588752746582
DEAL (official pretrained),131,31,0,/Users/kyrillguba/Documents/Data Analytics MSc/Thesis/Python/First Try/data/DIV2K/DIV2K_valid_HR/0832.png,div2k/0832.png/sigma_0.100,div2k,0832.png,20031,678db3c6c13225750b6bb2ae62b3e9ffdbdb3491d462fa2451e73fea851ed64c,8cd5b24dfa77b72b1d7c53f473790d526f36b09838e6e9103ef576f83ee81242,0.10000000149011612,0.009017338044941425,20.44921875,0.6776522994041443,0.0020150155760347843,26.957216262817383,0.9027882814407349,51,1,443,0.0,29.641082763671875,0.33927157521247864,0.21163056790828705,0.027122780680656433,0.9909648299217224,0.06419916450977325,0.27803701162338257,0.9508828520774841,8.402400016784668,6.182281494140625,0.17141364514827728,29.22028350830078,0.9149079918861389,6.510371208190918,27.303207397460938
DEAL (official pretrained),132,32,0,/Users/kyrillguba/Documents/Data Analytics MSc/Thesis/Python/First Try/data/DIV2K/DIV2K_valid_HR/0833.png,div2k/0833.png/sigma_0.100,div2k,0833.png,20032,196e9aedca5a8ddb4904ed57c8a1a32e080164df130d093fbc86da6222f32553,76c3607abc2d73c2bf54a006ea8bbe5b91d123cda9e61617327c7e4f5bcb29de,0.10000000149011612,0.00907338596880436,20.422306060791016,0.5003514289855957,0.0007953162421472371,30.99460220336914,0.9567119479179382,35,1,331,0.0,29.641082763671875,0.572272002696991,0.3044363558292389,0.02203858271241188,0.9907578825950623,0.10133183002471924,0.5541975498199463,0.980475902557373,15.533777236938477,9.284951210021973,0.15923014283180237,29.220632553100586,1.7637208700180054,14.533832550048828,28.70704460144043
DEAL (official pretrained),133,33,0,/Users/kyrillguba/Documents/Data Analytics MSc/Thesis/Python/First Try/data/DIV2K/DIV2K_valid_HR/0834.png,div2k/0834.png/sigma_0.100,div2k,0834.png,20033,43cd5d3407a2ec5d9396c0ba9f3595990830fe17adfb5b3d69777dc489012502,6f85001147428e5fa8b8832a9e83c274ddf4415e8b52081c47e5381113f4aecf,0.10000000149011612,0.008551173843443394,20.67974281311035,0.5625623464584351,0.0015862876316532493,27.996179580688477,0.8951663970947266,42,1,403,0.0,29.641082763671875,0.49875521659851074,0.2982628643512726,0.014924676157534122,0.9884063601493835,0.08538022637367249,0.3803436756134033,0.9811619520187378,13.280515670776367,9.086814880371094,0.031677957624197006,29.111570358276367,1.4325628280639648,9.412713050842285,28.749460220336914
DEAL (official pretrained),134,34,0,/Users/kyrillguba/Documents/Data Analytics MSc/Thesis/Python/First Try/data/DIV2K/DIV2K_valid_HR/0835.png,div2k/0835.png/sigma_0.100,div2k,0835.png,20034,80084574e021b9b385517a807fa4f62735358952d97592c2b192db98626e086c,66799b661073557f2d3380525a876b741faef7fa369c895525cf350830f20820,0.10000000149011612,0.009692177176475525,20.135787963867188,0.6203199625015259,0.002276768907904625,26.42681121826172,0.8373650908470154,62,1,516,0.0,29.641082763671875,0.3702419698238373,0.16502101719379425,0.05608770623803139,0.9738277196884155,0.12183166295289993,0.3277699947357178,0.8450934290885925,9.179388046264648,4.845873832702637,0.7084441781044006,28.309158325195312,2.2027764320373535,7.844651699066162,23.176071166992188
DEAL (official pretrained),135,35,0,/Users/kyrillguba/Documents/Data Analytics MSc/Thesis/Python/First Try/data/DIV2K/DIV2K_valid_HR/0836.png,div2k/0836.png/sigma_0.100,div2k,0836.png,20035,d774c40f160da761b384b399f5636cb3cfecf88e2cc5d41c78f575c3bea500af,3d619a1af2b6657712679994d89ef15d0975d3c7c5b026fa848857951fff72f5,0.10000000149011612,0.008989027701318264,20.462873458862305,0.6440120935440063,0.001512225833721459,28.203832626342773,0.9358858466148376,49,1,455,0.0,29.641082763671875,0.3957676887512207,0.27915218472480774,0.019182834774255753,0.9885467886924744,0.07239826023578644,0.2865319848060608,0.9829224348068237,10.17104434967041,8.532929420471191,0.059111207723617554,29.099546432495117,0.9962543249130249,6.681328773498535,28.833555221557617
DEAL (official pretrained),136,36,0,/Users/kyrillguba/Documents/Data Analytics MSc/Thesis/Python/First Try/data/DIV2K/DIV2K_valid_HR/0837.png,div2k/0837.png/sigma_0.100,div2k,0837.png,20036,af3a3f14f10fd37d750995ae36a4d7d4e23e7343e1fc6fb8ddf8342f79d68d35,a004e4dcc378ed000b11429c85db08b896894bbcc0e8a8e467cacb0c8face975,0.10000000149011612,0.00916203297674656,20.380081176757812,0.765365481376648,0.0025378132704645395,25.955402374267578,0.9086164832115173,44,1,421,0.0,29.641082763671875,0.26359522342681885,0.132466122508049,0.026913151144981384,0.9675400257110596,0.07631303369998932,0.2334592640399933,0.7524296045303345,6.146055221557617,3.768195152282715,0.16161827743053436,28.06244659423828,1.144391655921936,5.243636131286621,20.59237289428711
DEAL (official pretrained),137,37,0,/Users/kyrillguba/Documents/Data Analytics MSc/Thesis/Python/First Try/data/DIV2K/DIV2K_valid_HR/0838.png,div2k/0838.png/sigma_0.100,div2k,0838.png,20037,a419adae2a9bbcb7b328e0e98815224877487f12f01cec7bd572e3a61b346f36,73c2c92e98f5548121634934b7f8b396da2f106fa5edff6fa4406bcb5bb7bb07,0.10000000149011612,0.009333591908216476,20.299510955810547,0.489147812128067,0.0006146397790871561,32.113792419433594,0.9372540712356567,29,1,279,0.0,29.641082763671875,0.5637573599815369,0.20401713252067566,0.039089884608983994,0.988865852355957,0.15507833659648895,0.5403332710266113,0.9794101119041443,15.191743850708008,6.222408294677734,0.39995265007019043,29.129779815673828,3.302537679672241,14.371804237365723,28.654752731323242
DEAL (official pretrained),138,38,0,/Users/kyrillguba/Documents/Data Analytics MSc/Thesis/Python/First Try/data/DIV2K/DIV2K_valid_HR/0839.png,div2k/0839.png/sigma_0.100,div2k,0839.png,20038,9ed3b7789f4dcc0b1bfd3a6e2391350b33a63a89353a3bd50f5bde4b89d2f647,3b2839787a4e994067fee71a5a1c8fb78033e5cbc93482ea5970729be4a87066,0.10000000149011612,0.007751947268843651,21.105892181396484,0.4432066082954407,0.0019473470747470856,27.105567932128906,0.5833856463432312,112,1,838,0.0,29.641082763671875,0.560818076133728,0.3085964620113373,0.04215194284915924,0.9980143308639526,0.13213108479976654,0.4151696562767029,0.9843275547027588,15.292947769165039,9.707667350769043,0.3492105007171631,29.529495239257812,2.765986442565918,10.426471710205078,28.899572372436523
DEAL (official pretrained),139,39,0,/Users/kyrillguba/Documents/Data Analytics MSc/Thesis/Python/First Try/data/DIV2K/DIV2K_valid_HR/0840.png,div2k/0840.png/sigma_0.100,div2k,0840.png,20039,df4e88246e2af519b1c29adccc7944ac0f8568e6a1ef7d65c39dc4fcd2a3dd5b,1f17b191a1cb4c7983a7c9b878a8cd852a388158dbaf91a28f09e346d483a71e,0.10000000149011612,0.009186126291751862,20.368675231933594,0.7120739221572876,0.002419430762529373,26.16286849975586,0.8769246339797974,52,1,481,0.0,29.641082763671875,0.3100960850715637,0.09845548868179321,0.0306254830211401,0.9076915979385376,0.11826437711715698,0.301247775554657,0.6057666540145874,7.438241958618164,2.8334405422210693,0.20115509629249573,26.007080078125,2.1417291164398193,7.128686904907227,16.15357208251953
DEAL (official pretrained),140,40,0,/Users/kyrillguba/Documents/Data Analytics MSc/Thesis/Python/First Try/data/DIV2K/DIV2K_valid_HR/0841.png,div2k/0841.png/sigma_0.100,div2k,0841.png,20040,b85a5c827a7d17dab432c8f79abc120715b867e00f3bcbe182f90d6c23ecff6f,8c1ee2b2fc094e7d06b937c0217e04765d471915ef200473146ecd3282885518,0.10000000149011612,0.009126249700784683,20.397075653076172,0.5158218145370483,0.0016477362951263785,27.83112335205078,0.8570852279663086,49,1,451,0.0,29.641082763671875,0.48761916160583496,0.26807472109794617,0.038829222321510315,0.9879471063613892,0.09904687851667404,0.43844160437583923,0.979437530040741,12.785879135131836,8.088768005371094,0.36246857047080994,29.099843978881836,1.6560685634613037,11.037545204162598,28.663619995117188
DEAL (official pretrained),141,41,0,/Users/kyrillguba/Documents/Data Analytics MSc/Thesis/Python/First Try/data/DIV2K/DIV2K_valid_HR/0842.png,div2k/0842.png/sigma_0.100,div2k,0842.png,20041,e0fe2755785538efb2ac1c7a4fc4e854d8206a8f09b68ac1931f0544c3e7cc53,35fce4372c911a0760c19a4858630bf39e9be9413b3d00e9529bb3c55d6fb672,0.10000000149011612,0.008929554373025894,20.491703033447266,0.5761888027191162,0.0014178501442074776,28.48369598388672,0.8865155577659607,73,2,498,9.918677278619725e-06,29.641082763671875,0.46642690896987915,0.2247667908668518,0.02099168859422207,0.9802658557891846,0.09902021288871765,0.43535512685775757,0.9365279078483582,12.183856964111328,6.679462432861328,0.07698483765125275,28.702415466308594,1.7120708227157593,11.065292358398438,26.739971160888672
DEAL (official pretrained),142,42,0,/Users/kyrillguba/Documents/Data Analytics MSc/Thesis/Python/First Try/data/DIV2K/DIV2K_valid_HR/0843.png,div2k/0843.png/sigma_0.100,div2k,0843.png,20042,8d4db85adca20e5911d117b4bb54fdfb3f22b2a02cceb14242bb7540955f6140,4396acf5db3292779c648b276f459c5db8e2d2d60f75764d3d5013efb9ad0c61,0.10000000149011612,0.006897990591824055,21.612775802612305,0.2857520580291748,0.0004804308118764311,33.183692932128906,0.9621717929840088,22,1,244,0.0,29.641082763671875,0.8256229758262634,0.2765558958053589,0.03348090127110481,0.9903819561004639,0.11449875682592392,0.9765661358833313,0.9863886833190918,23.74121856689453,8.6491060256958,0.2363748550415039,29.19942855834961,2.2240302562713623,28.518062591552734,29.005905151367188
DEAL (official pretrained),143,43,0,/Users/kyrillguba/Documents/Data Analytics MSc/Thesis/Python/First Try/data/DIV2K/DIV2K_valid_HR/0844.png,div2k/0844.png/sigma_0.100,div2k,0844.png,20043,15c2150d7c67049e1e35243bac1a1a68c6f0e57215592b78ed9b74e130ed1370,81716fb24e15948d4c559e010784e178d010208e374b3fa77390bf2e1119561b,0.10000000149011612,0.008547065779566765,20.68182945251465,0.33853840827941895,0.0005611453088931739,32.509246826171875,0.8944878578186035,60,2,405,9.393781510880217e-06,29.641082763671875,0.6946003437042236,0.2518054246902466,0.017034735530614853,0.9892781972885132,0.08758468925952911,0.7319953441619873,0.9842885136604309,19.23883628845215,7.801581859588623,0.049137841910123825,29.14653205871582,1.5548747777938843,20.070249557495117,28.9018611907959
DEAL (official pretrained),144,44,0,/Users/kyrillguba/Documents/Data Analytics MSc/Thesis/Python/First Try/data/DIV2K/DIV2K_valid_HR/0845.png,div2k/0845.png/sigma_0.100,div2k,0845.png,20044,3afec5a048f16903b44498719256567f9874b218bd408f06ae16848d5bfd4779,4bcb3c23daecdc254d579c8d39d68436083c954664b8c7bcd4f3074845db63a0,0.10000000149011612,0.007887687534093857,21.030502319335938,0.5800467133522034,0.001577345421537757,28.020732879638672,0.9151711463928223,75,1,627,0.0,29.641082763671875,0.4871886968612671,0.3382891118526459,0.02009671926498413,0.9982878565788269,0.07149086892604828,0.33439701795578003,0.9837631583213806,13.149511337280273,10.359657287597656,0.07111009210348129,29.54351234436035,1.0214760303497314,8.153402328491211,28.8763484954834
DEAL (official pretrained),145,45,0,/Users/kyrillguba/Documents/Data Analytics MSc/Thesis/Python/First Try/data/DIV2K/DIV2K_valid_HR/0846.png,div2k/0846.png/sigma_0.100,div2k,0846.png,20045,bfa025022780e8b45b7d8ca41bf0c1aa0ef062e997a3e07e7b0b4766072a0c65,ef61b57813715c2a4ca032b455913e793bcd3b4bae6d56a574377a98fad4b983,0.10000000149011612,0.007892230525612831,21.028003692626953,0.6083446741104126,0.0022399399895220995,26.497634887695312,0.8838226795196533,42,1,442,0.0,29.641082763671875,0.4536653757095337,0.3277588486671448,0.017673105001449585,0.9886327981948853,0.054536230862140656,0.3186286687850952,0.9830415844917297,12.04792594909668,10.04634952545166,0.066640205681324,29.1156063079834,0.6398767232894897,7.583878993988037,28.83721160888672
DEAL (official pretrained),146,46,0,/Users/kyrillguba/Documents/Data Analytics MSc/Thesis/Python/First Try/data/DIV2K/DIV2K_valid_HR/0847.png,div2k/0847.png/sigma_0.100,div2k,0847.png,20046,a03ac31eb9aa42c51d2ec103e996158d3f7890d32752d0e5a0bece66c7f0a096,22c960d9b264401c4af7b57ae07d03f7ae02355432012f2738b9cc5b52f13e67,0.10000000149011612,0.008751721121370792,20.57906723022461,0.7116260528564453,0.0020084604620933533,26.97136878967285,0.9286961555480957,36,1,369,0.0,29.641082763671875,0.35793131589889526,0.2538626790046692,0.017696596682071686,0.9877612590789795,0.06465823948383331,0.26052266359329224,0.9797347187995911,9.060945510864258,7.574886322021484,0.08922196924686432,29.06656837463379,0.904708743095398,6.038087844848633,28.676172256469727
DEAL (official pretrained),147,47,0,/Users/kyrillguba/Documents/Data Analytics MSc/Thesis/Python/First Try/data/DIV2K/DIV2K_valid_HR/0848.png,div2k/0848.png/sigma_0.100,div2k,0848.png,20047,226e619ed1295a7c7b4eb9d622c6124c81ba03e21362bb8eee67e67dced25224,29141bb4c48bd018ea9e6e7e5bcf7acbd1ec089db3974cea22deaa532db4e025,0.10000000149011612,0.00900827907025814,20.453582763671875,0.6942570209503174,0.0015712757594883442,28.0374755859375,0.9226741790771484,50,1,446,0.0,29.641082763671875,0.34180760383605957,0.19725994765758514,0.027168573811650276,0.9913831353187561,0.06704217195510864,0.29338276386260986,0.9720422029495239,8.529828071594238,5.78640604019165,0.14687523245811462,29.172643661499023,0.9827549457550049,6.959897994995117,28.295015335083008
DEAL (official pretrained),148,48,0,/Users/kyrillguba/Documents/Data Analytics MSc/Thesis/Python/First Try/data/DIV2K/DIV2K_valid_HR/0849.png,div2k/0849.png/sigma_0.100,div2k,0849.png,20048,2c70dd5654b23e4a9ab11865c6c70e3077823c4972ad389deddc84dd9edc36b8,67496b41386bc3c88e9e83ee22b8d3a57f6f0a4ba1269ebd2b1c5bc752d1a3bc,0.10000000149011612,0.00921087246388197,20.35699462890625,0.8438193202018738,0.0040297177620232105,23.947256088256836,0.915717601776123,43,1,425,0.0,29.641082763671875,0.168784037232399,0.07911946624517441,0.0157524012029171,0.764636754989624,0.04693198949098587,0.15511570870876312,0.4223131239414215,3.5090842247009277,2.0846452713012695,0.02743915095925331,19.945053100585938,0.521977961063385,3.098539352416992,10.357479095458984
DEAL (official pretrained),149,49,0,/Users/kyrillguba/Documents/Data Analytics MSc/Thesis/Python/First Try/data/DIV2K/DIV2K_valid_HR/0850.png,div2k/0850.png/sigma_0.100,div2k,0850.png,20049,b0e8b344c318dfae08640e56c0b52ec6df0909ea2a5c7128b8b44308511dabe7,e5eed9b98168c320aae9491f2de893ed92ccc53e0d6c387e72f8d2e90f262460,0.10000000149011612,0.009512841701507568,20.216899871826172,0.5987415313720703,0.0015067369677126408,28.21962547302246,0.8893097639083862,56,1,478,0.0,29.641082763671875,0.40344977378845215,0.2086276262998581,0.028493084013462067,0.9872930645942688,0.10145436972379684,0.3492000699043274,0.9682724475860596,10.255232810974121,6.201679706573486,0.15753771364688873,29.04380989074707,1.7254973649978638,8.50147819519043,28.091270446777344
DEAL (official pretrained),150,50,0,/Users/kyrillguba/Documents/Data Analytics MSc/Thesis/Python/First Try/data/DIV2K/DIV2K_valid_HR/0851.png,div2k/0851.png/sigma_0.100,div2k,0851.png,20050,6cd623610d71351bd69a4193263bc448cd15272dcfd17f66224ecc57d176c5d0,04b876fb5e620624fb5a789176b565a5f47cf999cd2769f1f04b3699cd551808,0.10000000149011612,0.00909978523850441,20.40968894958496,0.45385831594467163,0.0011736805317923427,29.304502487182617,0.9437490701675415,37,1,360,0.0,29.641082763671875,0.5679502487182617,0.33040931820869446,0.017511896789073944,0.9889453649520874,0.06936661899089813,0.5640024542808533,0.9813528060913086,15.417569160461426,9.983022689819336,0.042924851179122925,29.124530792236328,1.035177230834961,14.713654518127441,28.75457191467285
DEAL (official pretrained),151,51,0,/Users/kyrillguba/Documents/Data Analytics MSc/Thesis/Python/First Try/data/DIV2K/DIV2K_valid_HR/0852.png,div2k/0852.png/sigma_0.100,div2k,0852.png,20051,73b3c50a05a0fcb1a26fb8f3d88ebc57fe34409f6e6d0d125e46c18d90cca3a1,17353f211f92fc85c89c297f06876badb25b6456c6b233a1a98aee22ee086d70,0.10000000149011612,0.006303895264863968,22.003910064697266,0.33275675773620605,0.0016854268033057451,27.73290252685547,0.5535404682159424,83,1,506,0.0,29.641082763671875,0.7490485310554504,0.23269875347614288,0.05964674800634384,0.9982128143310547,0.2421378791332245,0.8202961683273315,0.9835029244422913,20.96432876586914,7.384749889373779,0.7827065587043762,29.53965950012207,5.444960117340088,22.73293685913086,28.855619430541992
DEAL (official pretrained),152,52,0,/Users/kyrillguba/Documents/Data Analytics MSc/Thesis/Python/First Try/data/DIV2K/DIV2K_valid_HR/0853.png,div2k/0853.png/sigma_0.100,div2k,0853.png,20052,e9eb55fc2bc1bcfd2fad63122c380357a672f2b9f14b61a7547da796324e10c2,2a4a46f0eaf5d1fadc00d4ef05bf92a9fe627ad832048c6055af87d61f360962,0.10000000149011612,0.008257114328444004,20.831716537475586,0.393589586019516,0.0009547234512865543,30.20122528076172,0.9094619750976562,44,1,411,0.0,29.641082763671875,0.639891505241394,0.30999302864074707,0.022749457508325577,0.9906944036483765,0.10275711864233017,0.7246503829956055,0.9845667481422424,17.68056869506836,9.65768814086914,0.11711310595273972,29.159770965576172,1.8174638748168945,19.793903350830078,28.91554832458496
DEAL (official pretrained),153,53,0,/Users/kyrillguba/Documents/Data Analytics MSc/Thesis/Python/First Try/data/DIV2K/DIV2K_valid_HR/0854.png,div2k/0854.png/sigma_0.100,div2k,0854.png,20053,dbefb08aac7a5ad65da8e59ab21cbb0e921c9ad6da4d670be4cb2a982a3e2ffe,bd525848244c4016e4998c6599de8de721f2e9eb73659da056c41adcf5624910,0.10000000149011612,0.009751019068062305,20.109500885009766,0.6039422750473022,0.0020205865148454905,26.945226669311523,0.8966748118400574,49,1,462,0.0,29.641082763671875,0.39995113015174866,0.2780573070049286,0.02921447344124317,0.9764991402626038,0.07920748740434647,0.28379106521606445,0.9446908831596375,10.192517280578613,8.330567359924316,0.17836420238018036,28.5297908782959,1.178590178489685,6.549935340881348,27.227663040161133
DEAL (official pretrained),154,54,0,/Users/kyrillguba/Documents/Data Analytics MSc/Thesis/Python/First Try/data/DIV2K/DIV2K_valid_HR/0855.png,div2k/0855.png/sigma_0.100,div2k,0855.png,20054,9e2b3caa326eef35864ca6323728491aaf77f5232b3a1b7435275b7a4b5bc314,9c884a4c1264511665220097ef6455b848e483cc451c7b09ba79a3bc39982fef,0.10000000149011612,0.009356774389743805,20.288738250732422,0.5107844471931458,0.0012845462188124657,28.912504196166992,0.8703964948654175,69,1,520,0.0,29.641082763671875,0.5064723491668701,0.22170495986938477,0.04805251955986023,0.9864066243171692,0.12400195747613907,0.5033564567565918,0.9633339643478394,13.323457717895508,6.6681599617004395,0.4087071418762207,29.00946044921875,2.218874454498291,13.083395957946777,27.862340927124023
DEAL (official pretrained),155,55,0,/Users/kyrillguba/Documents/Data Analytics MSc/Thesis/Python/First Try/data/DIV2K/DIV2K_valid_HR/0856.png,div2k/0856.png/sigma_0.100,div2k,0856.png,20055,66cf31de43a337537e663db0aecf5dd0004e87a0fbe2bd2cdc7ed9a8b4a93ece,8db0d4fb635c06647b3d027ad817c93618ff33a3591a9b57db124c192372aa52,0.10000000149011612,0.009079148061573505,20.4195499420166,0.443595290184021,0.0016434488352388144,27.842437744140625,0.7633505463600159,81,1,560,0.0,29.641082763671875,0.5188478231430054,0.2286108434200287,0.08452633768320084,0.9882783889770508,0.1924237608909607,0.4483669698238373,0.9748694896697998,13.562030792236328,7.034309387207031,1.327601671218872,29.081222534179688,3.9038617610931396,11.253787994384766,28.42807388305664
DEAL (official pretrained),156,56,0,/Users/kyrillguba/Documents/Data Analytics MSc/Thesis/Python/First Try/data/DIV2K/DIV2K_valid_HR/0857.png,div2k/0857.png/sigma_0.100,div2k,0857.png,20056,ab895c24c3f27bd01daebb297e1995e3f7eaba3372e5cc7e32fb98edb3dfd93b,476bbdf273fdcd9ae475898c6ecc7ce6e5edaf3d4d08218db00d7bed56909036,0.10000000149011612,0.00997798889875412,20.009571075439453,0.4474475383758545,0.0005179237923584878,32.85734176635742,0.9312081933021545,44,1,363,0.0,29.641082763671875,0.5608062148094177,0.17465341091156006,0.05393453687429428,0.9532002210617065,0.1374335139989853,0.5988110303878784,0.8588849902153015,14.968856811523438,5.209728240966797,0.5186803936958313,27.365156173706055,2.6995084285736084,16.066604614257812,23.88178253173828
DEAL (official pretrained),157,57,0,/Users/kyrillguba/Documents/Data Analytics MSc/Thesis/Python/First Try/data/DIV2K/DIV2K_valid_HR/0858.png,div2k/0858.png/sigma_0.100,div2k,0858.png,20057,69c3c9a846793f1dd2cda90db3fba707412671412126cd1eaad1496e784f7c0e,0995b1952cfd847384835bae14f9a97cce530f1e88cfd5c392481a0c5c30bbd1,0.10000000149011612,0.007848209701478481,21.05229377746582,0.5598976612091064,0.002243374241515994,26.490983963012695,0.7312227487564087,74,1,510,0.0,29.641082763671875,0.4880516529083252,0.2583937346935272,0.030492741614580154,0.9878367781639099,0.09833978861570358,0.4138563871383667,0.9812740087509155,12.836677551269531,7.937534332275391,0.183017760515213,29.075511932373047,1.6582380533218384,10.37440299987793,28.750125885009766
DEAL (official pretrained),158,58,0,/Users/kyrillguba/Documents/Data Analytics MSc/Thesis/Python/First Try/data/DIV2K/DIV2K_valid_HR/0859.png,div2k/0859.png/sigma_0.100,div2k,0859.png,20058,0783919bca182fbd4ec27a809e6b7e6c58e89fddb3d3ef3d1bd5c807651c9a53,9e180ea026a3eef1371dab91bcf0d927754d8dee60a9b4becb90165ef4632c49,0.10000000149011612,0.009828127920627594,20.075292587280273,0.6457004547119141,0.0023723868653178215,26.248146057128906,0.8540570735931396,46,1,445,0.0,29.641082763671875,0.32670748233795166,0.16543544828891754,0.02954409085214138,0.9390125870704651,0.09112671762704849,0.28024864196777344,0.8008536100387573,7.877214431762695,4.799394607543945,0.25069913268089294,26.680810928344727,1.4951521158218384,6.441962242126465,21.903852462768555
DEAL (official pretrained),159,59,0,/Users/kyrillguba/Documents/Data Analytics MSc/Thesis/Python/First Try/data/DIV2K/DIV2K_valid_HR/0860.png,div2k/0860.png/sigma_0.100,div2k,0860.png,20059,6323c40a5d11f381b901e87cf8f54d9578bc32be44b9350ac5386eb44224de4a,63ead1cd4b82fcf5bffae114e0fb4ca2e4246029d73f8633a1acde2e19613fe0,0.10000000149011612,0.009273558855056763,20.327537536621094,0.7460750341415405,0.0033620898611843586,24.733905792236328,0.8527687788009644,49,1,456,0.0,29.641082763671875,0.2499346286058426,0.10057731717824936,0.01873782090842724,0.9741165041923523,0.07892578840255737,0.23830187320709229,0.618102490901947,5.661039352416992,2.835836410522461,0.11996933072805405,28.375322341918945,1.1970163583755493,5.26532506942749,16.31473731994629
DEAL (official pretrained),160,60,0,/Users/kyrillguba/Documents/Data Analytics MSc/Thesis/Python/First Try/data/DIV2K/DIV2K_valid_HR/0861.png,div2k/0861.png/sigma_0.100,div2k,0861.png,20060,c3df240f2bf2bcdcdc9060b4ba3b0dd6324594f485ce3ee2d407f0b5364d72d7,a9a12e0aaefddc591199232f1d5f742e9109541608c31ecf59629e223d529eec,0.10000000149011612,0.007323967292904854,21.352537155151367,0.6070129871368408,0.0026152271311730146,25.824907302856445,0.7443625926971436,48,1,449,0.0,29.641082763671875,0.4913533329963684,0.33541688323020935,0.01931741088628769,0.9974185228347778,0.06978967785835266,0.34224438667297363,0.9833648204803467,13.114484786987305,10.26926326751709,0.07235514372587204,29.5011043548584,0.9653610587120056,8.241987228393555,28.852022171020508
DEAL (official pretrained),161,61,0,/Users/kyrillguba/Documents/Data Analytics MSc/Thesis/Python/First Try/data/DIV2K/DIV2K_valid_HR/0862.png,div2k/0862.png/sigma_0.100,div2k,0862.png,20061,b28039f4ed1566ad4bef028589288dfa1cf33c4b676694010eb5d0d9f228ef50,959ccc78623b336d62f55a6a714d36d189c961c063e3dadc6f1f2acbc6c70a2a,0.10000000149011612,0.009982351213693619,20.007671356201172,0.33325788378715515,0.0005586676998063922,32.528465270996094,0.9009137153625488,69,1,488,0.0,29.641082763671875,0.682549238204956,0.21500778198242188,0.08533331751823425,0.9874236583709717,0.22093527019023895,0.7141295671463013,0.9716434478759766,18.69414710998535,6.628854751586914,1.3390024900436401,29.064952850341797,4.972385406494141,19.57434844970703,28.266584396362305
DEAL (official pretrained),162,62,0,/Users/kyrillguba/Documents/Data Analytics MSc/Thesis/Python/First Try/data/DIV2K/DIV2K_valid_HR/0863.png,div2k/0863.png/sigma_0.100,div2k,0863.png,20062,69a9aeec52e386294dc8c778c0d11c7f842f0960ca488aa898c25c50220c823a,5618043d9d3bf03908250b939c6297cb19642235a3c4b3af94b85798507b799b,0.10000000149011612,0.0091111334040761,20.404277801513672,0.5163592100143433,0.0012022808659821749,29.199941635131836,0.9249910116195679,42,1,378,0.0,29.641082763671875,0.5244405269622803,0.2876718044281006,0.029577363282442093,0.9886676073074341,0.13046181201934814,0.4135662019252777,0.9794492125511169,14.109891891479492,8.799530029296875,0.2122882455587387,29.09543800354004,2.5833330154418945,10.548050880432129,28.66064453125
DEAL (official pretrained),163,63,0,/Users/kyrillguba/Documents/Data Analytics MSc/Thesis/Python/First Try/data/DIV2K/DIV2K_valid_HR/0864.png,div2k/0864.png/sigma_0.100,div2k,0864.png,20063,fb786dffb18452c590dd1e18bebeea18d1c1bec24fd9d36d75ba35ad6c8a81d3,12fb470b3d46c90d01b555ae70f59db0f7bfbf9cd2bcdc6fd3ea0b8ed76202d2,0.10000000149011612,0.0095108263194561,20.217817306518555,0.6106503009796143,0.001548364874906838,28.101268768310547,0.877484142780304,59,1,488,0.0,29.641082763671875,0.414345920085907,0.13955867290496826,0.030210822820663452,0.9151387810707092,0.16283737123012543,0.39464253187179565,0.8257131576538086,10.478917121887207,4.143232822418213,0.16560634970664978,26.149391174316406,3.313791036605835,9.816793441772461,22.99579620361328
DEAL (official pretrained),164,64,0,/Users/kyrillguba/Documents/Data Analytics MSc/Thesis/Python/First Try/data/DIV2K/DIV2K_valid_HR/0865.png,div2k/0865.png/sigma_0.100,div2k,0865.png,20064,f92af3991be3de305c0efcfbe87ac07586eb280db7c47c56bbf8452a9b10010c,f67e280d87d20f1c266f6b5b05d10e674034d6352756e35108aee9a2fa9286bd,0.10000000149011612,0.009856237098574638,20.062889099121094,0.5661797523498535,0.001458086771890521,28.362167358398438,0.8826673030853271,47,1,419,0.0,29.641082763671875,0.43308189511299133,0.20243199169635773,0.04435601085424423,0.9849600791931152,0.12431531399488449,0.3804129362106323,0.9317433834075928,11.099796295166016,6.011541843414307,0.44782426953315735,28.911495208740234,2.3029799461364746,9.446698188781738,26.35222625732422
DEAL (official pretrained),165,65,0,/Users/kyrillguba/Documents/Data Analytics MSc/Thesis/Python/First Try/data/DIV2K/DIV2K_valid_HR/0866.png,div2k/0866.png/sigma_0.100,div2k,0866.png,20065,64fe1cb87ea16bd47a4af52b635bd686b87a3bb0bb006aa875e7090e7f4f1b09,5a433ea275e536aa640c70b64ed3189144c7b9d55b564f7b9a573197f2c2105b,0.10000000149011612,0.009749007411301136,20.110397338867188,0.7100076079368591,0.002404112135991454,26.190454483032227,0.8907622694969177,47,1,445,0.0,29.641082763671875,0.31095391511917114,0.15741580724716187,0.051002614200115204,0.9715971350669861,0.12110684812068939,0.26969054341316223,0.8869025707244873,7.507744312286377,4.632678508758545,0.4526347517967224,28.253190994262695,2.2366719245910645,6.233236312866211,24.83083152770996
DEAL (official pretrained),166,66,0,/Users/kyrillguba/Documents/Data Analytics MSc/Thesis/Python/First Try/data/DIV2K/DIV2K_valid_HR/0867.png,div2k/0867.png/sigma_0.100,div2k,0867.png,20066,a1b0a4eea55a3cc398df9e911e7db0ecbec9938d8ca0f96d3252df65b6daed62,d3596bfffab130a8252c78644bb26e7ffe06ec9cd2771644261183d83a4e1cc0,0.10000000149011612,0.009541342034935951,20.20390510559082,0.7404269576072693,0.0017007160931825638,27.693683624267578,0.9337726831436157,61,1,470,0.0,29.641082763671875,0.30841198563575745,0.14018841087818146,0.026928603649139404,0.9406023025512695,0.10206526517868042,0.27709370851516724,0.7917367219924927,7.442519187927246,4.0552568435668945,0.18441663682460785,26.971885681152344,1.7262382507324219,6.519369125366211,21.875818252563477
DEAL (official pretrained),167,67,0,/Users/kyrillguba/Documents/Data Analytics MSc/Thesis/Python/First Try/data/DIV2K/DIV2K_valid_HR/0868.png,div2k/0868.png/sigma_0.100,div2k,0868.png,20067,a5806164ffd45d6b14c4f40b199c062ca7d2855351fd99291a948b57f15212f1,0229669bb41b80ad700535d241feed15e7d28bdc8b353e408b18259398dabef5,0.10000000149011612,0.008502976968884468,20.704288482666016,0.3280462622642517,0.0005689584650099277,32.449195861816406,0.9749703407287598,32,1,329,0.0,29.641082763671875,0.7688264846801758,0.32070639729499817,0.0228621494024992,0.9930233359336853,0.08248261362314224,0.9707050323486328,0.9863214492797852,21.913597106933594,9.95645523071289,0.10908633470535278,29.30780792236328,1.3185378313064575,28.21755599975586,28.99764633178711
DEAL (official pretrained),168,68,0,/Users/kyrillguba/Documents/Data Analytics MSc/Thesis/Python/First Try/data/DIV2K/DIV2K_valid_HR/0869.png,div2k/0869.png/sigma_0.100,div2k,0869.png,20068,bc61ffc14754a4c0e306111ec7946ec828ebc05b363e7717d8c2f300d7750e5c,cd2f3f08c7c3efb7473bd4c81fe4156eb9060582b568b86be9e4b9d59169846f,0.10000000149011612,0.009489672258496284,20.227489471435547,0.5651524066925049,0.0016620177775621414,27.79364585876465,0.8923028111457825,44,1,437,0.0,29.641082763671875,0.5001224279403687,0.2766861021518707,0.06103108078241348,0.9907707571983337,0.14177337288856506,0.3788725733757019,0.9743671417236328,13.250045776367188,8.370505332946777,0.9927548766136169,29.191938400268555,2.783857822418213,9.485685348510742,28.404876708984375
DEAL (official pretrained),169,69,0,/Users/kyrillguba/Documents/Data Analytics MSc/Thesis/Python/First Try/data/DIV2K/DIV2K_valid_HR/0870.png,div2k/0870.png/sigma_0.100,div2k,0870.png,20069,23fb86d88c32c580e802edb1ef9cd9aecf3ca74c79ecdde14ada63f7050ad410,f16e67fd6cd51d4bb157dd3956e6fdd4376c93344ca114a093849f9ff793dfa9,0.10000000149011612,0.00978570245206356,20.094079971313477,0.7300774455070496,0.0029862811788916588,25.248695373535156,0.8684802055358887,45,1,439,0.0,29.641082763671875,0.25269848108291626,0.07664759457111359,0.03772946074604988,0.734798014163971,0.10949254781007767,0.24490028619766235,0.5170218348503113,5.73616886138916,2.1321234703063965,0.3016677796840668,19.733081817626953,1.9329164028167725,5.48490047454834,13.248908042907715
DEAL (official pretrained),170,70,0,/Users/kyrillguba/Documents/Data Analytics MSc/Thesis/Python/First Try/data/DIV2K/DIV2K_valid_HR/0871.png,div2k/0871.png/sigma_0.100,div2k,0871.png,20070,755675f2824bd9535075c3a3649ecad82608dffc5b28d5b6777c999ce5ac8feb,6a0cebe551232da5a94575252472c29db0b5793607ab75f371852670a8ddf197,0.10000000149011612,0.009753039106726646,20.10860252380371,0.6733852624893188,0.001716662896797061,27.65315055847168,0.9147178530693054,45,1,418,0.0,29.641082763671875,0.34473881125450134,0.1604025512933731,0.043148696422576904,0.9434010982513428,0.11025713384151459,0.30644458532333374,0.8233133554458618,8.509645462036133,4.67807149887085,0.3716707229614258,26.945253372192383,1.985958456993103,7.322396278381348,22.83169174194336
DEAL (official pretrained),171,71,0,/Users/kyrillguba/Documents/Data Analytics MSc/Thesis/Python/First Try/data/DIV2K/DIV2K_valid_HR/0872.png,div2k/0872.png/sigma_0.100,div2k,0872.png,20071,a3051017ca8c7da3a6c7830c9bb928ecf2b81dc2add6c092a6aecfa321376f6b,529213461c041abaf5ea0a860118362802927a015fbbc359c49100f32f8b9878,0.10000000149011612,0.009656647220253944,20.151737213134766,0.7541844248771667,0.002468494698405266,26.0756778717041,0.9088010191917419,54,1,493,0.0,29.641082763671875,0.2849053144454956,0.15382634103298187,0.0278642475605011,0.9117218255996704,0.0791238322854042,0.24110017716884613,0.7444022297859192,6.769167423248291,4.386627674102783,0.1877324879169464,25.990516662597656,1.234130620956421,5.4453325271606445,20.181350708007812
DEAL (official pretrained),172,72,0,/Users/kyrillguba/Documents/Data Analytics MSc/Thesis/Python/First Try/data/DIV2K/DIV2K_valid_HR/0873.png,div2k/0873.png/sigma_0.100,div2k,0873.png,20072,98eca5a763607b677cf4da90c4112b7bd27d325edaf99023f29c46b2af95740e,f8e45952713a11ce9a6004c66c8d9a0fe657b02b641945445f43a990b67068b6,0.10000000149011612,0.009869927540421486,20.056859970092773,0.6017451286315918,0.0022963513620197773,26.389616012573242,0.8740277290344238,53,1,475,0.0,29.641082763671875,0.37631678581237793,0.2371445745229721,0.025571782141923904,0.9742677211761475,0.09704222530126572,0.2878573536872864,0.9466434121131897,9.39210319519043,7.1164350509643555,0.17463773488998413,28.390371322631836,1.5613583326339722,6.655824661254883,27.159908294677734
DEAL (official pretrained),173,73,0,/Users/kyrillguba/Documents/Data Analytics MSc/Thesis/Python/First Try/data/DIV2K/DIV2K_valid_HR/0874.png,div2k/0874.png/sigma_0.100,div2k,0874.png,20073,c1b141701b55a15db0c8d9d38d28131d0c6935abc941c0cf5a1b8e17483ce6db,8714757c7cefeaf51668906df37cd9bc4f339497a1ad81057cb9dcf4f3c9aba7,0.10000000149011612,0.009442366659641266,20.249191284179688,0.5293329954147339,0.0013746453914791346,28.61809539794922,0.8541557788848877,67,1,531,0.0,29.641082763671875,0.4657732844352722,0.19912639260292053,0.028786148875951767,0.9882579445838928,0.123984195291996,0.436398446559906,0.9805837869644165,12.023823738098145,6.065922260284424,0.16628825664520264,29.086565017700195,2.3769969940185547,10.953826904296875,28.717947006225586
DEAL (official pretrained),174,74,0,/Users/kyrillguba/Documents/Data Analytics MSc/Thesis/Python/First Try/data/DIV2K/DIV2K_valid_HR/0875.png,div2k/0875.png/sigma_0.100,div2k,0875.png,20074,9efdc0057bb6e53db148019bb4a13192254fce5f31a016a4924e85fc6ee62a16,79c7871fdc92244fc03b37776af2dac4f07ffad0f5f0634b08ac5cbe41808f67,0.10000000149011612,0.00937436893582344,20.280580520629883,0.7994077205657959,0.00261361850425601,25.827579498291016,0.9191868901252747,45,1,420,0.0,29.641082763671875,0.24363557994365692,0.08556318283081055,0.026345958933234215,0.7420748472213745,0.08574134111404419,0.23368802666664124,0.5028349757194519,5.5066118240356445,2.3648808002471924,0.13845860958099365,20.295751571655273,1.316826343536377,5.1814727783203125,12.889280319213867
DEAL (official pretrained),175,75,0,/Users/kyrillguba/Documents/Data Analytics MSc/Thesis/Python/First Try/data/DIV2K/DIV2K_valid_HR/0876.png,div2k/0876.png/sigma_0.100,div2k,0876.png,20075,84df379a2b4a7b995296e31b3954bfb9a7731d5e2d0b8650405a416a53e11125,654e45defe491a2f2df43d9ff8de2d0759c17fdba0de1195702d52ede68f4196,0.10000000149011612,0.00821440014988184,20.8542423248291,0.6224081516265869,0.002282995730638504,26.414949417114258,0.7926422357559204,45,1,421,0.0,29.641082763671875,0.39781105518341064,0.15971890091896057,0.0391089990735054,0.9808184504508972,0.12825800478458405,0.3687289357185364,0.8574151396751404,10.015778541564941,4.678469181060791,0.321236252784729,28.72464370727539,2.4462149143218994,9.072124481201172,23.697383880615234
DEAL (official pretrained),176,76,0,/Users/kyrillguba/Documents/Data Analytics MSc/Thesis/Python/First Try/data/DIV2K/DIV2K_valid_HR/0877.png,div2k/0877.png/sigma_0.100,div2k,0877.png,20076,a7be10c02736c3557926612d053466a395f1f8df83ddeeff7027d05bb769b33a,e77ce1907bd4a2412344169304caffc1f0f6da79cf0cd08dd9b995a703ba7e60,0.10000000149011612,0.008973807096481323,20.470233917236328,0.4357912540435791,0.0008451425819657743,30.730701446533203,0.8682489395141602,40,1,374,0.0,29.641082763671875,0.5130170583724976,0.19765013456344604,0.02237890288233757,0.9872206449508667,0.10199402272701263,0.5165702104568481,0.9700233936309814,13.47991943359375,5.8743157386779785,0.1009150892496109,29.042999267578125,1.7760971784591675,13.473918914794922,28.18360137939453
DEAL (official pretrained),177,77,0,/Users/kyrillguba/Documents/Data Analytics MSc/Thesis/Python/First Try/data/DIV2K/DIV2K_valid_HR/0878.png,div2k/0878.png/sigma_0.100,div2k,0878.png,20077,f1e61ee7f615bf40fc0cc24a3750fc6413019d89281f32d061c3bfb42fdf3082,ba873ad736f651359d212e7fda5be93795141f25d29a8c56fae1a1999c1c56ee,0.10000000149011612,0.009745083749294281,20.112144470214844,0.6891080141067505,0.001913206884637475,27.18238067626953,0.9059290885925293,44,1,427,0.0,29.641082763671875,0.32557520270347595,0.17102143168449402,0.0243767648935318,0.9472127556800842,0.0880189836025238,0.27819687128067017,0.8402487635612488,7.904646396636963,4.975154399871826,0.12758547067642212,27.108253479003906,1.4485077857971191,6.440727233886719,23.37105941772461
DEAL (official pretrained),178,78,0,/Users/kyrillguba/Documents/Data Analytics MSc/Thesis/Python/First Try/data/DIV2K/DIV2K_valid_HR/0879.png,div2k/0879.png/sigma_0.100,div2k,0879.png,20078,f7a72db70e5d13cc9ce0514ee1b317f98a5b43e5671f68071037416761ac50bb,54ff8a6000defd60f55faf992ce3e7b31f2a2f52b7d0ed78cafd6f60df3244b7,0.10000000149011612,0.009800195693969727,20.0876522064209,0.4864945411682129,0.0012500369921326637,29.030773162841797,0.946319043636322,42,1,396,0.0,29.641082763671875,0.5719239115715027,0.3503310978412628,0.021748153492808342,0.9888495802879333,0.08479201048612595,0.5669559240341187,0.9802030324935913,15.575338363647461,10.65388011932373,0.14671316742897034,29.113489151000977,1.325049877166748,14.576684951782227,28.692398071289062
DEAL (official pretrained),179,79,0,/Users/kyrillguba/Documents/Data Analytics MSc/Thesis/Python/First Try/data/DIV2K/DIV2K_valid_HR/0880.png,div2k/0880.png/sigma_0.100,div2k,0880.png,20079,2464ffab9474f65f91c41e6231fc7c3907d471b36d493192c28dd9a9c9ac3c4c,6068708c32342e6b6df9bf4e2fb546a318c0074608c8af565def68d4f73d8038,0.10000000149011612,0.009952405467629433,20.020721435546875,0.4326709508895874,0.0011512378696352243,29.388351440429688,0.9174752831459045,48,1,407,0.0,29.641082763671875,0.5873211622238159,0.2934814393520355,0.052106767892837524,0.9887418746948242,0.1321144849061966,0.6395738124847412,0.9773925542831421,15.885257720947266,8.905941009521484,0.49555298686027527,29.121871948242188,2.5328099727630615,17.140522003173828,28.553953170776367
DEAL (official pretrained),180,80,0,/Users/kyrillguba/Documents/Data Analytics MSc/Thesis/Python/First Try/data/DIV2K/DIV2K_valid_HR/0881.png,div2k/0881.png/sigma_0.100,div2k,0881.png,20080,b4be0560c87adf38d8561ec3fb5a8e3e0e5d0b43501194ff1ff77f1511e89119,326d7851cc92f94124419908819bc1c797ee5e04dccc6fbc9f366ead957337e1,0.10000000149011612,0.00986284576356411,20.05997657775879,0.4646434187889099,0.0011066903825849295,29.559738159179688,0.8929333090782166,125,1,631,0.0,29.641082763671875,0.5321202874183655,0.24177703261375427,0.024525806307792664,0.9852764010429382,0.11036944389343262,0.5597115159034729,0.9587690234184265,14.103364944458008,7.251674175262451,0.1237252950668335,28.92838478088379,1.9772390127182007,14.7984619140625,27.666637420654297
DEAL (official pretrained),181,81,0,/Users/kyrillguba/Documents/Data Analytics MSc/Thesis/Python/First Try/data/DIV2K/DIV2K_valid_HR/0882.png,div2k/0882.png/sigma_0.100,div2k,0882.png,20081,aac379d4eb1f7ffb4575e0fcca3a6836e85643267b9f537632bdfd3422ae2a6d,c4cb2770f469a6b1db185a8e62a3ae0dac421972588881c4405ed2425a64ec4a,0.10000000149011612,0.009415140375494957,20.261734008789062,0.6395930051803589,0.001288863830268383,28.897930145263672,0.934640109539032,38,1,351,0.0,29.641082763671875,0.3936573565006256,0.2016202062368393,0.017096903175115585,0.9833289384841919,0.05863725766539574,0.37050914764404297,0.9188938140869141,10.116422653198242,5.8548102378845215,0.05965714529156685,28.854774475097656,0.8038842082023621,9.37420654296875,25.829858779907227
DEAL (official pretrained),182,82,0,/Users/kyrillguba/Documents/Data Analytics MSc/Thesis/Python/First Try/data/DIV2K/DIV2K_valid_HR/0883.png,div2k/0883.png/sigma_0.100,div2k,0883.png,20082,dc84aa16cb279e020e6bb4a512b74aeb161e2c3b612b40cfe834b4ea44c4dbd4,02c3fc747fc31008a2c17231bb7d372b96a3ca9aa91b9441fbeea959251bf6d8,0.10000000149011612,0.009631909430027008,20.162878036499023,0.705026388168335,0.0023887387942522764,26.21831512451172,0.897208034992218,49,1,447,0.0,29.641082763671875,0.34642890095710754,0.1959269940853119,0.05382542684674263,0.9856622219085693,0.11397883296012878,0.28315290808677673,0.9487258791923523,8.568441390991211,5.836073875427246,0.4596608877182007,28.977954864501953,2.006650924682617,6.618818283081055,27.21044921875
DEAL (official pretrained),183,83,0,/Users/kyrillguba/Documents/Data Analytics MSc/Thesis/Python/First Try/data/DIV2K/DIV2K_valid_HR/0884.png,div2k/0884.png/sigma_0.100,div2k,0884.png,20083,c3e792b1483d91371c9eeedd1d20a4f45de1d748d7f261794ce740fbc3ea3016,47bfb1ceb4930ad7db921bc4c4f0a64a5e360b7a4bb4649088a048628bbd573d,0.10000000149011612,0.009465215727686882,20.23869514465332,0.7136551141738892,0.002139248652383685,26.6973876953125,0.9020456075668335,43,1,419,0.0,29.641082763671875,0.2992098331451416,0.12806370854377747,0.03142998740077019,0.9126420021057129,0.08303947001695633,0.277391254901886,0.706235408782959,7.142599105834961,3.6499602794647217,0.19028006494045258,25.75201416015625,1.3425893783569336,6.440180778503418,19.198755264282227
DEAL (official pretrained),184,84,0,/Users/kyrillguba/Documents/Data Analytics MSc/Thesis/Python/First Try/data/DIV2K/DIV2K_valid_HR/0885.png,div2k/0885.png/sigma_0.100,div2k,0885.png,20084,d1b12f5bdff73a004166bc26bfd68ed924612ba4dfeb5ee46ef886fec9606402,3f47b63087f24ce76d1021060b4556c275768dd06d8953d703f453fec8d2e216,0.10000000149011612,0.009921858087182045,20.034069061279297,0.5917404294013977,0.0015428608749061823,28.116731643676758,0.878064751625061,78,1,541,0.0,29.641082763671875,0.38116908073425293,0.17311546206474304,0.03260035067796707,0.9858744144439697,0.13057692348957062,0.33910253643989563,0.9521982073783875,9.474831581115723,5.197481632232666,0.24076928198337555,28.944997787475586,2.369316339492798,8.099653244018555,27.334739685058594
DEAL (official pretrained),185,85,0,/Users/kyrillguba/Documents/Data Analytics MSc/Thesis/Python/First Try/data/DIV2K/DIV2K_valid_HR/0886.png,div2k/0886.png/sigma_0.100,div2k,0886.png,20085,8269830c494c50f2ca58c9fe1491092884eabccc73e5d87438dd2282f32843ab,485afdc014678bde03cdff386abafda609af75925c86830d2cabdbadf5ed02ff,0.10000000149011612,0.0095310527831316,20.20859146118164,0.4675765931606293,0.000811898848041892,30.904979705810547,0.9257998466491699,36,1,342,0.0,29.641082763671875,0.5365526080131531,0.20915479958057404,0.024705253541469574,0.9798427820205688,0.09291037172079086,0.5915712714195251,0.9172802567481995,14.306682586669922,6.196465015411377,0.15055856108665466,28.700998306274414,1.6064094305038452,15.915771484375,26.07283592224121
DEAL (official pretrained),186,86,0,/Users/kyrillguba/Documents/Data Analytics MSc/Thesis/Python/First Try/data/DIV2K/DIV2K_valid_HR/0887.png,div2k/0887.png/sigma_0.100,div2k,0887.png,20086,9674e5076ec8c005bce7e3450e6bf09deb82df9952eaff58c7717b3a16e90f3e,912790f90dbdea56174c1e034cc1efe7964335dc4c73269389d494ba9a6ee783,0.10000000149011612,0.009589008055627346,20.18226432800293,0.5204975605010986,0.0017879009246826172,27.476566314697266,0.8679890632629395,58,1,477,0.0,29.641082763671875,0.4890836477279663,0.2750980854034424,0.020291917026042938,0.9796933531761169,0.07925784587860107,0.4087623655796051,0.9361214637756348,12.832488059997559,8.229354858398438,0.11936275660991669,28.67069435119629,1.1998465061187744,10.188790321350098,26.773361206054688
DEAL (official pretrained),187,87,0,/Users/kyrillguba/Documents/Data Analytics MSc/Thesis/Python/First Try/data/DIV2K/DIV2K_valid_HR/0888.png,div2k/0888.png/sigma_0.100,div2k,0888.png,20087,0b12dfb6e7a24bf393f0f61b8c12a04a0e14c82f6eb77cce3a6d2ed989cadb40,50da035f692a0c49935f5534c311abaf4ca5fa4726eef5315ef1ef857e255215,0.10000000149011612,0.00918933842331171,20.36716079711914,0.7557084560394287,0.0020792363211512566,26.82096290588379,0.9224753379821777,47,1,443,0.0,29.641082763671875,0.2814157009124756,0.15056318044662476,0.0192179586738348,0.9631713628768921,0.0668673887848854,0.2487647384405136,0.8048256635665894,6.716517448425293,4.295443058013916,0.07474164664745331,27.855361938476562,0.9820763468742371,5.712649822235107,22.23464012145996
DEAL (official pretrained),188,88,0,/Users/kyrillguba/Documents/Data Analytics MSc/Thesis/Python/First Try/data/DIV2K/DIV2K_valid_HR/0889.png,div2k/0889.png/sigma_0.100,div2k,0889.png,20088,65b588cd7d91eb7ab3ad2ee297b48e2bcd71468e6f3fd4cedd22296161fcf0b3,8d34660f2e0e3dead603cd5577a99ac1f81bbaae7c55ec67e99bb5ee455c50c3,0.10000000149011612,0.009270859882235527,20.328800201416016,0.7982643246650696,0.0030195387080311775,25.20059585571289,0.9054661989212036,40,1,403,0.0,29.641082763671875,0.24735127389431,0.12345637381076813,0.02121628448367119,0.9242875576019287,0.08153164386749268,0.2200983166694641,0.7439155578613281,5.715113639831543,3.5111446380615234,0.08940333127975464,26.37539291381836,1.274680733680725,4.916186332702637,20.248931884765625
DEAL (official pretrained),189,89,0,/Users/kyrillguba/Documents/Data Analytics MSc/Thesis/Python/First Try/data/DIV2K/DIV2K_valid_HR/0890.png,div2k/0890.png/sigma_0.100,div2k,0890.png,20089,641726511e5ab55ecb5dccce15a53a64473d43e0a2be22d51e522b22644d2891,5294647d295a4c15f8ff3644c7c6ab9c2641a556b4e4ebfbc42142ab0afd93cb,0.10000000149011612,0.01000051386654377,19.99977684020996,0.4299912452697754,0.0011629813816398382,29.34427261352539,0.9067729115486145,59,1,480,0.0,29.641082763671875,0.5803268551826477,0.29761993885040283,0.04309689626097679,0.9878917336463928,0.15287868678569794,0.4672549366950989,0.9762434959411621,15.651222229003906,9.224246978759766,0.44001588225364685,29.068098068237305,2.968271493911743,11.85302734375,28.500911712646484
DEAL (official pretrained),190,90,0,/Users/kyrillguba/Documents/Data Analytics MSc/Thesis/Python/First Try/data/DIV2K/DIV2K_valid_HR/0891.png,div2k/0891.png/sigma_0.100,div2k,0891.png,20090,df25cc2cba32c4a350c4749f690c8d6acb73d96d359ca40b6fee4071dbf564d0,1c639feebc304672531393e36b576a7cb6187280cabf665a36fe0267182ffa86,0.10000000149011612,0.009555201977491379,20.197601318359375,0.7634689807891846,0.0018688951386138797,27.284149169921875,0.9359189867973328,45,1,417,0.0,29.641082763671875,0.2703050673007965,0.14093193411827087,0.01672373339533806,0.9902315735816956,0.07862596213817596,0.23657140135765076,0.7984625101089478,6.360707759857178,4.030513286590576,0.04928268492221832,29.17889404296875,1.1648662090301514,5.380894660949707,21.920141220092773
DEAL (official pretrained),191,91,0,/Users/kyrillguba/Documents/Data Analytics MSc/Thesis/Python/First Try/data/DIV2K/DIV2K_valid_HR/0892.png,div2k/0892.png/sigma_0.100,div2k,0892.png,20091,cf51693d41de71e034484154f59145fbffeb5a48fb250085472f21ef15bc44ee,debeac3caf7ff3565507b8abfcf135fdfa7bf4a9f1ee974f8c206be47bb39e6d,0.10000000149011612,0.00942610576748848,20.256675720214844,0.7635036706924438,0.0024613658897578716,26.088237762451172,0.9159193634986877,41,1,400,0.0,29.641082763671875,0.23721954226493835,0.11599937081336975,0.03071414679288864,0.8894490003585815,0.08010733127593994,0.21387872099876404,0.6360945701599121,5.423325538635254,3.2040646076202393,0.21378405392169952,25.243223190307617,1.2324388027191162,4.74615478515625,16.772308349609375
DEAL (official pretrained),192,92,0,/Users/kyrillguba/Documents/Data Analytics MSc/Thesis/Python/First Try/data/DIV2K/DIV2K_valid_HR/0893.png,div2k/0893.png/sigma_0.100,div2k,0893.png,20092,e38a2d9fc2bb1bfe2d7f4ac7ac04be6e3b640472049753a9ec509cb5b184dfae,6f93afe0e7861fbf77343fdd8197e031c4a4a0407b5baef5fb7ec34d855dae05,0.10000000149011612,0.009200251661241055,20.362003326416016,0.5618415474891663,0.0011690655956044793,29.321613311767578,0.8992270827293396,61,1,473,0.0,29.641082763671875,0.4239192008972168,0.24543121457099915,0.018352609127759933,0.9886871576309204,0.07936234027147293,0.3649517595767975,0.9773573279380798,10.911635398864746,7.297516822814941,0.06386201828718185,29.10474395751953,1.220481038093567,8.955442428588867,28.55193519592285
DEAL (official pretrained),193,93,0,/Users/kyrillguba/Documents/Data Analytics MSc/Thesis/Python/First Try/data/DIV2K/DIV2K_valid_HR/0894.png,div2k/0894.png/sigma_0.100,div2k,0894.png,20093,f7c053db8ff81bb3c056ed342eb0bfb9ba890e8adb30617f79d560f11e941c73,30a5c1ca16d27861e24190dad9b2a384d6b05534a67be7cf1ca5df6366b72468,0.10000000149011612,0.009077124297618866,20.420516967773438,0.4872620701789856,0.0011227300856262445,29.497249603271484,0.8549972772598267,81,1,673,0.0,29.641082763671875,0.5387191772460938,0.25346508622169495,0.023512179031968117,0.9888887405395508,0.09508486837148666,0.5272914171218872,0.977331817150116,14.283453941345215,7.58253812789917,0.1257738620042801,29.123926162719727,1.668884038925171,13.638811111450195,28.553359985351562
DEAL (official pretrained),194,94,0,/Users/kyrillguba/Documents/Data Analytics MSc/Thesis/Python/First Try/data/DIV2K/DIV2K_valid_HR/0895.png,div2k/0895.png/sigma_0.100,div2k,0895.png,20094,abdbc9e5dd323d44902bb35948460b514a4fe27d53aa9bc4f2072e0a425a5902,bddbad9742942691890fe566cd88956421165dccbedae11959432a2c90d113bd,0.10000000149011612,0.009526779875159264,20.21053695678711,0.6563657522201538,0.002905850764364004,25.367267608642578,0.820911705493927,46,1,449,0.0,29.641082763671875,0.32754018902778625,0.1978297084569931,0.026174908503890038,0.9550093412399292,0.09353920072317123,0.25025612115859985,0.8789361715316772,7.89423131942749,5.837501049041748,0.14308974146842957,27.508920669555664,1.5892901420593262,5.526514053344727,24.61788558959961
DEAL (official pretrained),195,95,0,/Users/kyrillguba/Documents/Data Analytics MSc/Thesis/Python/First Try/data/DIV2K/DIV2K_valid_HR/0896.png,div2k/0896.png/sigma_0.100,div2k,0896.png,20095,857388cd8fc429b194bc7374762cee70b099ddf090a6495b03d92edc4c8c7b8d,ed8237e9328164f9c35a110fc106be33a51d883c93ee1d77f37ca46616c18030,0.10000000149011612,0.007742912508547306,21.110958099365234,0.4308375120162964,0.0006953384727239609,31.57803726196289,0.9711055755615234,40,2,326,8.506532140017953e-06,29.641082763671875,0.6749881505966187,0.33677253127098083,0.0156613290309906,0.9886659383773804,0.04873160645365715,0.8555998802185059,0.9833957552909851,18.874469757080078,10.254924774169922,0.027631476521492004,29.125038146972656,0.5958428978919983,23.859657287597656,28.859296798706055
DEAL (official pretrained),196,96,0,/Users/kyrillguba/Documents/Data Analytics MSc/Thesis/Python/First Try/data/DIV2K/DIV2K_valid_HR/0897.png,div2k/0897.png/sigma_0.100,div2k,0897.png,20096,a75baf8d323b01687486bd536ce524304bab0a20ffcaf0d6d19c9abe9c8bef57,a63b8fa197b05d8e5bf0fa82b2563e29a9049e5ae0abc4d2dc179b824f659cf9,0.10000000149011612,0.008784262463450432,20.562950134277344,0.9075582027435303,0.0038629828486591578,24.13077163696289,0.9527295827865601,33,1,324,0.0,29.641082763671875,0.1764529049396515,0.043948911130428314,0.04694802314043045,0.7642711400985718,0.09598204493522644,0.16926667094230652,0.31218820810317993,3.958970785140991,1.250195860862732,0.3654806315898895,20.07215118408203,1.593869686126709,3.7803006172180176,7.784038543701172
DEAL (official pretrained),197,97,0,/Users/kyrillguba/Documents/Data Analytics MSc/Thesis/Python/First Try/data/DIV2K/DIV2K_valid_HR/0898.png,div2k/0898.png/sigma_0.100,div2k,0898.png,20097,0f9b0c2f1793b1dd0ac81be97181b9e904a39fcf108cd39194842f26678085f7,e0a00bd945760a3bff4ac1a1889aa48c29afd08da89393df7aabc94d1aae0963,0.10000000149011612,0.009870977140963078,20.056398391723633,0.3446851372718811,0.0008350831340067089,30.782703399658203,0.9563794136047363,36,1,346,0.0,29.641082763671875,0.7157120108604431,0.31054767966270447,0.02859177067875862,0.9887356162071228,0.09806536883115768,0.9050086736679077,0.9805061221122742,19.973615646362305,9.52980899810791,0.21588386595249176,29.13539695739746,1.656819224357605,25.387136459350586,28.706830978393555
DEAL (official pretrained),198,98,0,/Users/kyrillguba/Documents/Data Analytics MSc/Thesis/Python/First Try/data/DIV2K/DIV2K_valid_HR/0899.png,div2k/0899.png/sigma_0.100,div2k,0899.png,20098,bea5ead4e165747f9c0e6d434cc536abdd4760b1a8da09c78f705024684bff65,f8ddb6007ee4b3bf4bb6863456ce88ffeac95b4725250836ce5cd61ab3369432,0.10000000149011612,0.009393677115440369,20.271644592285156,0.682702898979187,0.001560815842822194,28.066482543945312,0.918498158454895,44,1,416,0.0,29.641082763671875,0.29632216691970825,0.18070748448371887,0.02003328688442707,0.9835194945335388,0.05886923149228096,0.25217077136039734,0.8968901634216309,7.207350730895996,5.152650833129883,0.07296160608530045,28.886451721191406,0.7881165742874146,5.8750128746032715,25.106063842773438
DEAL (official pretrained),199,99,0,/Users/kyrillguba/Documents/Data Analytics MSc/Thesis/Python/First Try/data/DIV2K/DIV2K_valid_HR/0900.png,div2k/0900.png/sigma_0.100,div2k,0900.png,20099,72e06d86758e25d0f39e87b43b4ed00325b96cc08c65fc1809df35beee23e59c,fbb26720cddc77fd7187fc33a24bbfce8155a7b9d419edd08a4aafc36f870bd2,0.10000000149011612,0.007989254780113697,20.974939346313477,0.6753798127174377,0.0020753778517246246,26.829029083251953,0.8552738428115845,40,1,397,0.0,29.641082763671875,0.370827853679657,0.21783332526683807,0.02024294063448906,0.9957467317581177,0.06830801069736481,0.3162517547607422,0.9743202924728394,9.3167085647583,6.480663776397705,0.08113516867160797,29.413362503051758,0.9818353056907654,7.5524702072143555,28.40833854675293
DEAL (official pretrained),200,0,0,/Users/kyrillguba/Documents/Data Analytics MSc/Thesis/Python/First Try/data/DIV2K/DIV2K_valid_HR/0801.png,div2k/0801.png/sigma_0.150,div2k,0801.png,20000,9ca598cce3296c3968a2f8f7685477f637dbdbbb9d4efb1cd418ca185bd31eef,4b7352fb67bcc3e88bb5e359e82b3b5fdb9f00ac8f42dfb7539be9cc8b460d75,0.15000000596046448,0.02073093131184578,16.833812713623047,0.5437043309211731,0.004046853631734848,23.92882537841797,0.7921733856201172,55,1,566,0.0,41.215824127197266,0.383011132478714,0.14281761646270752,0.04141416400671005,0.9296374320983887,0.14355579018592834,0.3573288321495056,0.8204106092453003,13.216543197631836,5.902242660522461,0.6417391896247864,36.74844741821289,3.8672194480895996,12.047628402709961,31.734954833984375
DEAL (official pretrained),201,1,0,/Users/kyrillguba/Documents/Data Analytics MSc/Thesis/Python/First Try/data/DIV2K/DIV2K_valid_HR/0802.png,div2k/0802.png/sigma_0.150,div2k,0802.png,20001,3177c80331fb32ceee70ac3ef64d2e56a1bce05ea8a9c0b664e2592552554742,65c4ff1bd6749268fa09bf363143cdec2946b4a9d800cc553d3f598273b13817,0.15000000596046448,0.01958915777504444,17.079843521118164,0.6666738986968994,0.0024986069183796644,26.023021697998047,0.9302883148193359,29,1,352,0.0,41.215824127197266,0.3959171175956726,0.10412570834159851,0.04998689889907837,0.942156195640564,0.15548491477966309,0.39652782678604126,0.6675851941108704,14.058633804321289,4.258774757385254,0.809739351272583,37.61594772338867,4.440270900726318,14.081074714660645,25.247089385986328
DEAL (official pretrained),202,2,0,/Users/kyrillguba/Documents/Data Analytics MSc/Thesis/Python/First Try/data/DIV2K/DIV2K_valid_HR/0803.png,div2k/0803.png/sigma_0.150,div2k,0803.png,20002,671a4205d217354c075117f716a83d9a5ef2b4c921475de333f15ac8882c9356,a291f40ec169c0be79b8e6be0ff2848f8a2daae221de95153691b55f52d50b5c,0.15000000596046448,0.021868281066417694,16.60185432434082,0.40876320004463196,0.0014187954366207123,28.480804443359375,0.899495005607605,45,1,487,0.0,41.215824127197266,0.5038625597953796,0.17868837714195251,0.030741704627871513,0.9632522463798523,0.1284862458705902,0.5247788429260254,0.8419539928436279,18.436620712280273,7.445890426635742,0.3379778265953064,38.73731994628906,3.554194688796997,19.26984405517578,32.66455841064453
DEAL (official pretrained),203,3,0,/Users/kyrillguba/Documents/Data Analytics MSc/Thesis/Python/First Try/data/DIV2K/DIV2K_valid_HR/0804.png,div2k/0804.png/sigma_0.150,div2k,0804.png,20003,f95563d4b6e58b102c165eeec7f7e1ba2608e12c3a331510949f0cce842149ea,54be341d94c05d1c226f972092f09c8c5518d6e72d52eb89e0cb63cc16c56ffb,0.15000000596046448,0.020000513643026352,16.98958969116211,0.6151367425918579,0.003308879677206278,24.803190231323242,0.862472414970398,71,1,677,0.0,41.215824127197266,0.3828396797180176,0.19365602731704712,0.03548334538936615,0.9944002628326416,0.11317119747400284,0.3290320634841919,0.9775927066802979,13.248228073120117,8.0936279296875,0.35194656252861023,40.81534194946289,2.6982548236846924,10.842497825622559,39.6525764465332
DEAL (official pretrained),204,4,0,/Users/kyrillguba/Documents/Data Analytics MSc/Thesis/Python/First Try/data/DIV2K/DIV2K_valid_HR/0805.png,div2k/0805.png/sigma_0.150,div2k,0805.png,20004,bac34b49da4033070da28c152ece5c527c7274eafed4e320f3e7258274a93177,7af59fbcde523e1be67496e447aa765225963c5dbbbe7262ee092085d79778aa,0.15000000596046448,0.019822807982563972,17.028348922729492,0.47705620527267456,0.003139754757285118,25.031042098999023,0.7779253125190735,62,1,592,0.0,41.215824127197266,0.48933547735214233,0.16489043831825256,0.08205917477607727,0.9927791357040405,0.15856708586215973,0.4682721793651581,0.9278284907341003,17.79888153076172,6.9611992835998535,1.7903296947479248,40.718318939208984,4.408204555511475,16.858890533447266,36.651912689208984
DEAL (official pretrained),205,5,0,/Users/kyrillguba/Documents/Data Analytics MSc/Thesis/Python/First Try/data/DIV2K/DIV2K_valid_HR/0806.png,div2k/0806.png/sigma_0.150,div2k,0806.png,20005,befc31ea0c7663db0351a7238adfea3153639f5dfa13cb7cacfd757a46539d49,614267b59f56fd4aa8acd70577a4ee760fd3a072722c6809f51d90052060d060,0.15000000596046448,0.020619215443730354,16.85727882385254,0.4021129310131073,0.001858262810856104,27.308929443359375,0.8698190450668335,76,1,581,0.0,41.215824127197266,0.551173985004425,0.19786153733730316,0.05071885883808136,0.9933454990386963,0.14308582246303558,0.5626870393753052,0.9513223171234131,20.38275146484375,8.326125144958496,0.6894508600234985,40.780948638916016,3.812513828277588,20.717182159423828,38.01232147216797
DEAL (official pretrained),206,6,0,/Users/kyrillguba/Documents/Data Analytics MSc/Thesis/Python/First Try/data/DIV2K/DIV2K_valid_HR/0807.png,div2k/0807.png/sigma_0.150,div2k,0807.png,20006,1e941eaeed69e78250491fe2c5b2f458f2f36301b8aa701227bd408f852fa572,799c1351c205ab26eb11b6cd506f7acbca9a6255d8feed7800e330e07110dc31,0.15000000596046448,0.020689044147729874,16.84259605407715,0.4649003744125366,0.0038016713224351406,24.200252532958984,0.7599853873252869,76,1,698,0.0,41.215824127197266,0.44859302043914795,0.1821577548980713,0.03326437622308731,0.9843231439590454,0.15003851056098938,0.40101850032806396,0.9251302480697632,15.86141586303711,7.641235828399658,0.3863889276981354,40.13768005371094,3.7401316165924072,13.780427932739258,36.509498596191406
DEAL (official pretrained),207,7,0,/Users/kyrillguba/Documents/Data Analytics MSc/Thesis/Python/First Try/data/DIV2K/DIV2K_valid_HR/0808.png,div2k/0808.png/sigma_0.150,div2k,0808.png,20007,9666b1dba93f470d95570471f38f195acafae585deefb8498b5ebb625df94e78,c1a1446a8ad1d13d1fa7d5ea1070bad52071465b636eab9c535493b14f20e41e,0.15000000596046448,0.019672587513923645,17.061384201049805,0.30974888801574707,0.001868776511400938,27.284427642822266,0.8753277063369751,60,1,584,0.0,41.215824127197266,0.6540257930755615,0.28543606400489807,0.028387947008013725,0.9943807125091553,0.10318807512521744,0.7764012813568115,0.9891843199729919,24.88953399658203,12.275054931640625,0.2405913919210434,40.83968734741211,2.4776172637939453,29.595561981201172,40.47787857055664
DEAL (official pretrained),208,8,0,/Users/kyrillguba/Documents/Data Analytics MSc/Thesis/Python/First Try/data/DIV2K/DIV2K_valid_HR/0809.png,div2k/0809.png/sigma_0.150,div2k,0809.png,20008,f57d7f591d2770efb0162e925acaaef8e4ce467e58b7a54d53de058959be9978,bf3bf82631f980bbe89a9531d5a653d7ad9232d0f6ee29a2edc485537b7bddd3,0.15000000596046448,0.021224690601229668,16.731586456298828,0.4063580334186554,0.0026259981095790863,25.807056427001953,0.7308158278465271,81,1,703,0.0,41.215824127197266,0.49929702281951904,0.16770261526107788,0.0590401217341423,0.9899541139602661,0.20157857239246368,0.4603107273578644,0.9305772185325623,18.05457878112793,7.099710941314697,0.8886752724647522,40.520172119140625,5.907589912414551,16.34807777404785,36.74740982055664
DEAL (official pretrained),209,9,0,/Users/kyrillguba/Documents/Data Analytics MSc/Thesis/Python/First Try/data/DIV2K/DIV2K_valid_HR/0810.png,div2k/0810.png/sigma_0.150,div2k,0810.png,20009,50cf8d799292c4a6f6c23b4a8f1d0c08015da9c6e74d9109a31efdb1eb5d9df3,4d98c505d3ad90a8a965c5ed951a1f06dbd3e22d741a122faefa61e63df95fe0,0.15000000596046448,0.021687816828489304,16.637842178344727,0.3677971363067627,0.002266173716634512,26.44706916809082,0.7930457592010498,86,1,678,0.0,41.215824127197266,0.5329846739768982,0.16850906610488892,0.06691235303878784,0.95572429895401,0.1929725706577301,0.5204249024391174,0.8578534126281738,19.491069793701172,7.1263628005981445,1.2348129749298096,38.20252227783203,5.596728801727295,18.872947692871094,33.13466262817383
DEAL (official pretrained),210,10,0,/Users/kyrillguba/Documents/Data Analytics MSc/Thesis/Python/First Try/data/DIV2K/DIV2K_valid_HR/0811.png,div2k/0811.png/sigma_0.150,div2k,0811.png,20010,ceab700e5944238d72f4ec94852a5ee6b9c353c54281c96ee7c6e9b9f2a16308,81836de794c0f5700dc4d657f73ed8e4e7034c987aff36ba58c55ff67a6da53e,0.15000000596046448,0.01834532432258129,17.364748001098633,0.391823410987854,0.003228818066418171,24.909564971923828,0.6685563325881958,71,1,682,0.0,41.215824127197266,0.5819331407546997,0.23399318754673004,0.06728506088256836,0.9947928190231323,0.19069060683250427,0.5248115062713623,0.9907361268997192,21.755809783935547,10.252607345581055,0.9560896754264832,40.870521545410156,5.418937683105469,19.107540130615234,40.58763122558594
DEAL (official pretrained),211,11,0,/Users/kyrillguba/Documents/Data Analytics MSc/Thesis/Python/First Try/data/DIV2K/DIV2K_valid_HR/0812.png,div2k/0812.png/sigma_0.150,div2k,0812.png,20011,5f26939fc07611061a96f2a386a77ffd9251b83abf26ac7ecb5a44dcae97187b,1ef24a9df7bed52eae49bbc44edeef2ec7787eb9f1157dea87b93117688d6ea2,0.15000000596046448,0.020350970327854156,16.914148330688477,0.49479779601097107,0.0022885696962475777,26.404359817504883,0.8639739751815796,56,1,584,0.0,41.215824127197266,0.49829307198524475,0.2531006336212158,0.027974281460046768,0.9938433170318604,0.10445529222488403,0.43846720457077026,0.979763925075531,18.169612884521484,10.673678398132324,0.24031776189804077,40.79576873779297,2.3929953575134277,15.218143463134766,39.80976867675781
DEAL (official pretrained),212,12,0,/Users/kyrillguba/Documents/Data Analytics MSc/Thesis/Python/First Try/data/DIV2K/DIV2K_valid_HR/0813.png,div2k/0813.png/sigma_0.150,div2k,0813.png,20012,c34023db0a8b05fd8269a4d5afeb83670d5b08e7bce8d6c8cfe221a95b0e0b2f,f0fff969cffa4e09aa7664916fbd34f90b80dc848e7308d291caca88f358337d,0.15000000596046448,0.0183237474411726,17.369857788085938,0.49610668420791626,0.0027059807907789946,25.676753997802734,0.8612775802612305,67,1,593,0.0,41.215824127197266,0.4992046654224396,0.26448503136634827,0.021769776940345764,0.9952602386474609,0.10054841637611389,0.4424705505371094,0.9873279333114624,18.29720115661621,11.270703315734863,0.12486658990383148,40.89516067504883,2.310601234436035,15.440008163452148,40.34453582763672
DEAL (official pretrained),213,13,0,/Users/kyrillguba/Documents/Data Analytics MSc/Thesis/Python/First Try/data/DIV2K/DIV2K_valid_HR/0814.png,div2k/0814.png/sigma_0.150,div2k,0814.png,20013,9f544177fb7f24fc86ba1b0d9b9d0e664f093ce144600099ca215fbf1a3e3c25,ba3a6bdbf9dcc9e2a02ba98d59b5ab83102439be99ab8274a2208a8cda268efb,0.15000000596046448,0.02128441631793976,16.719383239746094,0.2569090723991394,0.0014628118369728327,28.34811782836914,0.9050202965736389,109,1,721,0.0,41.215824127197266,0.7261906862258911,0.30498960614204407,0.04744699224829674,0.9959373474121094,0.13730907440185547,0.9121950268745422,0.9918675422668457,28.295127868652344,13.460012435913086,0.5739667415618896,40.95665740966797,3.447000503540039,35.78126525878906,40.66804885864258
DEAL (official pretrained),214,14,0,/Users/kyrillguba/Documents/Data Analytics MSc/Thesis/Python/First Try/data/DIV2K/DIV2K_valid_HR/0815.png,div2k/0815.png/sigma_0.150,div2k,0815.png,20014,d8f2b2b3496e52c1ec43e3c5e28732516b24990b8a2361d1876240ad562db395,3e323e4b560890ed4a1f943e340d8beaa6c268f61e2ceda2e8185391d7d5a3af,0.15000000596046448,0.020593013614416122,16.86280059814453,0.4686645269393921,0.0026588677428662777,25.753032684326172,0.8227779865264893,61,1,572,0.0,41.215824127197266,0.4462537169456482,0.14936770498752594,0.0727507695555687,0.985702395439148,0.14870811998844147,0.4396347105503082,0.8359121680259705,15.940654754638672,6.222321033477783,1.3404083251953125,40.207298278808594,3.9575812816619873,15.5993070602417,32.23452377319336
DEAL (official pretrained),215,15,0,/Users/kyrillguba/Documents/Data Analytics MSc/Thesis/Python/First Try/data/DIV2K/DIV2K_valid_HR/0816.png,div2k/0816.png/sigma_0.150,div2k,0816.png,20015,f457e7c932a8730df29263aaf8e3c3a2e54e7e68e543a34cdbc085f7c21edf50,ebf556858addf02580c13b4579baea64b263c53852f87bd36c7bc01f55477648,0.15000000596046448,0.020617559552192688,16.857627868652344,0.4011595845222473,0.0019745435565710068,27.045333862304688,0.8460174798965454,83,1,645,0.0,41.215824127197266,0.5379178524017334,0.21120405197143555,0.05484854429960251,0.995302677154541,0.16909445822238922,0.49619260430336,0.9864569902420044,19.73562240600586,9.066481590270996,0.7091507911682129,40.90286636352539,4.7400431632995605,17.7143497467041,40.27396774291992
DEAL (official pretrained),216,16,0,/Users/kyrillguba/Documents/Data Analytics MSc/Thesis/Python/First Try/data/DIV2K/DIV2K_valid_HR/0817.png,div2k/0817.png/sigma_0.150,div2k,0817.png,20016,b14c93dc0fd3fb833a2c04431c6af818313c8c6f744eb433dd1817a932b015cf,5879d7300f732d613dcb0284a1fba92fefed740df0ef08c03bf51fee87c83891,0.15000000596046448,0.020910846069455147,16.796283721923828,0.4318621754646301,0.002716334303840995,25.66016960144043,0.810256838798523,61,1,604,0.0,41.215824127197266,0.49552831053733826,0.23177072405815125,0.0659685730934143,0.995036244392395,0.1602029949426651,0.4228013753890991,0.9867364168167114,18.013843536376953,9.957257270812988,0.9583395719528198,40.8934211730957,4.450165748596191,14.644168853759766,40.30131912231445
DEAL (official pretrained),217,17,0,/Users/kyrillguba/Documents/Data Analytics MSc/Thesis/Python/First Try/data/DIV2K/DIV2K_valid_HR/0818.png,div2k/0818.png/sigma_0.150,div2k,0818.png,20017,00f18d236ddc7fe3a937cdcb41ce31082a90c94b9370fc202c7dce18dd80ab2a,2c05a7fb6ef03f6e1021ebd4479dce05ab8384c789e6ac48a4a3294dbe0994c5,0.15000000596046448,0.019157901406288147,17.17652130126953,0.49347078800201416,0.003327810438349843,24.778413772583008,0.8684831857681274,67,1,615,0.0,41.215824127197266,0.502234160900116,0.27433526515960693,0.04499252885580063,0.9945523738861084,0.12538741528987885,0.401671826839447,0.9849163889884949,18.427413940429688,11.659981727600098,0.582345187664032,40.84990692138672,3.131373643875122,13.824342727661133,40.16694259643555
DEAL (official pretrained),218,18,0,/Users/kyrillguba/Documents/Data Analytics MSc/Thesis/Python/First Try/data/DIV2K/DIV2K_valid_HR/0819.png,div2k/0819.png/sigma_0.150,div2k,0819.png,20018,f7450c40d5c0aabdc2bd2a562302ca3993841849efca05e281ec4059186e528c,53011dd04b2a2fe9a011f3a8a1114f622d1aacfc7a78fb5d29f8e3999ed6b64c,0.15000000596046448,0.02032354474067688,16.920005798339844,0.5026570558547974,0.0034385579638183117,24.63623809814453,0.7739595770835876,67,1,654,0.0,41.215824127197266,0.43187591433525085,0.17345024645328522,0.055882398039102554,0.9945014119148254,0.14518070220947266,0.3987572193145752,0.986876368522644,15.229541778564453,7.331150054931641,0.8223913908004761,40.84283447265625,3.852182626724243,13.704748153686523,40.31718826293945
DEAL (official pretrained),219,19,0,/Users/kyrillguba/Documents/Data Analytics MSc/Thesis/Python/First Try/data/DIV2K/DIV2K_valid_HR/0820.png,div2k/0820.png/sigma_0.150,div2k,0820.png,20019,ab2cf6ba20cc18bafee4976e8be3cbf4a6db4afea570ef888fdebb8c8e0616f2,cbbea537bbc6509d1871abd454cddbc46c401ec44e46a7217a3caa40d7033607,0.15000000596046448,0.01883085072040558,17.251300811767578,0.6373878717422485,0.004818836227059364,23.170578002929688,0.8295304775238037,67,1,729,0.0,41.215824127197266,0.3337259292602539,0.19856496155261993,0.024555984884500504,0.9898497462272644,0.07481388747692108,0.2770119607448578,0.9083451628684998,11.230325698852539,8.046979904174805,0.2078370898962021,40.49820327758789,1.3925862312316895,8.800931930541992,35.51491165161133
DEAL (official pretrained),220,20,0,/Users/kyrillguba/Documents/Data Analytics MSc/Thesis/Python/First Try/data/DIV2K/DIV2K_valid_HR/0821.png,div2k/0821.png/sigma_0.150,div2k,0821.png,20020,ebd02fa51f1a3ee91b6ca90bb58a444e53385dd1193938609708b71bca4504a0,8d798cfae4f7ca4cd5f7da4e61ff5bdb352a90b9f9691e8489c0b439e7ba299d,0.15000000596046448,0.018840918317437172,17.248979568481445,0.7894110679626465,0.00492461072281003,23.076282501220703,0.9155354499816895,53,1,537,0.0,41.215824127197266,0.18815474212169647,0.12569263577461243,0.0260170828551054,0.9935783743858337,0.05414021015167236,0.15925389528274536,0.898747444152832,5.589111328125,5.0172834396362305,0.19090837240219116,40.77783203125,0.8465247750282288,4.400090217590332,34.855220794677734
DEAL (official pretrained),221,21,0,/Users/kyrillguba/Documents/Data Analytics MSc/Thesis/Python/First Try/data/DIV2K/DIV2K_valid_HR/0822.png,div2k/0822.png/sigma_0.150,div2k,0822.png,20021,86c801c8390b132b94a9efaeb7a9bad9acdd1212e41d91d44b44811708142963,77c9b6b134bf76cd7a70b193571a2cf6af86598939c58d7016edfc70dac5019b,0.15000000596046448,0.01925630122423172,17.154272079467773,0.5431791543960571,0.004362978972494602,23.602170944213867,0.7573150396347046,79,1,738,0.0,41.215824127197266,0.37513044476509094,0.12397301197052002,0.04373053461313248,0.9653050303459167,0.14104115962982178,0.36382222175598145,0.7242946028709412,12.8263521194458,5.08695650100708,0.5754741430282593,38.880706787109375,3.7289443016052246,12.280508995056152,27.380767822265625
DEAL (official pretrained),222,22,0,/Users/kyrillguba/Documents/Data Analytics MSc/Thesis/Python/First Try/data/DIV2K/DIV2K_valid_HR/0823.png,div2k/0823.png/sigma_0.150,div2k,0823.png,20022,ec11d2cf0a95684902842094c84e0956a3cd35920ef85f25ba677348927a365c,67070520dd998a5b7b9ef65538cc96f01ad3e7bfac4cde1d0838447a17b47c1b,0.15000000596046448,0.02063937485218048,16.85303497314453,0.4195316433906555,0.003007297171279788,25.218236923217773,0.8849475383758545,48,1,524,0.0,41.215824127197266,0.5734453201293945,0.3193652331829071,0.04731583595275879,0.9951646327972412,0.14316138625144958,0.4541906714439392,0.9905998110771179,21.64447593688965,13.86625862121582,0.5984460115432739,40.9095344543457,3.662688970565796,15.915592193603516,40.578304290771484
DEAL (official pretrained),223,23,0,/Users/kyrillguba/Documents/Data Analytics MSc/Thesis/Python/First Try/data/DIV2K/DIV2K_valid_HR/0824.png,div2k/0824.png/sigma_0.150,div2k,0824.png,20023,5ce7bdee523a1299c6a42c3adbb96d0e62c2f40266823753b8c042edb8b10495,afb72718334acc0720966c607b2fc4baa79ad0db78ed46dd87b6bf1bbb06b0a3,0.15000000596046448,0.01960165612399578,17.077072143554688,0.4888179302215576,0.0021691767033189535,26.63705062866211,0.8735175728797913,50,1,524,0.0,41.215824127197266,0.5076500773429871,0.2844281792640686,0.03642858564853668,0.9940434694290161,0.09824784845113754,0.43920308351516724,0.9843661785125732,18.682174682617188,11.949748992919922,0.3101033866405487,40.80758285522461,2.2561047077178955,15.355958938598633,40.133445739746094
DEAL (official pretrained),224,24,0,/Users/kyrillguba/Documents/Data Analytics MSc/Thesis/Python/First Try/data/DIV2K/DIV2K_valid_HR/0825.png,div2k/0825.png/sigma_0.150,div2k,0825.png,20024,0403db62808d832f7764170e8df2b8c78ad826e2a93d809f8cf6d018258b011a,bb87a888197d2fce569092cd2f72666d00f18bf8f222c3d8daa5bed85d54bae9,0.15000000596046448,0.020503193140029907,16.881786346435547,0.6176786422729492,0.003669853787869215,24.353513717651367,0.8669403791427612,95,1,730,0.0,41.215824127197266,0.35022836923599243,0.17874597012996674,0.032178863883018494,0.9882539510726929,0.09979601949453354,0.3069508671760559,0.9387151002883911,11.85657024383545,7.28931188583374,0.34477466344833374,40.399871826171875,2.2774837017059326,9.979438781738281,37.17713928222656
DEAL (official pretrained),225,25,0,/Users/kyrillguba/Documents/Data Analytics MSc/Thesis/Python/First Try/data/DIV2K/DIV2K_valid_HR/0826.png,div2k/0826.png/sigma_0.150,div2k,0826.png,20025,b7fba61bcca359e5581b44283bbc34696cae71321e031969411ada23b17e2199,5db92ff465249724833a49e32d0008b2037e9d35bdf84592654b2085eb4adfc5,0.15000000596046448,0.019615324214100838,17.074045181274414,0.46257925033569336,0.00229960517026484,26.383468627929688,0.8747638463973999,51,1,552,0.0,41.215824127197266,0.5314149856567383,0.26808008551597595,0.022779911756515503,0.9956913590431213,0.09019575268030167,0.46435093879699707,0.9874767065048218,19.596778869628906,11.443435668945312,0.1328752487897873,40.93844985961914,1.9649707078933716,16.296648025512695,40.351749420166016
DEAL (official pretrained),226,26,0,/Users/kyrillguba/Documents/Data Analytics MSc/Thesis/Python/First Try/data/DIV2K/DIV2K_valid_HR/0827.png,div2k/0827.png/sigma_0.150,div2k,0827.png,20026,1a1d5ffbd89d79d7803cf86e2d8f6c75cd146872fd61e387fec71a904e384317,f59332e4b60d7ff6549e2c60978c31c7198229269eb71dec33fdc7f0352ebde5,0.15000000596046448,0.015551015734672546,18.082412719726562,0.22367015480995178,0.001614648150280118,27.919219970703125,0.7262844443321228,62,1,538,0.0,41.215824127197266,0.7858233451843262,0.23666222393512726,0.024380959570407867,0.9958215355873108,0.1692408174276352,0.9018014669418335,0.9918466806411743,30.77756118774414,10.607370376586914,0.22459714114665985,40.924964904785156,4.702208518981934,35.32212829589844,40.665855407714844
DEAL (official pretrained),227,27,0,/Users/kyrillguba/Documents/Data Analytics MSc/Thesis/Python/First Try/data/DIV2K/DIV2K_valid_HR/0828.png,div2k/0828.png/sigma_0.150,div2k,0828.png,20027,3b7551ae7f737167932c3230707f7075368102b6732eb16bfe514fd471223ea4,b38ce987813490427c3b8f49610fb9181768478eda3803abc2ebc48b5d869ebd,0.15000000596046448,0.016340119764208794,17.867448806762695,0.5543380975723267,0.003328024409711361,24.77813720703125,0.817787230014801,52,1,618,0.0,41.215824127197266,0.36812347173690796,0.2540009021759033,0.019821099936962128,0.994343638420105,0.11245574057102203,0.26877763867378235,0.9911270141601562,13.117979049682617,10.870749473571777,0.13898923993110657,40.84537887573242,2.632930040359497,8.85117244720459,40.60938262939453
DEAL (official pretrained),228,28,0,/Users/kyrillguba/Documents/Data Analytics MSc/Thesis/Python/First Try/data/DIV2K/DIV2K_valid_HR/0829.png,div2k/0829.png/sigma_0.150,div2k,0829.png,20028,7fef744df96a3f5b2077c74a59929852deb533e35d4804c7c745471471543ed7,c7f8edd07cd3f82444130f0d467feef0306354c76feb8e8db1b78bd89efac7cb,0.15000000596046448,0.020939616486430168,16.790313720703125,0.39930957555770874,0.0015299657825380564,28.153182983398438,0.8519893288612366,54,1,533,0.0,41.215824127197266,0.5425966382026672,0.2556098699569702,0.029949380084872246,0.9942144155502319,0.08801902830600739,0.5379425883293152,0.9848797917366028,20.06838035583496,10.782631874084473,0.2522455155849457,40.83938980102539,1.9222204685211182,19.40460205078125,40.17403793334961
DEAL (official pretrained),229,29,0,/Users/kyrillguba/Documents/Data Analytics MSc/Thesis/Python/First Try/data/DIV2K/DIV2K_valid_HR/0830.png,div2k/0830.png/sigma_0.150,div2k,0830.png,20029,33405798eea5a2bbd23d383a107f9127b4f5d220ad2d443bdb05db6049757a90,0c3e288e0233ba82a1b80f37b1dd013c79e0ceeac914c5611c4f6efd47dc9bc6,0.15000000596046448,0.02171020768582821,16.633359909057617,0.361676424741745,0.0020996956154704094,26.77843475341797,0.8203191161155701,136,1,926,0.0,41.215824127197266,0.5800305604934692,0.2515612542629242,0.03937184065580368,0.9938706755638123,0.1516389399766922,0.5635240077972412,0.9834176898002625,21.48349380493164,10.807271957397461,0.5060991048812866,40.81437301635742,3.929826259613037,20.439594268798828,40.062469482421875
DEAL (official pretrained),230,30,0,/Users/kyrillguba/Documents/Data Analytics MSc/Thesis/Python/First Try/data/DIV2K/DIV2K_valid_HR/0831.png,div2k/0831.png/sigma_0.150,div2k,0831.png,20030,37f625cf3b90622b2047f8f9b3e488dcb450cde9c639eb5f94e082ec5148792e,d618210b81b578405550bebb237c0315f6c39cfe2fd110224f2a03dfa59731af,0.15000000596046448,0.019177280366420746,17.172130584716797,0.5196965336799622,0.0035026425030082464,24.55604362487793,0.8063896894454956,73,1,624,0.0,41.215824127197266,0.4153933525085449,0.1839318573474884,0.042163874953985214,0.992584228515625,0.09934373944997787,0.39193156361579895,0.9402486085891724,14.622900009155273,7.636355400085449,0.43741679191589355,40.71453094482422,2.221493721008301,13.434497833251953,37.37281799316406
DEAL (official pretrained),231,31,0,/Users/kyrillguba/Documents/Data Analytics MSc/Thesis/Python/First Try/data/DIV2K/DIV2K_valid_HR/0832.png,div2k/0832.png/sigma_0.150,div2k,0832.png,20031,678db3c6c13225750b6bb2ae62b3e9ffdbdb3491d462fa2451e73fea851ed64c,16a0776f6420182f152763ddf32d0b82495e58df3f646d68d7d9592e533d98d3,0.15000000596046448,0.019044367596507072,17.202335357666016,0.550022304058075,0.003508758032694459,24.548465728759766,0.8417184352874756,47,1,531,0.0,41.215824127197266,0.4125975966453552,0.22573818266391754,0.03279862552881241,0.9931631088256836,0.0898212343454361,0.35450127720832825,0.9791879653930664,14.55969524383545,9.392616271972656,0.30911877751350403,40.75174331665039,1.9764304161071777,11.93161392211914,39.772422790527344
DEAL (official pretrained),232,32,0,/Users/kyrillguba/Documents/Data Analytics MSc/Thesis/Python/First Try/data/DIV2K/DIV2K_valid_HR/0833.png,div2k/0833.png/sigma_0.150,div2k,0833.png,20032,196e9aedca5a8ddb4904ed57c8a1a32e080164df130d093fbc86da6222f32553,445a726490e0ec40b46bbcb80f82cecae6fde39bee2c79c3a6bd2407536df1ea,0.15000000596046448,0.018702752888202667,17.28094482421875,0.40551185607910156,0.0015224969247356057,28.174436569213867,0.9278649091720581,37,2,417,9.283125109504908e-06,41.215824127197266,0.6198322772979736,0.29370659589767456,0.025424271821975708,0.9953868389129639,0.13129295408725739,0.6271025538444519,0.9904722571372986,23.61310577392578,12.740583419799805,0.26889991760253906,40.94775390625,3.44926381111145,23.38908576965332,40.568668365478516
DEAL (official pretrained),233,33,0,/Users/kyrillguba/Documents/Data Analytics MSc/Thesis/Python/First Try/data/DIV2K/DIV2K_valid_HR/0834.png,div2k/0834.png/sigma_0.150,div2k,0834.png,20033,43cd5d3407a2ec5d9396c0ba9f3595990830fe17adfb5b3d69777dc489012502,383ed9b44b8d726884074df518205a748332932f3f81c8a3b55981e8dcf290b6,0.15000000596046448,0.01781289279460907,17.492656707763672,0.4463292956352234,0.0027479534037411213,25.609905242919922,0.8432251214981079,54,1,534,0.0,41.215824127197266,0.5686365962028503,0.29672494530677795,0.018568433821201324,0.9944189786911011,0.10878422856330872,0.47393298149108887,0.9907910823822021,21.417518615722656,12.878030776977539,0.0818236768245697,40.84321594238281,2.7571861743927,16.796245574951172,40.58859634399414
DEAL (official pretrained),234,34,0,/Users/kyrillguba/Documents/Data Analytics MSc/Thesis/Python/First Try/data/DIV2K/DIV2K_valid_HR/0835.png,div2k/0835.png/sigma_0.150,div2k,0835.png,20034,80084574e021b9b385517a807fa4f62735358952d97592c2b192db98626e086c,ab88cfe1c91119849a14c68e0ced4f7a68f55c22247fb36262dcfca192946ea7,0.15000000596046448,0.020649921149015427,16.85081672668457,0.46297645568847656,0.0034305271692574024,24.646392822265625,0.7586468458175659,77,1,682,0.0,41.215824127197266,0.46625226736068726,0.18950040638446808,0.06828422844409943,0.9934340715408325,0.16867369413375854,0.4211810529232025,0.9663313627243042,16.688243865966797,8.011534690856934,1.3978081941604614,40.77822494506836,4.5452351570129395,14.637351036071777,38.939414978027344
DEAL (official pretrained),235,35,0,/Users/kyrillguba/Documents/Data Analytics MSc/Thesis/Python/First Try/data/DIV2K/DIV2K_valid_HR/0836.png,div2k/0836.png/sigma_0.150,div2k,0836.png,20035,d774c40f160da761b384b399f5636cb3cfecf88e2cc5d41c78f575c3bea500af,a698b263decf677f0e83bfaa60d0c6b225d770b4a25b8e5cf099370baa3508ff,0.15000000596046448,0.01925620064139366,17.154294967651367,0.5178630352020264,0.002700191456824541,25.686054229736328,0.894775927066803,77,2,638,9.858707926468924e-06,41.215824127197266,0.45230644941329956,0.2687036693096161,0.02714173123240471,0.9950237274169922,0.10173741728067398,0.3579998016357422,0.9916048049926758,16.30429458618164,11.654448509216309,0.20742487907409668,40.87900161743164,2.2133913040161133,11.88703727722168,40.644718170166016
DEAL (official pretrained),236,36,0,/Users/kyrillguba/Documents/Data Analytics MSc/Thesis/Python/First Try/data/DIV2K/DIV2K_valid_HR/0837.png,div2k/0837.png/sigma_0.150,div2k,0837.png,20036,af3a3f14f10fd37d750995ae36a4d7d4e23e7343e1fc6fb8ddf8342f79d68d35,2ea0bd15768afa04c60f467c0f7d25e2bb6af344870f5c8a2359b94b3e30da09,0.15000000596046448,0.019341405481100082,17.135120391845703,0.6268107295036316,0.004270022269338369,23.69569969177246,0.8430041074752808,53,1,575,0.0,41.215824127197266,0.3390330970287323,0.15046556293964386,0.03670413792133331,0.9929291009902954,0.1088189110159874,0.3079299330711365,0.8737661242485046,11.423921585083008,6.1460041999816895,0.4626050293445587,40.73434066772461,2.5441782474517822,10.052114486694336,33.934574127197266
DEAL (official pretrained),237,37,0,/Users/kyrillguba/Documents/Data Analytics MSc/Thesis/Python/First Try/data/DIV2K/DIV2K_valid_HR/0838.png,div2k/0838.png/sigma_0.150,div2k,0838.png,20037,a419adae2a9bbcb7b328e0e98815224877487f12f01cec7bd572e3a61b346f36,6bf8541a9f1618f7c3acdace08aff0b5000015d98529360e64ba9507d413a64e,0.15000000596046448,0.01946748048067093,17.106903076171875,0.36104997992515564,0.001086341217160225,29.640338897705078,0.901374340057373,34,1,372,0.0,41.215824127197266,0.6125383377075195,0.20622968673706055,0.04924129694700241,0.9941889047622681,0.178007572889328,0.5930542349815369,0.9900652170181274,23.154632568359375,8.906872749328613,0.7923091650009155,40.838653564453125,5.198620796203613,22.182910919189453,40.540870666503906
DEAL (official pretrained),238,38,0,/Users/kyrillguba/Documents/Data Analytics MSc/Thesis/Python/First Try/data/DIV2K/DIV2K_valid_HR/0839.png,div2k/0839.png/sigma_0.150,div2k,0839.png,20038,9ed3b7789f4dcc0b1bfd3a6e2391350b33a63a89353a3bd50f5bde4b89d2f647,f9130853dbbfa07bf1c14db4797ef5ab8c72ef9cf2cdc9de6f0b03f7f16c474b,0.15000000596046448,0.01686917617917061,17.729061126708984,0.33664143085479736,0.0034653530456125736,24.60252571105957,0.5162383913993835,85,1,713,0.0,41.215824127197266,0.6371642351150513,0.27815914154052734,0.06833136081695557,0.9982331395149231,0.16009767353534698,0.5838300585746765,0.9921875,24.468399047851562,12.346037864685059,1.1202869415283203,41.07577896118164,4.921287536621094,21.595619201660156,40.67919158935547
DEAL (official pretrained),239,39,0,/Users/kyrillguba/Documents/Data Analytics MSc/Thesis/Python/First Try/data/DIV2K/DIV2K_valid_HR/0840.png,div2k/0840.png/sigma_0.150,div2k,0840.png,20039,df4e88246e2af519b1c29adccc7944ac0f8568e6a1ef7d65c39dc4fcd2a3dd5b,82c282ba3fb8658837bc2e38ced0b95c689e4eee60cf80dea72fdddcf53f55c8,0.15000000596046448,0.019337277859449387,17.13604736328125,0.5548001527786255,0.0038910319563001394,24.09935188293457,0.7946282029151917,67,1,637,0.0,41.215824127197266,0.40607303380966187,0.12347911298274994,0.0393759049475193,0.9304704666137695,0.16091346740722656,0.39539527893066406,0.7482874989509583,14.201345443725586,5.105727195739746,0.3870742619037628,37.31751251220703,4.488077640533447,13.683021545410156,28.457578659057617
DEAL (official pretrained),240,40,0,/Users/kyrillguba/Documents/Data Analytics MSc/Thesis/Python/First Try/data/DIV2K/DIV2K_valid_HR/0841.png,div2k/0841.png/sigma_0.150,div2k,0841.png,20040,b85a5c827a7d17dab432c8f79abc120715b867e00f3bcbe182f90d6c23ecff6f,4b87dfde340932f131f43a8188c38cd9652bddda88ba5ef47c03ed00594d0f59,0.15000000596046448,0.018788296729326248,17.261125564575195,0.38209402561187744,0.0027301767840981483,25.638093948364258,0.7836885452270508,57,1,584,0.0,41.215824127197266,0.574531078338623,0.27082353830337524,0.060526903718709946,0.9947760105133057,0.14417704939842224,0.5743843913078308,0.9906038641929626,21.470314025878906,11.729508399963379,0.8035799860954285,40.85093688964844,3.7553775310516357,21.118820190429688,40.57720184326172
DEAL (official pretrained),241,41,0,/Users/kyrillguba/Documents/Data Analytics MSc/Thesis/Python/First Try/data/DIV2K/DIV2K_valid_HR/0842.png,div2k/0842.png/sigma_0.150,div2k,0842.png,20041,e0fe2755785538efb2ac1c7a4fc4e854d8206a8f09b68ac1931f0544c3e7cc53,71c8afa6e0febe0920a1d7eef7e0befbdc15d57b91334dc60e6d3d3100e38330,0.15000000596046448,0.01854383572936058,17.318004608154297,0.4578133225440979,0.002391431014984846,26.213420867919922,0.8332922458648682,52,1,511,0.0,41.215824127197266,0.5426520109176636,0.2365342080593109,0.04276595264673233,0.9951644539833069,0.12934203445911407,0.5280475616455078,0.9818556904792786,20.079235076904297,9.984561920166016,0.4180879294872284,40.8748664855957,3.352536201477051,19.173336029052734,39.95231628417969
DEAL (official pretrained),242,42,0,/Users/kyrillguba/Documents/Data Analytics MSc/Thesis/Python/First Try/data/DIV2K/DIV2K_valid_HR/0843.png,div2k/0843.png/sigma_0.150,div2k,0843.png,20042,8d4db85adca20e5911d117b4bb54fdfb3f22b2a02cceb14242bb7540955f6140,f77c7967c75a1fd7198d9e3a70d46bb0d78e15bc51efc599984bebb7a40dbd2b,0.15000000596046448,0.014073172584176064,18.516080856323242,0.20515447854995728,0.0014211502857506275,28.473602294921875,0.9044392704963684,31,1,344,0.0,41.215824127197266,0.8448998332023621,0.26357513666152954,0.050330065190792084,0.9959147572517395,0.1424546092748642,0.9880529642105103,0.9932486414909363,33.95189666748047,11.656497955322266,0.6635207533836365,40.94668960571289,3.96686053276062,40.39680099487305,40.7572135925293
DEAL (official pretrained),243,43,0,/Users/kyrillguba/Documents/Data Analytics MSc/Thesis/Python/First Try/data/DIV2K/DIV2K_valid_HR/0844.png,div2k/0844.png/sigma_0.150,div2k,0844.png,20043,15c2150d7c67049e1e35243bac1a1a68c6f0e57215592b78ed9b74e130ed1370,3eb74552493cd014838d225d671ae8e239c060f5a8e98176f678e5ed10ece2ec,0.15000000596046448,0.017111284658312798,17.66717529296875,0.25169920921325684,0.0011670452076941729,29.329124450683594,0.8300405740737915,44,1,420,0.0,41.215824127197266,0.7925933003425598,0.24463732540607452,0.02338138036429882,0.9953532218933105,0.1077609434723854,0.8962796330451965,0.9924697875976562,31.20216941833496,10.740083694458008,0.16689693927764893,40.91303253173828,2.751999616622925,35.004608154296875,40.70426940917969
DEAL (official pretrained),244,44,0,/Users/kyrillguba/Documents/Data Analytics MSc/Thesis/Python/First Try/data/DIV2K/DIV2K_valid_HR/0845.png,div2k/0845.png/sigma_0.150,div2k,0845.png,20044,3afec5a048f16903b44498719256567f9874b218bd408f06ae16848d5bfd4779,c02348e296cd7a2c1fcdce5f2b6d93d1f6c189f1048cfaceeafa41dcba6caa82,0.15000000596046448,0.01654771901667118,17.812618255615234,0.4690502882003784,0.0029672388918697834,25.276473999023438,0.864656388759613,103,1,862,0.0,41.215824127197266,0.5459818840026855,0.3313550651073456,0.027379535138607025,0.9950987100601196,0.10134056955575943,0.4180617332458496,0.9919065237045288,20.704837799072266,14.342799186706543,0.25494086742401123,40.8924446105957,2.332095146179199,14.523185729980469,40.66413116455078
DEAL (official pretrained),245,45,0,/Users/kyrillguba/Documents/Data Analytics MSc/Thesis/Python/First Try/data/DIV2K/DIV2K_valid_HR/0846.png,div2k/0846.png/sigma_0.150,div2k,0846.png,20045,bfa025022780e8b45b7d8ca41bf0c1aa0ef062e997a3e07e7b0b4766072a0c65,95a2095d29a9fdfa24f0613b8723268a2a2caae5f67b27db38561d008406c53c,0.15000000596046448,0.016739562153816223,17.762561798095703,0.47529786825180054,0.004306596703827381,23.658658981323242,0.7992246150970459,62,1,708,0.0,41.215824127197266,0.5304511785507202,0.3187433183193207,0.0267074815928936,0.9955446720123291,0.08207757771015167,0.43863746523857117,0.9918030500411987,19.83502960205078,13.868319511413574,0.234820157289505,40.901702880859375,1.6138226985931396,15.228302001953125,40.65394592285156
DEAL (official pretrained),246,46,0,/Users/kyrillguba/Documents/Data Analytics MSc/Thesis/Python/First Try/data/DIV2K/DIV2K_valid_HR/0847.png,div2k/0847.png/sigma_0.150,div2k,0847.png,20046,a03ac31eb9aa42c51d2ec103e996158d3f7890d32752d0e5a0bece66c7f0a096,ffd99bfca4cf39d6a3a221cdbcde9231b9badb23a2ecb48ceea70490a6362b3f,0.15000000596046448,0.018600057810544968,17.30485725402832,0.591997504234314,0.003575180657207966,24.46702003479004,0.8845154643058777,49,1,538,0.0,41.215824127197266,0.4135458469390869,0.2534010708332062,0.022382540628314018,0.9942162036895752,0.08575356006622314,0.32690292596817017,0.9898724555969238,14.712797164916992,10.7007474899292,0.194106787443161,40.82252502441406,1.8731307983398438,10.801088333129883,40.52035903930664
DEAL (official pretrained),247,47,0,/Users/kyrillguba/Documents/Data Analytics MSc/Thesis/Python/First Try/data/DIV2K/DIV2K_valid_HR/0848.png,div2k/0848.png/sigma_0.150,div2k,0848.png,20047,226e619ed1295a7c7b4eb9d622c6124c81ba03e21362bb8eee67e67dced25224,0f55315d00e487e8421b8e5d2c162cb63209d10bcb08fccfa3eac51f4826cb1f,0.15000000596046448,0.019186735153198242,17.16998863220215,0.5657171607017517,0.0027859776746481657,25.55022430419922,0.8759809732437134,51,1,526,0.0,41.215824127197266,0.3999252915382385,0.2007712721824646,0.03170408308506012,0.9950567483901978,0.08845536410808563,0.3610606789588928,0.985573947429657,14.08827018737793,8.326157569885254,0.48283877968788147,40.881649017333984,2.0658326148986816,12.238323211669922,40.201515197753906
DEAL (official pretrained),248,48,0,/Users/kyrillguba/Documents/Data Analytics MSc/Thesis/Python/First Try/data/DIV2K/DIV2K_valid_HR/0849.png,div2k/0849.png/sigma_0.150,div2k,0849.png,20048,2c70dd5654b23e4a9ab11865c6c70e3077823c4972ad389deddc84dd9edc36b8,94c10ff56b792083e069c1e13db449dc146a1968abec94149f0e068c287de8df,0.15000000596046448,0.01942417398095131,17.116575241088867,0.7332503199577332,0.006940607912838459,21.58602523803711,0.8506932854652405,60,1,602,0.0,41.215824127197266,0.23253048956394196,0.10600121319293976,0.027950076386332512,0.9105841517448425,0.06874825805425644,0.2139643430709839,0.5795250535011292,7.145420074462891,4.0717244148254395,0.16579675674438477,36.01456069946289,1.3110947608947754,6.364008903503418,20.86802864074707
DEAL (official pretrained),249,49,0,/Users/kyrillguba/Documents/Data Analytics MSc/Thesis/Python/First Try/data/DIV2K/DIV2K_valid_HR/0850.png,div2k/0850.png/sigma_0.150,div2k,0850.png,20049,b0e8b344c318dfae08640e56c0b52ec6df0909ea2a5c7128b8b44308511dabe7,e4407e793da2eed5c71c154409f5734e76b4e485ef9eeda54befb82b601876ca,0.15000000596046448,0.02045828476548195,16.891307830810547,0.4563879370689392,0.0025283268187195063,25.971668243408203,0.8264404535293579,70,1,639,0.0,41.215824127197266,0.4774091839790344,0.205721914768219,0.033599939197301865,0.9945601224899292,0.143608957529068,0.4442768096923828,0.9861189126968384,17.244800567626953,8.692221641540527,0.3144634962081909,40.836524963378906,3.833845376968384,15.560137748718262,40.245361328125
DEAL (official pretrained),250,50,0,/Users/kyrillguba/Documents/Data Analytics MSc/Thesis/Python/First Try/data/DIV2K/DIV2K_valid_HR/0851.png,div2k/0851.png/sigma_0.150,div2k,0851.png,20050,6cd623610d71351bd69a4193263bc448cd15272dcfd17f66224ecc57d176c5d0,45914f5a99cf40c07b4a548bad8f33cacd4f86d0cd8f9e83c690ade33316958a,0.15000000596046448,0.019009403884410858,17.210315704345703,0.3504496216773987,0.0022196704521775246,26.5371150970459,0.9005144238471985,49,1,530,0.0,41.215824127197266,0.6142562627792358,0.31361812353134155,0.025876469910144806,0.9952249526977539,0.09794820845127106,0.6383388638496399,0.9913903474807739,23.358909606933594,13.492534637451172,0.15567395091056824,40.91240692138672,2.2222957611083984,23.67368507385254,40.63485336303711
DEAL (official pretrained),251,51,0,/Users/kyrillguba/Documents/Data Analytics MSc/Thesis/Python/First Try/data/DIV2K/DIV2K_valid_HR/0852.png,div2k/0852.png/sigma_0.150,div2k,0852.png,20051,73b3c50a05a0fcb1a26fb8f3d88ebc57fe34409f6e6d0d125e46c18d90cca3a1,850f26009109573b2f69a347f1af5baa9fe2d024153abbbe3b3b5e06b5b1b12a,0.15000000596046448,0.013176376931369305,18.802040100097656,0.20418581366539001,0.0032262569293379784,24.913009643554688,0.4372057318687439,48,1,418,0.0,41.215824127197266,0.8316142559051514,0.19480092823505402,0.08688540756702423,0.9981391429901123,0.31588196754455566,0.9475309252738953,0.99214768409729,32.95774459838867,8.846589088439941,1.6377471685409546,41.072120666503906,10.507650375366211,37.82805252075195,40.67741012573242
DEAL (official pretrained),252,52,0,/Users/kyrillguba/Documents/Data Analytics MSc/Thesis/Python/First Try/data/DIV2K/DIV2K_valid_HR/0853.png,div2k/0853.png/sigma_0.150,div2k,0853.png,20052,e9eb55fc2bc1bcfd2fad63122c380357a672f2b9f14b61a7547da796324e10c2,22c69d70ebed1d7f51a2bf3dfbcb3e01295dfc1f80c11012554d831fd273cfdd,0.15000000596046448,0.017418192699551582,17.589969635009766,0.2821323871612549,0.0018537405412644148,27.319509506225586,0.843372106552124,58,1,552,0.0,41.215824127197266,0.6919423341751099,0.28631144762039185,0.03192448988556862,0.9960875511169434,0.13343767821788788,0.7823078632354736,0.9924294352531433,26.81289291381836,12.652383804321289,0.2645682692527771,40.95743179321289,3.505997657775879,30.086870193481445,40.70079803466797
DEAL (official pretrained),253,53,0,/Users/kyrillguba/Documents/Data Analytics MSc/Thesis/Python/First Try/data/DIV2K/DIV2K_valid_HR/0854.png,div2k/0854.png/sigma_0.150,div2k,0854.png,20053,dbefb08aac7a5ad65da8e59ab21cbb0e921c9ad6da4d670be4cb2a982a3e2ffe,c5453e1ba744ca7546c6114bacc70691e12f92dcf033afe98e5c8518a9587471,0.15000000596046448,0.020880915224552155,16.802505493164062,0.4812200963497162,0.0032457250636070967,24.886882781982422,0.83513343334198,77,1,692,0.0,41.215824127197266,0.47035348415374756,0.26804351806640625,0.04721394181251526,0.9916266798973083,0.116425521671772,0.37095731496810913,0.9637503623962402,16.938589096069336,11.400851249694824,0.6017257571220398,40.66230010986328,2.7974953651428223,12.412715911865234,38.91081237792969
DEAL (official pretrained),254,54,0,/Users/kyrillguba/Documents/Data Analytics MSc/Thesis/Python/First Try/data/DIV2K/DIV2K_valid_HR/0855.png,div2k/0855.png/sigma_0.150,div2k,0855.png,20054,9e2b3caa326eef35864ca6323728491aaf77f5232b3a1b7435275b7a4b5bc314,8f500d00c6e0901077bb3fd55ffc20316938959f775ccab9c775f3f0787ae211,0.15000000596046448,0.02026764675974846,16.93196678161621,0.3772783875465393,0.0020541532430797815,26.873672485351562,0.808096170425415,100,1,738,0.0,41.215824127197266,0.5833255052566528,0.22081691026687622,0.07807578146457672,0.9934473633766174,0.16952192783355713,0.5907063484191895,0.9846155047416687,21.735000610351562,9.470847129821777,1.5578504800796509,40.79716491699219,4.657599449157715,21.921329498291016,40.14522933959961
DEAL (official pretrained),255,55,0,/Users/kyrillguba/Documents/Data Analytics MSc/Thesis/Python/First Try/data/DIV2K/DIV2K_valid_HR/0856.png,div2k/0856.png/sigma_0.150,div2k,0856.png,20055,66cf31de43a337537e663db0aecf5dd0004e87a0fbe2bd2cdc7ed9a8b4a93ece,2cf5d7c980e13f9eeb854391e0f07db5ddf11178c1271985069d37533454f77d,0.15000000596046448,0.01848992332816124,17.33064842224121,0.2967223525047302,0.0025049832183867693,26.011953353881836,0.6329985857009888,104,1,812,0.0,41.215824127197266,0.6697617769241333,0.22099564969539642,0.14677190780639648,0.9947468042373657,0.28287720680236816,0.6538519263267517,0.9893792271614075,25.414539337158203,9.789362907409668,3.453381299972534,40.86880874633789,8.846087455749512,24.38922691345215,40.48946762084961
DEAL (official pretrained),256,56,0,/Users/kyrillguba/Documents/Data Analytics MSc/Thesis/Python/First Try/data/DIV2K/DIV2K_valid_HR/0857.png,div2k/0857.png/sigma_0.150,div2k,0857.png,20056,ab895c24c3f27bd01daebb297e1995e3f7eaba3372e5cc7e32fb98edb3dfd93b,f67638c593248821293ef1506d42b3ed14b803a843a564bb9ac370b8c89934b8,0.15000000596046448,0.021883290261030197,16.598875045776367,0.3191419839859009,0.0008321963250637054,30.797740936279297,0.9012269973754883,55,1,467,0.0,41.215824127197266,0.6091279983520508,0.17085283994674683,0.07682473212480545,0.9802758097648621,0.1814955621957779,0.6403589248657227,0.897688090801239,22.796279907226562,7.207109451293945,1.1253063678741455,39.91655349731445,5.28155517578125,24.1005859375,35.17884063720703
DEAL (official pretrained),257,57,0,/Users/kyrillguba/Documents/Data Analytics MSc/Thesis/Python/First Try/data/DIV2K/DIV2K_valid_HR/0858.png,div2k/0858.png/sigma_0.150,div2k,0858.png,20057,69c3c9a846793f1dd2cda90db3fba707412671412126cd1eaad1496e784f7c0e,3646e942c385c6ac9176f7fb2b36cf82ee5ed2b6ccd522f45ed58a56732cc4f3,0.15000000596046448,0.01631496474146843,17.8741397857666,0.39812690019607544,0.0038394697476178408,24.15728759765625,0.606190025806427,69,1,674,0.0,41.215824127197266,0.5990890860557556,0.25478842854499817,0.032748743891716,0.9939911365509033,0.13104091584682465,0.556789755821228,0.99102783203125,22.527908325195312,11.135846138000488,0.28679510951042175,40.82194519042969,3.3564698696136475,20.352476119995117,40.60860061645508
DEAL (official pretrained),258,58,0,/Users/kyrillguba/Documents/Data Analytics MSc/Thesis/Python/First Try/data/DIV2K/DIV2K_valid_HR/0859.png,div2k/0859.png/sigma_0.150,div2k,0859.png,20058,0783919bca182fbd4ec27a809e6b7e6c58e89fddb3d3ef3d1bd5c807651c9a53,5650be64cced5f0cbbcbc473282d33c297129c1defd53cc10aadbd72c3bcde5c,0.15000000596046448,0.02081388048827648,16.816469192504883,0.5007640719413757,0.003611283376812935,24.423385620117188,0.7730238437652588,63,1,672,0.0,41.215824127197266,0.4213961958885193,0.1937795877456665,0.04658515006303787,0.9824604392051697,0.12135996669530869,0.36866122484207153,0.9169143438339233,14.724508285522461,8.062540054321289,0.6232474446296692,40.03553009033203,2.9768946170806885,12.360420227050781,35.998226165771484
DEAL (official pretrained),259,59,0,/Users/kyrillguba/Documents/Data Analytics MSc/Thesis/Python/First Try/data/DIV2K/DIV2K_valid_HR/0860.png,div2k/0860.png/sigma_0.150,div2k,0860.png,20059,6323c40a5d11f381b901e87cf8f54d9578bc32be44b9350ac5386eb44224de4a,4ae6cbf3c12fe9daeb79b1547020b09831115ceb1657ff734c708457e8417976,0.15000000596046448,0.019756164401769638,17.0429744720459,0.5954591035842896,0.0052756960503757,22.777202606201172,0.7609447240829468,63,1,644,0.0,41.215824127197266,0.3389616310596466,0.12944887578487396,0.037424299865961075,0.9731243848800659,0.11471984535455704,0.32310813665390015,0.850029706954956,11.318124771118164,5.28900671005249,0.4318886995315552,39.44248962402344,2.7174153327941895,10.542677879333496,32.89393615722656
DEAL (official pretrained),260,60,0,/Users/kyrillguba/Documents/Data Analytics MSc/Thesis/Python/First Try/data/DIV2K/DIV2K_valid_HR/0861.png,div2k/0861.png/sigma_0.150,div2k,0861.png,20060,c3df240f2bf2bcdcdc9060b4ba3b0dd6324594f485ce3ee2d407f0b5364d72d7,7814b5aa3f0318c16ff9dbb233da254f4b00b36d5d84e2a1c13de7a34e28fa1d,0.15000000596046448,0.015469681471586227,18.105186462402344,0.4704107940196991,0.004635263234376907,23.33925437927246,0.6545088291168213,63,1,653,0.0,41.215824127197266,0.5707612037658691,0.3248039186000824,0.024397069588303566,0.9954298734664917,0.10093094408512115,0.48253846168518066,0.9918527007102966,21.548662185668945,14.189751625061035,0.21779684722423553,40.90385055541992,2.213459014892578,16.843393325805664,40.66042709350586
DEAL (official pretrained),261,61,0,/Users/kyrillguba/Documents/Data Analytics MSc/Thesis/Python/First Try/data/DIV2K/DIV2K_valid_HR/0862.png,div2k/0862.png/sigma_0.150,div2k,0862.png,20061,b28039f4ed1566ad4bef028589288dfa1cf33c4b676694010eb5d0d9f228ef50,a6f0e8fb9e75c16d43cf99ebdd0c942dd78b095450a4871e0a5cf81fce0234b4,0.15000000596046448,0.02187032625079155,16.60144805908203,0.22942745685577393,0.0007890704437159002,31.02884292602539,0.867363452911377,117,1,777,0.0,41.215824127197266,0.7309684753417969,0.1991637945175171,0.10207368433475494,0.9946568012237549,0.264244943857193,0.7710322141647339,0.9845179915428162,28.125120162963867,8.7131929397583,2.1024370193481445,40.86601257324219,8.371935844421387,29.542160034179688,40.145503997802734
DEAL (official pretrained),262,62,0,/Users/kyrillguba/Documents/Data Analytics MSc/Thesis/Python/First Try/data/DIV2K/DIV2K_valid_HR/0863.png,div2k/0863.png/sigma_0.150,div2k,0863.png,20062,69a9aeec52e386294dc8c778c0d11c7f842f0960ca488aa898c25c50220c823a,1eceb9ec8ba500196990568abaa4d8c71397ac395afdea051040f4d78418ae66,0.15000000596046448,0.019079778343439102,17.19426727294922,0.39566218852996826,0.002145280595868826,26.68515968322754,0.87569260597229,46,1,488,0.0,41.215824127197266,0.5766958594322205,0.2735554277896881,0.04519900679588318,0.9950799942016602,0.16807261109352112,0.4776785373687744,0.9907593131065369,21.789077758789062,11.956840515136719,0.5953230857849121,40.902191162109375,4.92106819152832,17.190185546875,40.586116790771484
DEAL (official pretrained),263,63,0,/Users/kyrillguba/Documents/Data Analytics MSc/Thesis/Python/First Try/data/DIV2K/DIV2K_valid_HR/0864.png,div2k/0864.png/sigma_0.150,div2k,0864.png,20063,fb786dffb18452c590dd1e18bebeea18d1c1bec24fd9d36d75ba35ad6c8a81d3,14cffd14a8cdb618aec05880897bfc6c29c8d375852b2585bd01a6574849c211,0.15000000596046448,0.020215187221765518,16.94322395324707,0.44254496693611145,0.002380089368671179,26.234066009521484,0.8089878559112549,53,1,538,0.0,41.215824127197266,0.5014550685882568,0.14339368045330048,0.04335496202111244,0.965450644493103,0.21052804589271545,0.4888441562652588,0.8683039546012878,18.140804290771484,6.050784587860107,0.44871985912323,38.841766357421875,6.278280258178711,17.52448272705078,33.83888626098633
DEAL (official pretrained),264,64,0,/Users/kyrillguba/Documents/Data Analytics MSc/Thesis/Python/First Try/data/DIV2K/DIV2K_valid_HR/0865.png,div2k/0865.png/sigma_0.150,div2k,0865.png,20064,f92af3991be3de305c0efcfbe87ac07586eb280db7c47c56bbf8452a9b10010c,54490d712106fb9f4d4544bf2014dc7c04c031acb65fad0ba99bb13bcb9b1d35,0.15000000596046448,0.02141769602894783,16.692272186279297,0.42246562242507935,0.002284083981066942,26.412879943847656,0.8260368704795837,77,1,661,0.0,41.215824127197266,0.5016182661056519,0.20401902496814728,0.06749797612428665,0.992171049118042,0.167567640542984,0.4577587842941284,0.9698492288589478,18.181625366210938,8.609746932983398,1.352786660194397,40.685157775878906,4.611675262451172,16.25250244140625,39.134674072265625
DEAL (official pretrained),265,65,0,/Users/kyrillguba/Documents/Data Analytics MSc/Thesis/Python/First Try/data/DIV2K/DIV2K_valid_HR/0866.png,div2k/0866.png/sigma_0.150,div2k,0866.png,20065,64fe1cb87ea16bd47a4af52b635bd686b87a3bb0bb006aa875e7090e7f4f1b09,ca77f14d69c48e6b845cd10b55983d1368652fc41953eedc50872b962a0edd5c,0.15000000596046448,0.021065503358840942,16.7642822265625,0.5675008296966553,0.003775137010961771,24.23067283630371,0.8323721289634705,75,1,675,0.0,41.215824127197266,0.38290977478027344,0.17033545672893524,0.07707605510950089,0.988921582698822,0.1557255983352661,0.3376092314720154,0.936195433139801,13.244812965393066,7.12362813949585,1.3680793046951294,40.48624801635742,4.277677059173584,11.248916625976562,37.155189514160156
DEAL (official pretrained),266,66,0,/Users/kyrillguba/Documents/Data Analytics MSc/Thesis/Python/First Try/data/DIV2K/DIV2K_valid_HR/0867.png,div2k/0867.png/sigma_0.150,div2k,0867.png,20066,a1b0a4eea55a3cc398df9e911e7db0ecbec9938d8ca0f96d3252df65b6daed62,489082987d893b9111ff8cc461523e9cf259a89d3eae6060586e438615394bf3,0.15000000596046448,0.020587537437677383,16.863956451416016,0.5906478762626648,0.0027417540550231934,25.61971664428711,0.8910499811172485,56,1,539,0.0,41.215824127197266,0.3675921559333801,0.14686019718647003,0.05060655623674393,0.9423368573188782,0.13584397733211517,0.3375382721424103,0.8343937993049622,12.552031517028809,6.025835990905762,0.650723397731781,37.641448974609375,3.448960781097412,11.222087860107422,32.38263702392578
DEAL (official pretrained),267,67,0,/Users/kyrillguba/Documents/Data Analytics MSc/Thesis/Python/First Try/data/DIV2K/DIV2K_valid_HR/0868.png,div2k/0868.png/sigma_0.150,div2k,0868.png,20067,a5806164ffd45d6b14c4f40b199c062ca7d2855351fd99291a948b57f15212f1,3f900618571625c340ba45e51bd1e3d128f7f3550c63988d124a936fd88fcd70,0.15000000596046448,0.016574418172240257,17.805618286132812,0.26616498827934265,0.0012048837961629033,29.190549850463867,0.9586044549942017,38,1,436,0.0,41.215824127197266,0.80023193359375,0.3005419671535492,0.03816148266196251,0.9964799284934998,0.11672695726156235,0.9851810932159424,0.9934537410736084,31.908554077148438,13.234749794006348,0.45965108275413513,40.98410415649414,2.850093364715576,40.190521240234375,40.77669906616211
DEAL (official pretrained),268,68,0,/Users/kyrillguba/Documents/Data Analytics MSc/Thesis/Python/First Try/data/DIV2K/DIV2K_valid_HR/0869.png,div2k/0869.png/sigma_0.150,div2k,0869.png,20068,bc61ffc14754a4c0e306111ec7946ec828ebc05b363e7717d8c2f300d7750e5c,202aa48ccc3b279a766daa719a87aec876ccb1f9e1834eb4dc7a517266822579,0.15000000596046448,0.020335741341114044,16.917400360107422,0.4392627477645874,0.0025364842731505632,25.957679748535156,0.8468911647796631,55,1,566,0.0,41.215824127197266,0.5581314563751221,0.2603369653224945,0.07165811955928802,0.9960688352584839,0.185776486992836,0.4624035060405731,0.9890531897544861,20.80854034423828,11.191320419311523,1.6099647283554077,40.95395278930664,5.401222229003906,16.543792724609375,40.465904235839844
DEAL (official pretrained),269,69,0,/Users/kyrillguba/Documents/Data Analytics MSc/Thesis/Python/First Try/data/DIV2K/DIV2K_valid_HR/0870.png,div2k/0870.png/sigma_0.150,div2k,0870.png,20069,23fb86d88c32c580e802edb1ef9cd9aecf3ca74c79ecdde14ada63f7050ad410,6321e9cf1562ebed88776a69961ee1c5c8cc0c1983af1fc62b68e2aa77eb14a7,0.15000000596046448,0.02132485806941986,16.711137771606445,0.5675413608551025,0.004649510141462088,23.325929641723633,0.785521924495697,76,1,678,0.0,41.215824127197266,0.3292500376701355,0.09728854894638062,0.04826352000236511,0.8793491125106812,0.14589056372642517,0.31932535767555237,0.6788579225540161,10.892078399658203,3.9332692623138428,0.6443101167678833,34.87441635131836,3.841493606567383,10.43583869934082,25.374387741088867
DEAL (official pretrained),270,70,0,/Users/kyrillguba/Documents/Data Analytics MSc/Thesis/Python/First Try/data/DIV2K/DIV2K_valid_HR/0871.png,div2k/0871.png/sigma_0.150,div2k,0871.png,20070,755675f2824bd9535075c3a3649ecad82608dffc5b28d5b6777c999ce5ac8feb,10125e5a8e11f33c76c1b1bed7595bdfd36ccd859da9d715e162a1351d92a580,0.15000000596046448,0.021094676107168198,16.758272171020508,0.5268259048461914,0.0027735333424061537,25.56966781616211,0.8647429347038269,50,1,543,0.0,41.215824127197266,0.40912172198295593,0.16314654052257538,0.06495911628007889,0.9878751039505005,0.14505250751972198,0.3741776645183563,0.8788127899169922,14.350425720214844,6.761861801147461,0.924330472946167,40.39320755004883,3.917980909347534,12.806221008300781,34.31549072265625
DEAL (official pretrained),271,71,0,/Users/kyrillguba/Documents/Data Analytics MSc/Thesis/Python/First Try/data/DIV2K/DIV2K_valid_HR/0872.png,div2k/0872.png/sigma_0.150,div2k,0872.png,20071,a3051017ca8c7da3a6c7830c9bb928ecf2b81dc2add6c092a6aecfa321376f6b,c460690477aa730ba52b6f070f23b6a80e95359dd83e0d659d013b8e096f919b,0.15000000596046448,0.020569588989019394,16.86774444580078,0.6250527501106262,0.0039001507684588432,24.08918571472168,0.8586157560348511,104,1,763,0.0,41.215824127197266,0.3594571352005005,0.17842695116996765,0.04296540468931198,0.9803668260574341,0.10943382978439331,0.3114781677722931,0.8617960810661316,12.340944290161133,7.305874347686768,0.5198296308517456,39.846893310546875,2.653780460357666,10.220563888549805,33.43718719482422
DEAL (official pretrained),272,72,0,/Users/kyrillguba/Documents/Data Analytics MSc/Thesis/Python/First Try/data/DIV2K/DIV2K_valid_HR/0873.png,div2k/0873.png/sigma_0.150,div2k,0873.png,20072,98eca5a763607b677cf4da90c4112b7bd27d325edaf99023f29c46b2af95740e,b1a58c6fdd9a17716a53afc24b211241e38bebda099604f4de03ec4b8a65d0c0,0.15000000596046448,0.02104468084871769,16.768577575683594,0.4549928903579712,0.0035964094568043947,24.44131088256836,0.7948724031448364,88,1,729,0.0,41.215824127197266,0.4581162631511688,0.22211405634880066,0.042311832308769226,0.990837574005127,0.14585179090499878,0.3867354691028595,0.969618022441864,16.32516860961914,9.48440170288086,0.5106375217437744,40.57297134399414,3.6771814823150635,13.182353973388672,39.16140365600586
DEAL (official pretrained),273,73,0,/Users/kyrillguba/Documents/Data Analytics MSc/Thesis/Python/First Try/data/DIV2K/DIV2K_valid_HR/0874.png,div2k/0874.png/sigma_0.150,div2k,0874.png,20073,c1b141701b55a15db0c8d9d38d28131d0c6935abc941c0cf5a1b8e17483ce6db,f7a960b00896cbbdc6ccf512afa721f386e45066e678fb4dac90081e17444d92,0.15000000596046448,0.020938146859407425,16.790616989135742,0.38387995958328247,0.00212768092751503,26.720935821533203,0.7928947806358337,70,1,648,0.0,41.215824127197266,0.5464136600494385,0.20077943801879883,0.04207814484834671,0.9943946599960327,0.16900759935379028,0.5247913599014282,0.9904513359069824,20.042367935180664,8.658285140991211,0.48216360807418823,40.827857971191406,4.849116325378418,18.896804809570312,40.5599365234375
DEAL (official pretrained),274,74,0,/Users/kyrillguba/Documents/Data Analytics MSc/Thesis/Python/First Try/data/DIV2K/DIV2K_valid_HR/0875.png,div2k/0875.png/sigma_0.150,div2k,0875.png,20074,9efdc0057bb6e53db148019bb4a13192254fce5f31a016a4924e85fc6ee62a16,e753a30c362a6d3eb9c45706aecc08c68a7ea7f6628d8db66366787c20355c9f,0.15000000596046448,0.020058192312717438,16.977083206176758,0.6610298156738281,0.004311189986765385,23.654029846191406,0.8639529943466187,58,1,548,0.0,41.215824127197266,0.3203873634338379,0.10906054079532623,0.04194795712828636,0.8759302496910095,0.1217183992266655,0.3054502606391907,0.6709798574447632,10.565038681030273,4.3894734382629395,0.48924878239631653,34.45627212524414,2.947330951690674,9.855119705200195,25.1396541595459
DEAL (official pretrained),275,75,0,/Users/kyrillguba/Documents/Data Analytics MSc/Thesis/Python/First Try/data/DIV2K/DIV2K_valid_HR/0876.png,div2k/0876.png/sigma_0.150,div2k,0876.png,20075,84df379a2b4a7b995296e31b3954bfb9a7731d5e2d0b8650405a416a53e11125,04f67a9594d48093a6e08a0e38642e6eee5be4f8b3ade5dfae2084bc980881d8,0.15000000596046448,0.01703212410211563,17.687313079833984,0.45483678579330444,0.003821714548394084,24.177417755126953,0.6672033071517944,54,1,550,0.0,41.215824127197266,0.5188661813735962,0.19527415931224823,0.057088300585746765,0.9940342903137207,0.16937294602394104,0.493865966796875,0.975873589515686,18.959468841552734,8.246918678283691,0.9461298584938049,40.803680419921875,4.974696636199951,17.70087242126465,39.55925369262695
DEAL (official pretrained),276,76,0,/Users/kyrillguba/Documents/Data Analytics MSc/Thesis/Python/First Try/data/DIV2K/DIV2K_valid_HR/0877.png,div2k/0877.png/sigma_0.150,div2k,0877.png,20076,a7be10c02736c3557926612d053466a395f1f8df83ddeeff7027d05bb769b33a,7a218ead6d4c2d3dbb899303596e94d43e2c5a54ec8912d5cb7240b959b4d20a,0.15000000596046448,0.01769191399216652,17.52225112915039,0.31010305881500244,0.0015800631372258067,28.01325798034668,0.7743141055107117,54,1,562,0.0,41.215824127197266,0.6261679530143738,0.2201763242483139,0.02813594602048397,0.9945985078811646,0.13043752312660217,0.6438478231430054,0.9892556667327881,23.55037498474121,9.411067962646484,0.23421227931976318,40.87260818481445,3.3473939895629883,24.106487274169922,40.47937774658203
DEAL (official pretrained),277,77,0,/Users/kyrillguba/Documents/Data Analytics MSc/Thesis/Python/First Try/data/DIV2K/DIV2K_valid_HR/0878.png,div2k/0878.png/sigma_0.150,div2k,0878.png,20077,f1e61ee7f615bf40fc0cc24a3750fc6413019d89281f32d061c3bfb42fdf3082,523e861cf9811cfce774e032f43234955e18c0379b5dd121e8c3aa12cc8d019b,0.15000000596046448,0.0209621824324131,16.78563690185547,0.5418142080307007,0.003110928926616907,25.07109832763672,0.842507004737854,77,1,667,0.0,41.215824127197266,0.3947710394859314,0.17686277627944946,0.03644637018442154,0.9870337843894958,0.11937130987644196,0.3548062741756439,0.8863351345062256,13.673340797424316,7.31361198425293,0.49072322249412537,40.311370849609375,2.944948673248291,11.84439468383789,34.5840950012207
DEAL (official pretrained),278,78,0,/Users/kyrillguba/Documents/Data Analytics MSc/Thesis/Python/First Try/data/DIV2K/DIV2K_valid_HR/0879.png,div2k/0879.png/sigma_0.150,div2k,0879.png,20078,f7a72db70e5d13cc9ce0514ee1b317f98a5b43e5671f68071037416761ac50bb,d5918c03e5907d4cf17c7a3b8fdf798cfd715c7e2c42e5b086c8db22e0140197,0.15000000596046448,0.02097097411751747,16.7838134765625,0.3940846621990204,0.0020473862532526255,26.888004302978516,0.9195147752761841,53,1,533,0.0,41.215824127197266,0.6155421733856201,0.3332003057003021,0.033378228545188904,0.9946833848953247,0.11388134956359863,0.673197865486145,0.9896558523178101,23.48211669921875,14.389235496520996,0.41105136275291443,40.85197448730469,2.7054197788238525,24.96221160888672,40.508663177490234
DEAL (official pretrained),279,79,0,/Users/kyrillguba/Documents/Data Analytics MSc/Thesis/Python/First Try/data/DIV2K/DIV2K_valid_HR/0880.png,div2k/0880.png/sigma_0.150,div2k,0880.png,20079,2464ffab9474f65f91c41e6231fc7c3907d471b36d493192c28dd9a9c9ac3c4c,dbdea1106cd8958916fc9772a53d3f6877bb9eb6f6bf76523991d5764d8fdd36,0.15000000596046448,0.02196056768298149,16.58356475830078,0.3213769495487213,0.0017699985764920712,27.520273208618164,0.8802841305732727,60,1,563,0.0,41.215824127197266,0.6315850019454956,0.2762977182865143,0.0798766165971756,0.9940060377120972,0.17739486694335938,0.6885749101638794,0.9875500202178955,23.94287109375,11.899157524108887,1.7495338916778564,40.815452575683594,5.151683330535889,25.952335357666016,40.35918426513672
DEAL (official pretrained),280,80,0,/Users/kyrillguba/Documents/Data Analytics MSc/Thesis/Python/First Try/data/DIV2K/DIV2K_valid_HR/0881.png,div2k/0881.png/sigma_0.150,div2k,0881.png,20080,b4be0560c87adf38d8561ec3fb5a8e3e0e5d0b43501194ff1ff77f1511e89119,12545213925ff49318f4eb85bc9d7708644215a2b6f920b8b43a35070b88ddef,0.15000000596046448,0.021493175998330116,16.67699432373047,0.3434904217720032,0.001688078511506319,27.72607421875,0.8442140221595764,123,1,756,0.0,41.215824127197266,0.6000175476074219,0.23286190629005432,0.031081318855285645,0.9935357570648193,0.14767755568027496,0.6303421258926392,0.9796704649925232,22.43191146850586,9.898298263549805,0.28030744194984436,40.779640197753906,4.048845291137695,23.622356414794922,39.789493560791016
DEAL (official pretrained),281,81,0,/Users/kyrillguba/Documents/Data Analytics MSc/Thesis/Python/First Try/data/DIV2K/DIV2K_valid_HR/0882.png,div2k/0882.png/sigma_0.150,div2k,0882.png,20081,aac379d4eb1f7ffb4575e0fcca3a6836e85643267b9f537632bdfd3422ae2a6d,6ea62831d84b83768a283f19ded8038b94cdc02a1803dc9d4be062a1010c652b,0.15000000596046448,0.020324550569057465,16.919790267944336,0.5098577737808228,0.0023413768503814936,26.305286407470703,0.8903926610946655,45,1,475,0.0,41.215824127197266,0.4432021379470825,0.21398672461509705,0.022491438314318657,0.9931939840316772,0.07934428751468658,0.41772758960723877,0.9821094274520874,16.01592254638672,8.88949203491211,0.13124291598796844,40.74895477294922,1.6790663003921509,14.819149017333984,39.96670150756836
DEAL (official pretrained),282,82,0,/Users/kyrillguba/Documents/Data Analytics MSc/Thesis/Python/First Try/data/DIV2K/DIV2K_valid_HR/0883.png,div2k/0883.png/sigma_0.150,div2k,0883.png,20082,dc84aa16cb279e020e6bb4a512b74aeb161e2c3b612b40cfe834b4ea44c4dbd4,d6ca2ad6f8222cacc85ba5acfe3731812141fffa89abd8381baa251a186ba402,0.15000000596046448,0.02078293263912201,16.82293128967285,0.5666801929473877,0.003672995837405324,24.349796295166016,0.8417238593101501,58,1,584,0.0,41.215824127197266,0.4188101291656494,0.19371040165424347,0.06565860658884048,0.9928341507911682,0.15343019366264343,0.3613022565841675,0.9672334790229797,14.767082214355469,8.194704055786133,1.0245996713638306,40.71452331542969,4.167728424072266,12.229989051818848,38.96228790283203
DEAL (official pretrained),283,83,0,/Users/kyrillguba/Documents/Data Analytics MSc/Thesis/Python/First Try/data/DIV2K/DIV2K_valid_HR/0884.png,div2k/0884.png/sigma_0.150,div2k,0884.png,20083,c3e792b1483d91371c9eeedd1d20a4f45de1d748d7f261794ce740fbc3ea3016,67d70f20a1d4f66cac28d02ab11cd81f739a1071d066579730d2624fe56ba85d,0.15000000596046448,0.020287808030843735,16.927648544311523,0.5604811906814575,0.003513843286782503,24.542177200317383,0.8370072841644287,81,1,680,0.0,41.215824127197266,0.37208229303359985,0.147012859582901,0.0410858616232872,0.9701964855194092,0.10588397830724716,0.34955599904060364,0.7875211238861084,12.739171981811523,6.001142501831055,0.3744162619113922,39.16455841064453,2.5608484745025635,11.63641357421875,30.16217041015625
DEAL (official pretrained),284,84,0,/Users/kyrillguba/Documents/Data Analytics MSc/Thesis/Python/First Try/data/DIV2K/DIV2K_valid_HR/0885.png,div2k/0885.png/sigma_0.150,div2k,0885.png,20084,d1b12f5bdff73a004166bc26bfd68ed924612ba4dfeb5ee46ef886fec9606402,9eeb98b0c07f0b7b290d584d5a9e68577a79b851fc5d78184fc7550490c240de,0.15000000596046448,0.02135692909359932,16.704612731933594,0.42789727449417114,0.0023277115542441607,26.33070945739746,0.8092024922370911,73,1,764,0.0,41.215824127197266,0.4582592248916626,0.18557894229888916,0.04445440322160721,0.9941421747207642,0.17135047912597656,0.4131402373313904,0.9806751608848572,16.229511260986328,7.946842193603516,0.46148476004600525,40.823211669921875,4.607505798339844,14.10037899017334,39.8572883605957
DEAL (official pretrained),285,85,0,/Users/kyrillguba/Documents/Data Analytics MSc/Thesis/Python/First Try/data/DIV2K/DIV2K_valid_HR/0886.png,div2k/0886.png/sigma_0.150,div2k,0886.png,20085,8269830c494c50f2ca58c9fe1491092884eabccc73e5d87438dd2282f32843ab,9571b600fa26fa5e78211a52aba99b7f6cdab0485832901faed8cd24db7c030f,0.15000000596046448,0.020501960068941116,16.882047653198242,0.3476765751838684,0.0014264070196077228,28.457565307617188,0.8799761533737183,63,1,504,0.0,41.215824127197266,0.5898019671440125,0.2130178064107895,0.028253093361854553,0.9900065064430237,0.12284335494041443,0.6336288452148438,0.9614999890327454,22.04685401916504,8.931015968322754,0.32487213611602783,40.52318572998047,3.2099030017852783,23.813316345214844,38.71084976196289
DEAL (official pretrained),286,86,0,/Users/kyrillguba/Documents/Data Analytics MSc/Thesis/Python/First Try/data/DIV2K/DIV2K_valid_HR/0887.png,div2k/0887.png/sigma_0.150,div2k,0887.png,20086,9674e5076ec8c005bce7e3450e6bf09deb82df9952eaff58c7717b3a16e90f3e,6d7b91947c5834877dcbcfb879c4555b794c0e30342063eb757e5d1cd377f564,0.15000000596046448,0.020419981330633163,16.899446487426758,0.39879703521728516,0.0028346641920506954,25.474985122680664,0.797137975692749,59,1,576,0.0,41.215824127197266,0.5729895830154419,0.27112698554992676,0.02828553505241871,0.9932867288589478,0.10884059965610504,0.548026442527771,0.9611269235610962,21.31999969482422,11.503235816955566,0.28122732043266296,40.754905700683594,2.5606930255889893,19.997528076171875,38.66097640991211
DEAL (official pretrained),287,87,0,/Users/kyrillguba/Documents/Data Analytics MSc/Thesis/Python/First Try/data/DIV2K/DIV2K_valid_HR/0888.png,div2k/0888.png/sigma_0.150,div2k,0888.png,20087,0b12dfb6e7a24bf393f0f61b8c12a04a0e14c82f6eb77cce3a6d2ed989cadb40,da1f4ebeae57366ccd911abc2e91442211f58aa2208b08a5e5e0641bb5b15b3f,0.15000000596046448,0.019633378833532333,17.070049285888672,0.6296042203903198,0.0036147504579275846,24.41921615600586,0.8686215281486511,75,1,680,0.0,41.215824127197266,0.34652793407440186,0.16900835931301117,0.027902211993932724,0.9917438626289368,0.08935786038637161,0.3131641447544098,0.8904887437820435,11.815671920776367,6.886794090270996,0.24209526181221008,40.644474029541016,2.018723487854004,10.309785842895508,34.66947937011719
DEAL (official pretrained),288,88,0,/Users/kyrillguba/Documents/Data Analytics MSc/Thesis/Python/First Try/data/DIV2K/DIV2K_valid_HR/0889.png,div2k/0889.png/sigma_0.150,div2k,0889.png,20088,65b588cd7d91eb7ab3ad2ee297b48e2bcd71468e6f3fd4cedd22296161fcf0b3,4d47a099f8c03527f178a93d20ec6021009f2bf007699ffbf4d49b9ee0a18bac,0.15000000596046448,0.019847596064209938,17.022920608520508,0.6674190759658813,0.005068421829491854,22.951271057128906,0.8399547338485718,64,1,609,0.0,41.215824127197266,0.3173311650753021,0.1411605030298233,0.02977563440799713,0.960229754447937,0.11491552740335464,0.2840092182159424,0.8203541040420532,10.577788352966309,5.739721298217773,0.23732633888721466,38.737369537353516,2.728620767593384,9.171634674072266,31.60946273803711
DEAL (official pretrained),289,89,0,/Users/kyrillguba/Documents/Data Analytics MSc/Thesis/Python/First Try/data/DIV2K/DIV2K_valid_HR/0890.png,div2k/0890.png/sigma_0.150,div2k,0890.png,20089,641726511e5ab55ecb5dccce15a53a64473d43e0a2be22d51e522b22644d2891,090cde7116e024b2ec602eebacab490050c1b660e998f53dd4720b5b72685506,0.15000000596046448,0.022137947380542755,16.548625946044922,0.30939149856567383,0.0017375769093632698,27.60055923461914,0.8607016801834106,82,1,676,0.0,41.215824127197266,0.6362572908401489,0.26710250973701477,0.07112668454647064,0.9937131404876709,0.2147323042154312,0.5578811168670654,0.9863418340682983,24.111600875854492,11.739593505859375,1.3007409572601318,40.82172393798828,6.31210470199585,20.314523696899414,40.27532958984375
DEAL (official pretrained),290,90,0,/Users/kyrillguba/Documents/Data Analytics MSc/Thesis/Python/First Try/data/DIV2K/DIV2K_valid_HR/0891.png,div2k/0891.png/sigma_0.150,div2k,0891.png,20090,df25cc2cba32c4a350c4749f690c8d6acb73d96d359ca40b6fee4071dbf564d0,7dff3a0867a76ac2a36a0195af44b2d5f502d8da1a0aff1f9a5753df36f19149,0.15000000596046448,0.02067994698882103,16.844505310058594,0.6243946552276611,0.0032277663704007864,24.910980224609375,0.8894394636154175,69,1,664,0.0,41.215824127197266,0.3297691345214844,0.14699973165988922,0.02559058368206024,0.9921329021453857,0.1129763126373291,0.2973565459251404,0.8571738600730896,11.045146942138672,5.9888739585876465,0.1846761256456375,40.66400146484375,2.6239988803863525,9.654106140136719,33.135990142822266
DEAL (official pretrained),291,91,0,/Users/kyrillguba/Documents/Data Analytics MSc/Thesis/Python/First Try/data/DIV2K/DIV2K_valid_HR/0892.png,div2k/0892.png/sigma_0.150,div2k,0892.png,20091,cf51693d41de71e034484154f59145fbffeb5a48fb250085472f21ef15bc44ee,a59e46b09cbe29e3ebc2d1e171a0a0ff3bf91fc8647f369b99fa62754e807e66,0.15000000596046448,0.02017464116215706,16.951942443847656,0.6150212287902832,0.004419316537678242,23.54644775390625,0.8408102989196777,68,1,625,0.0,41.215824127197266,0.30655333399772644,0.14860357344150543,0.04648042842745781,0.9703951478004456,0.11249953508377075,0.2709169387817383,0.8200322985649109,10.111621856689453,5.9809770584106445,0.605547308921814,39.170997619628906,2.6992411613464355,8.624491691589355,31.60442543029785
DEAL (official pretrained),292,92,0,/Users/kyrillguba/Documents/Data Analytics MSc/Thesis/Python/First Try/data/DIV2K/DIV2K_valid_HR/0893.png,div2k/0893.png/sigma_0.150,div2k,0893.png,20092,e38a2d9fc2bb1bfe2d7f4ac7ac04be6e3b640472049753a9ec509cb5b184dfae,05609a5b3db9d0ebbee04566382b115babbaf65d1f71365a2d3b0c1021529ba3,0.15000000596046448,0.018521644175052643,17.323205947875977,0.4411300718784332,0.002114280592650175,26.74837303161621,0.8348945379257202,52,1,516,0.0,41.215824127197266,0.5026021003723145,0.2670562267303467,0.022725798189640045,0.9951658248901367,0.1003274992108345,0.4515513479709625,0.9894720315933228,18.378372192382812,11.323043823242188,0.13816910982131958,40.898216247558594,2.282163381576538,15.757323265075684,40.4979362487793
DEAL (official pretrained),293,93,0,/Users/kyrillguba/Documents/Data Analytics MSc/Thesis/Python/First Try/data/DIV2K/DIV2K_valid_HR/0894.png,div2k/0894.png/sigma_0.150,div2k,0894.png,20093,f7c053db8ff81bb3c056ed342eb0bfb9ba890e8adb30617f79d560f11e941c73,3fccd8843bb8ab2352f2c3dca1f0041b3201bbadd09121217f0bbca35f20ea40,0.15000000596046448,0.01920481212437153,17.1658992767334,0.3721504807472229,0.0018523315666243434,27.32281494140625,0.7854114174842834,51,1,496,0.0,41.215824127197266,0.6407985687255859,0.25422391295433044,0.03448314219713211,0.9949002265930176,0.12285692989826202,0.6934691667556763,0.990015983581543,24.232643127441406,10.80821418762207,0.31997427344322205,40.87995147705078,3.2752418518066406,26.196025848388672,40.535274505615234
DEAL (official pretrained),294,94,0,/Users/kyrillguba/Documents/Data Analytics MSc/Thesis/Python/First Try/data/DIV2K/DIV2K_valid_HR/0895.png,div2k/0895.png/sigma_0.150,div2k,0895.png,20094,abdbc9e5dd323d44902bb35948460b514a4fe27d53aa9bc4f2072e0a425a5902,6aa3aa753ea7ad02049ba7f7f3c2a098d40cd8ab63418c08e09883f61b4ac7a0,0.15000000596046448,0.02031978964805603,16.920808792114258,0.509181797504425,0.004327766597270966,23.637361526489258,0.7343154549598694,78,1,708,0.0,41.215824127197266,0.41756293177604675,0.20775429904460907,0.035832442343235016,0.9914463758468628,0.12556809186935425,0.3427160978317261,0.9453096389770508,14.54965591430664,8.793313980102539,0.38695165514945984,40.62250900268555,3.3414084911346436,11.186281204223633,37.83122253417969
DEAL (official pretrained),295,95,0,/Users/kyrillguba/Documents/Data Analytics MSc/Thesis/Python/First Try/data/DIV2K/DIV2K_valid_HR/0896.png,div2k/0896.png/sigma_0.150,div2k,0896.png,20095,857388cd8fc429b194bc7374762cee70b099ddf090a6495b03d92edc4c8c7b8d,4e5ec91ba09447954d9184006b86d6c8a4d2e9762c0d802b7acc3e30a003fe99,0.15000000596046448,0.015470854938030243,18.1048583984375,0.36559027433395386,0.0016292023938149214,27.880250930786133,0.959808349609375,37,1,406,0.0,41.215824127197266,0.7078675627708435,0.3301169276237488,0.01910407282412052,0.9954124093055725,0.0650976225733757,0.8973187208175659,0.9920443296432495,27.748430252075195,14.244731903076172,0.12413770705461502,40.942256927490234,1.2495862245559692,35.175804138183594,40.67534255981445
DEAL (official pretrained),296,96,0,/Users/kyrillguba/Documents/Data Analytics MSc/Thesis/Python/First Try/data/DIV2K/DIV2K_valid_HR/0897.png,div2k/0897.png/sigma_0.150,div2k,0897.png,20096,a75baf8d323b01687486bd536ce524304bab0a20ffcaf0d6d19c9abe9c8bef57,e2fdff6e4bfb56efb51be82da3f6818d38e92ea4b89c06426ff672fb11ab9cea,0.15000000596046448,0.018825935199856758,17.25243377685547,0.817688524723053,0.006051321513950825,22.181499481201172,0.9219095706939697,52,1,498,0.0,41.215824127197266,0.21233564615249634,0.05100471153855324,0.06369394063949585,0.8443576097488403,0.1296556293964386,0.2020454704761505,0.38145288825035095,6.774025917053223,2.0131330490112305,0.773222804069519,32.366615295410156,3.2401933670043945,6.3876142501831055,13.221983909606934
DEAL (official pretrained),297,97,0,/Users/kyrillguba/Documents/Data Analytics MSc/Thesis/Python/First Try/data/DIV2K/DIV2K_valid_HR/0898.png,div2k/0898.png/sigma_0.150,div2k,0898.png,20097,0f9b0c2f1793b1dd0ac81be97181b9e904a39fcf108cd39194842f26678085f7,02c50d40179ae73f11237da6f9918d44c299b7ab614e0896018584e491c28614,0.15000000596046448,0.021980486810207367,16.579627990722656,0.26478034257888794,0.0013739981222897768,28.620140075683594,0.9345452785491943,58,1,521,0.0,41.215824127197266,0.7481844425201416,0.2867356538772583,0.04285590350627899,0.9949079155921936,0.14055345952510834,0.9241243600845337,0.989323616027832,29.192665100097656,12.475714683532715,0.6652480959892273,40.89026641845703,3.6819450855255127,36.34778594970703,40.485939025878906
DEAL (official pretrained),298,98,0,/Users/kyrillguba/Documents/Data Analytics MSc/Thesis/Python/First Try/data/DIV2K/DIV2K_valid_HR/0899.png,div2k/0899.png/sigma_0.150,div2k,0899.png,20098,bea5ead4e165747f9c0e6d434cc536abdd4760b1a8da09c78f705024684bff65,cf88b3a38e6d7cc9cd1a08f9cc3127392ccd44bf3b7be67da5653df76ed6db73,0.15000000596046448,0.01932554319500923,17.138683319091797,0.5551150441169739,0.0027277711778879166,25.641921997070312,0.8647711277008057,76,1,717,0.0,41.215824127197266,0.35531851649284363,0.20575429499149323,0.027909312397241592,0.9933152198791504,0.0773933157324791,0.29833298921585083,0.9553919434547424,12.251492500305176,8.351471900939941,0.23062258958816528,40.75129699707031,1.6195725202560425,9.809934616088867,38.228599548339844
DEAL (official pretrained),299,99,0,/Users/kyrillguba/Documents/Data Analytics MSc/Thesis/Python/First Try/data/DIV2K/DIV2K_valid_HR/0900.png,div2k/0900.png/sigma_0.150,div2k,0900.png,20099,72e06d86758e25d0f39e87b43b4ed00325b96cc08c65fc1809df35beee23e59c,8675b721ca7e8956cf02bb1a0098b9439a3aff7c56577ec1f3ac2a00b63625c9,0.15000000596046448,0.016771264374256134,17.754343032836914,0.5362525582313538,0.003907235339283943,24.0813045501709,0.7593294382095337,75,1,647,0.0,41.215824127197266,0.4585035741329193,0.22899621725082397,0.026500925421714783,0.9943608045578003,0.09153734147548676,0.4127561151981354,0.9870105385780334,16.437320709228516,9.678640365600586,0.2113928645849228,40.837562561035156,2.0584640502929688,14.12979507446289,40.32340621948242
DEAL (official pretrained),300,0,0,/Users/kyrillguba/Documents/Data Analytics MSc/Thesis/Python/First Try/data/DIV2K/DIV2K_valid_HR/0801.png,div2k/0801.png/sigma_0.200,div2k,0801.png,20000,9ca598cce3296c3968a2f8f7685477f637dbdbbb9d4efb1cd418ca185bd31eef,a9365f4e0c16669b5077b4e9432d32a1601ddf16ec48ed5bc58b26305bb2dfd6,0.20000000298023224,0.03454243391752243,14.616471290588379,0.43085727095603943,0.0054945992305874825,22.60063934326172,0.7135220766067505,69,1,693,0.0,52.318904876708984,0.4628956913948059,0.15815453231334686,0.0675341933965683,0.9791762828826904,0.1750778704881668,0.43647176027297974,0.8965661525726318,20.970121383666992,8.438552856445312,1.5554039478302002,50.57107162475586,6.413904666900635,19.46796417236328,44.718231201171875
DEAL (official pretrained),301,1,0,/Users/kyrillguba/Documents/Data Analytics MSc/Thesis/Python/First Try/data/DIV2K/DIV2K_valid_HR/0802.png,div2k/0802.png/sigma_0.200,div2k,0802.png,20001,3177c80331fb32ceee70ac3ef64d2e56a1bce05ea8a9c0b664e2592552554742,36060dd2d8d24324286c1b18f2ecc8777c2ec20e379eefda3e35ac636d9b3f94,0.20000000298023224,0.03269209712743759,14.855571746826172,0.552805483341217,0.003926300909370184,24.060165405273438,0.8929165601730347,32,1,421,0.0,52.318904876708984,0.43296018242836,0.10474315285682678,0.06364903599023819,0.9643588066101074,0.18495061993598938,0.4327363669872284,0.7064505219459534,19.69814109802246,5.510045051574707,1.3107572793960571,49.38916015625,6.968280792236328,19.688796997070312,34.224239349365234
DEAL (official pretrained),302,2,0,/Users/kyrillguba/Documents/Data Analytics MSc/Thesis/Python/First Try/data/DIV2K/DIV2K_valid_HR/0803.png,div2k/0803.png/sigma_0.200,div2k,0803.png,20002,671a4205d217354c075117f716a83d9a5ef2b4c921475de333f15ac8882c9356,0407f8277a603861b050d3fca105d13640f58fd1f088543fac352d20d4ee0d6d,0.20000000298023224,0.03677719458937645,14.34421443939209,0.3164742588996887,0.0021611659321933985,26.653118133544922,0.858010470867157,51,1,574,0.0,52.318904876708984,0.5459502339363098,0.17262138426303864,0.04098152741789818,0.9910127520561218,0.15729963779449463,0.5617656707763672,0.8879562616348267,25.577077865600586,9.221803665161133,0.6415469646453857,51.525970458984375,5.758900165557861,26.40325164794922,44.243412017822266
DEAL (official pretrained),303,3,0,/Users/kyrillguba/Documents/Data Analytics MSc/Thesis/Python/First Try/data/DIV2K/DIV2K_valid_HR/0804.png,div2k/0804.png/sigma_0.200,div2k,0804.png,20003,f95563d4b6e58b102c165eeec7f7e1ba2608e12c3a331510949f0cce842149ea,5091347d676ff4495f51148d24623d7797e9d157213b7378f4e24a70453e7c75,0.20000000298023224,0.033111415803432465,14.800223350524902,0.5136070251464844,0.004745119716972113,23.237529754638672,0.8108590841293335,85,1,767,0.0,52.318904876708984,0.4485321044921875,0.20124214887619019,0.05413607507944107,0.9969639778137207,0.15184076130390167,0.3962041735649109,0.9893252849578857,20.224071502685547,10.89466667175293,0.9125444293022156,52.0532112121582,5.113412857055664,17.156757354736328,51.35693359375
DEAL (official pretrained),304,4,0,/Users/kyrillguba/Documents/Data Analytics MSc/Thesis/Python/First Try/data/DIV2K/DIV2K_valid_HR/0805.png,div2k/0805.png/sigma_0.200,div2k,0805.png,20004,bac34b49da4033070da28c152ece5c527c7274eafed4e320f3e7258274a93177,6cf8931033545531e65b45cd0193f8f35f03ca064e6aeb6884f862feae04a2a9,0.20000000298023224,0.03317341208457947,14.792098999023438,0.37022048234939575,0.004403772298246622,23.561752319335938,0.7106438875198364,56,1,610,0.0,52.318904876708984,0.5565227270126343,0.16785743832588196,0.10431510210037231,0.9960883855819702,0.2103032022714615,0.5424635410308838,0.9689475297927856,26.161869049072266,9.113497734069824,3.192760467529297,51.99766159057617,7.858521461486816,25.33220672607422,49.66254425048828
DEAL (official pretrained),305,5,0,/Users/kyrillguba/Documents/Data Analytics MSc/Thesis/Python/First Try/data/DIV2K/DIV2K_valid_HR/0806.png,div2k/0806.png/sigma_0.200,div2k,0806.png,20005,befc31ea0c7663db0351a7238adfea3153639f5dfa13cb7cacfd757a46539d49,42ca3f83fbb588f1d98a5db8125804044c1d5568bed89b9c5c17685aab2e52a1,0.20000000298023224,0.034227900207042694,14.656198501586914,0.31462281942367554,0.002685465617105365,25.70980453491211,0.8277807235717773,60,1,611,0.0,52.318904876708984,0.6035031080245972,0.1905437409877777,0.08245044946670532,0.9960968494415283,0.194427952170372,0.6198806762695312,0.9730386734008789,28.675708770751953,10.33329963684082,2.033869981765747,52.0106201171875,7.255260944366455,29.453874588012695,49.94212341308594
DEAL (official pretrained),306,6,0,/Users/kyrillguba/Documents/Data Analytics MSc/Thesis/Python/First Try/data/DIV2K/DIV2K_valid_HR/0807.png,div2k/0807.png/sigma_0.200,div2k,0807.png,20006,1e941eaeed69e78250491fe2c5b2f458f2f36301b8aa701227bd408f852fa572,7577e075b9407964bd3c045c44f49e9eed4cd36144880344a401029a52f84239,0.20000000298023224,0.034604717046022415,14.608646392822266,0.3595600128173828,0.005138657055795193,22.891504287719727,0.678260087966919,106,1,880,0.0,52.318904876708984,0.5326917767524719,0.1789851188659668,0.056940577924251556,0.9947704076766968,0.21741163730621338,0.4957337975502014,0.9565121531486511,24.626663208007812,9.689175605773926,1.0962328910827637,51.891666412353516,8.008903503417969,22.571727752685547,48.653987884521484
DEAL (official pretrained),307,7,0,/Users/kyrillguba/Documents/Data Analytics MSc/Thesis/Python/First Try/data/DIV2K/DIV2K_valid_HR/0808.png,div2k/0808.png/sigma_0.200,div2k,0808.png,20007,9666b1dba93f470d95570471f38f195acafae585deefb8498b5ebb625df94e78,593a46ec02aafa29eda0f31d7bc829966f052ea8bcfac6fd931cb7aafef5c478,0.20000000298023224,0.03264236822724342,14.862183570861816,0.24462930858135223,0.002792894374579191,25.53945541381836,0.831847608089447,65,1,644,0.0,52.318904876708984,0.7040660381317139,0.26374509930610657,0.03854567930102348,0.9968376159667969,0.13580487668514252,0.8276833295822144,0.994392454624176,34.39613342285156,14.619424819946289,0.5211728811264038,52.05497360229492,4.544954299926758,40.46477508544922,51.840084075927734
DEAL (official pretrained),308,8,0,/Users/kyrillguba/Documents/Data Analytics MSc/Thesis/Python/First Try/data/DIV2K/DIV2K_valid_HR/0809.png,div2k/0809.png/sigma_0.200,div2k,0809.png,20008,f57d7f591d2770efb0162e925acaaef8e4ce467e58b7a54d53de058959be9978,7c562f910f22a6bbc5b8b1863098a4cc05a6fb6bfda81f9b8b157feccff608ae,0.20000000298023224,0.035625673830509186,14.482369422912598,0.3049831986427307,0.003449609037488699,24.622299194335938,0.6557509899139404,77,1,754,0.0,52.318904876708984,0.5807125568389893,0.16896900534629822,0.07419874519109726,0.9961934089660645,0.24683624505996704,0.5522048473358154,0.9763502478599548,27.338394165039062,9.24858570098877,1.4657093286514282,52.01763153076172,9.634048461914062,25.738140106201172,50.2706413269043
DEAL (official pretrained),309,9,0,/Users/kyrillguba/Documents/Data Analytics MSc/Thesis/Python/First Try/data/DIV2K/DIV2K_valid_HR/0810.png,div2k/0810.png/sigma_0.200,div2k,0810.png,20009,50cf8d799292c4a6f6c23b4a8f1d0c08015da9c6e74d9109a31efdb1eb5d9df3,ba7b2bf6f8dbef7b1540f43046cdf692e30fb9075a4c929eaa71a46d1b2a973a,0.20000000298023224,0.03685157373547554,14.335440635681152,0.2768332064151764,0.0029499323572963476,25.3018798828125,0.7342216372489929,119,1,768,0.0,52.318904876708984,0.5968739986419678,0.1570265293121338,0.09230116009712219,0.9851529598236084,0.24424080550670624,0.598096489906311,0.9030423164367676,28.159984588623047,8.494925498962402,2.289365768432617,50.98354721069336,9.450627326965332,28.19232940673828,44.90382385253906
DEAL (official pretrained),310,10,0,/Users/kyrillguba/Documents/Data Analytics MSc/Thesis/Python/First Try/data/DIV2K/DIV2K_valid_HR/0811.png,div2k/0811.png/sigma_0.200,div2k,0811.png,20010,ceab700e5944238d72f4ec94852a5ee6b9c353c54281c96ee7c6e9b9f2a16308,66b078cc01d92864043643094c99ce46de0fc392c329670aea72faa0081b61ef,0.20000000298023224,0.030274415388703346,15.189242362976074,0.2888026833534241,0.004556367173790932,23.4138126373291,0.5750404596328735,78,1,726,0.0,52.318904876708984,0.6735715270042419,0.21816548705101013,0.12312131375074387,0.996833860874176,0.24895283579826355,0.6432052850723267,0.9953706860542297,32.7198486328125,12.375784873962402,2.953681468963623,52.052024841308594,9.615517616271973,30.687246322631836,51.9311408996582
DEAL (official pretrained),311,11,0,/Users/kyrillguba/Documents/Data Analytics MSc/Thesis/Python/First Try/data/DIV2K/DIV2K_valid_HR/0812.png,div2k/0812.png/sigma_0.200,div2k,0812.png,20011,5f26939fc07611061a96f2a386a77ffd9251b83abf26ac7ecb5a44dcae97187b,7b8e9a311c180f17e7a36e7c0f870bbdac4a5ec65c94e366e0e96e16577873ee,0.20000000298023224,0.03386826440691948,14.702071189880371,0.40606313943862915,0.0033743828535079956,24.718055725097656,0.811127781867981,58,1,628,0.0,52.318904876708984,0.5582282543182373,0.2515401542186737,0.03587767481803894,0.9962781667709351,0.13893233239650726,0.5273409485816956,0.9890349507331848,26.22335433959961,13.703132629394531,0.6421464085578918,52.0131950378418,4.483468055725098,23.99738311767578,51.34251022338867
DEAL (official pretrained),312,12,0,/Users/kyrillguba/Documents/Data Analytics MSc/Thesis/Python/First Try/data/DIV2K/DIV2K_valid_HR/0813.png,div2k/0813.png/sigma_0.200,div2k,0813.png,20012,c34023db0a8b05fd8269a4d5afeb83670d5b08e7bce8d6c8cfe221a95b0e0b2f,86c1ff20a5aa336ba94861bc2334494a860c894bc88a7435aa3806678e7ad8b3,0.20000000298023224,0.030121561139822006,15.211225509643555,0.4075990319252014,0.004198590759187937,23.768962860107422,0.8071703910827637,58,1,629,0.0,52.318904876708984,0.5609655380249023,0.25554126501083374,0.03136832267045975,0.9969431161880493,0.13642868399620056,0.5238920450210571,0.9937713146209717,26.50377082824707,14.050801277160645,0.3304848074913025,52.058712005615234,4.46121883392334,23.972827911376953,51.77671432495117
DEAL (official pretrained),313,13,0,/Users/kyrillguba/Documents/Data Analytics MSc/Thesis/Python/First Try/data/DIV2K/DIV2K_valid_HR/0814.png,div2k/0814.png/sigma_0.200,div2k,0814.png,20013,9f544177fb7f24fc86ba1b0d9b9d0e664f093ce144600099ca215fbf1a3e3c25,f19bbc6781dd3503c77ca7892fbf75631b7770a251002b21caa79b16139c91b3,0.20000000298023224,0.034978337585926056,14.562007904052734,0.19906678795814514,0.0020339125767350197,26.916677474975586,0.8763989210128784,69,1,726,0.0,52.318904876708984,0.7631446123123169,0.27829957008361816,0.06432956457138062,0.9970651865005493,0.18079790472984314,0.9367818236351013,0.9954290390014648,38.00392150878906,15.866387367248535,1.1229888200759888,52.06925964355469,6.221829414367676,47.24565887451172,51.944393157958984
DEAL (official pretrained),314,14,0,/Users/kyrillguba/Documents/Data Analytics MSc/Thesis/Python/First Try/data/DIV2K/DIV2K_valid_HR/0815.png,div2k/0815.png/sigma_0.200,div2k,0815.png,20014,d8f2b2b3496e52c1ec43e3c5e28732516b24990b8a2361d1876240ad562db395,44f7ec206d35f890114f56d53d033f150d8d97ec4412917428f012ddb457eb5a,0.20000000298023224,0.034089915454387665,14.67374038696289,0.3620714545249939,0.0038418546319007874,24.154590606689453,0.745719313621521,70,1,709,0.0,52.318904876708984,0.5149690508842468,0.1577124297618866,0.08477798104286194,0.9940201044082642,0.18987853825092316,0.5105657577514648,0.9021556377410889,23.82276153564453,8.4500150680542,1.9129773378372192,51.809059143066406,6.944085121154785,23.50510025024414,44.96904754638672
DEAL (official pretrained),315,15,0,/Users/kyrillguba/Documents/Data Analytics MSc/Thesis/Python/First Try/data/DIV2K/DIV2K_valid_HR/0816.png,div2k/0816.png/sigma_0.200,div2k,0816.png,20015,f457e7c932a8730df29263aaf8e3c3a2e54e7e68e543a34cdbc085f7c21edf50,bb47f91d9ab8fadad3de18398885eddd3433d68f18b7cd263a390ab4f7a0012d,0.20000000298023224,0.034869372844696045,14.57555866241455,0.30748236179351807,0.00287252152338624,25.41736602783203,0.7931604385375977,56,1,596,0.0,52.318904876708984,0.5979100465774536,0.19488388299942017,0.08894037455320358,0.9971436858177185,0.21885977685451508,0.5729223489761353,0.9927910566329956,28.267810821533203,10.779939651489258,1.7190450429916382,52.06856918334961,8.260923385620117,26.709041595458984,51.68931198120117
DEAL (official pretrained),316,16,0,/Users/kyrillguba/Documents/Data Analytics MSc/Thesis/Python/First Try/data/DIV2K/DIV2K_valid_HR/0817.png,div2k/0817.png/sigma_0.200,div2k,0817.png,20016,b14c93dc0fd3fb833a2c04431c6af818313c8c6f744eb433dd1817a932b015cf,c5c8010eaa417191ce2153ff0df530b99d094ff249f993067347a3076d276a20,0.20000000298023224,0.035455383360385895,14.503178596496582,0.33715492486953735,0.003809788729995489,24.190990447998047,0.7361446619033813,80,1,806,0.0,52.318904876708984,0.5601308345794678,0.21867118775844574,0.08459128439426422,0.9963855147361755,0.19721706211566925,0.5055161118507385,0.9910057187080383,26.304492950439453,12.04994010925293,1.89586341381073,52.02818298339844,7.397582054138184,23.003414154052734,51.530941009521484
DEAL (official pretrained),317,17,0,/Users/kyrillguba/Documents/Data Analytics MSc/Thesis/Python/First Try/data/DIV2K/DIV2K_valid_HR/0818.png,div2k/0818.png/sigma_0.200,div2k,0818.png,20017,00f18d236ddc7fe3a937cdcb41ce31082a90c94b9370fc202c7dce18dd80ab2a,966998599e0b596e14f5382b54adf0f2cdc760eefec4f2b25bad3bb854bca0a1,0.20000000298023224,0.031812675297260284,14.973998069763184,0.407841295003891,0.005044986493885517,22.971399307250977,0.8197648525238037,102,1,803,0.0,52.318904876708984,0.557658851146698,0.25714606046676636,0.060066722333431244,0.9970293045043945,0.17308658361434937,0.48245105147361755,0.9933214783668518,26.3336181640625,14.134099006652832,1.1421101093292236,52.063209533691406,6.125007152557373,21.75155258178711,51.73777389526367
DEAL (official pretrained),318,18,0,/Users/kyrillguba/Documents/Data Analytics MSc/Thesis/Python/First Try/data/DIV2K/DIV2K_valid_HR/0819.png,div2k/0819.png/sigma_0.200,div2k,0819.png,20018,f7450c40d5c0aabdc2bd2a562302ca3993841849efca05e281ec4059186e528c,a0e07558f84759a954d5c6387b083fb4e6ef737af47ace3e552687dde95f156d,0.20000000298023224,0.034033939242362976,14.680877685546875,0.3960559368133545,0.0047640674747526646,23.22022247314453,0.6959438920021057,88,1,834,0.0,52.318904876708984,0.5162937641143799,0.18217846751213074,0.07010360807180405,0.996916651725769,0.1862165778875351,0.48866528272628784,0.9930633902549744,23.823810577392578,9.90985107421875,1.1208930015563965,52.05423355102539,6.761848449707031,22.14852523803711,51.71406936645508
DEAL (official pretrained),319,19,0,/Users/kyrillguba/Documents/Data Analytics MSc/Thesis/Python/First Try/data/DIV2K/DIV2K_valid_HR/0820.png,div2k/0820.png/sigma_0.200,div2k,0820.png,20019,ab2cf6ba20cc18bafee4976e8be3cbf4a6db4afea570ef888fdebb8c8e0616f2,45ba48f9466d9540d93960a6902a771be58eaf93359722184f499b62a29a620c,0.20000000298023224,0.031304456293582916,15.043937683105469,0.5353561639785767,0.007409080397337675,21.302356719970703,0.7547539472579956,83,1,904,0.0,52.318904876708984,0.4140028953552246,0.2214737981557846,0.03365490585565567,0.9960373640060425,0.10635534673929214,0.3532457947731018,0.9730536937713623,18.379478454589844,11.758952140808105,0.4438660442829132,51.97654724121094,2.921459197998047,14.89126205444336,49.929298400878906
DEAL (official pretrained),320,20,0,/Users/kyrillguba/Documents/Data Analytics MSc/Thesis/Python/First Try/data/DIV2K/DIV2K_valid_HR/0821.png,div2k/0821.png/sigma_0.200,div2k,0821.png,20020,ebd02fa51f1a3ee91b6ca90bb58a444e53385dd1193938609708b71bca4504a0,98ad8d0b3c93b65fa7efcb2135dab5fc0366f195db1b1ef8a290e23e8f536ed2,0.20000000298023224,0.031442075967788696,15.02488899230957,0.6964309811592102,0.008170977234840393,20.87725830078125,0.8608424663543701,47,1,640,0.0,52.318904876708984,0.24094004929065704,0.13988520205020905,0.03131243586540222,0.9969429969787598,0.07862505316734314,0.20765942335128784,0.9298847913742065,9.480644226074219,7.2284955978393555,0.4419178366661072,52.05829620361328,1.8861746788024902,7.675023078918457,46.6385498046875
DEAL (official pretrained),321,21,0,/Users/kyrillguba/Documents/Data Analytics MSc/Thesis/Python/First Try/data/DIV2K/DIV2K_valid_HR/0822.png,div2k/0822.png/sigma_0.200,div2k,0822.png,20021,86c801c8390b132b94a9efaeb7a9bad9acdd1212e41d91d44b44811708142963,ca7d852bc8b16c6278f1bc45ae4c07890003ad72054615c02927480762cf2df5,0.20000000298023224,0.031871505081653595,14.965974807739258,0.41916948556900024,0.006269677542150021,22.027549743652344,0.6361050605773926,128,1,1088,0.0,52.318904876708984,0.4874502420425415,0.16110989451408386,0.07445213198661804,0.9920042753219604,0.18013669550418854,0.47272342443466187,0.9249127507209778,22.2491455078125,8.636247634887695,1.8861299753189087,51.60089111328125,6.531453609466553,21.360172271728516,46.34207534790039
DEAL (official pretrained),322,22,0,/Users/kyrillguba/Documents/Data Analytics MSc/Thesis/Python/First Try/data/DIV2K/DIV2K_valid_HR/0823.png,div2k/0823.png/sigma_0.200,div2k,0823.png,20022,ec11d2cf0a95684902842094c84e0956a3cd35920ef85f25ba677348927a365c,26bf1ed80d68d5c6eabb4686e90308ffc3cf19921e78000f4d382c56b6b91895,0.20000000298023224,0.03412161022424698,14.66970443725586,0.3423663377761841,0.004284091759473085,23.681411743164062,0.8424487709999084,48,1,588,0.0,52.318904876708984,0.6218312382698059,0.29478007555007935,0.05538512021303177,0.9966624975204468,0.19310902059078217,0.5470343232154846,0.9949147701263428,30.09815216064453,16.53324317932129,1.031116008758545,52.04427719116211,6.921119689941406,25.179920196533203,51.89435958862305
DEAL (official pretrained),323,23,0,/Users/kyrillguba/Documents/Data Analytics MSc/Thesis/Python/First Try/data/DIV2K/DIV2K_valid_HR/0824.png,div2k/0824.png/sigma_0.200,div2k,0824.png,20023,5ce7bdee523a1299c6a42c3adbb96d0e62c2f40266823753b8c042edb8b10495,f485578de09a4665de67af912511c0ee3ffa2d202728851d682353d17a0a971e,0.20000000298023224,0.031988292932510376,14.950089454650879,0.4113571047782898,0.0033342773094773293,24.769983291625977,0.8323836922645569,68,1,711,0.0,52.318904876708984,0.557927131652832,0.281232088804245,0.05794902890920639,0.9967514276504517,0.12821388244628906,0.5094688534736633,0.9926465749740601,26.382421493530273,15.296323776245117,1.067246913909912,52.041236877441406,4.099889278411865,23.053028106689453,51.67987060546875
DEAL (official pretrained),324,24,0,/Users/kyrillguba/Documents/Data Analytics MSc/Thesis/Python/First Try/data/DIV2K/DIV2K_valid_HR/0825.png,div2k/0825.png/sigma_0.200,div2k,0825.png,20024,0403db62808d832f7764170e8df2b8c78ad826e2a93d809f8cf6d018258b011a,61e6b9f60ba16552facccb9e47e0ca7141ad08ea8a4a223d1f2af0c84fc2a013,0.20000000298023224,0.03425753489136696,14.65243911743164,0.5137622356414795,0.005283172708004713,22.771053314208984,0.8166188597679138,58,1,649,0.0,52.318904876708984,0.41028445959091187,0.18333567678928375,0.04528402164578438,0.9942496418952942,0.13127495348453522,0.36979395151138306,0.9657251238822937,18.09170913696289,9.701889991760254,0.8080121278762817,51.84067916870117,4.236171722412109,15.725382804870605,49.33465576171875
DEAL (official pretrained),325,25,0,/Users/kyrillguba/Documents/Data Analytics MSc/Thesis/Python/First Try/data/DIV2K/DIV2K_valid_HR/0826.png,div2k/0826.png/sigma_0.200,div2k,0826.png,20025,b7fba61bcca359e5581b44283bbc34696cae71321e031969411ada23b17e2199,e5b36e49ab70c13ddec8ad18f0123685ffe4741ae10c8796387deccf900f867e,0.20000000298023224,0.03241979330778122,14.891897201538086,0.3761705458164215,0.0034533715806901455,24.61756706237793,0.8318369388580322,74,1,739,0.0,52.318904876708984,0.5877696871757507,0.25121381878852844,0.029729878529906273,0.9967005848884583,0.12918058037757874,0.554639458656311,0.9936839938163757,27.876140594482422,13.856030464172363,0.29865601658821106,52.046566009521484,4.142251491546631,25.590787887573242,51.77782440185547
DEAL (official pretrained),326,26,0,/Users/kyrillguba/Documents/Data Analytics MSc/Thesis/Python/First Try/data/DIV2K/DIV2K_valid_HR/0827.png,div2k/0827.png/sigma_0.200,div2k,0827.png,20026,1a1d5ffbd89d79d7803cf86e2d8f6c75cd146872fd61e387fec71a904e384317,19e103ed562e6af6dc3c79b137828a005900ef232d338de260add904c5386d11,0.20000000298023224,0.025430236011743546,15.946496963500977,0.1578771471977234,0.0028946627862751484,25.384021759033203,0.6549290418624878,53,1,571,0.0,52.318904876708984,0.8428119421005249,0.2126152068376541,0.03879386931657791,0.9973413348197937,0.23199929296970367,0.969997763633728,0.9959246516227722,42.550743103027344,12.367881774902344,0.6201444864273071,52.088043212890625,8.83315372467041,49.801536560058594,51.979061126708984
DEAL (official pretrained),327,27,0,/Users/kyrillguba/Documents/Data Analytics MSc/Thesis/Python/First Try/data/DIV2K/DIV2K_valid_HR/0828.png,div2k/0828.png/sigma_0.200,div2k,0828.png,20027,3b7551ae7f737167932c3230707f7075368102b6732eb16bfe514fd471223ea4,9e18af74f560ebed7fdda10932468c5ae614d2c5f11049fad4ebdc85c873d139,0.20000000298023224,0.027486637234687805,15.608783721923828,0.4375625252723694,0.0060290084220469,22.197542190551758,0.7091860175132751,95,1,986,0.0,52.318904876708984,0.4397329092025757,0.2674548327922821,0.04239141196012497,0.9973134994506836,0.14687201380729675,0.32802528142929077,0.9953428506851196,20.247180938720703,14.701089859008789,0.5698226094245911,52.08613204956055,4.968464374542236,13.868456840515137,51.91790008544922
DEAL (official pretrained),328,28,0,/Users/kyrillguba/Documents/Data Analytics MSc/Thesis/Python/First Try/data/DIV2K/DIV2K_valid_HR/0829.png,div2k/0829.png/sigma_0.200,div2k,0829.png,20028,7fef744df96a3f5b2077c74a59929852deb533e35d4804c7c745471471543ed7,ac896f879188a2a361bafad02222820a1ed560380db764eb4a4dde59e31c7cf6,0.20000000298023224,0.0350884310901165,14.548360824584961,0.32271796464920044,0.0022321264259517193,26.512813568115234,0.8110827803611755,60,1,672,0.0,52.318904876708984,0.5950530767440796,0.2551466226577759,0.04415634647011757,0.9962490797042847,0.11623413115739822,0.6031993627548218,0.9908513426780701,28.300518035888672,13.917844772338867,0.7348538041114807,52.02063751220703,3.520348310470581,28.20986557006836,51.519229888916016
DEAL (official pretrained),329,29,0,/Users/kyrillguba/Documents/Data Analytics MSc/Thesis/Python/First Try/data/DIV2K/DIV2K_valid_HR/0830.png,div2k/0830.png/sigma_0.200,div2k,0830.png,20029,33405798eea5a2bbd23d383a107f9127b4f5d220ad2d443bdb05db6049757a90,16f1b388f30fbc8ec53e6463179734c4971edf12466826f7064b09cdc0cf5f4e,0.20000000298023224,0.03657222539186478,14.368486404418945,0.28311944007873535,0.0028177425265312195,25.500988006591797,0.7769324779510498,75,1,705,0.0,52.318904876708984,0.6449246406555176,0.23438923060894012,0.04506918787956238,0.9965207576751709,0.1988409012556076,0.6569940447807312,0.9914212822914124,30.85547637939453,13.029166221618652,0.8978077173233032,52.03590774536133,7.10407829284668,31.250703811645508,51.56809616088867
DEAL (official pretrained),330,30,0,/Users/kyrillguba/Documents/Data Analytics MSc/Thesis/Python/First Try/data/DIV2K/DIV2K_valid_HR/0831.png,div2k/0831.png/sigma_0.200,div2k,0831.png,20030,37f625cf3b90622b2047f8f9b3e488dcb450cde9c639eb5f94e082ec5148792e,23831d833313857b5e695b9441aafacb1f03391ca87ac2678e98aad19fa20928,0.20000000298023224,0.03198632970452309,14.950356483459473,0.41232922673225403,0.005271160043776035,22.78093719482422,0.7281373739242554,74,1,779,0.0,52.318904876708984,0.4890998601913452,0.18565283715724945,0.05297427251935005,0.9965370893478394,0.13843144476413727,0.48198214173316956,0.9609944224357605,22.44028091430664,9.939469337463379,0.9592140913009644,52.01957702636719,4.58380126953125,21.77093505859375,49.00631332397461
DEAL (official pretrained),331,31,0,/Users/kyrillguba/Documents/Data Analytics MSc/Thesis/Python/First Try/data/DIV2K/DIV2K_valid_HR/0832.png,div2k/0832.png/sigma_0.200,div2k,0832.png,20031,678db3c6c13225750b6bb2ae62b3e9ffdbdb3491d462fa2451e73fea851ed64c,4c157337022f3b1bbfd7f253c0c3946911618c6badf8404413075b607985800a,0.20000000298023224,0.03169732168316841,14.989774703979492,0.4530256986618042,0.005326362326741219,22.735692977905273,0.7779484987258911,73,1,753,0.0,52.318904876708984,0.47726571559906006,0.22606590390205383,0.043090783059597015,0.996938943862915,0.12310030311346054,0.430861234664917,0.9892842173576355,21.82881736755371,12.168159484863281,0.7280030846595764,52.06135177612305,3.8283350467681885,18.97278594970703,51.36450958251953
DEAL (official pretrained),332,32,0,/Users/kyrillguba/Documents/Data Analytics MSc/Thesis/Python/First Try/data/DIV2K/DIV2K_valid_HR/0833.png,div2k/0833.png/sigma_0.200,div2k,0833.png,20032,196e9aedca5a8ddb4904ed57c8a1a32e080164df130d093fbc86da6222f32553,e3942347313bdc570018037b7ffaf54bfe4df7ade08538b6bf1373b1fe597fff,0.20000000298023224,0.030519839376211166,15.154176712036133,0.33858901262283325,0.0025691241025924683,25.902149200439453,0.896917462348938,46,1,535,0.0,52.318904876708984,0.6577951312065125,0.2796753942966461,0.03504651039838791,0.9973102807998657,0.16380010545253754,0.679736852645874,0.994979977607727,32.04854965209961,15.650429725646973,0.638106644153595,52.084999084472656,5.8130011558532715,32.653472900390625,51.89610290527344
DEAL (official pretrained),333,33,0,/Users/kyrillguba/Documents/Data Analytics MSc/Thesis/Python/First Try/data/DIV2K/DIV2K_valid_HR/0834.png,div2k/0834.png/sigma_0.200,div2k,0834.png,20033,43cd5d3407a2ec5d9396c0ba9f3595990830fe17adfb5b3d69777dc489012502,e836c0332f3c7a2dbcb18f4fb733d71574f3900de16341ba258cc549001c8da5,0.20000000298023224,0.029490448534488678,15.303186416625977,0.3658084571361542,0.004265506286174059,23.700294494628906,0.7924851179122925,62,1,649,0.0,52.318904876708984,0.6220366358757019,0.2836883068084717,0.026621028780937195,0.9973709583282471,0.13326793909072876,0.5538424253463745,0.9953150749206543,30.117063522338867,15.890254020690918,0.21309395134449005,52.0900993347168,4.552499771118164,25.650455474853516,51.91632843017578
DEAL (official pretrained),334,34,0,/Users/kyrillguba/Documents/Data Analytics MSc/Thesis/Python/First Try/data/DIV2K/DIV2K_valid_HR/0835.png,div2k/0835.png/sigma_0.200,div2k,0835.png,20034,80084574e021b9b385517a807fa4f62735358952d97592c2b192db98626e086c,e8129ea807959129b452dbbc8a2522c68676a92258a791bc7a96c5daf96a2256,0.20000000298023224,0.03433415666222572,14.642736434936523,0.3547489643096924,0.004650338552892208,23.32515525817871,0.6776179075241089,70,1,706,0.0,52.318904876708984,0.55711829662323,0.20136763155460358,0.0925849974155426,0.9961591958999634,0.22166520357131958,0.5202587246894836,0.9842389822006226,26.092987060546875,11.00312328338623,2.526383638381958,51.9998779296875,8.318076133728027,23.917699813842773,50.9295539855957
DEAL (official pretrained),335,35,0,/Users/kyrillguba/Documents/Data Analytics MSc/Thesis/Python/First Try/data/DIV2K/DIV2K_valid_HR/0836.png,div2k/0836.png/sigma_0.200,div2k,0836.png,20035,d774c40f160da761b384b399f5636cb3cfecf88e2cc5d41c78f575c3bea500af,943eb024790a46f5fcc808cd90fe24940c68f27cbf4404faac6866f5d1bdc79b,0.20000000298023224,0.03237718343734741,14.89760971069336,0.4225267469882965,0.004227239638566971,23.739431381225586,0.8474036455154419,65,1,710,0.0,52.318904876708984,0.5058804154396057,0.25300461053848267,0.03838740289211273,0.9974250793457031,0.1381453275680542,0.42917507886886597,0.9955593347549438,23.44037437438965,14.13110065460205,0.4776199460029602,52.08868408203125,4.2860541343688965,18.708616256713867,51.94062423706055
DEAL (official pretrained),336,36,0,/Users/kyrillguba/Documents/Data Analytics MSc/Thesis/Python/First Try/data/DIV2K/DIV2K_valid_HR/0837.png,div2k/0837.png/sigma_0.200,div2k,0837.png,20036,af3a3f14f10fd37d750995ae36a4d7d4e23e7343e1fc6fb8ddf8342f79d68d35,54d66b352296a3d522f33fdf30b251a11f1668f7bd94281cfec74349d504dd06,0.20000000298023224,0.032176896929740906,14.924558639526367,0.5125089883804321,0.006316738203167915,21.995071411132812,0.7685667276382446,65,1,731,0.0,52.318904876708984,0.41231662034988403,0.1585281938314438,0.05462587624788284,0.9963526129722595,0.1521337479352951,0.37995249032974243,0.9153372049331665,18.26504135131836,8.420886039733887,1.147842288017273,52.02129364013672,5.0890655517578125,16.444580078125,45.7072868347168
DEAL (official pretrained),337,37,0,/Users/kyrillguba/Documents/Data Analytics MSc/Thesis/Python/First Try/data/DIV2K/DIV2K_valid_HR/0838.png,div2k/0838.png/sigma_0.200,div2k,0838.png,20037,a419adae2a9bbcb7b328e0e98815224877487f12f01cec7bd572e3a61b346f36,587bae3edda2f80303be812c13c6569d43885f47ff9d26b37a0d45fc50bd26d2,0.20000000298023224,0.03208796679973602,14.936578750610352,0.2794688940048218,0.0018000988056883216,27.447036743164062,0.8604710102081299,62,1,592,0.0,52.318904876708984,0.6531491279602051,0.2084788829088211,0.05273810401558876,0.9971771240234375,0.20182499289512634,0.6345711946487427,0.9947140216827393,31.603866577148438,11.597206115722656,1.258462905883789,52.07612609863281,7.6574578285217285,30.403900146484375,51.87178421020508
DEAL (official pretrained),338,38,0,/Users/kyrillguba/Documents/Data Analytics MSc/Thesis/Python/First Try/data/DIV2K/DIV2K_valid_HR/0839.png,div2k/0839.png/sigma_0.200,div2k,0839.png,20038,9ed3b7789f4dcc0b1bfd3a6e2391350b33a63a89353a3bd50f5bde4b89d2f647,968d78d40170e0686e6ef1ea793d9732eeb173b8a85698fff727674ae132b9b1,0.20000000298023224,0.02869834005832672,15.421432495117188,0.26258623600006104,0.0053193653002381325,22.74140167236328,0.4660729765892029,59,1,614,0.0,52.318904876708984,0.6905182600021362,0.2541084885597229,0.08104865252971649,0.9973360896110535,0.18737907707691193,0.6681175827980042,0.9959992170333862,33.9600944519043,14.463497161865234,2.537767171859741,52.087684631347656,7.353391647338867,32.0822639465332,51.975223541259766
DEAL (official pretrained),339,39,0,/Users/kyrillguba/Documents/Data Analytics MSc/Thesis/Python/First Try/data/DIV2K/DIV2K_valid_HR/0840.png,div2k/0840.png/sigma_0.200,div2k,0840.png,20039,df4e88246e2af519b1c29adccc7944ac0f8568e6a1ef7d65c39dc4fcd2a3dd5b,99a007adbf3760346ab2284f3a0f35a861cfe4c0dc807c3d1fa117e4be816d5e,0.20000000298023224,0.032062966376543045,14.939964294433594,0.435896635055542,0.005491539835929871,22.603057861328125,0.7097119688987732,92,1,818,0.0,52.318904876708984,0.4873957931995392,0.14983831346035004,0.0557263046503067,0.9963301420211792,0.19433744251728058,0.47250425815582275,0.9345582723617554,22.337684631347656,8.045774459838867,0.8598587512969971,52.0088996887207,7.260025501251221,21.50375747680664,46.989139556884766
DEAL (official pretrained),340,40,0,/Users/kyrillguba/Documents/Data Analytics MSc/Thesis/Python/First Try/data/DIV2K/DIV2K_valid_HR/0841.png,div2k/0841.png/sigma_0.200,div2k,0841.png,20040,b85a5c827a7d17dab432c8f79abc120715b867e00f3bcbe182f90d6c23ecff6f,21fdfd07fb50a0d9479158a17cfd820306fa779e4323e5c38ad567fb22a36e2b,0.20000000298023224,0.03081497922539711,15.112381935119629,0.2929683327674866,0.003968425095081329,24.01382064819336,0.7209979891777039,64,1,704,0.0,52.318904876708984,0.6340140104293823,0.25397050380706787,0.07702115923166275,0.9973466396331787,0.19290179014205933,0.6462755799293518,0.9950824975967407,30.499422073364258,14.205028533935547,1.505218267440796,52.081787109375,7.006219863891602,30.780881881713867,51.901161193847656
DEAL (official pretrained),341,41,0,/Users/kyrillguba/Documents/Data Analytics MSc/Thesis/Python/First Try/data/DIV2K/DIV2K_valid_HR/0842.png,div2k/0842.png/sigma_0.200,div2k,0842.png,20041,e0fe2755785538efb2ac1c7a4fc4e854d8206a8f09b68ac1931f0544c3e7cc53,0cbfa03f7090e0f045959a2fbf7f0a91aded078b48203c20beb02ef545409f00,0.20000000298023224,0.03044864535331726,15.16431999206543,0.37689751386642456,0.0036490242928266525,24.378232955932617,0.7824289202690125,61,1,622,0.0,52.318904876708984,0.6054437160491943,0.24426016211509705,0.05334404855966568,0.9974342584609985,0.1610051542520523,0.6048609018325806,0.9929940104484558,28.928627014160156,13.385558128356934,0.9754956364631653,52.094512939453125,5.676564693450928,28.497177124023438,51.70163345336914
DEAL (official pretrained),342,42,0,/Users/kyrillguba/Documents/Data Analytics MSc/Thesis/Python/First Try/data/DIV2K/DIV2K_valid_HR/0843.png,div2k/0843.png/sigma_0.200,div2k,0843.png,20042,8d4db85adca20e5911d117b4bb54fdfb3f22b2a02cceb14242bb7540955f6140,d7c10404dba9aee82e150b5302fd33161f6f190788b8a1f3401e6015580df91c,0.20000000298023224,0.02367633953690529,16.256855010986328,0.15662552416324615,0.0030308717396110296,25.184324264526367,0.8341242671012878,36,1,415,0.0,52.318904876708984,0.858293890953064,0.2495187520980835,0.06598015874624252,0.9972989559173584,0.1737249791622162,0.9931703805923462,0.9964077472686768,43.90032958984375,14.174260139465332,1.2675285339355469,52.08513259887695,6.429843902587891,51.72034454345703,52.018978118896484
DEAL (official pretrained),343,43,0,/Users/kyrillguba/Documents/Data Analytics MSc/Thesis/Python/First Try/data/DIV2K/DIV2K_valid_HR/0844.png,div2k/0844.png/sigma_0.200,div2k,0844.png,20043,15c2150d7c67049e1e35243bac1a1a68c6f0e57215592b78ed9b74e130ed1370,75bbb54a87ece3a1849fb5bbd948facf882cf686638be3b9134f12b282e56520,0.20000000298023224,0.027811024338006973,15.557830810546875,0.2032458484172821,0.0020958157256245613,26.786470413208008,0.7993168234825134,54,2,485,8.672454896441195e-06,52.318904876708984,0.8377095460891724,0.23113998770713806,0.03208203986287117,0.9975036382675171,0.13430581986904144,0.9584203362464905,0.9959918260574341,42.30695724487305,13.053277969360352,0.40200018882751465,52.09942626953125,4.553886413574219,48.8228759765625,51.986175537109375
DEAL (official pretrained),344,44,0,/Users/kyrillguba/Documents/Data Analytics MSc/Thesis/Python/First Try/data/DIV2K/DIV2K_valid_HR/0845.png,div2k/0845.png/sigma_0.200,div2k,0845.png,20044,3afec5a048f16903b44498719256567f9874b218bd408f06ae16848d5bfd4779,5ea61d42ae77a7c31d7e9f85b06e8fd923dacc98bd191f7f7c0c157fb001cc20,0.20000000298023224,0.027723966166377068,15.571446418762207,0.3861420154571533,0.004773779772222042,23.211376190185547,0.8212806582450867,63,1,758,0.0,52.318904876708984,0.5899842381477356,0.3147929012775421,0.03701176866889,0.9972485899925232,0.13196778297424316,0.5054846405982971,0.9957625269889832,28.576404571533203,17.509252548217773,0.7130852937698364,52.080665588378906,4.392892360687256,22.78052520751953,51.959754943847656
DEAL (official pretrained),345,45,0,/Users/kyrillguba/Documents/Data Analytics MSc/Thesis/Python/First Try/data/DIV2K/DIV2K_valid_HR/0846.png,div2k/0846.png/sigma_0.200,div2k,0846.png,20045,bfa025022780e8b45b7d8ca41bf0c1aa0ef062e997a3e07e7b0b4766072a0c65,961fa12be8135eff308390381baf8b6e0e3dfdf1f31d38d0781dc83d58d29185,0.20000000298023224,0.028071556240320206,15.517335891723633,0.3812662661075592,0.006915438920259476,21.601802825927734,0.7151732444763184,69,1,776,0.0,52.318904876708984,0.6065809726715088,0.3017290532588959,0.03722178936004639,0.9978157877922058,0.11940644681453705,0.5850340723991394,0.9958903193473816,29.223377227783203,16.921003341674805,0.5287339091300964,52.12126159667969,3.572364568710327,27.227397918701172,51.96550369262695
DEAL (official pretrained),346,46,0,/Users/kyrillguba/Documents/Data Analytics MSc/Thesis/Python/First Try/data/DIV2K/DIV2K_valid_HR/0847.png,div2k/0847.png/sigma_0.200,div2k,0847.png,20046,a03ac31eb9aa42c51d2ec103e996158d3f7890d32752d0e5a0bece66c7f0a096,76a86fbc7941b3a3eddd0c7986eb6019d5097aaeccabfa81d9345d2c8a965ee4,0.20000000298023224,0.03109179437160492,15.073542594909668,0.495915949344635,0.005539915524423122,22.56496810913086,0.8308330178260803,66,1,725,0.0,52.318904876708984,0.46936100721359253,0.246635302901268,0.03266196697950363,0.9972604513168335,0.10987883061170578,0.3989211320877075,0.9945918321609497,21.507080078125,13.410374641418457,0.36269816756248474,52.081668853759766,3.3825151920318604,17.24392318725586,51.84474182128906
DEAL (official pretrained),347,47,0,/Users/kyrillguba/Documents/Data Analytics MSc/Thesis/Python/First Try/data/DIV2K/DIV2K_valid_HR/0848.png,div2k/0848.png/sigma_0.200,div2k,0848.png,20047,226e619ed1295a7c7b4eb9d622c6124c81ba03e21362bb8eee67e67dced25224,9d4c38d4e7cb58e280431d271057c6d194b96f1bfad38c9ce97696f8ea6a5048,0.20000000298023224,0.03203219920396805,14.944132804870605,0.46826601028442383,0.004301667213439941,23.663631439208984,0.8253538608551025,55,1,623,0.0,52.318904876708984,0.45247501134872437,0.1990547478199005,0.03839048370718956,0.9970502853393555,0.11220851540565491,0.4255577027797699,0.9910615086555481,20.557828903198242,10.61600399017334,0.7320413589477539,52.068519592285156,3.6267099380493164,18.786739349365234,51.51127243041992
DEAL (official pretrained),348,48,0,/Users/kyrillguba/Documents/Data Analytics MSc/Thesis/Python/First Try/data/DIV2K/DIV2K_valid_HR/0849.png,div2k/0849.png/sigma_0.200,div2k,0849.png,20048,2c70dd5654b23e4a9ab11865c6c70e3077823c4972ad389deddc84dd9edc36b8,99c8670cef1d5f65cb8a3ee07f90eb29424df53dbdb436b4082f844b2e3f9a61,0.20000000298023224,0.03218600153923035,14.923330307006836,0.6330320239067078,0.010203856974840164,19.912357330322266,0.7743986248970032,55,1,676,0.0,52.318904876708984,0.3057090640068054,0.13191142678260803,0.040306732058525085,0.9421231746673584,0.10231513530015945,0.2781892716884613,0.7237060070037842,12.649543762207031,6.698910713195801,0.5105841755867004,47.78776550292969,2.917900562286377,11.131013870239258,34.611358642578125
DEAL (official pretrained),349,49,0,/Users/kyrillguba/Documents/Data Analytics MSc/Thesis/Python/First Try/data/DIV2K/DIV2K_valid_HR/0850.png,div2k/0850.png/sigma_0.200,div2k,0850.png,20049,b0e8b344c318dfae08640e56c0b52ec6df0909ea2a5c7128b8b44308511dabe7,eb29dc9639070da2e13f07ae930eb28bdf69a115f7d0c1f61e0de0c5511d51d3,0.20000000298023224,0.03440733626484871,14.633489608764648,0.35771888494491577,0.0037267524749040604,24.286693572998047,0.7598164081573486,80,1,720,0.0,52.318904876708984,0.5493814945220947,0.2024007886648178,0.07309019565582275,0.9971193075180054,0.1871485561132431,0.5306276082992554,0.992773711681366,25.718786239624023,11.005772590637207,1.788675308227539,52.07305145263672,7.038965702056885,24.4564266204834,51.6786994934082
DEAL (official pretrained),350,50,0,/Users/kyrillguba/Documents/Data Analytics MSc/Thesis/Python/First Try/data/DIV2K/DIV2K_valid_HR/0851.png,div2k/0851.png/sigma_0.200,div2k,0851.png,20050,6cd623610d71351bd69a4193263bc448cd15272dcfd17f66224ecc57d176c5d0,e083e050185c763e865cae2ce76a1dbeb5d749d4376a879850b5b4a1282b15ca,0.20000000298023224,0.03136583790183067,15.035430908203125,0.27899524569511414,0.003634915454313159,24.395057678222656,0.8496055603027344,48,1,614,0.0,52.318904876708984,0.6578978300094604,0.2890288829803467,0.04313201084733009,0.9969915747642517,0.14272423088550568,0.6890179514884949,0.9954628944396973,31.99626922607422,16.081214904785156,0.7416396141052246,52.06266403198242,4.6219706535339355,33.053802490234375,51.9402961730957
DEAL (official pretrained),351,51,0,/Users/kyrillguba/Documents/Data Analytics MSc/Thesis/Python/First Try/data/DIV2K/DIV2K_valid_HR/0852.png,div2k/0852.png/sigma_0.200,div2k,0852.png,20051,73b3c50a05a0fcb1a26fb8f3d88ebc57fe34409f6e6d0d125e46c18d90cca3a1,dbef7cf6c1c3c9f68c358d22f817b763ffaeaf9f323de2facd65346774f66e1b,0.20000000298023224,0.02235514111816883,16.5062255859375,0.13488495349884033,0.005347185302525759,22.71875,0.36014795303344727,42,1,457,0.0,52.318904876708984,0.8728705644607544,0.16273260116577148,0.19426730275154114,0.9973883628845215,0.39042606949806213,0.9695878028869629,0.9960007071495056,44.260765075683594,9.57670783996582,6.711176872253418,52.09130096435547,17.030210494995117,49.72441101074219,51.98012924194336
DEAL (official pretrained),352,52,0,/Users/kyrillguba/Documents/Data Analytics MSc/Thesis/Python/First Try/data/DIV2K/DIV2K_valid_HR/0853.png,div2k/0853.png/sigma_0.200,div2k,0853.png,20052,e9eb55fc2bc1bcfd2fad63122c380357a672f2b9f14b61a7547da796324e10c2,f1f7573eeabe411fcccd1724bc76d6ed111cd22aebac64343867acd9d2d71947,0.20000000298023224,0.029230015352368355,15.341710090637207,0.21405184268951416,0.0030719744972884655,25.125825881958008,0.7798382639884949,65,1,644,0.0,52.318904876708984,0.7311715483665466,0.2617381811141968,0.05008663609623909,0.9971650242805481,0.1695164144039154,0.8125399351119995,0.9960327744483948,36.186561584472656,14.8848237991333,0.7115493416786194,52.076080322265625,5.978758811950684,39.908973693847656,51.986331939697266
DEAL (official pretrained),353,53,0,/Users/kyrillguba/Documents/Data Analytics MSc/Thesis/Python/First Try/data/DIV2K/DIV2K_valid_HR/0854.png,div2k/0854.png/sigma_0.200,div2k,0854.png,20053,dbefb08aac7a5ad65da8e59ab21cbb0e921c9ad6da4d670be4cb2a982a3e2ffe,40e3bca8f53daf0c2825c0357fbf90f88382f66edc93cefcd8c4918184aa3351,0.20000000298023224,0.03468653932213783,14.598390579223633,0.39136505126953125,0.004615269601345062,23.358030319213867,0.7688835859298706,69,1,776,0.0,52.318904876708984,0.5424314141273499,0.2557774484157562,0.05446877330541611,0.9949066638946533,0.1561574637889862,0.46165210008621216,0.9759692549705505,25.32036590576172,14.040324211120605,1.1597732305526733,51.88438034057617,5.264435768127441,20.508941650390625,50.28847885131836
DEAL (official pretrained),354,54,0,/Users/kyrillguba/Documents/Data Analytics MSc/Thesis/Python/First Try/data/DIV2K/DIV2K_valid_HR/0855.png,div2k/0855.png/sigma_0.200,div2k,0855.png,20054,9e2b3caa326eef35864ca6323728491aaf77f5232b3a1b7435275b7a4b5bc314,75e4815e9dedf2e534b319670a157d0445f1e187a35107ab521c1df61d25d55d,0.20000000298023224,0.0341930091381073,14.660626411437988,0.2914919853210449,0.0029381364583969116,25.31928062438965,0.7528171539306641,154,1,1076,0.0,52.318904876708984,0.6451195478439331,0.2109229862689972,0.09983507543802261,0.9962295293807983,0.22145295143127441,0.6502202749252319,0.9922571778297424,30.98533058166504,11.691947937011719,2.701909303665161,52.00731658935547,8.474279403686523,31.07815170288086,51.638465881347656
DEAL (official pretrained),355,55,0,/Users/kyrillguba/Documents/Data Analytics MSc/Thesis/Python/First Try/data/DIV2K/DIV2K_valid_HR/0856.png,div2k/0856.png/sigma_0.200,div2k,0856.png,20055,66cf31de43a337537e663db0aecf5dd0004e87a0fbe2bd2cdc7ed9a8b4a93ece,9aa62b036ebea62b20e6ab6828c145c58b19e8e108f32193b6835f7b2a26bca9,0.20000000298023224,0.029928404837846756,15.239164352416992,0.21116143465042114,0.0035129727330058813,24.543254852294922,0.5217804908752441,104,1,808,0.0,52.318904876708984,0.7969248294830322,0.18680498003959656,0.14890184998512268,0.9968171715736389,0.3746251165866852,0.8601973056793213,0.9949960112571716,39.530189514160156,10.793183326721191,4.345703125,52.05370330810547,15.833029747009277,42.310157775878906,51.89747619628906
DEAL (official pretrained),356,56,0,/Users/kyrillguba/Documents/Data Analytics MSc/Thesis/Python/First Try/data/DIV2K/DIV2K_valid_HR/0857.png,div2k/0857.png/sigma_0.200,div2k,0857.png,20056,ab895c24c3f27bd01daebb297e1995e3f7eaba3372e5cc7e32fb98edb3dfd93b,b1b98831a55014fea5636125d62e705b87f1fa42041221c701cae52f571bf74a,0.20000000298023224,0.03706633299589157,14.310203552246094,0.24246278405189514,0.001189962960779667,29.244667053222656,0.8728475570678711,74,1,586,0.0,52.318904876708984,0.6470213532447815,0.16477113962173462,0.11091923713684082,0.9872524738311768,0.22267872095108032,0.672756016254425,0.9235773682594299,30.955284118652344,8.920368194580078,2.3191356658935547,51.229454040527344,8.655467987060547,32.38938903808594,46.40690612792969
DEAL (official pretrained),357,57,0,/Users/kyrillguba/Documents/Data Analytics MSc/Thesis/Python/First Try/data/DIV2K/DIV2K_valid_HR/0858.png,div2k/0858.png/sigma_0.200,div2k,0858.png,20057,69c3c9a846793f1dd2cda90db3fba707412671412126cd1eaad1496e784f7c0e,ecfc124fe16811a34a7651f0649e3c785fde21cea7732b01ba6b00f41d5955d7,0.20000000298023224,0.027245834469795227,15.647000312805176,0.29077792167663574,0.005925066769123077,22.273067474365234,0.4947032332420349,79,1,826,0.0,52.318904876708984,0.7053115367889404,0.24805450439453125,0.05792439728975296,0.9973435997962952,0.1769440919160843,0.7188409566879272,0.9954097867012024,34.59294128417969,14.046029090881348,0.9220293164253235,52.08612060546875,6.430181503295898,34.69869613647461,51.92850112915039
DEAL (official pretrained),358,58,0,/Users/kyrillguba/Documents/Data Analytics MSc/Thesis/Python/First Try/data/DIV2K/DIV2K_valid_HR/0859.png,div2k/0859.png/sigma_0.200,div2k,0859.png,20058,0783919bca182fbd4ec27a809e6b7e6c58e89fddb3d3ef3d1bd5c807651c9a53,152bac79735eb68447682716b90fc80c192f333fa2a84b0c1c88254819ffd5ca,0.20000000298023224,0.03435829281806946,14.639683723449707,0.39858973026275635,0.00486735999584198,23.127063751220703,0.692395031452179,97,2,881,9.98413179331692e-06,52.318904876708984,0.513390839099884,0.20823945105075836,0.06651338934898376,0.995442271232605,0.1608491986989975,0.46780091524124146,0.980554461479187,23.64519500732422,11.310257911682129,1.4543697834014893,51.931861877441406,5.504429817199707,20.926816940307617,50.58652114868164
DEAL (official pretrained),359,59,0,/Users/kyrillguba/Documents/Data Analytics MSc/Thesis/Python/First Try/data/DIV2K/DIV2K_valid_HR/0860.png,div2k/0860.png/sigma_0.200,div2k,0860.png,20059,6323c40a5d11f381b901e87cf8f54d9578bc32be44b9350ac5386eb44224de4a,d4f91ab6cc8f374fb4c6bac90b2c7ba29162c274abe67d719a3c51235caa6afb,0.20000000298023224,0.03291696682572365,14.82580280303955,0.4782189428806305,0.007249069400131702,21.397178649902344,0.6662795543670654,95,1,846,0.0,52.318904876708984,0.434581458568573,0.15436188876628876,0.0496712327003479,0.9817931056022644,0.16123318672180176,0.41255706548690796,0.9250820279121399,19.39105987548828,8.228689193725586,0.8362084031105042,50.66573715209961,5.540613174438477,18.084957122802734,46.64754867553711
DEAL (official pretrained),360,60,0,/Users/kyrillguba/Documents/Data Analytics MSc/Thesis/Python/First Try/data/DIV2K/DIV2K_valid_HR/0861.png,div2k/0861.png/sigma_0.200,div2k,0861.png,20060,c3df240f2bf2bcdcdc9060b4ba3b0dd6324594f485ce3ee2d407f0b5364d72d7,e3aa7d2ec813a35e69e1f22752b688505dacc8af4321861a2fa8f2dfe79ee127,0.20000000298023224,0.026164734736084938,15.822837829589844,0.37308695912361145,0.007117666769772768,21.47662353515625,0.5777971148490906,78,1,835,0.0,52.318904876708984,0.6348710656166077,0.3018750250339508,0.04172958433628082,0.9972437620162964,0.1480732411146164,0.6043711304664612,0.9957844614982605,30.827796936035156,17.027795791625977,0.6002902984619141,52.07552719116211,4.749345302581787,28.15353775024414,51.960811614990234
DEAL (official pretrained),361,61,0,/Users/kyrillguba/Documents/Data Analytics MSc/Thesis/Python/First Try/data/DIV2K/DIV2K_valid_HR/0862.png,div2k/0862.png/sigma_0.200,div2k,0862.png,20061,b28039f4ed1566ad4bef028589288dfa1cf33c4b676694010eb5d0d9f228ef50,4820261adc58f9a6bea33c5479ff019705b3da7499d34b6542d9ba13b9b5f99c,0.20000000298023224,0.03686685115098953,14.333640098571777,0.17305605113506317,0.001037771231494844,29.8389835357666,0.8340080976486206,73,1,622,0.0,52.318904876708984,0.787351667881012,0.17395758628845215,0.12249799072742462,0.9967306852340698,0.32126539945602417,0.8328902721405029,0.9916167855262756,38.89604187011719,9.814651489257812,3.455423593521118,52.047264099121094,13.392972946166992,40.953216552734375,51.58559799194336
DEAL (official pretrained),362,62,0,/Users/kyrillguba/Documents/Data Analytics MSc/Thesis/Python/First Try/data/DIV2K/DIV2K_valid_HR/0863.png,div2k/0863.png/sigma_0.200,div2k,0863.png,20062,69a9aeec52e386294dc8c778c0d11c7f842f0960ca488aa898c25c50220c823a,d780733bdf706552225d6106d455668cbfbe8d92034d18f631d56834b15227e7,0.20000000298023224,0.03160873055458069,15.001930236816406,0.3139244318008423,0.003352479077875614,24.746339797973633,0.8162767291069031,54,1,614,0.0,52.318904876708984,0.6259195804595947,0.25337013602256775,0.06004975363612175,0.9971655607223511,0.20371101796627045,0.5469051599502563,0.9953019022941589,30.287731170654297,14.281835556030273,1.2397290468215942,52.076114654541016,7.881388187408447,25.447254180908203,51.9223518371582
DEAL (official pretrained),363,63,0,/Users/kyrillguba/Documents/Data Analytics MSc/Thesis/Python/First Try/data/DIV2K/DIV2K_valid_HR/0864.png,div2k/0864.png/sigma_0.200,div2k,0864.png,20063,fb786dffb18452c590dd1e18bebeea18d1c1bec24fd9d36d75ba35ad6c8a81d3,7091c6bf8715f2aa50554dd09088bda7b30f1bc28f9fc3664aa30eb204067fe8,0.20000000298023224,0.03352510184049606,14.746299743652344,0.33066898584365845,0.0033332454040646553,24.77132797241211,0.7342990636825562,79,1,699,0.0,52.318904876708984,0.5778576135635376,0.15083453059196472,0.06517215073108673,0.9941823482513428,0.2531609535217285,0.5674900412559509,0.9585923552513123,27.14906883239746,8.231741905212402,1.2518310546875,51.82237243652344,9.940317153930664,26.53327178955078,48.752784729003906
DEAL (official pretrained),364,64,0,/Users/kyrillguba/Documents/Data Analytics MSc/Thesis/Python/First Try/data/DIV2K/DIV2K_valid_HR/0865.png,div2k/0865.png/sigma_0.200,div2k,0865.png,20064,f92af3991be3de305c0efcfbe87ac07586eb280db7c47c56bbf8452a9b10010c,90d1393c3ddd7e8ffcba157a5a01da7164b0df76e78c26361f7aecad53d92456,0.20000000298023224,0.03601345419883728,14.43535327911377,0.3257502317428589,0.003172004595398903,24.986663818359375,0.7647994756698608,63,1,631,0.0,52.318904876708984,0.5719468593597412,0.20242491364479065,0.09401719272136688,0.9957194924354553,0.21339641511440277,0.5415141582489014,0.9863450527191162,26.85793113708496,11.0399169921875,2.399838447570801,51.9805908203125,7.916322708129883,25.144676208496094,51.11166763305664
DEAL (official pretrained),365,65,0,/Users/kyrillguba/Documents/Data Analytics MSc/Thesis/Python/First Try/data/DIV2K/DIV2K_valid_HR/0866.png,div2k/0866.png/sigma_0.200,div2k,0866.png,20065,64fe1cb87ea16bd47a4af52b635bd686b87a3bb0bb006aa875e7090e7f4f1b09,2954fcac34dc5bd3a33b7df711f1be5ceae9d1821524cbd414e6dfb3156fc9ce,0.20000000298023224,0.035266436636447906,14.526385307312012,0.4578568935394287,0.0051804701797664165,22.85630989074707,0.7735891342163086,104,1,872,0.0,52.318904876708984,0.44956761598587036,0.17787596583366394,0.09516924619674683,0.9948217868804932,0.19356116652488708,0.4033834934234619,0.961637020111084,20.28350067138672,9.63050365447998,2.385533332824707,51.89308166503906,7.2065277099609375,17.655330657958984,49.12171173095703
DEAL (official pretrained),366,66,0,/Users/kyrillguba/Documents/Data Analytics MSc/Thesis/Python/First Try/data/DIV2K/DIV2K_valid_HR/0867.png,div2k/0867.png/sigma_0.200,div2k,0867.png,20066,a1b0a4eea55a3cc398df9e911e7db0ecbec9938d8ca0f96d3252df65b6daed62,5964f2890f1408ba86d314e1c9c42f670a8edece377d58e3d3958934d38b8893,0.20000000298023224,0.034480925649404526,14.624210357666016,0.47348377108573914,0.003914565313607454,24.073163986206055,0.8406246900558472,75,1,714,0.0,52.318904876708984,0.4248592257499695,0.14977245032787323,0.05984954535961151,0.9789892435073853,0.17139661312103271,0.3986758589744568,0.8726270794868469,18.80466651916504,7.957088470458984,1.3249000310897827,50.552978515625,5.919064521789551,17.258499145507812,43.345184326171875
DEAL (official pretrained),367,67,0,/Users/kyrillguba/Documents/Data Analytics MSc/Thesis/Python/First Try/data/DIV2K/DIV2K_valid_HR/0868.png,div2k/0868.png/sigma_0.200,div2k,0868.png,20067,a5806164ffd45d6b14c4f40b199c062ca7d2855351fd99291a948b57f15212f1,465c26b1cbdfae3ecb59dd6e0d09f74792f22c393fbb749303a03ec426ebbf03,0.20000000298023224,0.026768792420625687,15.723712921142578,0.2254057675600052,0.002319139428436756,26.34673309326172,0.9391053318977356,61,2,656,9.781538210518192e-06,52.318904876708984,0.8261553049087524,0.2754513919353485,0.060970064252614975,0.9976629614830017,0.16594907641410828,0.9915033578872681,0.9963077902793884,41.988529205322266,15.631734848022461,0.9703450202941895,52.10685729980469,5.749695301055908,51.57222366333008,52.01475143432617
DEAL (official pretrained),368,68,0,/Users/kyrillguba/Documents/Data Analytics MSc/Thesis/Python/First Try/data/DIV2K/DIV2K_valid_HR/0869.png,div2k/0869.png/sigma_0.200,div2k,0869.png,20068,bc61ffc14754a4c0e306111ec7946ec828ebc05b363e7717d8c2f300d7750e5c,36f206402b78ad5ab0880a6b592711e7c885becdc90eef7fe621d4ab62b398ec,0.20000000298023224,0.03406920284032822,14.676380157470703,0.34946340322494507,0.003487582318484783,24.574756622314453,0.8033066987991333,62,1,667,0.0,52.318904876708984,0.606752872467041,0.24095739424228668,0.08888251334428787,0.9971349835395813,0.22877982258796692,0.5356844663619995,0.9944072365760803,29.022010803222656,13.327710151672363,2.4340085983276367,52.0740852355957,8.935245513916016,24.92679214477539,51.84190368652344
DEAL (official pretrained),369,69,0,/Users/kyrillguba/Documents/Data Analytics MSc/Thesis/Python/First Try/data/DIV2K/DIV2K_valid_HR/0870.png,div2k/0870.png/sigma_0.200,div2k,0870.png,20069,23fb86d88c32c580e802edb1ef9cd9aecf3ca74c79ecdde14ada63f7050ad410,219e0a4de36ff22468460598ca62afa4d15793b89619335984211ee3820ae7ef,0.20000000298023224,0.035971950739622116,14.440360069274902,0.44418126344680786,0.006249784491956234,22.041349411010742,0.6976727247238159,90,1,815,0.0,52.318904876708984,0.4059288501739502,0.10847368091344833,0.058164745569229126,0.9410640001296997,0.19049769639968872,0.3958776593208313,0.7688730359077454,17.796180725097656,5.70994234085083,1.1159157752990723,47.3806037902832,6.934765815734863,17.224742889404297,37.187904357910156
DEAL (official pretrained),370,70,0,/Users/kyrillguba/Documents/Data Analytics MSc/Thesis/Python/First Try/data/DIV2K/DIV2K_valid_HR/0871.png,div2k/0871.png/sigma_0.200,div2k,0871.png,20070,755675f2824bd9535075c3a3649ecad82608dffc5b28d5b6777c999ce5ac8feb,a79bf595f2c35f73db39ff8464a46ed80dec925a442f059004d20a97e85a0c8e,0.20000000298023224,0.03537418693304062,14.51313591003418,0.41837066411972046,0.0039507001638412476,24.033260345458984,0.8077749013900757,56,1,620,0.0,52.318904876708984,0.4700058102607727,0.16458161175251007,0.09708203375339508,0.9962694644927979,0.1848587989807129,0.4367360770702362,0.917347252368927,21.395456314086914,8.806163787841797,2.622600555419922,52.018524169921875,6.846593856811523,19.484691619873047,46.20167541503906
DEAL (official pretrained),371,71,0,/Users/kyrillguba/Documents/Data Analytics MSc/Thesis/Python/First Try/data/DIV2K/DIV2K_valid_HR/0872.png,div2k/0872.png/sigma_0.200,div2k,0872.png,20071,a3051017ca8c7da3a6c7830c9bb928ecf2b81dc2add6c092a6aecfa321376f6b,88e68177068cbd31ad772278e816e19225d0663ce834533f13771150b6b57cf5,0.20000000298023224,0.03403836861252785,14.680313110351562,0.5207550525665283,0.005429938435554504,22.65205192565918,0.808110237121582,82,1,770,0.0,52.318904876708984,0.42625731229782104,0.19238653779029846,0.05604572966694832,0.9941859245300293,0.1416189819574356,0.3770844042301178,0.9388173222541809,19.14987564086914,10.247318267822266,1.1884709596633911,51.84013748168945,4.817264080047607,16.380661010742188,47.50490188598633
DEAL (official pretrained),372,72,0,/Users/kyrillguba/Documents/Data Analytics MSc/Thesis/Python/First Try/data/DIV2K/DIV2K_valid_HR/0873.png,div2k/0873.png/sigma_0.200,div2k,0873.png,20072,98eca5a763607b677cf4da90c4112b7bd27d325edaf99023f29c46b2af95740e,7df1704bbe1322c04c0d2b26bd0241e4897670f342768c095d593e3c06d37bf4,0.20000000298023224,0.03487865626811981,14.574402809143066,0.3522554934024811,0.004927138797938824,23.074052810668945,0.7106873989105225,74,1,778,0.0,52.318904876708984,0.5423809289932251,0.20732155442237854,0.08598746359348297,0.9966050386428833,0.20070943236351013,0.49260401725769043,0.9829452037811279,25.22182273864746,11.41494083404541,2.1511549949645996,52.02293395996094,7.226946830749512,22.390304565429688,50.83348846435547
DEAL (official pretrained),373,73,0,/Users/kyrillguba/Documents/Data Analytics MSc/Thesis/Python/First Try/data/DIV2K/DIV2K_valid_HR/0874.png,div2k/0874.png/sigma_0.200,div2k,0874.png,20073,c1b141701b55a15db0c8d9d38d28131d0c6935abc941c0cf5a1b8e17483ce6db,35c4abcf48cf7524a711d976d8e03b77f49dc1e4c68c058a0528cabd24b2cacd,0.20000000298023224,0.035851430147886276,14.454936027526855,0.2942853569984436,0.002940755570307374,25.315410614013672,0.7334579229354858,91,1,825,0.0,52.318904876708984,0.6206373572349548,0.2010156214237213,0.05838629975914955,0.9972820281982422,0.2102271020412445,0.604288637638092,0.9949443936347961,29.492624282836914,11.154670715332031,1.0256978273391724,52.077423095703125,8.04399585723877,28.36688995361328,51.87860870361328
DEAL (official pretrained),374,74,0,/Users/kyrillguba/Documents/Data Analytics MSc/Thesis/Python/First Try/data/DIV2K/DIV2K_valid_HR/0875.png,div2k/0875.png/sigma_0.200,div2k,0875.png,20074,9efdc0057bb6e53db148019bb4a13192254fce5f31a016a4924e85fc6ee62a16,9877db0a1376db91dbf497f2477bde886751f7dea26f5ac13b9032971be347e6,0.20000000298023224,0.033506277948617935,14.748739242553711,0.543152928352356,0.006236565299332142,22.05054473876953,0.8021615147590637,68,1,705,0.0,52.318904876708984,0.3913406729698181,0.12314587086439133,0.05349355936050415,0.9705184698104858,0.16144472360610962,0.3743355870246887,0.7812535166740417,17.030954360961914,6.485472679138184,0.918361246585846,50.02334213256836,5.474296569824219,16.03054428100586,38.01542663574219
DEAL (official pretrained),375,75,0,/Users/kyrillguba/Documents/Data Analytics MSc/Thesis/Python/First Try/data/DIV2K/DIV2K_valid_HR/0876.png,div2k/0876.png/sigma_0.200,div2k,0876.png,20075,84df379a2b4a7b995296e31b3954bfb9a7731d5e2d0b8650405a416a53e11125,65c02e218168eb9c271e94d5d0dd57a6b0be70fe214cd357fb1ff42a1844853f,0.20000000298023224,0.028178391978144646,15.500837326049805,0.33955687284469604,0.005685288459062576,22.452472686767578,0.5566447973251343,100,1,921,0.0,52.318904876708984,0.617343544960022,0.2042091339826584,0.09421999752521515,0.9968529939651489,0.19962604343891144,0.6156209111213684,0.9935457110404968,29.436250686645508,11.195259094238281,2.090460777282715,52.055931091308594,7.970658302307129,29.070655822753906,51.7529182434082
DEAL (official pretrained),376,76,0,/Users/kyrillguba/Documents/Data Analytics MSc/Thesis/Python/First Try/data/DIV2K/DIV2K_valid_HR/0877.png,div2k/0877.png/sigma_0.200,div2k,0877.png,20076,a7be10c02736c3557926612d053466a395f1f8df83ddeeff7027d05bb769b33a,ea9825c0949f3cd8c6b4d480e6112272c42e2be6f4ac56184829b0b07e52fd9c,0.20000000298023224,0.028335880488157272,15.476632118225098,0.23389972746372223,0.002861680230125785,25.433788299560547,0.653570294380188,99,1,803,0.0,52.318904876708984,0.7510519027709961,0.24120058119297028,0.036848098039627075,0.9973756670951843,0.17045721411705017,0.8105727434158325,0.9953891634941101,37.16841506958008,13.620936393737793,0.471126526594162,52.0847053527832,6.062830924987793,39.5399169921875,51.93283462524414
DEAL (official pretrained),377,77,0,/Users/kyrillguba/Documents/Data Analytics MSc/Thesis/Python/First Try/data/DIV2K/DIV2K_valid_HR/0878.png,div2k/0878.png/sigma_0.200,div2k,0878.png,20077,f1e61ee7f615bf40fc0cc24a3750fc6413019d89281f32d061c3bfb42fdf3082,dca2e358e577b53bd2c62533026388c36d3b10131e48cdffac6527851e5667cd,0.20000000298023224,0.03506205976009369,14.55162525177002,0.431956022977829,0.004371676128357649,23.593521118164062,0.7769539952278137,63,1,693,0.0,52.318904876708984,0.4642587900161743,0.1811622679233551,0.03880535811185837,0.994702935218811,0.15417693555355072,0.42915433645248413,0.9214202761650085,20.979829788208008,9.691265106201172,0.5884503722190857,51.884239196777344,5.283198833465576,18.94729232788086,46.20226287841797
DEAL (official pretrained),378,78,0,/Users/kyrillguba/Documents/Data Analytics MSc/Thesis/Python/First Try/data/DIV2K/DIV2K_valid_HR/0879.png,div2k/0879.png/sigma_0.200,div2k,0879.png,20078,f7a72db70e5d13cc9ce0514ee1b317f98a5b43e5671f68071037416761ac50bb,78780c6a8abb79c1f6560c35bebe1eac0ff11d296dd876d2b0fedc6451025a5d,0.20000000298023224,0.03479751572012901,14.584518432617188,0.32616156339645386,0.002959783188998699,25.28740119934082,0.8924243450164795,59,1,654,0.0,52.318904876708984,0.6534454822540283,0.3128295838832855,0.06202277913689613,0.9969815015792847,0.15075437724590302,0.7359234094619751,0.9943636059761047,31.871225357055664,17.43642234802246,1.305299162864685,52.06308364868164,4.974270820617676,35.2849235534668,51.84568786621094
DEAL (official pretrained),379,79,0,/Users/kyrillguba/Documents/Data Analytics MSc/Thesis/Python/First Try/data/DIV2K/DIV2K_valid_HR/0880.png,div2k/0880.png/sigma_0.200,div2k,0880.png,20079,2464ffab9474f65f91c41e6231fc7c3907d471b36d493192c28dd9a9c9ac3c4c,e603ea3706046d50c09932ba798b1ee339b5ce8ffc1b0ac2e4a0b80507cfaeab,0.20000000298023224,0.037251368165016174,14.288578033447266,0.249284565448761,0.002395026618614793,26.20689582824707,0.8446280360221863,85,1,739,0.0,52.318904876708984,0.6700007915496826,0.25732529163360596,0.10811006277799606,0.9964142441749573,0.2193460613489151,0.721154510974884,0.9926612377166748,32.49742126464844,14.271286010742188,2.948970317840576,52.02980422973633,8.547062873840332,34.79151153564453,51.6844367980957
DEAL (official pretrained),380,80,0,/Users/kyrillguba/Documents/Data Analytics MSc/Thesis/Python/First Try/data/DIV2K/DIV2K_valid_HR/0881.png,div2k/0881.png/sigma_0.200,div2k,0881.png,20080,b4be0560c87adf38d8561ec3fb5a8e3e0e5d0b43501194ff1ff77f1511e89119,7166e21de0ec4a3a0a60c18bb3c6bdbdaedb3781df9daf2f32001a600eb4d00e,0.20000000298023224,0.036281973123550415,14.403091430664062,0.2680695652961731,0.002283660927787423,26.413684844970703,0.7968909740447998,69,1,646,0.0,52.318904876708984,0.6592172980308533,0.22317077219486237,0.037275899201631546,0.9961739778518677,0.18220867216587067,0.6873795986175537,0.99006187915802,31.732868194580078,12.23577880859375,0.46284326910972595,52.0079345703125,6.7411274909973145,33.12728500366211,51.44239044189453
DEAL (official pretrained),381,81,0,/Users/kyrillguba/Documents/Data Analytics MSc/Thesis/Python/First Try/data/DIV2K/DIV2K_valid_HR/0882.png,div2k/0882.png/sigma_0.200,div2k,0882.png,20081,aac379d4eb1f7ffb4575e0fcca3a6836e85643267b9f537632bdfd3422ae2a6d,4a8a91d1eb131143047ce2053b13f35b5261dfa487572d9505294a2307ca301a,0.20000000298023224,0.0341230109333992,14.669527053833008,0.41631826758384705,0.0036683480720967054,24.355295181274414,0.8421696424484253,74,1,692,0.0,52.318904876708984,0.4875014126300812,0.21398308873176575,0.038550034165382385,0.9962714314460754,0.10710164159536362,0.4635581076145172,0.9892611503601074,22.594240188598633,11.460975646972656,0.6016553044319153,51.998355865478516,3.209803819656372,21.176467895507812,51.36397933959961
DEAL (official pretrained),382,82,0,/Users/kyrillguba/Documents/Data Analytics MSc/Thesis/Python/First Try/data/DIV2K/DIV2K_valid_HR/0883.png,div2k/0883.png/sigma_0.200,div2k,0883.png,20082,dc84aa16cb279e020e6bb4a512b74aeb161e2c3b612b40cfe834b4ea44c4dbd4,f968f97cdcb300ed5453d17866c644abc15ea8e64b3eaa6d9476a7d3fb39e361,0.20000000298023224,0.03476158156991005,14.589004516601562,0.45862719416618347,0.004980697296559811,23.027099609375,0.7864137291908264,57,1,625,0.0,52.318904876708984,0.482555627822876,0.18623636662960052,0.0844208151102066,0.9959197044372559,0.1889338344335556,0.4341409504413605,0.9776374101638794,22.091331481933594,10.142592430114746,1.9763095378875732,51.97981262207031,7.059948444366455,19.322368621826172,50.336483001708984
DEAL (official pretrained),383,83,0,/Users/kyrillguba/Documents/Data Analytics MSc/Thesis/Python/First Try/data/DIV2K/DIV2K_valid_HR/0884.png,div2k/0884.png/sigma_0.200,div2k,0884.png,20083,c3e792b1483d91371c9eeedd1d20a4f45de1d748d7f261794ce740fbc3ea3016,b3e68d1de2a920804b91791c0d677aa24728939fd14d310e26800d225ab4be9b,0.20000000298023224,0.03392934054136276,14.694246292114258,0.44503068923950195,0.005050812382251024,22.966386795043945,0.7667924165725708,56,1,638,0.0,52.318904876708984,0.4419111907482147,0.15798944234848022,0.0585751011967659,0.9902839660644531,0.13554413616657257,0.42587026953697205,0.8661407232284546,19.779949188232422,8.372139930725098,0.9528465270996094,51.46286392211914,4.528244972229004,18.70609474182129,42.77769088745117
DEAL (official pretrained),384,84,0,/Users/kyrillguba/Documents/Data Analytics MSc/Thesis/Python/First Try/data/DIV2K/DIV2K_valid_HR/0885.png,div2k/0885.png/sigma_0.200,div2k,0885.png,20084,d1b12f5bdff73a004166bc26bfd68ed924612ba4dfeb5ee46ef886fec9606402,31f004729c830620ca1ba9f6fe596a4b6f250d8744af4ac80a64d06220e699a7,0.20000000298023224,0.0355042964220047,14.4971923828125,0.32031136751174927,0.0032464785035699606,24.885875701904297,0.7257692813873291,97,1,942,0.0,52.318904876708984,0.5465067625045776,0.1950051486492157,0.06693714112043381,0.9965991973876953,0.21572847664356232,0.5027804374694824,0.9901419878005981,25.302326202392578,10.780837059020996,1.1712108850479126,52.03115463256836,7.946461200714111,22.72179412841797,51.44309997558594
DEAL (official pretrained),385,85,0,/Users/kyrillguba/Documents/Data Analytics MSc/Thesis/Python/First Try/data/DIV2K/DIV2K_valid_HR/0886.png,div2k/0886.png/sigma_0.200,div2k,0886.png,20085,8269830c494c50f2ca58c9fe1491092884eabccc73e5d87438dd2282f32843ab,5090a794b23aed4ff2a947070aca2f5086a41b055a575c092c8c2d29c1fbb480,0.20000000298023224,0.03441639617085457,14.632347106933594,0.2730441093444824,0.0022293326910585165,26.518251419067383,0.8331002593040466,71,1,633,0.0,52.318904876708984,0.6364378929138184,0.213226780295372,0.037203751504421234,0.995351254940033,0.15561790764331818,0.6673910021781921,0.9806554317474365,30.500011444091797,11.552353858947754,0.6697683930397034,51.92579650878906,5.499373912811279,32.01741027832031,50.652191162109375
DEAL (official pretrained),386,86,0,/Users/kyrillguba/Documents/Data Analytics MSc/Thesis/Python/First Try/data/DIV2K/DIV2K_valid_HR/0887.png,div2k/0887.png/sigma_0.200,div2k,0887.png,20086,9674e5076ec8c005bce7e3450e6bf09deb82df9952eaff58c7717b3a16e90f3e,cb6dc7d80b36eebb807ed61bfaab5fe993781416d78a74541f85ebfd66f013a2,0.20000000298023224,0.0338304229080677,14.706926345825195,0.31739869713783264,0.003912043292075396,24.075963973999023,0.7360231876373291,68,1,672,0.0,52.318904876708984,0.6449736952781677,0.26676374673843384,0.052033379673957825,0.9960778951644897,0.145447239279747,0.6676144599914551,0.9794920086860657,30.98126220703125,14.623526573181152,0.9338058233261108,52.01152420043945,4.781716823577881,31.83429718017578,50.52357482910156
DEAL (official pretrained),387,87,0,/Users/kyrillguba/Documents/Data Analytics MSc/Thesis/Python/First Try/data/DIV2K/DIV2K_valid_HR/0888.png,div2k/0888.png/sigma_0.200,div2k,0888.png,20087,0b12dfb6e7a24bf393f0f61b8c12a04a0e14c82f6eb77cce3a6d2ed989cadb40,989434f28b0788a40100a8ddf47b22f95f46695a227160402fe452a33a1ef18a,0.20000000298023224,0.03279835730791092,14.841479301452637,0.5270345211029053,0.005452897399663925,22.63372802734375,0.812211275100708,62,1,668,0.0,52.318904876708984,0.408388614654541,0.17635007202625275,0.0452272966504097,0.996101438999176,0.11961553245782852,0.3785555064678192,0.9388298988342285,18.15511703491211,9.306282997131348,0.8248279094696045,51.97601318359375,3.8122735023498535,16.38494873046875,47.39982986450195
DEAL (official pretrained),388,88,0,/Users/kyrillguba/Documents/Data Analytics MSc/Thesis/Python/First Try/data/DIV2K/DIV2K_valid_HR/0889.png,div2k/0889.png/sigma_0.200,div2k,0889.png,20088,65b588cd7d91eb7ab3ad2ee297b48e2bcd71468e6f3fd4cedd22296161fcf0b3,be54b7f435b3b199ad7e6c9cc6b6a0fecaadffa375c554b9a64cff2706771179,0.20000000298023224,0.033237118273973465,14.78376579284668,0.555973470211029,0.007380848750472069,21.318939208984375,0.7659718990325928,59,1,659,0.0,52.318904876708984,0.38820934295654297,0.15406166017055511,0.038674719631671906,0.9742829203605652,0.1555633544921875,0.3489542603492737,0.8730354905128479,17.0252685546875,8.133408546447754,0.4542895257472992,50.18550109863281,5.223206520080566,14.882497787475586,43.137001037597656
DEAL (official pretrained),389,89,0,/Users/kyrillguba/Documents/Data Analytics MSc/Thesis/Python/First Try/data/DIV2K/DIV2K_valid_HR/0890.png,div2k/0890.png/sigma_0.200,div2k,0890.png,20089,641726511e5ab55ecb5dccce15a53a64473d43e0a2be22d51e522b22644d2891,fd5743f5954bbc815efe4ebf196325a88b1e7dd8a4b25e5e387781090eb033d4,0.20000000298023224,0.037814974784851074,14.22336196899414,0.2335721105337143,0.0022768054623156786,26.426742553710938,0.8169847130775452,69,1,662,0.0,52.318904876708984,0.6918151378631592,0.2387562394142151,0.08029434084892273,0.9964709281921387,0.2683783769607544,0.6535762548446655,0.9909981489181519,33.688594818115234,13.485939025878906,1.87839937210083,52.0292854309082,10.580293655395508,31.076541900634766,51.52967071533203
DEAL (official pretrained),390,90,0,/Users/kyrillguba/Documents/Data Analytics MSc/Thesis/Python/First Try/data/DIV2K/DIV2K_valid_HR/0891.png,div2k/0891.png/sigma_0.200,div2k,0891.png,20090,df25cc2cba32c4a350c4749f690c8d6acb73d96d359ca40b6fee4071dbf564d0,3da8a8b352a17c343a23cea35666e8373cf8d98256eb66e4d032cd01077be443,0.20000000298023224,0.03475739434361458,14.589529037475586,0.5113816857337952,0.004865514114499092,23.12871551513672,0.8317897319793701,67,1,742,0.0,52.318904876708984,0.3916083574295044,0.15226717293262482,0.04185492917895317,0.9972707629203796,0.15383119881153107,0.3610670566558838,0.9016308188438416,17.15005874633789,8.043989181518555,0.6309706568717957,52.07999801635742,5.082361221313477,15.439437866210938,44.74014663696289
DEAL (official pretrained),391,91,0,/Users/kyrillguba/Documents/Data Analytics MSc/Thesis/Python/First Try/data/DIV2K/DIV2K_valid_HR/0892.png,div2k/0892.png/sigma_0.200,div2k,0892.png,20091,cf51693d41de71e034484154f59145fbffeb5a48fb250085472f21ef15bc44ee,c9de2d7ce3d4c96763d50b0da313f0a35a996901edf7b82e802884bc9754c897,0.20000000298023224,0.033709567040205,14.722469329833984,0.4961593449115753,0.00670985970646143,21.732864379882812,0.7463045120239258,91,1,894,0.0,52.318904876708984,0.38043609261512756,0.17481373250484467,0.06552830338478088,0.9838582277297974,0.15099741518497467,0.3328734040260315,0.9186352491378784,16.54842185974121,9.1940336227417,1.2065831422805786,50.84423828125,5.021197319030762,13.965177536010742,45.95695495605469
DEAL (official pretrained),392,92,0,/Users/kyrillguba/Documents/Data Analytics MSc/Thesis/Python/First Try/data/DIV2K/DIV2K_valid_HR/0893.png,div2k/0893.png/sigma_0.200,div2k,0893.png,20092,e38a2d9fc2bb1bfe2d7f4ac7ac04be6e3b640472049753a9ec509cb5b184dfae,1aeb39a7c057f8c0c11548e1a0a3c52df0a20992fc3d2fb9a355dfdb4d0cfe85,0.20000000298023224,0.029935676604509354,15.23810863494873,0.3564750552177429,0.003516681492328644,24.53866958618164,0.7624409794807434,66,1,684,0.0,52.318904876708984,0.571968138217926,0.27527332305908203,0.029354341328144073,0.9969020485877991,0.12707562744617462,0.5405140519142151,0.994502604007721,27.079959869384766,15.144882202148438,0.3068021833896637,52.056034088134766,3.9405100345611572,24.63697052001953,51.85078048706055
DEAL (official pretrained),393,93,0,/Users/kyrillguba/Documents/Data Analytics MSc/Thesis/Python/First Try/data/DIV2K/DIV2K_valid_HR/0894.png,div2k/0894.png/sigma_0.200,div2k,0894.png,20093,f7c053db8ff81bb3c056ed342eb0bfb9ba890e8adb30617f79d560f11e941c73,588cfbc0eeddb212fa887a3b3b5ba21fdf249c31a0afb25accd33ccf2bc539ce,0.20000000298023224,0.0319073386490345,14.96109390258789,0.30068713426589966,0.0027137137949466705,25.66436004638672,0.7390937805175781,83,2,739,9.991178558266256e-06,52.318904876708984,0.7013980150222778,0.24680796265602112,0.04411568492650986,0.9967432022094727,0.1514900177717209,0.7792734503746033,0.994723379611969,34.190773010253906,13.571200370788574,0.640886127948761,52.04915237426758,5.465171813964844,37.96221923828125,51.86951446533203
DEAL (official pretrained),394,94,0,/Users/kyrillguba/Documents/Data Analytics MSc/Thesis/Python/First Try/data/DIV2K/DIV2K_valid_HR/0895.png,div2k/0895.png/sigma_0.200,div2k,0895.png,20094,abdbc9e5dd323d44902bb35948460b514a4fe27d53aa9bc4f2072e0a425a5902,ead625aa75c30e3d4b40f35d04e20fa2647ef475e67985bae05522942553d84b,0.20000000298023224,0.033872198313474655,14.701566696166992,0.4027783274650574,0.005724307615309954,22.42276954650879,0.6469497680664062,99,1,895,0.0,52.318904876708984,0.5061771869659424,0.20546387135982513,0.04584984481334686,0.9968253374099731,0.15272736549377441,0.44687896966934204,0.988756000995636,23.247652053833008,11.248470306396484,0.7410005927085876,52.04808807373047,5.660735130310059,19.73151397705078,51.31275939941406
DEAL (official pretrained),395,95,0,/Users/kyrillguba/Documents/Data Analytics MSc/Thesis/Python/First Try/data/DIV2K/DIV2K_valid_HR/0896.png,div2k/0896.png/sigma_0.200,div2k,0896.png,20095,857388cd8fc429b194bc7374762cee70b099ddf090a6495b03d92edc4c8c7b8d,9b629a54edfc26f48b21efba1d63d626798c57e0f95abf896ac44ae88e20ffe2,0.20000000298023224,0.025447476655244827,15.943553924560547,0.321191668510437,0.003173085395246744,24.98518180847168,0.9474533796310425,29,2,434,8.087669812084641e-06,52.318904876708984,0.7308911085128784,0.31874942779541016,0.02220631204545498,0.9973815679550171,0.08710280805826187,0.9210803508758545,0.9959096312522888,36.52351760864258,17.697086334228516,0.22683240473270416,52.0908317565918,2.3770012855529785,46.237022399902344,51.97627639770508
DEAL (official pretrained),396,96,0,/Users/kyrillguba/Documents/Data Analytics MSc/Thesis/Python/First Try/data/DIV2K/DIV2K_valid_HR/0897.png,div2k/0897.png/sigma_0.200,div2k,0897.png,20096,a75baf8d323b01687486bd536ce524304bab0a20ffcaf0d6d19c9abe9c8bef57,749e175ee734d35a8d9a556aaaed8c0fe69b7b2d6326aa99454b7e75db9cd220,0.20000000298023224,0.031735606491565704,14.984532356262207,0.7208259105682373,0.008438813500106335,20.737186431884766,0.8852340579032898,43,1,521,0.0,52.318904876708984,0.24423159658908844,0.06490599364042282,0.07900814712047577,0.9072588682174683,0.16053065657615662,0.22947034239768982,0.4714016914367676,10.058643341064453,3.272041082382202,1.302304983139038,45.381954193115234,5.554530143737793,9.326152801513672,21.16905975341797
DEAL (official pretrained),397,97,0,/Users/kyrillguba/Documents/Data Analytics MSc/Thesis/Python/First Try/data/DIV2K/DIV2K_valid_HR/0898.png,div2k/0898.png/sigma_0.200,div2k,0898.png,20097,0f9b0c2f1793b1dd0ac81be97181b9e904a39fcf108cd39194842f26678085f7,32ff9e5e74cfb1b5ed2be6075c4c5b4dcefea89df61a3c0ec15b091d9e701f3e,0.20000000298023224,0.03794851154088974,14.208051681518555,0.2123604714870453,0.0019483788637444377,27.103267669677734,0.9108688235282898,50,1,533,0.0,52.318904876708984,0.7746018171310425,0.2602245807647705,0.06964151561260223,0.9967195987701416,0.20053893327713013,0.9346265196800232,0.9931597113609314,38.546627044677734,14.555561065673828,1.765804409980774,52.0477180480957,7.416031837463379,46.9135627746582,51.73493957519531
DEAL (official pretrained),398,98,0,/Users/kyrillguba/Documents/Data Analytics MSc/Thesis/Python/First Try/data/DIV2K/DIV2K_valid_HR/0899.png,div2k/0899.png/sigma_0.200,div2k,0899.png,20098,bea5ead4e165747f9c0e6d434cc536abdd4760b1a8da09c78f705024684bff65,df36f4c23d3ac270a772e4754c97257661ffdcd353a277fd025a945e06c8e707,0.20000000298023224,0.031405672430992126,15.029918670654297,0.45998048782348633,0.004320758394896984,23.64440155029297,0.7895638346672058,109,1,1034,0.0,52.318904876708984,0.42761021852493286,0.24022458493709564,0.038087982684373856,0.9966751933097839,0.10234101116657257,0.35222405195236206,0.9907525777816772,19.27605438232422,12.767645835876465,0.5324244499206543,52.04493713378906,2.9716668128967285,15.042680740356445,51.49468994140625
DEAL (official pretrained),399,99,0,/Users/kyrillguba/Documents/Data Analytics MSc/Thesis/Python/First Try/data/DIV2K/DIV2K_valid_HR/0900.png,div2k/0900.png/sigma_0.200,div2k,0900.png,20099,72e06d86758e25d0f39e87b43b4ed00325b96cc08c65fc1809df35beee23e59c,6596346c0ac3601c2d477f0860e483184b47e376159b28c27fa46ac692f4f34b,0.20000000298023224,0.02798222005367279,15.53117847442627,0.4312431216239929,0.006211278028786182,22.068191528320312,0.668082594871521,78,1,819,0.0,52.318904876708984,0.5358245372772217,0.23344862461090088,0.035225123167037964,0.9967097640037537,0.12242062389850616,0.5108617544174194,0.9932300448417664,24.93172836303711,12.750215530395508,0.4429357349872589,52.04231262207031,3.830977201461792,23.062992095947266,51.723209381103516
DEAL (official pretrained),400,0,0,synthetic://square_gradient,geometry/square_gradient.png/sigma_0.050,geometry,square_gradient.png,120000,69d638ce9b8ea492be887d3cca9e04628775de3ace35db2af3b2a354abce36b9,381b98e00bdf325786b1f79a03300427cfc8e587f6149e40fda93880781b996a,0.05000000074505806,0.0024409382604062557,26.124431610107422,0.43573692440986633,2.4644665245432407e-05,46.08277130126953,0.9913278818130493,11,1,98,0.0,17.871837615966797,0.7673117518424988,0.15901874005794525,0.01244768314063549,0.9710051417350769,0.16847047209739685,0.8307567834854126,0.8730661273002625,12.791642189025879,2.8471202850341797,0.010599315166473389,17.012887954711914,2.382331609725952,13.878055572509766,14.824955940246582
DEAL (official pretrained),401,1,0,synthetic://step_edge,geometry/step_edge.png/sigma_0.050,geometry,step_edge.png,120001,46a0cfb6b125b4908cb2a16970e2041b41c21563e053b7790f33acb54949ff36,d77f90b4a6b9090ea0d8321449c706c5ac5a02cbbd48fd8f34bddcc4c639301e,0.05000000074505806,0.0025068973191082478,26.008634567260742,0.34547513723373413,1.2709630937024485e-05,48.95867156982422,0.9919121265411377,9,1,73,0.0,17.871837615966797,0.888664960861206,0.14289233088493347,0.023768113926053047,0.9695601463317871,0.2129327654838562,0.9355019330978394,0.9532671570777893,15.308027267456055,2.679114818572998,0.15272210538387299,17.08010482788086,3.089219808578491,16.214187622070312,16.678630828857422
DEAL (official pretrained),402,2,0,synthetic://disk,geometry/disk.png/sigma_0.050,geometry,disk.png,120002,7857258e5183d682d876f68736683f6df789e0b9689292b104d2856a4b91b6a2,ef72398c75f633bf77d9a5e391e7829448a1bfb4fc1838d7d92e1ba20979ffaa,0.05000000074505806,0.0025164575781673193,25.992103576660156,0.37755006551742554,4.5412249164655805e-05,43.42827224731445,0.9906495213508606,14,1,136,0.0,17.871837615966797,0.8258534669876099,0.2418917715549469,0.009999999776482582,0.9635608196258545,0.03207685425877571,0.9321470260620117,0.9526791572570801,14.129833221435547,4.411337375640869,0.001787183340638876,16.93999671936035,0.22461438179016113,16.11801528930664,16.660228729248047
DEAL (official pretrained),403,3,0,synthetic://triangle,geometry/triangle.png/sigma_0.050,geometry,triangle.png,120003,049531080ddc88147f5d85141fa42f562e23ea28cb9cec98167ea9aee093e1b5,4f39de21ac476e75cd2db88bd8233c2fc6dbc683ec3005ced5809bc873c5edc5,0.05000000074505806,0.002525556134060025,25.976430892944336,0.37563374638557434,4.8596393753541633e-05,43.13396072387695,0.9905856847763062,15,1,140,0.0,17.871837615966797,0.8327327370643616,0.2295593023300171,0.009999999776482582,0.9683202505111694,0.046394139528274536,0.9326909184455872,0.9527395963668823,14.253528594970703,4.210170269012451,0.001787183340638876,17.064525604248047,0.4384104609489441,16.13397979736328,16.66341209411621
DEAL (official pretrained),404,4,0,synthetic://nested_rectangles,geometry/nested_rectangles.png/sigma_0.050,geometry,nested_rectangles.png,120004,13e7d9eb3793d137ce5fc6e419e2980ccaa68520dcbf0649f7388a0716d7318a,c4443e66cb39eff77c9a57450116e0a489029ed3eceacfd3fe04d58634eae44b,0.05000000074505806,0.002501388546079397,26.0181884765625,0.43466585874557495,2.622376814542804e-05,45.81304931640625,0.9916188716888428,9,1,82,0.0,17.871837615966797,0.7791262865066528,0.26115354895591736,0.010097016580402851,0.9662275910377502,0.13885433971881866,0.9266542792320251,0.9522952437400818,13.263900756835938,4.773841381072998,0.0018433919176459312,16.983694076538086,1.9414019584655762,15.968639373779297,16.651622772216797
DEAL (official pretrained),405,0,0,synthetic://square_gradient,geometry/square_gradient.png/sigma_0.100,geometry,square_gradient.png,120000,69d638ce9b8ea492be887d3cca9e04628775de3ace35db2af3b2a354abce36b9,9f3b3a4a4f4cf655fc8ed1e09d76f9a667adf4ea5498eb48f2ef924ca6aa5155,0.10000000149011612,0.00911085493862629,20.40441131591797,0.22990202903747559,8.860119851306081e-05,40.52560806274414,0.9847608208656311,18,1,156,0.0,29.641082763671875,0.8252747058868408,0.15737640857696533,0.015720728784799576,0.9903421998023987,0.2039434015750885,0.8864353895187378,0.9317554831504822,23.189701080322266,4.858536720275879,0.049573540687561035,29.162837982177734,4.801724910736084,25.027122497558594,26.79775619506836
DEAL (official pretrained),406,1,0,synthetic://step_edge,geometry/step_edge.png/sigma_0.100,geometry,step_edge.png,120001,46a0cfb6b125b4908cb2a16970e2041b41c21563e053b7790f33acb54949ff36,d0aef4c0460fd06e1bb6e313e8b8f5de94f72301b64af00ff7bb6763c0440678,0.10000000149011612,0.009429641999304295,20.255048751831055,0.17545488476753235,2.3629159841220826e-05,46.26552200317383,0.9884028434753418,9,2,102,9.543169653625228e-06,29.641082763671875,0.9309213161468506,0.13694706559181213,0.03153642266988754,0.9912875890731812,0.24972954392433167,0.9744943976402283,0.9863324165344238,26.941444396972656,4.404576778411865,0.35148361325263977,29.2134952545166,6.077738285064697,28.40412712097168,28.998624801635742
DEAL (official pretrained),407,2,0,synthetic://disk,geometry/disk.png/sigma_0.100,geometry,disk.png,120002,7857258e5183d682d876f68736683f6df789e0b9689292b104d2856a4b91b6a2,7b7ed0f631c1d323c2081212843b2826a439529f438efff117b8de247ad56d42,0.10000000149011612,0.009388170205056667,20.27419090270996,0.20454004406929016,0.00013933368609286845,38.55944061279297,0.9858115315437317,21,1,213,0.0,29.641082763671875,0.8758305311203003,0.22840578854084015,0.014116890728473663,0.9905946254730225,0.07148712873458862,0.9718660116195679,0.9859530329704285,25.187253952026367,7.0944623947143555,0.021827159449458122,29.18561553955078,1.178137183189392,28.26816177368164,28.982023239135742
DEAL (official pretrained),408,3,0,synthetic://triangle,geometry/triangle.png/sigma_0.100,geometry,triangle.png,120003,049531080ddc88147f5d85141fa42f562e23ea28cb9cec98167ea9aee093e1b5,54fe3cc0fdd5a963a314993d1e51ba8c601da833471b47687b7d46d3fa7c98e7,0.10000000149011612,0.009412744082510471,20.262836456298828,0.20337511599063873,0.00011792428995249793,39.283966064453125,0.9861078858375549,17,1,182,0.0,29.641082763671875,0.880942702293396,0.2165621817111969,0.011741208843886852,0.9911832809448242,0.09219333529472351,0.9721097946166992,0.9859877824783325,25.3428897857666,6.751064777374268,0.012178069911897182,29.239133834838867,1.8201690912246704,28.281356811523438,28.98403549194336
DEAL (official pretrained),409,4,0,synthetic://nested_rectangles,geometry/nested_rectangles.png/sigma_0.100,geometry,nested_rectangles.png,120004,13e7d9eb3793d137ce5fc6e419e2980ccaa68520dcbf0649f7388a0716d7318a,63c46101e9cb6c7a22eb3666525ac6d60cacf949d7844593bd48ffffda510631,0.10000000149011612,0.009346477687358856,20.293521881103516,0.27218350768089294,5.394135951064527e-05,42.680782318115234,0.9878607392311096,10,1,123,0.0,29.641082763671875,0.8242062926292419,0.2580042779445648,0.01327582634985447,0.99161297082901,0.16043639183044434,0.9666565656661987,0.9857462644577026,23.531654357910156,8.033440589904785,0.019926300272345543,29.240461349487305,3.7615342140197754,28.00725555419922,28.96819305419922
DEAL (official pretrained),410,0,0,synthetic://square_gradient,geometry/square_gradient.png/sigma_0.150,geometry,square_gradient.png,120000,69d638ce9b8ea492be887d3cca9e04628775de3ace35db2af3b2a354abce36b9,31649acb9ccd1b270549ad2f0bf0cde096c2a0c68d047e1df9c9016482e68dd7,0.15000000596046448,0.019019896164536476,17.20792007446289,0.16453802585601807,0.0002942449355032295,35.31291198730469,0.976094126701355,20,1,199,0.0,41.215824127197266,0.8515369296073914,0.1533634513616562,0.019556447863578796,0.9876681566238403,0.22943297028541565,0.9077208042144775,0.9584155678749084,33.537757873535156,6.746519565582275,0.13172630965709686,40.40114212036133,7.447093486785889,35.957096099853516,38.71076965332031
DEAL (official pretrained),411,1,0,synthetic://step_edge,geometry/step_edge.png/sigma_0.150,geometry,step_edge.png,120001,46a0cfb6b125b4908cb2a16970e2041b41c21563e053b7790f33acb54949ff36,e1f5fc79ee11e8dd490daa7cc75825b0db7f1914235dee41718bd32ed3f688db,0.15000000596046448,0.018474046140909195,17.334381103515625,0.1300438940525055,9.871678048511967e-05,40.05609130859375,0.9873913526535034,8,1,122,0.0,41.215824127197266,0.9462908506393433,0.12999318540096283,0.04169430583715439,0.9964792728424072,0.2841966450214386,0.9868628978729248,0.9934203624725342,38.35232162475586,5.946572303771973,0.6204039454460144,40.988677978515625,9.42476749420166,40.31204605102539,40.77538299560547
DEAL (official pretrained),412,2,0,synthetic://disk,geometry/disk.png/sigma_0.150,geometry,disk.png,120002,7857258e5183d682d876f68736683f6df789e0b9689292b104d2856a4b91b6a2,47fffa27443301825a14fd63a941e06c1bcbbe986a4ab7bbf4d7b91fffc28f42,0.15000000596046448,0.018330510705709457,17.368255615234375,0.15184386074543,0.00030211822013370693,35.19823455810547,0.9832925796508789,18,1,214,0.0,41.215824127197266,0.8977981805801392,0.21325083076953888,0.02706390619277954,0.9963821768760681,0.11365984380245209,0.9854789972305298,0.9931294918060303,36.1917839050293,9.369302749633789,0.1614658534526825,40.98665237426758,3.1972599029541016,40.21202850341797,40.75741958618164
DEAL (official pretrained),413,3,0,synthetic://triangle,geometry/triangle.png/sigma_0.150,geometry,triangle.png,120003,049531080ddc88147f5d85141fa42f562e23ea28cb9cec98167ea9aee093e1b5,7be1efc673471b6b66f81e23031bc7cbdd4963507dbf8c10370aa4309e8c227a,0.15000000596046448,0.018377475440502167,17.357141494750977,0.15105774998664856,0.00023979094112291932,36.2016716003418,0.9841933250427246,17,1,204,0.0,41.215824127197266,0.9006372094154358,0.2059827744960785,0.015710074454545975,0.9964417219161987,0.11818806827068329,0.9855318069458008,0.9932132363319397,36.3116569519043,9.061820030212402,0.09646814316511154,40.98930740356445,3.5195844173431396,40.21574783325195,40.761756896972656
DEAL (official pretrained),414,4,0,synthetic://nested_rectangles,geometry/nested_rectangles.png/sigma_0.150,geometry,nested_rectangles.png,120004,13e7d9eb3793d137ce5fc6e419e2980ccaa68520dcbf0649f7388a0716d7318a,fe8c01635e7d659b7dd135a85da5df81aec8409768c9644930c5b337072bc087,0.15000000596046448,0.018300285562872887,17.375423431396484,0.21862663328647614,0.0001664477604208514,37.78722381591797,0.9860085844993591,10,1,156,0.0,41.215824127197266,0.8442287445068359,0.2507886290550232,0.0154368681833148,0.9959937334060669,0.17726817727088928,0.9824134111404419,0.9930697679519653,33.740699768066406,11.06381893157959,0.06961578130722046,40.9664192199707,5.681889057159424,39.987815856933594,40.75121307373047
DEAL (official pretrained),415,0,0,synthetic://square_gradient,geometry/square_gradient.png/sigma_0.200,geometry,square_gradient.png,120000,69d638ce9b8ea492be887d3cca9e04628775de3ace35db2af3b2a354abce36b9,329df26359bf779167ff14a2dec36b89a44c5a1449c11c0323a6aa51a375279e,0.20000000298023224,0.03136737644672394,15.035219192504883,0.13272278010845184,0.0007556688506156206,31.216686248779297,0.9650501012802124,21,1,237,0.0,52.318904876708984,0.8691847324371338,0.14881105720996857,0.02476685307919979,0.9951428771018982,0.2539615035057068,0.9222245812416077,0.974138081073761,43.66327667236328,8.451193809509277,0.2859414517879486,51.889007568359375,10.399109840393066,46.56930160522461,50.22367477416992
DEAL (official pretrained),416,1,0,synthetic://step_edge,geometry/step_edge.png/sigma_0.200,geometry,step_edge.png,120001,46a0cfb6b125b4908cb2a16970e2041b41c21563e053b7790f33acb54949ff36,c94cf39f857f2f46b7bdaff4587302ab90239752e9e38b7f84df736fdda2d5e0,0.20000000298023224,0.029116984456777573,15.358535766601562,0.1081797331571579,0.00044246658217161894,33.541194915771484,0.9848016500473022,9,1,148,0.0,52.318904876708984,0.9545382261276245,0.12372740358114243,0.04968765377998352,0.9972556829452515,0.31340736150741577,0.9925491809844971,0.9962262511253357,49.296844482421875,7.298020839691162,0.9584991931915283,52.082183837890625,13.164281845092773,51.67286682128906,52.012001037597656
DEAL (official pretrained),417,2,0,synthetic://disk,geometry/disk.png/sigma_0.200,geometry,disk.png,120002,7857258e5183d682d876f68736683f6df789e0b9689292b104d2856a4b91b6a2,38dc9ed108b589e0540c4e888aa04be5a5fd5f3fd6b5ae7b8bab0602def23739,0.20000000298023224,0.028918933123350143,15.388177871704102,0.1240880936384201,0.0007364990306086838,31.328277587890625,0.9783545732498169,15,1,220,0.0,52.318904876708984,0.9099085330963135,0.20217296481132507,0.06759971380233765,0.9971857070922852,0.1419074833393097,0.991659939289093,0.9961159229278564,46.761756896972656,11.39847469329834,1.2306126356124878,52.07582473754883,5.396155834197998,51.590267181396484,52.00315475463867
DEAL (official pretrained),418,3,0,synthetic://triangle,geometry/triangle.png/sigma_0.200,geometry,triangle.png,120003,049531080ddc88147f5d85141fa42f562e23ea28cb9cec98167ea9aee093e1b5,0acec794972311f6454e696cae572737706efa7bd1ac6f91794029caa85bcda3,0.20000000298023224,0.029010599479079247,15.374433517456055,0.12352502346038818,0.0006419193814508617,31.92519760131836,0.9794939756393433,14,1,219,0.0,52.318904876708984,0.9119530320167542,0.1967853158712387,0.019529670476913452,0.9974390268325806,0.138993039727211,0.9917251467704773,0.9961556792259216,46.86960220336914,11.104843139648438,0.17926746606826782,52.0948486328125,5.403386116027832,51.59490203857422,52.00590515136719
DEAL (official pretrained),419,4,0,synthetic://nested_rectangles,geometry/nested_rectangles.png/sigma_0.200,geometry,nested_rectangles.png,120004,13e7d9eb3793d137ce5fc6e419e2980ccaa68520dcbf0649f7388a0716d7318a,8e637de2ea898bbce96d192755b1499cd1bc08c9e6b7c764cf6b1265f3e10095,0.20000000298023224,0.02893802523612976,15.385311126708984,0.1873975396156311,0.0005828722496517003,32.344268798828125,0.9807370901107788,12,1,203,0.0,52.318904876708984,0.8571918606758118,0.24184605479240417,0.01794649288058281,0.9972615838050842,0.19542557001113892,0.9897661805152893,0.9960917830467224,43.640113830566406,13.737414360046387,0.14871852099895477,52.07966613769531,7.88099479675293,51.41124725341797,52.000125885009766
