epoch,train_mse,val_mse,val_psnr,val_ssim,noisy_mse,noisy_psnr,noisy_ssim,train_phase_time_sec,validation_time_sec,epoch_time_sec,total_time_sec,train_images_per_sec,validation_images_per_sec,val_lambda0_mean,val_lambda0_std,val_lambda0_min,val_lambda0_max,val_lambda0_p01,val_lambda0_median,val_lambda0_p99,val_lambda1_mean,val_lambda1_std,val_lambda1_min,val_lambda1_max,val_lambda1_p01,val_lambda1_median,val_lambda1_p99,continuation_epoch,continuation_seed,continuation_stage
1,0.0011617006375308847,0.0010170067992294207,30.50757556915283,0.8260285258293152,0.009698207005858422,20.136563453674317,0.32226710945367815,184.8029188750079,6.302678874984849,191.1061819579918,191.1063295410131,2.7055849715132303,7.9331346228741815,0.07887777477502823,0.001561517813242972,0.06754180043935776,0.08321169763803482,0.07234431579709052,0.07877053305506707,0.08134697169065476,0.22406426519155503,0.020516144260764122,0.07723522931337357,0.27986404299736023,0.11207725167274475,0.226785669028759,0.2516394302248955,,,
2,0.0010919333547280985,0.0010201402363600209,30.4972785949707,0.8257600104808808,0.009698207005858422,20.136563453674317,0.32226710945367815,184.83298079197994,6.35698862496065,191.19039975001942,382.42417870799545,2.7051449252053366,7.865359362713899,0.07967987164855003,0.0015787130873650313,0.0673641562461853,0.08351902663707733,0.07269801363348961,0.07978215113282204,0.08152679473161697,0.26717637836933134,0.02376697923988104,0.08148922771215439,0.32793134450912476,0.1254599615931511,0.2712704706192017,0.28976152777671815,,,
3,0.0010838375602761517,0.000994719993614126,30.589836463928222,0.8282670736312866,0.009698207005858422,20.136563453674317,0.32226710945367815,184.73860729200533,6.327334708999842,191.06635662500048,573.5447577909799,2.7065268453046185,7.902221440708874,0.07392603367567062,0.0014615459251217545,0.06720071285963058,0.08020959049463272,0.07052274748682975,0.07384489953517914,0.07744637355208397,0.19002433091402054,0.024201637078076602,0.07852408289909363,0.2911805808544159,0.11147051438689232,0.18931300461292266,0.24538671255111694,,,
4,0.0010407968554645777,0.0009996491111814976,30.319788093566896,0.7922732758522034,0.009698207005858422,20.136563453674317,0.32226710945367815,184.62491083401255,6.330205999955069,190.95550441701198,764.6039339160197,2.7081935895938014,7.898637106020703,0.06274828881025314,0.002436915170401335,0.06063602492213249,0.09601384401321411,0.061034881621599195,0.06186134085059166,0.07280917793512344,0.05858522742986679,0.010551740415394306,0.05177384614944458,0.2749641537666321,0.052584474608302116,0.05465753711760044,0.1047573247551918,,,
5,0.0009765527468407526,0.0009741870121797547,30.671826820373536,0.8299911952018738,0.009698207005858422,20.136563453674317,0.32226710945367815,184.32960283302236,6.275031667028088,190.60504366701934,955.2657594580087,2.712532291695611,7.968087278781886,0.07505829066038132,0.004001473295502365,0.054703593254089355,0.10951726883649826,0.06634734243154526,0.07476692229509353,0.08580156207084656,0.08964148551225662,0.009902787692844868,0.05367782339453697,0.19053290784358978,0.07072572216391564,0.08851370051503181,0.11861410215497017,,,
6,0.0009554330431128619,0.0009236714808503166,30.8283048248291,0.8304484069347382,0.009698207005858422,20.136563453674317,0.32226710945367815,184.8684765829821,6.321672582998872,191.19056524999905,1146.560905708,2.704625522110388,7.909299215284735,0.0676566007733345,0.005038859993219375,0.04291175305843353,0.09638267010450363,0.05613898806273937,0.06756979063153266,0.07961283132433891,0.07566216051578521,0.00815324584953487,0.0476066917181015,0.14287887513637543,0.05975575461983681,0.0750260229408741,0.09811944901943206,,,
7,0.0009040805488402839,0.0009106422134209424,30.83886302947998,0.8262581551074981,0.009698207005858422,20.136563453674317,0.32226710945367815,184.6650119580445,6.3158137910068035,190.98183000000427,1337.6488590830122,2.707605488979141,7.916636185695637,0.06261597648262977,0.007466747397556901,0.021759746596217155,0.09317941963672638,0.04382879287004471,0.06299090676009655,0.07892800971865654,0.07053386896848679,0.008100803028792142,0.03472188115119934,0.12272423505783081,0.0528939363360405,0.07036732509732246,0.09090978339314461,,,
8,0.0009036169722348859,0.0009159064013510943,30.83086368560791,0.8276702153682709,0.009698207005858422,20.136563453674317,0.32226710945367815,184.62257087498438,6.322471374995075,190.94544470898109,1528.7020562079852,2.7082279140104206,7.90829994070775,0.06255419753491878,0.00811257265508175,0.032361503690481186,0.11146523803472519,0.046859635040163994,0.06189710393548012,0.08529384508728981,0.07468512535095215,0.010240363720804453,0.04657826945185661,0.16940490901470184,0.057916849851608276,0.0733135011792183,0.10708078756928444,,,
9,0.0008714918982004747,0.0009030166815500707,30.845564918518065,0.8242784178256989,0.009698207005858422,20.136563453674317,0.32226710945367815,184.4683633330278,6.303613250027411,190.77239500003634,1719.530738500005,2.71049187495273,7.931958706347122,0.05591673277318478,0.008980499114841223,0.022903816774487495,0.11599292606115341,0.03842279650270939,0.05522712454199791,0.08437152668833732,0.07214517295360565,0.01133988769724965,0.03927254676818848,0.18537674844264984,0.053609236553311346,0.07062329590320587,0.11235743761062622,,,
10,0.0008743694497024989,0.0008880656748078763,30.87070343017578,0.821603376865387,0.009698207005858422,20.136563453674317,0.32226710945367815,184.64513958297903,6.301176209002733,190.94671124999877,1910.5837356250267,2.7078968941681856,7.935026468322386,0.05060083352029324,0.008359174635261297,0.016590600833296776,0.12326669692993164,0.035798544734716414,0.049453924596309665,0.08013369128108025,0.0688649858534336,0.00969806920737028,0.0326501727104187,0.16838109493255615,0.05264966607093811,0.06740856282413006,0.10274587020277977,,,
11,0.0008995559557261004,0.0009595305260154418,30.72193614959717,0.8307979905605316,0.009698207005858422,20.136563453674317,0.32226710945367815,184.82998420798685,6.323051667015534,191.1534533330123,2101.8421805829857,2.705188782775398,7.907574164042833,0.08268215730786324,0.01012145148590207,0.048454612493515015,0.18726855516433716,0.06824671380221843,0.08087787076830864,0.12396439597010613,0.1014703631401062,0.010203796438872814,0.0739239752292633,0.22653067111968994,0.08852623149752617,0.09960237830877304,0.14381535470485687,,,
12,0.0008675212749367347,0.0008589117712108418,30.960043830871584,0.8231006753444672,0.009698207005858422,20.136563453674317,0.32226710945367815,184.65173008298734,6.318762166949455,190.9708942080033,2292.8694886250305,2.7078002452253593,7.912942231237481,0.04586601734161377,0.008010366642847657,0.006146238651126623,0.12154578417539597,0.02942888706922531,0.04513309732079506,0.07488848939538002,0.06822638273239136,0.00887400277890265,0.01541877444833517,0.14512841403484344,0.049491099044680596,0.06731834799051285,0.09866693332791328,,,
13,0.0008511133044521557,0.0008220254589105025,31.208633613586425,0.8379282963275909,0.009698207005858422,20.136563453674317,0.32226710945367815,184.59332112502307,6.29647187498631,190.89079516602214,2483.864420333004,2.7086570464884554,7.940955028900008,0.052354800403118136,0.011024898691102862,0.0011255106655880809,0.13936595618724823,0.027801770558580755,0.05198714278638363,0.08805506750941276,0.07808314740657807,0.01077019738033414,0.006971967406570911,0.15590141713619232,0.05198689863085747,0.07809109330177307,0.10864041328430175,,,
14,0.0008124968706915752,0.0008260308811441064,31.24157112121582,0.8425674736499786,0.009698207005858422,20.136563453674317,0.32226710945367815,184.15719649998937,6.307507541961968,190.46508262498537,2674.4320153750014,2.7150717403543276,7.927061468791738,0.06481506533920765,0.0127922498062253,0.0022390540689229965,0.16398493945598602,0.03318460037000477,0.06512913696467876,0.10491581439971924,0.09855790808796883,0.012461072644218802,0.012145355343818665,0.18355819582939148,0.06310669675469399,0.0997656187415123,0.13084455341100693,,,
15,0.0008200787501518789,0.0008725993213010952,31.04307270050049,0.8364424979686738,0.009698207005858422,20.136563453674317,0.32226710945367815,185.76739175000694,6.202755666978192,191.97054141701665,2866.5013683750294,2.6915380319968416,8.060933347122893,0.09250491589307785,0.021929195169359445,0.006148559041321278,0.24329450726509094,0.04155015241354704,0.09296127051115036,0.1504721400141716,0.11559960886836051,0.01485255302861333,0.021993109956383705,0.23779718577861786,0.0745109459757805,0.11670373916625977,0.15374978065490721,,,
16,0.0008242989078535174,0.0008064188156276941,31.29982109069824,0.8433455944061279,0.009698207005858422,20.136563453674317,0.32226710945367815,184.5136788749951,6.288283083005808,190.8023650420364,3057.3556514999946,2.7098261930961853,7.951295980158058,0.053578790202736856,0.014132455699145794,0.005868970882147551,0.1780737042427063,0.026017767675220967,0.053053300008177755,0.099253568649292,0.08984953254461288,0.014007927570492028,0.022754555568099022,0.18836259841918945,0.05820905052125454,0.09060673356056213,0.12695023581385612,,,
17,0.0008114071935160609,0.0008116072515258566,31.25982089996338,0.8423794054985047,0.009698207005858422,20.136563453674317,0.32226710945367815,184.36786891700467,6.296280582959298,190.66477666702121,3248.11955737503,2.71196929777976,7.94119628901602,0.05098005369305611,0.014915604777634144,0.007888280786573887,0.16254876554012299,0.022443409226834774,0.050668288990855216,0.09603646159172058,0.08496866121888161,0.013961299303919077,0.030062062665820122,0.17757409811019897,0.05426811829209328,0.08604511693120002,0.11882481932640075,,,
18,0.0008014109214163909,0.0008031019574264065,31.3266455078125,0.8469877374172211,0.009698207005858422,20.136563453674317,0.32226710945367815,184.12425458303187,6.285733167023864,190.41037674999097,3438.582644957991,2.715557497475283,7.95452156039798,0.05673949509859085,0.019024957697838546,0.005272535607218742,0.18910764157772064,0.022004135847091676,0.056060892567038535,0.10954883128404617,0.0888935835659504,0.016003135964274405,0.02068055048584938,0.19206589460372925,0.05429571144282818,0.09062801733613014,0.12390375748276711,,,
19,0.0008455771155604452,0.0007924819205072708,31.394016952514647,0.8487840259075164,0.009698207005858422,20.136563453674317,0.32226710945367815,184.5590053750202,6.287748042028397,190.84714437503135,3629.528305749991,2.709160677280472,7.951972576794002,0.06262049473822116,0.020463282819837333,0.007246219553053379,0.20272217690944672,0.025241550989449024,0.061982115581631664,0.11765207916498184,0.0944843202829361,0.015859579406678675,0.027756711468100548,0.2161797136068344,0.060871140509843824,0.09619868621230125,0.1354394170641899,,,
20,0.0007873852566553978,0.0007915720695746132,31.40984973907471,0.8492777943611145,0.009698207005858422,20.136563453674317,0.32226710945367815,184.64111329097068,6.26122625003336,190.90275020798435,3820.5336475829827,2.7079559426836006,7.985656164354961,0.08203862562775611,0.032979252077639104,0.007045386824756861,0.26370227336883545,0.02384353520348668,0.08094331406056882,0.1555355131626129,0.10648834720253944,0.02278715543448925,0.03862951323390007,0.2740687429904938,0.05997920915484428,0.1083082166314125,0.15866388022899627,,,
21,0.0008403143325522251,0.0007930787411169149,31.385369758605957,0.8495272040367127,0.009698207005858422,20.136563453674317,0.32226710945367815,184.6684386249981,6.296014791994821,190.96484149998287,4011.6014887500205,2.7075552472468694,7.941531532545537,0.059646703600883484,0.022289337553083897,0.006398230791091919,0.21179373562335968,0.02324416136369109,0.05649334743618965,0.12023159742355347,0.09033680185675622,0.01644584158435464,0.0304314773529768,0.22378423810005188,0.05891228288412094,0.09041373938322067,0.13061612218618393,,,
22,0.0008275925430407369,0.0007897244914784096,31.418274993896485,0.8495760393142701,0.009698207005858422,20.136563453674317,0.32226710945367815,184.54525408300105,6.188836874964181,190.734474625031,4202.391601749987,2.709362548955716,8.079062513711735,0.07658582106232643,0.029310263246297836,0.007281971164047718,0.23501133918762207,0.026189059261232616,0.07406015016138554,0.14546700298786164,0.1017170387506485,0.019780026078224183,0.043385349214076996,0.24826817214488983,0.06442079827189445,0.10180361911654473,0.15142058536410333,,,
23,0.0008033892998828378,0.0007988591163302772,31.38470275878906,0.8481249165534973,0.009698207005858422,20.136563453674317,0.32226710945367815,185.16532574995654,6.305778875015676,191.47174945898587,4393.965196374978,2.700289581620642,7.92923459433482,0.082212685495615,0.029096801355481147,0.010616919957101345,0.28567415475845337,0.030683455467224122,0.08130277030169963,0.15335438907146454,0.10434382140636445,0.019181847833096982,0.04564328119158745,0.3004564940929413,0.06947103597223758,0.10450086578726768,0.1610872095823288,,,
24,0.000790718895930695,0.0007841095121693798,31.448771209716796,0.8515892791748046,0.009698207005858422,20.136563453674317,0.32226710945367815,184.75801862502703,6.2938061250024475,191.05221920803888,4585.070429707994,2.7062424879905635,7.944318431000376,0.07192329868674278,0.027841261625289916,0.006472731474786997,0.2936680316925049,0.02479858236387372,0.0694214729219675,0.14364558935165406,0.09563013195991515,0.01909648809581995,0.032195549458265305,0.30484652519226074,0.06156050331890583,0.09538581654429436,0.15337909191846846,,,
25,0.0007740771343615052,0.0007913315136102028,31.417573509216307,0.8490719985961914,0.009698207005858422,20.136563453674317,0.32226710945367815,184.92476537503535,6.3254582080408,191.25060583400773,4776.419927457988,2.7038022678356715,7.904565701887172,0.0861420813202858,0.033318029902875426,0.010361614637076855,0.34910932183265686,0.028037457298487424,0.08579439766705037,0.1716610860824585,0.10740699023008346,0.023801469579339027,0.04348130151629448,0.3671019971370697,0.06689273431897164,0.10689248219132423,0.18153192579746247,,,
26,0.000784688421210376,0.0007921590068144723,31.40432014465332,0.8526795971393585,0.009698207005858422,20.136563453674317,0.32226710945367815,184.59977895900374,6.3152228749822825,190.91542033397127,4967.390329207992,2.7085622898337323,7.917376946120888,0.07344291344285012,0.034113673083484175,0.006473513785749674,0.24817271530628204,0.02165584348142147,0.06884706158190966,0.14927949666976928,0.09508293151855468,0.023252703435719013,0.03495132923126221,0.26150181889533997,0.057213710397481916,0.09329667121171951,0.15155329138040544,,,
27,0.0007714870998242986,0.0007956650148844346,31.39359046936035,0.847598066329956,0.009698207005858422,20.136563453674317,0.32226710945367815,184.40566250000848,6.290102541039232,190.69615791604156,5158.1457006250275,2.7114134849301443,7.948996009807361,0.1013676492124796,0.04196169473230839,0.00602429686114192,0.36607807874679565,0.026410243250429632,0.10206163294613362,0.1932632866501808,0.1161854037642479,0.029764222614467144,0.042266104370355606,0.37768325209617615,0.06537299066781997,0.1143993428349495,0.19709233731031417,,,
28,0.0007976726926990522,0.0007857443523244001,31.4408821105957,0.8527799105644226,0.009698207005858422,20.136563453674317,0.32226710945367815,184.73042970901588,6.28667887498159,191.01756329199998,5349.221600165998,2.7066466569021204,7.953324958107777,0.07495131343603134,0.03373009379953146,0.0051590679213404655,0.28409990668296814,0.022019327078014614,0.07085492469370365,0.1539090895652771,0.0986835603415966,0.024126563761383293,0.03975662216544151,0.3042699098587036,0.058266022428870204,0.09720307901501656,0.16398054659366607,,,
29,0.0007889709038008732,0.0007854434347245843,31.436008110046387,0.8523233711719513,0.009698207005858422,20.136563453674317,0.32226710945367815,184.78348333400209,6.313060041982681,191.09692937502405,5540.375832749996,2.70586954514887,7.920089412660962,0.06860571727156639,0.028450387939810754,0.008001072332262993,0.251919686794281,0.022783328536897896,0.06516318753361702,0.13947887361049652,0.09348541617393494,0.021070560496300458,0.039882559329271317,0.287119597196579,0.058092651069164274,0.09204045668244362,0.1517043513059616,,,
30,0.0007931478579203031,0.0007871038015582599,31.44067852020264,0.8498602449893952,0.009698207005858422,20.136563453674317,0.32226710945367815,184.74533041700488,6.336665750015527,191.08239483297803,5731.515018208011,2.7064283512411715,7.890585044647097,0.08467538833618164,0.03158918436616659,0.007217154838144779,0.24415183067321777,0.02703162843361497,0.08467912055552006,0.15153875857591628,0.10771302536129951,0.023520733434706925,0.04850563034415245,0.2736203372478485,0.06636139571666717,0.10671008437871933,0.16724328607320785,,,
31,0.0007753173561941367,0.0007957441449980251,31.3882092666626,0.8530224728584289,0.009698207005858422,20.136563453674317,0.32226710945367815,184.54605820798315,6.321641540969722,190.86809408297995,5922.4398185409955,2.70935074341442,7.909338053408536,0.07221675813198089,0.033674428164958956,0.004203829448670149,0.2751794457435608,0.019424186646938325,0.06770149841904641,0.15094791457057,0.09489159122109413,0.02453109882771969,0.028595400974154472,0.28469207882881165,0.053479763492941854,0.09306814089417458,0.15605059653520584,,,
32,0.000749050171937597,0.0007802038147929124,31.474776153564452,0.8531515991687775,0.009698207005858422,20.136563453674317,0.32226710945367815,184.96479458297836,6.20858891698299,191.1743037920096,6113.670023249986,2.7032171237088662,8.053359735773434,0.08896707646548747,0.04077939637005329,0.006404101382941008,0.35815438628196716,0.02294066648930311,0.08582342185080051,0.18271476298570632,0.10513183772563935,0.028640318885445593,0.033624500036239624,0.34312888979911804,0.05799832738935948,0.1023568058013916,0.17948205024003983,,,
33,0.000782192153737924,0.0008419843329465948,31.192882308959963,0.8390437316894531,0.009698207005858422,20.136563453674317,0.32226710945367815,185.24228095903527,6.2527864999719895,191.49548729200615,6305.267043332977,2.6991678001987607,7.996434869513614,0.12027354896068573,0.043402798287570474,0.01278196182101965,0.39010289311408997,0.034612554609775546,0.1243942865729332,0.2153005215525627,0.12982453927397727,0.03159622173756361,0.05151580646634102,0.3695276081562042,0.07380383431911469,0.12910985633730887,0.21166029840707778,,,
34,0.0008114421365116868,0.0007805666804779321,31.472554206848145,0.8519482135772705,0.009698207005858422,20.136563453674317,0.32226710945367815,184.63197345897788,6.307594415964559,190.93997433403274,6496.259869290981,2.7080899945593204,7.926952289996596,0.09165780201554298,0.04089975267648697,0.005005418788641691,0.3137393891811371,0.023978777658194304,0.08905605085194111,0.18220972448587416,0.10667613044381141,0.02868232801556587,0.04195358231663704,0.33464524149894714,0.061282696574926375,0.1029871442914009,0.1803211322426796,,,
35,0.0008025949689763366,0.0007890863451757469,31.43205982208252,0.8488621854782105,0.009698207005858422,20.136563453674317,0.32226710945367815,184.4630674169748,6.278166792006232,190.741622291971,6687.057882583002,2.710569692900968,7.964108259064291,0.09171893373131752,0.03641611911356449,0.005408091004937887,0.3166017234325409,0.026028250940144063,0.09152501605451108,0.1735846945643425,0.10533158332109452,0.025241605415940286,0.03722544386982918,0.30881714820861816,0.0623650997877121,0.10282159000635147,0.17392271369695664,,,
36,0.00079605208265275,0.000787446146714501,31.42456699371338,0.8520250201225281,0.009698207005858422,20.136563453674317,0.32226710945367815,184.3130398329813,6.2819125420064665,190.59535700001288,6877.710325458029,2.712776049123189,7.959359457116831,0.07112522445619106,0.03207778088748455,0.004892351105809212,0.2691487669944763,0.021473944615572692,0.06593793354928494,0.14852944612503052,0.0906374830007553,0.020134830754250287,0.04078206047415733,0.2888835072517395,0.06096327908337116,0.08655171617865562,0.146320653706789,,,
37,0.0007757420478828863,0.0007806615406298078,31.46988140106201,0.8540265715122223,0.009698207005858422,20.136563453674317,0.32226710945367815,184.59877883305307,6.315832457970828,190.91499933303567,7068.6789811250055,2.708576964380618,7.916612787424094,0.07596586860716342,0.032841710895299914,0.005002924241125584,0.28494277596473694,0.021737860068678855,0.07325093112885953,0.15187949508428575,0.09681439474225044,0.022120618168264626,0.04933280870318413,0.3120824992656708,0.06239151246845722,0.09394990667700767,0.15811077356338502,,,
38,0.0007561416515090969,0.000780228233197704,31.475491790771486,0.8512873518466949,0.009698207005858422,20.136563453674317,0.32226710945367815,184.69399574998533,6.288475916953757,190.9830671249656,7259.717480625026,2.7071805879214117,7.951052156405623,0.11796155825257301,0.05991806522011757,0.006984352599829435,0.40941759943962097,0.02432952057570219,0.11191151700913907,0.24741056501865388,0.1226879096031189,0.041574021056294444,0.05156204104423523,0.35975250601768494,0.06472489945590496,0.11410398364067077,0.222158345580101,,,
39,0.0008030447466917394,0.0007821226769010537,31.460932693481446,0.8541506433486938,0.009698207005858422,20.136563453674317,0.32226710945367815,184.66450349998195,6.3002105000196025,190.96513537497958,7450.789962958021,2.7076129441414216,7.936242765197199,0.08085459046065807,0.039996762834489344,0.006077293772250414,0.36177676916122437,0.022538898177444935,0.07364591509103775,0.18014018714427948,0.09495190724730491,0.026503982059657573,0.04503163322806358,0.3235338032245636,0.0580540519207716,0.08931706622242927,0.17007253229618072,,,
40,0.0007893080374451528,0.0007762444246327504,31.495964660644532,0.8545568418502808,0.009698207005858422,20.136563453674317,0.32226710945367815,184.37516699999105,6.290657916048076,190.6662460839725,7641.513544375019,2.7118619504763584,7.94829422729301,0.09251522958278656,0.04463022544980049,0.0052932510152459145,0.34655722975730896,0.021864525340497494,0.08794086329638957,0.19304274439811706,0.10485722184181213,0.03119613617658615,0.04536574333906174,0.35992226004600525,0.05900873251259327,0.0991643476486206,0.18562060415744783,,,
41,0.0008002161678559788,0.0007778008867171593,31.488451461791993,0.8533560085296631,0.009698207005858422,20.136563453674317,0.32226710945367815,184.65936291700928,6.304889207996894,190.96464216703316,7832.5826605830225,2.707688319192962,7.930353468635389,0.09001909531652927,0.042029077298939226,0.007182411849498749,0.3572911024093628,0.025011060778051614,0.08422588042914868,0.1895677089691162,0.100206897854805,0.026289900504052638,0.04942107945680618,0.33474576473236084,0.06279908284544945,0.09443975910544396,0.17227230221033096,,,
42,0.0007584528795359801,0.0007813476491719485,31.47367931365967,0.851532518863678,0.009698207005858422,20.136563453674317,0.32226710945367815,186.25963154202327,6.319806165993214,192.5804278330179,8025.219501374988,2.6844249387833226,7.911635054418169,0.09894472219049931,0.04391758140176535,0.008906040340662003,0.34674960374832153,0.026590477135032417,0.09595204822719097,0.19814954817295075,0.10527399390935897,0.02813621558248997,0.04727628454566002,0.3352743089199066,0.06198452979326248,0.09994496166706085,0.17906361877918242,,,
43,0.0007825089305279107,0.0007792725157923997,31.4807706451416,0.8521643126010895,0.009698207005858422,20.136563453674317,0.32226710945367815,184.81620033300715,6.309430458000861,191.12602262501605,8216.401231124997,2.705390539893611,7.924645549678103,0.09337630450725555,0.04159332908689976,0.004999397788196802,0.36835405230522156,0.02421016715466976,0.090561548396945,0.18906839579343795,0.10511380329728126,0.027150765247642993,0.04281966760754585,0.36669355630874634,0.06232419259846211,0.10093400940299034,0.1790439173579216,,,
44,0.000724418085384059,0.0007789435773156583,31.480187187194826,0.8514546132087708,0.009698207005858422,20.136563453674317,0.32226710945367815,184.51298124995083,6.3331045000231825,190.84648383397143,8407.301725375,2.709836438676768,7.8950221016907225,0.11807639576494694,0.05690532971173525,0.00732928654178977,0.4460965692996979,0.024985632132738828,0.1160836423188448,0.24915682196617125,0.12268002569675446,0.03998393006622791,0.045418113470077515,0.42096027731895447,0.06136101543903351,0.11736611142754555,0.22514371663331986,,,
45,0.000801975546963149,0.0008654095919337124,31.10728786468506,0.8352906906604767,0.009698207005858422,20.136563453674317,0.32226710945367815,184.236655833025,6.294820874987636,190.53188008302823,8597.887170957983,2.713900758452507,7.943037775494797,0.15141134336590767,0.058627989180386066,0.004572025965899229,0.4728394150733948,0.03366546582430601,0.1581995041668415,0.27892919033765795,0.14049656704068184,0.039315013885498046,0.03935534879565239,0.44575124979019165,0.07020636446774006,0.14033641934394836,0.2396545910835266,,,
46,0.0008057827907668979,0.0007797473663231358,31.468168716430664,0.8544681572914123,0.009698207005858422,20.136563453674317,0.32226710945367815,184.80061429104535,6.313067791983485,191.1140822500456,8789.054844291008,2.7056187119191186,7.920079689860362,0.08111086770892144,0.039500380679965016,0.008131531067192554,0.34363415837287903,0.02341869218274951,0.07417958103120327,0.17985814571380615,0.09086556151509285,0.024885557238012553,0.03419221565127373,0.32295462489128113,0.05312122292816639,0.08642198860645295,0.1620105656981468,,,
47,0.0007809373877098551,0.00077575044502737,31.49929244995117,0.8528950977325439,0.009698207005858422,20.136563453674317,0.32226710945367815,185.62942637497326,6.296197000017855,191.92603358300403,8981.034431707987,2.6935384640471556,7.941301709565029,0.11734932988882064,0.06066864870488644,0.005846103187650442,0.43547946214675903,0.021971805468201638,0.11247724145650864,0.24971827268600463,0.1191602024435997,0.04134789850562811,0.038676291704177856,0.41742727160453796,0.05762722119688988,0.11179310873150826,0.2184566777944565,,,
48,0.0007829756677456317,0.0007731359568424523,31.512142486572266,0.8553683972358703,0.009698207005858422,20.136563453674317,0.32226710945367815,184.38468912499957,6.281013333005831,190.66628333297558,9171.803204957978,2.71172190257639,7.960498943260815,0.11123236037790775,0.062178012654185294,0.00501630362123251,0.48624706268310547,0.02054290344938636,0.10218750894069671,0.2573976877331734,0.11090105772018433,0.0396855828911066,0.03731384500861168,0.42367860674858093,0.055448174849152564,0.1021949091553688,0.21350137174129485,,,
49,0.0007676589566617622,0.0007723926089238376,31.515601959228515,0.8553406190872193,0.009698207005858422,20.136563453674317,0.32226710945367815,184.15850729198428,6.273880166001618,190.43284558295272,9362.341297416016,2.7150524151851827,7.969549732707965,0.10049221627414226,0.05378604270517826,0.005837332457304001,0.41368159651756287,0.021759125739336013,0.09165946818888188,0.2243073472380638,0.10311202883720398,0.03394000601023436,0.03370463848114014,0.39302292466163635,0.05453413724899292,0.0952660308778286,0.18929943263530732,,,
50,0.0007813305035206213,0.0007745654601603746,31.501099891662598,0.8551974809169769,0.009698207005858422,20.136563453674317,0.32226710945367815,184.30823674995918,6.235347124980763,190.54398049996234,9552.991773875023,2.7128467442196977,8.01879975529899,0.09760523959994316,0.053615136928856374,0.0060021947138011456,0.4952927529811859,0.02125248484313488,0.08764986366033554,0.22696748077869416,0.10157099232077599,0.034133169949054715,0.03487363085150719,0.4681016504764557,0.05407514214515686,0.09329108655452728,0.19177149534225463,,,
51,0.0007670666177809835,0.0007700912523432635,31.533237380981447,0.8550522887706756,0.009698207005858422,20.136563453674317,0.32226710945367815,185.11985125002684,6.3224706670152955,191.44272754102712,9744.488621625002,2.7009529049625765,7.9083008262660615,0.10774118408560752,0.059161470457911494,0.0018687380943447351,0.5662776231765747,0.022743215803056955,0.09747766874730587,0.2505894461274147,0.10972264260053635,0.03677693422883749,0.02290290594100952,0.4370315670967102,0.05824698209762573,0.1008601489663124,0.2061416384577751,,,
52,0.0007639191467706041,0.0007837826263858006,31.462885780334474,0.8498640918731689,0.009698207005858422,20.136563453674317,0.32226710945367815,184.73664000001736,6.333120499970391,191.07031387498137,9935.66531433299,2.7065556675706186,7.89500215576725,0.1225526824593544,0.057910451143980024,0.0064436644315719604,0.4556441009044647,0.02742018539458513,0.11999028101563454,0.25168871611356736,0.12132110998034477,0.03711297180503607,0.040169745683670044,0.4293942451477051,0.06382863156497479,0.11622784540057182,0.21225049048662187,,,
53,0.000802699018327985,0.0007723090756917373,31.51979789733887,0.852955813407898,0.009698207005858422,20.136563453674317,0.32226710945367815,184.65582512499532,6.34991320798872,191.0061254169559,10126.725837833015,2.7077401953691154,7.8741233718117325,0.13248116813600064,0.07313396699726582,0.004869326949119568,0.5699394345283508,0.0237716163136065,0.12401381559669972,0.29583508491516114,0.12067007467150688,0.04351089250296354,0.031482961028814316,0.5066050887107849,0.0564462673664093,0.11266668394207954,0.2243880745768547,,,
54,0.000758343907354174,0.0007736322781420313,31.51443988800049,0.852629611492157,0.009698207005858422,20.136563453674317,0.32226710945367815,184.456258582999,6.352240165986586,190.8088899999857,10317.592788540991,2.710669748161552,7.8712389162688945,0.1283279028534889,0.07057292126119137,0.004420129116624594,0.5854154825210571,0.023266648482531307,0.1186990711838007,0.29400991171598434,0.12330578580498695,0.04421484474092722,0.03569159284234047,0.5064131021499634,0.06109976723790169,0.11300627186894417,0.2387458261847496,,,
55,0.0007707150177411676,0.0007708466064650565,31.522131690979005,0.8563205075263977,0.009698207005858422,20.136563453674317,0.32226710945367815,185.06202941702213,6.358933541981969,191.42138391698245,10509.071074415988,2.7017968060497757,7.8629536965432525,0.09660232461988925,0.05779191497713328,0.004570909775793552,0.5905227661132812,0.02006724325940013,0.08282028831541538,0.2489586728811264,0.09901179462671279,0.03224055975675583,0.035115763545036316,0.4253242611885071,0.055398612767457965,0.09072249546647072,0.19328398257493973,,,
56,0.0008044821152589066,0.0007729981542797759,31.517467460632325,0.8549552118778229,0.009698207005858422,20.136563453674317,0.32226710945367815,185.0157834579586,6.360373583971523,191.37653704197146,10700.503760541033,2.702472138619545,7.861173457798555,0.12591100066900254,0.07256752043962479,0.0019582516979426146,0.6274339556694031,0.020021143704652786,0.11564279004931449,0.29578588098287584,0.11376241520047188,0.04197880260646343,0.027325782924890518,0.41464972496032715,0.053467042446136474,0.10488432720303535,0.22134197860956192,,,
57,0.0007620900507636179,0.0007726648903917521,31.51234348297119,0.8566705060005187,0.009698207005858422,20.136563453674317,0.32226710945367815,184.8349029159872,6.33928424998885,191.17461187497247,10891.735140707984,2.705116794024906,7.887325765537007,0.08940360754728317,0.05154335848987102,0.0037172881420701742,0.5682438015937805,0.019970774333924055,0.07770179703831673,0.2221403142809868,0.09367992118000984,0.030930282045155764,0.02843523398041725,0.5109561085700989,0.05118762493133545,0.0865271183848381,0.18072690665721894,,,
58,0.0007813808158289248,0.0007678997376933693,31.540690078735352,0.8566450381278992,0.009698207005858422,20.136563453674317,0.32226710945367815,185.19561329099815,6.275190833024681,191.47142366599292,11083.263282500033,2.699847966778507,7.967885173605102,0.10897287607192993,0.06492782846093177,0.0031181366648525,0.49634838104248047,0.020103108230978252,0.09506001807749272,0.26415891259908675,0.10730555444955826,0.04039416752755642,0.030724966898560524,0.45729953050613403,0.05241375260055065,0.0966844168305397,0.21179835379123688,,,
59,0.0008064323873368266,0.0007686512140207924,31.533971900939942,0.8565962612628937,0.009698207005858422,20.136563453674317,0.32226710945367815,184.7001505419612,6.310689624981023,191.0112604579772,11274.378446999996,2.7070903761196843,7.923064351330756,0.10182373702526093,0.06065345998853445,0.004009270574897528,0.5180324912071228,0.020507554039359093,0.08644558988511562,0.25448565900325776,0.09718691229820252,0.03525381315499544,0.028301088139414787,0.45879435539245605,0.049700973853468895,0.08755017638206482,0.19417211920022964,,,
60,0.0007485952343085955,0.00082730028021615,31.21725414276123,0.846252452135086,0.009698207005858422,20.136563453674317,0.32226710945367815,185.08844174997648,6.307324249995872,191.39614324999275,11465.82828979101,2.7014112565462964,7.927291830609901,0.09937596127390862,0.05778113696724176,0.0031463035847991705,0.5169360637664795,0.020035448633134365,0.08936696976423264,0.2593450742959976,0.09455373719334602,0.03960306983441114,0.012154540047049522,0.4923843443393707,0.03592957738786936,0.08842050395905972,0.2104064118862152,,,
61,0.0007695821949919264,0.0007815027498872951,31.48079204559326,0.850408102273941,0.009698207005858422,20.136563453674317,0.32226710945367815,184.55437083297875,6.266967042000033,190.821748791961,11656.707768207998,2.7092287099095516,7.978340984547935,0.13582441985607147,0.07123338550329208,0.005963287316262722,0.5340515971183777,0.026783916875720026,0.12838487416505814,0.2925455364584923,0.1258597917854786,0.04406357303261757,0.037266407161951065,0.5060141682624817,0.06103911131620407,0.11766057923436164,0.23409757971763612,,,
62,0.0007612449632943026,0.0007651259409612976,31.55796417236328,0.8557280850410461,0.009698207005858422,20.136563453674317,0.32226710945367815,184.36544608301483,6.272291541972663,190.63819245802006,11847.398527915997,2.712004937057801,7.971568232345715,0.1175505769252777,0.07111191287636758,0.004797757603228092,0.6305157542228699,0.02138910174369812,0.10213490329682827,0.2901987114548683,0.11482014596462249,0.04541103821247816,0.03154423460364342,0.5019921064376831,0.05449119746685028,0.102995246052742,0.23899625211954117,,,
63,0.0007561084266253602,0.0007662144297501072,31.55127227783203,0.8554919338226319,0.009698207005858422,20.136563453674317,0.32226710945367815,184.47367087501334,6.099358499981463,190.5734315419686,12038.07524008298,2.7104138906563287,8.197583401623623,0.10077478550374508,0.053027458935976025,0.004238548688590527,0.4936906397342682,0.021475454550236462,0.09221932865679264,0.2346664822101593,0.09961454972624778,0.031537461839616296,0.030276834964752197,0.48182716965675354,0.05422376476228237,0.09358573943376541,0.1980979934334755,,,
64,0.0008021556835310548,0.0007634519349085167,31.567859687805175,0.85582364320755,0.009698207005858422,20.136563453674317,0.32226710945367815,184.64452341699507,6.285249875043519,190.93016724998597,12229.056351458014,2.707905930525849,7.955133207755531,0.11898635253310204,0.07294371202588082,0.0030836507212370634,0.6447762846946716,0.022802207972854375,0.10121497921645642,0.3028155905008316,0.10796836405992508,0.042704756446182726,0.0280773788690567,0.5648526549339294,0.05204186193645,0.09678762629628182,0.23492991030216218,,,
65,0.0007279894573966885,0.0007659485517069697,31.55251239776611,0.8557878386974335,0.009698207005858422,20.136563453674317,0.32226710945367815,184.64414470799966,6.276946624973789,190.9214752500411,12420.081256000034,2.707911484497443,7.965656391129308,0.09815423265099525,0.0538419221714139,0.006583134178072214,0.4656542241573334,0.022852379959076644,0.08669017314910889,0.22673625499010086,0.09950559630990029,0.03313851591199637,0.030027776956558228,0.44938093423843384,0.05232784427702427,0.09237432941794395,0.19363366335630416,,,
66,0.0007693521666733432,0.0007680908869951964,31.547489471435547,0.8544901478290557,0.009698207005858422,20.136563453674317,0.32226710945367815,184.39798095898004,6.3043274999945424,190.7028892499511,12610.83838000003,2.7115264353747275,7.931060053597038,0.10447169929742812,0.053231329917907716,0.0064925746992230415,0.5323900580406189,0.024439225178211926,0.09701781675219535,0.23289056956768037,0.10261239841580391,0.030628788508474825,0.034719571471214294,0.4851510524749756,0.05728762149810791,0.09693647980690002,0.19451098680496215,,,
67,0.0007806321258067328,0.0007628150217351504,31.57061653137207,0.8568249666690826,0.009698207005858422,20.136563453674317,0.32226710945367815,184.2020599580137,6.291315457958262,190.4937935420312,12801.390568958013,2.7144104692095627,7.94746350491009,0.12176351182162762,0.07562973901629448,0.0027179745957255363,0.62740159034729,0.020757030341774226,0.10376281015574933,0.30929709851741793,0.10646051615476608,0.04181990772485733,0.026061950251460075,0.48780661821365356,0.04846513569355011,0.09602074459195137,0.22131506055593492,,,
68,0.0007771373935115662,0.0007642668974585831,31.564816818237304,0.8545976662635804,0.009698207005858422,20.136563453674317,0.32226710945367815,184.20730558299692,6.265658250020351,190.47337220801273,12991.970235374989,2.714333171627217,7.980007527515181,0.12692021414637567,0.07430829249322414,0.002514420310035348,0.7130661606788635,0.02292769692838192,0.11337758824229241,0.3133675202727318,0.11340870350599289,0.04312825672328472,0.02812276780605316,0.49390479922294617,0.054217382073402404,0.1039486837387085,0.24364129602909088,,,
69,0.0007721910566197039,0.0007656768849119544,31.556500816345213,0.8542764246463775,0.009698207005858422,20.136563453674317,0.32226710945367815,184.60433770803502,6.315644999966025,190.92036104103317,13182.948399125016,2.7084954026962564,7.91684776460187,0.15046296283602714,0.09617488659918308,0.004943001549690962,0.7344499826431274,0.023233594484627248,0.12830205090343952,0.3771272188425064,0.1261957249045372,0.05422234944999218,0.02862909436225891,0.5730419754981995,0.054943299144506456,0.11165239080786706,0.27144690990448,,,
70,0.0008030442103327004,0.0007634703163057566,31.57059371948242,0.8548188519477844,0.009698207005858422,20.136563453674317,0.32226710945367815,184.82665883400477,6.260450540983584,191.0875372919836,13374.093162040983,2.705237454132937,7.986645637191547,0.134313121214509,0.08303989186882972,0.004391896538436413,0.652513325214386,0.02289889007806778,0.113709552064538,0.3323071098327637,0.11565269291400909,0.04600092776119709,0.029822129756212234,0.489854633808136,0.05401037037372589,0.10322754994034768,0.24112347453832628,,,
71,0.0007701951129347435,0.000769727113074623,31.522711639404296,0.8569449508190154,0.009698207005858422,20.136563453674317,0.32226710945367815,184.55685516702943,6.337319749989547,190.8945563340094,13565.044100083003,2.709192240773095,7.889770750494714,0.09347696483135223,0.061829898841679096,0.0032885887194424868,0.5711104869842529,0.01882606839761138,0.07370699673891068,0.26725674062967303,0.0901219667494297,0.03421527540311217,0.023984041064977646,0.4835927188396454,0.04580335006117821,0.080725814178586,0.19672375038266182,,,
72,0.000770689690175459,0.0007612013712059707,31.5793053817749,0.8558597314357758,0.009698207005858422,20.136563453674317,0.32226710945367815,185.10736995795742,6.341241499991156,191.44957562495256,13756.552264833008,2.701135022952153,7.884891310332485,0.1528278525918722,0.10489950515329838,0.004274534527212381,0.7790558934211731,0.02101145887747407,0.12435850210487842,0.3968265646696091,0.12799445033073426,0.05863234356045723,0.02618160843849182,0.5518586039543152,0.05146388456225395,0.11145128890872001,0.2795194062590599,,,
73,0.000779388459153779,0.0007590587210142985,31.59213161468506,0.8569239497184753,0.009698207005858422,20.136563453674317,0.32226710945367815,184.90487662504893,6.322249832970556,191.22757841600105,13947.89056416601,2.7040930943855126,7.908577060534657,0.13033653318881988,0.08644285880029201,0.005196025595068932,0.612415611743927,0.021109190620481968,0.10575868465006351,0.3446630963683128,0.10923699483275413,0.04249150320887565,0.029799768701195717,0.4753120541572571,0.05199183136224747,0.09780826583504677,0.2267196622490883,,,
74,0.0007827023654899676,0.0007610301242675632,31.579882164001464,0.8561771142482758,0.009698207005858422,20.136563453674317,0.32226710945367815,184.8607699170243,6.3169102080282755,191.17807212501066,14139.176363040984,2.704738275321625,7.91526210653653,0.12489984802901745,0.07678718283772469,0.0038230062928050756,0.586656391620636,0.019262455832213164,0.1080705713480711,0.31564623057842256,0.10362031057476997,0.03740174345672131,0.029216447845101357,0.4330834448337555,0.04984931953251362,0.09515521168708801,0.21010116428136827,,,
75,0.0008243603394230376,0.0007594772154698149,31.585843086242676,0.8576248133182526,0.009698207005858422,20.136563453674317,0.32226710945367815,184.68835037498502,6.331724375020713,191.02046445797896,14330.254849040997,2.707263338401241,7.896742978461762,0.09939345881342888,0.0624938053265214,0.0049119992181658745,0.5433297753334045,0.01994537752121687,0.08160969115793705,0.2758947545289993,0.09203076094388962,0.031576669439673424,0.023665130138397217,0.47590944170951843,0.047895690351724626,0.08511946216225624,0.19592214614152909,,,
76,0.0007784404596350214,0.0007682616083184257,31.533943862915038,0.8577880716323852,0.009698207005858422,20.136563453674317,0.32226710945367815,184.53950304200407,6.338746417022776,190.8786353750038,14521.191152375017,2.7094469842925295,7.887994993099019,0.09763163402676582,0.06494845733046532,0.0028966255486011505,0.4845985472202301,0.017644662968814374,0.07714913107454777,0.27283530235290526,0.08796467199921608,0.03059280853718519,0.02381497621536255,0.42697665095329285,0.04543151311576366,0.08030455119907856,0.17719426169991492,,,
77,0.00074085910463873,0.000758540733368136,31.59407569885254,0.8575465226173401,0.009698207005858422,20.136563453674317,0.32226710945367815,184.5979212920065,6.24248641601298,190.84079987497535,14712.089588999981,2.7085895469487666,8.009628963187163,0.14991726852953435,0.11234175361692905,0.0018628292018547654,0.8167414665222168,0.018927286714315414,0.11335845261812211,0.42654960215091703,0.11813268542289734,0.056487070508301256,0.01943608932197094,0.5502939820289612,0.04799277178943157,0.10033906519412994,0.27156722694635393,,,
78,0.0007700613089982653,0.0007756366062676534,31.509516258239746,0.850509295463562,0.009698207005858422,20.136563453674317,0.32226710945367815,184.85785520804347,6.3325550419976935,191.19082933303434,14903.387348166027,2.7047809217373424,7.89570713059713,0.14177870839834214,0.07613175265491008,0.005480579566210508,0.641331136226654,0.022528168559074403,0.1353567323833704,0.3193254467844963,0.10929940968751907,0.03696787435561419,0.025221291929483414,0.5519590377807617,0.05227306395769119,0.10425243079662323,0.23102475315332413,,,
79,0.00082621194924468,0.0007576439145486802,31.596697311401368,0.8578114569187164,0.009698207005858422,20.136563453674317,0.32226710945367815,184.77067145804176,6.288213125022594,191.05931970803067,15094.50453062501,2.7060571683506676,7.951384440364423,0.12337045259773731,0.0850868733227253,0.004628176335245371,0.6938254237174988,0.01977659160271287,0.0973380771279335,0.34401551306247713,0.1040432958304882,0.0430565257743001,0.024980392307043076,0.505168616771698,0.04890020214021206,0.09193943351507188,0.2311766415834427,,,
80,0.0007500280333561022,0.0007568273704964668,31.603674659729005,0.8573133552074432,0.009698207005858422,20.136563453674317,0.32226710945367815,184.25653399998555,6.289600290998351,190.54702091601212,15285.158900165989,2.7136079744126698,7.949630769312923,0.1141238284856081,0.07046357110142708,0.006087164860218763,0.5102328658103943,0.020439812913537025,0.09539045572280884,0.28505412697792054,0.10056185469031334,0.036146106272935866,0.028185665607452393,0.4157368838787079,0.05004589170217514,0.09132644265890122,0.19954280078411102,,,
81,0.0007548253592522087,0.0007609303315985016,31.582243576049805,0.8552883970737457,0.009698207005858422,20.136563453674317,0.32226710945367815,184.1237704170053,6.245823875011411,190.36999862501398,15475.634452625003,2.7155646382191456,8.005349014089619,0.15425401255488397,0.10637772984802724,0.0036777686327695847,0.656668484210968,0.02188059689477086,0.12240506000816823,0.4102501720190048,0.11797301277518273,0.05140623010694981,0.02389589697122574,0.5004472136497498,0.050156241804361346,0.10299620494246482,0.2547427606582642,,,
82,0.0007439143580595556,0.0007730087437084876,31.494340286254882,0.8563075351715088,0.009698207005858422,20.136563453674317,0.32226710945367815,184.4988502089982,6.319736999983434,190.8189782089903,15666.508870457998,2.7100439890742174,7.911721642867586,0.09160899378359318,0.06844923216849566,0.00536029739305377,0.5994855761528015,0.01851120648905635,0.06573185943067074,0.29745596528053286,0.08773219361901283,0.033773570768535134,0.023313602432608604,0.40801286697387695,0.044103172346949576,0.0783864427357912,0.19458161264657975,,,
83,0.00075877965622567,0.000770844032522291,31.531482963562013,0.8522279942035675,0.009698207005858422,20.136563453674317,0.32226710945367815,185.50959499995224,6.293954916996881,191.80395166599192,15858.368033958017,2.6952783763024697,7.944130623651999,0.1854901322722435,0.13103091716766357,0.0054733906872570515,0.689029335975647,0.023181459214538336,0.14592831566929818,0.4852612596750259,0.12775109216570854,0.05666739024221897,0.026489440351724625,0.5843055844306946,0.053224681988358495,0.110867111235857,0.271520531475544,,,
84,0.000753995354086328,0.0007610505356569774,31.582696647644042,0.8540744376182556,0.009698207005858422,20.136563453674317,0.32226710945367815,184.3596448750468,6.312311290996149,190.67235233302927,16049.097649250005,2.712090275173205,7.921028874371225,0.16707467585802077,0.11271476924419403,0.005610826890915632,0.6688154339790344,0.021346708070486786,0.13652864038944246,0.4300131070613861,0.12082644045352936,0.0508402007073164,0.02318252995610237,0.5148625373840332,0.05185116045176983,0.10715731456875802,0.2587554731965065,,,
85,0.0007410891782337785,0.0007581147219752893,31.60027500152588,0.8560613334178925,0.009698207005858422,20.136563453674317,0.32226710945367815,184.1216548329685,6.296744540974032,190.41901387501275,16239.575567416032,2.715595840443592,7.940611164172398,0.14513051219284534,0.09854787610471248,0.005788618698716164,0.7599315047264099,0.02227699939161539,0.11558691166341305,0.37623526334762575,0.11097188621759414,0.04357710845768452,0.024881979450583458,0.45809340476989746,0.051080955937504766,0.09952528059482574,0.22947411984205246,,,
86,0.0007420406964447466,0.0007560061002732254,31.605694732666016,0.8587222981452942,0.009698207005858422,20.136563453674317,0.32226710945367815,184.33385204104707,6.300357166968752,190.63459433300886,16430.268861291,2.7124697632242887,7.936058016224525,0.13150676921010018,0.09541543766856193,0.003337555332109332,0.6365241408348083,0.0184727874211967,0.10017094194889069,0.3686342591047287,0.09857018873095512,0.03892573371529579,0.01779446005821228,0.41482725739479065,0.04544735327363014,0.08842731848359107,0.2113700032234192,,,
87,0.000773287418349355,0.0007538963554543443,31.618813133239748,0.858051085472107,0.009698207005858422,20.136563453674317,0.32226710945367815,184.59463874995708,6.312041624973062,190.90707216598094,16621.285760040977,2.708637712264632,7.921367280307405,0.14478007145226002,0.10520040452480316,0.00509457103908062,0.6279236674308777,0.01885774239897728,0.11088958069682121,0.4031197381019592,0.10711990281939507,0.04555571403354406,0.019172538071870804,0.42675361037254333,0.04629083663225174,0.09393933907151222,0.22908541738986968,,,
88,0.0007899874642580471,0.0007542756630573422,31.618049507141112,0.8577496516704559,0.009698207005858422,20.136563453674317,0.32226710945367815,184.62102516600862,6.306893875007518,190.92831350001507,16812.320568000025,2.70825058820038,7.927832779640739,0.10893801979720592,0.07131638169288636,0.00484479870647192,0.5805620551109314,0.01989122750237584,0.08774656243622303,0.30380598723888397,0.09133052080869675,0.031298269890248774,0.024195758625864983,0.47789254784584045,0.047500599399209024,0.0846098455786705,0.1897949755191803,,,
89,0.0007661036308477378,0.0007539989479118958,31.61870868682861,0.8581258094310761,0.009698207005858422,20.136563453674317,0.32226710945367815,184.26578283298295,6.2798017500317656,190.5464631250361,17002.924497207976,2.7134717705739,7.9620347887171885,0.13103666596114635,0.09514249704778194,0.0046572755090892315,0.6052767634391785,0.020065078381448984,0.09867573320865632,0.37983530670404436,0.10222352594137192,0.042452406734228135,0.024364031851291656,0.4566403031349182,0.047389443516731265,0.08978275641798973,0.2260122326016426,,,
90,0.0008257241770456857,0.0007540818239795044,31.61650100708008,0.8580676925182342,0.009698207005858422,20.136563453674317,0.32226710945367815,184.203607250005,6.332377500017174,190.53641608299222,17193.51661624998,2.71438766843143,7.895928503925169,0.11775977686047553,0.0812228038161993,0.00542841712012887,0.60692298412323,0.01999859280884266,0.09144568711519241,0.32823238015174866,0.102467320561409,0.04205584805458784,0.021127665415406227,0.45365914702415466,0.04678819015622139,0.09081187829375267,0.2250516602396965,,,
91,0.0007532794602739159,0.0007751819313853048,31.50597282409668,0.8490580093860626,0.009698207005858422,20.136563453674317,0.32226710945367815,184.60702400002629,6.280760667053983,190.8881700829952,17384.462468666025,2.7084559902765606,7.960819182663222,0.21596649900078774,0.136765978038311,0.004529014695435762,0.7657641768455505,0.021157418247312307,0.19210931964218617,0.4931593668460846,0.1464445859193802,0.06357813879847526,0.022879241034388542,0.46034547686576843,0.05228084675967693,0.13306631579995154,0.28864659249782565,,,
92,0.0007789207267214806,0.0007574753533117473,31.59568386077881,0.8588961863517761,0.009698207005858422,20.136563453674317,0.32226710945367815,184.576028416981,6.316044375009369,190.8924642080092,17575.412752375007,2.708910817337751,7.9163471678309465,0.11834670595824719,0.08921665787696838,0.004016714170575142,0.6278003454208374,0.018155498523265125,0.0857183412089944,0.3581236445903778,0.09363159254193305,0.03759107906371355,0.020404759794473648,0.4247376024723053,0.04394405737519264,0.08305419921875,0.20690201371908187,,,
93,0.0006945652080257787,0.0007529044925468042,31.625742378234865,0.8578284370899201,0.009698207005858422,20.136563453674317,0.32226710945367815,184.49628170899814,6.297118540969677,190.79381750000175,17766.26552783302,2.7100817174659313,7.94013955346323,0.15175125010311605,0.11041439451277256,0.0030374389607459307,0.6065762042999268,0.017834630124270917,0.11626663841307164,0.4175624254345894,0.10650745153427124,0.04415527433156967,0.021687930449843407,0.34751296043395996,0.04547950282692909,0.09407687738537789,0.22189041316509248,,,
94,0.0007692936599169116,0.0007545754371676594,31.609078674316407,0.8582808816432953,0.009698207005858422,20.136563453674317,0.32226710945367815,184.1091551670106,6.300069125019945,190.40979991701897,17956.785877541,2.715780209552512,7.936420856309526,0.10281326971948147,0.07216696478426457,0.0027219655457884073,0.6242821216583252,0.01801659071817994,0.0784234008193016,0.3050569775700569,0.08926938220858574,0.03481826234608889,0.020216118544340134,0.3866702616214752,0.04398590713739395,0.0793386483937502,0.19740908950567246,,,
95,0.0007972113016458024,0.0007525619148509577,31.62902729034424,0.8574733746051788,0.009698207005858422,20.136563453674317,0.32226710945367815,184.52118895796593,6.310527541965712,190.83211504196515,18147.677401082998,2.709715902133605,7.9232678516169095,0.15304169103503226,0.11370140627026558,0.003049187595024705,0.815351128578186,0.019311984963715077,0.11396991640329361,0.43618293553590776,0.11139056608080863,0.05056544851511717,0.02150736004114151,0.4292997419834137,0.046197554618120196,0.09523688450455665,0.24809592157602312,,,
96,0.0008115147959888418,0.0007516568020218983,31.631691017150878,0.8571435201168061,0.009698207005858422,20.136563453674317,0.32226710945367815,184.61229629203444,6.298956125043333,190.91165845800424,18338.69548366603,2.7083786402237267,7.937823189656847,0.20009427092969417,0.15074323266744613,0.003311172127723694,0.7949762940406799,0.018417366221547125,0.15383519873023033,0.530726951956749,0.1295178671181202,0.06337956085801125,0.02089439146220684,0.47709593176841736,0.046567031517624854,0.11084463715553283,0.28282174438238145,,,
97,0.0007215521042999171,0.000752516204956919,31.629627418518066,0.8574404466152191,0.009698207005858422,20.136563453674317,0.32226710945367815,184.58541574998526,6.269930207985453,190.85576554195723,18529.65997329098,2.708773052131232,7.9745704244553535,0.15470189787447453,0.11872670069336891,0.004743896424770355,0.6036568880081177,0.019829145781695843,0.11139321967959404,0.4445129254460335,0.11141655698418618,0.04869415085762739,0.02171412669122219,0.438554972410202,0.048534052670001986,0.09600339993834496,0.24299925833940506,,,
98,0.000738265372294336,0.0007618250761879608,31.575253295898438,0.8592421340942383,0.009698207005858422,20.136563453674317,0.32226710945367815,184.1614884159644,6.275455333001446,190.437330249988,18720.15487595799,2.715008465128459,7.967549340533005,0.17498362049460411,0.1400104535371065,0.0024267765693366528,0.6825875043869019,0.015320296892896294,0.1258101573586464,0.4952983462810516,0.1126766076683998,0.056039385423064234,0.017035720869898796,0.45673418045043945,0.03951254565268755,0.09633301973342895,0.25458639800548555,,,
99,0.0007766096995283078,0.0007526448011049069,31.628285484313963,0.8564292204380035,0.009698207005858422,20.136563453674317,0.32226710945367815,184.24289812496863,6.2602882499923,190.50375666696345,18910.71254441602,2.713808809394971,7.9868526820728265,0.17353097781538962,0.1285546687990427,0.003125138580799103,0.6957072019577026,0.019733986388891935,0.13120321989059447,0.47904916942119596,0.11369984984397888,0.04998910520225763,0.021687010303139687,0.5076462626457214,0.046978650614619255,0.09928078174591065,0.24947200059890748,,,
100,0.000760830051342964,0.0007502488780301064,31.64077117919922,0.8584340965747833,0.009698207005858422,20.136563453674317,0.32226710945367815,185.9379563750117,6.286052665964235,192.22440587502206,19102.990734749998,2.689069030056282,7.954117258788567,0.13664034985005855,0.09955735325813293,0.0031606729608029127,0.6202167868614197,0.01884118627756834,0.10316370628774166,0.3914472261071205,0.10152363628149033,0.041519851312041285,0.02177167497575283,0.5120360255241394,0.04526001386344433,0.09011567279696464,0.21960982650518418,,,
101,0.0007585866085564703,0.0007498760399175808,31.641762199401857,0.8581586253643035,0.009698207005858422,20.136563453674317,0.32226710945367815,195.31211250001797,6.367886042047758,201.68097804201534,19304.67180220899,2.560005079049841,7.851899306904245,0.18243649154901503,0.13994487501680852,0.0030683916993439198,0.704892098903656,0.018410356398671866,0.13565826378762721,0.5117605322599411,0.11609156504273414,0.055186033584177493,0.01895686239004135,0.42609453201293945,0.04292580634355545,0.10007400885224342,0.2572295519709587,True,1000042.0,
102,0.0007464472122783263,0.000757448514632415,31.602552604675292,0.8551460719108581,0.009698207005858422,20.136563453674317,0.32226710945367815,193.218235333974,6.328910875017755,199.54754624998895,19504.353830292006,2.58774747184581,7.900253453934083,0.16088929086923598,0.11368243291974067,0.003905858611688018,0.6232540011405945,0.021364684887230395,0.12533213041722774,0.4422977691888809,0.10757123216986657,0.04442625854164362,0.020693404600024223,0.4250807464122772,0.04700122177600861,0.09540207266807556,0.23109220832586289,True,1000042.0,
103,0.00075936095607085,0.0007502456317888573,31.641871185302733,0.8579838502407074,0.009698207005858422,20.136563453674317,0.32226710945367815,192.81957195798168,6.331040624994785,199.15100608300418,19703.56884266704,2.593097759334087,7.897595823757834,0.1767337341606617,0.13702397458255292,0.003626807127147913,0.7497908473014832,0.01868837058544159,0.12903375037014483,0.5004660165309907,0.11248962670564651,0.050052456371486184,0.019425468519330025,0.3809688985347748,0.045434997752308845,0.09790456160902977,0.24172528296709062,True,1000042.0,
104,0.0007592835220802954,0.0007495529565494508,31.643080749511718,0.8580738317966461,0.009698207005858422,20.136563453674317,0.32226710945367815,193.7742685410194,6.271429124986753,200.04608966602245,19903.738841417013,2.5803219579392023,7.972664444343157,0.14968068562448025,0.11521846555173397,0.0022295531816780567,0.7453582286834717,0.01775951709598303,0.1097092704474926,0.457620835006237,0.10562276974320411,0.048701814338564874,0.019308922812342644,0.4410516321659088,0.04317466638982296,0.09085025936365128,0.2444995129108429,True,1000042.0,
105,0.0007575472884636838,0.0007503898386494257,31.63831035614014,0.8580380272865296,0.009698207005858422,20.136563453674317,0.32226710945367815,193.78006141696824,6.325748541974463,200.10671795898816,20103.969569709036,2.5802448215976144,7.904202904719549,0.15609509095549584,0.11462900534272194,0.002022325759753585,0.6611810326576233,0.01707031125202775,0.11946601450443267,0.4250356870889664,0.10643495365977287,0.0456003238260746,0.020081639289855957,0.49332165718078613,0.043893122151494025,0.09436193972826004,0.2279929479956627,True,1000042.0,
106,0.0007443691345533807,0.0007514425992849283,31.626979446411134,0.8588406240940094,0.009698207005858422,20.136563453674317,0.32226710945367815,193.48089716699906,6.327900999982376,199.80920554196928,20303.84499837499,2.584234450641581,7.901514262018205,0.1288753003627062,0.1035850240290165,0.0026939918752759695,0.674472451210022,0.017041107323020697,0.08738614030182362,0.40102042615413663,0.08923560008406639,0.034609512314200404,0.020364360883831978,0.38728877902030945,0.04231619246304035,0.07993398323655128,0.19136589214205743,True,1000042.0,
107,0.0007772021843493349,0.0007509076746646314,31.636499290466308,0.8562563443183899,0.009698207005858422,20.136563453674317,0.32226710945367815,193.01529245905112,6.340047292003874,199.35578441701364,20503.26458704204,2.590468317975773,7.886376504329938,0.18288192182779311,0.13127963237464427,0.0024646997917443514,0.8497792482376099,0.017959459889680146,0.1448502466082573,0.48041162848472596,0.11501002296805382,0.0493162889406085,0.019820263609290123,0.4207710921764374,0.045648804083466527,0.10225204020738601,0.24173490315675736,True,1000042.0,
108,0.0007218231050774193,0.0007485433632973582,31.64981719970703,0.8582767593860626,0.009698207005858422,20.136563453674317,0.32226710945367815,193.45253016694915,6.356190541991964,199.80911016697064,20703.13528425002,2.584613391039657,7.866346936844741,0.14995117649435996,0.1089789827913046,0.0016236457740888,0.7072436213493347,0.017265325346961617,0.11460692889988422,0.41508031994104383,0.10077918887138367,0.04122203428298235,0.013548833318054676,0.4207513928413391,0.04315456204116344,0.08995789431035518,0.21513525158166885,True,1000042.0,
109,0.0007386024367497157,0.0007487621781183406,31.647391357421874,0.8590366339683533,0.009698207005858422,20.136563453674317,0.32226710945367815,196.1348125829827,6.316720166010782,202.45212054095464,20905.710034749995,2.5492669731359134,7.915500241571831,0.14529081963002682,0.1101616282761097,0.002435048809275031,0.5979520082473755,0.01664537051692605,0.10672575570642948,0.41591200590133665,0.09631288513541221,0.038598784729838374,0.018556250259280205,0.3869083523750305,0.04240294732153416,0.08640085980296135,0.20389675468206406,True,1000042.0,
110,0.0007539722079627608,0.0007493508936022408,31.647809829711914,0.8572230637073517,0.009698207005858422,20.136563453674317,0.32226710945367815,195.68093308398966,6.32946916698711,202.01078412501374,21107.786989084037,2.5551799662841517,7.899556610653417,0.14358591943979263,0.10342001624405384,0.002718021161854267,0.6727992296218872,0.018386176023632288,0.10941176414489746,0.40004183739423754,0.10249003812670708,0.04068594951182604,0.018775111064314842,0.40340790152549744,0.04507060691714287,0.09211953282356262,0.21779671251773836,True,1000042.0,
111,0.000802150386994981,0.0007494319352554157,31.64516086578369,0.857190397977829,0.009698207005858422,20.136563453674317,0.32226710945367815,193.60015379195102,6.34637520799879,199.9469449169701,21307.79857837502,2.58264257649979,7.8785130663219265,0.13916811652481556,0.10014410398900508,0.0018619749462231994,0.6460072994232178,0.018182758586481215,0.10594880111515521,0.402993965446949,0.09646647334098817,0.03980092354118824,0.01466697733849287,0.5592877268791199,0.04247965086251497,0.0866026371717453,0.22348740369081496,True,1000042.0,
112,0.0007366256535688081,0.0007481302588712424,31.654082374572752,0.8579361736774445,0.009698207005858422,20.136563453674317,0.32226710945367815,192.68713433400262,6.3214196669869125,199.00894837500528,21506.87145504204,2.5948800459780736,7.909615661355445,0.15193037517368793,0.11333918683230877,0.0021760750096291304,0.7515532374382019,0.018546296060085298,0.1138110701739788,0.44404240310192106,0.09951054349541665,0.041335521750152114,0.01828867755830288,0.4831458032131195,0.04368830636143684,0.08878831669688225,0.22132563829421997,True,1000042.0,
113,0.0007789896973717987,0.0007557667809305712,31.611544723510743,0.8547771012783051,0.009698207005858422,20.136563453674317,0.32226710945367815,194.03254324995214,6.299119791947305,200.33261187496828,21707.328307167045,2.576887318102621,7.937616945135606,0.21796542897820473,0.16328352808952332,0.0023753943387418985,0.7897335886955261,0.019560408480465412,0.16839826859533788,0.5789312809705734,0.12920676320791244,0.06339066457003355,0.01835779659450054,0.493992418050766,0.045468908250331876,0.11105962991714477,0.2877039006352425,True,1000042.0,
114,0.0007357208155790431,0.0007502308749826624,31.638156547546387,0.8599279999732972,0.009698207005858422,20.136563453674317,0.32226710945367815,193.88831937499344,6.309599249972962,200.198411499965,21907.592262791994,2.5788041363800023,7.924433552608632,0.14212351232767106,0.11591272637248039,0.0016043614596128464,0.7071161270141602,0.01643419702537358,0.09768586337566376,0.44573044031858444,0.10265597365796567,0.05048492394387722,0.013941294513642788,0.4483238756656647,0.03901207804679871,0.08661268658936024,0.2443304368853569,True,1000042.0,
115,0.0007459133749052853,0.0007593865389935673,31.591057739257813,0.8533320844173431,0.009698207005858422,20.136563453674317,0.32226710945367815,193.39363695896463,6.313026542018633,199.70705016696593,22107.361279083998,2.5854004705754248,7.9201314404758,0.18872415363788606,0.12945008873939515,0.0030831422191113234,0.8086285591125488,0.020471744500100614,0.1542109553515911,0.4816447162628174,0.12390204936265946,0.05492793451994658,0.020574016496539116,0.48730888962745667,0.047367772236466404,0.10990029036998748,0.26668459981679915,True,1000042.0,
116,0.0007498195803800627,0.0007559376355493441,31.602897491455078,0.8590171098709106,0.009698207005858422,20.136563453674317,0.32226710945367815,193.11835545796202,6.321172667026985,199.4399201250053,22306.862325249997,2.589085842276862,7.909924729760044,0.09825020685791969,0.06888006746768952,0.0012918355641886592,0.4961244761943817,0.014666168270632624,0.07670944638550281,0.29151484787464144,0.09871554002165794,0.04090949457138777,0.014448625035583973,0.4162995517253876,0.04155726440250874,0.08779737293720245,0.21621261060237884,True,1000042.0,
117,0.0007512920406788908,0.0007472321018576622,31.65579174041748,0.8585829079151154,0.009698207005858422,20.136563453674317,0.32226710945367815,193.3983949579997,6.315455332980491,199.71426291699754,22506.637831292,2.5853368643963406,7.917085524917044,0.14889107882976532,0.11113413162529469,0.0017956901574507356,0.6722494959831238,0.016519342241808774,0.11180256143212318,0.4242940962314606,0.09885674476623535,0.041780953630805015,0.01706775650382042,0.45670461654663086,0.041241496838629245,0.08789890363812447,0.21817556589841844,True,1000042.0,
118,0.0007578590668954348,0.000749743680935353,31.644253120422363,0.8567229974269867,0.009698207005858422,20.136563453674317,0.32226710945367815,193.71562375000212,6.322957208030857,200.03919733403018,22706.798185667023,2.581103115592113,7.9076922957021525,0.17855902820825575,0.1346533814817667,0.0023577099200338125,1.0345810651779175,0.018429341949522494,0.13456011384725572,0.5078686904907227,0.10562782451510429,0.043828753381967546,0.016798172146081924,0.4629717469215393,0.04419768378138542,0.09453138872981072,0.23098314344882964,True,1000042.0,
119,0.0007884284976953495,0.0007463262241799385,31.660692901611327,0.8584483528137207,0.009698207005858422,20.136563453674317,0.32226710945367815,193.55509966699174,6.301735333981924,199.85724012501305,22906.71853487502,2.58324374227412,7.934322428677139,0.17863376274704934,0.14050360575318335,0.0014878379879519343,0.8779132962226868,0.016401554625481367,0.1296704241633415,0.5084859290719033,0.10497745484113694,0.04748081862926483,0.01616673544049263,0.46624556183815,0.04072581239044666,0.09185832887887954,0.232364159822464,True,1000042.0,
120,0.0007356981670263849,0.0007473459636094049,31.656995735168458,0.8581124544143677,0.009698207005858422,20.136563453674317,0.32226710945367815,193.99849762499798,6.348283458035439,200.3471587499953,23107.18848725001,2.5773395470644704,7.876144839864029,0.1484909487515688,0.10961937949061394,0.0022593000903725624,0.7949766516685486,0.0175782810524106,0.11246461100876332,0.4220752429962158,0.10069441631436347,0.04101365886628628,0.016814295202493668,0.44298410415649414,0.04303531318902969,0.09101545996963978,0.22352543115615844,True,1000042.0,
121,0.0007795665438507058,0.0007470569026190787,31.65722152709961,0.859355685710907,0.009698207005858422,20.136563453674317,0.32226710945367815,192.8578697500052,6.304415999969933,199.16268974996638,23306.416680625,2.5925828209558275,7.9309487191578825,0.12382125660777092,0.09107082106173038,0.002869789954274893,0.7259848117828369,0.018010384682565928,0.09260834626853466,0.3677167570590973,0.09079536944627761,0.03638310752809048,0.017796844244003296,0.49068981409072876,0.04129031263291836,0.08209065966308117,0.20295418590307235,True,1000042.0,
122,0.0007916817051250291,0.0007495404439396225,31.642785911560058,0.8561094236373902,0.009698207005858422,20.136563453674317,0.32226710945367815,193.97401658300078,6.342198583006393,200.31663183297496,23506.797525083995,2.5776648275262777,7.883701423978196,0.1779752068966627,0.12837081782519819,0.0016903845826163888,0.848322868347168,0.017574326656758784,0.1395539228618145,0.4692094975709915,0.11331669852137566,0.051546507850289344,0.014696198515594006,0.5992087721824646,0.04354678422212601,0.09927021116018295,0.25000625252723696,True,1000042.0,
123,0.0007553409325528264,0.0007468491792678833,31.656161155700683,0.859549287557602,0.009698207005858422,20.136563453674317,0.32226710945367815,193.76123791595455,6.295072291977704,200.0568959999946,23706.91956137499,2.5804954870121075,7.942720540909254,0.13141351796686648,0.09603709124028682,0.001690712757408619,0.7700888514518738,0.0163511043228209,0.10039080269634723,0.376228321492672,0.09374704226851463,0.039797704108059405,0.017812039703130722,0.4307157099246979,0.0394638841971755,0.08389208778738975,0.21038111686706543,True,1000042.0,
124,0.0007284690832575506,0.0007486766393412836,31.6501912689209,0.856565991640091,0.009698207005858422,20.136563453674317,0.32226710945367815,193.35013916599564,6.28781120799249,199.63834262499586,23906.62081033399,2.58598210560758,7.951892693031969,0.19934266149997712,0.15488626070320607,0.001643477356992662,0.8420568704605103,0.01803793371655047,0.14807247765362264,0.5580711716413498,0.11551979407668114,0.053974424675107005,0.019070610404014587,0.5248324871063232,0.04448493584990501,0.10009362637996673,0.26064363837242127,True,1000042.0,
125,0.0007407765802463473,0.0007484010158805177,31.644383277893066,0.8590215873718262,0.009698207005858422,20.136563453674317,0.32226710945367815,192.9232458329643,6.331362749973778,199.25499449996278,24105.93689570902,2.591704269960848,7.897194012490768,0.11027627758681774,0.08179958045482635,0.002445030491799116,0.6885923743247986,0.01760602254420519,0.08026355139911175,0.3327468353509903,0.08106955379247666,0.028654248639941215,0.018357528373599052,0.41005823016166687,0.04006661154329777,0.07512417674064636,0.17067351192235947,True,1000042.0,
126,0.0007580880065124802,0.0007461456477176398,31.66245071411133,0.8572901833057404,0.009698207005858422,20.136563453674317,0.32226710945367815,193.45786670799134,6.324652540963143,199.7829047080013,24305.782762000046,2.584542094401923,7.905572626506025,0.1866113919019699,0.13955310255289077,0.001955375773832202,0.9855895042419434,0.01711018530651927,0.14350001975893975,0.5088119959831238,0.10813000187277794,0.04860492188483476,0.018823454156517982,0.5151988863945007,0.04153367813676596,0.0955391651391983,0.24499191462993622,True,1000042.0,
127,0.0007667325057736889,0.0007523852871963755,31.627419357299804,0.8580823278427124,0.009698207005858422,20.136563453674317,0.32226710945367815,193.80691670899978,6.345511249965057,200.15282704203855,24506.060509084025,2.5798872841610074,7.879585746581938,0.0859866637736559,0.05369860637933016,0.0027132760733366013,0.6164172291755676,0.01883000919595361,0.06991841964423656,0.2470649853348732,0.10424208208918571,0.04340570002794266,0.018008392304182053,0.43386316299438477,0.04338828071951866,0.09285187810659408,0.2299100226163864,True,1000042.0,
128,0.0007305741391046467,0.0007437185035087168,31.67550235748291,0.8589717543125153,0.009698207005858422,20.136563453674317,0.32226710945367815,193.5875496249646,6.325133500038646,199.9130646249978,24706.038673125033,2.582810728110591,7.904971491857761,0.16364319823682308,0.12510413624346256,0.00222936668433249,0.8587424159049988,0.016756658051162956,0.12198002725839614,0.466717132627964,0.09570678770542144,0.039260143749415874,0.019738784059882164,0.4836263656616211,0.040952576138079164,0.08673271164298058,0.21300211519002915,True,1000042.0,
129,0.0007416997981008535,0.0007459218747681007,31.66201976776123,0.8599660050868988,0.009698207005858422,20.136563453674317,0.32226710945367815,193.19997850002255,6.289832292008214,199.49021279101726,24905.652265209006,2.58799200642738,7.9493375464922025,0.11504227355122566,0.0844072762131691,0.0033832022454589605,0.7036709785461426,0.016623000502586364,0.08670666806399822,0.34987328737974166,0.0836379024386406,0.03310917273163796,0.016123056411743164,0.4665398597717285,0.0380522895604372,0.07685255363583565,0.19123031288385392,True,1000042.0,
130,0.0007599239129167472,0.0007441758934874088,31.672617416381836,0.8596194624900818,0.009698207005858422,20.136563453674317,0.32226710945367815,193.08771875000093,6.3215333329862915,199.40981712500798,25105.128326334,2.5894966455498487,7.909473440422405,0.14710853025317192,0.10969368606805802,0.0018709844443947077,0.9076573252677917,0.016006482718512415,0.11171458289027214,0.4137123936414719,0.10086143732070924,0.046970247812569144,0.016410773620009422,0.5058866739273071,0.03758779164403677,0.08831495821475982,0.23201246947050094,True,1000042.0,
131,0.0007525447167586207,0.0007764960391796194,31.487228126525878,0.8585164952278137,0.009698207005858422,20.136563453674317,0.32226710945367815,193.9025266249664,6.321955457970034,200.2248887079768,25305.417120416998,2.5786151872433685,7.908945314849606,0.09459807120263576,0.07345605716109276,0.0017319975886493921,0.7569822669029236,0.012980827735736966,0.06883507829159498,0.3042787563800812,0.07796383559703828,0.032189965806901456,0.012269994243979454,0.4429478645324707,0.03354540694504976,0.07124705657362938,0.18043073996901512,True,1000042.0,
132,0.0007261465998763015,0.0007486824598163367,31.652332153320312,0.8569423377513885,0.009698207005858422,20.136563453674317,0.32226710945367815,193.7546351670171,6.359304582991172,200.1143274999922,25505.59542979201,2.5805834248507056,7.862494923380746,0.15193274706602097,0.11014588676393032,0.002174756722524762,0.9676932692527771,0.01845714770257473,0.11805075190961362,0.43740872383117674,0.0961434644460678,0.039552916176617145,0.018579130992293358,0.6150379776954651,0.04238220430910587,0.08830465063452721,0.2274481838941574,True,1000042.0,
133,0.0007336396389810033,0.000744685847312212,31.669192123413087,0.8587708723545074,0.009698207005858422,20.136563453674317,0.32226710945367815,193.11481375002768,6.306375208019745,199.42175283300458,25705.080900167,2.5891333258732376,7.928484803190203,0.1320064577460289,0.09323966972529889,0.0020161692518740892,0.887581467628479,0.01743184173479676,0.1042009737342596,0.3889584141969681,0.08662424832582474,0.035671457313001156,0.01711259037256241,0.5505700707435608,0.03888724982738495,0.07953596994280815,0.20552790865302087,True,1000042.0,
134,0.0007216855076994761,0.0007429475337266922,31.678286018371583,0.8598118722438812,0.009698207005858422,20.136563453674317,0.32226710945367815,192.86143120902125,6.33271662495099,199.1945495000109,25904.33772120904,2.592534945248359,7.895505667030689,0.12387792512774468,0.08729862742125988,0.0020928969606757164,0.8581756949424744,0.015526762548834085,0.0985914908349514,0.3705316483974457,0.08408132784068584,0.03271256636828184,0.014953406527638435,0.5093849301338196,0.03797016888856888,0.0781495401263237,0.19188479110598564,True,1000042.0,
135,0.0007255543114586089,0.0007435813546180725,31.673859901428223,0.8599198150634766,0.009698207005858422,20.136563453674317,0.32226710945367815,193.81947733298875,6.325083374977112,200.14497954101535,26104.605393292033,2.579720092532198,7.905034137226837,0.11974753990769386,0.08710314653813839,0.001988745527341962,0.799045205116272,0.015988956904038787,0.09198246747255326,0.3563870075345039,0.08168799452483654,0.03021112147718668,0.015162291005253792,0.4696134626865387,0.03867005825042725,0.07643593095242977,0.18585425734519959,True,1000042.0,
136,0.0007298687929642256,0.0007462624955223874,31.663631286621094,0.8587620258331299,0.009698207005858422,20.136563453674317,0.32226710945367815,193.66912633401807,6.319235417002346,199.98875683400547,26304.656598042,2.5817228045819647,7.912349627847617,0.11967851929366588,0.08690665520727635,0.0023571394849568605,0.8055741190910339,0.018089916668832303,0.09103222407400607,0.37072963774204254,0.0875581656396389,0.035197220593690876,0.017703352496027946,0.5127145051956177,0.03987853329628706,0.08083813443779946,0.20757372677326202,True,1000042.0,
137,0.0007726297082676865,0.0007438974207616411,31.676103630065917,0.8584562468528748,0.009698207005858422,20.136563453674317,0.32226710945367815,193.29050354199717,6.378908624988981,199.66979133395944,26504.391290750005,2.586779954719103,7.838331435588854,0.14569787964224815,0.10583882808685302,0.0016591664170846343,0.916018009185791,0.017085745111107827,0.11422660447657108,0.4354226118326187,0.09068272724747657,0.0362293441966176,0.018244804814457893,0.5034541487693787,0.04109574984759092,0.08399352625012398,0.2153188219666481,True,1000042.0,
138,0.0007472479540201675,0.0007428907358553261,31.67961902618408,0.859650149345398,0.009698207005858422,20.136563453674317,0.32226710945367815,192.9508998329984,6.335995499975979,199.28728454199154,26703.740920209035,2.5913328231832904,7.8914197461455835,0.13343823567032814,0.09624658741056918,0.00159525778144598,0.7705197930335999,0.0163269854336977,0.10404372975230217,0.3910956507921219,0.07905340164899827,0.030371045619249346,0.017895901575684547,0.5596898198127747,0.03799738839268684,0.07440481729805469,0.1911214356124401,True,1000042.0,
139,0.0007502207596576227,0.0007430030271643773,31.679073181152344,0.8599474239349365,0.009698207005858422,20.136563453674317,0.32226710945367815,194.70376620796742,6.317513207963202,201.0216691250098,26904.886699167022,2.568003740954548,7.914506603163913,0.12000204481184483,0.08481521844863892,0.0018654151353985071,0.7700101733207703,0.01616330474615097,0.09477105706930161,0.36267721474170683,0.08067900933325291,0.03142374463379383,0.015254556201398373,0.5449153184890747,0.03758176583796739,0.07524157889187336,0.1924719098210335,True,1000042.0,
140,0.0007436576424888699,0.0007502805406693369,31.644311141967773,0.8562315440177918,0.009698207005858422,20.136563453674317,0.32226710945367815,194.04905649996363,6.305350666982122,200.35550441697706,27105.30621775001,2.5766680293036814,7.929773083331318,0.12495618537068368,0.07615322954952716,0.0023705631028860807,0.7760509848594666,0.01820373022928834,0.11129403315484523,0.3473312985897064,0.08726107686758042,0.031490697115659716,0.01826450042426586,0.5179575085639954,0.04256325826048851,0.08211808308959007,0.20488439947366716,True,1000042.0,
141,0.0007622198818371544,0.0007425023976247758,31.682414474487306,0.8597934818267823,0.009698207005858422,20.136563453674317,0.32226710945367815,193.64145649998682,6.31838858302217,199.960247082985,27305.331530000025,2.5820917123706617,7.913410095471579,0.11103580951690674,0.07678713493049144,0.0017965801525861025,0.8828728795051575,0.016362608782947062,0.09146835912019015,0.3617321375012398,0.08197544559836388,0.033140008337795734,0.01676233857870102,0.5396034717559814,0.03757395975291729,0.07611744537949562,0.20229182690382003,True,1000042.0,
142,0.0007381716409668116,0.0007430165057303383,31.6797509765625,0.8592260158061982,0.009698207005858422,20.136563453674317,0.32226710945367815,193.05394445802085,6.318517875042744,199.37287341599585,27504.82587304199,2.589949671340302,7.913248168133379,0.12357180863618851,0.08645400747656823,0.002390165813267231,1.0877984762191772,0.016757321637123825,0.10161342948675156,0.3917322897911072,0.08397237733006477,0.03376659981906414,0.01652291603386402,0.4970088005065918,0.038767474927008154,0.07756667688488961,0.2077630877494812,True,1000042.0,
143,0.0007173613269078487,0.0007434749393723905,31.673554649353026,0.86034499168396,0.009698207005858422,20.136563453674317,0.32226710945367815,193.06987558398396,6.347218541020993,199.4174877500045,27704.305293459038,2.589735962110276,7.8774662754809075,0.09404064916074276,0.0627314829453826,0.001989867305383086,0.9285185933113098,0.015447717644274234,0.07796151012182236,0.2942257669568062,0.07556997254490852,0.029075683504343034,0.01605142280459404,0.4841281473636627,0.03572426315397024,0.07019143059849739,0.18361870482563972,True,1000042.0,
144,0.0007395834332155573,0.0007432554240222089,31.680130767822266,0.8590387058258057,0.009698207005858422,20.136563453674317,0.32226710945367815,194.36891483399086,6.254918000020552,200.6247994590085,27904.993224417034,2.5724278001296996,7.993709909520111,0.09982687830924988,0.06395441845059395,0.002683954080566764,0.8081325888633728,0.01682483248412609,0.08411958947777748,0.2950868764519691,0.0786926406621933,0.027052892036736012,0.017259204760193825,0.40151938796043396,0.03969927839934826,0.07395181730389595,0.18284504979848862,True,1000042.0,
145,0.0007405728369813005,0.0007420308623113669,31.6852294921875,0.859085909128189,0.009698207005858422,20.136563453674317,0.32226710945367815,194.17106795898871,6.32710270897951,200.49854975001654,28105.553983249993,2.5750489259584546,7.902511196639708,0.13014418080449106,0.08884600780904293,0.0017524404684081674,0.9165700078010559,0.015841340562328696,0.10988716505467892,0.3891243389248848,0.08407484278082848,0.034213315285742285,0.01546139270067215,0.5834607481956482,0.03782178513705731,0.07763175785541535,0.205121248960495,True,1000042.0,
146,0.0007266687117162291,0.0007446315843844787,31.670738487243653,0.8604479861259461,0.009698207005858422,20.136563453674317,0.32226710945367815,193.4919093750068,6.346585874969605,199.8389041670016,28305.515572083998,2.5840873740666317,7.8782515489463,0.08918988734483718,0.05642727870494127,0.0017538107931613922,0.69214928150177,0.015230207461863756,0.07718992255628108,0.26689267992973326,0.07455877706408501,0.029287946037948133,0.011285834014415741,0.4790225923061371,0.035958264991641044,0.0694520577043295,0.18218424528837204,True,1000042.0,
147,0.0007567731473623098,0.0007465321576455608,31.663827934265136,0.8574751830101013,0.009698207005858422,20.136563453674317,0.32226710945367815,192.80757445801282,6.342374124971684,199.15034699998796,28504.73202408402,2.5932591154964384,7.883483221706545,0.11060083389282227,0.06857173912227153,0.0019936184398829937,0.8116294145584106,0.01821257734671235,0.0955114333331585,0.30979802399873735,0.08134590029716492,0.03228817105293274,0.017961647361516953,0.5330039858818054,0.039496377557516095,0.07520384550094604,0.20247570008039475,True,1000042.0,
148,0.0007555407008699149,0.0007587707671336829,31.601964263916017,0.8556881260871887,0.009698207005858422,20.136563453674317,0.32226710945367815,193.60196158400504,6.322614207980223,199.92498170898762,28704.721203542023,2.5826184606246723,7.90812128579527,0.11825262993574143,0.0748781231790781,0.0033696487080305815,0.9138625264167786,0.020141442101448775,0.10297178290784359,0.35812902480363845,0.08410804316401482,0.033616797626018526,0.018872147426009178,0.5448715090751648,0.040866751447319986,0.0777009853720665,0.21280288606882095,True,1000042.0,
149,0.0007473619566171691,0.0007406243204604834,31.694191284179688,0.8594696187973022,0.009698207005858422,20.136563453674317,0.32226710945367815,194.6610167089966,6.293746541021392,200.95537129201693,28905.74154287501,2.5685677001649587,7.94439364122942,0.10879852421581745,0.07201399773359299,0.0019665274303406477,0.8089755177497864,0.016407687040045856,0.09212639689445495,0.33596683979034425,0.0776440317928791,0.03227681703865528,0.016099009662866592,0.5467943549156189,0.03727886032313108,0.07141153171658515,0.20301036894321442,True,1000042.0,
150,0.0007323961318452348,0.000759143567411229,31.60037738800049,0.8536693608760834,0.009698207005858422,20.136563453674317,0.32226710945367815,193.47875612496864,6.288803791976534,199.7679524999694,29105.62834558403,2.5842630478616897,7.9506376178871525,0.1221102350205183,0.07264006584882736,0.0006367514142766595,0.7391793131828308,0.01659607038833201,0.1139422021061182,0.3598466998338699,0.0940098848938942,0.03696741428226233,0.011992597952485085,0.587504506111145,0.04161065392196178,0.08790747046470643,0.2308262199163437,True,1000042.0,
151,0.0007240224746174136,0.0007438249338883907,31.67811424255371,0.8580065536499023,0.009698207005858422,20.136563453674317,0.32226710945367815,192.82440433400916,6.294797375041526,199.11960120900767,29304.808337791997,2.5930327736623178,7.943067428706576,0.12188501134514809,0.07663919441401959,0.0018778637750074267,0.803142249584198,0.016951297000050543,0.10750168800354004,0.3507490947842598,0.07963064134120941,0.03425038117915392,0.017498444765806198,0.5062009692192078,0.03694779541343451,0.07265219181776046,0.20841750055551528,True,1000042.0,
152,0.0008147854701874166,0.0007409952793386765,31.691270294189454,0.8603147888183593,0.009698207005858422,20.136563453674317,0.32226710945367815,192.73851491604,6.296638250001706,199.03554004104808,29503.904791959038,2.594188298160376,7.940745206378412,0.10812023907899856,0.06980432517826557,0.0013940229546278715,0.792768120765686,0.015443038856610657,0.0925883112847805,0.3075408887863159,0.07383953779935837,0.031251902393996715,0.013437576591968536,0.46630236506462097,0.03382224630564451,0.06741274379193783,0.19388648763298988,True,1000042.0,
153,0.0007294286476244451,0.0007426698104245588,31.685212898254395,0.8585247695446014,0.009698207005858422,20.136563453674317,0.32226710945367815,193.59942504100036,6.279920166998636,199.87991716596298,29703.844846084015,2.5826522981362694,7.961884653049103,0.11206620611250401,0.07037105910480022,0.00227207294665277,0.9523575901985168,0.016321144457906486,0.09936657175421715,0.3277251422405243,0.07796757087111474,0.031381079368293284,0.016164695844054222,0.5093121528625488,0.03688652094453573,0.07167385965585708,0.1912045332789421,True,1000042.0,
154,0.000753001967052569,0.0007425737765152007,31.682222023010254,0.8598567819595337,0.009698207005858422,20.136563453674317,0.32226710945367815,193.64969512500102,6.290269584045745,199.94036066596163,29903.844231709023,2.5819818599623905,7.9487849180291,0.10009394697844982,0.06606991458684205,0.0021330825984477997,0.7579736113548279,0.015514114908874034,0.08381850361824035,0.30613676518201827,0.07397677883505821,0.031162929385900498,0.015459124930202961,0.4212295711040497,0.03397031456232071,0.06764526799321174,0.1944290032982826,True,1000042.0,
155,0.000743837195006563,0.0007397137861698866,31.700370254516603,0.8597222709655762,0.009698207005858422,20.136563453674317,0.32226710945367815,193.72175658401102,6.279382249980699,200.00154716696125,30103.908603834047,2.581021403154404,7.962566699957417,0.1266169998794794,0.08544813305139541,0.0027475187089294195,0.9219741821289062,0.016276610847562552,0.10643204569816589,0.37567034751176837,0.07769544415175915,0.035485115870833396,0.015351581387221813,0.5392676591873169,0.0343526766076684,0.07004006862640381,0.21369587659835815,True,1000042.0,
156,0.0007454893058379639,0.0007438361321692355,31.679934043884277,0.8576914978027343,0.009698207005858422,20.136563453674317,0.32226710945367815,192.5494975419715,6.290158207993954,198.8402253750246,30302.87731058401,2.5967348987291494,7.948925662387418,0.11554536707699299,0.07003100745379925,0.0020426977425813675,0.9429695010185242,0.016965019647032023,0.10564855888485908,0.33451104938983917,0.08144210949540139,0.03504658784717321,0.017883680760860443,0.49664559960365295,0.036371092088520525,0.07428936555981636,0.21894242852926254,True,1000042.0,
157,0.0007596734811386341,0.000738652084255591,31.705370292663574,0.8610446977615357,0.009698207005858422,20.136563453674317,0.32226710945367815,193.83381687500514,6.287530292000156,200.12178058404243,30503.059700792015,2.5795292486162404,7.952247969861353,0.09510988719761372,0.06233165271580219,0.0016643487615510821,0.8723735809326172,0.015161094460636378,0.08025119476020336,0.2858867719769478,0.07584496788680553,0.03156996507197619,0.015490496531128883,0.4641847610473633,0.03405089769512415,0.0693690388649702,0.1943746590614319,True,1000042.0,
158,0.0007290671205873877,0.0007405426038894803,31.69748294830322,0.8591360414028167,0.009698207005858422,20.136563453674317,0.32226710945367815,193.60789695801213,6.296682625019457,199.90501933300402,30703.084319000016,2.5825392861347765,7.94068924505235,0.114453504383564,0.06808050863444805,0.001401052693836391,0.7649733424186707,0.016305143889039756,0.10354266002774239,0.2951931229233742,0.07915612712502479,0.03464888133108616,0.014155508950352669,0.44165000319480896,0.03349909279495478,0.07169402554631234,0.20509513914585115,True,1000042.0,
159,0.0006954552830993635,0.0007420348029700108,31.69005714416504,0.858876793384552,0.009698207005858422,20.136563453674317,0.32226710945367815,193.07679787499364,6.309537834022194,199.38672241702443,30902.534395124996,2.589643113533102,7.924510687675214,0.11500650018453598,0.07312234029173852,0.0016483556246384978,0.7914857268333435,0.017011249475181102,0.09986475184559822,0.32905416309833524,0.082847118973732,0.03815126772969961,0.014756820164620876,0.49966898560523987,0.033776148594915865,0.074332827180624,0.2195642340183258,True,1000042.0,
160,0.0007346866020125162,0.000741963715699967,31.68361328125,0.861585865020752,0.009698207005858422,20.136563453674317,0.32226710945367815,192.78645362501265,6.303135249996558,199.08996570901945,31101.687725541997,2.593543221519837,7.932560228661967,0.08050755321979523,0.05253635577857494,0.001836545648984611,0.7938479781150818,0.014546039057895541,0.06681984405964612,0.2446957051753998,0.07379382237792015,0.030619243755936623,0.015973171219229698,0.44667062163352966,0.03248899888247252,0.06762115366756916,0.18593025118112563,True,1000042.0,
161,0.000784357096927124,0.0007383855889202095,31.709459228515627,0.8613433802127838,0.009698207005858422,20.136563453674317,0.32226710945367815,193.424300957995,6.34078370797215,199.766007624974,31301.517240834015,2.5849906010960977,7.885460583860623,0.11077500618994236,0.07713400222361087,0.0011087002931162715,1.0751397609710693,0.014323840215802193,0.0919182524457574,0.34825160920619963,0.07970364466309547,0.03950679570436478,0.013439672067761421,0.6021211743354797,0.030496863834559917,0.0704582691937685,0.2230045258998871,True,1000042.0,
162,0.0007210208224596499,0.0007393113715806976,31.705765228271485,0.8597682857513428,0.009698207005858422,20.136563453674317,0.32226710945367815,193.42464200005634,6.318371083994862,199.7433901670156,31501.385604500014,2.584986043297701,7.913432012034806,0.12119633235037326,0.07587213337421417,0.0020331197883933783,0.8772498965263367,0.016288033872842788,0.10676647186279296,0.32484948724508284,0.08278989382088184,0.04061332553625107,0.013695376925170422,0.49298569560050964,0.029964355416595936,0.07320672787725925,0.22380037367343902,True,1000042.0,
163,0.0007202036540265908,0.000737730892142281,31.713324546813965,0.8618526649475098,0.009698207005858422,20.136563453674317,0.32226710945367815,193.3491307499935,6.316996665962506,199.666526874993,31701.116144792002,2.585995592845544,7.915153773851425,0.09013913452625275,0.05908182352781296,0.00136446428950876,0.8621832728385925,0.015151125267148019,0.07618983831256627,0.2799288588762283,0.07614795371890068,0.03509926065802574,0.011323927901685238,0.46496057510375977,0.028367095068097113,0.06890829548239708,0.20072760820388794,True,1000042.0,
164,0.0007536633211402659,0.0007377820354304277,31.715246505737305,0.8610264277458191,0.009698207005858422,20.136563453674317,0.32226710945367815,192.83683383400785,6.290173624991439,199.12740516697522,31900.366276417044,2.592865637020339,7.948906179846196,0.10962185643613338,0.07501185163855553,0.0018196201417595148,0.9545613527297974,0.016352068837732076,0.0899175101518631,0.3303861203789711,0.08206804439425469,0.04083052165806293,0.010911460965871811,0.49033257365226746,0.027768060266971588,0.07237652398645877,0.22450375258922578,True,1000042.0,
165,0.0007530242529592215,0.0007389337697532028,31.706963272094725,0.8617735207080841,0.009698207005858422,20.136563453674317,0.32226710945367815,192.69842899998184,6.286594333010726,198.98542158299824,32099.471059917007,2.594727951830096,7.953431914232391,0.1122247850894928,0.07532104142010212,0.0016388454241678119,0.8005102276802063,0.014816036662086845,0.09388134494423866,0.32067055761814117,0.08089350864291191,0.04273797586560249,0.0082688108086586,0.47144919633865356,0.02500931318849325,0.0703292167186737,0.23037280589342118,True,1000042.0,
166,0.0007048566317307632,0.0007375127318664454,31.714352684020994,0.8618107378482819,0.009698207005858422,20.136563453674317,0.32226710945367815,193.4526325839688,6.3067634999752045,199.76034974999493,32299.29498629202,2.584612022702628,7.927996665832892,0.0934333360940218,0.06054318249225617,0.0016982374945655465,0.7976157069206238,0.015162809332832695,0.0786036392301321,0.27241075605154036,0.07587488278746606,0.03599408432841301,0.007346002850681543,0.43437978625297546,0.02487309239804745,0.06812313169240952,0.20196334689855575,True,1000042.0,
167,0.0007042677989288677,0.0007356567704118788,31.729188995361326,0.8618271744251251,0.009698207005858422,20.136563453674317,0.32226710945367815,193.82205133303069,6.358006666996516,200.18100333301118,32499.539045125013,2.5796858332743855,7.864099963836574,0.10242016114294529,0.06879982002079486,0.0012652011355385184,0.9455015063285828,0.015808761557564138,0.08404035098850728,0.3008234679698944,0.08127869606018066,0.041185881309211254,0.007087496109306812,0.523353099822998,0.024632003158330917,0.07162365101277829,0.22524118632078172,True,1000042.0,
168,0.0007193986487154689,0.0007386435562511906,31.709462356567382,0.8627314937114715,0.009698207005858422,20.136563453674317,0.32226710945367815,193.49006850004662,6.386414500011597,199.87688333401456,32699.543643792043,2.5841119592134496,7.829119140310922,0.0931974397599697,0.06418862521648407,0.002041109371930361,0.7296616435050964,0.014640403520315886,0.07472385141998529,0.27903063982725146,0.08047117792069912,0.04064923245459795,0.004505360033363104,0.4944407045841217,0.024319156445562838,0.07081898868083954,0.22454265326261522,True,1000042.0,
169,0.0007180762651641998,0.0007411696569761261,31.70284309387207,0.859582736492157,0.009698207005858422,20.136563453674317,0.32226710945367815,193.08086366695352,6.376066249969881,199.45733145897975,32899.063845166995,2.58958858223492,7.8418256711551875,0.10679049134254455,0.0689514748007059,0.0012579852482303977,0.8549739718437195,0.017143132984638213,0.09093576595187187,0.31584772646427156,0.08739543855190277,0.04532762426882982,0.005223002750426531,0.5162672400474548,0.02319842968136072,0.07781787984073162,0.2548158904910088,True,1000042.0,
170,0.0007595438510043096,0.0007360185560537502,31.726226081848143,0.8620844626426697,0.009698207005858422,20.136563453674317,0.32226710945367815,193.29825074999826,6.3733639170532115,199.67200841696467,33098.800183125015,2.586676279066144,7.845150637988047,0.0987143063545227,0.06743969760835171,0.0013015788281336427,0.9217026829719543,0.01528522084467113,0.0805071922391653,0.3023272109031677,0.08183883056044579,0.04376144673675299,0.004107472486793995,0.6042580604553223,0.02240170530974865,0.07136632561683655,0.2379979348182678,True,1000042.0,
171,0.0007245793564493397,0.0007533630725811236,31.63824150085449,0.8568180310726166,0.009698207005858422,20.136563453674317,0.32226710945367815,194.17002300004242,6.368102915992495,200.53854500001762,33299.40262837504,2.5750627840214593,7.8516319003627935,0.10864232279360295,0.06551245100796223,0.001989154377952218,0.9031932950019836,0.018902556356042623,0.09561138339340687,0.300534248650074,0.09356123328208923,0.047721278220415116,0.004052631091326475,0.6016882061958313,0.021279656905680896,0.08424667805433274,0.25599166125059125,True,1000042.0,
172,0.0007527858225871569,0.0007433490623952821,31.691033210754394,0.8587585520744324,0.009698207005858422,20.136563453674317,0.32226710945367815,193.6882245829911,6.37109191599302,200.0597241250216,33499.52614750003,2.5814682388487746,7.847948304510818,0.13119433015584947,0.08420755699276924,0.002018751110881567,0.9199284911155701,0.017485368978232146,0.11482042446732521,0.368445937037468,0.09401521012187004,0.05462748922407627,0.002914898097515106,0.6075043082237244,0.018405702989548446,0.08113876327872277,0.2842884865403175,True,1000042.0,
173,0.0007686321917676651,0.0007360254909144715,31.73107151031494,0.8618618953227997,0.009698207005858422,20.136563453674317,0.32226710945367815,193.35496029199567,6.3804709580144845,199.73599737498444,33699.32960925001,2.5859176265502746,7.836412128354756,0.11179091691970826,0.07722238093614578,0.002199365757405758,0.948376476764679,0.015785900708287955,0.09086372017860413,0.3316667357087135,0.08415299832820893,0.04896636001765728,0.001900791539810598,0.5727773308753967,0.01676100108772516,0.07219253040850163,0.25859464943408966,True,1000042.0,
174,0.0007435485746827907,0.0007344942426425405,31.74120178222656,0.8625097131729126,0.009698207005858422,20.136563453674317,0.32226710945367815,193.13567175000207,6.363022917008493,199.49907945800805,33898.95800766704,2.5888537082223113,7.857900348959762,0.09960501283407211,0.06871084004640579,0.0016280440613627434,0.8861299753189087,0.015790157411247494,0.08066169567406177,0.3106598713994026,0.08608492575585842,0.049234425202012065,0.002302867127582431,0.6018523573875427,0.017858451083302498,0.07397166267037392,0.2620473450422287,True,1000042.0,
175,0.0007204983733281551,0.0007347401120932773,31.740773124694826,0.8614921438694,0.009698207005858422,20.136563453674317,0.32226710945367815,193.78413058404112,6.350960625044536,200.1354838340194,34099.220137125,2.5801906404464727,7.872824750767428,0.12538687862455844,0.08633827514946461,0.0013914366718381643,0.9904740452766418,0.015007154941558838,0.10528829209506511,0.37123750180006027,0.09058057084679604,0.055596844032406806,0.001749289222061634,0.6543453931808472,0.015708773396909237,0.07616921491920949,0.28591190934181215,True,1000042.0,
176,0.0007584806041754746,0.0007437919673975557,31.684603805541993,0.8579159915447235,0.009698207005858422,20.136563453674317,0.32226710945367815,194.09455925005022,6.356842958019115,200.4518091250211,34299.73988854204,2.5760639655841904,7.865539597281593,0.1525856487452984,0.10025702059268951,0.00174039788544178,1.0571318864822388,0.017075499556958675,0.13339847557246684,0.42243915736675264,0.0971081118285656,0.06633221417665482,0.0010858968598768115,0.6582225561141968,0.012773746233433485,0.07891204558312893,0.33150530636310577,True,1000042.0,
177,0.0007394069568049418,0.0007370624618488364,31.722908477783204,0.8629025840759277,0.009698207005858422,20.136563453674317,0.32226710945367815,194.20615854102653,6.366243583033793,200.573349333019,34500.379963792046,2.574583647378895,7.853925057666867,0.09675093993544578,0.06478418685495853,0.0017711104592308402,0.8717649579048157,0.014195764856413006,0.0810338795185089,0.28962462991476057,0.08049240358173847,0.04857372313737869,0.0021165458019822836,0.5803261399269104,0.015128719937056303,0.06820611737668514,0.251867635846138,True,1000042.0,
178,0.0007496281152525626,0.0007497046521166339,31.655520057678224,0.8559968030452728,0.009698207005858422,20.136563453674317,0.32226710945367815,192.93530779099092,6.35918937495444,199.29488754097838,34699.74303116702,2.591542241411074,7.862637366473808,0.13704423055052758,0.08785508908331394,0.00122857466340065,0.9670266509056091,0.01692178069613874,0.12045475155115128,0.3856319385766983,0.10484668344259263,0.06519203096628189,0.0012026772601529956,0.7173245549201965,0.014066115226596594,0.08895206362009049,0.32505076080560685,True,1000042.0,
179,0.0007189940717862555,0.0007334260747302323,31.747361602783204,0.8636983060836791,0.009698207005858422,20.136563453674317,0.32226710945367815,193.37963595800102,6.3612340410472825,199.74130029202206,34899.54780270904,2.585587657785187,7.860110110296813,0.11008668161928653,0.0786431747674942,0.0013586668064817786,1.0647920370101929,0.01392514979466796,0.08933490231633186,0.34221611976623534,0.0896865464746952,0.0583009847253561,0.001342624775134027,0.6866112947463989,0.014708454757928847,0.07348013639450074,0.2937683939933777,True,1000042.0,
180,0.0007432001833344657,0.000732633846346289,31.751736221313475,0.8644089651107788,0.009698207005858422,20.136563453674317,0.32226710945367815,193.96219016698888,6.348976459004916,200.31156800000463,35099.98230733402,2.57782199494413,7.8752851460149484,0.09156891658902168,0.06702934078872204,0.0011454530758783221,0.8210334181785583,0.013526522796601057,0.07152924858033657,0.30263336658477785,0.08244427479803562,0.050846592076122764,0.0011481636902317405,0.6028607487678528,0.014119636137038469,0.069265588670969,0.26735755175352094,True,1000042.0,
181,0.0007230033102873677,0.0007333599351113662,31.750115203857423,0.8620968556404114,0.009698207005858422,20.136563453674317,0.32226710945367815,193.47194970899727,6.318642625003122,199.79114104202017,35299.899202417,2.5843539632078656,7.913091935623641,0.1150611125677824,0.0799275591224432,0.0012761123944073915,0.9242792129516602,0.015584499184042215,0.09360387489199638,0.33486457139253617,0.0889434652030468,0.05785545200109482,0.0008605066686868668,0.6903978586196899,0.011916313106194138,0.07332673266530038,0.2908658424019814,True,1000042.0,
182,0.0007341518914972767,0.0007370820688083768,31.732726249694824,0.8605356705188751,0.009698207005858422,20.136563453674317,0.32226710945367815,193.11621250002645,6.360595958016347,199.47719120897818,35499.444556167,2.5891145726562526,7.860898621768972,0.12095338143408299,0.08361646868288516,0.001083290670067072,0.831474781036377,0.01584199657663703,0.0998790743201971,0.3585632807016373,0.09724366709589959,0.06252831749618054,0.0009356223163194954,0.7032874226570129,0.013477511908859015,0.08035371035337448,0.3102351090312004,True,1000042.0,
183,0.0007170269136604475,0.000732018249691464,31.761924324035643,0.8630294632911683,0.009698207005858422,20.136563453674317,0.32226710945367815,192.99095758300973,6.341833417012822,199.3331771660014,35698.84375358402,2.5907949587997603,7.884155371515794,0.10849518239498139,0.07741844929754733,0.0012694974429905415,1.0841964483261108,0.01464287686161697,0.08727873712778092,0.3351707458496094,0.09248358458280563,0.05862320531159639,0.000834170903544873,0.8214526176452637,0.013202058132737875,0.07704041808843613,0.2971896079182625,True,1000042.0,
184,0.0006837500422957419,0.0007306413419428282,31.767119903564453,0.8635878205299378,0.009698207005858422,20.136563453674317,0.32226710945367815,193.65882566699293,6.3400321250082925,199.99925720901228,35898.96616208402,2.581860125805873,7.886395370580965,0.10170948453247547,0.07225326150655746,0.0014112908393144608,0.9203530550003052,0.015043617384508252,0.08120959393680095,0.31786035776138305,0.08491717152297497,0.053887808062136174,0.0010401325998827815,0.738927960395813,0.012575448835268616,0.07100082337856292,0.2783126795291901,True,1000042.0,
185,0.00074683348195299,0.0007309237940353341,31.768198127746583,0.8628690612316131,0.009698207005858422,20.136563453674317,0.32226710945367815,193.78663350001443,6.331531458010431,200.11911633302225,36099.20700654201,2.580157315132691,7.896983586292026,0.10406375922262669,0.0733571396768093,0.0013899083714932203,0.8949206471443176,0.014547106958925724,0.08420533433556557,0.32460730373859403,0.08877982273697853,0.056108535714447495,0.0008432260947301984,0.6810232996940613,0.011700763739645481,0.07471282809972762,0.2846268692612648,True,1000042.0,
186,0.0007366244739037029,0.0007296333339763806,31.774044799804688,0.864094625711441,0.009698207005858422,20.136563453674317,0.32226710945367815,193.50125237501925,6.360478124988731,199.86211708298652,36299.19548533403,2.5839626041849293,7.861044251305964,0.10185608342289924,0.07397733256220818,0.00116975128185004,0.8027982115745544,0.0147682726662606,0.07980376407504082,0.3250800150632858,0.0856394549459219,0.05594631090760231,0.0008072961354628205,0.6709980964660645,0.011768392082303762,0.07067008830606937,0.2864087387919426,True,1000042.0,
187,0.0007496815329075162,0.0007314632029738278,31.766389122009276,0.8625111985206604,0.009698207005858422,20.136563453674317,0.32226710945367815,192.9745469999616,6.319202165992465,199.294156457996,36498.61337854201,2.5910152803732167,7.9123912618401295,0.10936609514057637,0.07692303530871868,0.0011310388799756765,0.8519639372825623,0.014838608289137483,0.0888682859390974,0.3345026358962059,0.09162947073578835,0.060002878755331036,0.0007561632664874196,0.677375316619873,0.010886173704639077,0.07617194004356861,0.30359737038612367,True,1000042.0,
188,0.0007745384530514911,0.0007344196311896667,31.746228103637694,0.8620419406890869,0.009698207005858422,20.136563453674317,0.32226710945367815,193.36458012502408,6.369857000012416,199.73482954100473,36698.41400062502,2.5857889778816476,7.849469776150789,0.12161007471382618,0.08746138967573643,0.0019509451230987906,0.9934883117675781,0.015666553732007742,0.09718544155359268,0.3723291900753975,0.09140892714262008,0.06323485542088747,0.000398983305785805,0.8275300860404968,0.010762854730710387,0.07343586325645447,0.317922395169735,True,1000042.0,
189,0.0006850506817490896,0.0007304656616179272,31.769362106323243,0.8640405452251434,0.009698207005858422,20.136563453674317,0.32226710945367815,193.89182662498206,6.361822416016366,200.25406566698803,36898.73509066703,2.5787574891801928,7.859383165761,0.0932840906828642,0.06515438228845596,0.0011666406644508243,1.0086344480514526,0.014582969387993217,0.07569472029805184,0.29445301651954653,0.07924549095332623,0.049863077364861966,0.000509333738591522,0.6648882031440735,0.011423732601106167,0.06697156213223934,0.26192551106214523,True,1000042.0,
190,0.0007513261382987366,0.0007299722236348316,31.77716709136963,0.8635683143138886,0.009698207005858422,20.136563453674317,0.32226710945367815,193.65744266699767,6.390867790963966,200.0492070420296,37098.852255959006,2.581878564098213,7.82366364559988,0.10423560492694378,0.07205887600779533,0.0013027790701016784,0.8958272933959961,0.014813757119700312,0.0858401008695364,0.3228530290722847,0.08489971280097962,0.054521191641688345,0.0005781238432973623,0.700328528881073,0.011090679205954074,0.07156485773622989,0.2835919898748398,True,1000042.0,
191,0.0007310198136019608,0.0007285414249054156,31.782144927978514,0.8649433422088623,0.009698207005858422,20.136563453674317,0.32226710945367815,193.28437612502603,6.363369749975391,199.64813120901817,37298.62920266704,2.586861959688738,7.85747205719004,0.08253156073391438,0.057355602644383906,0.001714773359708488,0.7484990954399109,0.014179595382884144,0.06632201991975308,0.2663918948173523,0.07868624396622181,0.04699651047587395,0.0006460021249949932,0.589782178401947,0.012735129781067372,0.06760367266833782,0.2523307904601097,True,1000042.0,
192,0.0007131170811926495,0.0007288270280696452,31.781396293640135,0.8642093706130981,0.009698207005858422,20.136563453674317,0.32226710945367815,193.07836533302907,6.378997624968179,199.45777233300032,37498.213789917005,2.5896220901683136,7.838222074937584,0.09153179094195366,0.06117785058915615,0.001258821110241115,0.7163689732551575,0.014703712081536651,0.07607939198613167,0.2779943734407425,0.0804511322081089,0.05022575289011002,0.0005580679280683398,0.6002478003501892,0.01072263735346496,0.068731744363904,0.26636705577373504,True,1000042.0,
193,0.0007248230823497579,0.0007308792058029212,31.771880073547365,0.8628114998340607,0.009698207005858422,20.136563453674317,0.32226710945367815,193.71001249999972,6.334031375008635,200.04444629099453,37698.324807583995,2.581177883099877,7.893866802946147,0.1123607973754406,0.07796954870223999,0.001606555306352675,0.9267670512199402,0.01530637095682323,0.09240196436643601,0.3437778830528259,0.08743689998984337,0.057363257072865964,0.00044124387204647064,0.6923024654388428,0.010102637447416782,0.07301818527281284,0.2949109324812889,True,1000042.0,
194,0.0007213794858143956,0.0007315712963463739,31.769688606262207,0.8643057656288147,0.009698207005858422,20.136563453674317,0.32226710945367815,193.89191462501185,6.354567458038218,200.24740308400942,37898.642843042035,2.578756318782055,7.868356159592332,0.10084746666252613,0.0687665069103241,0.0009458963759243488,0.8560501337051392,0.012813731357455253,0.08475839614868164,0.3091266080737114,0.08054426342248916,0.05166552998125553,0.0006557967863045633,0.6372291445732117,0.011253936337307096,0.0680215784907341,0.2729359117150307,True,1000042.0,
195,0.0007229509037947536,0.0007281512941699475,31.78661533355713,0.8641199052333832,0.009698207005858422,20.136563453674317,0.32226710945367815,193.55846858402947,6.262768624990713,199.82163837499684,38098.53334633401,2.5831987804911525,7.9836894820737765,0.09249880254268646,0.06181118436157704,0.0013007551897317171,0.7736381888389587,0.014099228493869305,0.0777572101354599,0.28562096655368807,0.08103260353207588,0.04996360596269369,0.0009337799856439233,0.5943253636360168,0.012382863257080316,0.06918961890041828,0.2669893616437912,True,1000042.0,
196,0.0007457271568819124,0.0007273585931397975,31.78947353363037,0.8646851539611816,0.009698207005858422,20.136563453674317,0.32226710945367815,193.86192937503802,6.36118866695324,200.22371554200072,38298.87699525,2.5791551833404007,7.8601661761351345,0.10625634476542473,0.0738018261641264,0.001190085313282907,0.9463104605674744,0.013451420161873102,0.08826110482215882,0.3237173345685005,0.07939498461782932,0.05506020177155733,0.00047812421689741313,0.6548070907592773,0.00953397604636848,0.06499425947666168,0.2854109042882919,True,1000042.0,
197,0.0007298547498462539,0.0007290495111374185,31.784369659423827,0.8634293758869171,0.009698207005858422,20.136563453674317,0.32226710945367815,193.45554133399855,6.348054874979425,199.80398462497396,38498.80475883401,2.5845731611107294,7.876428446936205,0.09752557285130024,0.06380072943866252,0.0015600078040733933,0.7978896498680115,0.01532752432860434,0.08240274041891098,0.2918604040145874,0.07783747591078281,0.04934735883027315,0.00034189128200523555,0.6134936809539795,0.010057967090979218,0.06657487832009792,0.2646754270792007,True,1000042.0,
198,0.0006965315788452245,0.0007257806140114554,31.798548316955568,0.8661781120300293,0.009698207005858422,20.136563453674317,0.32226710945367815,193.6947945000138,6.302791583002545,199.99797808396397,38698.868120750005,2.5813806782503095,7.932992760674601,0.09280682370066642,0.06533003978431225,0.0014520097756758332,0.8566131591796875,0.013455198826268316,0.07557475976645947,0.2980816125869751,0.07321470320224761,0.04720799174159765,0.0004314044490456581,0.6189231276512146,0.010606460720300675,0.06165595166385174,0.25392636030912397,True,1000042.0,
199,0.0007161797326980377,0.0007294169254601001,31.78421531677246,0.8644156014919281,0.009698207005858422,20.136563453674317,0.32226710945367815,193.73177187499823,6.351884624978993,200.08432287501637,38899.080468542,2.5808879728959253,7.8716795017613155,0.09459930650889874,0.06535188287496567,0.0014039797242730856,0.8854423761367798,0.015009154295548797,0.07696794658899307,0.2982316255569458,0.07503570184111595,0.04819896686822176,0.0005386482225731015,0.6090572476387024,0.010025960123166443,0.06353809490799904,0.2600037994980812,True,1000042.0,
200,0.00070698960279924,0.0007267072124523111,31.798108406066895,0.8648848438262939,0.009698207005858422,20.136563453674317,0.32226710945367815,193.05932766600745,6.375927667017095,199.43567299999995,39098.58440016699,2.5898774539658596,7.841996115898838,0.09198575034737587,0.06222652740776539,0.001252711284905672,0.7421149611473083,0.014382260730490088,0.07599311858415604,0.28562235087156296,0.07509360529482365,0.047071157693862914,0.0005541913560591638,0.6101645827293396,0.010814100764691829,0.06408052377402783,0.25348482966423036,True,1000042.0,
201,0.0007204553080500773,0.0007251883650314994,31.806839294433594,0.8650868237018585,0.009698207005858422,20.136563453674317,0.32226710945367815,194.1027618329972,6.334926167037338,200.43982191599207,39299.024323750986,2.575955103772257,7.8927518145619615,0.10027174167335033,0.07032369859516621,0.0013803382171317935,0.8852503895759583,0.01381424774415791,0.0823380371183157,0.32221027970314026,0.07617281563580036,0.05049973387271166,0.00048170710215345025,0.6490978598594666,0.00965738045051694,0.0637513392418623,0.2688739323616028,True,1000042.0,U-TGV 200-to-300
202,0.0007453677438456907,0.0007261129151447676,31.802536010742188,0.8644342243671417,0.009698207005858422,20.136563453674317,0.32226710945367815,192.382977207948,6.356285209010821,198.73984520795057,39497.91052516695,2.598982546462761,7.8662297797963525,0.09282577633857728,0.06167359828948975,0.0006636365433223546,0.8936766982078552,0.014733908120542765,0.07732340455055237,0.2843019208312035,0.07272878624498844,0.04672198090702295,0.0005542032304219902,0.612321674823761,0.010240242211148142,0.06160532094538212,0.2509797620773315,True,1000042.0,U-TGV 200-to-300
203,0.0007007003566977801,0.0007256053830496967,31.803238487243654,0.8657046616077423,0.009698207005858422,20.136563453674317,0.32226710945367815,192.71327370899962,6.317512625013478,199.03118941700086,39697.02046454197,2.594528079861321,7.914507333476572,0.091636174172163,0.06440917313098908,0.0013290505157783628,1.0021600723266602,0.01384157631546259,0.07454222418367863,0.299467405974865,0.07296728663146496,0.046307093389332296,0.00042779601062648,0.6214967370033264,0.010673501817509532,0.06166091583669186,0.24789193749427796,True,1000042.0,U-TGV 200-to-300
204,0.0006698963122703389,0.0007240936552989297,31.81177803039551,0.8667714941501617,0.009698207005858422,20.136563453674317,0.32226710945367815,192.2257216249709,6.299924207967706,198.52604370797053,39895.62336966698,2.601108716217965,7.93660341766707,0.09138290263712406,0.06539825901389122,0.0010877599706873298,0.8290354013442993,0.01368514402769506,0.07301951892673969,0.30269768059253693,0.070111004114151,0.0450934213027358,0.0007805087952874601,0.6041898131370544,0.011101096533238888,0.0588314226269722,0.24243955224752425,True,1000042.0,U-TGV 200-to-300
205,0.0007170730974776233,0.000727192918129731,31.796094665527345,0.8661574113368988,0.009698207005858422,20.136563453674317,0.32226710945367815,192.08043683302822,6.298949666961562,198.37981695804046,40094.14938637597,2.603076129166867,7.937831328015455,0.1075698570907116,0.079026131182909,0.001202135463245213,0.7558432221412659,0.013449011519551277,0.08479540817439556,0.340075024664402,0.073207982853055,0.05003851871937513,0.000481125753140077,0.6263943910598755,0.009867751579731703,0.06008933134377003,0.26496016323566435,True,1000042.0,U-TGV 200-to-300
206,0.0007362331742610877,0.0007234783424064517,31.817993698120116,0.8657374930381775,0.009698207005858422,20.136563453674317,0.32226710945367815,192.00984050001716,6.333403290947899,198.34364933299366,40292.568776167,2.6040332031834343,7.894649638285811,0.1049182716012001,0.07333370499312877,0.0013740829890593886,0.83278888463974,0.014028899101540447,0.08625248320400715,0.3291798087954521,0.07623950943350792,0.05110109843313694,0.0005182760069146752,0.6341795921325684,0.010620455658063292,0.06270206458866596,0.26700544327497483,True,1000042.0,U-TGV 200-to-300
207,0.0007147011901292899,0.0007234162365784869,31.82039306640625,0.8664023077487946,0.009698207005858422,20.136563453674317,0.32226710945367815,192.65865774999838,6.343061916006263,199.00212120899232,40491.71589458396,2.5952635912621176,7.882628399673756,0.09177334040403366,0.06640950612723827,0.001431611250154674,0.8295111060142517,0.013537735072895884,0.0731295507401228,0.30927681595087053,0.07268395557999612,0.04673350617289543,0.0005841327365487814,0.59755539894104,0.01050505442544818,0.061183577850461,0.24777658462524413,True,1000042.0,U-TGV 200-to-300
208,0.0007203434764464873,0.0007243416056735441,31.81459415435791,0.865305563211441,0.009698207005858422,20.136563453674317,0.32226710945367815,192.79882225004258,6.307135291048326,199.10692500002915,40690.967532750976,2.5933768379121394,7.927529328721498,0.09976217016577721,0.06927640929818153,0.001295224647037685,0.8663250207901001,0.013631889699026942,0.08261123694479465,0.3189850082993507,0.07486465938389301,0.04962998729199171,0.0004536337801255286,0.6089729070663452,0.010114652011543513,0.06214334532618523,0.2572026854753494,True,1000042.0,U-TGV 200-to-300
209,0.0006981935530257033,0.0007302739744773134,31.775235214233398,0.8665005314350128,0.009698207005858422,20.136563453674317,0.32226710945367815,192.27223691699328,6.347940208041109,198.62057941698004,40889.66588104196,2.600479445276633,7.876570723943435,0.08202160820364952,0.05748705938458443,0.0011816624319180846,0.7153934836387634,0.011803007945418357,0.06685846842825413,0.2684121388196945,0.06500106289982796,0.040953045263886455,0.000584559456910938,0.5649033188819885,0.010522396648302674,0.05481376647949219,0.2180161488056183,True,1000042.0,U-TGV 200-to-300
210,0.0006918509050092325,0.000722370687581133,31.823784255981444,0.8672664070129394,0.009698207005858422,20.136563453674317,0.32226710945367815,191.86624466703506,6.338399083004333,198.20503766700858,41087.94625800097,2.605982104187741,7.888427242467121,0.09350849814713001,0.06865360863506793,0.0015659815398976207,0.920367419719696,0.01320798576809466,0.07365008559077978,0.3108464726805687,0.06996369443833828,0.047188371606171134,0.0005113855004310608,0.5929151177406311,0.009851188566535711,0.05779485560953617,0.24740298420190812,True,1000042.0,U-TGV 200-to-300
211,0.0007100564196935011,0.0007226055220235139,31.823331184387207,0.8665784823894501,0.009698207005858422,20.136563453674317,0.32226710945367815,192.61727041599806,6.353687125025317,198.9713452910073,41287.062780126,2.595821230983823,7.869446357071095,0.10106801047921181,0.07188516668975353,0.0012227104743942618,0.8077340126037598,0.012804849026724695,0.08255085848271847,0.32269765496253966,0.07004573553800583,0.049184102937579154,0.00043484658817760646,0.5970252752304077,0.008605374014005065,0.05714344218373299,0.2516131207346916,True,1000042.0,U-TGV 200-to-300
212,0.0007382940020224851,0.0007245480763958767,31.810866165161134,0.8663080930709839,0.009698207005858422,20.136563453674317,0.32226710945367815,192.75931012502406,6.357237874995917,199.1169379580533,41486.25628504198,2.593908432623561,7.865050983330101,0.09354289874434471,0.06544719316065312,0.0014087989693507552,0.7659331560134888,0.012796132396906613,0.07646105729043484,0.2981633549928665,0.06599275447428227,0.04439149882644415,0.00046363711589947343,0.5488138198852539,0.008869512509554624,0.054694867953658105,0.22699235290288924,True,1000042.0,U-TGV 200-to-300
213,0.0007055122288033999,0.0007228711317293346,31.82602741241455,0.8661020565032959,0.009698207005858422,20.136563453674317,0.32226710945367815,192.66608400002588,6.34383358299965,199.0103158330312,41685.34628462599,2.595163557691518,7.881669552932652,0.09845230273902417,0.0689607322961092,0.0015401829732581973,0.8774620294570923,0.012958796173334121,0.0808659241348505,0.3125079283118248,0.07103792749345303,0.04835534658282995,0.00042193205445073545,0.5930308699607849,0.008875061040744186,0.05874703235924244,0.24561844289302825,True,1000042.0,U-TGV 200-to-300
214,0.0006787247230247431,0.0007238992978818715,31.82292232513428,0.8653866243362427,0.009698207005858422,20.136563453674317,0.32226710945367815,192.3252003340167,6.3348540420411155,198.6606255840161,41884.15769912599,2.599763313032487,7.892841676884129,0.10312465757131577,0.0721647684276104,0.0014534901129081845,0.8955378532409668,0.013581493133679033,0.08478698052465916,0.3280504247546196,0.07586768709123135,0.050976769626140596,0.00048343915841542184,0.6454802751541138,0.010012063942849637,0.06261075206100941,0.2584753957390785,True,1000042.0,U-TGV 200-to-300
215,0.0006876107367147597,0.0007227027759654448,31.82897777557373,0.8668475365638733,0.009698207005858422,20.136563453674317,0.32226710945367815,192.71960304200184,6.395876583002973,199.1158827500185,42083.354455250956,2.5944428698881694,7.8175367130871285,0.09071918681263924,0.06235816717147827,0.0014033213956281543,0.7570038437843323,0.013915609288960695,0.07448703251779079,0.29022433280944826,0.07080011829733848,0.04539981607347727,0.0005404267576523125,0.5329057574272156,0.010585223585367202,0.0595875845849514,0.23296986907720565,True,1000042.0,U-TGV 200-to-300
216,0.0007605552052540361,0.0007219508540583775,31.828616333007812,0.8676208460330963,0.009698207005858422,20.136563453674317,0.32226710945367815,193.84189329203218,6.2844789160299115,200.12678558303742,42283.629991541966,2.579421772602715,7.956109117092314,0.0950822365283966,0.06975464142858982,0.0011663578916341066,0.827286422252655,0.012968159588053823,0.07543689362704754,0.31755126267671585,0.06959720127284527,0.04768009200692177,0.0003947087679989636,0.5853883624076843,0.009167019026353956,0.05719242200255394,0.24309658020734787,True,1000042.0,U-TGV 200-to-300
217,0.0007107852813164755,0.0007214320401544682,31.832681617736817,0.8663229513168335,0.009698207005858422,20.136563453674317,0.32226710945367815,193.39119191700593,6.389270292012952,199.78087625000626,42483.48911712598,2.585433157755063,7.825619783608716,0.1024801929295063,0.07254100620746612,0.0007475143647752702,0.967024028301239,0.012593942116945983,0.0844657963514328,0.33316156148910525,0.06925680294632912,0.04918301299214363,0.00048410354065708816,0.6123387217521667,0.008678326550871134,0.05619812808930874,0.24734056532382964,True,1000042.0,U-TGV 200-to-300
218,0.0007047935616524228,0.0007215758092934266,31.83138683319092,0.8679375338554383,0.009698207005858422,20.136563453674317,0.32226710945367815,192.67078437499003,6.3964309159782715,199.06786233303137,42682.707547041995,2.595100246370842,7.816859223023905,0.09013343013823033,0.06577968642115593,0.0010756960837170482,1.0173043012619019,0.0126418767683208,0.07175114031881094,0.3052443015575409,0.0698092209547758,0.04660466339439154,0.0005897620576433837,0.5729653239250183,0.010924925627186895,0.05755844086408615,0.2391098591685295,True,1000042.0,U-TGV 200-to-300
219,0.000707779071634377,0.0007220689181121997,31.83139133453369,0.8666804087162018,0.009698207005858422,20.136563453674317,0.32226710945367815,192.25968999997713,6.369632332993206,198.6297331249807,42881.417987791996,2.600649153236747,7.849746639380062,0.10862772114574909,0.0775860632956028,0.0012891406659036875,0.8290889859199524,0.013621467193588614,0.08827115073800088,0.34582232892513276,0.07155080020427704,0.05098300501704216,0.0003603752120397985,0.6256986260414124,0.008599868016317487,0.05790146186947823,0.25626558989286424,True,1000042.0,U-TGV 200-to-300
220,0.0007151466417317352,0.0007221947977086529,31.83361110687256,0.8662416088581085,0.009698207005858422,20.136563453674317,0.32226710945367815,193.0468972090166,6.385077458049636,199.43239816697314,43080.93170050095,2.5900442184193087,7.830758566125966,0.1004224530607462,0.06909647732973098,0.0011277974117547274,0.9341738820075989,0.014166144439950585,0.08302680790424347,0.31963106721639634,0.07120247386395931,0.048834649845957756,0.0004382411134429276,0.6190111637115479,0.009182003969326615,0.05871943227946758,0.24614517122507096,True,1000042.0,U-TGV 200-to-300
221,0.0006839860984821371,0.000720132045680657,31.8413529586792,0.8678424298763275,0.009698207005858422,20.136563453674317,0.32226710945367815,193.10972991702147,6.387654915975872,199.49799337500008,43280.579695250955,2.5892014877492096,7.827598807028113,0.0905696951597929,0.06359767831861973,0.0011044441489502788,0.7657447457313538,0.012821892658248544,0.07363822892308235,0.29096986740827563,0.0690216837823391,0.046229598075151444,0.00044692872324958444,0.5557789206504822,0.009473246252164245,0.05744478866457939,0.23380435556173323,True,1000042.0,U-TGV 200-to-300
222,0.0007278585429875193,0.0007220546007738449,31.836020584106446,0.8666827011108399,0.009698207005858422,20.136563453674317,0.32226710945367815,192.48443150002277,6.357502750004642,198.84232500003418,43479.57718616695,2.5976126801711796,7.864723298776944,0.09478876210749149,0.06692475929856301,0.00153454823885113,0.8065012097358704,0.013778436947613954,0.07677944481372834,0.31031949937343595,0.07149274706840515,0.04828312411904335,0.000494234322104603,0.5846512317657471,0.00948103160597384,0.05936842009425163,0.2440654119849205,True,1000042.0,U-TGV 200-to-300
223,0.0007039254356350284,0.0007200342620490119,31.84182228088379,0.8670320451259613,0.009698207005858422,20.136563453674317,0.32226710945367815,192.28367833298398,6.350380624993704,198.6344462079578,43678.289541376,2.6003247094853963,7.873543800384338,0.10329103425145149,0.07340968891978264,0.0010209007887169719,0.9562368392944336,0.01293903287500143,0.0847310771048069,0.3324314936995506,0.07196440406143666,0.05145138088613749,0.00042732121073640883,0.6573303937911987,0.00873294848948717,0.05811414964497089,0.25544759184122084,True,1000042.0,U-TGV 200-to-300
224,0.0007257902920446213,0.0007188444313942455,31.852203330993653,0.8675874173641205,0.009698207005858422,20.136563453674317,0.32226710945367815,192.84311020799214,6.380454124999233,199.22396045800997,43877.668538709,2.5927812482422725,7.836432802501501,0.10216485291719436,0.07457342959940433,0.0011822396190837026,0.9648709297180176,0.012559029627591372,0.08208547234535217,0.3389186644554138,0.07217322774231434,0.05061867468059063,0.0003739983949344605,0.6090465784072876,0.008749947743490338,0.059071497097611426,0.252624933719635,True,1000042.0,U-TGV 200-to-300
225,0.0007168476395324888,0.0007194180836086161,31.848736419677735,0.8680590164661407,0.009698207005858422,20.136563453674317,0.32226710945367815,192.8799364999868,6.328130916983355,199.20847633300582,44077.02614100097,2.5922862122055617,7.901227180020984,0.09762422122061253,0.07218433275818825,0.0013880038168281317,0.9124061465263367,0.012745872940868139,0.07780858278274536,0.3329676240682602,0.06979299582540989,0.04875857952982187,0.0005017190123908222,0.6209391951560974,0.00895343772135675,0.056913035959005355,0.24394384652376175,True,1000042.0,U-TGV 200-to-300
226,0.0007345933750557378,0.0007223611557856202,31.834429664611818,0.8661912596225738,0.009698207005858422,20.136563453674317,0.32226710945367815,192.8866386669688,6.353974916040897,199.24108166695805,44276.34782075096,2.5921961389108046,7.8690899257050475,0.10424780309200286,0.07411857165396213,0.001750788651406765,0.8253844380378723,0.013606667323037981,0.08511901319026947,0.3400112301111221,0.07421608559787274,0.052202331870794295,0.00035928242141380906,0.6129205226898193,0.008499331949278712,0.06080014795064926,0.2579499787092209,True,1000042.0,U-TGV 200-to-300
227,0.0007417284483231015,0.0007208687212551013,31.840524864196777,0.8676945543289185,0.009698207005858422,20.136563453674317,0.32226710945367815,192.14261195797008,6.401973916974384,198.54520845797379,44474.97363000095,2.602233803865286,7.810091176321182,0.09863134175539016,0.07107321083545685,0.001122693414799869,0.7368254661560059,0.012203698763623833,0.0798416192829609,0.321561858355999,0.0697953850030899,0.049621409066021444,0.0004226799064781517,0.5792779922485352,0.00804252632893622,0.056914482191205026,0.2457149052619934,True,1000042.0,U-TGV 200-to-300
228,0.0006937474196547555,0.0007200616059708409,31.847947845458986,0.8666677832603454,0.009698207005858422,20.136563453674317,0.32226710945367815,192.31435600004625,6.387082499975804,198.70184045803035,44673.75372191699,2.5999099100011014,7.8283003233776,0.10765394181013108,0.07639573439955712,0.001634928397834301,0.837942898273468,0.013669780855998397,0.08788200676441192,0.34499546587467195,0.07255427710711956,0.05208030838519335,0.0003753404307644814,0.6143286228179932,0.008104724520817399,0.058854177594184875,0.2569612649083137,True,1000042.0,U-TGV 200-to-300
229,0.000686520356976871,0.0007207009044941515,31.844400749206542,0.8676902663707733,0.009698207005858422,20.136563453674317,0.32226710945367815,193.02426404197467,6.3348682500072755,199.35953583399532,44873.194399750966,2.590347915489376,7.892823974664758,0.09571413569152355,0.06937506213784218,0.0011338676558807492,0.7992976307868958,0.01302574428729713,0.0767875199764967,0.31735698580741883,0.07114439912140369,0.04863736283034086,0.00044692872324958444,0.6032490134239197,0.008568145744502544,0.05909325830638409,0.24050380378961564,True,1000042.0,U-TGV 200-to-300
230,0.0007082777415275814,0.0007196605717763305,31.84939670562744,0.8677023923397065,0.009698207005858422,20.136563453674317,0.32226710945367815,192.81344616698334,6.385403666994534,199.199449000007,45072.473264876,2.593180143499858,7.830358518827029,0.10780621483922005,0.08032493390142918,0.001124496920965612,0.9739013910293579,0.0130488555226475,0.08558934032917023,0.36066379219293593,0.0739865156263113,0.05375623483210802,0.0003783332067541778,0.6310725212097168,0.008204667028039694,0.05936811171472073,0.2638352781534195,True,1000042.0,U-TGV 200-to-300
231,0.0007131826865761468,0.0007264207678963431,31.81189136505127,0.8646020901203155,0.009698207005858422,20.136563453674317,0.32226710945367815,192.4820491669816,6.391374208033085,198.8738186249975,45271.42954729195,2.597644830590104,7.8230437418539545,0.11266771547496318,0.07848927557468414,0.0011170821962878108,0.9102126359939575,0.014175847377628089,0.0936160784214735,0.35779557019472125,0.07671691402792931,0.055067870989441874,0.0003535450960043818,0.6303919553756714,0.007790684439241886,0.062209050059318545,0.2672673761844635,True,1000042.0,U-TGV 200-to-300
232,0.0007300078362286513,0.0007194927937234751,31.850983085632325,0.867296427488327,0.009698207005858422,20.136563453674317,0.32226710945367815,192.0485062500229,6.253570500004571,198.30246937501943,45469.81246587599,2.60350892471438,7.995432369390167,0.1031815293431282,0.07582589767873288,0.0008262617629952729,0.9245409369468689,0.013107858896255493,0.08241753339767456,0.34727319300174714,0.0724515264481306,0.05097653742879629,0.00036036333767697215,0.6839052438735962,0.008519664397463203,0.05910248383879661,0.25292747020721434,True,1000042.0,U-TGV 200-to-300
233,0.0006892953598221539,0.0007183348829858005,31.85525890350342,0.8686068654060364,0.009698207005858422,20.136563453674317,0.32226710945367815,193.0254840410198,6.3425454160314985,199.36842708301265,45669.261106625956,2.590331543444,7.8832703150409245,0.09218506321310997,0.06732750736176968,0.0010205231374129653,0.8523325324058533,0.012229928970336914,0.0736152845621109,0.30963137596845625,0.06731916643679142,0.04606249511241913,0.0004922532825730741,0.6531621813774109,0.008747749496251345,0.05568405583500862,0.23052334696054458,True,1000042.0,U-TGV 200-to-300
234,0.0006972330398789382,0.0007202237524325028,31.846878395080566,0.8669709694385529,0.009698207005858422,20.136563453674317,0.32226710945367815,194.29026583296945,6.298112165997736,200.58933629095554,45869.997452083975,2.573469122893928,7.938886873107807,0.10655576691031456,0.07785419933497906,0.0011988845653831959,0.9300760626792908,0.013478942681103945,0.08545867145061493,0.3550701105594635,0.07125727750360966,0.050939908660948274,0.0003052102110814303,0.6790900230407715,0.007803008621558547,0.05786814965307713,0.25058973878622054,True,1000042.0,U-TGV 200-to-300
235,0.0007128562241036888,0.0007190615602303296,31.853782348632812,0.867385333776474,0.009698207005858422,20.136563453674317,0.32226710945367815,192.4827662499738,6.265063791011926,198.7482239579549,46068.82668245898,2.597635153220207,7.980764708530455,0.10792596518993378,0.07796884343028068,0.0008829716825857759,1.0030828714370728,0.01309404768049717,0.08755964949727059,0.3522284558415413,0.07165403202176095,0.051792667880654335,0.0003438514831941575,0.6286471486091614,0.00775386918336153,0.05782482750713825,0.254300354719162,True,1000042.0,U-TGV 200-to-300
236,0.0007174830709900562,0.0007183325185906142,31.85807060241699,0.8685910725593566,0.009698207005858422,20.136563453674317,0.32226710945367815,192.12767075002193,6.308058042021003,198.4361374580185,46267.34046104195,2.6024361719897806,7.926369679372955,0.09414379924535751,0.06958283491432667,0.0010753540555015206,0.8943069577217102,0.011988719729706644,0.07469228405505418,0.31745391815900803,0.06978151001036167,0.0488585663959384,0.00035841530188918114,0.6052677035331726,0.00785289378836751,0.05733350425958633,0.2408111134171486,True,1000042.0,U-TGV 200-to-300
237,0.0007195105765274547,0.0007204095515771769,31.849069709777833,0.8672829401493073,0.009698207005858422,20.136563453674317,0.32226710945367815,192.67184362496482,6.351319458975922,199.0237782499753,46466.51169195899,2.5950859793154235,7.872379955528474,0.09549764946103095,0.06810106627643109,0.0009747645235620439,0.8497260212898254,0.012881945949047804,0.07737727165222168,0.31341186016798017,0.07200277276337147,0.04889434464275837,0.00040774550870992243,0.6480544805526733,0.008814875585958361,0.05993104055523872,0.2405947533249855,True,1000042.0,U-TGV 200-to-300
238,0.0007292615678693437,0.0007185383068281226,31.85720832824707,0.8681709802150727,0.009698207005858422,20.136563453674317,0.32226710945367815,192.7947719579679,6.305252167047001,199.10042158298893,46665.69369850098,2.593431320373186,7.929896961348173,0.10204625837504863,0.07457506194710732,0.0008478715899400413,0.8639634251594543,0.012772489981725811,0.08168841615319251,0.3375046756863594,0.07104695349931717,0.05088559061288834,0.0003923101758118719,0.6320167183876038,0.007931690029799938,0.05765317462384701,0.24875702559947968,True,1000042.0,U-TGV 200-to-300
239,0.0007423574948552413,0.0007182838273001834,31.857867622375487,0.868122364282608,0.009698207005858422,20.136563453674317,0.32226710945367815,192.49311716697412,6.336968999996316,198.83054904197343,46864.60158454196,2.597495470792784,7.890207447760762,0.09386712595820428,0.06925823591649533,0.0008284016512334347,0.8561555743217468,0.012667443417012692,0.07418065436184407,0.31893099755048754,0.06880794987082481,0.047328064143657686,0.0003148600517306477,0.6027188301086426,0.007773291217163205,0.05719905644655228,0.2336617875099182,True,1000042.0,U-TGV 200-to-300
240,0.0007287142893746931,0.000720844397728797,31.843115348815918,0.866732370853424,0.009698207005858422,20.136563453674317,0.32226710945367815,192.25767837499734,6.311975916032679,198.57005945895799,47063.25047708396,2.60067636427375,7.921449743335987,0.10789832964539528,0.07886645138263702,0.0011198053834959865,0.7859262228012085,0.013171475753188134,0.08633930213749409,0.35302253752946855,0.07320170626044273,0.05380562584847212,0.0003302598197478801,0.6241411566734314,0.007663484429940581,0.0586796036362648,0.2625837355852127,True,1000042.0,U-TGV 200-to-300
241,0.0006892566235692357,0.0007168002764228732,31.865822525024413,0.8687372183799744,0.009698207005858422,20.136563453674317,0.32226710945367815,192.3827060419717,6.319264625024516,198.70237516699126,47262.03077262599,2.5989862097631384,7.912313056490496,0.09478888176381588,0.07038944885134697,0.0008862800896167755,0.8368787169456482,0.011841649897396564,0.07500624418258667,0.32047358542680743,0.0691023676097393,0.04904379535466433,0.0003959911409765482,0.6063516139984131,0.007751681189984083,0.056487148180603984,0.2399992799758911,True,1000042.0,U-TGV 200-to-300
242,0.0007062687247466784,0.0007181201479397714,31.860137825012206,0.8678456139564514,0.009698207005858422,20.136563453674317,0.32226710945367815,192.92774349998217,6.3416584999649785,199.26980779197766,47461.45127720898,2.5916438503311796,7.8843728340584915,0.10363070040941239,0.07751396179199219,0.0008084668079391122,0.849550724029541,0.012511739451438188,0.08158281087875366,0.3485374957323074,0.07403342172503471,0.05238923821598292,0.0003827509644906968,0.6233276724815369,0.008261776231229305,0.06042424611747265,0.2578257167339325,True,1000042.0,U-TGV 200-to-300
243,0.000682826497017686,0.0007180479276576079,31.86068630218506,0.8679825675487518,0.009698207005858422,20.136563453674317,0.32226710945367815,192.88089945795946,6.3553157079732046,199.23682504094904,47660.76784370898,2.5922732702155433,7.8674297702113165,0.09504091411828995,0.06942968510091305,0.0009490374359302223,0.8648059964179993,0.01243700534105301,0.07606450363993644,0.31788660734891894,0.0701201456040144,0.04943579863756895,0.00041586588486097753,0.5972762107849121,0.007969847600907087,0.05743785910308361,0.2421911057829857,True,1000042.0,U-TGV 200-to-300
244,0.0007166613032004534,0.0007178821173147299,31.86301830291748,0.8683946228027344,0.009698207005858422,20.136563453674317,0.32226710945367815,192.51940729201306,6.347984249994624,198.86781391699333,47859.716828042,2.5971407611992126,7.876516076743943,0.09805242195725442,0.07404362216591835,0.0006343467975966632,0.9698325991630554,0.011622865423560143,0.07704160287976265,0.3370415109395981,0.07078912176191807,0.05059912502765655,0.00033224403159692883,0.6473904848098755,0.007607779400423169,0.057757026627659795,0.2471524691581726,True,1000042.0,U-TGV 200-to-300
245,0.0007057545171037418,0.0007212690520100296,31.844269981384276,0.8672999525070191,0.009698207005858422,20.136563453674317,0.32226710945367815,192.7999803329585,6.364724415994715,199.16515099996468,48058.962328541966,2.5933612603928604,7.85579967521433,0.10372584618628025,0.0766187034547329,0.001325286109931767,0.8097929358482361,0.013335140850394965,0.08218383997678756,0.3476403957605362,0.0726340126991272,0.0518336971104145,0.0003237960336264223,0.5586958527565002,0.00781544117256999,0.05915205724537373,0.25212001711130144,True,1000042.0,U-TGV 200-to-300
246,0.0007317701216745718,0.0007192328188102692,31.85386142730713,0.8666426360607147,0.009698207005858422,20.136563453674317,0.32226710945367815,192.7028640419594,6.300223958969582,199.00349879200803,48258.04573420895,2.5946682343606957,7.936225811276974,0.11327142581343651,0.0827760648727417,0.0009331775945611298,0.883489727973938,0.01298753303475678,0.09111244447529315,0.3736483463644981,0.07147316969931125,0.0525275494903326,0.000283185625448823,0.6163310408592224,0.007051820205524564,0.057366540804505345,0.2546317145228386,True,1000042.0,U-TGV 200-to-300
247,0.0006858160360388865,0.0007208368153078481,31.846266479492186,0.8668145120143891,0.009698207005858422,20.136563453674317,0.32226710945367815,192.68040683399886,6.318095082999207,198.999074249994,48457.123806458956,2.5949706470713862,7.91377770406471,0.10516713015735149,0.07624397136271,0.0006135201547294855,0.9898870587348938,0.013061456913128495,0.08496003501117229,0.3486942541599274,0.07218655809760094,0.05107908878475428,0.0003748059971258044,0.5995521545410156,0.007707741502672434,0.058899020701646806,0.24701799631118773,True,1000042.0,U-TGV 200-to-300
248,0.0007014451348072725,0.0007215414108941332,31.846039085388185,0.8673089396953583,0.009698207005858422,20.136563453674317,0.32226710945367815,192.43057416699594,6.357306292047724,198.78826966701308,48655.99422070896,2.5983396981712885,7.86496633999598,0.09717110641300679,0.07236290082335473,0.0006869390490464866,1.078643560409546,0.01304107705131173,0.07651103064417838,0.33608807146549224,0.07150234006345273,0.04847017399966717,0.00030755146872252226,0.5871536731719971,0.008388343555852771,0.05977319836616516,0.23958731770515443,True,1000042.0,U-TGV 200-to-300
249,0.000688454875227535,0.0007172451034421102,31.863097534179687,0.8691522741317749,0.009698207005858422,20.136563453674317,0.32226710945367815,192.63419662497472,6.359823208011221,198.99440500000492,48855.06930145895,2.5955931436899182,7.8618537598681915,0.09078573226928711,0.0678644549101591,0.0003947800141759217,1.0658509731292725,0.01155309334397316,0.07157111570239066,0.3104120510816574,0.06782281331717968,0.04613613083958626,0.00046088421368040144,0.5988220572471619,0.008223725436255335,0.056377025172114376,0.22715938776731492,True,1000042.0,U-TGV 200-to-300
250,0.0006968651921843048,0.000725163143069949,31.82110652923584,0.864896503686905,0.009698207005858422,20.136563453674317,0.32226710945367815,192.39822316600475,6.311541542003397,198.71015633299248,49053.860126125976,2.598776598724567,7.92199491475249,0.11076104879379273,0.0787023040652275,0.0003422951849643141,1.0917470455169678,0.013136495063081384,0.09089618131518364,0.3553389537334442,0.07502151131629944,0.053037505224347116,0.0002497294044587761,0.684801459312439,0.007331767315044999,0.06169466979801655,0.25425195664167405,True,1000042.0,U-TGV 200-to-300
251,0.0007174515932820213,0.0007165635001729243,31.86811771392822,0.8688708746433258,0.009698207005858422,20.136563453674317,0.32226710945367815,192.9307738749776,6.348735458042938,199.2799190839869,49253.21991600096,2.591603143229024,7.875584095515771,0.09686292514204979,0.07240962840616703,0.00053780636517331,0.8649063110351562,0.011569088455289603,0.07649670995771884,0.32810513734817504,0.06709535084664822,0.04752358093857765,0.0003477005229797214,0.6295832991600037,0.007374874260276556,0.054874045848846434,0.23175431162118912,True,1000042.0,U-TGV 200-to-300
252,0.000687452557189772,0.0007156972016673536,31.87286838531494,0.8688136744499206,0.009698207005858422,20.136563453674317,0.32226710945367815,193.26272212498588,6.253295500006061,199.5169858749723,49452.884888959,2.5871518030085623,7.995783983013682,0.09605305910110473,0.07201151423156261,0.0005410906742326915,0.9464709162712097,0.012177118407562375,0.07552697323262691,0.33056713521480563,0.06797412484884262,0.047350207902491094,0.00042708381079137325,0.5828068852424622,0.007982446262612939,0.055931809321045876,0.2332746785879135,True,1000042.0,U-TGV 200-to-300
253,0.0006828375608411079,0.0007258273125626146,31.81643165588379,0.8643289721012115,0.009698207005858422,20.136563453674317,0.32226710945367815,192.5415057920036,6.317128665978089,198.85904695803765,49651.895766791946,2.596842680456306,7.914988382187469,0.12114720314741134,0.08837558045983314,0.0005278341704979539,0.8991805911064148,0.0127680947445333,0.0985281028598547,0.3991891658306122,0.07603701189160347,0.05668978728353977,0.00029666483169421554,0.6324941515922546,0.006717752292752266,0.060746535658836365,0.26927211463451384,True,1000042.0,U-TGV 200-to-300
254,0.0006962963626474447,0.0007172171268030069,31.863103485107423,0.8692387008666992,0.009698207005858422,20.136563453674317,0.32226710945367815,192.0564079169999,6.295194499951322,198.3519823329989,49850.325897626,2.603401810035324,7.9425663496793675,0.09165327824652195,0.06927496828138828,0.0008320193155668676,0.781338632106781,0.01140644152648747,0.07154495738446713,0.31440058201551435,0.06716513238847256,0.047355569936335086,0.00034471871913410723,0.5623939037322998,0.007460319930687547,0.055057300627231597,0.2309166532754898,True,1000042.0,U-TGV 200-to-300
255,0.0007024829357374074,0.0007186326262308285,31.858273811340332,0.8678992629051209,0.009698207005858422,20.136563453674317,0.32226710945367815,192.8493232500041,6.350343582977075,199.20007279101992,50049.60675204196,2.5926977164022245,7.873589727338774,0.10828262247145176,0.08036657199263572,0.0005203632172197104,0.9160026907920837,0.012439421294257045,0.0863003534078598,0.3611361563205719,0.07101909324526787,0.051151804141700265,0.0002776817127596587,0.6483554840087891,0.007371348161250353,0.057618718072772024,0.24766264706850052,True,1000042.0,U-TGV 200-to-300
256,0.000751800130956326,0.0007176671727211214,31.861354637145997,0.8695332050323487,0.009698207005858422,20.136563453674317,0.32226710945367815,192.63458587497007,6.315128374961205,198.95010070799617,50248.63532250095,2.595587898865296,7.917495422301239,0.09488627128303051,0.0730573944747448,0.0005510616465471685,0.8771049380302429,0.011220225607976317,0.07356734979897737,0.3329696321487427,0.06902876727283001,0.04834620747715235,0.0002311060525244102,0.5631144642829895,0.007842247132211924,0.05665655098855495,0.23639111578464508,True,1000042.0,U-TGV 200-to-300
257,0.0007267601103944798,0.0007157581354840658,31.872620468139647,0.8690832674503326,0.009698207005858422,20.136563453674317,0.32226710945367815,192.4174595840159,6.316487332980614,198.73485641699517,50447.448648500955,2.5985167930235735,7.915792016067589,0.09203743025660514,0.06958972372114658,0.0005657138535752892,0.8475853800773621,0.011674646027386189,0.07180832326412201,0.3188091963529587,0.06632295563817024,0.046496949642896655,0.00028550362912938,0.5367964506149292,0.0071454379800707105,0.05481681123375893,0.22741439133882524,True,1000042.0,U-TGV 200-to-300
258,0.00070666029291624,0.0007174574636155739,31.86662666320801,0.8685429525375367,0.009698207005858422,20.136563453674317,0.32226710945367815,192.06574854196515,6.315770749992225,198.38192033296218,50645.91237733397,2.603275200266919,7.916690136364045,0.09557227380573749,0.07051095761358737,0.0007993730832822621,0.9922682642936707,0.011958388006314635,0.07604955412447452,0.3228922769427299,0.0679122618585825,0.04654706437140703,0.00031491948175244033,0.5424182415008545,0.007717293752357364,0.05653455160558224,0.22609658271074295,True,1000042.0,U-TGV 200-to-300
259,0.0006595488921097968,0.0007152771629625931,31.876791725158693,0.8692915606498718,0.009698207005858422,20.136563453674317,0.32226710945367815,192.8815082500223,6.337373042013496,199.2193059999845,50845.212756958965,2.5922650882212923,7.889704404100238,0.09838752970099449,0.07600823387503625,0.0005018376396037638,0.8174788355827332,0.011149396942928434,0.07598955415189267,0.34328902304172515,0.06884391151368618,0.05000149667263031,0.0002928375906776637,0.571666419506073,0.006986676519736648,0.055824279859662054,0.2437347599864006,True,1000042.0,U-TGV 200-to-300
260,0.0007103722157878565,0.0007171962788561359,31.869506378173828,0.868418847322464,0.009698207005858422,20.136563453674317,0.32226710945367815,192.86571279197233,6.378093415987678,199.244728708989,51044.61009720899,2.5924773914547843,7.8393332833080285,0.10116646930575371,0.07521628901362419,0.0002739607298281044,0.904241681098938,0.0120003283303231,0.08033548578619958,0.34200847864151,0.06977840334177017,0.04875803675502539,0.00033639054163359106,0.677565336227417,0.007477009193971753,0.057720239460468295,0.236345993578434,True,1000042.0,U-TGV 200-to-300
261,0.0006927453346938819,0.0007162571931257844,31.872034187316896,0.8690339589118957,0.009698207005858422,20.136563453674317,0.32226710945367815,193.66031983296853,6.315197250049096,199.97594108298654,51244.665651875956,2.581840205733671,7.917409072157056,0.09293672442436218,0.06912695787847042,0.00038443724042735994,0.8730037808418274,0.011440231949090957,0.07349900171160698,0.3159807780385017,0.06795887120068073,0.04617990478873253,0.0003739152743946761,0.5115064978599548,0.008018488334491848,0.056606706082820896,0.22352298080921174,True,1000042.0,U-TGV 200-to-300
262,0.0006935224172448215,0.000716942201834172,31.86974994659424,0.8684108901023865,0.009698207005858422,20.136563453674317,0.32226710945367815,192.41275354201207,6.225219665968325,198.63837258302374,51443.383924000955,2.5985803476941993,8.031845088670066,0.09994131408631801,0.07477354258298874,0.0003323628625366837,0.851349949836731,0.011958655575290323,0.07856668643653393,0.33827285885810854,0.06879249073565007,0.04913657311350107,0.00029252853710204363,0.6199296712875366,0.006945204203948379,0.05641086019575596,0.23808269441127777,True,1000042.0,U-TGV 200-to-300
263,0.0007309403179947367,0.0007170826336368918,31.86448413848877,0.8699600064754486,0.009698207005858422,20.136563453674317,0.32226710945367815,192.48242483398644,6.3404105409863405,198.82377125002677,51642.286188875965,2.597639760779424,7.885924685284148,0.0910866166651249,0.07087035402655602,0.00039316510083153844,0.786008358001709,0.010723725305870175,0.06972815848886967,0.32295893132686615,0.06736186668276786,0.04691814891993999,0.0004077573830727488,0.5687700510025024,0.008120058532804252,0.05526188306510448,0.22990250170230866,True,1000042.0,U-TGV 200-to-300
264,0.000712467607191229,0.0007186584104783833,31.862476806640625,0.8675806868076325,0.009698207005858422,20.136563453674317,0.32226710945367815,192.67652437498327,6.2942198750097305,198.97115499997744,51841.336064209,2.595022936094227,7.943796211905086,0.10157169230282306,0.07441797822713853,0.00046629502321593463,0.7840168476104736,0.012513086767867207,0.08095601342618465,0.337883857190609,0.06817807294428349,0.04837869986891746,0.000260062312008813,0.5634865164756775,0.006889902595430613,0.05609384842216968,0.23331060796976089,True,1000042.0,U-TGV 200-to-300
265,0.0007050357920415991,0.0007185920549090952,31.862841186523436,0.8679222810268402,0.009698207005858422,20.136563453674317,0.32226710945367815,192.7022735410137,6.324290040996857,199.02697937499033,52040.440757958975,2.594676185247927,7.906025763505119,0.1010146714001894,0.07605598911643029,0.00018343780538998544,0.8489295244216919,0.01192632812075317,0.07915165089070797,0.34350832015275956,0.06987541057169437,0.04929338909685612,0.00018463960441295058,0.6625623106956482,0.006615701336413622,0.05797109082341194,0.23737559527158736,True,1000042.0,U-TGV 200-to-300
266,0.0007285185900859687,0.0007183718701708131,31.8632914352417,0.8680350577831268,0.009698207005858422,20.136563453674317,0.32226710945367815,192.29849791701417,6.35298054094892,198.65187225001864,52239.171122292,2.6001243141055292,7.870321603807667,0.10170043475925922,0.07656437397003174,0.000460243463749066,0.9957455992698669,0.012195784561336041,0.07978950329124927,0.3481042242050171,0.0710865943133831,0.049901494644582274,0.00030182304908521473,0.6317415833473206,0.0071312328986823555,0.05881726339459419,0.2401086863875389,True,1000042.0,U-TGV 200-to-300
267,0.0007142050712791388,0.0007228089706040919,31.839796447753905,0.8659440588951111,0.009698207005858422,20.136563453674317,0.32226710945367815,191.9591326660011,6.36752950004302,198.32725383300567,52437.57691300096,2.604721083367125,7.852338964375774,0.11232075564563275,0.08305464275181293,0.00022630101011600345,0.9311119914054871,0.012170758470892907,0.08993659466505051,0.37117246627807615,0.07386533625423908,0.05378566421568394,0.00025511597050353885,0.6936989426612854,0.006704259533435107,0.060012307316064835,0.2558927345275879,True,1000042.0,U-TGV 200-to-300
268,0.0007143285126530827,0.0007194317888934165,31.85569679260254,0.8674761724472045,0.009698207005858422,20.136563453674317,0.32226710945367815,192.66624983400106,6.329511959047522,198.99616041703848,52636.65364054195,2.595161323951621,7.899503203960152,0.10822869025170803,0.08138540454208851,0.00022950042330194265,1.0027211904525757,0.011509512905031443,0.08546652033925056,0.36189904034137726,0.07400302670896053,0.05234591886401176,0.0003324697900097817,0.5842559933662415,0.007655021855607629,0.06049250178039074,0.2505756539106369,True,1000042.0,U-TGV 200-to-300
269,0.000740496290527517,0.000715983139234595,31.87386817932129,0.868946692943573,0.009698207005858422,20.136563453674317,0.32226710945367815,193.05368354101665,6.336326458025724,199.3903945410275,52836.12475325097,2.5899531717237023,7.891007562697303,0.08845951423048973,0.06769054740667343,0.00039394880877807736,0.9952331781387329,0.011339513603597879,0.06835899412631989,0.3130001327395439,0.06590590193867683,0.045865794755518434,0.000296878773951903,0.6488449573516846,0.0073928083293139935,0.054640079885721206,0.222498359978199,True,1000042.0,U-TGV 200-to-300
270,0.0006941202590605826,0.0007204517049831338,31.846619644165038,0.8689085054397583,0.009698207005858422,20.136563453674317,0.32226710945367815,192.4688868750236,6.3466804579948075,198.81596145802177,53035.02325020899,2.5978224746769927,7.8781341412920565,0.10174291886389256,0.07922100856900215,0.0003201718209311366,1.0536035299301147,0.010154304774478078,0.078773395717144,0.35397484242916105,0.06537035785615444,0.04783196497708559,0.0002304043446201831,0.6325563192367554,0.0062945705838501455,0.05283812880516052,0.23133074939250947,True,1000042.0,U-TGV 200-to-300
271,0.0007198183770906326,0.0007160705467686057,31.87460594177246,0.8693699526786804,0.009698207005858422,20.136563453674317,0.32226710945367815,192.03360662498744,6.3696390420082025,198.40366916597122,53233.50609441695,2.6037109274129517,7.849738371396966,0.09840730473399162,0.07688618645071983,0.00046852571540512145,1.2480112314224243,0.011005949871614575,0.07567438125610351,0.350259085893631,0.06854464113712311,0.048763077855110165,0.0003695327613968402,0.6224871277809143,0.007099223248660564,0.05615944519639015,0.23545091927051545,True,1000042.0,U-TGV 200-to-300
272,0.0007009324920554718,0.0007174590264912695,31.86755100250244,0.8689371848106384,0.009698207005858422,20.136563453674317,0.32226710945367815,192.85694116697414,6.34949608403258,199.20745141699445,53432.79161945899,2.5925953039310294,7.87464065467143,0.10054386459290982,0.08130295805633068,0.00036594585981220007,0.9996647834777832,0.01078576747328043,0.07541091777384282,0.37079393714666364,0.07024048574268818,0.05009929642081261,0.0002707627136260271,0.6296881437301636,0.007063846280798316,0.05765417076647281,0.2432635349035263,True,1000042.0,U-TGV 200-to-300
273,0.0006619064629412605,0.0007197870302479714,31.850587730407714,0.8700936257839202,0.009698207005858422,20.136563453674317,0.32226710945367815,192.73896120802965,6.284849000046961,199.02422474999912,53631.89726770896,2.5941822912510832,7.955640620741468,0.09572011023759842,0.07746544532477856,0.00038221655995585024,1.0015192031860352,0.009768063332885504,0.07199105963110924,0.3482325664162636,0.06873045548796654,0.04959307868033647,0.00026531756157055497,0.6638429164886475,0.007269730102270841,0.05567074038088322,0.2399006173014641,True,1000042.0,U-TGV 200-to-300
274,0.0006709022792426822,0.0007163008936913684,31.87485752105713,0.8686401641368866,0.009698207005858422,20.136563453674317,0.32226710945367815,192.6170898330165,6.326840666006319,198.94433362502605,53830.92099991697,2.5958236646263306,7.902838500208575,0.10296933144330979,0.08117603316903114,0.00036486503086052835,1.1660174131393433,0.011333484388887882,0.07843931488692761,0.36750974774360656,0.06818462207913399,0.05041437923908234,0.0001895180466817692,0.7304589152336121,0.006471058423630893,0.05508582562208176,0.24408511221408843,True,1000042.0,U-TGV 200-to-300
275,0.0006864233581582084,0.000716010959004052,31.876661376953123,0.8681633770465851,0.009698207005858422,20.136563453674317,0.32226710945367815,192.337604750006,6.166916166024748,198.50493033399107,54029.50433608395,2.5995956466749357,8.107780072552934,0.10443391159176826,0.07801613666117191,9.19038793654181e-05,0.9591782689094543,0.011038302090018987,0.08302057281136513,0.35060730695724485,0.06995879784226418,0.049666119776666164,0.0002626305213198066,0.7570125460624695,0.006991863762959838,0.05758502580225468,0.2378965711593628,True,1000042.0,U-TGV 200-to-300
276,0.0006944762374942002,0.0007168548894696869,31.86972381591797,0.8681323421001435,0.009698207005858422,20.136563453674317,0.32226710945367815,192.04159537499072,6.356601333012804,198.39876920799725,54227.978868416976,2.6036026154837613,7.865838579545112,0.11100454092025756,0.08595459558069705,0.00037526918458752334,0.9727687239646912,0.01123411270789802,0.08629833146929741,0.3822525668144226,0.07145012527704239,0.0531874168291688,0.0002150724467355758,0.6882140040397644,0.006465466842055321,0.057455636858940125,0.25470137268304827,True,1000042.0,U-TGV 200-to-300
277,0.0007178442984868525,0.0007176809912198223,31.869206657409666,0.8680872571468353,0.009698207005858422,20.136563453674317,0.32226710945367815,192.81367158400826,6.3398513330030255,199.15393054200104,54427.21713504195,2.5931771118322993,7.886620265008056,0.09929385639727116,0.07642706960439682,0.00013191340258345008,1.0116039514541626,0.011242423411458731,0.07687346287071704,0.3470713371038437,0.07071236230432987,0.04994569830596447,0.0002599672006908804,0.6569237112998962,0.006881227036938071,0.058658797293901443,0.24091022580862045,True,1000042.0,U-TGV 200-to-300
278,0.0007274637958644234,0.000718764194753021,31.86370491027832,0.8675816345214844,0.009698207005858422,20.136563453674317,0.32226710945367815,192.81963058304973,6.316961582982913,199.13699329202063,54626.431129459,2.5930969709261213,7.9151977328299115,0.1119176209717989,0.08666401125490665,0.00012041230365866795,1.061194658279419,0.011092242104932665,0.08721134819090366,0.38572786152362826,0.07324039973318577,0.05435516245663166,0.00028614551411010325,0.6269786953926086,0.006270557017996907,0.05915582500398159,0.2585981836915016,True,1000042.0,U-TGV 200-to-300
279,0.0006967308535986376,0.0007164638402173296,31.87152233123779,0.8687658500671387,0.009698207005858422,20.136563453674317,0.32226710945367815,192.61361337499693,6.344907457998488,198.95890620799037,54825.468671376,2.5958705163095432,7.880335581091766,0.10542690120637417,0.08136174201965332,0.00015662556688766927,0.9479716420173645,0.011503239311277867,0.08155160687863827,0.3649303635954857,0.0679627988487482,0.049123079739511015,0.0002625829656608403,0.5920259952545166,0.006526292585767805,0.055459279492497446,0.23727501034736634,True,1000042.0,U-TGV 200-to-300
280,0.0007042512898967744,0.0007160568883409724,31.877251510620116,0.8688268518447876,0.009698207005858422,20.136563453674317,0.32226710945367815,192.10103658301523,6.3279191670008,198.42936645797454,55023.978733166994,2.6027969910715614,7.901491577317058,0.0977702172100544,0.07565476790070534,0.00016350485384464264,0.8830879330635071,0.010920156268402934,0.07514054149389267,0.34267662405967714,0.06927820928394794,0.04857852932065725,0.00023221212904900312,0.5904194712638855,0.007000442091375589,0.05743217572569847,0.23557690411806106,True,1000042.0,U-TGV 200-to-300
281,0.0007031415993142218,0.0007179434702266008,31.86752250671387,0.8683897972106933,0.009698207005858422,20.136563453674317,0.32226710945367815,192.53029695898294,6.335916125040967,198.8666087089805,55222.99830075097,2.596993864848819,7.891518608080802,0.10453790105879307,0.08002126701176167,0.0004939496284350753,0.9327487349510193,0.011420608600601553,0.08132865495979785,0.35882756680250166,0.069570202678442,0.05028551302850246,0.00018198610632680357,0.586162269115448,0.0061973393894732,0.05710212044417858,0.24032359570264816,True,1000042.0,U-TGV 200-to-300
282,0.0007070414843378784,0.0007185381738236174,31.86456413269043,0.86747425198555,0.009698207005858422,20.136563453674317,0.32226710945367815,192.8759245830006,6.297010999987833,199.17356508300873,55422.25410762598,2.592340133072618,7.940275155958376,0.10884170331060887,0.08241209298372269,0.00034711844637058675,0.9597253799438477,0.01163431528955698,0.08553283065557479,0.36938971787691116,0.06945085749030114,0.04956576339900494,0.00023311602126341313,0.5871524214744568,0.0063679908961057664,0.05741041228175163,0.23592339903116227,True,1000042.0,U-TGV 200-to-300
283,0.0007090319346939396,0.0007161151125910692,31.875247230529784,0.869190092086792,0.009698207005858422,20.136563453674317,0.32226710945367815,192.63761166704353,6.352495750004891,198.99050316703506,55621.326986417,2.595547129520087,7.87092222768689,0.10235556267201901,0.08036533169448376,0.0005134373204782605,0.9654420018196106,0.010857518007978796,0.07824857570230961,0.36100163459777834,0.06945936568081379,0.05028150431811809,0.0002750068961177021,0.5652720332145691,0.007041061520576477,0.05655963867902756,0.24261680692434312,True,1000042.0,U-TGV 200-to-300
284,0.0007030187124303211,0.0007223546042223461,31.834030265808106,0.8695635569095611,0.009698207005858422,20.136563453674317,0.32226710945367815,192.16541279200464,6.310941957985051,198.4767453329987,55819.882278250996,2.6019250433020864,7.922747560169913,0.10075260289013385,0.08149202980101108,0.0001290561049245298,0.9327535033226013,0.009147371323779225,0.07606332205235958,0.36225072473287584,0.06737156942486763,0.05054077945649624,0.0002836611238308251,0.5964428782463074,0.006442963294684887,0.05366460047662258,0.24161093980073928,True,1000042.0,U-TGV 200-to-300
285,0.0007110626960593436,0.000718274571117945,31.864576148986817,0.8678550720214844,0.009698207005858422,20.136563453674317,0.32226710945367815,191.88177404203452,6.313022082962561,198.19525724998675,56018.15772037598,2.6057711968540986,7.9201370346761255,0.10766510993242263,0.08226535223424435,0.00017362057405989617,0.8936334848403931,0.0113318922650069,0.08415819451212883,0.37042809665203097,0.07160708107054234,0.05226824413985014,0.00029290892416611314,0.6066042184829712,0.006528444541618228,0.058339887410402295,0.24808445274829866,True,1000042.0,U-TGV 200-to-300
286,0.0006857788685508694,0.000713709288102109,31.889141960144045,0.8695175409317016,0.009698207005858422,20.136563453674317,0.32226710945367815,192.62961779203033,6.3102720840252005,198.9405140830204,56217.176652958966,2.5956548413018057,7.923588608259498,0.10162277929484845,0.0790520040690899,0.0002532491344027221,0.7404601573944092,0.010441999165341258,0.07837979264557361,0.3554312917590141,0.06848833687603474,0.049475409165024756,0.0002612394455354661,0.6151828169822693,0.006451785508543253,0.056041326522827145,0.23715463668107986,True,1000042.0,U-TGV 200-to-300
287,0.0007118397814183481,0.000716199429880362,31.872456588745116,0.8686270081996917,0.009698207005858422,20.136563453674317,0.32226710945367815,192.96574395895004,6.378648374986369,199.34478012495674,56416.684926583956,2.5911334817353175,7.838651240923254,0.10865179471671581,0.08582252360880376,0.00014152044604998082,1.0752804279327393,0.01116182436235249,0.08276371397078038,0.38148935079574586,0.06706193022429943,0.05063000433146954,0.00018657911277841777,0.6418308615684509,0.005517372563481331,0.0538629225641489,0.2429308095574379,True,1000042.0,U-TGV 200-to-300
288,0.0006861792735453491,0.0007160723803099245,31.877075386047363,0.8685051488876343,0.009698207005858422,20.136563453674317,0.32226710945367815,193.29402070801007,6.347290083009284,199.64240816701204,56616.411460542,2.586732885831476,7.877377486471318,0.10372413471341133,0.08219383239746093,0.00019113620510324836,1.0421684980392456,0.010434902729466558,0.07926376059651374,0.36957582145929335,0.06966557443141937,0.051271500028669835,0.00019306369358673692,0.624239981174469,0.006175889032892883,0.05670837923884392,0.24515683323144913,True,1000042.0,U-TGV 200-to-300
289,0.000696101705183537,0.0007147501021972858,31.88478401184082,0.869162495136261,0.009698207005858422,20.136563453674317,0.32226710945367815,192.09370570798637,6.395335332956165,198.48949720797827,56814.98238975095,2.6028963216529397,7.818198326887124,0.10596076637506485,0.08262995444238186,6.909367220941931e-05,1.0396031141281128,0.010462581785395742,0.08165049031376839,0.36893005549907687,0.06961148455739022,0.05075820866972208,0.0002084941224893555,0.6229583621025085,0.006486082533374429,0.05667670451104641,0.24302271872758865,True,1000042.0,U-TGV 200-to-300
290,0.000709943572010161,0.0007151978751062416,31.879972610473633,0.8695490491390229,0.009698207005858422,20.136563453674317,0.32226710945367815,192.7252916250145,6.3627106249914505,199.08860529202502,57014.15217829199,2.594366290921742,7.85828602728058,0.1035970900207758,0.08143778704106808,0.0002466257428750396,0.9005339741706848,0.010261804899200797,0.07942422017455102,0.3634214395284653,0.06704659521579742,0.048794257380068304,0.00021266956173349172,0.60883629322052,0.0065152304153889415,0.054483807235956194,0.23352263182401656,True,1000042.0,U-TGV 200-to-300
291,0.0007149432785327008,0.0007230063111637719,31.844908981323243,0.8667861008644104,0.009698207005858422,20.136563453674317,0.32226710945367815,192.76714966696454,6.34656554099638,199.11409904196626,57213.349286791985,2.5938029423780367,7.878276790339463,0.10644393339753151,0.08081988207995891,0.0003917877038475126,0.9863037467002869,0.011909087542444468,0.08286381416022777,0.36342152416706086,0.07288890480995178,0.05175411604344845,0.00021459662821143866,0.622386634349823,0.007178820073604584,0.06004151478409767,0.24782297670841216,True,1000042.0,U-TGV 200-to-300
292,0.0007043874150194824,0.000717932091502007,31.867289276123046,0.8677974665164947,0.009698207005858422,20.136563453674317,0.32226710945367815,192.64796770899557,6.351374625053722,198.99975991703104,57412.428209166974,2.5954076025098543,7.872311578468272,0.11024945288896561,0.08305663131177425,0.00035203646984882653,1.1587492227554321,0.011610563909634948,0.08695447392761707,0.37142527014017107,0.06972297750413418,0.050196036994457245,0.00022534947493113577,0.6316459774971008,0.00678582226857543,0.05708239421248436,0.2397882503271103,True,1000042.0,U-TGV 200-to-300
293,0.0007390557417115815,0.0007176976790651679,31.86499294281006,0.8695535278320312,0.009698207005858422,20.136563453674317,0.32226710945367815,192.32107833301416,6.196816915995441,198.51831858302467,57611.030689376,2.5998190335342413,8.068658583560577,0.08591783627867698,0.06710464797914029,0.0004723224847111851,1.2408448457717896,0.010516087207943201,0.06557924717664719,0.3092819312214851,0.06413550183176994,0.043517615236341955,0.0002489327162038535,0.5875244140625,0.0074998997338116165,0.05396440140902996,0.21174310207366942,True,1000042.0,U-TGV 200-to-300
294,0.0007144528793010068,0.0007159432626212947,31.879994888305664,0.8690040540695191,0.009698207005858422,20.136563453674317,0.32226710945367815,192.34457729198039,6.350122540956363,198.6950857079937,57809.80572320899,2.5995014106428203,7.873863799873967,0.11263694554567337,0.08855259843170643,0.00020086845324840397,1.1244103908538818,0.010924840196967125,0.0865358266979456,0.3931982523202896,0.07100105948746205,0.05208369180560112,0.00023281869653146714,0.663512110710144,0.006767186243087054,0.05754180163145065,0.24886120706796647,True,1000042.0,U-TGV 200-to-300
295,0.0006919444150275922,0.0007176092118606903,31.868476219177246,0.867353732585907,0.009698207005858422,20.136563453674317,0.32226710945367815,193.04722820897587,6.405601083009969,199.45375262497691,58009.34286141698,2.590039777513636,7.805668718993219,0.1183580382168293,0.09072742961347104,9.804924775380641e-05,1.118089199066162,0.01095522804185748,0.09319797925651073,0.40072106540203095,0.07203412368893623,0.05403378330171108,0.0001800108002498746,0.6476518511772156,0.0059614934027194975,0.05793977551162243,0.25532161712646484,True,1000042.0,U-TGV 200-to-300
296,0.0006833652427849302,0.0007182132481830195,31.867217903137206,0.8686304211616516,0.009698207005858422,20.136563453674317,0.32226710945367815,193.14439249999123,6.382997165957931,199.52783145802096,58208.95664800098,2.5887368177153927,7.833310700287022,0.10371938675642013,0.08126266501843929,0.00013371107343118638,0.9591315388679504,0.010733888577669859,0.07943341471254825,0.36358810544013975,0.06781954765319824,0.04930287834256888,0.0002638908044900745,0.5877653360366821,0.006459783287718892,0.05544227361679077,0.23679507464170457,True,1000042.0,U-TGV 200-to-300
297,0.0007046131399988554,0.0007157638602075167,31.874166145324708,0.8701405620574951,0.009698207005858422,20.136563453674317,0.32226710945367815,192.46567991701886,6.384114916028921,198.85040225001285,58407.88956691697,2.5978657608752576,7.831939220652571,0.1024218137562275,0.08367548957467079,7.379907765425742e-05,0.99232417345047,0.009624277520924807,0.07632458083331585,0.3718748068809509,0.0663436059653759,0.048534127585589885,0.00016717043763492256,0.6242052912712097,0.006280328431166708,0.05395537793636322,0.23359719067811965,True,1000042.0,U-TGV 200-to-300
298,0.0006777122076164232,0.0007200460426975042,31.855057182312013,0.8672873628139496,0.009698207005858422,20.136563453674317,0.32226710945367815,192.0950005830382,6.369683625001926,198.46508741698926,58606.43710487598,2.60287877603489,7.849683429133402,0.11129912510514259,0.0855828108638525,0.00013760394358541816,0.9640078544616699,0.01083602400496602,0.0869923985004425,0.38070597529411315,0.07206888563930988,0.052356307469308375,0.00029369338881224394,0.6425763964653015,0.006617191843688488,0.05899615406990051,0.24869263797998428,True,1000042.0,U-TGV 200-to-300
299,0.0007051779809394247,0.000715350772079546,31.879747886657714,0.8696627295017243,0.009698207005858422,20.136563453674317,0.32226710945367815,192.90728016605135,6.343620625033509,199.25129595800536,58805.76956800098,2.591918768278773,7.881934143836965,0.10541760466992856,0.08253199972212315,5.57267339900136e-05,0.969170868396759,0.009775989362969995,0.08148753680288792,0.3667459374666214,0.06792005091905594,0.05011656939983368,0.000234971332247369,0.6217960715293884,0.006535222437232733,0.05482936777174473,0.23930236965417861,True,1000042.0,U-TGV 200-to-300
300,0.0007094964374700794,0.0007161164775607176,31.87790870666504,0.8694647216796875,0.009698207005858422,20.136563453674317,0.32226710945367815,192.92728308402002,6.365900375007186,199.29359979199944,59005.14439625095,2.5916500352220764,7.854348490325465,0.10133727706968784,0.08149618662893772,6.314906204352155e-05,1.158178687095642,0.010450363932177425,0.07597756221890449,0.3647231388092041,0.06818650431931018,0.049974434226751324,0.00024196415324695408,0.6616710424423218,0.006581898266449571,0.05548043578863144,0.24166960120201111,True,1000042.0,U-TGV 200-to-300
